time,phase,along_m,cross_m,elevation_m,agl_m,height_ft,ias,eas,groundspeed_kt,pitch,bank,alpha,vy,gamma,gamma_cmd,h_cmd,yoke,roll,rudder,speedbrake,speedbrake_actual,Q,mass,nz,main_wow,nose_wow,gear_cmd,gear0,gear1,gear2,chute,brakes,derotating,local_vy
0.003746,1.000000,-8483.588867,-11.120764,2965.402299,2265.489014,7433.715820,0.004152,0.000000,325.841886,-12.000010,-0.000031,7.990575,-62.312748,-20.391779,-20.544558,2255.737793,-0.025145,0.048274,-0.000015,0.000000,0.000000,-0.004675,83461.023438,1.709828,0.000000,0.000000,0.000000,0.000000,0.000000,0.000000,0.000000,0.000000,0.000000,-61.136978
0.060205,1.000000,-8474.614258,-11.100892,2961.898314,2261.984131,7422.828613,2.004000,298.617554,326.065706,-12.005690,0.018707,7.845617,-61.915920,-20.259733,-20.541391,2252.471436,-0.077105,0.019963,0.000360,0.028229,0.001320,-0.207073,83461.023438,1.783873,0.000000,0.000000,0.000000,0.000000,0.000000,0.000000,0.000000,0.000000,0.000000,-60.717152
0.113607,1.000000,-8465.587891,-11.081192,2958.606357,2258.691895,7411.922852,6.618845,298.603577,326.285996,-12.024916,0.043717,7.688732,-61.496777,-20.121128,-20.538939,2249.186035,-0.117566,0.017129,0.000325,0.054930,0.005265,-0.506269,83461.023438,1.803727,0.000000,0.000000,0.000000,0.000000,0.000000,0.000000,0.000000,0.000000,0.000000,-60.299896
0.164494,1.000000,-8457.141602,-11.063010,2955.490255,2255.574951,7401.793945,12.973901,298.583588,326.486147,-12.059678,0.067580,7.522067,-61.099918,-19.990314,-20.537903,2246.111816,-0.146092,0.016470,0.000250,0.080374,0.011186,-0.844119,83461.023438,1.797277,0.000000,0.000000,0.000000,0.000000,0.000000,0.000000,0.000000,0.000000,0.000000,-59.898949
0.217604,1.000000,-8448.192383,-11.043990,2952.259618,2252.343506,7391.141113,21.201874,298.561432,326.690450,-12.115105,0.091807,7.331530,-60.686008,-19.854068,-20.538120,2242.854492,-0.169875,0.016038,0.000168,0.106929,0.019378,-1.222069,83461.023438,1.776172,0.000000,0.000000,0.000000,0.000000,0.000000,0.000000,0.000000,0.000000,0.000000,-59.487732
0.268622,1.000000,-8439.606445,-11.025959,2949.176417,2249.260010,7380.996094,30.270842,298.541656,326.877994,-12.187539,0.114372,7.133708,-60.301643,-19.727611,-20.539577,2239.729492,-0.186634,0.015654,0.000091,0.132438,0.029003,-1.593793,83461.023438,1.742457,0.000000,0.000000,0.000000,0.000000,0.000000,0.000000,0.000000,0.000000,0.000000,-59.105988
0.319282,1.000000,-8431.126953,-11.008341,2946.133614,2246.216309,7371.046387,40.113113,298.526459,327.054476,-12.278108,0.136124,6.924690,-59.940250,-19.608654,-20.542166,2236.643311,-0.198059,0.015274,0.000016,0.157768,0.040091,-1.956666,83461.023438,1.699965,0.000000,0.000000,0.000000,0.000000,0.000000,0.000000,0.000000,0.000000,0.000000,-58.745567
0.370211,1.000000,-8422.568359,-10.990726,2943.092223,2243.174316,7361.067871,50.603535,298.521515,327.222207,-12.386592,0.157379,6.708427,-59.607521,-19.498801,-20.545847,2233.528320,-0.168587,0.014858,-0.000059,0.183232,0.052624,-2.264511,83461.023438,1.599449,0.000000,0.000000,0.000000,0.000000,0.000000,0.000000,0.000000,0.000000,0.000000,-58.418827
0.425928,1.000000,-8413.100586,-10.971414,2939.782216,2239.863525,7350.096191,62.518726,298.537903,327.392459,-12.519601,0.179988,6.475774,-59.298996,-19.396098,-20.551033,2230.082275,-0.145733,0.014392,-0.000139,0.211091,0.067773,-2.480655,83461.023438,1.498820,0.000000,0.000000,0.000000,0.000000,0.000000,0.000000,0.000000,0.000000,0.000000,-58.119194
0.482417,1.000000,-8403.759766,-10.952515,2936.441905,2236.540039,7339.329102,74.848633,298.568970,327.545657,-12.663996,0.202237,6.245529,-59.042797,-19.310152,-20.557106,2226.682373,-0.132538,0.013946,-0.000216,0.239335,0.084502,-2.612741,83461.023438,1.421677,0.000000,0.000000,0.000000,0.000000,0.000000,0.000000,0.000000,0.000000,0.000000,-57.862965
0.534073,1.000000,-8395.057617,-10.935025,2933.399089,2233.509766,7329.341797,86.183922,298.606720,327.676164,-12.801085,0.222001,6.040472,-58.837463,-19.240842,-20.563494,2223.515137,-0.126118,0.013560,-0.000280,0.265163,0.100881,-2.684403,83461.023438,1.364559,0.000000,0.000000,0.000000,0.000000,0.000000,0.000000,0.000000,0.000000,0.000000,-57.661308
0.588028,1.000000,-8385.958984,-10.916842,2930.231197,2230.354980,7318.938965,97.955734,298.652344,327.800769,-12.947275,0.242056,5.832043,-58.650440,-19.177398,-20.570827,2220.203613,-0.123053,0.013179,-0.000340,0.292141,0.118974,-2.727687,83461.023438,1.314971,0.000000,0.000000,0.000000,0.000000,0.000000,0.000000,0.000000,0.000000,0.000000,-57.477524
0.642503,1.000000,-8376.787109,-10.898605,2927.042135,2227.178955,7308.486816,109.659554,298.702026,327.914399,-13.096604,0.261699,5.627580,-58.485760,-19.121322,-20.578800,2216.865234,-0.122343,0.012857,-0.000401,0.319379,0.138166,-2.750808,83461.023438,1.272114,0.000000,0.000000,0.000000,0.000000,0.000000,0.000000,0.000000,0.000000,0.000000,-57.315315
0.696678,1.000000,-8367.652344,-10.880527,2923.878799,2224.028809,7298.108887,121.031631,298.753632,328.016195,-13.245979,0.280597,5.430102,-58.342308,-19.072323,-20.587275,2213.540527,-0.123060,0.012538,-0.000471,0.346466,0.158080,-2.761594,83461.023438,1.234226,0.000000,0.000000,0.000000,0.000000,0.000000,0.000000,0.000000,0.000000,0.000000,-57.174202
0.749872,1.000000,-8358.802734,-10.863084,2920.779664,2220.942627,7288.080078,131.873611,298.805237,328.104672,-13.393011,0.298597,5.241724,-58.220848,-19.030714,-20.595907,2210.319336,-0.124579,0.012195,-0.000529,0.373063,0.178354,-2.765249,83461.023438,1.200438,0.000000,0.000000,0.000000,0.000000,0.000000,0.000000,0.000000,0.000000,0.000000,-57.053257
0.802630,1.000000,-8349.908203,-10.845613,2917.711831,2217.887207,7278.023438,142.263412,298.857574,328.183600,-13.538902,0.315936,5.060148,-58.114662,-18.994255,-20.604977,2207.082031,-0.126572,0.011862,-0.000579,0.399442,0.199096,-2.764792,83461.023438,1.169038,0.000000,0.000000,0.000000,0.000000,0.000000,0.000000,0.000000,0.000000,0.000000,-56.949123
0.853976,1.000000,-8341.081055,-10.828321,2914.730984,2214.918701,7268.060547,151.994720,298.909729,328.252383,-13.680799,0.332334,4.888294,-58.023911,-18.963024,-20.614275,2203.869385,-0.128794,0.011547,-0.000620,0.411841,0.219531,-2.762032,83461.023438,1.139961,0.000000,0.000000,0.000000,0.000000,0.000000,0.000000,0.000000,0.000000,0.000000,-56.861893
0.906746,1.000000,-8332.278320,-10.811119,2911.671754,2211.872314,7258.143066,161.584702,298.961365,328.311764,-13.826445,0.348713,4.716515,-57.947132,-18.936540,-20.623848,2200.665283,-0.131221,0.011233,-0.000656,0.413648,0.238934,-2.758079,83461.023438,1.111799,0.000000,0.000000,0.000000,0.000000,0.000000,0.000000,0.000000,0.000000,0.000000,-56.785961
0.961795,1.000000,-8323.149414,-10.793312,2908.484269,2208.697998,7247.871582,171.129349,299.015228,328.364085,-13.978153,0.365301,4.542350,-57.881351,-18.913773,-20.634012,2197.342773,-0.133775,0.010918,-0.000688,0.415533,0.257297,-2.753868,83461.023438,1.083541,0.000000,0.000000,0.000000,0.000000,0.000000,0.000000,0.000000,0.000000,0.000000,-56.720974
1.025212,1.000000,-8314.075195,-10.775638,2904.816169,2205.044922,7237.673340,181.548889,299.069000,328.407301,-14.152639,0.383797,4.347829,-57.829487,-18.895718,-20.644323,2194.040039,-0.136676,0.010575,-0.000718,0.417415,0.276349,-2.749480,83461.023438,1.053761,0.000000,0.000000,0.000000,0.000000,0.000000,0.000000,0.000000,0.000000,0.000000,-56.663364
1.077944,1.000000,-8303.396484,-10.754862,2901.768444,2202.010010,7225.684570,189.706314,299.132202,328.447461,-14.297556,0.398700,4.190941,-57.785027,-18.880075,-20.656668,2190.153320,-0.138941,0.010283,-0.000738,0.419627,0.290625,-2.747126,83461.023438,1.025963,0.000000,0.000000,0.000000,0.000000,0.000000,0.000000,0.000000,0.000000,0.000000,-56.629391
1.129352,1.000000,-8294.680664,-10.737916,2898.798645,2199.052490,7215.905273,197.236237,299.184387,328.471961,-14.438741,0.412814,4.042058,-57.762005,-18.871777,-20.666861,2186.980957,-0.141052,0.010015,-0.000754,0.421453,0.303348,-2.745679,83461.023438,1.001400,0.000000,0.000000,0.000000,0.000000,0.000000,0.000000,0.000000,0.000000,0.000000,-56.608074
1.183573,1.000000,-8285.467773,-10.720010,2895.667187,2195.934326,7205.573242,204.732635,299.240173,328.490232,-14.587596,0.427284,3.889228,-57.750214,-18.867222,-20.677719,2183.627686,-0.143167,0.009741,-0.000768,0.423406,0.315611,-2.745100,83461.023438,0.976033,0.000000,0.000000,0.000000,0.000000,0.000000,0.000000,0.000000,0.000000,0.000000,-56.597965
1.235922,1.000000,-8276.750000,-10.703067,2892.644044,2192.923828,7195.797363,211.551239,299.293060,328.500613,-14.731312,0.440855,3.745608,-57.750633,-18.866796,-20.688026,2180.454590,-0.145111,0.009486,-0.000778,0.425257,0.326441,-2.745370,83461.023438,0.952277,0.000000,0.000000,0.000000,0.000000,0.000000,0.000000,0.000000,0.000000,0.000000,-56.599949
1.288431,1.000000,-8267.896484,-10.685853,2889.611249,2189.903809,7185.868164,217.986755,299.347748,328.504440,-14.875494,0.454092,3.605325,-57.762344,-18.870147,-20.698484,2177.232178,-0.146960,0.009243,-0.000787,0.427171,0.336408,-2.746454,83461.023438,0.928831,0.000000,0.000000,0.000000,0.000000,0.000000,0.000000,0.000000,0.000000,0.000000,-56.613304
1.340041,1.000000,-8259.234375,-10.669004,2886.629408,2186.934326,7176.150879,223.931076,299.402130,328.501948,-15.017287,0.466734,3.470983,-57.784580,-18.877030,-20.708689,2174.079590,-0.148689,0.009011,-0.000796,0.429075,0.345422,-2.748234,83461.023438,0.906312,0.000000,0.000000,0.000000,0.000000,0.000000,0.000000,0.000000,0.000000,0.000000,-56.637283
1.390752,1.000000,-8250.566406,-10.652131,2883.698036,2184.015137,7166.421875,229.417862,299.457520,328.493406,-15.156713,0.478819,3.342314,-57.817299,-18.887417,-20.718821,2170.924561,-0.150301,0.008786,-0.000802,0.431013,0.353598,-2.750658,83461.023438,0.884466,0.000000,0.000000,0.000000,0.000000,0.000000,0.000000,0.000000,0.000000,0.000000,-56.671131
1.441123,1.000000,-8242.089844,-10.635618,2880.784367,2181.113770,7156.901855,234.535263,299.512299,328.479376,-15.295343,0.490506,3.217657,-57.859203,-18.900885,-20.728647,2167.839355,-0.151825,0.008569,-0.000807,0.432930,0.361120,-2.753651,83461.023438,0.863348,0.000000,0.000000,0.000000,0.000000,0.000000,0.000000,0.000000,0.000000,0.000000,-56.714626
1.492672,1.000000,-8233.557617,-10.618981,2877.800030,2178.141846,7147.311523,239.444916,299.568024,328.459919,-15.437387,0.502150,3.093220,-57.911076,-18.917666,-20.738426,2164.733887,-0.153312,0.008354,-0.000810,0.434880,0.368263,-2.757241,83461.023438,0.842331,0.000000,0.000000,0.000000,0.000000,0.000000,0.000000,0.000000,0.000000,0.000000,-56.769100
1.543418,1.000000,-8224.959961,-10.602195,2874.859194,2175.213135,7137.636719,243.969147,299.625458,328.434915,-15.577415,0.513305,2.973738,-57.972977,-18.937786,-20.748110,2161.604736,-0.152849,0.008146,-0.000812,0.436891,0.374801,-2.761259,83461.023438,0.821871,0.000000,0.000000,0.000000,0.000000,0.000000,0.000000,0.000000,0.000000,0.000000,-56.832382
1.594732,1.000000,-8216.318359,-10.585302,2871.881791,2172.248291,7127.900879,248.248123,299.685516,328.402941,-15.718730,0.524292,2.858544,-58.049988,-18.962862,-20.757677,2158.459473,-0.141810,0.007932,-0.000813,0.438993,0.380968,-2.741597,83461.023438,0.779239,0.000000,0.000000,0.000000,0.000000,0.000000,0.000000,0.000000,0.000000,0.000000,-56.912731
1.648986,1.000000,-8207.057617,-10.567175,2868.728739,2169.108154,7117.449219,252.466888,299.754211,328.359666,-15.865965,0.535601,2.745515,-58.153603,-18.996609,-20.767651,2155.088623,-0.131496,0.007710,-0.000813,0.441397,0.387063,-2.684326,83461.023438,0.741326,0.000000,0.000000,0.000000,0.000000,0.000000,0.000000,0.000000,0.000000,0.000000,-57.017918
1.703983,1.000000,-8197.864258,-10.549152,2865.526173,2165.918701,7107.050781,256.440186,299.826050,328.308679,-16.011171,0.546740,2.640764,-58.274483,-19.036000,-20.777201,2151.742676,-0.122478,0.007496,-0.000813,0.443912,0.392856,-2.597602,83461.023438,0.709760,0.000000,0.000000,0.000000,0.000000,0.000000,0.000000,0.000000,0.000000,0.000000,-57.142254
1.756652,1.000000,-8189.054688,-10.531859,2862.452383,2162.857666,7097.063965,259.975342,299.897339,328.253302,-16.145164,0.557100,2.550062,-58.404335,-19.078340,-20.785997,2148.536133,-0.114793,0.007300,-0.000810,0.446407,0.398091,-2.494614,83461.023438,0.685024,0.000000,0.000000,0.000000,0.000000,0.000000,0.000000,0.000000,0.000000,0.000000,-57.275215
1.810911,1.000000,-8179.715820,-10.513502,2859.278159,2159.696533,7086.448242,263.359070,299.975433,328.188731,-16.277124,0.567469,2.466468,-58.554043,-19.127185,-20.794878,2145.137207,-0.107001,0.007104,-0.000807,0.449140,0.403200,-2.374698,83461.023438,0.662578,0.000000,0.000000,0.000000,0.000000,0.000000,0.000000,0.000000,0.000000,0.000000,-57.423687
1.862520,1.000000,-8171.074219,-10.496492,2856.251259,2156.681885,7076.597656,266.348297,300.049255,328.124249,-16.396305,0.577035,2.396314,-58.702068,-19.175506,-20.802662,2141.991943,-0.100663,0.006924,-0.000802,0.451724,0.407831,-2.250632,83461.023438,0.645858,0.000000,0.000000,0.000000,0.000000,0.000000,0.000000,0.000000,0.000000,0.000000,-57.574100
1.915243,1.000000,-8162.239258,-10.479078,2853.150817,2153.594238,7066.497559,269.186676,300.125946,328.054427,-16.511269,0.586521,2.333822,-58.860775,-19.227341,-20.810154,2138.776123,-0.094610,0.006749,-0.000796,0.454408,0.412358,-2.118064,83461.023438,0.631913,0.000000,0.000000,0.000000,0.000000,0.000000,0.000000,0.000000,0.000000,0.000000,-57.735004
1.968228,1.000000,-8153.324707,-10.461483,2850.026274,2150.482178,7056.275391,271.833771,300.204132,327.980661,-16.619654,0.595756,2.280122,-59.027039,-19.281666,-20.817223,2135.531494,-0.088816,0.006579,-0.000789,0.457145,0.416723,-1.981220,83461.023438,0.621231,0.000000,0.000000,0.000000,0.000000,0.000000,0.000000,0.000000,0.000000,0.000000,-57.902626
2.024993,1.000000,-8144.354980,-10.443751,2846.668809,2147.138184,7045.957031,274.457550,300.283783,327.903691,-16.727640,0.605326,2.232383,-59.199142,-19.337920,-20.823799,2132.266846,-0.084708,0.006405,-0.000781,0.459933,0.421219,-1.832880,83461.023438,0.612854,0.000000,0.000000,0.000000,0.000000,0.000000,0.000000,0.000000,0.000000,0.000000,-58.087234
2.078973,1.000000,-8134.523438,-10.424284,2843.466303,2143.948486,7034.608398,276.761169,300.371979,327.816964,-16.822573,0.614115,2.195864,-59.391605,-19.400850,-20.830393,2128.688477,-0.077148,0.006236,-0.000772,0.463019,0.425340,-1.692499,83461.023438,0.605584,0.000000,0.000000,0.000000,0.000000,0.000000,0.000000,0.000000,0.000000,0.000000,-58.266163
2.134557,1.000000,-8125.372070,-10.406133,2840.158468,2140.654053,7024.007324,278.953217,300.454315,327.734358,-16.912374,0.622851,2.167089,-59.573723,-19.460413,-20.835928,2125.357666,-0.072687,0.006073,-0.000763,0.465902,0.429452,-1.548396,83461.023438,0.602405,0.000000,0.000000,0.000000,0.000000,0.000000,0.000000,0.000000,0.000000,0.000000,-58.453053
2.191179,1.000000,-8115.760742,-10.387035,2836.778169,2137.287109,7012.835449,281.011749,300.541870,327.646563,-16.995722,0.631428,2.146326,-59.766266,-19.523397,-20.841122,2121.859375,-0.067529,0.005914,-0.000753,0.468966,0.433513,-1.404544,83461.023438,0.599092,0.000000,0.000000,0.000000,0.000000,0.000000,0.000000,0.000000,0.000000,0.000000,-58.644680
2.242107,1.000000,-8107.111328,-10.369817,2833.728565,2134.249512,7002.747070,282.722748,300.620819,327.566746,-17.063786,0.638875,2.134782,-59.940453,-19.580384,-20.845234,2118.711182,-0.063201,0.005772,-0.000743,0.471729,0.437077,-1.276745,83461.023438,0.598782,0.000000,0.000000,0.000000,0.000000,0.000000,0.000000,0.000000,0.000000,0.000000,-58.817719
2.292204,1.000000,-8099.400391,-10.354441,2830.720117,2131.253174,6993.725586,284.286926,300.690979,327.495441,-17.124460,0.645945,2.129492,-60.095364,-19.631072,-20.848459,2115.904785,-0.061845,0.005643,-0.000734,0.474184,0.440502,-1.155001,83461.023438,0.601219,0.000000,0.000000,0.000000,0.000000,0.000000,0.000000,0.000000,0.000000,0.000000,-58.987263
2.348641,1.000000,-8089.402344,-10.334466,2827.320864,2127.867188,6981.990234,285.916107,300.782318,327.403493,-17.185722,0.653612,2.130065,-60.294468,-19.696222,-20.852011,2112.265625,-0.056008,0.005492,-0.000724,0.477381,0.444271,-1.023769,83461.023438,0.603922,0.000000,0.000000,0.000000,0.000000,0.000000,0.000000,0.000000,0.000000,0.000000,-59.176540
2.402679,1.000000,-8080.218262,-10.316075,2824.056175,2124.615234,6971.172363,287.353882,300.866608,327.319553,-17.237516,0.660671,2.136942,-60.475746,-19.755538,-20.854656,2108.923096,-0.052123,0.005353,-0.000714,0.480332,0.447811,-0.901590,83461.023438,0.607358,0.000000,0.000000,0.000000,0.000000,0.000000,0.000000,0.000000,0.000000,0.000000,-59.356125
2.454929,1.000000,-8071.628906,-10.298839,2820.890350,2121.461670,6961.021973,288.639679,300.944977,327.241902,-17.281462,0.667227,2.148818,-60.642750,-19.810189,-20.856600,2105.796631,-0.049534,0.005228,-0.000705,0.483074,0.451168,-0.789232,83461.023438,0.612362,0.000000,0.000000,0.000000,0.000000,0.000000,0.000000,0.000000,0.000000,0.000000,-59.527000
2.505664,1.000000,-8062.965332,-10.281415,2817.807886,2118.391357,6950.753418,289.796509,301.023529,327.164724,-17.318653,0.673345,2.164911,-60.808502,-19.864425,-20.858051,2102.643311,-0.046133,0.005104,-0.000697,0.485823,0.454375,-0.684724,83461.023438,0.618843,0.000000,0.000000,0.000000,0.000000,0.000000,0.000000,0.000000,0.000000,0.000000,-59.690109
2.557130,1.000000,-8054.179199,-10.263703,2814.672690,2115.268066,6940.308105,290.883942,301.103485,327.087696,-17.351063,0.679315,2.185608,-60.973663,-19.918463,-20.859009,2099.445557,-0.043060,0.004981,-0.000688,0.488622,0.457585,-0.582080,83461.023438,0.625411,0.000000,0.000000,0.000000,0.000000,0.000000,0.000000,0.000000,0.000000,0.000000,-59.852688
2.610913,1.000000,-8045.118652,-10.245394,2811.387540,2111.995605,6929.503906,291.935303,301.185242,327.010103,-17.379461,0.685293,2.211321,-61.139809,-19.972817,-20.859461,2096.147705,-0.040450,0.004859,-0.000680,0.491483,0.460888,-0.481106,83461.023438,0.633344,0.000000,0.000000,0.000000,0.000000,0.000000,0.000000,0.000000,0.000000,0.000000,-60.018349
2.668040,1.000000,-8035.690918,-10.226290,2807.888532,2108.510010,6918.228027,292.964233,301.269104,326.931443,-17.403860,0.691359,2.242697,-61.307800,-20.027776,-20.859373,2092.716309,-0.038520,0.004733,-0.000672,0.494419,0.464342,-0.380950,83461.023438,0.643922,0.000000,0.000000,0.000000,0.000000,0.000000,0.000000,0.000000,0.000000,0.000000,-60.189125
2.718928,1.000000,-8027.177734,-10.208989,2804.763601,2105.397217,6908.016602,293.810303,301.344910,326.862452,-17.420958,0.696518,2.273767,-61.454899,-20.075895,-20.858807,2089.617920,-0.036626,0.004624,-0.000665,0.497071,0.467375,-0.297251,83461.023438,0.652375,0.000000,0.000000,0.000000,0.000000,0.000000,0.000000,0.000000,0.000000,0.000000,-60.336609
2.773005,1.000000,-8017.900391,-10.190079,2801.434797,2102.081055,6896.857910,294.641846,301.426605,326.789546,-17.434599,0.701766,2.309706,-61.610279,-20.126716,-20.857687,2086.241211,-0.034131,0.004510,-0.000658,0.499931,0.470560,-0.213228,83461.023438,0.662584,0.000000,0.000000,0.000000,0.000000,0.000000,0.000000,0.000000,0.000000,0.000000,-60.488441
2.825131,1.000000,-8009.187500,-10.172265,2798.218492,2098.876953,6886.350586,295.382599,301.502594,326.723343,-17.443583,0.706589,2.346851,-61.751190,-20.172800,-20.856182,2083.069824,-0.032742,0.004404,-0.000652,0.502591,0.473594,-0.137192,83461.023438,0.673202,0.000000,0.000000,0.000000,0.000000,0.000000,0.000000,0.000000,0.000000,0.000000,-60.629726
2.876451,1.000000,-8000.598145,-10.154649,2795.044895,2095.715332,6875.966797,296.058167,301.576843,326.660463,-17.448698,0.711114,2.385440,-61.884914,-20.216528,-20.854271,2079.943604,-0.031521,0.004304,-0.000646,0.505189,0.476545,-0.067728,83461.023438,0.683560,0.000000,0.000000,0.000000,0.000000,0.000000,0.000000,0.000000,0.000000,0.000000,-60.763584
2.928111,1.000000,-7991.910645,-10.136773,2791.843505,2092.526123,6865.439453,296.688538,301.650848,326.599302,-17.450396,0.715457,2.425941,-62.014759,-20.258987,-20.851921,2076.781738,-0.030308,0.004203,-0.000641,0.507779,0.479479,-0.003353,83461.023438,0.694921,0.000000,0.000000,0.000000,0.000000,0.000000,0.000000,0.000000,0.000000,0.000000,-60.892841
2.980569,1.000000,-7983.083008,-10.118546,2788.586008,2089.280518,6854.718262,297.281464,301.725372,326.539744,-17.448881,0.719647,2.468440,-62.140942,-20.300248,-20.849133,2073.568604,-0.029236,0.004107,-0.000636,0.510388,0.482421,0.056570,83461.023438,0.705768,0.000000,0.000000,0.000000,0.000000,0.000000,0.000000,0.000000,0.000000,0.000000,-61.018391
3.036242,1.000000,-7973.754395,-10.099212,2785.121880,2085.829346,6843.362305,297.862579,301.802979,326.479681,-17.443977,0.723860,2.514822,-62.268196,-20.341853,-20.845753,2070.173340,-0.028444,0.004004,-0.000632,0.513105,0.485506,0.115137,83461.023438,0.718179,0.000000,0.000000,0.000000,0.000000,0.000000,0.000000,0.000000,0.000000,0.000000,-61.145454
3.087201,1.000000,-7965.333984,-10.081695,2781.945049,2082.664307,6833.090820,298.354492,301.871765,326.428012,-17.436775,0.727506,2.558068,-62.377346,-20.377541,-20.842348,2067.108643,-0.028174,0.003916,-0.000628,0.515512,0.488294,0.163415,83461.023438,0.729859,0.000000,0.000000,0.000000,0.000000,0.000000,0.000000,0.000000,0.000000,0.000000,-61.255875
3.138380,1.000000,-7956.670410,-10.063602,2778.749015,2079.480225,6822.502441,298.813141,301.941711,326.377529,-17.427200,0.730976,2.601989,-62.483944,-20.412391,-20.838505,2063.955322,-0.027454,0.003828,-0.000625,0.517960,0.491058,0.207035,83461.023438,0.741510,0.000000,0.000000,0.000000,0.000000,0.000000,0.000000,0.000000,0.000000,0.000000,-61.361095
3.190818,1.000000,-7947.953613,-10.045326,2775.468950,2076.212158,6811.829102,299.249054,302.010925,326.329212,-17.415203,0.734333,2.647283,-62.585438,-20.445583,-20.834307,2060.782471,-0.027273,0.003743,-0.000622,0.520382,0.493853,0.247084,83461.023438,0.753285,0.000000,0.000000,0.000000,0.000000,0.000000,0.000000,0.000000,0.000000,0.000000,-61.463078
3.243006,1.000000,-7939.118652,-10.026725,2772.199397,2072.954834,6800.992188,299.651123,302.079926,326.282882,-17.401310,0.737480,2.692420,-62.682442,-20.477310,-20.829735,2057.566895,-0.026810,0.003659,-0.000620,0.522797,0.496598,0.282492,83461.023438,0.765069,0.000000,0.000000,0.000000,0.000000,0.000000,0.000000,0.000000,0.000000,0.000000,-61.558758
3.300045,1.000000,-7929.696777,-10.006799,2768.620413,2069.388916,6789.416016,300.057465,302.150269,326.236374,-17.384138,0.740699,2.741554,-62.779510,-20.509063,-20.824530,2054.137695,-0.026919,0.003569,-0.000618,0.525259,0.499553,0.315775,83461.023438,0.780867,0.000000,0.000000,0.000000,0.000000,0.000000,0.000000,0.000000,0.000000,0.000000,-61.656605
3.355328,1.000000,-7920.248047,-9.986720,2765.146525,2065.927734,6777.787598,300.420532,302.223846,326.192684,-17.365816,0.743610,2.788868,-62.870129,-20.538718,-20.818985,2050.698486,-0.026621,0.003484,-0.000616,0.527834,0.502380,0.344892,83461.023438,0.788938,0.000000,0.000000,0.000000,0.000000,0.000000,0.000000,0.000000,0.000000,0.000000,-61.745350
3.405633,1.000000,-7911.855469,-9.968803,2761.981351,2062.774170,6767.444336,300.726959,302.286011,326.156201,-17.347845,0.746086,2.831432,-62.945332,-20.563339,-20.813812,2047.643921,-0.026875,0.003410,-0.000615,0.530010,0.504916,0.367452,83461.023438,0.799779,0.000000,0.000000,0.000000,0.000000,0.000000,0.000000,0.000000,0.000000,0.000000,-61.820583
3.461502,1.000000,-7902.515137,-9.948770,2758.461851,2059.267578,6755.916992,301.042480,302.353912,326.118206,-17.326677,0.748642,2.877958,-63.023037,-20.588794,-20.807789,2044.244385,-0.027205,0.003328,-0.000614,0.532387,0.507691,0.388508,83461.023438,0.811532,0.000000,0.000000,0.000000,0.000000,0.000000,0.000000,0.000000,0.000000,0.000000,-61.898117
3.517561,1.000000,-7893.177246,-9.928637,2754.926233,2055.744873,6744.377441,301.335083,302.419800,326.082791,-17.304375,0.751014,2.923687,-63.094585,-20.612254,-20.801506,2040.845581,-0.027671,0.003250,-0.000613,0.534693,0.510431,0.405555,83461.023438,0.823688,0.000000,0.000000,0.000000,0.000000,0.000000,0.000000,0.000000,0.000000,0.000000,-61.969677
3.570611,1.000000,-7884.375977,-9.909565,2751.576874,2052.407471,6733.488770,301.591736,302.481354,326.051825,-17.282499,0.753086,2.965903,-63.156384,-20.632537,-20.795378,2037.642212,-0.028238,0.003181,-0.000612,0.536847,0.512980,0.417965,83461.023438,0.833817,0.000000,0.000000,0.000000,0.000000,0.000000,0.000000,0.000000,0.000000,0.000000,-62.031742
3.622785,1.000000,-7875.519043,-9.890275,2748.279772,2049.122314,6722.519531,301.826324,302.541779,326.022846,-17.260424,0.754962,3.006334,-63.213413,-20.651278,-20.789015,2034.418579,-0.028481,0.003111,-0.000612,0.538963,0.515447,0.427256,83461.023438,0.843899,0.000000,0.000000,0.000000,0.000000,0.000000,0.000000,0.000000,0.000000,0.000000,-62.087688
3.675200,1.000000,-7866.732910,-9.871042,2744.964655,2045.819092,6711.628418,302.045532,302.600250,325.996092,-17.237829,0.756692,3.045783,-63.265038,-20.668271,-20.782534,2031.220703,-0.029005,0.003044,-0.000612,0.541009,0.517885,0.433934,83461.023438,0.853968,0.000000,0.000000,0.000000,0.000000,0.000000,0.000000,0.000000,0.000000,0.000000,-62.138973
3.727662,1.000000,-7858.001465,-9.851830,2741.644025,2042.510620,6700.795410,302.249847,302.657745,325.971474,-17.214939,0.758273,3.084009,-63.311550,-20.683610,-20.775930,2028.042725,-0.029696,0.002982,-0.000612,0.543021,0.520286,0.438156,83461.023438,0.862967,0.000000,0.000000,0.000000,0.000000,0.000000,0.000000,0.000000,0.000000,0.000000,-62.185535
3.779369,1.000000,-7849.320313,-9.832626,2738.368936,2039.247314,6690.016113,302.437439,302.713501,325.948843,-17.192213,0.759693,3.120389,-63.353287,-20.697406,-20.769220,2024.883057,-0.030294,0.002920,-0.000612,0.544972,0.522612,0.440048,83461.023438,0.871948,0.000000,0.000000,0.000000,0.000000,0.000000,0.000000,0.000000,0.000000,0.000000,-62.226910
3.833019,1.000000,-7840.378418,-9.812741,2734.968662,2035.859375,6678.906250,302.618774,302.769592,325.927339,-17.168604,0.761014,3.156683,-63.391682,-20.710136,-20.762184,2021.628418,-0.031045,0.002859,-0.000613,0.546935,0.524983,0.439654,83461.023438,0.880840,0.000000,0.000000,0.000000,0.000000,0.000000,0.000000,0.000000,0.000000,0.000000,-62.265236
3.886919,1.000000,-7831.471680,-9.792825,2731.550619,2032.453369,6667.832520,302.788422,302.824493,325.907644,-17.144970,0.762195,3.191635,-63.425537,-20.721403,-20.755049,2018.386597,-0.031936,0.002800,-0.000614,0.548857,0.527323,0.437294,83461.023438,0.889171,0.000000,0.000000,0.000000,0.000000,0.000000,0.000000,0.000000,0.000000,0.000000,-62.299286
3.939747,1.000000,-7822.559570,-9.772785,2728.198912,2029.113892,6656.745117,302.943359,302.878235,325.889462,-17.121983,0.763215,3.224380,-63.455227,-20.731336,-20.747799,2015.142944,-0.032573,0.002741,-0.000614,0.550738,0.529574,0.433187,83461.023438,0.897300,0.000000,0.000000,0.000000,0.000000,0.000000,0.000000,0.000000,0.000000,0.000000,-62.328491
3.991263,1.000000,-7813.809082,-9.753000,2724.929080,2025.855835,6645.854492,303.084412,302.930206,325.873149,-17.099812,0.764085,3.254858,-63.480484,-20.739836,-20.740595,2011.958008,-0.033165,0.002686,-0.000615,0.552558,0.531732,0.427701,83461.023438,0.904741,0.000000,0.000000,0.000000,0.000000,0.000000,0.000000,0.000000,0.000000,0.000000,-62.353207
4.043682,1.000000,-7805.175781,-9.733375,2721.600742,2022.539307,6635.105469,303.218903,302.980225,325.858259,-17.077585,0.764849,3.284369,-63.501797,-20.747073,-20.733414,2008.815674,-0.034114,0.002635,-0.000616,0.554308,0.533890,0.420735,83461.023438,0.911918,0.000000,0.000000,0.000000,0.000000,0.000000,0.000000,0.000000,0.000000,0.000000,-62.374706
4.099419,1.000000,-7795.811035,-9.711965,2718.060619,2019.011719,6623.441406,303.352509,303.033295,325.843607,-17.054394,0.765529,3.314068,-63.521011,-20.753670,-20.725554,2005.407227,-0.034885,0.002580,-0.000617,0.556166,0.536138,0.411712,83461.023438,0.919174,0.000000,0.000000,0.000000,0.000000,0.000000,0.000000,0.000000,0.000000,0.000000,-62.393677
4.150678,1.000000,-7787.222656,-9.692215,2714.804091,2015.766968,6612.740723,303.467346,303.081024,325.831297,-17.033539,0.766035,3.339881,-63.535389,-20.758685,-20.718279,2002.281250,-0.035652,0.002529,-0.000618,0.557835,0.538170,0.402625,83461.023438,0.925496,0.000000,0.000000,0.000000,0.000000,0.000000,0.000000,0.000000,0.000000,0.000000,-62.407909
4.202375,1.000000,-7778.560547,-9.672188,2711.519097,2012.493530,6601.946289,303.576172,303.128296,325.819878,-17.013000,0.766439,3.364454,-63.546818,-20.762766,-20.710911,1999.128540,-0.036432,0.002482,-0.000620,0.559490,0.540181,0.392483,83461.023438,0.931404,0.000000,0.000000,0.000000,0.000000,0.000000,0.000000,0.000000,0.000000,0.000000,-62.419228
4.254575,1.000000,-7769.816406,-9.651856,2708.201641,2009.187988,6591.047363,303.679413,303.174744,325.809319,-16.992815,0.766742,3.387793,-63.555447,-20.765960,-20.703428,1995.945923,-0.037203,0.002438,-0.000621,0.561116,0.542174,0.381395,83461.023438,0.937181,0.000000,0.000000,0.000000,0.000000,0.000000,0.000000,0.000000,0.000000,0.000000,-62.427761
4.309972,1.000000,-7760.593262,-9.630285,2704.680621,2005.679443,6579.549805,303.782379,303.222870,325.799116,-16.972067,0.766949,3.410910,-63.561424,-20.768342,-20.695505,1992.588989,-0.038006,0.002389,-0.000622,0.562800,0.544240,0.368459,83461.023438,0.942488,0.000000,0.000000,0.000000,0.000000,0.000000,0.000000,0.000000,0.000000,0.000000,-62.433716
4.362736,1.000000,-7751.710449,-9.609390,2701.326739,2002.337402,6568.475586,303.874420,303.268585,325.790069,-16.952965,0.767040,3.431480,-63.564655,-20.769835,-20.687859,1989.355957,-0.038747,0.002345,-0.000624,0.564401,0.546177,0.356233,83461.023438,0.947399,0.000000,0.000000,0.000000,0.000000,0.000000,0.000000,0.000000,0.000000,0.000000,-62.436890
4.416457,1.000000,-7742.887695,-9.588518,2697.911940,1998.934570,6557.475098,303.962585,303.312775,325.781794,-16.934202,0.767031,3.450949,-63.565414,-20.770544,-20.680244,1986.144653,-0.039650,0.002306,-0.000625,0.565947,0.548110,0.343325,83461.023438,0.952076,0.000000,0.000000,0.000000,0.000000,0.000000,0.000000,0.000000,0.000000,0.000000,-62.437630
4.469186,1.000000,-7733.871094,-9.567065,2694.560240,1995.594971,6546.233398,304.044281,303.356659,325.773904,-16.916462,0.766929,3.468662,-63.563831,-20.770531,-20.672466,1982.862915,-0.040245,0.002262,-0.000627,0.567483,0.549971,0.330246,83461.023438,0.956608,0.000000,0.000000,0.000000,0.000000,0.000000,0.000000,0.000000,0.000000,0.000000,-62.436054
4.522661,1.000000,-7725.040527,-9.545936,2691.161280,1992.208008,6535.224121,304.122559,303.399261,325.766756,-16.899178,0.766729,3.485256,-63.560143,-20.769846,-20.664854,1979.648804,-0.041066,0.002221,-0.000628,0.568974,0.551821,0.316824,83461.023438,0.960536,0.000000,0.000000,0.000000,0.000000,0.000000,0.000000,0.000000,0.000000,0.000000,-62.432335
4.576025,1.000000,-7716.087891,-9.524392,2687.769646,1988.828125,6524.062988,304.196472,303.441681,325.760023,-16.882656,0.766438,3.500465,-63.554398,-20.768521,-20.657143,1976.390381,-0.041762,0.002180,-0.000630,0.570458,0.553631,0.303269,83461.023438,0.964156,0.000000,0.000000,0.000000,0.000000,0.000000,0.000000,0.000000,0.000000,0.000000,-62.426640
4.629062,1.000000,-7707.267090,-9.503045,2684.399161,1985.469727,6513.067383,304.266113,303.482513,325.753794,-16.866943,0.766062,3.514315,-63.546959,-20.766661,-20.649561,1973.179810,-0.042478,0.002144,-0.000631,0.571887,0.555396,0.289804,83461.023438,0.967530,0.000000,0.000000,0.000000,0.000000,0.000000,0.000000,0.000000,0.000000,0.000000,-62.419193
4.682591,1.000000,-7698.250488,-9.481100,2680.997873,1982.064941,6501.828613,304.332855,303.523438,325.747625,-16.851830,0.765594,3.527042,-63.537643,-20.764236,-20.641821,1969.898071,-0.043093,0.002105,-0.000633,0.573320,0.557141,0.276242,83461.023438,0.970615,0.000000,0.000000,0.000000,0.000000,0.000000,0.000000,0.000000,0.000000,0.000000,-62.410007
4.735041,1.000000,-7689.375977,-9.459380,2677.665678,1978.711548,6490.769531,304.395111,303.563171,325.741900,-16.837721,0.765062,3.538354,-63.526966,-20.761378,-20.634245,1966.667969,-0.043670,0.002058,-0.000630,0.574711,0.558819,0.263101,83461.023438,0.973306,0.000000,0.000000,0.000000,0.000000,0.000000,0.000000,0.000000,0.000000,0.000000,-62.399544
4.786192,1.000000,-7680.764648,-9.438187,2674.416586,1975.441406,6480.039551,304.453064,303.600983,325.736472,-16.824614,0.764474,3.548342,-63.515305,-20.758208,-20.626909,1963.533813,-0.044227,0.002025,-0.000628,0.576035,0.560426,0.250535,83461.023438,0.975772,0.000000,0.000000,0.000000,0.000000,0.000000,0.000000,0.000000,0.000000,0.000000,-62.388069
4.837923,1.000000,-7672.208984,-9.417017,2671.131296,1972.135254,6469.380371,304.509003,303.637787,325.731341,-16.812004,0.763806,3.557435,-63.502541,-20.754691,-20.619652,1960.419800,-0.044844,0.001994,-0.000627,0.577322,0.562021,0.238071,83461.023438,0.978039,0.000000,0.000000,0.000000,0.000000,0.000000,0.000000,0.000000,0.000000,0.000000,-62.375278
4.889975,1.000000,-7663.526367,-9.395420,2667.826332,1968.809082,6458.566406,304.562958,303.674652,325.726061,-16.799963,0.763060,3.565614,-63.488499,-20.750800,-20.612333,1957.259521,-0.045406,0.001962,-0.000626,0.578612,0.563596,0.225819,83461.023438,0.980069,0.000000,0.000000,0.000000,0.000000,0.000000,0.000000,0.000000,0.000000,0.000000,-62.361332
4.943893,1.000000,-7654.466309,-9.372761,2664.403699,1965.364502,6447.284180,304.616547,303.712280,325.720604,-16.788153,0.762217,3.573112,-63.472790,-20.746421,-20.604731,1953.961914,-0.045920,0.001928,-0.000626,0.579929,0.565196,0.213447,83461.023438,0.981954,0.000000,0.000000,0.000000,0.000000,0.000000,0.000000,0.000000,0.000000,0.000000,-62.345844
4.996016,1.000000,-7645.704590,-9.350728,2661.095843,1962.035278,6436.376465,304.666351,303.748627,325.715354,-16.777359,0.761342,3.579471,-63.456696,-20.741914,-20.597418,1950.772949,-0.046398,0.001902,-0.000625,0.581201,0.566715,0.201947,83461.023438,0.983466,0.000000,0.000000,0.000000,0.000000,0.000000,0.000000,0.000000,0.000000,0.000000,-62.329994
5.048252,1.000000,-7637.397461,-9.329729,2657.781695,1958.699707,6426.037109,304.714478,303.782013,325.710400,-16.767143,0.760396,3.584990,-63.440628,-20.737398,-20.590528,1947.749390,-0.047002,0.001875,-0.000625,0.582370,0.568202,0.190583,83461.023438,0.984819,0.000000,0.000000,0.000000,0.000000,0.000000,0.000000,0.000000,0.000000,0.000000,-62.313259
5.104457,1.000000,-7627.668945,-9.305003,2654.216731,1955.111816,6413.931641,304.764069,303.821045,325.704468,-16.756786,0.759313,3.590090,-63.421093,-20.731901,-20.582510,1944.208496,-0.047353,0.001843,-0.000625,0.583736,0.569779,0.179136,83461.023438,0.986143,0.000000,0.000000,0.000000,0.000000,0.000000,0.000000,0.000000,0.000000,0.000000,-62.294559
5.155043,1.000000,-7619.104492,-9.283119,2651.009095,1951.883301,6403.277832,304.807220,303.854736,325.699129,-16.747995,0.758272,3.593984,-63.403278,-20.726883,-20.575506,1941.091309,-0.047743,0.001814,-0.000626,0.584916,0.571177,0.169411,83461.023438,0.987253,0.000000,0.000000,0.000000,0.000000,0.000000,0.000000,0.000000,0.000000,0.000000,-62.277142
5.205105,1.000000,-7610.749023,-9.261661,2647.835578,1948.689453,6392.886719,304.848602,303.887268,325.693761,-16.739765,0.757198,3.597221,-63.385384,-20.721843,-20.568714,1938.050171,-0.048144,0.001790,-0.000626,0.586054,0.572539,0.160194,83461.023438,0.988156,0.000000,0.000000,0.000000,0.000000,0.000000,0.000000,0.000000,0.000000,0.000000,-62.259403
5.261440,1.000000,-7601.374023,-9.237458,2644.265497,1945.096191,6381.230957,304.893768,303.923126,325.687443,-16.731045,0.755918,3.600187,-63.364777,-20.716046,-20.561148,1934.637939,-0.048570,0.001762,-0.000626,0.587310,0.574044,0.150309,83461.023438,0.989036,0.000000,0.000000,0.000000,0.000000,0.000000,0.000000,0.000000,0.000000,0.000000,-62.238918
5.316541,1.000000,-7592.144043,-9.213504,2640.774768,1941.582886,6369.759277,304.936615,303.957581,325.681007,-16.723045,0.754610,3.602424,-63.343979,-20.710198,-20.553757,1931.278442,-0.048931,0.001733,-0.000627,0.588515,0.575488,0.141057,83461.023438,0.989793,0.000000,0.000000,0.000000,0.000000,0.000000,0.000000,0.000000,0.000000,0.000000,-62.218388
5.368190,1.000000,-7583.564941,-9.191126,2637.503777,1938.290771,6359.100098,304.975739,303.989563,325.674719,-16.715992,0.753328,3.603992,-63.324326,-20.704683,-20.546944,1928.156006,-0.049280,0.001709,-0.000628,0.589634,0.576820,0.132984,83461.023438,0.990304,0.000000,0.000000,0.000000,0.000000,0.000000,0.000000,0.000000,0.000000,0.000000,-62.198818
5.425578,1.000000,-7574.147461,-9.166437,2633.870544,1934.634033,6347.402832,305.018036,304.023773,325.667570,-16.708632,0.751848,3.605169,-63.302402,-20.698538,-20.539526,1924.728271,-0.049668,0.001683,-0.000628,0.590832,0.578273,0.124479,83461.023438,0.990816,0.000000,0.000000,0.000000,0.000000,0.000000,0.000000,0.000000,0.000000,0.000000,-62.176723
5.480796,1.000000,-7564.687988,-9.141507,2630.375913,1931.116821,6335.656738,305.057648,304.057983,325.660066,-16.701998,0.750365,3.605792,-63.280094,-20.692298,-20.532135,1921.285278,-0.049905,0.001655,-0.000629,0.592030,0.579646,0.116868,83461.023438,0.991183,0.000000,0.000000,0.000000,0.000000,0.000000,0.000000,0.000000,0.000000,0.000000,-62.155201
5.535828,1.000000,-7555.496582,-9.117157,2626.894257,1927.612549,6324.247559,305.096252,304.091187,325.652473,-16.695784,0.748838,3.605974,-63.258217,-20.686192,-20.525009,1917.939941,-0.050187,0.001632,-0.000630,0.593192,0.580994,0.109861,83461.023438,0.991421,0.000000,0.000000,0.000000,0.000000,0.000000,0.000000,0.000000,0.000000,0.000000,-62.133556
5.589689,1.000000,-7546.540039,-9.093314,2623.487858,1924.183838,6313.133789,305.133118,304.123322,325.644702,-16.690054,0.747293,3.605773,-63.236740,-20.680215,-20.518135,1914.679932,-0.050465,0.001610,-0.000631,0.594316,0.582295,0.103537,83461.023438,0.991594,0.000000,0.000000,0.000000,0.000000,0.000000,0.000000,0.000000,0.000000,0.000000,-62.112221
5.641575,1.000000,-7537.851563,-9.070074,2620.207470,1920.882324,6302.355469,305.167999,304.153870,325.636812,-16.684849,0.745762,3.605254,-63.215794,-20.674403,-20.511513,1911.517700,-0.050692,0.001589,-0.000631,0.595386,0.583531,0.097917,83461.023438,0.991727,0.000000,0.000000,0.000000,0.000000,0.000000,0.000000,0.000000,0.000000,0.000000,-62.091553
5.694925,1.000000,-7528.846680,-9.045875,2616.835659,1917.488525,6291.188965,305.203217,304.185028,325.628270,-16.679783,0.744143,3.604419,-63.193970,-20.668365,-20.504715,1908.240112,-0.050897,0.001564,-0.000632,0.596476,0.584784,0.092557,83461.023438,0.991841,0.000000,0.000000,0.000000,0.000000,0.000000,0.000000,0.000000,0.000000,0.000000,-62.070194
5.746536,1.000000,-7520.304688,-9.022813,2613.574856,1914.206543,6280.599121,305.236755,304.214172,325.619728,-16.675142,0.742535,3.603360,-63.173210,-20.662645,-20.498316,1905.131104,-0.051121,0.001542,-0.000633,0.597496,0.585980,0.087841,83461.023438,0.991866,0.000000,0.000000,0.000000,0.000000,0.000000,0.000000,0.000000,0.000000,0.000000,-62.049480
5.802550,1.000000,-7510.943848,-8.997425,2610.037099,1910.645752,6268.998535,305.272614,304.245758,325.610088,-16.670368,0.740748,3.601948,-63.150391,-20.656371,-20.491373,1901.723999,-0.051330,0.001518,-0.000634,0.598601,0.587258,0.083085,83461.023438,0.991867,0.000000,0.000000,0.000000,0.000000,0.000000,0.000000,0.000000,0.000000,0.000000,-62.026939
5.858714,1.000000,-7501.472168,-8.971611,2606.491154,1907.076660,6257.263672,305.307831,304.277740,325.599914,-16.665842,0.738913,3.600287,-63.127285,-20.650042,-20.484404,1898.276611,-0.051497,0.001497,-0.000634,0.599721,0.588520,0.078788,83461.023438,0.991753,0.000000,0.000000,0.000000,0.000000,0.000000,0.000000,0.000000,0.000000,0.000000,-62.004322
5.912652,1.000000,-7492.505371,-8.947061,2603.086957,1903.650146,6246.158691,305.341156,304.307648,325.589800,-16.661705,0.737107,3.598514,-63.105427,-20.644082,-20.477869,1895.012939,-0.051683,0.001477,-0.000635,0.600768,0.589717,0.075131,83461.023438,0.991614,0.000000,0.000000,0.000000,0.000000,0.000000,0.000000,0.000000,0.000000,0.000000,-61.982624
5.968604,1.000000,-7483.355469,-8.921896,2599.556905,1900.097046,6234.830078,305.375305,304.337189,325.579092,-16.657608,0.735195,3.596509,-63.083130,-20.638024,-20.471252,1891.682739,-0.051891,0.001456,-0.000636,0.601802,0.590941,0.071707,83461.023438,0.991535,0.000000,0.000000,0.000000,0.000000,0.000000,0.000000,0.000000,0.000000,0.000000,-61.960129
6.022387,1.000000,-7474.170898,-8.896523,2596.164897,1896.682739,6223.462402,305.407593,304.367340,325.567910,-16.653849,0.733315,3.594439,-63.060776,-20.631976,-20.464682,1888.339722,-0.051999,0.001433,-0.000636,0.602857,0.592102,0.068789,83461.023438,0.991305,0.000000,0.000000,0.000000,0.000000,0.000000,0.000000,0.000000,0.000000,0.000000,-61.938534
6.079131,1.000000,-7464.724121,-8.870308,2592.587419,1893.081909,6211.773926,305.441315,304.397095,325.555957,-16.650038,0.731291,3.592130,-63.037815,-20.625790,-20.457981,1884.901489,-0.052155,0.001411,-0.000637,0.603899,0.593309,0.066045,83461.023438,0.991169,0.000000,0.000000,0.000000,0.000000,0.000000,0.000000,0.000000,0.000000,0.000000,-61.915787
6.133783,1.000000,-7455.556152,-8.844753,2589.143068,1889.614990,6200.434082,305.473328,304.426483,325.544004,-16.646509,0.729304,3.589803,-63.015583,-20.619821,-20.451530,1881.564575,-0.052280,0.001391,-0.000637,0.604926,0.594457,0.063757,83461.023438,0.990916,0.000000,0.000000,0.000000,0.000000,0.000000,0.000000,0.000000,0.000000,0.000000,-61.893932
6.187458,1.000000,-7446.595215,-8.819670,2585.761466,1886.211182,6189.354004,305.504456,304.454315,325.531843,-16.643152,0.727317,3.587452,-62.993919,-20.614034,-20.445292,1878.303101,-0.052411,0.001370,-0.000638,0.605901,0.595570,0.061808,83461.023438,0.990740,0.000000,0.000000,0.000000,0.000000,0.000000,0.000000,0.000000,0.000000,0.000000,-61.872536
6.240909,1.000000,-7437.609863,-8.794414,2582.395131,1882.822754,6178.246582,305.535126,304.482025,325.519237,-16.639906,0.725310,3.585060,-62.972260,-20.608273,-20.439089,1875.032593,-0.052516,0.001349,-0.000638,0.606871,0.596665,0.060122,83461.023438,0.990538,0.000000,0.000000,0.000000,0.000000,0.000000,0.000000,0.000000,0.000000,0.000000,-61.851295
6.305186,1.000000,-7428.496582,-8.768692,2578.348514,1878.749756,6166.985352,305.571655,304.509613,325.506008,-16.636112,0.722846,3.582125,-62.950352,-20.602472,-20.432856,1871.715698,-0.052998,0.001344,-0.000638,0.607836,0.597962,0.058420,83461.023438,0.990293,0.000000,0.000000,0.000000,0.000000,0.000000,0.000000,0.000000,0.000000,0.000000,-61.825829
6.358797,1.000000,-7418.154785,-8.739374,2574.974640,1875.354492,6154.209473,305.601593,304.540924,325.490496,-16.633020,0.720761,3.579646,-62.925541,-20.595933,-20.425848,1867.951538,-0.052795,0.001310,-0.000639,0.608932,0.599026,0.057171,83461.023438,0.990027,0.000000,0.000000,0.000000,0.000000,0.000000,0.000000,0.000000,0.000000,0.000000,-61.804642
6.413603,1.000000,-7409.018066,-8.713364,2571.526750,1871.884521,6142.925781,305.631958,304.567627,325.476377,-16.629925,0.718596,3.577094,-62.903728,-20.590211,-20.419718,1864.626099,-0.052904,0.001291,-0.000639,0.609867,0.600104,0.056204,83461.023438,0.989881,0.000000,0.000000,0.000000,0.000000,0.000000,0.000000,0.000000,0.000000,0.000000,-61.783077
6.466863,1.000000,-7400.227539,-8.688241,2568.177278,1868.513428,6132.073730,305.661224,304.592804,325.462526,-16.626970,0.716467,3.574578,-62.882744,-20.584721,-20.413877,1861.426636,-0.053015,0.001271,-0.000639,0.610749,0.601131,0.055248,83461.023438,0.989721,0.000000,0.000000,0.000000,0.000000,0.000000,0.000000,0.000000,0.000000,0.000000,-61.762127
6.521529,1.000000,-7390.756836,-8.661068,2564.740546,1865.054443,6120.384766,305.690826,304.621338,325.447132,-16.623970,0.714247,3.572028,-62.860256,-20.578868,-20.407637,1857.979492,-0.053047,0.001251,-0.000639,0.611747,0.602179,0.054653,83461.023438,0.989382,0.000000,0.000000,0.000000,0.000000,0.000000,0.000000,0.000000,0.000000,0.000000,-61.740757
6.576727,1.000000,-7381.589355,-8.634662,2561.271569,1861.562988,6109.074219,305.720398,304.647491,325.431797,-16.620977,0.711975,3.569455,-62.838558,-20.573248,-20.401657,1854.642822,-0.053163,0.001234,-0.000639,0.612662,0.603225,0.054206,83461.023438,0.989214,0.000000,0.000000,0.000000,0.000000,0.000000,0.000000,0.000000,0.000000,0.000000,-61.719234
6.626795,1.000000,-7373.141602,-8.610238,2558.126035,1858.397217,6098.653320,305.746979,304.670837,325.417293,-16.618279,0.709894,3.567138,-62.818600,-20.568101,-20.396185,1851.568115,-0.053224,0.001215,-0.000639,0.613479,0.604162,0.053862,83461.023438,0.989104,0.000000,0.000000,0.000000,0.000000,0.000000,0.000000,0.000000,0.000000,0.000000,-61.699749
6.682491,1.000000,-7363.854492,-8.583291,2554.628080,1854.876709,6087.201660,305.776245,304.697632,325.401009,-16.615286,0.707549,3.564593,-62.796715,-20.562477,-20.390236,1848.187866,-0.053330,0.001197,-0.000638,0.614417,0.605191,0.053624,83461.023438,0.988821,0.000000,0.000000,0.000000,0.000000,0.000000,0.000000,0.000000,0.000000,0.000000,-61.678139
6.732982,1.000000,-7355.278320,-8.558315,2551.458072,1851.686035,6076.629395,305.802460,304.721161,325.385586,-16.612587,0.705396,3.562303,-62.776566,-20.557324,-20.384783,1845.066406,-0.053387,0.001176,-0.000638,0.615240,0.606116,0.053525,83461.023438,0.988690,0.000000,0.000000,0.000000,0.000000,0.000000,0.000000,0.000000,0.000000,0.000000,-61.658607
6.787767,1.000000,-7346.187012,-8.531749,2548.019606,1848.225342,6065.425293,305.830658,304.745697,325.368887,-16.609657,0.703037,3.559851,-62.755234,-20.551890,-20.379063,1841.757446,-0.053493,0.001159,-0.000638,0.616099,0.607105,0.053437,83461.023438,0.988559,0.000000,0.000000,0.000000,0.000000,0.000000,0.000000,0.000000,0.000000,0.000000,-61.637436
6.843929,1.000000,-7336.835938,-8.504323,2544.495936,1844.678833,6053.904297,305.859253,304.770905,325.351298,-16.606668,0.700596,3.557362,-62.733330,-20.546333,-20.373230,1838.353882,-0.053589,0.001139,-0.000637,0.616982,0.608105,0.053401,83461.023438,0.988396,0.000000,0.000000,0.000000,0.000000,0.000000,0.000000,0.000000,0.000000,0.000000,-61.615784
6.896906,1.000000,-7327.933594,-8.478123,2541.173224,1841.334717,6042.938477,305.885803,304.794952,325.334095,-16.603844,0.698267,3.555056,-62.712532,-20.541086,-20.367722,1835.113770,-0.053657,0.001121,-0.000637,0.617823,0.609038,0.053469,83461.023438,0.988187,0.000000,0.000000,0.000000,0.000000,0.000000,0.000000,0.000000,0.000000,0.000000,-61.595417
6.951763,1.000000,-7318.925293,-8.451523,2537.733752,1837.872681,6031.846191,305.913177,304.818176,325.316417,-16.600912,0.695830,3.552704,-62.691528,-20.535803,-20.362206,1831.834961,-0.053775,0.001106,-0.000636,0.618636,0.609991,0.053579,83461.023438,0.988103,0.000000,0.000000,0.000000,0.000000,0.000000,0.000000,0.000000,0.000000,0.000000,-61.574364
7.005751,1.000000,-7309.817871,-8.424540,2534.349910,1834.479980,6020.634766,305.939819,304.841522,325.298176,-16.598024,0.693407,3.550416,-62.670319,-20.530491,-20.356682,1828.520142,-0.053846,0.001087,-0.000635,0.619453,0.610918,0.053716,83461.023438,0.988000,0.000000,0.000000,0.000000,0.000000,0.000000,0.000000,0.000000,0.000000,0.000000,-61.553665
7.057488,1.000000,-7301.134277,-8.398727,2531.108225,1831.242676,6009.948242,305.965057,304.864044,325.280498,-16.595251,0.691064,3.548258,-62.650105,-20.525443,-20.351461,1825.359619,-0.053919,0.001068,-0.000635,0.620242,0.611793,0.053839,83461.023438,0.987812,0.000000,0.000000,0.000000,0.000000,0.000000,0.000000,0.000000,0.000000,0.000000,-61.533855
7.112276,1.000000,-7292.112305,-8.371825,2527.676499,1827.861572,5998.848145,305.991486,304.886932,325.261693,-16.592297,0.688567,3.546018,-62.629150,-20.520238,-20.346083,1822.075928,-0.054028,0.001053,-0.000634,0.621043,0.612710,0.054045,83461.023438,0.987668,0.000000,0.000000,0.000000,0.000000,0.000000,0.000000,0.000000,0.000000,0.000000,-61.512917
7.165087,1.000000,-7283.194824,-8.345149,2524.369707,1824.639893,5987.879883,306.016632,304.909912,325.242859,-16.589445,0.686138,3.543886,-62.608448,-20.515109,-20.340820,1818.830200,-0.054102,0.001035,-0.000633,0.621847,0.613584,0.054247,83461.023438,0.987534,0.000000,0.000000,0.000000,0.000000,0.000000,0.000000,0.000000,0.000000,0.000000,-61.492752
7.217892,1.000000,-7274.373047,-8.318677,2521.064371,1821.419922,5977.031738,306.041534,304.931824,325.223876,-16.586580,0.683690,3.541793,-62.587997,-20.510063,-20.335657,1815.619263,-0.054186,0.001019,-0.000632,0.622614,0.614448,0.054448,83461.023438,0.987463,0.000000,0.000000,0.000000,0.000000,0.000000,0.000000,0.000000,0.000000,0.000000,-61.472614
7.271627,1.000000,-7265.474609,-8.291895,2517.701929,1818.144043,5966.092773,306.066467,304.953949,325.204507,-16.583654,0.681175,3.539685,-62.567375,-20.504987,-20.330507,1812.380493,-0.054298,0.001003,-0.000631,0.623388,0.615318,0.054634,83461.023438,0.987365,0.000000,0.000000,0.000000,0.000000,0.000000,0.000000,0.000000,0.000000,0.000000,-61.452129
7.325235,1.000000,-7256.419434,-8.264555,2514.348548,1814.877197,5954.963867,306.091064,304.975922,325.184368,-16.580729,0.678649,3.537619,-62.546391,-20.499846,-20.325308,1809.084717,-0.054369,0.000985,-0.000630,0.624157,0.616176,0.054785,83461.023438,0.987289,0.000000,0.000000,0.000000,0.000000,0.000000,0.000000,0.000000,0.000000,0.000000,-61.431698
7.379936,1.000000,-7247.308594,-8.236962,2510.927942,1811.544678,5943.769043,306.115906,304.997375,325.163753,-16.577740,0.676048,3.535536,-62.525307,-20.494701,-20.320122,1805.768677,-0.054455,0.000967,-0.000629,0.624908,0.617041,0.054921,83461.023438,0.987239,0.000000,0.000000,0.000000,0.000000,0.000000,0.000000,0.000000,0.000000,0.000000,-61.410877
7.433643,1.000000,-7238.319336,-8.209660,2507.570617,1808.273804,5932.727539,306.140137,305.019409,325.143080,-16.574791,0.673486,3.533530,-62.504501,-20.489643,-20.315062,1802.496826,-0.054544,0.000952,-0.000627,0.625679,0.617880,0.055056,83461.023438,0.987063,0.000000,0.000000,0.000000,0.000000,0.000000,0.000000,0.000000,0.000000,0.000000,-61.390442
7.486152,1.000000,-7229.610352,-8.183133,2504.289259,1805.077148,5922.032715,306.163422,305.039734,325.122792,-16.571901,0.670956,3.531585,-62.484348,-20.484757,-20.310205,1799.327026,-0.054655,0.000949,-0.000630,0.626391,0.618691,0.055230,83461.023438,0.987016,0.000000,0.000000,0.000000,0.000000,0.000000,0.000000,0.000000,0.000000,0.000000,-61.370461
7.539821,1.000000,-7220.710938,-8.155951,2500.936512,1801.810791,5911.106934,306.187012,305.060181,325.101852,-16.568943,0.668349,3.529615,-62.463741,-20.479772,-20.305286,1796.087891,-0.054767,0.000934,-0.000632,0.627106,0.619510,0.055326,83461.023438,0.986990,0.000000,0.000000,0.000000,0.000000,0.000000,0.000000,0.000000,0.000000,0.000000,-61.350033
7.593414,1.000000,-7211.645020,-8.128183,2497.589625,1798.550293,5899.979980,306.210266,305.080841,325.080081,-16.565979,0.665723,3.527679,-62.442757,-20.474720,-20.300323,1792.788208,-0.054842,0.000912,-0.000634,0.627830,0.620318,0.055363,83461.023438,0.986909,0.000000,0.000000,0.000000,0.000000,0.000000,0.000000,0.000000,0.000000,0.000000,-61.329636
7.646294,1.000000,-7202.827637,-8.101104,2494.288351,1795.334106,5889.160156,306.232788,305.100861,325.058695,-16.563057,0.663120,3.525780,-62.422348,-20.469818,-20.295542,1789.578857,-0.054939,0.000893,-0.000635,0.628530,0.621105,0.055371,83461.023438,0.986832,0.000000,0.000000,0.000000,0.000000,0.000000,0.000000,0.000000,0.000000,0.000000,-61.309517
7.700835,1.000000,-7193.820801,-8.073369,2490.884515,1791.962402,5878.111816,306.255951,305.120728,325.036450,-16.560040,0.660422,3.523842,-62.401493,-20.464831,-20.290716,1786.300659,-0.055058,0.000878,-0.000635,0.629226,0.621907,0.055323,83461.023438,0.986760,0.000000,0.000000,0.000000,0.000000,0.000000,0.000000,0.000000,0.000000,0.000000,-61.288761
7.752933,1.000000,-7185.094238,-8.046424,2487.634216,1788.713623,5867.409180,306.277679,305.139893,325.014679,-16.557171,0.657831,3.521997,-62.381290,-20.460011,-20.286072,1783.124512,-0.055145,0.000861,-0.000635,0.629896,0.622664,0.055251,83461.023438,0.986682,0.000000,0.000000,0.000000,0.000000,0.000000,0.000000,0.000000,0.000000,0.000000,-61.268948
7.807213,1.000000,-7176.037109,-8.018388,2484.248903,1785.330078,5856.304688,306.300110,305.159485,324.991810,-16.554180,0.655116,3.520091,-62.360329,-20.455026,-20.281307,1779.828003,-0.055246,0.000841,-0.000635,0.630582,0.623442,0.055119,83461.023438,0.986610,0.000000,0.000000,0.000000,0.000000,0.000000,0.000000,0.000000,0.000000,0.000000,-61.248302
7.860394,1.000000,-7167.085449,-7.990607,2480.933234,1782.016113,5845.332520,306.321716,305.178436,324.968794,-16.551260,0.652447,3.518243,-62.339630,-20.450127,-20.276644,1776.569824,-0.055329,0.000823,-0.000635,0.631246,0.624195,0.054969,83461.023438,0.986520,0.000000,0.000000,0.000000,0.000000,0.000000,0.000000,0.000000,0.000000,0.000000,-61.228104
7.912818,1.000000,-7158.315918,-7.963323,2477.665829,1778.750244,5834.585938,306.342651,305.196808,324.946014,-16.548389,0.649798,3.516423,-62.319355,-20.445341,-20.272120,1773.377930,-0.055422,0.000806,-0.000634,0.631888,0.624928,0.054803,83461.023438,0.986449,0.000000,0.000000,0.000000,0.000000,0.000000,0.000000,0.000000,0.000000,0.000000,-61.208191
7.966886,1.000000,-7149.359375,-7.935389,2474.297071,1775.383179,5823.612793,306.364136,305.215240,324.922404,-16.545441,0.647056,3.514558,-62.298653,-20.440473,-20.267546,1770.118042,-0.055526,0.000787,-0.000633,0.632533,0.625674,0.054580,83461.023438,0.986362,0.000000,0.000000,0.000000,0.000000,0.000000,0.000000,0.000000,0.000000,0.000000,-61.187668
8.017033,1.000000,-7140.985840,-7.909212,2471.173624,1772.261230,5813.356934,306.383728,305.232300,324.900129,-16.542721,0.644502,3.512827,-62.279305,-20.435935,-20.263311,1767.070313,-0.055615,0.000770,-0.000632,0.633130,0.626355,0.054332,83461.023438,0.986269,0.000000,0.000000,0.000000,0.000000,0.000000,0.000000,0.000000,0.000000,0.000000,-61.168640
8.068826,1.000000,-7132.459473,-7.882498,2467.948673,1769.037842,5802.916504,306.403687,305.249603,324.877231,-16.539923,0.641852,3.511041,-62.259621,-20.431331,-20.259048,1763.967041,-0.055729,0.000753,-0.000630,0.633736,0.627049,0.054053,83461.023438,0.986163,0.000000,0.000000,0.000000,0.000000,0.000000,0.000000,0.000000,0.000000,0.000000,-61.149006
8.123438,1.000000,-7123.308105,-7.853759,2464.549309,1765.640137,5791.713379,306.424500,305.268005,324.852405,-16.536989,0.639046,3.509166,-62.238514,-20.426408,-20.254511,1760.636108,-0.055825,0.000736,-0.000628,0.634381,0.627774,0.053753,83461.023438,0.986059,0.000000,0.000000,0.000000,0.000000,0.000000,0.000000,0.000000,0.000000,0.000000,-61.128330
8.176437,1.000000,-7114.501465,-7.826037,2461.251448,1762.343750,5780.935547,306.444366,305.284698,324.828172,-16.534157,0.636310,3.507354,-62.218220,-20.421695,-20.250193,1757.430786,-0.055921,0.000719,-0.000627,0.634964,0.628466,0.053396,83461.023438,0.986001,0.000000,0.000000,0.000000,0.000000,0.000000,0.000000,0.000000,0.000000,0.000000,-61.108280
8.232439,1.000000,-7105.064941,-7.796261,2457.767894,1758.861816,5769.388672,306.465027,305.303253,324.801922,-16.531189,0.633406,3.505443,-62.196507,-20.416670,-20.245607,1753.996216,-0.056006,0.000698,-0.000624,0.635614,0.629188,0.053033,83461.023438,0.985860,0.000000,0.000000,0.000000,0.000000,0.000000,0.000000,0.000000,0.000000,0.000000,-61.087135
8.289383,1.000000,-7095.658691,-7.766512,2454.226978,1755.322754,5757.882813,306.485779,305.321136,324.775435,-16.528187,0.630450,3.503505,-62.174885,-20.411686,-20.241096,1750.572632,-0.056123,0.000682,-0.000622,0.636240,0.629912,0.052638,83461.023438,0.985740,0.000000,0.000000,0.000000,0.000000,0.000000,0.000000,0.000000,0.000000,0.000000,-61.065655
8.344637,1.000000,-7086.304199,-7.736856,2450.792336,1751.889526,5746.442871,306.505493,305.338867,324.748889,-16.525299,0.627569,3.501622,-62.153416,-20.406749,-20.236650,1747.167847,-0.056204,0.000661,-0.000620,0.636860,0.630606,0.052230,83461.023438,0.985635,0.000000,0.000000,0.000000,0.000000,0.000000,0.000000,0.000000,0.000000,0.000000,-61.044849
8.397935,1.000000,-7077.455566,-7.708744,2447.480385,1748.579346,5735.625000,306.524231,305.355255,324.723410,-16.522530,0.624778,3.499820,-62.133137,-20.402108,-20.232500,1743.947266,-0.056309,0.000644,-0.000618,0.637434,0.631266,0.051832,83461.023438,0.985516,0.000000,0.000000,0.000000,0.000000,0.000000,0.000000,0.000000,0.000000,0.000000,-61.024811
8.448407,1.000000,-7068.949219,-7.681661,2444.345048,1745.445313,5725.227539,306.541687,305.370880,324.698673,-16.519928,0.622128,3.498109,-62.113655,-20.397664,-20.228548,1740.851196,-0.056389,0.000628,-0.000615,0.637980,0.631882,0.051406,83461.023438,0.985388,0.000000,0.000000,0.000000,0.000000,0.000000,0.000000,0.000000,0.000000,0.000000,-61.005852
8.502548,1.000000,-7060.344727,-7.654211,2440.982872,1742.084717,5714.712402,306.560242,305.386078,324.673403,-16.517168,0.619274,3.496267,-62.093990,-20.393195,-20.224588,1737.719360,-0.056525,0.000616,-0.000613,0.638512,0.632533,0.050937,83461.023438,0.985274,0.000000,0.000000,0.000000,0.000000,0.000000,0.000000,0.000000,0.000000,0.000000,-60.985561
8.558344,1.000000,-7050.724121,-7.623454,2437.519083,1738.622437,5702.958984,306.579071,305.403473,324.644839,-16.514343,0.616324,3.494380,-62.072041,-20.388225,-20.220209,1734.217773,-0.056587,0.000594,-0.000610,0.639122,0.633196,0.050452,83461.023438,0.985132,0.000000,0.000000,0.000000,0.000000,0.000000,0.000000,0.000000,0.000000,0.000000,-60.964687
8.612217,1.000000,-7041.640625,-7.594354,2434.175794,1735.280640,5691.864746,306.596985,305.419159,324.617611,-16.511642,0.613467,3.492558,-62.051365,-20.383562,-20.216125,1730.911621,-0.056673,0.000577,-0.000607,0.639671,0.633828,0.049986,83461.023438,0.985014,0.000000,0.000000,0.000000,0.000000,0.000000,0.000000,0.000000,0.000000,0.000000,-60.944584
8.663527,1.000000,-7033.093262,-7.566918,2430.992582,1732.098999,5681.427246,306.613647,305.433899,324.591747,-16.509087,0.610744,3.490832,-62.031940,-20.379196,-20.212320,1727.800659,-0.056765,0.000563,-0.000605,0.640186,0.634422,0.049535,83461.023438,0.984893,0.000000,0.000000,0.000000,0.000000,0.000000,0.000000,0.000000,0.000000,0.000000,-60.925468
8.717652,1.000000,-7024.096191,-7.537985,2427.635813,1728.743530,5670.443848,306.631073,305.448975,324.564221,-16.506424,0.607861,3.489002,-62.011532,-20.374628,-20.208359,1724.526001,-0.056859,0.000544,-0.000602,0.640714,0.635039,0.049027,83461.023438,0.984765,0.000000,0.000000,0.000000,0.000000,0.000000,0.000000,0.000000,0.000000,0.000000,-60.905346
8.773750,1.000000,-7014.753906,-7.507884,2424.157849,1725.267334,5659.041504,306.648804,305.464905,324.535451,-16.503691,0.604864,3.487108,-61.990387,-20.369909,-20.204292,1721.125610,-0.056956,0.000528,-0.000599,0.641271,0.635669,0.048474,83461.023438,0.984603,0.000000,0.000000,0.000000,0.000000,0.000000,0.000000,0.000000,0.000000,0.000000,-60.884544
8.828204,1.000000,-7005.751953,-7.478826,2420.782942,1721.893799,5648.057617,306.665680,305.479950,324.507392,-16.501068,0.601948,3.485271,-61.970055,-20.365392,-20.200420,1717.849243,-0.057057,0.000510,-0.000596,0.641799,0.636274,0.047938,83461.023438,0.984474,0.000000,0.000000,0.000000,0.000000,0.000000,0.000000,0.000000,0.000000,0.000000,-60.864391
8.883966,1.000000,-6996.462402,-7.448784,2417.328125,1718.440430,5636.725098,306.682800,305.495209,324.478146,-16.498419,0.598957,3.483377,-61.949120,-20.360761,-20.196465,1714.468140,-0.057147,0.000493,-0.000593,0.642333,0.636884,0.047374,83461.023438,0.984324,0.000000,0.000000,0.000000,0.000000,0.000000,0.000000,0.000000,0.000000,0.000000,-60.843807
8.938583,1.000000,-6987.363770,-7.419307,2413.945378,1715.059082,5625.628418,306.699341,305.510620,324.449227,-16.495848,0.596015,3.481537,-61.928677,-20.356259,-20.192644,1711.156494,-0.057241,0.000477,-0.000589,0.642871,0.637475,0.046824,83461.023438,0.984146,0.000000,0.000000,0.000000,0.000000,0.000000,0.000000,0.000000,0.000000,0.000000,-60.823715
8.992088,1.000000,-6978.351563,-7.390057,2410.632583,1711.747681,5614.639648,306.715149,305.525330,324.420367,-16.493357,0.593132,3.479733,-61.908474,-20.351825,-20.188887,1707.876343,-0.057315,0.000460,-0.000586,0.643386,0.638047,0.046286,83461.023438,0.983983,0.000000,0.000000,0.000000,0.000000,0.000000,0.000000,0.000000,0.000000,0.000000,-60.804073
9.045411,1.000000,-6969.486328,-7.361235,2407.332127,1708.448486,5603.832520,306.730896,305.539337,324.391744,-16.490904,0.590249,3.477926,-61.888638,-20.347487,-20.185244,1704.649658,-0.057404,0.000442,-0.000583,0.643877,0.638607,0.045711,83461.023438,0.983826,0.000000,0.000000,0.000000,0.000000,0.000000,0.000000,0.000000,0.000000,0.000000,-60.784538
9.100056,1.000000,-6960.386230,-7.331600,2403.950935,1705.068848,5592.742188,306.746643,305.553314,324.362024,-16.488426,0.587293,3.476081,-61.868347,-20.343073,-20.181547,1701.337402,-0.057493,0.000426,-0.000580,0.644366,0.639177,0.045146,83461.023438,0.983677,0.000000,0.000000,0.000000,0.000000,0.000000,0.000000,0.000000,0.000000,0.000000,-60.764595
9.155063,1.000000,-6951.306641,-7.301982,2400.548462,1701.667847,5581.679199,306.762268,305.567413,324.332215,-16.485956,0.584312,3.474227,-61.848167,-20.338698,-20.177895,1698.032715,-0.057586,0.000415,-0.000577,0.644860,0.639743,0.044584,83461.023438,0.983509,0.000000,0.000000,0.000000,0.000000,0.000000,0.000000,0.000000,0.000000,0.000000,-60.744591
9.209089,1.000000,-6942.221191,-7.272300,2397.207757,1698.328369,5570.611816,306.777405,305.581299,324.302050,-16.483566,0.581379,3.472404,-61.828026,-20.334353,-20.174294,1694.725952,-0.057670,0.000397,-0.000573,0.645346,0.640291,0.044024,83461.023438,0.983338,0.000000,0.000000,0.000000,0.000000,0.000000,0.000000,0.000000,0.000000,0.000000,-60.724995
9.263038,1.000000,-6933.261230,-7.242980,2393.872886,1694.994873,5559.699219,306.792358,305.594696,324.272123,-16.481207,0.578445,3.470586,-61.808231,-20.330098,-20.170771,1691.464722,-0.057753,0.000383,-0.000570,0.645815,0.640831,0.043464,83461.023438,0.983175,0.000000,0.000000,0.000000,0.000000,0.000000,0.000000,0.000000,0.000000,0.000000,-60.705494
9.316339,1.000000,-6924.339355,-7.213741,2390.579120,1691.702393,5548.835938,306.806763,305.607880,324.241987,-16.478903,0.575545,3.468805,-61.788586,-20.325899,-20.167311,1688.217407,-0.057831,0.000364,-0.000567,0.646276,0.641358,0.042915,83461.023438,0.982995,0.000000,0.000000,0.000000,0.000000,0.000000,0.000000,0.000000,0.000000,0.000000,-60.686298
9.367421,1.000000,-6915.754395,-7.185566,2387.423453,1688.547852,5538.385742,306.820374,305.620453,324.212801,-16.476728,0.572760,3.467093,-61.769749,-20.321889,-20.164021,1685.092773,-0.057906,0.000347,-0.000564,0.646716,0.641856,0.042407,83461.023438,0.982835,0.000000,0.000000,0.000000,0.000000,0.000000,0.000000,0.000000,0.000000,0.000000,-60.667973
9.423756,1.000000,-6906.507813,-7.155174,2383.944376,1685.070313,5527.131836,306.835205,305.634186,324.181064,-16.474360,0.569679,3.465208,-61.749519,-20.317604,-20.160513,1681.727295,-0.058000,0.000332,-0.000560,0.647197,0.642399,0.041855,83461.023438,0.982620,0.000000,0.000000,0.000000,0.000000,0.000000,0.000000,0.000000,0.000000,0.000000,-60.647823
9.475125,1.000000,-6897.877930,-7.126768,2380.772990,1681.900146,5516.630859,306.848572,305.646118,324.151196,-16.472227,0.566869,3.463495,-61.730701,-20.313637,-20.157278,1678.586304,-0.058069,0.000312,-0.000557,0.647614,0.642887,0.041340,83461.023438,0.982467,0.000000,0.000000,0.000000,0.000000,0.000000,0.000000,0.000000,0.000000,0.000000,-60.629513
9.525237,1.000000,-6889.625000,-7.099568,2377.680128,1678.808594,5506.590332,306.861328,305.657532,324.122484,-16.470173,0.564118,3.461828,-61.712776,-20.309872,-20.154211,1675.582520,-0.058142,0.000298,-0.000553,0.648013,0.643357,0.040849,83461.023438,0.982302,0.000000,0.000000,0.000000,0.000000,0.000000,0.000000,0.000000,0.000000,0.000000,-60.611729
9.578301,1.000000,-6880.810547,-7.070481,2374.406061,1675.535645,5495.869629,306.874725,305.669830,324.091578,-16.468021,0.561206,3.460071,-61.693691,-20.305882,-20.150984,1672.374268,-0.058222,0.000279,-0.000550,0.648444,0.643846,0.040324,83461.023438,0.982105,0.000000,0.000000,0.000000,0.000000,0.000000,0.000000,0.000000,0.000000,0.000000,-60.592953
9.631689,1.000000,-6871.960938,-7.041239,2371.113025,1672.243896,5485.108398,306.887787,305.681427,324.060316,-16.465887,0.558270,3.458305,-61.674595,-20.301908,-20.147778,1669.153320,-0.058298,0.000263,-0.000546,0.648850,0.644332,0.039794,83461.023438,0.981947,0.000000,0.000000,0.000000,0.000000,0.000000,0.000000,0.000000,0.000000,0.000000,-60.574131
9.684504,1.000000,-6863.074219,-7.011836,2367.856336,1668.988525,5474.304199,306.900513,305.693237,324.028727,-16.463804,0.555362,3.456564,-61.655491,-20.297950,-20.144598,1665.918823,-0.058369,0.000244,-0.000542,0.649264,0.644805,0.039287,83461.023438,0.981758,0.000000,0.000000,0.000000,0.000000,0.000000,0.000000,0.000000,0.000000,0.000000,-60.555592
9.739610,1.000000,-6853.979492,-6.981705,2364.459442,1665.592773,5463.249512,306.913635,305.705292,323.996159,-16.461662,0.552329,3.454752,-61.636024,-20.293937,-20.141373,1662.608521,-0.058441,0.000228,-0.000538,0.649685,0.645292,0.038750,83461.023438,0.981565,0.000000,0.000000,0.000000,0.000000,0.000000,0.000000,0.000000,0.000000,0.000000,-60.536327
9.793776,1.000000,-6844.940918,-6.951725,2361.121542,1662.256104,5452.265137,306.926453,305.717102,323.963533,-16.459576,0.549343,3.452989,-61.616745,-20.289984,-20.138216,1659.318848,-0.058514,0.000209,-0.000534,0.650099,0.645763,0.038239,83461.023438,0.981363,0.000000,0.000000,0.000000,0.000000,0.000000,0.000000,0.000000,0.000000,0.000000,-60.517471
9.846525,1.000000,-6836.194824,-6.922679,2357.871960,1659.007813,5441.638672,306.938690,305.728180,323.931766,-16.457581,0.546434,3.451271,-61.598171,-20.286193,-20.135191,1656.135498,-0.058583,0.000192,-0.000530,0.650487,0.646216,0.037758,83461.023438,0.981170,0.000000,0.000000,0.000000,0.000000,0.000000,0.000000,0.000000,0.000000,0.000000,-60.499184
9.898928,1.000000,-6827.326172,-6.893194,2354.644665,1655.781738,5430.865723,306.950500,305.739349,323.899317,-16.455622,0.543541,3.449568,-61.579395,-20.282380,-20.132164,1652.907593,-0.058645,0.000173,-0.000527,0.650878,0.646660,0.037287,83461.023438,0.980983,0.000000,0.000000,0.000000,0.000000,0.000000,0.000000,0.000000,0.000000,0.000000,-60.481083
9.953368,1.000000,-6818.300781,-6.863152,2351.292941,1652.431152,5419.904297,306.962646,305.750366,323.866008,-16.453611,0.540536,3.447813,-61.560371,-20.278540,-20.129120,1649.622559,-0.058714,0.000154,-0.000522,0.651263,0.647114,0.036790,83461.023438,0.980792,0.000000,0.000000,0.000000,0.000000,0.000000,0.000000,0.000000,0.000000,0.000000,-60.462360
10.006384,1.000000,-6809.533691,-6.833939,2348.029884,1649.169067,5409.258789,306.974274,305.761383,323.833470,-16.451674,0.537605,3.446122,-61.541969,-20.274842,-20.126204,1646.431641,-0.058788,0.000139,-0.000518,0.651648,0.647550,0.036329,83461.023438,0.980580,0.000000,0.000000,0.000000,0.000000,0.000000,0.000000,0.000000,0.000000,0.000000,-60.444210
10.061043,1.000000,-6800.649414,-6.804302,2344.666728,1645.807129,5398.473145,306.985992,305.771881,323.800280,-16.449707,0.534580,3.444384,-61.523403,-20.271132,-20.123272,1643.197998,-0.058862,0.000126,-0.000514,0.652016,0.647992,0.035865,83461.023438,0.980391,0.000000,0.000000,0.000000,0.000000,0.000000,0.000000,0.000000,0.000000,0.000000,-60.425583
10.114755,1.000000,-6791.597168,-6.774073,2341.362849,1642.504395,5387.485352,306.997253,305.782288,323.766200,-16.447803,0.531608,3.442683,-61.504555,-20.267387,-20.120323,1639.903198,-0.058917,0.000109,-0.000510,0.652380,0.648421,0.035417,83461.023438,0.980201,0.000000,0.000000,0.000000,0.000000,0.000000,0.000000,0.000000,0.000000,0.000000,-60.407352
10.170162,1.000000,-6782.373535,-6.743240,2337.955752,1639.098511,5376.292480,307.008759,305.793274,323.731319,-16.445856,0.528542,3.440949,-61.485439,-20.263605,-20.117359,1636.546143,-0.058982,0.000092,-0.000506,0.652765,0.648855,0.034958,83461.023438,0.979980,0.000000,0.000000,0.000000,0.000000,0.000000,0.000000,0.000000,0.000000,0.000000,-60.388638
10.224453,1.000000,-6773.381836,-6.713153,2334.618310,1635.762207,5365.383301,307.019806,305.803467,323.697090,-16.443975,0.525538,3.439260,-61.466888,-20.259957,-20.114513,1633.273438,-0.059052,0.000074,-0.000502,0.653122,0.649272,0.034508,83461.023438,0.979783,0.000000,0.000000,0.000000,0.000000,0.000000,0.000000,0.000000,0.000000,0.000000,-60.370380
10.280042,1.000000,-6764.099609,-6.682061,2331.202114,1632.347168,5354.123535,307.030884,305.813477,323.661557,-16.442074,0.522460,3.437543,-61.447826,-20.256227,-20.111597,1629.895020,-0.059109,0.000057,-0.000497,0.653471,0.649695,0.034074,83461.023438,0.979598,0.000000,0.000000,0.000000,0.000000,0.000000,0.000000,0.000000,0.000000,0.000000,-60.351788
10.334955,1.000000,-6754.860840,-6.651086,2327.828493,1628.974731,5342.918945,307.041595,305.823853,323.625905,-16.440222,0.519417,3.435860,-61.428947,-20.252559,-20.108742,1626.532349,-0.059166,0.000040,-0.000493,0.653835,0.650107,0.033658,83461.023438,0.979388,0.000000,0.000000,0.000000,0.000000,0.000000,0.000000,0.000000,0.000000,0.000000,-60.333508
10.388894,1.000000,-6745.975098,-6.621268,2324.515704,1625.662842,5332.144531,307.051971,305.833862,323.591409,-16.438425,0.516425,3.434222,-61.410870,-20.249066,-20.106026,1623.298218,-0.059229,0.000024,-0.000489,0.654186,0.650505,0.033269,83461.023438,0.979183,0.000000,0.000000,0.000000,0.000000,0.000000,0.000000,0.000000,0.000000,0.000000,-60.315632
10.444781,1.000000,-6736.780273,-6.590387,2321.084310,1622.232422,5320.997070,307.062378,305.843903,323.555550,-16.436586,0.513332,3.432536,-61.392239,-20.245483,-20.103249,1619.951538,-0.059295,0.000010,-0.000485,0.654537,0.650912,0.032866,83461.023438,0.978995,0.000000,0.000000,0.000000,0.000000,0.000000,0.000000,0.000000,0.000000,0.000000,-60.297199
10.499661,1.000000,-6727.608398,-6.559556,2317.715764,1618.865234,5309.879883,307.072388,305.854187,323.519541,-16.434799,0.510293,3.430904,-61.373749,-20.241950,-20.100515,1616.613281,-0.059351,-0.000007,-0.000480,0.654896,0.651307,0.032485,83461.023438,0.978795,0.000000,0.000000,0.000000,0.000000,0.000000,0.000000,0.000000,0.000000,0.000000,-60.279190
10.553318,1.000000,-6718.605957,-6.529269,2314.423258,1615.573730,5298.970215,307.082062,305.863617,323.483949,-16.433073,0.507316,3.429320,-61.355679,-20.238520,-20.097864,1613.336670,-0.059401,-0.000023,-0.000476,0.655227,0.651689,0.032127,83461.023438,0.978603,0.000000,0.000000,0.000000,0.000000,0.000000,0.000000,0.000000,0.000000,0.000000,-60.261662
10.605883,1.000000,-6709.966797,-6.500181,2311.198687,1612.350098,5288.502441,307.091431,305.873016,323.449661,-16.431398,0.504407,3.427784,-61.338406,-20.235255,-20.095350,1610.192261,-0.059462,-0.000037,-0.000472,0.655555,0.652058,0.031788,83461.023438,0.978420,0.000000,0.000000,0.000000,0.000000,0.000000,0.000000,0.000000,0.000000,0.000000,-60.244568
10.660977,1.000000,-6700.799805,-6.469292,2307.819959,1608.972412,5277.396973,307.101074,305.882599,323.413089,-16.429665,0.501358,3.426184,-61.320156,-20.231825,-20.092714,1606.855713,-0.059518,-0.000053,-0.000468,0.655891,0.652440,0.031424,83461.023438,0.978236,0.000000,0.000000,0.000000,0.000000,0.000000,0.000000,0.000000,0.000000,0.000000,-60.226723
10.714545,1.000000,-6691.950684,-6.439452,2304.535779,1605.689331,5266.678711,307.110138,305.891418,323.377526,-16.427988,0.498394,3.424658,-61.302616,-20.228551,-20.090206,1603.634888,-0.059572,-0.000070,-0.000463,0.656199,0.652805,0.031060,83461.023438,0.978055,0.000000,0.000000,0.000000,0.000000,0.000000,0.000000,0.000000,0.000000,0.000000,-60.209457
10.765387,1.000000,-6683.473633,-6.410847,2301.419596,1602.573975,5256.413086,307.118622,305.900238,323.343327,-16.426424,0.495582,3.423213,-61.285885,-20.225443,-20.087828,1600.549561,-0.059620,-0.000082,-0.000459,0.656508,0.653147,0.030739,83461.023438,0.977868,0.000000,0.000000,0.000000,0.000000,0.000000,0.000000,0.000000,0.000000,0.000000,-60.193146
10.819155,1.000000,-6674.515137,-6.380598,2298.124989,1599.280273,5245.565918,307.127441,305.909454,323.306963,-16.424789,0.492608,3.421702,-61.268291,-20.222197,-20.085350,1597.288940,-0.059672,-0.000099,-0.000455,0.656831,0.653506,0.030412,83461.023438,0.977682,0.000000,0.000000,0.000000,0.000000,0.000000,0.000000,0.000000,0.000000,0.000000,-60.175983
10.872368,1.000000,-6665.655762,-6.350664,2294.865316,1596.021484,5234.840820,307.136108,305.918243,323.270836,-16.423191,0.489669,3.420214,-61.250965,-20.219018,-20.082930,1594.064331,-0.059726,-0.000113,-0.000451,0.657138,0.653856,0.030104,83461.023438,0.977493,0.000000,0.000000,0.000000,0.000000,0.000000,0.000000,0.000000,0.000000,0.000000,-60.159065
10.925316,1.000000,-6656.922852,-6.321140,2291.622785,1592.780029,5224.270996,307.144470,305.926361,323.234947,-16.421614,0.486738,3.418763,-61.233952,-20.215919,-20.080572,1590.885864,-0.059779,-0.000131,-0.000447,0.657423,0.654201,0.029804,83461.023438,0.977318,0.000000,0.000000,0.000000,0.000000,0.000000,0.000000,0.000000,0.000000,0.000000,-60.142307
10.979928,1.000000,-6647.888184,-6.290578,2288.279299,1589.437500,5213.336914,307.152985,305.935028,323.197693,-16.419996,0.483722,3.417284,-61.216431,-20.212744,-20.078156,1587.597412,-0.059826,-0.000145,-0.000442,0.657726,0.654550,0.029496,83461.023438,0.977145,0.000000,0.000000,0.000000,0.000000,0.000000,0.000000,0.000000,0.000000,0.000000,-60.125107
11.034351,1.000000,-6638.759766,-6.259685,2284.948336,1586.107422,5202.291992,307.161377,305.943604,323.159846,-16.418406,0.480719,3.415828,-61.198811,-20.209572,-20.075756,1584.275024,-0.059875,-0.000161,-0.000438,0.658026,0.654893,0.029199,83461.023438,0.976950,0.000000,0.000000,0.000000,0.000000,0.000000,0.000000,0.000000,0.000000,0.000000,-60.108044
11.088901,1.000000,-6629.713867,-6.229054,2281.610550,1582.770630,5191.348633,307.169739,305.951996,323.122207,-16.416830,0.477713,3.414372,-61.181412,-20.206454,-20.073402,1580.982544,-0.059927,-0.000177,-0.000434,0.658320,0.655231,0.028904,83461.023438,0.976779,0.000000,0.000000,0.000000,0.000000,0.000000,0.000000,0.000000,0.000000,0.000000,-60.091011
11.144803,1.000000,-6620.540039,-6.197976,2278.191021,1579.351807,5180.252441,307.177856,305.960022,323.083826,-16.415236,0.474628,3.412898,-61.163853,-20.203329,-20.071053,1577.643555,-0.059986,-0.000191,-0.000429,0.658601,0.655573,0.028598,83461.023438,0.976610,0.000000,0.000000,0.000000,0.000000,0.000000,0.000000,0.000000,0.000000,0.000000,-60.073643
11.199524,1.000000,-6611.456055,-6.167187,2274.844692,1576.006592,5169.266113,307.185669,305.968597,323.045593,-16.413689,0.471610,3.411479,-61.146534,-20.200268,-20.068745,1574.337280,-0.060029,-0.000206,-0.000425,0.658901,0.655902,0.028306,83461.023438,0.976419,0.000000,0.000000,0.000000,0.000000,0.000000,0.000000,0.000000,0.000000,0.000000,-60.056717
11.255236,1.000000,-6602.199219,-6.135799,2271.438731,1572.601563,5158.073242,307.193481,305.976410,323.006441,-16.412127,0.468542,3.410054,-61.128975,-20.197186,-20.066437,1570.968018,-0.060081,-0.000223,-0.000420,0.659175,0.656232,0.028015,83461.023438,0.976246,0.000000,0.000000,0.000000,0.000000,0.000000,0.000000,0.000000,0.000000,0.000000,-60.039570
11.312331,1.000000,-6592.798828,-6.103909,2267.949231,1569.112793,5146.708496,307.201385,305.984589,322.966577,-16.410549,0.465404,3.408602,-61.111225,-20.194086,-20.064110,1567.546631,-0.060128,-0.000235,-0.000416,0.659460,0.656565,0.027721,83461.023438,0.976066,0.000000,0.000000,0.000000,0.000000,0.000000,0.000000,0.000000,0.000000,0.000000,-60.022083
11.366819,1.000000,-6583.617188,-6.072749,2264.620013,1565.784668,5135.609863,307.208649,305.992798,322.927425,-16.409054,0.462413,3.407242,-61.093960,-20.191092,-20.061874,1564.204712,-0.060170,-0.000253,-0.000411,0.659748,0.656878,0.027445,83461.023438,0.975877,0.000000,0.000000,0.000000,0.000000,0.000000,0.000000,0.000000,0.000000,0.000000,-60.005470
11.416963,1.000000,-6575.564453,-6.045409,2261.557030,1562.722412,5125.877441,307.215271,305.999420,322.893018,-16.407686,0.459661,3.406002,-61.078876,-20.188487,-20.059938,1561.273804,-0.060225,-0.000263,-0.000407,0.659980,0.657162,0.027190,83461.023438,0.975730,0.000000,0.000000,0.000000,0.000000,0.000000,0.000000,0.000000,0.000000,0.000000,-59.990246
11.471869,1.000000,-6566.371094,-6.014189,2258.204063,1559.370239,5114.768555,307.222382,306.005768,322.853451,-16.406206,0.456655,3.404663,-61.061737,-20.185553,-20.057755,1557.927612,-0.060262,-0.000283,-0.000403,0.660202,0.657467,0.026897,83461.023438,0.975588,0.000000,0.000000,0.000000,0.000000,0.000000,0.000000,0.000000,0.000000,0.000000,-59.973648
11.521984,1.000000,-6557.894531,-5.985394,2255.144477,1556.311768,5104.526855,307.228699,306.013672,322.816761,-16.404869,0.453907,3.403464,-61.045994,-20.182877,-20.055765,1554.842407,-0.060293,-0.000299,-0.000398,0.660478,0.657742,0.026652,83461.023438,0.975404,0.000000,0.000000,0.000000,0.000000,0.000000,0.000000,0.000000,0.000000,0.000000,-59.958572
11.571999,1.000000,-6549.713867,-5.957600,2252.091766,1553.260010,5094.644531,307.234955,306.020264,322.781257,-16.403553,0.451169,3.402271,-61.030869,-20.180320,-20.053873,1551.864990,-0.060341,-0.000312,-0.000394,0.660709,0.658012,0.026433,83461.023438,0.975236,0.000000,0.000000,0.000000,0.000000,0.000000,0.000000,0.000000,0.000000,0.000000,-59.943592
11.627499,1.000000,-6540.392090,-5.925921,2248.705166,1549.874268,5083.384766,307.241577,306.027618,322.740740,-16.402102,0.448127,3.400961,-61.013706,-20.177431,-20.051735,1548.472046,-0.060379,-0.000330,-0.000390,0.660967,0.658308,0.026178,83461.023438,0.975088,0.000000,0.000000,0.000000,0.000000,0.000000,0.000000,0.000000,0.000000,0.000000,-59.927040
11.680490,1.000000,-6531.605469,-5.896055,2245.472538,1546.642822,5072.772949,307.247772,306.034454,322.702359,-16.400726,0.445230,3.399732,-60.997601,-20.174740,-20.049751,1545.274048,-0.060422,-0.000345,-0.000385,0.661206,0.658588,0.025947,83461.023438,0.974919,0.000000,0.000000,0.000000,0.000000,0.000000,0.000000,0.000000,0.000000,0.000000,-59.911308
11.730901,1.000000,-6523.219238,-5.867544,2242.398088,1543.569336,5062.646973,307.253601,306.040985,322.665580,-16.399427,0.442481,3.398577,-60.982281,-20.172196,-20.047884,1542.221680,-0.060466,-0.000360,-0.000381,0.661434,0.658850,0.025727,83461.023438,0.974772,0.000000,0.000000,0.000000,0.000000,0.000000,0.000000,0.000000,0.000000,0.000000,-59.896400
11.783706,1.000000,-6514.583008,-5.838178,2239.178457,1540.350586,5052.219727,307.259644,306.047272,322.627555,-16.398077,0.439599,3.397390,-60.966568,-20.169602,-20.045977,1539.078369,-0.060508,-0.000375,-0.000376,0.661655,0.659120,0.025493,83461.023438,0.974625,0.000000,0.000000,0.000000,0.000000,0.000000,0.000000,0.000000,0.000000,0.000000,-59.880848
11.835103,1.000000,-6506.056641,-5.809180,2236.045479,1537.218506,5041.926758,307.265228,306.053650,322.589797,-16.396772,0.436801,3.396248,-60.951111,-20.167071,-20.044119,1535.974976,-0.060542,-0.000389,-0.000372,0.661878,0.659379,0.025256,83461.023438,0.974474,0.000000,0.000000,0.000000,0.000000,0.000000,0.000000,0.000000,0.000000,0.000000,-59.865772
11.889724,1.000000,-6497.007324,-5.778403,2232.716847,1533.890869,5031.003906,307.271118,306.060150,322.549636,-16.395409,0.433830,3.395038,-60.934769,-20.164407,-20.042175,1532.681274,-0.060584,-0.000406,-0.000367,0.662105,0.659648,0.025008,83461.023438,0.974313,0.000000,0.000000,0.000000,0.000000,0.000000,0.000000,0.000000,0.000000,0.000000,-59.849808
11.944772,1.000000,-6487.865234,-5.747309,2229.363094,1530.538086,5019.971191,307.276855,306.066406,322.508823,-16.394043,0.430838,3.393842,-60.918331,-20.161751,-20.040243,1529.353882,-0.060625,-0.000424,-0.000362,0.662324,0.659915,0.024761,83461.023438,0.974161,0.000000,0.000000,0.000000,0.000000,0.000000,0.000000,0.000000,0.000000,0.000000,-59.833801
11.999554,1.000000,-6478.800293,-5.716475,2226.026440,1527.202515,5009.032715,307.282532,306.072754,322.468277,-16.392693,0.427865,3.392674,-60.902107,-20.159145,-20.038347,1526.054565,-0.060665,-0.000438,-0.000357,0.662546,0.660176,0.024529,83461.023438,0.974002,0.000000,0.000000,0.000000,0.000000,0.000000,0.000000,0.000000,0.000000,0.000000,-59.817947
12.050992,1.000000,-6470.260742,-5.687428,2222.894273,1524.071289,4998.729492,307.287567,306.078644,322.429926,-16.391434,0.425079,3.391593,-60.886879,-20.156714,-20.036581,1522.946411,-0.060698,-0.000455,-0.000353,0.662753,0.660416,0.024308,83461.023438,0.973857,0.000000,0.000000,0.000000,0.000000,0.000000,0.000000,0.000000,0.000000,0.000000,-59.803120
12.106434,1.000000,-6461.057617,-5.656122,2219.519163,1520.697021,4987.627441,307.293030,306.085175,322.388489,-16.390093,0.422080,3.390435,-60.870533,-20.154120,-20.034702,1519.596680,-0.060735,-0.000469,-0.000348,0.662982,0.660672,0.024075,83461.023438,0.973707,0.000000,0.000000,0.000000,0.000000,0.000000,0.000000,0.000000,0.000000,0.000000,-59.787205
12.161603,1.000000,-6451.965820,-5.625196,2216.161566,1517.340576,4976.661133,307.298187,306.091309,322.347291,-16.388771,0.419104,3.389307,-60.854450,-20.151591,-20.032877,1516.287598,-0.060775,-0.000486,-0.000343,0.663196,0.660923,0.023850,83461.023438,0.973563,0.000000,0.000000,0.000000,0.000000,0.000000,0.000000,0.000000,0.000000,0.000000,-59.771435
12.216132,1.000000,-6442.924316,-5.594442,2212.843794,1514.023682,4965.756836,307.303131,306.097595,322.306270,-16.387474,0.416162,3.388200,-60.838516,-20.149097,-20.031080,1512.996704,-0.060811,-0.000500,-0.000338,0.663416,0.661169,0.023624,83461.023438,0.973429,0.000000,0.000000,0.000000,0.000000,0.000000,0.000000,0.000000,0.000000,0.000000,-59.755909
12.269815,1.000000,-6434.018555,-5.564153,2209.578344,1510.759033,4955.018066,307.307953,306.103424,322.265753,-16.386211,0.413273,3.387120,-60.822872,-20.146661,-20.029337,1509.755249,-0.060849,-0.000518,-0.000334,0.663620,0.661406,0.023385,83461.023438,0.973285,0.000000,0.000000,0.000000,0.000000,0.000000,0.000000,0.000000,0.000000,0.000000,-59.740677
12.326747,1.000000,-6424.754883,-5.532650,2206.116174,1507.297852,4943.848633,307.312927,306.109039,322.223398,-16.384890,0.410213,3.385989,-60.806675,-20.144162,-20.027550,1506.383545,-0.060892,-0.000531,-0.000329,0.663816,0.661655,0.023147,83461.023438,0.973144,0.000000,0.000000,0.000000,0.000000,0.000000,0.000000,0.000000,0.000000,0.000000,-59.724602
12.383415,1.000000,-6415.272461,-5.500407,2202.670986,1503.853516,4932.417480,307.317719,306.115387,322.179856,-16.383587,0.407170,3.384885,-60.790161,-20.141634,-20.025743,1502.932251,-0.060924,-0.000549,-0.000324,0.664039,0.661900,0.022908,83461.023438,0.972996,0.000000,0.000000,0.000000,0.000000,0.000000,0.000000,0.000000,0.000000,0.000000,-59.708668
12.438293,1.000000,-6406.133301,-5.469337,2199.335503,1500.518921,4921.401367,307.322296,306.121674,322.137856,-16.382338,0.404231,3.383824,-60.774303,-20.139217,-20.024027,1499.605835,-0.060961,-0.000567,-0.000319,0.664258,0.662134,0.022681,83461.023438,0.972850,0.000000,0.000000,0.000000,0.000000,0.000000,0.000000,0.000000,0.000000,0.000000,-59.693306
12.495063,1.000000,-6396.819336,-5.437679,2195.885931,1497.070313,4910.176758,307.326935,306.127258,322.094908,-16.381056,0.401196,3.382740,-60.758213,-20.136782,-20.022306,1496.215820,-0.061005,-0.000581,-0.000314,0.664454,0.662372,0.022443,83461.023438,0.972717,0.000000,0.000000,0.000000,0.000000,0.000000,0.000000,0.000000,0.000000,0.000000,-59.677479
12.550385,1.000000,-6387.576172,-5.406267,2192.525229,1493.710327,4899.038086,307.331329,306.132996,322.052078,-16.379820,0.398242,3.381701,-60.742298,-20.134393,-20.020617,1492.851685,-0.061036,-0.000600,-0.000309,0.664655,0.662600,0.022213,83461.023438,0.972576,0.000000,0.000000,0.000000,0.000000,0.000000,0.000000,0.000000,0.000000,0.000000,-59.662113
12.604269,1.000000,-6378.615234,-5.375820,2189.252717,1490.438721,4888.240723,307.335449,306.138611,322.010375,-16.378628,0.395365,3.380704,-60.726933,-20.132107,-20.019003,1489.590088,-0.061068,-0.000613,-0.000304,0.664852,0.662820,0.021994,83461.023438,0.972437,0.000000,0.000000,0.000000,0.000000,0.000000,0.000000,0.000000,0.000000,0.000000,-59.647213
12.658816,1.000000,-6369.738281,-5.345666,2185.940777,1487.127441,4877.546387,307.339508,306.143738,321.968909,-16.377428,0.392460,3.379719,-60.711773,-20.129868,-20.017422,1486.359131,-0.061100,-0.000629,-0.000299,0.665030,0.663039,0.021779,83461.023438,0.972286,0.000000,0.000000,0.000000,0.000000,0.000000,0.000000,0.000000,0.000000,0.000000,-59.632195
12.711863,1.000000,-6360.852539,-5.315491,2182.720715,1483.908325,4866.842285,307.343231,306.149109,321.927354,-16.376276,0.389641,3.378764,-60.696663,-20.127650,-20.015865,1483.125000,-0.061130,-0.000647,-0.000294,0.665219,0.663248,0.021581,83461.023438,0.972151,0.000000,0.000000,0.000000,0.000000,0.000000,0.000000,0.000000,0.000000,0.000000,-59.617653
12.768680,1.000000,-6351.613770,-5.284127,2179.272684,1480.461182,4855.714844,307.347107,306.153564,321.884020,-16.375059,0.386625,3.377747,-60.681004,-20.125365,-20.014269,1479.762451,-0.061170,-0.000661,-0.000289,0.665375,0.663468,0.021359,83461.023438,0.972040,0.000000,0.000000,0.000000,0.000000,0.000000,0.000000,0.000000,0.000000,0.000000,-59.602127
12.819778,1.000000,-6343.109375,-5.255264,2176.172491,1477.361816,4845.472656,307.350647,306.158417,321.843948,-16.373968,0.383916,3.376858,-60.666634,-20.123286,-20.012819,1476.666992,-0.061198,-0.000676,-0.000284,0.665544,0.663661,0.021155,83461.023438,0.971904,0.000000,0.000000,0.000000,0.000000,0.000000,0.000000,0.000000,0.000000,0.000000,-59.588223
12.875751,1.000000,-6333.887695,-5.223978,2172.777358,1473.967285,4834.368164,307.354309,306.163818,321.800377,-16.372793,0.380958,3.375886,-60.651115,-20.121057,-20.011267,1473.310669,-0.061230,-0.000689,-0.000279,0.665733,0.663870,0.020943,83461.023438,0.971762,0.000000,0.000000,0.000000,0.000000,0.000000,0.000000,0.000000,0.000000,0.000000,-59.573051
12.928286,1.000000,-6325.182129,-5.194454,2169.591551,1470.782227,4823.886719,307.357544,306.168457,321.759119,-16.371702,0.378192,3.374990,-60.636536,-20.118981,-20.009825,1470.142090,-0.061259,-0.000702,-0.000274,0.665895,0.664063,0.020753,83461.023438,0.971634,0.000000,0.000000,0.000000,0.000000,0.000000,0.000000,0.000000,0.000000,0.000000,-59.558880
12.982678,1.000000,-6316.154785,-5.163850,2166.293937,1467.485352,4813.018555,307.360840,306.172791,321.716259,-16.370577,0.375330,3.374071,-60.621460,-20.116844,-20.008348,1466.856323,-0.061291,-0.000715,-0.000269,0.666048,0.664260,0.020562,83461.023438,0.971521,0.000000,0.000000,0.000000,0.000000,0.000000,0.000000,0.000000,0.000000,0.000000,-59.544254
13.037508,1.000000,-6307.160645,-5.133370,2162.970612,1464.162842,4802.191406,307.364136,306.171082,321.673399,-16.369463,0.372453,3.373155,-60.606487,-20.114739,-20.006889,1463.582764,-0.061315,-0.000737,-0.000264,0.665988,0.664454,0.020343,83461.023438,0.971489,0.000000,0.000000,0.000000,0.000000,0.000000,0.000000,0.000000,0.000000,0.000000,-59.529560
13.094047,1.000000,-6298.078125,-5.102607,2159.544546,1460.737305,4791.259766,307.367249,306.182312,321.630035,-16.368319,0.369497,3.372231,-60.591438,-20.112639,-20.005444,1460.276978,-0.061353,-0.000741,-0.000259,0.666381,0.664648,0.020155,83461.023438,0.971256,0.000000,0.000000,0.000000,0.000000,0.000000,0.000000,0.000000,0.000000,0.000000,-59.514492
13.144940,1.000000,-6289.641602,-5.074046,2156.461355,1457.654907,4781.106934,307.370056,306.185974,321.589667,-16.367296,0.366837,3.371406,-60.577507,-20.110707,-20.004128,1457.206421,-0.061388,-0.000754,-0.000255,0.666509,0.664821,0.019980,83461.023438,0.971145,0.000000,0.000000,0.000000,0.000000,0.000000,0.000000,0.000000,0.000000,0.000000,-59.500969
13.205360,1.000000,-6280.104980,-5.041774,2152.801918,1453.996338,4769.630371,307.373291,306.191010,321.543960,-16.366098,0.363690,3.370434,-60.561802,-20.108540,-20.002645,1453.735352,-0.061428,-0.000762,-0.000250,0.666686,0.665023,0.019754,83461.023438,0.971023,0.000000,0.000000,0.000000,0.000000,0.000000,0.000000,0.000000,0.000000,0.000000,-59.484970
13.260440,1.000000,-6270.247559,-5.008436,2149.466767,1450.661743,4757.770020,307.376068,306.195557,321.496533,-16.365015,0.360826,3.369564,-60.545624,-20.106326,-20.001144,1450.147461,-0.061444,-0.000788,-0.000245,0.666844,0.665204,0.019542,83461.023438,0.970884,0.000000,0.000000,0.000000,0.000000,0.000000,0.000000,0.000000,0.000000,0.000000,-59.470436
13.316252,1.000000,-6261.188477,-4.977815,2146.088128,1447.283691,4746.871094,307.378693,306.199554,321.452813,-16.363937,0.357931,3.368689,-60.530827,-20.104321,-19.999781,1446.850342,-0.061473,-0.000799,-0.000240,0.666984,0.665384,0.019337,83461.023438,0.970765,0.000000,0.000000,0.000000,0.000000,0.000000,0.000000,0.000000,0.000000,0.000000,-59.455780
13.370875,1.000000,-6252.116211,-4.947166,2142.782278,1443.978516,4735.957520,307.381165,306.204041,321.408885,-16.362890,0.355107,3.367854,-60.516060,-20.102336,-19.998436,1443.548218,-0.061498,-0.000813,-0.000235,0.667141,0.665557,0.019139,83461.023438,0.970645,0.000000,0.000000,0.000000,0.000000,0.000000,0.000000,0.000000,0.000000,0.000000,-59.441490
13.422416,1.000000,-6243.546875,-4.918235,2139.663686,1440.860474,4725.650391,307.383484,306.207703,321.367301,-16.361912,0.352446,3.367069,-60.502159,-20.100481,-19.997187,1440.429321,-0.061525,-0.000827,-0.000231,0.667269,0.665718,0.018961,83461.023438,0.970533,0.000000,0.000000,0.000000,0.000000,0.000000,0.000000,0.000000,0.000000,0.000000,-59.428059
13.475077,1.000000,-6234.812988,-4.888766,2136.478059,1437.675537,4715.146484,307.385864,306.211121,321.324856,-16.360924,0.349732,3.366275,-60.488045,-20.098609,-19.995935,1437.250366,-0.061556,-0.000840,-0.000227,0.667390,0.665879,0.018775,83461.023438,0.970431,0.000000,0.000000,0.000000,0.000000,0.000000,0.000000,0.000000,0.000000,0.000000,-59.414379
13.528784,1.000000,-6226.055176,-4.859233,2133.229917,1434.428223,4704.614258,307.388000,306.214752,321.282175,-16.359922,0.346974,3.365486,-60.473942,-20.096754,-19.994690,1434.062866,-0.061581,-0.000853,-0.000222,0.667517,0.666040,0.018585,83461.023438,0.970315,0.000000,0.000000,0.000000,0.000000,0.000000,0.000000,0.000000,0.000000,0.000000,-59.400494
13.581962,1.000000,-6217.216797,-4.829450,2130.014522,1431.213379,4693.986816,307.390106,306.218719,321.238989,-16.358946,0.344245,3.364710,-60.459755,-20.094901,-19.993456,1430.845947,-0.061608,-0.000868,-0.000218,0.667655,0.666195,0.018404,83461.023438,0.970181,0.000000,0.000000,0.000000,0.000000,0.000000,0.000000,0.000000,0.000000,0.000000,-59.386787
13.633999,1.000000,-6208.581055,-4.800368,2126.868839,1428.068604,4683.603516,307.392029,306.222229,321.196663,-16.357998,0.341586,3.363961,-60.445946,-20.093114,-19.992262,1427.702759,-0.061629,-0.000880,-0.000213,0.667778,0.666345,0.018235,83461.023438,0.970069,0.000000,0.000000,0.000000,0.000000,0.000000,0.000000,0.000000,0.000000,0.000000,-59.373436
13.687836,1.000000,-6199.727539,-4.770575,2123.615096,1424.815430,4672.959473,307.393921,306.225525,321.153180,-16.357027,0.338845,3.363198,-60.431839,-20.091302,-19.991056,1424.480347,-0.061654,-0.000892,-0.000209,0.667894,0.666496,0.018063,83461.023438,0.969968,0.000000,0.000000,0.000000,0.000000,0.000000,0.000000,0.000000,0.000000,0.000000,-59.359665
13.740641,1.000000,-6191.064453,-4.741442,2120.424461,1421.625732,4662.545898,307.395752,306.228912,321.110528,-16.356079,0.336161,3.362469,-60.418091,-20.089552,-19.989895,1421.327271,-0.061677,-0.000904,-0.000204,0.668012,0.666642,0.017901,83461.023438,0.969847,0.000000,0.000000,0.000000,0.000000,0.000000,0.000000,0.000000,0.000000,0.000000,-59.346222
13.791710,1.000000,-6182.572754,-4.712907,2117.339416,1418.541138,4652.338867,307.397339,306.232513,321.068647,-16.355173,0.333574,3.361768,-60.404640,-20.087847,-19.988771,1418.236450,-0.061701,-0.000919,-0.000200,0.668137,0.666779,0.017741,83461.023438,0.969749,0.000000,0.000000,0.000000,0.000000,0.000000,0.000000,0.000000,0.000000,0.000000,-59.333244
13.846687,1.000000,-6173.615723,-4.682830,2114.019049,1415.221558,4641.573242,307.398987,306.235626,321.024364,-16.354212,0.330800,3.361016,-60.390507,-20.086072,-19.987597,1414.976440,-0.061722,-0.000930,-0.000195,0.668247,0.666927,0.017571,83461.023438,0.969643,0.000000,0.000000,0.000000,0.000000,0.000000,0.000000,0.000000,0.000000,0.000000,-59.319332
13.899683,1.000000,-6165.184570,-4.654542,2110.819070,1412.022217,4631.440918,307.400391,306.238495,320.982512,-16.353285,0.328130,3.360317,-60.377247,-20.084423,-19.986511,1411.907715,-0.061746,-0.000940,-0.000191,0.668347,0.667066,0.017406,83461.023438,0.969542,0.000000,0.000000,0.000000,0.000000,0.000000,0.000000,0.000000,0.000000,0.000000,-59.305969
13.950403,1.000000,-6156.549805,-4.625595,2107.757199,1408.960938,4621.064941,307.401703,306.242554,320.939593,-16.352411,0.325580,3.359652,-60.363716,-20.082753,-19.985418,1408.764893,-0.061764,-0.000955,-0.000187,0.668489,0.667196,0.017264,83461.023438,0.969428,0.000000,0.000000,0.000000,0.000000,0.000000,0.000000,0.000000,0.000000,0.000000,-59.293232
14.006029,1.000000,-6147.348633,-4.594777,2104.399923,1405.604370,4610.009277,307.403107,306.245819,320.893856,-16.351463,0.322788,3.358929,-60.349350,-20.080988,-19.984266,1405.416016,-0.061787,-0.000969,-0.000182,0.668604,0.667338,0.017106,83461.023438,0.969337,0.000000,0.000000,0.000000,0.000000,0.000000,0.000000,0.000000,0.000000,0.000000,-59.279308
14.058880,1.000000,-6138.667969,-4.565729,2101.210865,1402.416016,4599.580566,307.404327,306.249634,320.850611,-16.350567,0.320147,3.358255,-60.335831,-20.079339,-19.983206,1402.256470,-0.061819,-0.000980,-0.000178,0.668737,0.667471,0.016953,83461.023438,0.969241,0.000000,0.000000,0.000000,0.000000,0.000000,0.000000,0.000000,0.000000,0.000000,-59.266121
14.114434,1.000000,-6129.590820,-4.535378,2097.859480,1399.065186,4588.675293,307.405518,306.252533,320.805319,-16.349636,0.317377,3.357550,-60.321739,-20.077632,-19.982098,1398.952637,-0.061839,-0.000993,-0.000173,0.668839,0.667610,0.016778,83461.023438,0.969138,0.000000,0.000000,0.000000,0.000000,0.000000,0.000000,0.000000,0.000000,0.000000,-59.252308
14.168542,1.000000,-6120.512695,-4.505054,2094.596083,1395.802490,4577.770996,307.406555,306.255737,320.759820,-16.348745,0.314687,3.356868,-60.307690,-20.075949,-19.981016,1395.648438,-0.061861,-0.001008,-0.000168,0.668951,0.667742,0.016618,83461.023438,0.969025,0.000000,0.000000,0.000000,0.000000,0.000000,0.000000,0.000000,0.000000,0.000000,-59.238895
14.223458,1.000000,-6111.613770,-4.475356,2091.284715,1392.491577,4567.082031,307.407532,306.258911,320.715180,-16.347847,0.311962,3.356192,-60.293961,-20.074314,-19.979963,1392.409546,-0.061882,-0.001018,-0.000164,0.669062,0.667873,0.016452,83461.023438,0.968933,0.000000,0.000000,0.000000,0.000000,0.000000,0.000000,0.000000,0.000000,0.000000,-59.225330
14.276744,1.000000,-6102.701172,-4.445643,2088.072365,1389.279785,4556.377930,307.408356,306.262085,320.670422,-16.346981,0.309325,3.355546,-60.280258,-20.072694,-19.978928,1389.165649,-0.061902,-0.001035,-0.000159,0.669173,0.667999,0.016294,83461.023438,0.968825,0.000000,0.000000,0.000000,0.000000,0.000000,0.000000,0.000000,0.000000,0.000000,-59.212219
14.330557,1.000000,-6093.812988,-4.416042,2084.828973,1386.036987,4545.704102,307.409271,306.265015,320.625664,-16.346113,0.306670,3.354904,-60.266632,-20.071096,-19.977917,1385.930542,-0.061928,-0.001048,-0.000155,0.669275,0.668123,0.016133,83461.023438,0.968728,0.000000,0.000000,0.000000,0.000000,0.000000,0.000000,0.000000,0.000000,0.000000,-59.199017
14.384838,1.000000,-6085.004883,-4.386735,2081.558112,1382.766846,4535.127441,307.410126,306.267731,320.581233,-16.345251,0.304001,3.354262,-60.253178,-20.069532,-19.976921,1382.724731,-0.061946,-0.001059,-0.000150,0.669371,0.668246,0.015964,83461.023438,0.968643,0.000000,0.000000,0.000000,0.000000,0.000000,0.000000,0.000000,0.000000,0.000000,-59.185749
14.439871,1.000000,-6076.005371,-4.356822,2078.242693,1379.451904,4524.321777,307.410706,306.270599,320.535763,-16.344387,0.301298,3.353621,-60.239468,-20.067949,-19.975924,1379.449097,-0.061969,-0.001074,-0.000146,0.669471,0.668368,0.015799,83461.023438,0.968541,0.000000,0.000000,0.000000,0.000000,0.000000,0.000000,0.000000,0.000000,0.000000,-59.172344
14.496272,1.000000,-6066.665527,-4.325816,2074.845647,1376.055420,4513.108887,307.411316,306.273254,320.488424,-16.343510,0.298539,3.352977,-60.225292,-20.066331,-19.974913,1376.049683,-0.061996,-0.001089,-0.000141,0.669564,0.668490,0.015636,83461.023438,0.968437,0.000000,0.000000,0.000000,0.000000,0.000000,0.000000,0.000000,0.000000,0.000000,-59.158649
14.552633,1.000000,-6057.352539,-4.294930,2071.451802,1372.662231,4501.928711,307.411804,306.276123,320.441204,-16.342640,0.295789,3.352340,-60.211205,-20.064732,-19.973907,1372.660034,-0.062013,-0.001105,-0.000136,0.669664,0.668609,0.015472,83461.023438,0.968335,0.000000,0.000000,0.000000,0.000000,0.000000,0.000000,0.000000,0.000000,0.000000,-59.145023
14.605362,1.000000,-6048.558594,-4.265800,2068.277375,1369.488159,4491.372559,307.412292,306.278656,320.396417,-16.341833,0.293225,3.351764,-60.197945,-20.063246,-19.972979,1369.459351,-0.062029,-0.001120,-0.000132,0.669753,0.668719,0.015328,83461.023438,0.968243,0.000000,0.000000,0.000000,0.000000,0.000000,0.000000,0.000000,0.000000,0.000000,-59.132317
14.660520,1.000000,-6039.774902,-4.236735,2064.957453,1366.168945,4480.829102,307.412598,306.280884,320.351659,-16.340992,0.290558,3.351173,-60.184753,-20.061779,-19.972059,1366.262329,-0.062046,-0.001128,-0.000127,0.669831,0.668832,0.015181,83461.023438,0.968145,0.000000,0.000000,0.000000,0.000000,0.000000,0.000000,0.000000,0.000000,0.000000,-59.119080
14.715040,1.000000,-6030.657227,-4.206601,2061.676672,1362.888672,4469.886230,307.412842,306.283386,320.305151,-16.340174,0.287929,3.350588,-60.171093,-20.060269,-19.971121,1362.943726,-0.062061,-0.001145,-0.000122,0.669918,0.668938,0.015034,83461.023438,0.968061,0.000000,0.000000,0.000000,0.000000,0.000000,0.000000,0.000000,0.000000,0.000000,-59.106030
14.765147,1.000000,-6022.440430,-4.179477,2058.662090,1359.874390,4460.025879,307.413116,306.285645,320.263151,-16.339426,0.285518,3.350065,-60.158817,-20.058923,-19.970299,1359.953125,-0.062086,-0.001157,-0.000118,0.669998,0.669035,0.014904,83461.023438,0.967973,0.000000,0.000000,0.000000,0.000000,0.000000,0.000000,0.000000,0.000000,0.000000,-59.094074
14.816655,1.000000,-6013.923340,-4.151391,2055.563861,1356.776611,4449.805176,307.413239,306.287720,320.219580,-16.338665,0.283052,3.349528,-60.146130,-20.057541,-19.969448,1356.853149,-0.062101,-0.001167,-0.000114,0.670070,0.669132,0.014765,83461.023438,0.967888,0.000000,0.000000,0.000000,0.000000,0.000000,0.000000,0.000000,0.000000,0.000000,-59.081818
14.869303,1.000000,-6005.234863,-4.122772,2052.397733,1353.610840,4439.379395,307.413300,306.289856,320.175088,-16.337894,0.280543,3.348989,-60.133217,-20.056143,-19.968594,1353.690796,-0.062119,-0.001180,-0.000109,0.670145,0.669229,0.014619,83461.023438,0.967808,0.000000,0.000000,0.000000,0.000000,0.000000,0.000000,0.000000,0.000000,0.000000,-59.069332
14.924929,1.000000,-5996.133789,-4.092831,2049.053246,1350.266846,4428.459961,307.413300,306.292236,320.128284,-16.337082,0.277897,3.348444,-60.119747,-20.054706,-19.967718,1350.378296,-0.062136,-0.001193,-0.000104,0.670229,0.669330,0.014469,83461.023438,0.967709,0.000000,0.000000,0.000000,0.000000,0.000000,0.000000,0.000000,0.000000,0.000000,-59.056187
14.980580,1.000000,-5986.928711,-4.062590,2045.708009,1346.922119,4417.416504,307.413177,306.294495,320.080827,-16.336281,0.275262,3.347900,-60.106148,-20.053267,-19.966846,1347.027832,-0.062155,-0.001205,-0.000100,0.670308,0.669428,0.014333,83461.023438,0.967604,0.000000,0.000000,0.000000,0.000000,0.000000,0.000000,0.000000,0.000000,0.000000,-59.043076
15.033754,1.000000,-5978.314453,-4.034326,2042.512366,1343.726807,4407.082520,307.412964,306.296539,320.036395,-16.335520,0.272747,3.347392,-60.093475,-20.051938,-19.966042,1343.892578,-0.062172,-0.001218,-0.000095,0.670379,0.669520,0.014207,83461.023438,0.967522,0.000000,0.000000,0.000000,0.000000,0.000000,0.000000,0.000000,0.000000,0.000000,-59.030594
15.087224,1.000000,-5969.274414,-4.004704,2039.299622,1340.514526,4396.238770,307.412842,306.298615,319.989768,-16.334759,0.270223,3.346888,-60.080212,-20.050553,-19.965210,1340.602295,-0.062188,-0.001234,-0.000091,0.670452,0.669610,0.014077,83461.023438,0.967451,0.000000,0.000000,0.000000,0.000000,0.000000,0.000000,0.000000,0.000000,0.000000,-59.018082
15.140483,1.000000,-5960.609863,-3.976349,2036.100240,1337.315430,4385.845215,307.412476,306.300049,319.944951,-16.334009,0.267722,3.346397,-60.067535,-20.049244,-19.964418,1337.448608,-0.062199,-0.001244,-0.000086,0.670502,0.669697,0.013948,83461.023438,0.967368,0.000000,0.000000,0.000000,0.000000,0.000000,0.000000,0.000000,0.000000,0.000000,-59.005653
15.195856,1.000000,-5951.520996,-3.946648,2032.774588,1333.990234,4374.944336,307.411926,306.301819,319.897909,-16.333239,0.265126,3.345894,-60.054283,-20.047886,-19.963610,1334.140503,-0.062217,-0.001257,-0.000082,0.670564,0.669785,0.013814,83461.023438,0.967286,0.000000,0.000000,0.000000,0.000000,0.000000,0.000000,0.000000,0.000000,0.000000,-58.992783
15.250276,1.000000,-5942.676270,-3.917785,2029.506887,1330.722900,4364.337402,307.411377,306.303986,319.852054,-16.332489,0.262587,3.345404,-60.041416,-20.046577,-19.962835,1330.921265,-0.062236,-0.001270,-0.000077,0.670639,0.669869,0.013681,83461.023438,0.967196,0.000000,0.000000,0.000000,0.000000,0.000000,0.000000,0.000000,0.000000,0.000000,-58.980164
15.303730,1.000000,-5933.782715,-3.888803,2026.297876,1327.514160,4353.671875,307.410889,306.305267,319.805842,-16.331762,0.260103,3.344932,-60.028530,-20.045283,-19.962069,1327.684326,-0.062247,-0.001284,-0.000073,0.670684,0.669950,0.013548,83461.023438,0.967109,0.000000,0.000000,0.000000,0.000000,0.000000,0.000000,0.000000,0.000000,0.000000,-58.967827
15.355467,1.000000,-5925.491211,-3.861819,2023.192592,1324.409302,4343.729492,307.410339,306.306488,319.762745,-16.331062,0.257706,3.344480,-60.016533,-20.044082,-19.961361,1324.666504,-0.062263,-0.001294,-0.000068,0.670727,0.670025,0.013420,83461.023438,0.967049,0.000000,0.000000,0.000000,0.000000,0.000000,0.000000,0.000000,0.000000,0.000000,-58.955902
15.406367,1.000000,-5917.117188,-3.834604,2020.138163,1321.355225,4333.688965,307.409668,306.308319,319.719085,-16.330379,0.255350,3.344046,-60.004448,-20.042886,-19.960665,1321.618530,-0.062280,-0.001306,-0.000064,0.670791,0.670096,0.013296,83461.023438,0.966966,0.000000,0.000000,0.000000,0.000000,0.000000,0.000000,0.000000,0.000000,0.000000,-58.944202
15.462721,1.000000,-5907.690918,-3.804015,2016.757163,1317.974487,4322.387207,307.408997,306.310211,319.669937,-16.329632,0.252751,3.343570,-59.990887,-20.041552,-19.959888,1318.187744,-0.062294,-0.001324,-0.000059,0.670858,0.670174,0.013164,83461.023438,0.966873,0.000000,0.000000,0.000000,0.000000,0.000000,0.000000,0.000000,0.000000,0.000000,-58.931293
15.514253,1.000000,-5899.294434,-3.776808,2013.666118,1314.883789,4312.320313,307.408203,306.311768,319.626069,-16.328959,0.250379,3.343145,-59.978848,-20.040382,-19.959206,1315.131592,-0.062305,-0.001337,-0.000055,0.670912,0.670244,0.013044,83461.023438,0.966806,0.000000,0.000000,0.000000,0.000000,0.000000,0.000000,0.000000,0.000000,0.000000,-58.919529
15.567882,1.000000,-5890.631348,-3.748779,2010.449949,1311.667847,4301.935059,307.407410,306.313812,319.580688,-16.328260,0.247917,3.342714,-59.966461,-20.039191,-19.958513,1311.978516,-0.062317,-0.001349,-0.000050,0.670984,0.670316,0.012936,83461.023438,0.966718,0.000000,0.000000,0.000000,0.000000,0.000000,0.000000,0.000000,0.000000,0.000000,-58.907330
15.620739,1.000000,-5881.969727,-3.720798,2007.280740,1308.498901,4291.552246,307.406464,306.315460,319.535337,-16.327574,0.245504,3.342301,-59.954113,-20.038010,-19.957838,1308.825928,-0.062335,-0.001360,-0.000046,0.671041,0.670385,0.012835,83461.023438,0.966642,0.000000,0.000000,0.000000,0.000000,0.000000,0.000000,0.000000,0.000000,0.000000,-58.895340
15.671334,1.000000,-5873.571777,-3.693710,2004.247765,1305.466187,4281.485840,307.405548,306.316864,319.491172,-16.326925,0.243197,3.341907,-59.942165,-20.036884,-19.957190,1305.769287,-0.062344,-0.001377,-0.000041,0.671090,0.670450,0.012737,83461.023438,0.966573,0.000000,0.000000,0.000000,0.000000,0.000000,0.000000,0.000000,0.000000,0.000000,-58.883888
15.725116,1.000000,-5864.638672,-3.664938,2001.024398,1302.243042,4270.778809,307.404480,306.318085,319.444248,-16.326239,0.240759,3.341499,-59.929493,-20.035693,-19.956511,1302.517944,-0.062356,-0.001392,-0.000037,0.671133,0.670517,0.012628,83461.023438,0.966510,0.000000,0.000000,0.000000,0.000000,0.000000,0.000000,0.000000,0.000000,0.000000,-58.871750
15.775911,1.000000,-5856.430176,-3.638544,1997.980670,1299.199585,4260.941406,307.403412,306.319611,319.401092,-16.325602,0.238465,3.341111,-59.917862,-20.034605,-19.955904,1299.530273,-0.062380,-0.001400,-0.000032,0.671186,0.670580,0.012528,83461.023438,0.966441,0.000000,0.000000,0.000000,0.000000,0.000000,0.000000,0.000000,0.000000,0.000000,-58.860313
15.828269,1.000000,-5847.833984,-3.610942,1994.843911,1296.062988,4250.638672,307.402252,306.321014,319.355919,-16.324944,0.236109,3.340724,-59.905727,-20.033479,-19.955265,1296.401489,-0.062389,-0.001410,-0.000028,0.671235,0.670643,0.012413,83461.023438,0.966384,0.000000,0.000000,0.000000,0.000000,0.000000,0.000000,0.000000,0.000000,0.000000,-58.848560
15.882277,1.000000,-5838.810059,-3.582015,1991.608962,1292.828369,4239.825195,307.400909,306.323181,319.308373,-16.324278,0.233686,3.340321,-59.893017,-20.032311,-19.954618,1293.117065,-0.062407,-0.001425,-0.000023,0.671311,0.670708,0.012296,83461.023438,0.966304,0.000000,0.000000,0.000000,0.000000,0.000000,0.000000,0.000000,0.000000,0.000000,-58.836468
15.938691,1.000000,-5829.678711,-3.552790,1988.230619,1289.450195,4228.883301,307.399536,306.324097,319.260233,-16.323587,0.231166,3.339916,-59.880188,-20.031142,-19.953966,1289.793579,-0.062420,-0.001436,-0.000018,0.671343,0.670775,0.012165,83461.023438,0.966237,0.000000,0.000000,0.000000,0.000000,0.000000,0.000000,0.000000,0.000000,0.000000,-58.823875
15.988992,1.000000,-5821.352051,-3.526184,1985.218969,1286.438721,4218.906250,307.398285,306.325500,319.216217,-16.322981,0.228928,3.339556,-59.868523,-20.030091,-19.953384,1286.762939,-0.062429,-0.001449,-0.000013,0.671393,0.670832,0.012053,83461.023438,0.966161,0.000000,0.000000,0.000000,0.000000,0.000000,0.000000,0.000000,0.000000,0.000000,-58.812679
16.043631,1.000000,-5812.487793,-3.497907,1981.948249,1283.168213,4208.285645,307.396759,306.327118,319.169264,-16.322329,0.226506,3.339175,-59.856129,-20.028986,-19.952778,1283.536621,-0.062444,-0.001460,-0.000008,0.671449,0.670893,0.011940,83461.023438,0.966095,0.000000,0.000000,0.000000,0.000000,0.000000,0.000000,0.000000,0.000000,0.000000,-58.800549
16.100192,1.000000,-5803.389648,-3.468935,1978.563196,1279.783203,4197.385742,307.395233,306.327911,319.121006,-16.321659,0.224005,3.338786,-59.843441,-20.027866,-19.952171,1280.225098,-0.062464,-0.001469,-0.000003,0.671477,0.670954,0.011827,83461.023438,0.966010,0.000000,0.000000,0.000000,0.000000,0.000000,0.000000,0.000000,0.000000,0.000000,-58.788021
16.153195,1.000000,-5794.439941,-3.440483,1975.391743,1276.611938,4186.664063,307.393768,306.329346,319.073638,-16.321035,0.221666,3.338430,-59.831009,-20.026772,-19.951574,1276.967651,-0.062473,-0.001483,0.000001,0.671527,0.671010,0.011718,83461.023438,0.965950,0.000000,0.000000,0.000000,0.000000,0.000000,0.000000,0.000000,0.000000,0.000000,-58.776333
16.206332,1.000000,-5785.729980,-3.412843,1972.212913,1273.433228,4176.229980,307.392120,306.330505,319.027367,-16.320419,0.219328,3.338074,-59.818928,-20.025723,-19.951008,1273.797485,-0.062485,-0.001496,0.000005,0.671568,0.671064,0.011611,83461.023438,0.965881,0.000000,0.000000,0.000000,0.000000,0.000000,0.000000,0.000000,0.000000,0.000000,-58.764633
16.260021,1.000000,-5776.970215,-3.385092,1969.001712,1270.222168,4165.736816,307.390472,306.331726,318.980800,-16.319796,0.216977,3.337731,-59.806808,-20.024679,-19.950447,1270.609253,-0.062497,-0.001509,0.000009,0.671611,0.671118,0.011498,83461.023438,0.965819,0.000000,0.000000,0.000000,0.000000,0.000000,0.000000,0.000000,0.000000,0.000000,-58.752846
16.314701,1.000000,-5768.109863,-3.357075,1965.731908,1266.952637,4155.124512,307.388794,306.332611,318.933610,-16.319170,0.214589,3.337384,-59.794582,-20.023637,-19.949896,1267.384399,-0.062513,-0.001522,0.000014,0.671641,0.671170,0.011392,83461.023438,0.965747,0.000000,0.000000,0.000000,0.000000,0.000000,0.000000,0.000000,0.000000,0.000000,-58.740875
16.365166,1.000000,-5759.760742,-3.330722,1962.714757,1263.935425,4145.124512,307.387207,306.333466,318.889089,-16.318602,0.212394,3.337068,-59.783085,-20.022666,-19.949385,1264.345459,-0.062526,-0.001536,0.000018,0.671671,0.671216,0.011289,83461.023438,0.965695,0.000000,0.000000,0.000000,0.000000,0.000000,0.000000,0.000000,0.000000,0.000000,-58.729851
16.420604,1.000000,-5750.637695,-3.301977,1959.400944,1260.621826,4134.198242,307.385254,306.334015,318.840386,-16.317982,0.209992,3.336728,-59.770557,-20.021619,-19.948826,1261.025024,-0.062533,-0.001550,0.000022,0.671691,0.671265,0.011186,83461.023438,0.965624,0.000000,0.000000,0.000000,0.000000,0.000000,0.000000,0.000000,0.000000,0.000000,-58.717785
16.473617,1.000000,-5741.978516,-3.274744,1956.232730,1257.453613,4123.828125,307.383453,306.335114,318.794175,-16.317392,0.207700,3.336409,-59.758701,-20.020634,-19.948311,1257.873291,-0.062545,-0.001562,0.000027,0.671728,0.671311,0.011087,83461.023438,0.965560,0.000000,0.000000,0.000000,0.000000,0.000000,0.000000,0.000000,0.000000,0.000000,-58.706280
16.528249,1.000000,-5733.033691,-3.246666,1952.968419,1254.189331,4113.116211,307.381470,306.335846,318.746391,-16.316788,0.205346,3.336090,-59.746490,-20.019630,-19.947788,1254.617676,-0.062556,-0.001577,0.000031,0.671755,0.671356,0.010985,83461.023438,0.965490,0.000000,0.000000,0.000000,0.000000,0.000000,0.000000,0.000000,0.000000,0.000000,-58.694454
16.582058,1.000000,-5724.326172,-3.219385,1949.753933,1250.974854,4102.689453,307.379578,306.337036,318.699824,-16.316202,0.203035,3.335779,-59.734619,-20.018661,-19.947292,1251.448364,-0.062573,-0.001589,0.000036,0.671796,0.671399,0.010883,83461.023438,0.965437,0.000000,0.000000,0.000000,0.000000,0.000000,0.000000,0.000000,0.000000,0.000000,-58.682835
16.634898,1.000000,-5715.612793,-3.192136,1946.597961,1247.818970,4092.256104,307.377747,306.337646,318.653079,-16.315630,0.200774,3.335488,-59.722778,-20.017710,-19.946798,1248.276978,-0.062576,-0.001603,0.000040,0.671817,0.671439,0.010782,83461.023438,0.965368,0.000000,0.000000,0.000000,0.000000,0.000000,0.000000,0.000000,0.000000,0.000000,-58.671459
16.688228,1.000000,-5707.000000,-3.165255,1943.413352,1244.634399,4081.943848,307.375793,306.338165,318.606838,-16.315063,0.198505,3.335195,-59.711105,-20.016783,-19.946325,1245.142212,-0.062588,-0.001613,0.000045,0.671836,0.671478,0.010696,83461.023438,0.965296,0.000000,0.000000,0.000000,0.000000,0.000000,0.000000,0.000000,0.000000,0.000000,-58.660011
16.739562,1.000000,-5698.413086,-3.138506,1940.348529,1241.569580,4071.663086,307.373810,306.338684,318.560715,-16.314520,0.196334,3.334914,-59.699490,-20.015865,-19.945862,1242.016846,-0.062600,-0.001626,0.000049,0.671854,0.671514,0.010616,83461.023438,0.965242,0.000000,0.000000,0.000000,0.000000,0.000000,0.000000,0.000000,0.000000,0.000000,-58.649010
16.790757,1.000000,-5690.013672,-3.112389,1937.292587,1238.513672,4061.606934,307.371857,306.339233,318.515631,-16.313982,0.194177,3.334636,-59.688145,-20.014971,-19.945412,1238.959595,-0.062611,-0.001636,0.000054,0.671873,0.671547,0.010528,83461.023438,0.965190,0.000000,0.000000,0.000000,0.000000,0.000000,0.000000,0.000000,0.000000,0.000000,-58.638065
16.841517,1.000000,-5681.789063,-3.086863,1934.263182,1235.484375,4051.760742,307.369904,306.339722,318.471407,-16.313457,0.192048,3.334372,-59.677078,-20.014113,-19.944983,1235.966187,-0.062620,-0.001644,0.000058,0.671891,0.671578,0.010437,83461.023438,0.965136,0.000000,0.000000,0.000000,0.000000,0.000000,0.000000,0.000000,0.000000,0.000000,-58.627251
16.896672,1.000000,-5672.736816,-3.058824,1930.972119,1232.193237,4040.924561,307.367615,306.339935,318.422645,-16.312893,0.189739,3.334085,-59.664917,-20.013180,-19.944523,1232.671387,-0.062633,-0.001656,0.000062,0.671898,0.671611,0.010338,83461.023438,0.965065,0.000000,0.000000,0.000000,0.000000,0.000000,0.000000,0.000000,0.000000,0.000000,-58.615524
16.950075,1.000000,-5663.970215,-3.031724,1927.786232,1229.007324,4030.430420,307.365295,306.340607,318.375365,-16.312347,0.187515,3.333822,-59.653172,-20.012288,-19.944078,1229.480591,-0.062638,-0.001667,0.000067,0.671921,0.671642,0.010250,83461.023438,0.965015,0.000000,0.000000,0.000000,0.000000,0.000000,0.000000,0.000000,0.000000,0.000000,-58.604202
17.003950,1.000000,-5655.333008,-3.005081,1924.572819,1225.793945,4020.092041,307.362915,306.340820,318.328709,-16.311804,0.185282,3.333560,-59.641613,-20.011418,-19.943655,1226.336914,-0.062652,-0.001677,0.000071,0.671929,0.671671,0.010170,83461.023438,0.964945,0.000000,0.000000,0.000000,0.000000,0.000000,0.000000,0.000000,0.000000,0.000000,-58.592804
17.056644,1.000000,-5646.591797,-2.978171,1921.430466,1222.651367,4009.629150,307.360718,306.341248,318.281460,-16.311275,0.183110,3.333307,-59.629948,-20.010549,-19.943228,1223.155396,-0.062656,-0.001688,0.000075,0.671944,0.671696,0.010080,83461.023438,0.964894,0.000000,0.000000,0.000000,0.000000,0.000000,0.000000,0.000000,0.000000,0.000000,-58.581680
17.112011,1.000000,-5637.525879,-2.950321,1918.129358,1219.350342,3998.778809,307.358215,306.341278,318.232519,-16.310719,0.180830,3.333050,-59.617874,-20.009652,-19.942801,1219.855713,-0.062670,-0.001701,0.000080,0.671944,0.671721,0.009982,83461.023438,0.964846,0.000000,0.000000,0.000000,0.000000,0.000000,0.000000,0.000000,0.000000,0.000000,-58.570023
17.166343,1.000000,-5628.677734,-2.923198,1914.890607,1216.111450,3988.189453,307.355652,306.341766,318.184647,-16.310184,0.178600,3.332803,-59.606125,-20.008792,-19.942392,1216.635254,-0.062680,-0.001713,0.000084,0.671962,0.671745,0.009880,83461.023438,0.964787,0.000000,0.000000,0.000000,0.000000,0.000000,0.000000,0.000000,0.000000,0.000000,-58.558620
17.219487,1.000000,-5619.972168,-2.896567,1911.723291,1212.944092,3977.770508,307.353088,306.342682,318.137486,-16.309664,0.176431,3.332571,-59.594589,-20.007957,-19.941986,1213.466675,-0.062679,-0.001723,0.000089,0.671994,0.671769,0.009791,83461.023438,0.964728,0.000000,0.000000,0.000000,0.000000,0.000000,0.000000,0.000000,0.000000,0.000000,-58.547493
17.273744,1.000000,-5611.087402,-2.869449,1908.490272,1209.710938,3967.138184,307.350586,306.342682,318.089347,-16.309143,0.174226,3.332329,-59.582840,-20.007113,-19.941595,1210.232788,-0.062695,-0.001736,0.000093,0.671993,0.671792,0.009709,83461.023438,0.964665,0.000000,0.000000,0.000000,0.000000,0.000000,0.000000,0.000000,0.000000,0.000000,-58.536156
17.327616,1.000000,-5602.313477,-2.842726,1905.280821,1206.501221,3956.638672,307.347900,306.343231,318.041742,-16.308630,0.172041,3.332098,-59.571278,-20.006295,-19.941206,1207.039429,-0.062696,-0.001747,0.000097,0.672013,0.671815,0.009624,83461.023438,0.964623,0.000000,0.000000,0.000000,0.000000,0.000000,0.000000,0.000000,0.000000,0.000000,-58.524940
17.380259,1.000000,-5593.659668,-2.816428,1902.145191,1203.365479,3946.284180,307.345306,306.344025,317.994759,-16.308128,0.169920,3.331887,-59.559895,-20.005496,-19.940844,1203.889648,-0.062711,-0.001759,0.000102,0.672041,0.671836,0.009548,83461.023438,0.964563,0.000000,0.000000,0.000000,0.000000,0.000000,0.000000,0.000000,0.000000,0.000000,-58.514008
17.433907,1.000000,-5584.987793,-2.790130,1898.950311,1200.170654,3935.907471,307.342590,306.344360,317.947688,-16.307621,0.167763,3.331666,-59.548504,-20.004700,-19.940472,1200.733398,-0.062716,-0.001770,0.000106,0.672053,0.671857,0.009470,83461.023438,0.964503,0.000000,0.000000,0.000000,0.000000,0.000000,0.000000,0.000000,0.000000,0.000000,-58.502880
17.487695,1.000000,-5576.213867,-2.763584,1895.747713,1196.967773,3925.409912,307.339783,306.344696,317.899963,-16.307121,0.165611,3.331454,-59.537010,-20.003909,-19.940117,1197.539917,-0.062727,-0.001783,0.000110,0.672064,0.671877,0.009385,83461.023438,0.964469,0.000000,0.000000,0.000000,0.000000,0.000000,0.000000,0.000000,0.000000,0.000000,-58.491753
17.540928,1.000000,-5567.419922,-2.737037,1892.578769,1193.798706,3914.888428,307.337006,306.345215,317.852091,-16.306631,0.163491,3.331245,-59.525501,-20.003123,-19.939760,1194.339233,-0.062734,-0.001794,0.000115,0.672083,0.671896,0.009305,83461.023438,0.964404,0.000000,0.000000,0.000000,0.000000,0.000000,0.000000,0.000000,0.000000,0.000000,-58.480759
17.592875,1.000000,-5559.049805,-2.711826,1889.486962,1190.706787,3904.874512,307.334442,306.345093,317.806503,-16.306152,0.161432,3.331050,-59.514568,-20.002381,-19.939434,1191.292725,-0.062746,-0.001806,0.000119,0.672079,0.671914,0.009219,83461.023438,0.964360,0.000000,0.000000,0.000000,0.000000,0.000000,0.000000,0.000000,0.000000,0.000000,-58.470051
17.646524,1.000000,-5550.282715,-2.685477,1886.294458,1187.514038,3894.385742,307.331543,306.345490,317.758719,-16.305668,0.159311,3.330851,-59.503155,-20.001618,-19.939087,1188.101685,-0.062745,-0.001816,0.000123,0.672093,0.671931,0.009135,83461.023438,0.964308,0.000000,0.000000,0.000000,0.000000,0.000000,0.000000,0.000000,0.000000,0.000000,-58.459034
17.699548,1.000000,-5541.613770,-2.659483,1883.139745,1184.359131,3884.015137,307.328613,306.345459,317.711499,-16.305187,0.157236,3.330659,-59.491886,-20.000867,-19.938761,1184.946533,-0.062756,-0.001826,0.000128,0.672091,0.671948,0.009049,83461.023438,0.964273,0.000000,0.000000,0.000000,0.000000,0.000000,0.000000,0.000000,0.000000,0.000000,-58.448162
17.755976,1.000000,-5532.740723,-2.632940,1879.783165,1181.002441,3873.401367,307.325531,306.345764,317.663152,-16.304676,0.155038,3.330466,-59.480373,-20.000106,-19.938440,1181.717041,-0.062773,-0.001833,0.000132,0.672101,0.671963,0.008951,83461.023438,0.964228,0.000000,0.000000,0.000000,0.000000,0.000000,0.000000,0.000000,0.000000,0.000000,-58.436619
17.808220,1.000000,-5523.823242,-2.606327,1876.676064,1177.895020,3862.734375,307.322601,306.345917,317.614360,-16.304213,0.153012,3.330294,-59.468842,-19.999364,-19.938118,1178.471313,-0.062774,-0.001847,0.000136,0.672108,0.671977,0.008869,83461.023438,0.964163,0.000000,0.000000,0.000000,0.000000,0.000000,0.000000,0.000000,0.000000,0.000000,-58.425968
17.861472,1.000000,-5515.137207,-2.580465,1873.509608,1174.728394,3852.344482,307.319580,306.345825,317.566933,-16.303743,0.150957,3.330112,-59.457611,-19.998636,-19.937809,1175.309814,-0.062783,-0.001857,0.000140,0.672104,0.671990,0.008783,83461.023438,0.964119,0.000000,0.000000,0.000000,0.000000,0.000000,0.000000,0.000000,0.000000,0.000000,-58.415115
17.915126,1.000000,-5506.481934,-2.554757,1870.319852,1171.538330,3841.991943,307.316650,306.345978,317.519594,-16.303272,0.148897,3.329941,-59.446445,-19.997923,-19.937511,1172.159546,-0.062791,-0.001866,0.000145,0.672109,0.672001,0.008688,83461.023438,0.964089,0.000000,0.000000,0.000000,0.000000,0.000000,0.000000,0.000000,0.000000,0.000000,-58.404205
17.970306,1.000000,-5497.583008,-2.528390,1867.040005,1168.258301,3831.348633,307.313568,306.345673,317.470921,-16.302788,0.146787,3.329773,-59.434990,-19.997197,-19.937214,1168.920654,-0.062802,-0.001873,0.000149,0.672098,0.672012,0.008596,83461.023438,0.964036,0.000000,0.000000,0.000000,0.000000,0.000000,0.000000,0.000000,0.000000,0.000000,-58.393017
18.021377,1.000000,-5489.168945,-2.503518,1864.004964,1165.223022,3821.285156,307.310577,306.345459,317.424888,-16.302343,0.144842,3.329621,-59.424179,-19.996518,-19.936932,1165.858154,-0.062807,-0.001885,0.000153,0.672091,0.672020,0.008513,83461.023438,0.963986,0.000000,0.000000,0.000000,0.000000,0.000000,0.000000,0.000000,0.000000,0.000000,-58.382683
18.071607,1.000000,-5481.007324,-2.479448,1861.020433,1162.238037,3811.524170,307.307709,306.345154,317.380130,-16.301918,0.142937,3.329472,-59.413715,-19.995872,-19.936666,1162.887573,-0.062809,-0.001894,0.000157,0.672081,0.672027,0.008420,83461.023438,0.963955,0.000000,0.000000,0.000000,0.000000,0.000000,0.000000,0.000000,0.000000,0.000000,-58.372540
18.124513,1.000000,-5472.418945,-2.454180,1857.877472,1159.094849,3801.253418,307.304596,306.345245,317.332999,-16.301470,0.140945,3.329319,-59.402714,-19.995196,-19.936399,1159.761597,-0.062820,-0.001902,0.000161,0.672084,0.672033,0.008335,83461.023438,0.963906,0.000000,0.000000,0.000000,0.000000,0.000000,0.000000,0.000000,0.000000,0.000000,-58.361870
18.180700,1.000000,-5463.221191,-2.427187,1854.540235,1155.757324,3790.253662,307.301270,306.345520,317.282516,-16.300995,0.138839,3.329168,-59.390976,-19.994487,-19.936110,1156.413940,-0.062819,-0.001912,0.000165,0.672093,0.672039,0.008247,83461.023438,0.963859,0.000000,0.000000,0.000000,0.000000,0.000000,0.000000,0.000000,0.000000,0.000000,-58.350582
18.231705,1.000000,-5454.910645,-2.402860,1851.511353,1152.728149,3780.315918,307.298340,306.345001,317.236898,-16.300571,0.136934,3.329024,-59.380371,-19.993847,-19.935863,1153.389160,-0.062831,-0.001922,0.000169,0.672075,0.672043,0.008171,83461.023438,0.963821,0.000000,0.000000,0.000000,0.000000,0.000000,0.000000,0.000000,0.000000,0.000000,-58.340336
18.283480,1.000000,-5446.605469,-2.378605,1848.437298,1149.653809,3770.384521,307.295105,306.344574,317.191310,-16.300146,0.135008,3.328886,-59.369797,-19.993214,-19.935619,1150.366333,-0.062839,-0.001930,0.000172,0.672060,0.672045,0.008076,83461.023438,0.963781,0.000000,0.000000,0.000000,0.000000,0.000000,0.000000,0.000000,0.000000,0.000000,-58.329967
18.334534,1.000000,-5438.223145,-2.354187,1845.406594,1146.622803,3760.361572,307.292023,306.344574,317.145247,-16.299730,0.133123,3.328749,-59.359142,-19.992584,-19.935383,1147.315430,-0.062848,-0.001940,0.000176,0.672060,0.672047,0.007987,83461.023438,0.963729,0.000000,0.000000,0.000000,0.000000,0.000000,0.000000,0.000000,0.000000,0.000000,-58.319756
18.386647,1.000000,-5429.770996,-2.329625,1842.313582,1143.529541,3750.255127,307.288849,306.344238,317.098679,-16.299311,0.131200,3.328618,-59.348415,-19.991960,-19.935143,1144.239014,-0.062849,-0.001949,0.000180,0.672049,0.672047,0.007896,83461.023438,0.963685,0.000000,0.000000,0.000000,0.000000,0.000000,0.000000,0.000000,0.000000,0.000000,-58.309357
18.436992,1.000000,-5421.482910,-2.305604,1839.326035,1140.541504,3740.345703,307.285797,306.343689,317.053031,-16.298906,0.129353,3.328495,-59.337921,-19.991355,-19.934923,1141.222412,-0.062859,-0.001958,0.000184,0.672030,0.672046,0.007811,83461.023438,0.963648,0.000000,0.000000,0.000000,0.000000,0.000000,0.000000,0.000000,0.000000,0.000000,-58.299328
18.493087,1.000000,-5412.276855,-2.278991,1835.997890,1137.213013,3729.338623,307.282196,306.343689,317.002401,-16.298466,0.127307,3.328350,-59.326275,-19.990681,-19.934677,1137.871704,-0.062868,-0.001970,0.000188,0.672029,0.672044,0.007709,83461.023438,0.963607,0.000000,0.000000,0.000000,0.000000,0.000000,0.000000,0.000000,0.000000,0.000000,-58.288174
18.544955,1.000000,-5403.953125,-2.254993,1832.921109,1134.135864,3719.386963,307.278900,306.343353,316.956486,-16.298067,0.125424,3.328224,-59.315784,-19.990092,-19.934462,1134.842163,-0.062870,-0.001977,0.000192,0.672018,0.672042,0.007617,83461.023438,0.963556,0.000000,0.000000,0.000000,0.000000,0.000000,0.000000,0.000000,0.000000,0.000000,-58.277897
18.600573,1.000000,-5394.762695,-2.228569,1829.622493,1130.836670,3708.399170,307.275391,306.342682,316.905855,-16.297638,0.123413,3.328099,-59.304226,-19.989446,-19.934223,1131.497070,-0.062869,-0.001990,0.000196,0.671994,0.672038,0.007525,83461.023438,0.963506,0.000000,0.000000,0.000000,0.000000,0.000000,0.000000,0.000000,0.000000,0.000000,-58.266903
18.654041,1.000000,-5386.002441,-2.203452,1826.451986,1127.666016,3697.926270,307.271973,306.342438,316.857478,-16.297235,0.121486,3.327976,-59.293221,-19.988840,-19.934010,1128.308594,-0.062874,-0.002000,0.000200,0.671986,0.672032,0.007449,83461.023438,0.963463,0.000000,0.000000,0.000000,0.000000,0.000000,0.000000,0.000000,0.000000,0.000000,-58.256351
18.710724,1.000000,-5377.042480,-2.177834,1823.091477,1124.304932,3687.215332,307.268188,306.341309,316.808004,-16.296816,0.119463,3.327849,-59.281986,-19.988226,-19.933802,1125.047485,-0.062885,-0.002007,0.000204,0.671946,0.672026,0.007366,83461.023438,0.963428,0.000000,0.000000,0.000000,0.000000,0.000000,0.000000,0.000000,0.000000,0.000000,-58.245190
18.766552,1.000000,-5367.782227,-2.151433,1819.782296,1120.995361,3676.145508,307.264496,306.341125,316.756810,-16.296400,0.117481,3.327735,-59.270412,-19.987607,-19.933586,1121.677002,-0.062886,-0.002018,0.000208,0.671940,0.672016,0.007288,83461.023438,0.963367,0.000000,0.000000,0.000000,0.000000,0.000000,0.000000,0.000000,0.000000,0.000000,-58.234226
18.820557,1.000000,-5358.993652,-2.126448,1816.581775,1117.794434,3665.639893,307.260864,306.340637,316.708196,-16.296019,0.115574,3.327617,-59.259449,-19.987027,-19.933392,1118.478271,-0.062891,-0.002026,0.000212,0.671923,0.672007,0.007214,83461.023438,0.963321,0.000000,0.000000,0.000000,0.000000,0.000000,0.000000,0.000000,0.000000,0.000000,-58.223656
18.875479,1.000000,-5350.072754,-2.101160,1813.327515,1114.539551,3654.976318,307.257050,306.339813,316.658959,-16.295620,0.113646,3.327503,-59.248337,-19.986437,-19.933195,1115.231323,-0.062898,-0.002034,0.000216,0.671894,0.671997,0.007144,83461.023438,0.963279,0.000000,0.000000,0.000000,0.000000,0.000000,0.000000,0.000000,0.000000,0.000000,-58.212914
18.929324,1.000000,-5341.292969,-2.076340,1810.137663,1111.349365,3644.481689,307.253357,306.339569,316.610375,-16.295237,0.111766,3.327396,-59.237415,-19.985868,-19.933006,1112.035645,-0.062900,-0.002040,0.000220,0.671885,0.671987,0.007067,83461.023438,0.963245,0.000000,0.000000,0.000000,0.000000,0.000000,0.000000,0.000000,0.000000,0.000000,-58.202400
18.984250,1.000000,-5332.395508,-2.051260,1806.884375,1108.095459,3633.846436,307.249573,306.339294,316.561020,-16.294855,0.109862,3.327294,-59.226368,-19.985305,-19.932817,1108.797241,-0.062896,-0.002048,0.000224,0.671875,0.671976,0.006987,83461.023438,0.963201,0.000000,0.000000,0.000000,0.000000,0.000000,0.000000,0.000000,0.000000,0.000000,-58.191704
19.040095,1.000000,-5323.398926,-2.025978,1803.577277,1104.787842,3623.093994,307.245728,306.338989,316.511219,-16.294462,0.107937,3.327191,-59.215225,-19.984737,-19.932648,1105.522827,-0.062910,-0.002054,0.000228,0.671865,0.671965,0.006919,83461.023438,0.963168,0.000000,0.000000,0.000000,0.000000,0.000000,0.000000,0.000000,0.000000,0.000000,-58.180851
19.096644,1.000000,-5314.183594,-2.000158,1800.229128,1101.439209,3612.079834,307.241760,306.338593,316.460173,-16.294077,0.106001,3.327088,-59.203835,-19.984165,-19.932467,1102.168701,-0.062911,-0.002062,0.000232,0.671851,0.671953,0.006839,83461.023438,0.963127,0.000000,0.000000,0.000000,0.000000,0.000000,0.000000,0.000000,0.000000,0.000000,-58.169888
19.155178,1.000000,-5305.019043,-1.974557,1796.764128,1097.973633,3601.126709,307.237640,306.338074,316.409335,-16.293678,0.104006,3.326991,-59.192520,-19.983605,-19.932293,1098.833008,-0.062914,-0.002065,0.000236,0.671833,0.671940,0.006767,83461.023438,0.963082,0.000000,0.000000,0.000000,0.000000,0.000000,0.000000,0.000000,0.000000,0.000000,-58.158558
19.210563,1.000000,-5295.638184,-1.948433,1793.486169,1094.695190,3589.915039,307.233612,306.337585,316.357280,-16.293304,0.102131,3.326903,-59.180973,-19.983042,-19.932119,1095.418701,-0.062912,-0.002078,0.000239,0.671815,0.671928,0.006695,83461.023438,0.963046,0.000000,0.000000,0.000000,0.000000,0.000000,0.000000,0.000000,0.000000,0.000000,-58.147869
19.265770,1.000000,-5286.650391,-1.923482,1790.219354,1091.427734,3579.174316,307.229706,306.337097,316.307331,-16.292944,0.100271,3.326813,-59.169918,-19.982510,-19.931969,1092.147461,-0.062920,-0.002086,0.000243,0.671798,0.671915,0.006635,83461.023438,0.962996,0.000000,0.000000,0.000000,0.000000,0.000000,0.000000,0.000000,0.000000,0.000000,-58.137234
19.317620,1.000000,-5278.210449,-1.900120,1787.151741,1088.359619,3569.088135,307.225922,306.336639,316.260527,-16.292601,0.098532,3.326737,-59.159569,-19.982014,-19.931822,1089.075562,-0.062921,-0.002093,0.000246,0.671782,0.671901,0.006573,83461.023438,0.962953,0.000000,0.000000,0.000000,0.000000,0.000000,0.000000,0.000000,0.000000,0.000000,-58.127270
19.373547,1.000000,-5269.109375,-1.875007,1783.843518,1085.050781,3558.212158,307.221954,306.336029,316.209985,-16.292236,0.096674,3.326653,-59.148426,-19.981489,-19.931677,1085.763062,-0.062929,-0.002101,0.000250,0.671761,0.671887,0.006518,83461.023438,0.962920,0.000000,0.000000,0.000000,0.000000,0.000000,0.000000,0.000000,0.000000,0.000000,-58.116543
19.426259,1.000000,-5260.520020,-1.851379,1780.726037,1081.932739,3547.948242,307.218109,306.335144,316.162202,-16.291893,0.094929,3.326592,-59.137928,-19.981004,-19.931541,1082.636719,-0.062928,-0.002106,0.000254,0.671730,0.671873,0.006451,83461.023438,0.962891,0.000000,0.000000,0.000000,0.000000,0.000000,0.000000,0.000000,0.000000,0.000000,-58.106449
19.479072,1.000000,-5251.939941,-1.827848,1777.603136,1078.809326,3537.695068,307.214233,306.334778,316.114566,-16.291561,0.093196,3.326508,-59.127449,-19.980515,-19.931406,1079.513916,-0.062931,-0.002113,0.000257,0.671718,0.671859,0.006392,83461.023438,0.962860,0.000000,0.000000,0.000000,0.000000,0.000000,0.000000,0.000000,0.000000,0.000000,-58.096348
19.534076,1.000000,-5243.125488,-1.803747,1774.351267,1075.556885,3527.162842,307.210205,306.334290,316.065686,-16.291212,0.091395,3.326433,-59.116703,-19.980017,-19.931280,1076.305664,-0.062942,-0.002120,0.000261,0.671700,0.671843,0.006311,83461.023438,0.962830,0.000000,0.000000,0.000000,0.000000,0.000000,0.000000,0.000000,0.000000,0.000000,-58.085850
19.588265,1.000000,-5234.264160,-1.779594,1771.148165,1072.353027,3516.574463,307.206207,306.333527,316.016360,-16.290876,0.089639,3.326361,-59.105915,-19.979530,-19.931154,1073.080444,-0.062943,-0.002128,0.000264,0.671674,0.671827,0.006233,83461.023438,0.962784,0.000000,0.000000,0.000000,0.000000,0.000000,0.000000,0.000000,0.000000,0.000000,-58.075520
19.641783,1.000000,-5225.527344,-1.755856,1767.985294,1069.189575,3506.135498,307.202240,306.333069,315.967657,-16.290548,0.087910,3.326303,-59.095299,-19.979061,-19.931038,1069.900513,-0.062946,-0.002136,0.000267,0.671657,0.671810,0.006169,83461.023438,0.962738,0.000000,0.000000,0.000000,0.000000,0.000000,0.000000,0.000000,0.000000,0.000000,-58.065350
19.698544,1.000000,-5216.393066,-1.731118,1764.631379,1065.834961,3495.221436,307.198151,306.332123,315.916759,-16.290207,0.086092,3.326238,-59.084232,-19.978579,-19.930916,1066.575806,-0.062943,-0.002141,0.000271,0.671625,0.671792,0.006105,83461.023438,0.962706,0.000000,0.000000,0.000000,0.000000,0.000000,0.000000,0.000000,0.000000,0.000000,-58.054585
19.749424,1.000000,-5208.033203,-1.708549,1761.625502,1062.828369,3485.233154,307.194336,306.331604,315.870222,-16.289904,0.084470,3.326178,-59.074112,-19.978138,-19.930809,1063.533081,-0.062947,-0.002147,0.000274,0.671607,0.671775,0.006054,83461.023438,0.962666,0.000000,0.000000,0.000000,0.000000,0.000000,0.000000,0.000000,0.000000,0.000000,-58.044952
19.801502,1.000000,-5199.645508,-1.685975,1758.549375,1059.751587,3475.211426,307.190369,306.330688,315.823387,-16.289595,0.082820,3.326128,-59.063976,-19.977709,-19.930702,1060.480225,-0.062942,-0.002154,0.000278,0.671574,0.671756,0.006005,83461.023438,0.962632,0.000000,0.000000,0.000000,0.000000,0.000000,0.000000,0.000000,0.000000,0.000000,-58.035110
19.854662,1.000000,-5191.032715,-1.662869,1755.409884,1056.611572,3464.921631,307.186279,306.329712,315.775367,-16.289282,0.081145,3.326080,-59.053589,-19.977271,-19.930603,1057.345459,-0.062946,-0.002160,0.000281,0.671540,0.671736,0.005958,83461.023438,0.962601,0.000000,0.000000,0.000000,0.000000,0.000000,0.000000,0.000000,0.000000,0.000000,-58.025085
19.907473,1.000000,-5182.621094,-1.640376,1752.291551,1053.492432,3454.872314,307.182343,306.329132,315.728443,-16.288969,0.079496,3.326036,-59.043465,-19.976851,-19.930511,1054.283813,-0.062949,-0.002164,0.000284,0.671519,0.671715,0.005910,83461.023438,0.962569,0.000000,0.000000,0.000000,0.000000,0.000000,0.000000,0.000000,0.000000,0.000000,-58.015144
19.961529,1.000000,-5173.762695,-1.616765,1749.100269,1050.300537,3444.289063,307.178162,306.327820,315.679058,-16.288664,0.077819,3.325984,-59.032814,-19.976410,-19.930414,1051.059692,-0.062950,-0.002171,0.000287,0.671474,0.671692,0.005853,83461.023438,0.962535,0.000000,0.000000,0.000000,0.000000,0.000000,0.000000,0.000000,0.000000,0.000000,-58.004990
20.017497,1.000000,-5164.711426,-1.592724,1745.796708,1046.996094,3433.476563,307.173920,306.326843,315.628576,-16.288336,0.076095,3.325948,-59.021957,-19.975968,-19.930332,1047.765259,-0.062959,-0.002176,0.000291,0.671439,0.671668,0.005790,83461.023438,0.962500,0.000000,0.000000,0.000000,0.000000,0.000000,0.000000,0.000000,0.000000,0.000000,-57.994499
20.073329,1.000000,-5155.641113,-1.568714,1742.501781,1043.700439,3422.640625,307.169708,306.326141,315.578004,-16.288017,0.074389,3.325904,-59.011086,-19.975527,-19.930241,1044.463989,-0.062960,-0.002181,0.000294,0.671415,0.671642,0.005729,83461.023438,0.962467,0.000000,0.000000,0.000000,0.000000,0.000000,0.000000,0.000000,0.000000,0.000000,-57.984039
20.124842,1.000000,-5147.317383,-1.546755,1739.462278,1040.660156,3412.697510,307.165741,306.325073,315.531437,-16.287724,0.072824,3.325886,-59.001129,-19.975138,-19.930166,1041.434326,-0.062960,-0.002186,0.000297,0.671377,0.671618,0.005675,83461.023438,0.962433,0.000000,0.000000,0.000000,0.000000,0.000000,0.000000,0.000000,0.000000,0.000000,-57.974419
20.179429,1.000000,-5138.419434,-1.523359,1736.241953,1037.438965,3402.067871,307.161377,306.323914,315.481666,-16.287422,0.071174,3.325853,-58.990501,-19.974726,-19.930082,1038.195801,-0.062956,-0.002192,0.000300,0.671337,0.671591,0.005633,83461.023438,0.962384,0.000000,0.000000,0.000000,0.000000,0.000000,0.000000,0.000000,0.000000,0.000000,-57.964241
20.233869,1.000000,-5129.560547,-1.500147,1733.030874,1034.227051,3391.485596,307.157104,306.322968,315.432192,-16.287121,0.069545,3.325828,-58.979942,-19.974318,-19.930008,1034.971436,-0.062957,-0.002195,0.000304,0.671304,0.671564,0.005585,83461.023438,0.962361,0.000000,0.000000,0.000000,0.000000,0.000000,0.000000,0.000000,0.000000,0.000000,-57.954109
20.287274,1.000000,-5120.895508,-1.477522,1729.881398,1031.076660,3381.135254,307.152893,306.322235,315.383727,-16.286831,0.067957,3.325804,-58.969631,-19.973928,-19.929943,1031.817627,-0.062960,-0.002200,0.000307,0.671279,0.671536,0.005538,83461.023438,0.962320,0.000000,0.000000,0.000000,0.000000,0.000000,0.000000,0.000000,0.000000,0.000000,-57.944183
20.339409,1.000000,-5112.520508,-1.455731,1726.807349,1028.001831,3371.131348,307.148834,306.321228,315.336863,-16.286552,0.066413,3.325777,-58.959671,-19.973555,-19.929880,1028.769287,-0.062960,-0.002206,0.000310,0.671243,0.671508,0.005492,83461.023438,0.962293,0.000000,0.000000,0.000000,0.000000,0.000000,0.000000,0.000000,0.000000,0.000000,-57.934509
20.394029,1.000000,-5103.600586,-1.432604,1723.587336,1024.780884,3360.476807,307.144501,306.319519,315.287003,-16.286257,0.064810,3.325763,-58.949089,-19.973162,-19.929821,1025.522705,-0.062965,-0.002211,0.000313,0.671183,0.671478,0.005446,83461.023438,0.962266,0.000000,0.000000,0.000000,0.000000,0.000000,0.000000,0.000000,0.000000,0.000000,-57.924400
20.447261,1.000000,-5094.987305,-1.410349,1720.449702,1021.642456,3350.188477,307.140167,306.318909,315.238775,-16.285973,0.063255,3.325750,-58.938877,-19.972789,-19.929758,1022.387756,-0.062961,-0.002215,0.000316,0.671162,0.671447,0.005400,83461.023438,0.962235,0.000000,0.000000,0.000000,0.000000,0.000000,0.000000,0.000000,0.000000,0.000000,-57.914551
20.501576,1.000000,-5086.266602,-1.387898,1717.248792,1018.440613,3339.772217,307.135864,306.317444,315.189953,-16.285688,0.061683,3.325739,-58.928562,-19.972418,-19.929703,1019.213684,-0.062960,-0.002220,0.000319,0.671111,0.671416,0.005358,83461.023438,0.962210,0.000000,0.000000,0.000000,0.000000,0.000000,0.000000,0.000000,0.000000,0.000000,-57.904533
20.557057,1.000000,-5077.263672,-1.364806,1713.979751,1015.170654,3329.019775,307.131409,306.316345,315.139441,-16.285397,0.060087,3.325738,-58.917931,-19.972048,-19.929659,1015.936890,-0.062963,-0.002226,0.000322,0.671072,0.671382,0.005317,83461.023438,0.962181,0.000000,0.000000,0.000000,0.000000,0.000000,0.000000,0.000000,0.000000,0.000000,-57.894314
20.611963,1.000000,-5068.409668,-1.342180,1710.745168,1011.935059,3318.444824,307.126892,306.315247,315.089848,-16.285114,0.058518,3.325725,-58.907475,-19.971678,-19.929611,1012.714294,-0.062967,-0.002231,0.000325,0.671034,0.671348,0.005280,83461.023438,0.962151,0.000000,0.000000,0.000000,0.000000,0.000000,0.000000,0.000000,0.000000,0.000000,-57.884205
20.667868,1.000000,-5059.325195,-1.319052,1707.452324,1008.641296,3307.594727,307.122345,306.314575,315.038950,-16.284821,0.056933,3.325728,-58.896770,-19.971307,-19.929564,1009.407837,-0.062966,-0.002236,0.000328,0.671010,0.671313,0.005234,83461.023438,0.962116,0.000000,0.000000,0.000000,0.000000,0.000000,0.000000,0.000000,0.000000,0.000000,-57.873936
20.723331,1.000000,-5050.323730,-1.296224,1704.186103,1005.374207,3296.843994,307.117828,306.313660,314.988557,-16.284536,0.055371,3.325728,-58.886185,-19.970943,-19.929523,1006.131531,-0.062967,-0.002243,0.000331,0.670978,0.671280,0.005179,83461.023438,0.962094,0.000000,0.000000,0.000000,0.000000,0.000000,0.000000,0.000000,0.000000,0.000000,-57.863773
20.776645,1.000000,-5041.789551,-1.274662,1701.046986,1002.234070,3286.651611,307.113434,306.312622,314.940595,-16.284266,0.053877,3.325742,-58.876160,-19.970612,-19.929485,1003.025391,-0.062961,-0.002249,0.000334,0.670942,0.671248,0.005138,83461.023438,0.962065,0.000000,0.000000,0.000000,0.000000,0.000000,0.000000,0.000000,0.000000,0.000000,-57.854015
20.832716,1.000000,-5032.687988,-1.251756,1697.746121,998.932190,3275.781982,307.108612,306.311584,314.889609,-16.283978,0.052322,3.325756,-58.865494,-19.970258,-19.929455,999.712646,-0.062966,-0.002251,0.000338,0.670906,0.671214,0.005100,83461.023438,0.962049,0.000000,0.000000,0.000000,0.000000,0.000000,0.000000,0.000000,0.000000,0.000000,-57.843777
20.883413,1.000000,-5024.515625,-1.231264,1694.762133,995.947266,3266.021973,307.104401,306.310608,314.843783,-16.283722,0.050925,3.325767,-58.855919,-19.969943,-19.929422,996.738159,-0.062964,-0.002257,0.000341,0.670872,0.671182,0.005065,83461.023438,0.962016,0.000000,0.000000,0.000000,0.000000,0.000000,0.000000,0.000000,0.000000,0.000000,-57.834522
20.938945,1.000000,-5015.543945,-1.208853,1691.494118,992.678284,3255.307617,307.099701,306.309998,314.793389,-16.283445,0.049405,3.325783,-58.845425,-19.969607,-19.929394,993.472778,-0.062961,-0.002261,0.000344,0.670850,0.671148,0.005026,83461.023438,0.961990,0.000000,0.000000,0.000000,0.000000,0.000000,0.000000,0.000000,0.000000,0.000000,-57.824413
20.989907,1.000000,-5007.401367,-1.188590,1688.495557,989.678772,3245.583984,307.095398,306.308929,314.747771,-16.283190,0.048021,3.325801,-58.835922,-19.969302,-19.929379,990.509094,-0.062968,-0.002266,0.000347,0.670812,0.671116,0.004990,83461.023438,0.961978,0.000000,0.000000,0.000000,0.000000,0.000000,0.000000,0.000000,0.000000,0.000000,-57.815151
21.044017,1.000000,-4998.550293,-1.166646,1685.312310,986.494446,3235.014160,307.090790,306.308014,314.698119,-16.282927,0.046558,3.325820,-58.825600,-19.968977,-19.929358,987.287537,-0.062968,-0.002274,0.000350,0.670781,0.671082,0.004941,83461.023438,0.961950,0.000000,0.000000,0.000000,0.000000,0.000000,0.000000,0.000000,0.000000,0.000000,-57.805332
21.096490,1.000000,-4989.930176,-1.145356,1682.225887,983.406982,3224.720215,307.086426,306.306854,314.649772,-16.282677,0.045149,3.325837,-58.815556,-19.968662,-19.929342,984.150085,-0.062971,-0.002281,0.000353,0.670740,0.671049,0.004897,83461.023438,0.961930,0.000000,0.000000,0.000000,0.000000,0.000000,0.000000,0.000000,0.000000,0.000000,-57.795811
21.148409,1.000000,-4981.576660,-1.124802,1679.172561,980.352783,3214.744629,307.082001,306.305878,314.602849,-16.282425,0.043762,3.325856,-58.805824,-19.968362,-19.929323,981.109680,-0.062967,-0.002286,0.000356,0.670705,0.671018,0.004852,83461.023438,0.961905,0.000000,0.000000,0.000000,0.000000,0.000000,0.000000,0.000000,0.000000,0.000000,-57.786396
21.202652,1.000000,-4972.940430,-1.103636,1675.983104,977.162292,3204.432129,307.077515,306.304779,314.554324,-16.282171,0.042323,3.325875,-58.795773,-19.968055,-19.929317,977.966309,-0.062973,-0.002293,0.000359,0.670667,0.670983,0.004805,83461.023438,0.961888,0.000000,0.000000,0.000000,0.000000,0.000000,0.000000,0.000000,0.000000,0.000000,-57.776577
21.254979,1.000000,-4964.356445,-1.082680,1672.906829,974.084961,3194.181885,307.073090,306.303589,314.506185,-16.281933,0.040950,3.325888,-58.785797,-19.967749,-19.929310,974.842041,-0.062976,-0.002299,0.000362,0.670626,0.670950,0.004752,83461.023438,0.961864,0.000000,0.000000,0.000000,0.000000,0.000000,0.000000,0.000000,0.000000,0.000000,-57.767120
21.309214,1.000000,-4955.663574,-1.061543,1669.718927,970.895874,3183.802002,307.068604,306.302368,314.457363,-16.281683,0.039536,3.325911,-58.775711,-19.967449,-19.929306,971.678101,-0.062977,-0.002303,0.000365,0.670582,0.670915,0.004690,83461.023438,0.961843,0.000000,0.000000,0.000000,0.000000,0.000000,0.000000,0.000000,0.000000,0.000000,-57.757332
21.363636,1.000000,-4946.877441,-1.040265,1666.520586,967.696594,3173.310791,307.064026,306.301025,314.408037,-16.281433,0.038128,3.325939,-58.765530,-19.967148,-19.929304,968.480164,-0.062978,-0.002310,0.000368,0.670536,0.670879,0.004630,83461.023438,0.961818,0.000000,0.000000,0.000000,0.000000,0.000000,0.000000,0.000000,0.000000,0.000000,-57.747528
21.413981,1.000000,-4938.773438,-1.020716,1663.562342,964.737305,3163.634033,307.059723,306.299896,314.362478,-16.281200,0.036842,3.325974,-58.756157,-19.966879,-19.929300,965.530579,-0.062973,-0.002312,0.000371,0.670496,0.670844,0.004583,83461.023438,0.961797,0.000000,0.000000,0.000000,0.000000,0.000000,0.000000,0.000000,0.000000,0.000000,-57.738480
21.469119,1.000000,-4929.831543,-0.999231,1660.323005,961.496765,3152.957275,307.054871,306.298889,314.312263,-16.280956,0.035438,3.326000,-58.745831,-19.966585,-19.929310,962.276001,-0.062978,-0.002316,0.000374,0.670461,0.670806,0.004532,83461.023438,0.961762,0.000000,0.000000,0.000000,0.000000,0.000000,0.000000,0.000000,0.000000,0.000000,-57.728580
21.522398,1.000000,-4921.329590,-0.978885,1657.193421,958.366150,3142.805908,307.050354,306.297791,314.264479,-16.280718,0.034087,3.326033,-58.736023,-19.966310,-19.929314,959.181519,-0.062974,-0.002321,0.000377,0.670423,0.670770,0.004478,83461.023438,0.961752,0.000000,0.000000,0.000000,0.000000,0.000000,0.000000,0.000000,0.000000,0.000000,-57.719028
21.577053,1.000000,-4912.399414,-0.957603,1653.983561,955.155029,3132.143066,307.045776,306.296295,314.214234,-16.280472,0.032722,3.326079,-58.725723,-19.966026,-19.929317,955.931213,-0.062970,-0.002328,0.000380,0.670370,0.670731,0.004433,83461.023438,0.961725,0.000000,0.000000,0.000000,0.000000,0.000000,0.000000,0.000000,0.000000,0.000000,-57.709232
21.631390,1.000000,-4903.690430,-0.936938,1650.792928,951.963379,3121.745117,307.041046,306.294922,314.165146,-16.280231,0.031371,3.326124,-58.715691,-19.965757,-19.929337,952.761414,-0.062973,-0.002332,0.000383,0.670323,0.670692,0.004390,83461.023438,0.961695,0.000000,0.000000,0.000000,0.000000,0.000000,0.000000,0.000000,0.000000,0.000000,-57.699512
21.683154,1.000000,-4895.325195,-0.917170,1647.753890,948.923218,3111.756836,307.036530,306.292297,314.118045,-16.279997,0.030099,3.326173,-58.706070,-19.965501,-19.929344,949.716675,-0.062968,-0.002336,0.000386,0.670230,0.670653,0.004353,83461.023438,0.961679,0.000000,0.000000,0.000000,0.000000,0.000000,0.000000,0.000000,0.000000,0.000000,-57.690266
21.739437,1.000000,-4886.275879,-0.895877,1644.450108,945.618103,3100.952881,307.031586,306.292053,314.067176,-16.279749,0.028725,3.326225,-58.695683,-19.965225,-19.929367,946.423035,-0.062973,-0.002340,0.000389,0.670222,0.670610,0.004314,83461.023438,0.961654,0.000000,0.000000,0.000000,0.000000,0.000000,0.000000,0.000000,0.000000,0.000000,-57.680233
21.794990,1.000000,-4877.260254,-0.874754,1641.189750,942.356567,3090.188965,307.026642,306.290741,314.016397,-16.279505,0.027383,3.326277,-58.685333,-19.964956,-19.929386,943.141602,-0.062971,-0.002343,0.000392,0.670175,0.670567,0.004265,83461.023438,0.961638,0.000000,0.000000,0.000000,0.000000,0.000000,0.000000,0.000000,0.000000,0.000000,-57.670330
21.849683,1.000000,-4868.405762,-0.854100,1637.980423,939.146118,3079.617432,307.021881,306.289398,313.966627,-16.279270,0.026071,3.326325,-58.675179,-19.964688,-19.929409,939.918823,-0.062975,-0.002349,0.000395,0.670129,0.670524,0.004213,83461.023438,0.961621,0.000000,0.000000,0.000000,0.000000,0.000000,0.000000,0.000000,0.000000,0.000000,-57.660603
21.902581,1.000000,-4859.917480,-0.834385,1634.876949,936.041443,3069.483154,307.017303,306.288208,313.918903,-16.279053,0.024814,3.326364,-58.665455,-19.964436,-19.929432,936.829346,-0.062974,-0.002352,0.000398,0.670087,0.670483,0.004148,83461.023438,0.961608,0.000000,0.000000,0.000000,0.000000,0.000000,0.000000,0.000000,0.000000,0.000000,-57.651196
21.956908,1.000000,-4851.187500,-0.814194,1631.690175,932.853455,3059.061035,307.012543,306.286804,313.869784,-16.278830,0.023532,3.326408,-58.655479,-19.964186,-19.929462,933.651917,-0.062975,-0.002357,0.000401,0.670038,0.670439,0.004090,83461.023438,0.961577,0.000000,0.000000,0.000000,0.000000,0.000000,0.000000,0.000000,0.000000,0.000000,-57.641560
22.009887,1.000000,-4842.524902,-0.794247,1628.582997,929.745056,3048.719238,307.007813,306.285095,313.821022,-16.278616,0.022289,3.326458,-58.645588,-19.963942,-19.929495,930.498962,-0.062976,-0.002362,0.000404,0.669978,0.670397,0.004038,83461.023438,0.961550,0.000000,0.000000,0.000000,0.000000,0.000000,0.000000,0.000000,0.000000,0.000000,-57.632175
22.064428,1.000000,-4833.832031,-0.774317,1625.384752,926.545532,3038.341064,307.002960,306.283661,313.772052,-16.278393,0.021019,3.326515,-58.635670,-19.963702,-19.929523,927.335022,-0.062971,-0.002365,0.000406,0.669928,0.670351,0.003982,83461.023438,0.961538,0.000000,0.000000,0.000000,0.000000,0.000000,0.000000,0.000000,0.000000,0.000000,-57.622532
22.114919,1.000000,-4825.746582,-0.755858,1622.424480,923.584106,3028.688721,306.998413,306.282379,313.726553,-16.278185,0.019856,3.326567,-58.626461,-19.963480,-19.929558,924.392151,-0.062972,-0.002367,0.000409,0.669884,0.670308,0.003934,83461.023438,0.961501,0.000000,0.000000,0.000000,0.000000,0.000000,0.000000,0.000000,0.000000,0.000000,-57.613613
22.165328,1.000000,-4817.581543,-0.737295,1619.469482,920.627930,3018.940674,306.993958,306.281219,313.680549,-16.277983,0.018708,3.326620,-58.617161,-19.963260,-19.929585,921.420349,-0.062965,-0.002371,0.000412,0.669843,0.670264,0.003887,83461.023438,0.961489,0.000000,0.000000,0.000000,0.000000,0.000000,0.000000,0.000000,0.000000,0.000000,-57.604710
22.220159,1.000000,-4808.742676,-0.717289,1616.255793,917.412903,3008.388916,306.988953,306.279694,313.630808,-16.277767,0.017462,3.326684,-58.607128,-19.963028,-19.929625,918.203247,-0.062963,-0.002377,0.000414,0.669790,0.670217,0.003838,83461.023438,0.961464,0.000000,0.000000,0.000000,0.000000,0.000000,0.000000,0.000000,0.000000,0.000000,-57.595058
22.274392,1.000000,-4800.025879,-0.697648,1613.077692,914.233521,2997.983154,306.983978,306.277863,313.581660,-16.277557,0.016250,3.326745,-58.597233,-19.962805,-19.929667,915.030579,-0.062962,-0.002380,0.000417,0.662934,0.670123,0.003797,83461.023438,0.961438,0.000000,0.000000,0.000000,0.000000,0.000000,0.000000,0.000000,0.000000,0.000000,-57.585522
22.327926,1.000000,-4791.394531,-0.678287,1609.941080,911.096008,2987.679443,306.979156,306.276855,313.533076,-16.277363,0.015054,3.326803,-58.587471,-19.962591,-19.929712,911.889038,-0.062930,-0.002383,0.000420,0.636167,0.668176,0.003510,83461.023438,0.961335,0.000000,0.000000,0.000000,0.000000,0.000000,0.000000,0.000000,0.000000,0.000000,-57.576153
22.382698,1.000000,-4782.575195,-0.658597,1606.732470,907.886475,2977.151367,306.974121,306.275970,313.483987,-16.277193,0.013844,3.326868,-58.577698,-19.962402,-19.929758,908.679077,-0.062782,-0.002390,0.000423,0.608781,0.663606,0.002409,83461.023438,0.960949,0.000000,0.000000,0.000000,0.000000,0.000000,0.000000,0.000000,0.000000,0.000000,-57.566799
22.439443,1.000000,-4773.564941,-0.638576,1603.408824,904.561951,2966.395508,306.969116,306.276611,313.434780,-16.277117,0.012600,3.326939,-58.568192,-19.962305,-19.929808,905.399597,-0.062448,-0.002392,0.000425,0.580409,0.656340,0.000209,83461.023438,0.960125,0.000000,0.000000,0.000000,0.000000,0.000000,0.000000,0.000000,0.000000,0.000000,-57.557625
22.491318,1.000000,-4765.216797,-0.620112,1600.370877,901.523071,2956.430176,306.964508,306.277985,313.390408,-16.277182,0.011472,3.327035,-58.560093,-19.962365,-19.929857,902.361145,-0.061946,-0.002397,0.000428,0.554471,0.647710,-0.002715,83461.023438,0.958905,0.000000,0.000000,0.000000,0.000000,0.000000,0.000000,0.000000,0.000000,0.000000,-57.549995
22.543952,1.000000,-4756.833984,-0.601654,1597.288876,898.440186,2946.423340,306.959808,306.282166,313.347281,-16.277424,0.010332,3.327193,-58.552937,-19.962648,-19.929905,899.309998,-0.061228,-0.002400,0.000430,0.528154,0.637207,-0.006358,83461.023438,0.957203,0.000000,0.000000,0.000000,0.000000,0.000000,0.000000,0.000000,0.000000,0.000000,-57.543285
22.594334,1.000000,-4748.544922,-0.583484,1594.339056,895.489624,2936.528076,306.955383,306.287628,313.306231,-16.277843,0.009256,3.327447,-58.547085,-19.963220,-19.929947,896.293030,-0.060318,-0.002403,0.000433,0.502963,0.625660,-0.010224,83461.023438,0.955119,0.000000,0.000000,0.000000,0.000000,0.000000,0.000000,0.000000,0.000000,0.000000,-57.538082
22.646697,1.000000,-4740.815918,-0.566614,1591.273506,892.423157,2927.300537,306.950928,306.295044,313.269600,-16.278498,0.008141,3.327857,-58.542931,-19.964065,-19.929972,893.479919,-0.059209,-0.002398,0.000435,0.476782,0.612303,-0.014482,83461.023438,0.952785,0.000000,0.000000,0.000000,0.000000,0.000000,0.000000,0.000000,0.000000,0.000000,-57.534172
22.705341,1.000000,-4731.187988,-0.545701,1587.840442,888.989014,2915.806396,306.946198,306.306824,313.226384,-16.279495,0.006907,3.328571,-58.539806,-19.965620,-19.930012,889.975647,-0.057641,-0.002401,0.000438,0.447460,0.595846,-0.019146,83461.023438,0.949499,0.000000,0.000000,0.000000,0.000000,0.000000,0.000000,0.000000,0.000000,0.000000,-57.531906
22.759176,1.000000,-4722.300781,-0.526492,1584.688968,885.836487,2905.194824,306.942139,306.322968,313.189041,-16.280636,0.005778,3.329569,-58.539253,-19.967639,-19.930016,886.740967,-0.055946,-0.002404,0.000440,0.420542,0.579461,-0.022730,83461.023438,0.945991,0.000000,0.000000,0.000000,0.000000,0.000000,0.000000,0.000000,0.000000,0.000000,-57.532089
22.815662,1.000000,-4713.008301,-0.506506,1581.382240,882.528748,2894.098389,306.938416,306.343475,313.152915,-16.282011,0.004602,3.331074,-58.541313,-19.970408,-19.930008,883.358765,-0.053953,-0.002404,0.000442,0.392299,0.561094,-0.025479,83461.023438,0.942072,0.000000,0.000000,0.000000,0.000000,0.000000,0.000000,0.000000,0.000000,0.000000,-57.534817
22.866797,1.000000,-4704.634277,-0.488580,1578.388580,879.534119,2884.096436,306.935516,306.366028,313.123046,-16.283352,0.003550,3.332936,-58.545624,-19.973516,-19.929964,880.310913,-0.051954,-0.002402,0.000444,0.366732,0.543539,-0.026901,83461.023438,0.938303,0.000000,0.000000,0.000000,0.000000,0.000000,0.000000,0.000000,0.000000,0.000000,-57.539661
22.917821,1.000000,-4696.795410,-0.471875,1575.401122,876.545776,2874.732910,306.933289,306.390137,313.097508,-16.284737,0.002504,3.335335,-58.551884,-19.976983,-19.929907,877.457764,-0.049945,-0.002397,0.000446,0.341220,0.525242,-0.027239,83461.023438,0.934749,0.000000,0.000000,0.000000,0.000000,0.000000,0.000000,0.000000,0.000000,0.000000,-57.546844
22.978061,1.000000,-4687.642578,-0.452459,1571.873516,873.017029,2863.796387,306.931488,306.421661,313.071021,-16.286369,0.001277,3.338877,-58.561821,-19.981662,-19.929783,874.126404,-0.047378,-0.002392,0.000448,0.311100,0.502793,-0.026863,83461.023438,0.930563,0.000000,0.000000,0.000000,0.000000,0.000000,0.000000,0.000000,0.000000,0.000000,-57.558250
23.031135,1.000000,-4678.834961,-0.433866,1568.764907,869.907349,2853.270020,306.930908,306.457611,313.048865,-16.287754,0.000205,3.342750,-58.574230,-19.986864,-19.929623,870.920715,-0.044699,-0.002393,0.000450,0.284563,0.482294,-0.025118,83461.023438,0.926232,0.000000,0.000000,0.000000,0.000000,0.000000,0.000000,0.000000,0.000000,0.000000,-57.571136
23.081291,1.000000,-4670.531250,-0.416420,1565.826522,866.968018,2843.342773,306.931305,306.495667,313.031128,-16.288925,-0.000805,3.347178,-58.588684,-19.992448,-19.929420,867.898376,-0.042040,-0.002396,0.000451,0.259485,0.462350,-0.021793,83461.023438,0.922332,0.000000,0.000000,0.000000,0.000000,0.000000,0.000000,0.000000,0.000000,0.000000,-57.585880
23.134108,1.000000,-4661.828613,-0.398219,1562.731387,863.871887,2832.935791,306.932892,306.541901,313.015941,-16.289923,-0.001867,3.352789,-58.606789,-19.999030,-19.929159,864.730896,-0.039202,-0.002396,0.000453,0.233076,0.440779,-0.015927,83461.023438,0.917915,0.000000,0.000000,0.000000,0.000000,0.000000,0.000000,0.000000,0.000000,0.000000,-57.604244
23.190836,1.000000,-4652.615234,-0.379042,1559.405913,860.545227,2821.913086,306.936096,306.595032,313.003870,-16.290588,-0.002991,3.359909,-58.629028,-20.006727,-19.928801,861.377502,-0.036075,-0.002392,0.000455,0.204712,0.417063,-0.008006,83461.023438,0.913756,0.000000,0.000000,0.000000,0.000000,0.000000,0.000000,0.000000,0.000000,0.000000,-57.626900
23.246265,1.000000,-4643.662109,-0.360500,1556.155275,857.293518,2811.197266,306.940979,306.651581,312.996247,-16.290760,-0.004086,3.368011,-58.653572,-20.014887,-19.928370,858.118835,-0.032925,-0.002390,0.000456,0.176998,0.393404,0.001212,83461.023438,0.910081,0.000000,0.000000,0.000000,0.000000,0.000000,0.000000,0.000000,0.000000,0.000000,-57.651901
23.296616,1.000000,-4635.483887,-0.343640,1553.201180,854.338379,2801.404053,306.946899,306.707855,312.993043,-16.290447,-0.005074,3.376358,-58.678406,-20.022876,-19.927900,855.142212,-0.029932,-0.002391,0.000458,0.151822,0.371545,0.010631,83461.023438,0.906862,0.000000,0.000000,0.000000,0.000000,0.000000,0.000000,0.000000,0.000000,0.000000,-57.676960
23.350439,1.000000,-4626.916016,-0.326058,1550.041930,851.178040,2791.140137,306.954926,306.772858,312.993607,-16.289547,-0.006123,3.386413,-58.706917,-20.031799,-19.927334,852.023743,-0.026809,-0.002385,0.000459,0.125563,0.347820,0.022226,83461.023438,0.903224,0.000000,0.000000,0.000000,0.000000,0.000000,0.000000,0.000000,0.000000,0.000000,-57.706272
23.406485,1.000000,-4617.994629,-0.307836,1546.750455,847.885498,2780.446777,306.965424,306.845367,312.998531,-16.287912,-0.007207,3.398114,-58.739120,-20.041622,-19.926641,848.776611,-0.023493,-0.002382,0.000460,0.125563,0.324174,0.035562,83461.023438,0.899930,0.000000,0.000000,0.000000,0.000000,0.000000,0.000000,0.000000,0.000000,0.000000,-57.739315
23.463025,1.000000,-4608.828613,-0.289206,1543.428030,844.561768,2769.454102,306.978333,306.924408,313.007903,-16.285446,-0.008291,3.411223,-58.774654,-20.052228,-19.925827,845.440491,-0.020065,-0.002382,0.000462,0.125563,0.302866,0.050945,83461.023438,0.897446,0.000000,0.000000,0.000000,0.000000,0.000000,0.000000,0.000000,0.000000,0.000000,-57.774990
23.520053,1.000000,-4599.856445,-0.271061,1540.074833,841.207397,2758.687988,306.994019,307.006927,313.021013,-16.282013,-0.009382,3.425779,-58.811413,-20.062996,-19.924931,842.174866,-0.016993,-0.002379,0.000463,0.125563,0.283690,0.068799,83461.023438,0.895590,0.000000,0.000000,0.000000,0.000000,0.000000,0.000000,0.000000,0.000000,0.000000,-57.812950
23.575993,1.000000,-4590.842285,-0.252918,1536.783475,837.915344,2747.864502,307.012054,307.094208,313.037772,-16.277588,-0.010436,3.441344,-58.849804,-20.074058,-19.923908,838.893982,-0.014000,-0.002377,0.000464,0.125563,0.266897,0.088342,83461.023438,0.894306,0.000000,0.000000,0.000000,0.000000,0.000000,0.000000,0.000000,0.000000,0.000000,-57.851593
23.630944,1.000000,-4581.932617,-0.235074,1533.548184,834.679382,2737.159912,307.032379,307.183655,313.057733,-16.272133,-0.011460,3.457814,-58.888706,-20.085089,-19.922787,835.651123,-0.011234,-0.002377,0.000465,0.125563,0.252139,0.109091,83461.023438,0.894112,0.000000,0.000000,0.000000,0.000000,0.000000,0.000000,0.000000,0.000000,0.000000,-57.890404
23.686077,1.000000,-4573.103516,-0.217478,1530.300029,831.430481,2726.546143,307.055481,307.275452,313.080661,-16.265484,-0.012482,3.475440,-58.927677,-20.095963,-19.921574,832.437622,-0.008800,-0.002379,0.000466,0.125563,0.238880,0.130938,83461.023438,0.894678,0.000000,0.000000,0.000000,0.000000,0.000000,0.000000,0.000000,0.000000,0.000000,-57.929691
23.739711,1.000000,-4564.429199,-0.200273,1527.138120,828.267761,2716.111816,307.080719,307.368073,313.106021,-16.257837,-0.013467,3.493561,-58.965916,-20.106461,-19.920269,829.280396,-0.006590,-0.002381,0.000467,0.125563,0.227317,0.152716,83461.023438,0.896039,0.000000,0.000000,0.000000,0.000000,0.000000,0.000000,0.000000,0.000000,0.000000,-57.967796
23.793847,1.000000,-4555.706055,-0.183054,1523.944563,825.073547,2705.612549,307.108795,307.463226,313.134347,-16.248934,-0.014451,3.512703,-59.003895,-20.116699,-19.918848,826.105469,-0.004612,-0.002384,0.000468,0.125563,0.216842,0.174633,83461.023438,0.898201,0.000000,0.000000,0.000000,0.000000,0.000000,0.000000,0.000000,0.000000,0.000000,-58.005718
23.849124,1.000000,-4546.811523,-0.165585,1520.681610,821.809875,2694.901611,307.140350,307.562195,313.165965,-16.238636,-0.015444,3.532990,-59.041695,-20.126683,-19.917309,822.868103,-0.002848,-0.002385,0.000469,0.125563,0.207257,0.196459,83461.023438,0.900956,0.000000,0.000000,0.000000,0.000000,0.000000,0.000000,0.000000,0.000000,0.000000,-58.043476
23.905834,1.000000,-4537.915039,-0.148201,1517.331942,818.459351,2684.182129,307.175690,307.663055,313.200372,-16.226847,-0.016458,3.554443,-59.078266,-20.136114,-19.915667,819.630066,-0.001457,-0.002379,0.000466,0.125563,0.198468,0.217895,83461.023438,0.904246,0.000000,0.000000,0.000000,0.000000,0.000000,0.000000,0.000000,0.000000,0.000000,-58.080879
23.959011,1.000000,-4529.006348,-0.130883,1514.189083,815.315735,2673.443115,307.211548,307.765411,313.237418,-16.214718,-0.017403,3.575007,-59.113331,-20.144913,-19.913933,816.387573,0.000072,-0.002387,0.000465,0.125563,0.191089,0.236841,83461.023438,0.907805,0.000000,0.000000,0.000000,0.000000,0.000000,0.000000,0.000000,0.000000,0.000000,-58.114426
24.010095,1.000000,-4520.765625,-0.114943,1511.168291,812.294250,2663.504150,307.248322,307.860840,313.273871,-16.202143,-0.018296,3.595065,-59.144188,-20.152427,-19.912247,813.388184,0.001092,-0.002392,0.000463,0.125563,0.184705,0.253877,83461.023438,0.911747,0.000000,0.000000,0.000000,0.000000,0.000000,0.000000,0.000000,0.000000,0.000000,-58.145073
24.062628,1.000000,-4512.396973,-0.098835,1508.060236,809.185303,2653.407227,307.288666,307.958832,313.312993,-16.188353,-0.019204,3.615831,-59.173691,-20.159355,-19.910471,810.342224,0.001892,-0.002399,0.000462,0.125563,0.178788,0.269690,83461.023438,0.916015,0.000000,0.000000,0.000000,0.000000,0.000000,0.000000,0.000000,0.000000,0.000000,-58.174713
24.119682,1.000000,-4503.960938,-0.082679,1504.683003,805.807251,2643.225586,307.335388,308.058044,313.354548,-16.172493,-0.020180,3.638410,-59.201431,-20.165585,-19.908623,807.271790,0.002176,-0.002399,0.000462,0.125563,0.173028,0.284758,83461.023438,0.920893,0.000000,0.000000,0.000000,0.000000,0.000000,0.000000,0.000000,0.000000,0.000000,-58.204594
24.176065,1.000000,-4494.279785,-0.064240,1501.343898,802.467285,2631.536865,307.384186,308.172729,313.404675,-16.156054,-0.021126,3.660556,-59.230587,-20.171749,-19.906424,803.748108,0.003140,-0.002410,0.000461,0.125563,0.167949,0.297243,83461.023438,0.925871,0.000000,0.000000,0.000000,0.000000,0.000000,0.000000,0.000000,0.000000,0.000000,-58.231579
24.229400,1.000000,-4485.682617,-0.047957,1498.183966,799.306580,2621.153564,307.432892,308.272980,313.451212,-16.139906,-0.022007,3.681245,-59.254112,-20.176360,-19.904423,800.619019,0.003563,-0.002418,0.000461,0.125563,0.163645,0.306985,83461.023438,0.931429,0.000000,0.000000,0.000000,0.000000,0.000000,0.000000,0.000000,0.000000,0.000000,-58.254757
24.284847,1.000000,-4476.667969,-0.030975,1494.897673,796.019409,2610.263672,307.485870,308.382141,313.502021,-16.122625,-0.022911,3.702377,-59.276230,-20.180277,-19.902277,797.337952,0.003847,-0.002425,0.000461,0.125563,0.159634,0.315249,83461.023438,0.935761,0.000000,0.000000,0.000000,0.000000,0.000000,0.000000,0.000000,0.000000,0.000000,-58.276436
24.341401,1.000000,-4467.548340,-0.013895,1491.544613,792.665344,2599.245117,307.542389,308.490417,313.555262,-16.104603,-0.023819,3.723395,-59.295998,-20.183312,-19.900082,794.018677,0.003971,-0.002433,0.000461,0.125563,0.155978,0.321341,83461.023438,0.941039,0.000000,0.000000,0.000000,0.000000,0.000000,0.000000,0.000000,0.000000,0.000000,-58.295898
24.394175,1.000000,-4459.063965,0.001906,1488.414744,789.534729,2588.992676,307.597260,308.591278,313.606546,-16.087530,-0.024657,3.742398,-59.311954,-20.185271,-19.898012,790.930603,0.003973,-0.002441,0.000462,0.125563,0.152920,0.324888,83461.023438,0.945828,0.000000,0.000000,0.000000,0.000000,0.000000,0.000000,0.000000,0.000000,0.000000,-58.311630
24.449465,1.000000,-4450.098633,0.018507,1485.134844,786.253967,2578.158203,307.656860,308.697998,313.662397,-16.069502,-0.025524,3.761584,-59.326355,-20.186471,-19.895815,787.667480,0.003874,-0.002448,0.000462,0.125563,0.150047,0.326685,83461.023438,0.950786,0.000000,0.000000,0.000000,0.000000,0.000000,0.000000,0.000000,0.000000,0.000000,-58.325665
24.502839,1.000000,-4441.468262,0.034397,1481.967940,783.086060,2567.728027,307.716278,308.800659,313.717595,-16.052063,-0.026348,3.779324,-59.337822,-20.186792,-19.893688,784.526306,0.003682,-0.002452,0.000463,0.125563,0.147560,0.326477,83461.023438,0.955420,0.000000,0.000000,0.000000,0.000000,0.000000,0.000000,0.000000,0.000000,0.000000,-58.336853
24.559062,1.000000,-4432.523438,0.050768,1478.631420,779.748718,2556.917725,307.780914,308.906281,313.776235,-16.033760,-0.027206,3.797091,-59.347294,-20.186286,-19.891485,781.270630,0.003376,-0.002461,0.000463,0.125563,0.145213,0.324251,83461.023438,0.960160,0.000000,0.000000,0.000000,0.000000,0.000000,0.000000,0.000000,0.000000,0.000000,-58.346184
24.613249,1.000000,-4423.783691,0.066667,1475.415297,776.531555,2546.355957,307.845001,309.009735,313.834874,-16.016291,-0.028019,3.813251,-59.354263,-20.184997,-19.889347,778.089661,0.003029,-0.002465,0.000464,0.125563,0.143188,0.320344,83461.023438,0.964504,0.000000,0.000000,0.000000,0.000000,0.000000,0.000000,0.000000,0.000000,0.000000,-58.352890
24.667453,1.000000,-4415.019531,0.082514,1472.197866,773.313232,2535.765869,307.910919,309.112732,313.894877,-15.999075,-0.028820,3.828415,-59.359085,-20.182957,-19.887224,774.899719,0.002624,-0.002472,0.000465,0.125563,0.141371,0.314803,83461.023438,0.968695,0.000000,0.000000,0.000000,0.000000,0.000000,0.000000,0.000000,0.000000,0.000000,-58.357452
24.722284,1.000000,-4406.209473,0.098349,1468.943028,770.057373,2525.121582,307.979279,309.216461,313.956275,-15.982018,-0.029615,3.842689,-59.361847,-20.180192,-19.885113,771.693115,0.002165,-0.002477,0.000466,0.125563,0.139724,0.307685,83461.023438,0.972646,0.000000,0.000000,0.000000,0.000000,0.000000,0.000000,0.000000,0.000000,0.000000,-58.359989
24.776010,1.000000,-4397.423828,0.114042,1465.753706,766.867065,2514.508301,308.047668,309.318909,314.018444,-15.965714,-0.030385,3.855608,-59.362640,-20.176767,-19.883034,768.495422,0.001679,-0.002484,0.000467,0.125563,0.138277,0.299377,83461.023438,0.976339,0.000000,0.000000,0.000000,0.000000,0.000000,0.000000,0.000000,0.000000,0.000000,-58.360561
24.830386,1.000000,-4388.728516,0.129477,1462.525819,763.638306,2504.006348,308.118347,309.420349,314.080969,-15.949705,-0.031154,3.867581,-59.361629,-20.172758,-19.881018,765.330566,0.001154,-0.002487,0.000468,0.125563,0.136962,0.289776,83461.023438,0.979754,0.000000,0.000000,0.000000,0.000000,0.000000,0.000000,0.000000,0.000000,0.000000,-58.359344
24.885242,1.000000,-4379.880371,0.145083,1459.269557,760.380981,2493.323242,308.191071,309.523041,314.145303,-15.934120,-0.031920,3.878518,-59.358891,-20.168104,-19.879023,762.110107,0.000591,-0.002492,0.000469,0.125563,0.135774,0.279018,83461.023438,0.982949,0.000000,0.000000,0.000000,0.000000,0.000000,0.000000,0.000000,0.000000,0.000000,-58.356415
24.937525,1.000000,-4371.436523,0.159884,1456.166220,757.276794,2483.130127,308.261658,309.620850,314.207294,-15.919831,-0.032636,3.887878,-59.354778,-20.163161,-19.877155,759.036804,0.000047,-0.002498,0.000471,0.125563,0.134757,0.267871,83461.023438,0.985758,0.000000,0.000000,0.000000,0.000000,0.000000,0.000000,0.000000,0.000000,0.000000,-58.352139
24.989116,1.000000,-4363.143555,0.174329,1453.104214,754.213806,2473.122070,308.332428,309.716766,314.268810,-15.906328,-0.033334,3.896080,-59.349438,-20.157864,-19.875370,756.018433,-0.000494,-0.002500,0.000472,0.125563,0.133853,0.256153,83461.023438,0.988316,0.000000,0.000000,0.000000,0.000000,0.000000,0.000000,0.000000,0.000000,0.000000,-58.346622
25.044580,1.000000,-4354.237793,0.189742,1449.812697,750.921204,2462.378418,308.409790,309.818939,314.335398,-15.892510,-0.034073,3.903792,-59.342487,-20.151768,-19.873522,752.776978,-0.001092,-0.002506,0.000473,0.125563,0.132979,0.243091,83461.023438,0.990757,0.000000,0.000000,0.000000,0.000000,0.000000,0.000000,0.000000,0.000000,0.000000,-58.339478
25.096013,1.000000,-4345.832520,0.204194,1446.760783,747.868225,2452.241699,308.482544,309.915344,314.398605,-15.880356,-0.034751,3.909906,-59.334747,-20.145625,-19.871834,749.717712,-0.001669,-0.002509,0.000474,0.125563,0.132252,0.230292,83461.023438,0.992790,0.000000,0.000000,0.000000,0.000000,0.000000,0.000000,0.000000,0.000000,0.000000,-58.331703
25.151372,1.000000,-4336.900391,0.219452,1443.476387,744.582886,2441.473389,308.561981,310.017242,314.466202,-15.868017,-0.035472,3.915408,-59.325500,-20.138756,-19.870104,746.466675,-0.002263,-0.002513,0.000476,0.125563,0.131548,0.216201,83461.023438,0.994680,0.000000,0.000000,0.000000,0.000000,0.000000,0.000000,0.000000,0.000000,0.000000,-58.322338
25.205265,1.000000,-4328.224609,0.234173,1440.279491,741.384949,2431.018066,308.640198,310.116058,314.532167,-15.856763,-0.036159,3.919712,-59.315620,-20.131788,-19.868492,743.308960,-0.002823,-0.002513,0.000477,0.125563,0.130935,0.202183,83461.023438,0.996277,0.000000,0.000000,0.000000,0.000000,0.000000,0.000000,0.000000,0.000000,0.000000,-58.312321
25.260557,1.000000,-4319.338379,0.249150,1437.000192,738.104553,2420.313477,308.721558,310.216522,314.599883,-15.846010,-0.036861,3.923087,-59.304710,-20.124398,-19.866919,740.074646,-0.003387,-0.002518,0.000479,0.125563,0.130370,0.187681,83461.023438,0.997576,0.000000,0.000000,0.000000,0.000000,0.000000,0.000000,0.000000,0.000000,0.000000,-58.301277
25.313810,1.000000,-4310.627441,0.263731,1433.842420,734.945618,2409.824219,308.800903,310.315094,314.666412,-15.836414,-0.037521,3.925371,-59.293362,-20.116943,-19.865446,736.904114,-0.003962,-0.002521,0.000480,0.125563,0.129883,0.173623,83461.023438,0.998679,0.000000,0.000000,0.000000,0.000000,0.000000,0.000000,0.000000,0.000000,0.000000,-58.289993
25.366295,1.000000,-4302.467773,0.277298,1430.730792,731.833008,2400.003174,308.879974,310.407104,314.728670,-15.827687,-0.038165,3.926749,-59.282288,-20.109827,-19.864147,733.934265,-0.004362,-0.002520,0.000482,0.125563,0.129451,0.159879,83461.023438,0.999538,0.000000,0.000000,0.000000,0.000000,0.000000,0.000000,0.000000,0.000000,0.000000,-58.278423
25.418439,1.000000,-4293.744141,0.291707,1427.639992,728.741089,2389.507324,308.959320,310.505035,314.795406,-15.819728,-0.038795,3.927294,-59.270058,-20.102089,-19.862822,730.759094,-0.004981,-0.002525,0.000483,0.125563,0.129065,0.146414,83461.023438,1.000152,0.000000,0.000000,0.000000,0.000000,0.000000,0.000000,0.000000,0.000000,0.000000,-58.266563
25.474856,1.000000,-4284.747559,0.306462,1424.296620,725.396545,2378.687988,309.046143,310.606476,314.864160,-15.811902,-0.039475,3.926988,-59.257088,-20.094005,-19.861546,727.484619,-0.005446,-0.002526,0.000485,0.125563,0.128690,0.131884,83461.023438,1.000783,0.000000,0.000000,0.000000,0.000000,0.000000,0.000000,0.000000,0.000000,0.000000,-58.253368
25.531363,1.000000,-4275.543945,0.321448,1420.948666,722.051147,2367.624023,309.133881,310.709442,314.934426,-15.804876,-0.040145,3.925806,-59.243584,-20.085668,-19.860312,724.134766,-0.005960,-0.002529,0.000487,0.125563,0.128354,0.117670,83461.023438,1.001054,0.000000,0.000000,0.000000,0.000000,0.000000,0.000000,0.000000,0.000000,0.000000,-58.239944
25.588094,1.000000,-4266.354004,0.336300,1417.588209,718.699829,2356.582520,309.222900,310.812012,315.004455,-15.798625,-0.040805,3.923796,-59.229969,-20.077313,-19.859184,720.789917,-0.006446,-0.002530,0.000488,0.125563,0.128054,0.103765,83461.023438,1.001081,0.000000,0.000000,0.000000,0.000000,0.000000,0.000000,0.000000,0.000000,0.000000,-58.226349
25.639877,1.000000,-4258.305664,0.349218,1414.521522,715.641296,2346.916260,309.304840,310.902161,315.065586,-15.793592,-0.041405,3.921295,-59.218033,-20.070006,-19.858255,717.860535,-0.006699,-0.002531,0.000490,0.125563,0.127808,0.091432,83461.023438,1.001104,0.000000,0.000000,0.000000,0.000000,0.000000,0.000000,0.000000,0.000000,0.000000,-58.213921
25.696119,1.000000,-4248.877441,0.364242,1411.191489,712.320313,2335.597656,309.394531,311.007141,315.136920,-15.788840,-0.042042,3.917907,-59.204105,-20.061483,-19.857258,714.428955,-0.007260,-0.002533,0.000492,0.125563,0.127568,0.078530,83461.023438,1.000876,0.000000,0.000000,0.000000,0.000000,0.000000,0.000000,0.000000,0.000000,0.000000,-58.200500
25.750213,1.000000,-4240.129883,0.378076,1407.989347,709.126770,2325.101318,309.481567,311.104462,315.202826,-15.784942,-0.042647,3.914025,-59.191288,-20.053626,-19.856419,711.245117,-0.007628,-0.002533,0.000494,0.125563,0.127362,0.066496,83461.023438,1.000450,0.000000,0.000000,0.000000,0.000000,0.000000,0.000000,0.000000,0.000000,0.000000,-58.187702
25.806270,1.000000,-4231.071289,0.392298,1404.671728,705.817993,2314.236328,309.572388,311.205658,315.270867,-15.781563,-0.043266,3.909437,-59.178265,-20.045583,-19.855631,707.948059,-0.007987,-0.002533,0.000496,0.125563,0.127171,0.054647,83461.023438,0.999995,0.000000,0.000000,0.000000,0.000000,0.000000,0.000000,0.000000,0.000000,0.000000,-58.174690
25.859296,1.000000,-4222.458984,0.405722,1401.534156,702.688843,2303.910645,309.658905,311.301727,315.335202,-15.778971,-0.043840,3.904585,-59.166119,-20.038033,-19.854948,704.813416,-0.008305,-0.002534,0.000497,0.125563,0.127008,0.043884,83461.023438,0.999450,0.000000,0.000000,0.000000,0.000000,0.000000,0.000000,0.000000,0.000000,0.000000,-58.162621
25.914429,1.000000,-4213.592773,0.419441,1398.272582,699.435974,2293.285400,309.749603,311.400238,315.401167,-15.776869,-0.044436,3.899080,-59.153954,-20.030384,-19.854332,701.586365,-0.008589,-0.002533,0.000499,0.125563,0.126857,0.033327,83461.023438,0.998645,0.000000,0.000000,0.000000,0.000000,0.000000,0.000000,0.000000,0.000000,0.000000,-58.150429
25.966202,1.000000,-4205.069824,0.432534,1395.210382,696.381897,2283.075684,309.835236,311.494843,315.464196,-15.775402,-0.044988,3.893531,-59.142593,-20.023159,-19.853807,698.484314,-0.008914,-0.002537,0.000501,0.125563,0.126729,0.023886,83461.023438,0.997834,0.000000,0.000000,0.000000,0.000000,0.000000,0.000000,0.000000,0.000000,0.000000,-58.139313
26.019246,1.000000,-4196.405273,0.445747,1392.073593,693.253601,2272.700684,309.923584,311.591339,315.527818,-15.774389,-0.045545,3.887508,-59.131470,-20.015976,-19.853352,695.330627,-0.009198,-0.002540,0.000503,0.125563,0.126611,0.014809,83461.023438,0.997054,0.000000,0.000000,0.000000,0.000000,0.000000,0.000000,0.000000,0.000000,0.000000,-58.128330
26.071587,1.000000,-4188.060547,0.458382,1388.978937,690.167114,2262.712402,310.011200,311.683807,315.588741,-15.773849,-0.046091,3.881257,-59.121155,-20.009205,-19.852972,692.293396,-0.009359,-0.002539,0.000504,0.125563,0.126507,0.006359,83461.023438,0.996129,0.000000,0.000000,0.000000,0.000000,0.000000,0.000000,0.000000,0.000000,0.000000,-58.117912
26.128909,1.000000,-4178.865234,0.472201,1385.590390,686.787598,2251.709717,310.108002,311.785461,315.655448,-15.773749,-0.046680,3.874121,-59.110336,-20.001942,-19.852625,688.946594,-0.009552,-0.002539,0.000507,0.125563,0.126404,-0.002105,83461.023438,0.994965,0.000000,0.000000,0.000000,0.000000,0.000000,0.000000,0.000000,0.000000,0.000000,-58.107071
26.184741,1.000000,-4169.751953,0.485791,1382.290506,683.496582,2240.809570,310.202820,311.886627,315.721176,-15.774094,-0.047246,3.866922,-59.100155,-19.994936,-19.852352,685.629639,-0.009781,-0.002540,0.000509,0.125563,0.126315,-0.009812,83461.023438,0.993956,0.000000,0.000000,0.000000,0.000000,0.000000,0.000000,0.000000,0.000000,0.000000,-58.097042
26.239677,1.000000,-4160.758301,0.499100,1379.044110,680.258789,2230.056885,310.296631,311.986481,315.785600,-15.774838,-0.047795,3.859627,-59.090649,-19.988219,-19.852156,682.356201,-0.009998,-0.002539,0.000510,0.125563,0.126236,-0.016865,83461.023438,0.992906,0.000000,0.000000,0.000000,0.000000,0.000000,0.000000,0.000000,0.000000,0.000000,-58.087708
26.295313,1.000000,-4151.743652,0.512337,1375.756856,676.980286,2219.282959,310.392029,312.085785,315.849548,-15.775974,-0.048340,3.852067,-59.081688,-19.981702,-19.852030,679.075134,-0.010159,-0.002540,0.000512,0.125563,0.126165,-0.023427,83461.023438,0.991629,0.000000,0.000000,0.000000,0.000000,0.000000,0.000000,0.000000,0.000000,0.000000,-58.078835
26.349357,1.000000,-4143.025879,0.525039,1372.564122,673.796021,2208.867432,310.485321,312.182434,315.911005,-15.777409,-0.048866,3.844598,-59.073586,-19.975599,-19.851965,675.902161,-0.010272,-0.002540,0.000514,0.125563,0.126103,-0.029316,83461.023438,0.990558,0.000000,0.000000,0.000000,0.000000,0.000000,0.000000,0.000000,0.000000,0.000000,-58.070774
26.400706,1.000000,-4134.725098,0.537044,1369.530990,670.770935,2198.953125,310.574219,312.274017,315.969081,-15.779053,-0.049361,3.837420,-59.066425,-19.969988,-19.851955,672.880920,-0.010383,-0.002542,0.000516,0.125563,0.126050,-0.034310,83461.023438,0.989431,0.000000,0.000000,0.000000,0.000000,0.000000,0.000000,0.000000,0.000000,0.000000,-58.063683
26.456192,1.000000,-4125.697266,0.550002,1366.253883,667.502563,2188.174316,310.670807,312.373749,316.031754,-15.781103,-0.049887,3.829587,-59.059189,-19.964088,-19.852009,669.595032,-0.010507,-0.002542,0.000518,0.125563,0.125999,-0.039303,83461.023438,0.988272,0.000000,0.000000,0.000000,0.000000,0.000000,0.000000,0.000000,0.000000,0.000000,-58.056561
26.511801,1.000000,-4116.646973,0.562889,1362.969892,664.227173,2177.371582,310.768005,312.473633,316.094249,-15.783422,-0.050405,3.821684,-59.052536,-19.958382,-19.852118,666.301025,-0.010619,-0.002539,0.000520,0.125563,0.125953,-0.043832,83461.023438,0.987033,0.000000,0.000000,0.000000,0.000000,0.000000,0.000000,0.000000,0.000000,0.000000,-58.050030
26.566089,1.000000,-4107.802246,0.575384,1359.764246,661.030090,2166.817627,310.863281,312.571594,316.154816,-15.785922,-0.050910,3.813943,-59.046631,-19.953022,-19.852280,663.081787,-0.010713,-0.002542,0.000522,0.125563,0.125913,-0.047828,83461.023438,0.985938,0.000000,0.000000,0.000000,0.000000,0.000000,0.000000,0.000000,0.000000,0.000000,-58.044239
26.619079,1.000000,-4099.172852,0.587481,1356.635535,657.909546,2156.523682,310.956573,312.666962,316.213485,-15.788559,-0.051392,3.806385,-59.041424,-19.947992,-19.852488,659.940918,-0.010790,-0.002543,0.000524,0.125563,0.125877,-0.051334,83461.023438,0.984857,0.000000,0.000000,0.000000,0.000000,0.000000,0.000000,0.000000,0.000000,0.000000,-58.039135
26.674120,1.000000,-4090.383057,0.599707,1353.385998,654.668640,2146.041260,311.053833,312.763428,316.272777,-15.791475,-0.051887,3.798569,-59.036667,-19.943067,-19.852751,656.741699,-0.010806,-0.002543,0.000526,0.125563,0.125844,-0.054526,83461.023438,0.983545,0.000000,0.000000,0.000000,0.000000,0.000000,0.000000,0.000000,0.000000,0.000000,-58.034416
26.729335,1.000000,-4081.494873,0.611973,1350.126433,651.417664,2135.444336,311.151764,312.861359,316.332306,-15.794567,-0.052372,3.790784,-59.032497,-19.938312,-19.853062,653.506714,-0.010850,-0.002542,0.000528,0.125563,0.125815,-0.057154,83461.023438,0.982444,0.000000,0.000000,0.000000,0.000000,0.000000,0.000000,0.000000,0.000000,0.000000,-58.030315
26.785682,1.000000,-4072.168213,0.624739,1346.800260,648.100281,2124.327148,311.252045,312.964722,316.394386,-15.797858,-0.052860,3.782886,-59.028660,-19.933514,-19.853436,650.112061,-0.010960,-0.002540,0.000530,0.125563,0.125788,-0.059686,83461.023438,0.981429,0.000000,0.000000,0.000000,0.000000,0.000000,0.000000,0.000000,0.000000,0.000000,-58.026649
26.838568,1.000000,-4063.452881,0.636571,1343.678565,644.986755,2113.941406,311.346283,313.060791,316.451927,-15.801073,-0.053310,3.775532,-59.025585,-19.929219,-19.853828,646.939941,-0.011033,-0.002539,0.000532,0.125563,0.125765,-0.061826,83461.023438,0.980373,0.000000,0.000000,0.000000,0.000000,0.000000,0.000000,0.000000,0.000000,0.000000,-58.023712
26.892463,1.000000,-4054.836670,0.648177,1340.497459,641.813965,2103.676514,311.442657,313.155579,316.508431,-15.804464,-0.053761,3.768109,-59.023052,-19.925153,-19.854261,643.803894,-0.011018,-0.002537,0.000534,0.125563,0.125744,-0.063687,83461.023438,0.979290,0.000000,0.000000,0.000000,0.000000,0.000000,0.000000,0.000000,0.000000,0.000000,-58.021236
26.946071,1.000000,-4046.035889,0.659938,1337.333413,638.658203,2093.193359,311.538727,313.252747,316.565765,-15.807920,-0.054207,3.760814,-59.020985,-19.921186,-19.854736,640.600647,-0.011070,-0.002537,0.000535,0.125563,0.125726,-0.065241,83461.023438,0.978314,0.000000,0.000000,0.000000,0.000000,0.000000,0.000000,0.000000,0.000000,0.000000,-58.019279
26.999245,1.000000,-4037.440430,0.671332,1334.195074,635.528076,2082.957520,311.634155,313.347229,316.621379,-15.811429,-0.054637,3.753672,-59.019424,-19.917476,-19.855242,637.472168,-0.011078,-0.002539,0.000537,0.125563,0.125709,-0.066564,83461.023438,0.977313,0.000000,0.000000,0.000000,0.000000,0.000000,0.000000,0.000000,0.000000,0.000000,-58.017811
27.049581,1.000000,-4029.192383,0.682182,1331.224297,632.565063,2073.136963,311.724792,313.438141,316.674442,-15.814811,-0.055038,3.747009,-59.018391,-19.914080,-19.855757,634.470154,-0.011125,-0.002537,0.000539,0.125563,0.125695,-0.067507,83461.023438,0.976455,0.000000,0.000000,0.000000,0.000000,0.000000,0.000000,0.000000,0.000000,0.000000,-58.016872
27.105374,1.000000,-4020.218750,0.693892,1327.931497,629.280945,2062.454590,311.825287,313.536652,316.731776,-15.818611,-0.055470,3.739733,-59.017700,-19.910544,-19.856352,631.203979,-0.011114,-0.002534,0.000541,0.125563,0.125681,-0.068443,83461.023438,0.975448,0.000000,0.000000,0.000000,0.000000,0.000000,0.000000,0.000000,0.000000,0.000000,-58.016273
27.161889,1.000000,-4011.037354,0.705773,1324.596108,625.954163,2051.526855,311.927338,313.637634,316.789971,-15.822501,-0.055906,3.732503,-59.017483,-19.907106,-19.856995,627.862244,-0.011124,-0.002532,0.000542,0.125563,0.125669,-0.069172,83461.023438,0.974541,0.000000,0.000000,0.000000,0.000000,0.000000,0.000000,0.000000,0.000000,0.000000,-58.016159
27.217362,1.000000,-4002.018555,0.717344,1321.322211,622.688904,2040.794800,312.027588,313.736420,316.846741,-15.826352,-0.056327,3.725529,-59.017712,-19.903891,-19.857658,624.579651,-0.011133,-0.002531,0.000544,0.125563,0.125657,-0.069728,83461.023438,0.973575,0.000000,0.000000,0.000000,0.000000,0.000000,0.000000,0.000000,0.000000,0.000000,-58.016491
27.270574,1.000000,-3993.275146,0.728467,1318.181726,619.556519,2030.392212,312.123962,313.832703,316.901465,-15.830074,-0.056719,3.718960,-59.018345,-19.900920,-19.858335,621.397339,-0.011165,-0.002529,0.000546,0.125563,0.125648,-0.070152,83461.023438,0.972811,0.000000,0.000000,0.000000,0.000000,0.000000,0.000000,0.000000,0.000000,0.000000,-58.017212
27.323543,1.000000,-3984.810791,0.739147,1315.055537,616.438477,2020.323242,312.219910,313.925720,316.954083,-15.833798,-0.057104,3.712537,-59.019329,-19.898181,-19.859015,618.316589,-0.011125,-0.002528,0.000547,0.125563,0.125639,-0.070462,83461.023438,0.972055,0.000000,0.000000,0.000000,0.000000,0.000000,0.000000,0.000000,0.000000,0.000000,-58.018303
27.380506,1.000000,-3975.500977,0.750794,1311.693550,613.085205,2009.249756,312.323212,314.027435,317.011625,-15.837818,-0.057506,3.705768,-59.020832,-19.895320,-19.859785,614.928040,-0.011146,-0.002526,0.000549,0.125563,0.125631,-0.070569,83461.023438,0.971186,0.000000,0.000000,0.000000,0.000000,0.000000,0.000000,0.000000,0.000000,0.000000,-58.019909
27.436165,2.000000,-3966.302002,0.762200,1308.408429,609.808594,1998.310303,312.424316,314.128174,317.068129,-15.841747,-0.057890,3.699290,-59.022713,-19.892637,-19.860582,611.579895,-0.011194,-0.002524,0.000550,0.125563,0.125624,-0.070611,83461.023438,0.970406,0.000000,0.000000,0.000000,0.000000,0.000000,0.000000,0.000000,0.000000,0.000000,-58.021858
27.489998,2.000000,-3957.580078,0.772919,1305.230972,606.639343,1987.939453,312.522064,314.224335,317.121370,-15.845553,-0.058248,3.693142,-59.024830,-19.890216,-19.861361,608.405396,-0.011187,-0.002520,0.000552,0.125563,0.125618,-0.070628,83461.023438,0.969781,0.000000,0.000000,0.000000,0.000000,0.000000,0.000000,0.000000,0.000000,0.000000,-58.024075
27.541891,2.000000,-3949.231445,0.783094,1302.167903,603.584167,1978.013672,312.616394,314.316040,317.172119,-15.849213,-0.058589,3.687337,-59.027176,-19.888012,-19.862123,605.366760,-0.011175,-0.002517,0.000553,0.125563,0.125612,-0.070512,83461.023438,0.969149,0.000000,0.000000,0.000000,0.000000,0.000000,0.000000,0.000000,0.000000,0.000000,-58.026535
27.596842,2.000000,-3940.205078,0.794002,1298.924185,600.348816,1967.283569,312.716217,314.415131,317.226636,-15.853086,-0.058941,3.681306,-59.030003,-19.885740,-19.862974,602.081421,-0.011202,-0.002513,0.000554,0.125563,0.125607,-0.070410,83461.023438,0.968494,0.000000,0.000000,0.000000,0.000000,0.000000,0.000000,0.000000,0.000000,0.000000,-58.029430
27.651544,2.000000,-3931.256348,0.804721,1295.695002,597.127930,1956.646606,312.815521,314.513092,317.280381,-15.856932,-0.059279,3.675417,-59.033108,-19.883599,-19.863832,598.824341,-0.011216,-0.002508,0.000556,0.125563,0.125602,-0.070274,83461.023438,0.967825,0.000000,0.000000,0.000000,0.000000,0.000000,0.000000,0.000000,0.000000,0.000000,-58.032616
27.701987,2.000000,-3922.995850,0.814530,1292.717078,594.157654,1946.829346,312.907257,314.602631,317.329766,-15.860472,-0.059584,3.670092,-59.036243,-19.881720,-19.864651,595.817749,-0.011244,-0.002507,0.000557,0.125563,0.125599,-0.070072,83461.023438,0.967094,0.000000,0.000000,0.000000,0.000000,0.000000,0.000000,0.000000,0.000000,0.000000,-58.035828
27.756659,2.000000,-3914.155762,0.824939,1289.489306,590.938171,1936.323975,313.006744,314.700562,317.382414,-15.864302,-0.059909,3.664420,-59.039867,-19.879805,-19.865538,592.600220,-0.011234,-0.002505,0.000558,0.125563,0.125595,-0.069909,83461.023438,0.966713,0.000000,0.000000,0.000000,0.000000,0.000000,0.000000,0.000000,0.000000,0.000000,-58.039555
27.808586,2.000000,-3905.887451,0.834591,1286.423402,587.880249,1926.499146,313.101196,314.791199,317.431383,-15.867922,-0.060211,3.659140,-59.043491,-19.878103,-19.866386,589.590820,-0.011207,-0.002501,0.000559,0.125563,0.125592,-0.069689,83461.023438,0.966228,0.000000,0.000000,0.000000,0.000000,0.000000,0.000000,0.000000,0.000000,0.000000,-58.043350
27.860529,2.000000,-3897.342773,0.844481,1283.356352,584.820984,1916.346802,313.195679,314.884674,317.481688,-15.871542,-0.060505,3.653951,-59.047459,-19.876431,-19.867279,586.480835,-0.011242,-0.002498,0.000560,0.125563,0.125589,-0.069463,83461.023438,0.965746,0.000000,0.000000,0.000000,0.000000,0.000000,0.000000,0.000000,0.000000,0.000000,-58.047367
27.917852,2.000000,-3887.956055,0.855245,1279.971386,581.562134,1905.194946,313.299805,314.987457,317.536709,-15.875515,-0.060816,3.648331,-59.052063,-19.874685,-19.868275,583.064331,-0.011264,-0.002494,0.000561,0.125563,0.125586,-0.069266,83461.023438,0.965237,0.000000,0.000000,0.000000,0.000000,0.000000,0.000000,0.000000,0.000000,0.000000,-58.052044
27.975290,2.000000,-3878.618896,0.865849,1276.579357,577.845642,1894.103271,313.404083,315.089264,317.591166,-15.879492,-0.061124,3.642801,-59.056889,-19.873041,-19.869284,579.665894,-0.011276,-0.002492,0.000563,0.125563,0.125583,-0.069067,83461.023438,0.964710,0.000000,0.000000,0.000000,0.000000,0.000000,0.000000,0.000000,0.000000,0.000000,-58.056980
28.027857,2.000000,-3870.053955,0.875484,1273.474734,574.711853,1883.929688,313.499634,315.182678,317.640877,-15.883116,-0.061399,3.637831,-59.061535,-19.871615,-19.870224,576.548462,-0.011295,-0.002487,0.000564,0.125563,0.125581,-0.068869,83461.023438,0.964276,0.000000,0.000000,0.000000,0.000000,0.000000,0.000000,0.000000,0.000000,0.000000,-58.061718
28.079537,2.000000,-3861.583984,0.884927,1270.422254,571.618896,1873.869751,313.593506,315.274750,317.689877,-15.886673,-0.061655,3.633021,-59.066315,-19.870272,-19.871168,573.465698,-0.011326,-0.002483,0.000565,0.125563,0.125580,-0.068708,83461.023438,0.963798,0.000000,0.000000,0.000000,0.000000,0.000000,0.000000,0.000000,0.000000,0.000000,-58.066563
28.129568,2.000000,-3853.418945,0.893950,1267.466931,568.624451,1864.172363,313.684326,315.364410,317.736859,-15.890110,-0.061898,3.628431,-59.071087,-19.869043,-19.872084,570.493835,-0.011338,-0.002480,0.000566,0.125563,0.125578,-0.068615,83461.023438,0.963512,0.000000,0.000000,0.000000,0.000000,0.000000,0.000000,0.000000,0.000000,0.000000,-58.071404
28.182088,2.000000,-3844.827881,0.903359,1264.364321,565.480713,1853.969971,313.779602,315.457550,317.786096,-15.893713,-0.062149,3.623691,-59.076283,-19.867816,-19.873062,567.366943,-0.011364,-0.002477,0.000566,0.125563,0.125576,-0.068479,83461.023438,0.963056,0.000000,0.000000,0.000000,0.000000,0.000000,0.000000,0.000000,0.000000,0.000000,-58.076675
28.233233,2.000000,-3836.407471,0.912498,1261.342671,562.418945,1843.970581,313.872406,315.549530,317.834176,-15.897211,-0.062382,3.619142,-59.081543,-19.866676,-19.874029,564.302185,-0.011396,-0.002473,0.000567,0.125563,0.125575,-0.068398,83461.023438,0.962727,0.000000,0.000000,0.000000,0.000000,0.000000,0.000000,0.000000,0.000000,0.000000,-58.081966
28.284237,2.000000,-3828.136963,0.921394,1258.329081,559.451904,1834.150146,313.964813,315.639130,317.881218,-15.900699,-0.062604,3.614662,-59.086849,-19.865611,-19.874992,561.291931,-0.011409,-0.002470,0.000568,0.125563,0.125574,-0.068337,83461.023438,0.962315,0.000000,0.000000,0.000000,0.000000,0.000000,0.000000,0.000000,0.000000,0.000000,-58.087395
28.334809,2.000000,-3819.774170,0.930309,1255.340742,556.509583,1824.220581,314.056366,315.730316,317.928556,-15.904158,-0.062817,3.610284,-59.092377,-19.864597,-19.875975,558.248169,-0.011448,-0.002466,0.000569,0.125563,0.125573,-0.068292,83461.023438,0.962030,0.000000,0.000000,0.000000,0.000000,0.000000,0.000000,0.000000,0.000000,0.000000,-58.092926
28.390498,2.000000,-3810.941162,0.939636,1252.049710,553.269348,1813.733276,314.157166,315.826324,317.978327,-15.907964,-0.063047,3.605519,-59.098351,-19.863582,-19.877022,555.033203,-0.011420,-0.002462,0.000570,0.125563,0.125572,-0.068310,83461.023438,0.961675,0.000000,0.000000,0.000000,0.000000,0.000000,0.000000,0.000000,0.000000,0.000000,-58.099163
28.442701,2.000000,-3802.200928,0.948775,1248.964374,550.231567,1803.356567,314.251434,315.921448,318.027416,-15.911531,-0.063253,3.601109,-59.104424,-19.862637,-19.878063,551.851990,-0.011474,-0.002461,0.000571,0.125563,0.125571,-0.068344,83461.023438,0.961371,0.000000,0.000000,0.000000,0.000000,0.000000,0.000000,0.000000,0.000000,0.000000,-58.105167
28.496963,2.000000,-3793.431396,0.957854,1245.757012,547.073669,1792.945801,314.349365,316.016144,318.076445,-15.915243,-0.063460,3.596585,-59.110668,-19.861749,-19.879122,548.660156,-0.011481,-0.002455,0.000572,0.125563,0.125570,-0.068365,83461.023438,0.960977,0.000000,0.000000,0.000000,0.000000,0.000000,0.000000,0.000000,0.000000,0.000000,-58.111565
28.552524,2.000000,-3784.243164,0.967269,1242.472506,543.839844,1782.038330,314.449646,316.115570,318.127550,-15.919044,-0.063664,3.592017,-59.117378,-19.860886,-19.880238,545.315918,-0.011525,-0.002453,0.000572,0.125563,0.125569,-0.068365,83461.023438,0.960654,0.000000,0.000000,0.000000,0.000000,0.000000,0.000000,0.000000,0.000000,0.000000,-58.118279
28.602799,2.000000,-3776.053711,0.975577,1239.500161,540.913269,1772.317139,314.540283,316.204376,318.172990,-15.922485,-0.063840,3.587925,-59.123482,-19.860161,-19.881241,542.335205,-0.011549,-0.002450,0.000573,0.125563,0.125569,-0.068381,83461.023438,0.960391,0.000000,0.000000,0.000000,0.000000,0.000000,0.000000,0.000000,0.000000,0.000000,-58.124481
28.658728,2.000000,-3766.890381,0.984782,1236.193176,537.657227,1761.439941,314.641083,316.303375,318.223710,-15.926315,-0.064023,3.583424,-59.130444,-19.859398,-19.882362,539.000000,-0.011577,-0.002446,0.000574,0.125563,0.125568,-0.068449,83461.023438,0.960063,0.000000,0.000000,0.000000,0.000000,0.000000,0.000000,0.000000,0.000000,0.000000,-58.131512
28.715902,2.000000,-3757.660889,0.993956,1232.812170,534.328369,1750.484985,314.743988,316.403015,318.274519,-15.930236,-0.064205,3.578871,-59.137592,-19.858689,-19.883505,535.640747,-0.011587,-0.002439,0.000575,0.125563,0.125567,-0.068534,83461.023438,0.959732,0.000000,0.000000,0.000000,0.000000,0.000000,0.000000,0.000000,0.000000,0.000000,-58.138836
28.772134,2.000000,-3748.302490,1.003157,1229.486460,531.053894,1739.377319,314.845093,316.504120,318.325832,-15.934098,-0.064370,3.574442,-59.144981,-19.858025,-19.884670,532.234558,-0.011643,-0.002434,0.000576,0.125563,0.125567,-0.068642,83461.023438,0.959455,0.000000,0.000000,0.000000,0.000000,0.000000,0.000000,0.000000,0.000000,0.000000,-58.146183
28.825880,2.000000,-3739.633057,1.011592,1226.307394,527.923645,1729.087769,314.941681,316.597870,318.373230,-15.937790,-0.064524,3.570257,-59.151947,-19.857455,-19.885754,529.079163,-0.011646,-0.002430,0.000576,0.125563,0.125566,-0.068803,83461.023438,0.959188,0.000000,0.000000,0.000000,0.000000,0.000000,0.000000,0.000000,0.000000,0.000000,-58.153324
28.878007,2.000000,-3731.023682,1.019882,1223.223725,524.887329,1718.869995,315.035187,316.690521,318.420005,-15.941382,-0.064661,3.566235,-59.158978,-19.856942,-19.886839,525.945618,-0.011682,-0.002427,0.000577,0.125563,0.125566,-0.068956,83461.023438,0.958905,0.000000,0.000000,0.000000,0.000000,0.000000,0.000000,0.000000,0.000000,0.000000,-58.160366
28.933688,2.000000,-3721.921875,1.028553,1219.929406,521.643616,1708.067871,315.135010,316.788269,318.469390,-15.945231,-0.064803,3.561972,-59.166542,-19.856443,-19.887987,522.632813,-0.011710,-0.002422,0.000577,0.125563,0.125566,-0.069087,83461.023438,0.958596,0.000000,0.000000,0.000000,0.000000,0.000000,0.000000,0.000000,0.000000,0.000000,-58.168022
28.988561,2.000000,-3712.893311,1.037063,1216.682476,518.446472,1697.352905,315.233337,316.885681,318.518182,-15.949025,-0.064935,3.557812,-59.174156,-19.855995,-19.889130,519.346680,-0.011744,-0.002417,0.000578,0.125563,0.125566,-0.069247,83461.023438,0.958368,0.000000,0.000000,0.000000,0.000000,0.000000,0.000000,0.000000,0.000000,0.000000,-58.175674
29.044124,2.000000,-3703.890137,1.045457,1213.394163,515.208557,1686.668213,315.332855,316.983826,318.564067,-15.952430,-0.065101,3.557436,-59.187599,-19.857516,-19.846006,516.072327,0.021311,-0.002260,0.000615,0.125563,0.125565,-0.032968,83461.023438,0.894201,0.000000,0.000000,0.000000,0.000000,0.000000,0.000000,0.000000,0.000000,0.000000,-58.193439
29.098215,2.000000,-3694.986328,1.053676,1210.190715,512.054199,1676.095215,315.429565,317.081879,318.579134,-15.948755,-0.065361,3.579862,-59.246075,-19.874732,-19.777866,512.845337,0.059866,-0.002192,0.000687,0.125563,0.125565,0.179284,83461.023438,0.822269,0.000000,0.000000,0.000000,0.000000,0.000000,0.000000,0.000000,0.000000,0.000000,-58.256184
29.152271,2.000000,-3686.168213,1.061748,1206.985182,508.897766,1665.609619,315.525879,317.177887,318.574033,-15.930319,-0.065612,3.625413,-59.330235,-19.901043,-19.709505,509.661255,0.087428,-0.002160,0.000747,0.125563,0.125565,0.494134,83461.023438,0.792311,0.000000,0.000000,0.000000,0.000000,0.000000,0.000000,0.000000,0.000000,0.000000,-58.342659
29.203744,2.000000,-3677.942139,1.069219,1203.928246,505.887451,1655.811279,315.617065,317.265564,318.562465,-15.895550,-0.065829,3.688062,-59.416302,-19.928308,-19.644876,506.701538,0.105839,-0.002129,0.000794,0.125563,0.125565,0.833632,83461.023438,0.796672,0.000000,0.000000,0.000000,0.000000,0.000000,0.000000,0.000000,0.000000,0.000000,-58.430676
29.259711,2.000000,-3668.659668,1.077581,1200.599374,502.609375,1644.735474,315.715088,317.364990,318.549652,-15.837477,-0.066046,3.775389,-59.510254,-19.958073,-19.570965,503.374023,0.123003,-0.002100,0.000835,0.125563,0.125564,1.217650,83461.023438,0.805187,0.000000,0.000000,0.000000,0.000000,0.000000,0.000000,0.000000,0.000000,0.000000,-58.523045
29.316148,2.000000,-3659.474854,1.085780,1197.237661,499.298828,1633.756714,315.812286,317.460510,318.542237,-15.757353,-0.066237,3.880825,-59.592331,-19.983851,-19.496813,500.094299,0.134677,-0.002071,0.000869,0.125563,0.125564,1.594512,83461.023438,0.834741,0.000000,0.000000,0.000000,0.000000,0.000000,0.000000,0.000000,0.000000,0.000000,-58.603802
29.370121,2.000000,-3650.578125,1.093643,1194.018954,496.088745,1623.107422,315.903168,317.550995,318.544906,-15.661509,-0.066387,3.994761,-59.654243,-20.002813,-19.424082,496.929535,0.143778,-0.002048,0.000894,0.125563,0.125564,1.927383,83461.023438,0.869979,0.000000,0.000000,0.000000,0.000000,0.000000,0.000000,0.000000,0.000000,0.000000,-58.663086
29.426129,2.000000,-3641.474854,1.101601,1190.676105,492.746094,1612.199463,315.994690,317.640839,318.557927,-15.543920,-0.066503,4.124415,-59.698357,-20.015677,-19.348803,493.703644,0.149590,-0.002024,0.000914,0.125563,0.125564,2.245728,83461.023438,0.912174,0.000000,0.000000,0.000000,0.000000,0.000000,0.000000,0.000000,0.000000,0.000000,-58.704842
29.480273,2.000000,-3632.454102,1.109390,1187.443151,489.513123,1601.384277,316.079834,317.726685,318.589545,-15.415108,-0.066585,4.253071,-59.710312,-20.017538,-19.273441,490.519257,0.130497,-0.002000,0.000929,0.125563,0.125564,2.472903,83461.023438,1.006824,0.000000,0.000000,0.000000,0.000000,0.000000,0.000000,0.000000,0.000000,0.000000,-58.710720
29.531691,2.000000,-3624.026855,1.116565,1184.373890,486.444214,1591.283203,316.157227,317.802856,318.645248,-15.284743,-0.066635,4.369282,-59.678894,-20.004621,-19.202492,487.555420,0.120172,-0.001979,0.000939,0.125563,0.125564,2.579535,83461.023438,1.072744,0.000000,0.000000,0.000000,0.000000,0.000000,0.000000,0.000000,0.000000,0.000000,-58.675484
29.584620,2.000000,-3615.413574,1.123783,1181.217101,483.287598,1580.968872,316.232880,317.876862,318.716938,-15.146471,-0.066653,4.484143,-59.619560,-19.982167,-19.129553,484.537140,0.115727,-0.001959,0.000947,0.125563,0.125563,2.636111,83461.023438,1.117013,0.000000,0.000000,0.000000,0.000000,0.000000,0.000000,0.000000,0.000000,0.000000,-58.613117
29.640170,2.000000,-3606.404785,1.131199,1177.908150,479.979065,1570.196777,316.307770,317.950043,318.801382,-14.998989,-0.066645,4.600390,-59.537205,-19.951876,-19.052889,481.392151,0.114144,-0.001946,0.000953,0.125563,0.125563,2.668835,83461.023438,1.151230,0.000000,0.000000,0.000000,0.000000,0.000000,0.000000,0.000000,0.000000,0.000000,-58.527725
29.694467,2.000000,-3597.537598,1.138361,1174.678882,476.750000,1559.612671,316.376160,318.018036,318.890691,-14.853465,-0.066611,4.710221,-59.440323,-19.916825,-18.977108,478.308411,0.113952,-0.001930,0.000957,0.125563,0.125563,2.688969,83461.023438,1.178935,0.000000,0.000000,0.000000,0.000000,0.000000,0.000000,0.000000,0.000000,0.000000,-58.428635
29.749681,2.000000,-3588.362061,1.145619,1171.400998,473.472412,1548.683105,316.440796,318.083038,318.987918,-14.704535,-0.066538,4.818376,-59.325947,-19.875921,-18.898409,475.129822,0.114346,-0.001916,0.000961,0.125563,0.125563,2.704146,83461.023438,1.204293,0.000000,0.000000,0.000000,0.000000,0.000000,0.000000,0.000000,0.000000,0.000000,-58.314175
29.805960,2.000000,-3579.268799,1.152656,1168.066785,470.138489,1537.877319,316.501129,318.143677,319.088083,-14.551953,-0.066433,4.925146,-59.199635,-19.831166,-18.820181,471.992126,0.115003,-0.001900,0.000963,0.125563,0.125563,2.717153,83461.023438,1.228032,0.000000,0.000000,0.000000,0.000000,0.000000,0.000000,0.000000,0.000000,0.000000,-58.184441
29.860644,2.000000,-3570.236816,1.159487,1164.834401,466.906555,1527.171387,316.554596,318.199158,319.190798,-14.403029,-0.066300,5.025686,-59.062149,-19.782816,-18.742279,468.887756,0.115740,-0.001886,0.000965,0.125563,0.125563,2.728700,83461.023438,1.250211,0.000000,0.000000,0.000000,0.000000,0.000000,0.000000,0.000000,0.000000,0.000000,-58.046429
29.913583,2.000000,-3561.808594,1.165713,1161.712690,463.785278,1517.208008,316.601288,318.245392,319.289182,-14.258274,-0.066145,5.120145,-58.923534,-19.734366,-18.669449,466.001831,0.116487,-0.001872,0.000966,0.125563,0.125563,2.739357,83461.023438,1.270536,0.000000,0.000000,0.000000,0.000000,0.000000,0.000000,0.000000,0.000000,0.000000,-57.902096
29.967576,2.000000,-3552.621338,1.172335,1158.536957,460.610168,1506.378296,316.643707,318.294525,319.398897,-14.110065,-0.065959,5.213647,-58.761436,-19.678012,-18.589935,462.868042,0.117252,-0.001860,0.000966,0.125563,0.125563,2.749960,83461.023438,1.291193,0.000000,0.000000,0.000000,0.000000,0.000000,0.000000,0.000000,0.000000,0.000000,-57.744305
30.019592,2.000000,-3544.060303,1.178347,1155.485823,457.559448,1496.317993,316.679779,318.334534,319.503184,-13.966744,-0.065754,5.301134,-58.600388,-19.622290,-18.515762,459.959106,0.117984,-0.001845,0.000966,0.125563,0.125563,2.759993,83461.023438,1.310179,0.000000,0.000000,0.000000,0.000000,0.000000,0.000000,0.000000,0.000000,0.000000,-57.582520
30.073947,2.000000,-3535.257080,1.184365,1152.306770,454.380859,1486.006226,316.712402,318.371613,319.612187,-13.816431,-0.065511,5.389927,-58.425068,-19.561883,-18.439442,456.979218,0.118739,-0.001831,0.000966,0.125563,0.125563,2.770327,83461.023438,1.329282,0.000000,0.000000,0.000000,0.000000,0.000000,0.000000,0.000000,0.000000,0.000000,-57.403542
30.128963,2.000000,-3526.302734,1.190315,1149.099255,451.173828,1475.553589,316.740112,318.404663,319.724661,-13.663718,-0.065237,5.477170,-58.236927,-19.497307,-18.361786,453.959930,0.119490,-0.001815,0.000965,0.125563,0.125563,2.780658,83461.023438,1.348069,0.000000,0.000000,0.000000,0.000000,0.000000,0.000000,0.000000,0.000000,0.000000,-57.212349
30.185219,2.000000,-3516.947510,1.196340,1145.830624,447.905579,1464.674316,316.763031,318.434540,319.843719,-13.506986,-0.064957,5.563734,-58.030144,-19.426582,-18.280672,450.818146,0.120262,-0.001707,0.000942,0.125563,0.125563,2.790949,83461.023438,1.366785,0.000000,0.000000,0.000000,0.000000,0.000000,0.000000,0.000000,0.000000,0.000000,-57.006744
30.240896,2.000000,-3507.941650,1.201941,1142.607301,444.682556,1454.242676,316.780426,318.459717,319.959781,-13.351300,-0.064736,5.646885,-57.821602,-19.355472,-18.202629,447.805908,0.121023,-0.001680,0.000889,0.125563,0.125563,2.800930,83461.023438,1.384495,0.000000,0.000000,0.000000,0.000000,0.000000,0.000000,0.000000,0.000000,0.000000,-56.793571
30.292633,2.000000,-3499.486084,1.207016,1139.622969,441.698181,1444.486572,316.791931,318.479279,320.069763,-13.206138,-0.064500,5.721989,-57.617622,-19.286104,-18.129417,444.988586,0.121756,-0.001684,0.000847,0.125563,0.125563,2.809781,83461.023438,1.400369,0.000000,0.000000,0.000000,0.000000,0.000000,0.000000,0.000000,0.000000,0.000000,-56.587147
30.348656,2.000000,-3490.202148,1.212383,1136.403678,438.478943,1433.819458,316.799469,318.496277,320.191372,-13.048433,-0.064209,5.801041,-57.384823,-19.207140,-18.049137,441.907410,0.122508,-0.001692,0.000809,0.125563,0.125563,2.819502,83461.023438,1.417267,0.000000,0.000000,0.000000,0.000000,0.000000,0.000000,0.000000,0.000000,0.000000,-56.354797
30.402002,2.000000,-3481.319580,1.217314,1133.350532,435.425781,1423.658203,316.801941,318.508453,320.308146,-12.897766,-0.063909,5.874176,-57.153591,-19.128914,-17.972448,438.971313,0.123186,-0.001699,0.000780,0.125563,0.125563,2.828854,83461.023438,1.432987,0.000000,0.000000,0.000000,0.000000,0.000000,0.000000,0.000000,0.000000,0.000000,-56.125187
30.456375,2.000000,-3472.476318,1.222023,1130.251448,432.326782,1413.587280,316.799713,318.516113,320.424505,-12.743683,-0.063568,5.946679,-56.915367,-19.048522,-17.896246,436.059723,0.123856,-0.001701,0.000755,0.125563,0.125563,2.838361,83461.023438,1.448409,0.000000,0.000000,0.000000,0.000000,0.000000,0.000000,0.000000,0.000000,0.000000,-55.882996
30.507241,2.000000,-3464.135254,1.226280,1127.364398,429.439758,1404.130615,316.793488,318.519623,320.534250,-12.599070,-0.063225,6.012699,-56.683540,-18.970462,-17.824526,433.323975,0.124467,-0.001705,0.000736,0.125563,0.125563,2.847186,83461.023438,1.462483,0.000000,0.000000,0.000000,0.000000,0.000000,0.000000,0.000000,0.000000,0.000000,-55.649166
30.559093,2.000000,-3455.484131,1.230505,1124.433825,426.509338,1394.367920,316.782990,318.518921,320.647821,-12.451194,-0.062851,6.078235,-56.436008,-18.887290,-17.750330,430.497345,0.123407,-0.001709,0.000719,0.125563,0.125563,2.855794,83461.023438,1.477800,0.000000,0.000000,0.000000,0.000000,0.000000,0.000000,0.000000,0.000000,0.000000,-55.403687
30.615341,2.000000,-3446.362793,1.234748,1121.269548,423.345154,1384.125122,316.767181,318.513885,320.770438,-12.290904,-0.062424,6.144350,-56.161697,-18.795268,-17.672325,427.528931,0.115005,-0.001710,0.000705,0.125563,0.125563,2.838155,83461.023438,1.512089,0.000000,0.000000,0.000000,0.000000,0.000000,0.000000,0.000000,0.000000,0.000000,-55.122520
30.673459,2.000000,-3436.922607,1.238905,1118.017228,420.092896,1373.583374,316.745850,318.502411,320.901301,-12.127427,-0.061863,6.205136,-55.861153,-18.694601,-17.591915,424.469543,0.107877,-0.001947,0.000644,0.125563,0.125563,2.787167,83461.023438,1.537770,0.000000,0.000000,0.000000,0.000000,0.000000,0.000000,0.000000,0.000000,0.000000,-54.815434
30.727583,2.000000,-3427.891357,1.242656,1115.004831,417.080566,1363.556641,316.721802,318.485870,321.026707,-11.978378,-0.061172,6.255048,-55.562023,-18.594631,-17.515327,421.554901,0.102090,-0.002042,0.000565,0.125563,0.125563,2.723212,83461.023438,1.556028,0.000000,0.000000,0.000000,0.000000,0.000000,0.000000,0.000000,0.000000,0.000000,-54.518303
30.780404,2.000000,-3419.049072,1.246114,1112.080682,414.156433,1353.796997,316.694641,318.464264,321.148523,-11.836556,-0.060452,6.297544,-55.260490,-18.494064,-17.440699,418.712769,0.096866,-0.002094,0.000499,0.125563,0.125563,2.650596,83461.023438,1.570639,0.000000,0.000000,0.000000,0.000000,0.000000,0.000000,0.000000,0.000000,0.000000,-54.220043
30.836682,2.000000,-3409.700684,1.249540,1108.982660,411.058472,1343.541626,316.661865,318.436554,321.275827,-11.689904,-0.059657,6.336133,-54.934185,-18.385430,-17.362204,415.720367,0.091668,-0.002143,0.000438,0.125563,0.125563,2.565494,83461.023438,1.582963,0.000000,0.000000,0.000000,0.000000,0.000000,0.000000,0.000000,0.000000,0.000000,-53.894981
30.888599,2.000000,-3401.123779,1.252478,1106.141113,408.216919,1334.190308,316.628326,318.407104,321.390911,-11.559012,-0.058902,6.365729,-54.629436,-18.284129,-17.290569,412.986084,0.087225,-0.002185,0.000390,0.125563,0.125563,2.482305,83461.023438,1.591710,0.000000,0.000000,0.000000,0.000000,0.000000,0.000000,0.000000,0.000000,0.000000,-53.589840
30.941644,2.000000,-3392.488037,1.255235,1103.254314,405.330078,1324.831787,316.590973,318.374603,321.504719,-11.429830,-0.058112,6.390230,-54.318649,-18.180962,-17.218832,410.243866,0.083038,-0.002223,0.000347,0.125563,0.125563,2.394587,83461.023438,1.598347,0.000000,0.000000,0.000000,0.000000,0.000000,0.000000,0.000000,0.000000,0.000000,-53.274075
30.992213,2.000000,-3384.157959,1.257706,1100.517896,402.593750,1315.858765,316.552887,318.340546,321.612387,-11.311036,-0.057348,6.408414,-54.016060,-18.080633,-17.150007,407.608978,0.079328,-0.002259,0.000313,0.125563,0.125563,2.309730,83461.023438,1.602908,0.000000,0.000000,0.000000,0.000000,0.000000,0.000000,0.000000,0.000000,0.000000,-52.970242
31.049103,2.000000,-3374.714600,1.260284,1097.457849,399.533630,1305.751465,316.507324,318.298615,321.731594,-11.182525,-0.056477,6.423143,-53.670811,-17.966292,-17.072435,404.634125,0.075457,-0.002294,0.000279,0.125563,0.125563,2.214245,83461.023438,1.606013,0.000000,0.000000,0.000000,0.000000,0.000000,0.000000,0.000000,0.000000,0.000000,-52.626263
31.100727,2.000000,-3366.175049,1.262414,1094.698039,396.773743,1296.671021,316.463867,318.258575,321.836652,-11.070585,-0.055682,6.431576,-53.357483,-17.862631,-17.002705,401.955109,0.072233,-0.002324,0.000253,0.125563,0.125563,2.128667,83461.023438,1.607251,0.000000,0.000000,0.000000,0.000000,0.000000,0.000000,0.000000,0.000000,0.000000,-52.313023
31.152669,2.000000,-3357.558838,1.264368,1091.937559,394.013184,1287.566406,316.418335,318.216187,321.939812,-10.962371,-0.054878,6.435637,-53.041046,-17.758039,-16.932753,399.262756,0.069242,-0.002353,0.000231,0.125563,0.125563,2.044355,83461.023438,1.607062,0.000000,0.000000,0.000000,0.000000,0.000000,0.000000,0.000000,0.000000,0.000000,-51.997562
31.208831,2.000000,-3348.276123,1.266258,1088.971196,391.046814,1277.821533,316.367401,318.169128,322.047658,-10.850211,-0.054010,6.435406,-52.700527,-17.645588,-16.857836,396.374176,0.066314,-0.002381,0.000210,0.125563,0.125563,1.955838,83461.023438,1.605612,0.000000,0.000000,0.000000,0.000000,0.000000,0.000000,0.000000,0.000000,0.000000,-51.656849
31.263233,2.000000,-3339.329590,1.267871,1086.115984,388.191528,1268.492554,316.316772,318.121887,322.148267,-10.746208,-0.053175,6.430995,-52.373447,-17.537666,-16.786072,393.601959,0.063773,-0.002407,0.000193,0.125563,0.125563,1.873376,83461.023438,1.602823,0.000000,0.000000,0.000000,0.000000,0.000000,0.000000,0.000000,0.000000,0.000000,-51.327923
31.318635,2.000000,-3330.072754,1.269325,1083.226635,385.302185,1258.904053,316.264160,318.071594,322.248847,-10.644799,-0.052328,6.422667,-52.036839,-17.426686,-16.712259,390.745758,0.061386,-0.002433,0.000179,0.125563,0.125563,1.793358,83461.023438,1.598865,0.000000,0.000000,0.000000,0.000000,0.000000,0.000000,0.000000,0.000000,0.000000,-50.994736
31.375617,2.000000,-3320.871338,1.270558,1080.274087,382.349426,1249.437378,316.209351,318.020538,322.345185,-10.544992,-0.051466,6.410494,-51.704624,-17.317239,-16.639330,387.918915,0.059337,-0.002455,0.000167,0.125563,0.125563,1.715545,83461.023438,1.593816,0.000000,0.000000,0.000000,0.000000,0.000000,0.000000,0.000000,0.000000,0.000000,-50.654491
31.429478,2.000000,-3311.711182,1.271577,1077.500962,379.576233,1240.076294,316.157166,317.969055,322.437459,-10.454595,-0.050657,6.396021,-51.376759,-17.209301,-16.567154,385.116852,0.057446,-0.002474,0.000158,0.125563,0.125563,1.646440,83461.023438,1.588281,0.000000,0.000000,0.000000,0.000000,0.000000,0.000000,0.000000,0.000000,0.000000,-50.335625
31.484218,2.000000,-3302.633301,1.272384,1074.700095,376.775208,1230.860474,316.103851,317.917053,322.525285,-10.366401,-0.049840,6.378729,-51.055038,-17.103460,-16.496033,382.351837,0.055849,-0.002493,0.000150,0.125563,0.125563,1.580844,83461.023438,1.581932,0.000000,0.000000,0.000000,0.000000,0.000000,0.000000,0.000000,0.000000,0.000000,-50.014679
31.538713,2.000000,-3293.599365,1.272991,1071.929112,374.004211,1221.749268,316.050873,317.864594,322.609106,-10.282029,-0.049035,6.359288,-50.738369,-16.999350,-16.425646,379.612000,0.054473,-0.002512,0.000144,0.125563,0.125563,1.520298,83461.023438,1.574995,0.000000,0.000000,0.000000,0.000000,0.000000,0.000000,0.000000,0.000000,0.000000,-49.698627
31.593099,2.000000,-3284.697998,1.273399,1069.180735,371.255981,1212.829224,315.998322,317.812927,322.688211,-10.200982,-0.048243,6.338009,-50.430027,-16.898042,-16.356657,376.923798,0.053333,-0.002528,0.000139,0.125563,0.125563,1.464645,83461.023438,1.567791,0.000000,0.000000,0.000000,0.000000,0.000000,0.000000,0.000000,0.000000,0.000000,-49.386906
31.648300,2.000000,-3275.476807,1.273625,1066.408399,368.483643,1203.648193,315.945496,317.758484,322.766515,-10.121667,-0.047446,6.314844,-50.114670,-16.794496,-16.285563,374.151001,0.052309,-0.002542,0.000135,0.125563,0.125563,1.413072,83461.023438,1.559969,0.000000,0.000000,0.000000,0.000000,0.000000,0.000000,0.000000,0.000000,0.000000,-49.074524
31.703244,2.000000,-3266.332275,1.273655,1063.665971,365.741211,1194.602295,315.893616,317.704346,322.840578,-10.045411,-0.046663,6.290519,-49.806179,-16.693267,-16.215418,371.413300,0.051478,-0.002556,0.000132,0.125563,0.125563,1.366540,83461.023438,1.551954,0.000000,0.000000,0.000000,0.000000,0.000000,0.000000,0.000000,0.000000,0.000000,-48.767754
31.758311,2.000000,-3257.221924,1.273495,1060.934192,363.009399,1185.647827,315.842560,317.650482,322.910785,-9.971413,-0.045889,6.265182,-49.503181,-16.593905,-16.145878,368.697693,0.050813,-0.002557,0.000132,0.125563,0.125563,1.324651,83461.023438,1.543745,0.000000,0.000000,0.000000,0.000000,0.000000,0.000000,0.000000,0.000000,0.000000,-48.464588
31.813947,2.000000,-3248.071045,1.273147,1058.191016,360.266235,1176.709839,315.791809,317.595459,322.977640,-9.898849,-0.045162,6.238913,-49.203270,-16.495624,-16.076351,365.981964,0.050265,-0.002492,0.000150,0.125563,0.125563,1.287269,83461.023438,1.535313,0.000000,0.000000,0.000000,0.000000,0.000000,0.000000,0.000000,0.000000,0.000000,-48.162750
31.868721,2.000000,-3238.891113,1.272610,1055.506611,357.581726,1167.799683,315.742798,317.540375,323.041084,-9.829300,-0.044520,6.212663,-48.906891,-16.398568,-16.006916,363.269623,0.049839,-0.002420,0.000187,0.125563,0.125563,1.255057,83461.023438,1.527033,0.000000,0.000000,0.000000,0.000000,0.000000,0.000000,0.000000,0.000000,0.000000,-47.869972
31.926424,2.000000,-3229.585938,1.271877,1052.695897,354.770996,1158.824341,315.692230,317.484070,323.101711,-9.757804,-0.043923,6.184825,-48.611000,-16.301743,-15.936837,360.532562,0.049469,-0.002338,0.000240,0.125563,0.125563,1.225717,83461.023438,1.518513,0.000000,0.000000,0.000000,0.000000,0.000000,0.000000,0.000000,0.000000,0.000000,-47.566189
31.980796,2.000000,-3220.323486,1.270959,1050.063320,352.138550,1149.945557,315.645782,317.427673,323.158452,-9.691856,-0.043428,6.158658,-48.320961,-16.206903,-15.867367,357.820282,0.049271,-0.002262,0.000299,0.125563,0.125563,1.202239,83461.023438,1.510428,0.000000,0.000000,0.000000,0.000000,0.000000,0.000000,0.000000,0.000000,0.000000,-47.284283
32.036573,2.000000,-3211.021484,1.269848,1047.378670,349.453918,1141.084229,315.599091,317.367828,323.211960,-9.625424,-0.042978,6.132026,-48.034065,-16.113158,-15.797885,355.108734,0.045927,-0.002186,0.000366,0.125563,0.125563,1.181745,83461.023438,1.503175,0.000000,0.000000,0.000000,0.000000,0.000000,0.000000,0.000000,0.000000,0.000000,-46.999271
32.092466,2.000000,-3201.670166,1.268543,1044.704233,346.779541,1132.229858,315.553497,317.312469,323.263006,-9.560237,-0.042442,6.104435,-47.747200,-16.019480,-15.728292,352.395203,0.046918,-0.002276,0.000381,0.125563,0.125563,1.154107,83461.023438,1.498484,0.000000,0.000000,0.000000,0.000000,0.000000,0.000000,0.000000,0.000000,0.000000,-46.714981
32.148950,2.000000,-3192.597412,1.267096,1042.017485,344.092834,1123.690674,315.508514,317.255524,323.308921,-9.495660,-0.041970,6.077218,-47.474121,-15.930376,-15.661012,349.774384,0.047474,-0.002147,0.000433,0.125563,0.125563,1.134831,83461.023438,1.488645,0.000000,0.000000,0.000000,0.000000,0.000000,0.000000,0.000000,0.000000,0.000000,-46.433475
32.198992,2.000000,-3184.116943,1.265583,1039.650334,341.725769,1115.754272,315.469604,317.202148,323.348636,-9.439200,-0.041599,6.053822,-47.223316,-15.848606,-15.598330,347.335205,0.047998,-0.002109,0.000479,0.125563,0.125563,1.123350,83461.023438,1.480523,0.000000,0.000000,0.000000,0.000000,0.000000,0.000000,0.000000,0.000000,0.000000,-46.188381
32.249329,2.000000,-3175.848877,1.263960,1037.281507,339.356873,1108.057495,315.431244,317.149963,323.384467,-9.382869,-0.041225,6.031096,-46.982544,-15.770170,-15.537386,344.966919,0.048326,-0.002082,0.000519,0.125563,0.125563,1.115984,83461.023438,1.473157,0.000000,0.000000,0.000000,0.000000,0.000000,0.000000,0.000000,0.000000,0.000000,-45.945557
32.303347,2.000000,-3166.739502,1.262003,1034.752921,336.828308,1099.623779,315.390869,317.091888,323.420771,-9.322725,-0.040817,6.007691,-46.721180,-15.685096,-15.470430,342.368866,0.048753,-0.002056,0.000554,0.125563,0.125563,1.111651,83461.023438,1.465966,0.000000,0.000000,0.000000,0.000000,0.000000,0.000000,0.000000,0.000000,0.000000,-45.688732
32.356220,2.000000,-3157.892334,1.259933,1032.291267,334.366638,1091.478149,315.352142,317.035187,323.453161,-9.264004,-0.040407,5.985810,-46.470882,-15.603685,-15.405572,339.856842,0.049111,-0.002030,0.000583,0.125563,0.125563,1.110105,83461.023438,1.459384,0.000000,0.000000,0.000000,0.000000,0.000000,0.000000,0.000000,0.000000,0.000000,-45.440792
32.409606,2.000000,-3149.061523,1.257702,1029.818948,331.894348,1083.391846,315.313538,316.977722,323.482733,-9.204738,-0.039986,5.964774,-46.224262,-15.523529,-15.340996,337.360474,0.049400,-0.002006,0.000606,0.125563,0.125563,1.110567,83461.023438,1.453566,0.000000,0.000000,0.000000,0.000000,0.000000,0.000000,0.000000,0.000000,0.000000,-45.193604
32.465193,2.000000,-3139.952637,1.255228,1027.258659,329.333984,1075.096436,315.273987,316.918213,323.510495,-9.142953,-0.039531,5.944024,-45.972954,-15.441909,-15.274543,334.797028,0.049630,-0.001983,0.000627,0.125563,0.125563,1.112711,83461.023438,1.447609,0.000000,0.000000,0.000000,0.000000,0.000000,0.000000,0.000000,0.000000,0.000000,-44.939354
32.520805,2.000000,-3130.661133,1.252525,1024.711280,326.786621,1066.681763,315.234894,316.856598,323.536033,-9.080984,-0.039064,5.924439,-45.719650,-15.359700,-15.206915,332.194275,0.050002,-0.001958,0.000644,0.125563,0.125563,1.116216,83461.023438,1.442287,0.000000,0.000000,0.000000,0.000000,0.000000,0.000000,0.000000,0.000000,0.000000,-44.687962
32.574956,2.000000,-3121.614502,1.249720,1022.244333,324.319397,1058.534302,315.197144,316.795868,323.558308,-9.020415,-0.038591,5.906532,-45.475807,-15.280617,-15.141215,329.671783,0.050352,-0.001937,0.000657,0.125563,0.125563,1.120820,83461.023438,1.437597,0.000000,0.000000,0.000000,0.000000,0.000000,0.000000,0.000000,0.000000,0.000000,-44.445892
32.631752,2.000000,-3112.287598,1.246649,1019.670760,321.746033,1050.179932,315.157806,316.732941,323.578685,-8.956592,-0.038077,5.888946,-45.226990,-15.199976,-15.073609,327.083191,0.050588,-0.001916,0.000668,0.125563,0.125563,1.126399,83461.023438,1.432666,0.000000,0.000000,0.000000,0.000000,0.000000,0.000000,0.000000,0.000000,0.000000,-44.194611
32.686347,2.000000,-3103.099365,1.243448,1017.210294,319.285583,1041.994507,315.120026,316.670197,323.596274,-8.894918,-0.037565,5.873195,-44.984333,-15.121383,-15.007131,324.545044,0.051006,-0.001895,0.000677,0.125563,0.125563,1.132552,83461.023438,1.428246,0.000000,0.000000,0.000000,0.000000,0.000000,0.000000,0.000000,0.000000,0.000000,-43.955475
32.742921,2.000000,-3093.709473,1.239997,1014.674370,316.749817,1033.675293,315.080963,316.605011,323.611697,-8.830642,-0.037014,5.858023,-44.738667,-15.041871,-14.939318,321.963470,0.051322,-0.001878,0.000685,0.125563,0.125563,1.139329,83461.023438,1.424225,0.000000,0.000000,0.000000,0.000000,0.000000,0.000000,0.000000,0.000000,0.000000,-43.709927
32.799183,2.000000,-3084.423340,1.236406,1012.166151,314.241638,1025.492920,315.041931,316.539917,323.624540,-8.766326,-0.036450,5.844079,-44.497868,-14.963984,-14.872364,319.422577,0.051562,-0.001859,0.000690,0.125563,0.125563,1.146546,83461.023438,1.420354,0.000000,0.000000,0.000000,0.000000,0.000000,0.000000,0.000000,0.000000,0.000000,-43.467903
32.854534,2.000000,-3075.156006,1.232647,1009.711780,311.787354,1017.371155,315.003235,316.473785,323.635011,-8.702653,-0.035876,5.831428,-44.259537,-14.886944,-14.805652,316.898865,0.051926,-0.001838,0.000695,0.125563,0.125563,1.153854,83461.023438,1.417123,0.000000,0.000000,0.000000,0.000000,0.000000,0.000000,0.000000,0.000000,0.000000,-43.231724
32.910581,2.000000,-3065.829834,1.228689,1007.239830,309.315430,1009.242065,314.963745,316.406677,323.643286,-8.637761,-0.035274,5.819658,-44.021500,-14.810045,-14.738618,314.371277,0.052219,-0.001821,0.000698,0.125563,0.125563,1.161317,83461.023438,1.413808,0.000000,0.000000,0.000000,0.000000,0.000000,0.000000,0.000000,0.000000,0.000000,-42.994373
32.966413,2.000000,-3056.605225,1.224601,1004.790548,306.866211,1001.244446,314.923798,316.339447,323.649277,-8.572700,-0.034655,5.808939,-43.787731,-14.734569,-14.672403,311.883209,0.052415,-0.001805,0.000701,0.125563,0.125563,1.168837,83461.023438,1.410642,0.000000,0.000000,0.000000,0.000000,0.000000,0.000000,0.000000,0.000000,0.000000,-42.759621
33.030968,2.000000,-3047.196533,1.220255,1001.975027,304.050781,993.130981,314.876801,316.269775,323.653133,-8.496959,-0.033914,5.797713,-43.550861,-14.658136,-14.604957,309.357727,0.051201,-0.001785,0.000703,0.125563,0.125563,1.177306,83461.023438,1.407958,0.000000,0.000000,0.000000,0.000000,0.000000,0.000000,0.000000,0.000000,0.000000,-42.490044
33.082533,2.000000,-3037.454590,1.215566,999.738510,301.814270,984.777100,314.838654,316.196594,323.655743,-8.436321,-0.033303,5.788548,-43.305035,-14.578819,-14.535222,306.755798,0.050972,-0.001769,0.000705,0.125563,0.125563,1.174992,83461.023438,1.409240,0.000000,0.000000,0.000000,0.000000,0.000000,0.000000,0.000000,0.000000,0.000000,-42.273693
33.139322,2.000000,-3027.843750,1.210755,997.288244,299.364014,976.581604,314.795807,316.123413,323.655773,-8.369559,-0.032609,5.779343,-43.064548,-14.501280,-14.466513,304.201874,0.051979,-0.001751,0.000705,0.125563,0.125563,1.176820,83461.023438,1.404670,0.000000,0.000000,0.000000,0.000000,0.000000,0.000000,0.000000,0.000000,0.000000,-42.038055
33.195174,2.000000,-3018.568359,1.205937,994.891397,296.967102,968.715027,314.752777,316.052155,323.653311,-8.303696,-0.031905,5.771269,-42.834743,-14.427239,-14.400276,301.749298,0.052539,-0.001733,0.000706,0.125563,0.125563,1.181810,83461.023438,1.400873,0.000000,0.000000,0.000000,0.000000,0.000000,0.000000,0.000000,0.000000,0.000000,-41.808540
33.249935,2.000000,-3009.431885,1.201025,992.553770,294.629456,961.007080,314.709686,315.980865,323.648655,-8.238801,-0.031199,5.764249,-42.610100,-14.354909,-14.335099,299.345154,0.053011,-0.001717,0.000706,0.125563,0.125563,1.188238,83461.023438,1.397967,0.000000,0.000000,0.000000,0.000000,0.000000,0.000000,0.000000,0.000000,0.000000,-41.585171
33.303517,2.000000,-3000.458984,1.196041,990.278279,292.353882,953.476257,314.666534,315.909851,323.642100,-8.174937,-0.030489,5.758198,-42.390808,-14.284340,-14.271148,296.995361,0.053423,-0.001701,0.000706,0.125563,0.125563,1.195250,83461.023438,1.395685,0.000000,0.000000,0.000000,0.000000,0.000000,0.000000,0.000000,0.000000,0.000000,-41.367901
33.353806,2.000000,-2992.214600,1.191321,988.153235,290.228882,946.590942,314.625122,315.843262,323.634388,-8.114653,-0.029805,5.753170,-42.190243,-14.219828,-14.212440,294.846191,0.053571,-0.001688,0.000706,0.125563,0.125563,1.201618,83461.023438,1.394723,0.000000,0.000000,0.000000,0.000000,0.000000,0.000000,0.000000,0.000000,0.000000,-41.164848
33.405333,2.000000,-2983.737305,1.186330,985.986467,288.062012,939.544983,314.581726,315.774628,323.624896,-8.052554,-0.029086,5.748645,-41.984745,-14.153755,-14.152122,292.646179,0.053693,-0.001673,0.000705,0.125563,0.125563,1.208086,83461.023438,1.392627,0.000000,0.000000,0.000000,0.000000,0.000000,0.000000,0.000000,0.000000,0.000000,-40.957642
33.462146,2.000000,-2974.209961,1.180555,983.609766,285.685181,931.666748,314.532623,315.696320,323.612261,-7.983705,-0.028272,5.744368,-41.754757,-14.079842,-14.084382,290.185547,0.054013,-0.001656,0.000704,0.125563,0.125563,1.215176,83461.023438,1.390830,0.000000,0.000000,0.000000,0.000000,0.000000,0.000000,0.000000,0.000000,0.000000,-40.730110
33.519125,2.000000,-2964.762207,1.174653,981.239096,283.314453,923.896790,314.482086,315.617157,323.597697,-7.914257,-0.027437,5.740764,-41.527534,-14.006851,-14.017264,287.757874,0.054160,-0.001640,0.000703,0.125563,0.125563,1.221881,83461.023438,1.389724,0.000000,0.000000,0.000000,0.000000,0.000000,0.000000,0.000000,0.000000,0.000000,-40.502720
33.576320,2.000000,-2955.300781,1.168570,978.872466,280.947693,916.157532,314.430145,315.536896,323.581236,-7.844178,-0.026578,5.737772,-41.300674,-13.934004,-13.950098,285.339081,0.054243,-0.001624,0.000702,0.125563,0.125563,1.228105,83461.023438,1.388565,0.000000,0.000000,0.000000,0.000000,0.000000,0.000000,0.000000,0.000000,0.000000,-40.275188
33.632179,2.000000,-2945.948486,1.162388,976.573666,278.648804,908.548706,314.378021,315.456482,323.563054,-7.775408,-0.025719,5.735409,-41.077042,-13.862221,-13.883755,282.960358,0.054437,-0.001606,0.000701,0.125563,0.125563,1.233725,83461.023438,1.387196,0.000000,0.000000,0.000000,0.000000,0.000000,0.000000,0.000000,0.000000,0.000000,-40.053612
33.688913,2.000000,-2936.511963,1.155980,974.251532,276.326660,900.912598,314.323486,315.373688,323.542825,-7.705256,-0.024829,5.733507,-40.851982,-13.790006,-13.816857,280.572479,0.054554,-0.001592,0.000700,0.125563,0.125563,1.238723,83461.023438,1.386922,0.000000,0.000000,0.000000,0.000000,0.000000,0.000000,0.000000,0.000000,0.000000,-39.829094
33.741531,2.000000,-2927.718506,1.149855,972.109288,274.184448,893.834412,314.271667,315.294708,323.522300,-7.639956,-0.023986,5.732110,-40.642673,-13.722866,-13.754564,278.358368,0.054749,-0.001578,0.000699,0.125563,0.125563,1.242444,83461.023438,1.387870,0.000000,0.000000,0.000000,0.000000,0.000000,0.000000,0.000000,0.000000,0.000000,-39.621208
33.798086,2.000000,-2918.350342,1.143168,969.818915,271.894104,886.332947,314.214478,315.211426,323.498542,-7.569552,-0.023061,5.731060,-40.420059,-13.651486,-13.688237,276.011292,0.054686,-0.001569,0.000698,0.125563,0.125563,1.246909,83461.023438,1.385205,0.000000,0.000000,0.000000,0.000000,0.000000,0.000000,0.000000,0.000000,0.000000,-39.398403
33.854706,2.000000,-2909.057617,1.136371,967.538545,269.613770,878.931824,314.155762,315.126190,323.472737,-7.498828,-0.022111,5.730367,-40.199604,-13.580837,-13.622482,273.695068,0.054483,-0.001555,0.000699,0.125563,0.125563,1.250887,83461.023438,1.384638,0.000000,0.000000,0.000000,0.000000,0.000000,0.000000,0.000000,0.000000,0.000000,-39.175610
33.911256,2.000000,-2899.554932,1.129254,965.273594,267.348816,871.404785,314.095459,315.037750,323.444559,-7.427999,-0.021145,5.729971,-39.974403,-13.508685,-13.555285,271.338806,0.054606,-0.001538,0.000699,0.125563,0.125563,1.253786,83461.023438,1.383842,0.000000,0.000000,0.000000,0.000000,0.000000,0.000000,0.000000,0.000000,0.000000,-38.953362
33.962995,2.000000,-2891.104004,1.122782,963.212370,265.287537,864.745789,314.038849,314.957886,323.417954,-7.363072,-0.020247,5.729838,-39.774403,-13.444623,-13.495558,269.253784,0.054395,-0.001525,0.000699,0.125563,0.125563,1.255779,83461.023438,1.383446,0.000000,0.000000,0.000000,0.000000,0.000000,0.000000,0.000000,0.000000,0.000000,-38.750309
34.013510,2.000000,-2882.676514,1.116195,961.210043,263.285156,858.137817,313.982422,314.877411,323.389954,-7.299598,-0.019355,5.729906,-39.575230,-13.380842,-13.436026,267.184326,0.054424,-0.001509,0.000699,0.125563,0.125563,1.257354,83461.023438,1.382703,0.000000,0.000000,0.000000,0.000000,0.000000,0.000000,0.000000,0.000000,0.000000,-38.552372
34.069852,2.000000,-2873.296143,1.108709,958.988534,261.063721,850.820984,313.917938,314.786407,323.357060,-7.228710,-0.018345,5.730209,-39.353920,-13.309990,-13.369798,264.892334,0.054421,-0.001494,0.000698,0.125563,0.125563,1.258786,83461.023438,1.382440,0.000000,0.000000,0.000000,0.000000,0.000000,0.000000,0.000000,0.000000,0.000000,-38.331974
34.120007,2.000000,-2865.015869,1.101965,957.021435,259.096741,844.395874,313.859161,314.705109,323.326539,-7.165553,-0.017431,5.730635,-39.158810,-13.247539,-13.311369,262.879181,0.054326,-0.001478,0.000697,0.125563,0.125563,1.259581,83461.023438,1.381919,0.000000,0.000000,0.000000,0.000000,0.000000,0.000000,0.000000,0.000000,0.000000,-38.136066
34.171459,2.000000,-2856.370361,1.094788,955.013695,257.088989,837.720703,313.797607,314.619690,323.293675,-7.100753,-0.016485,5.731183,-38.955399,-13.182426,-13.250392,260.787231,0.054520,-0.001458,0.000694,0.125563,0.125563,1.259415,83461.023438,1.381176,0.000000,0.000000,0.000000,0.000000,0.000000,0.000000,0.000000,0.000000,0.000000,-37.935436
34.225775,2.000000,-2847.424805,1.087217,952.905427,254.980850,830.849731,313.731018,314.530182,323.258053,-7.032357,-0.015473,5.731896,-38.745281,-13.115181,-13.187329,258.633484,0.054457,-0.001444,0.000691,0.125563,0.125563,1.259200,83461.023438,1.380286,0.000000,0.000000,0.000000,0.000000,0.000000,0.000000,0.000000,0.000000,0.000000,-37.724026
34.276464,2.000000,-2838.908936,1.079872,950.948275,253.023758,824.342468,313.667664,314.443756,323.222519,-6.968524,-0.014513,5.732729,-38.545750,-13.051343,-13.127320,256.593384,0.054593,-0.001430,0.000688,0.125563,0.125563,1.259414,83461.023438,1.380077,0.000000,0.000000,0.000000,0.000000,0.000000,0.000000,0.000000,0.000000,0.000000,-37.527206
34.331995,2.000000,-2829.697021,1.071778,948.815609,250.891129,817.340393,313.596680,314.349579,323.182418,-6.898575,-0.013448,5.733816,-38.330280,-12.982421,-13.062438,254.397690,0.054523,-0.001418,0.000685,0.125563,0.125563,1.259839,83461.023438,1.379129,0.000000,0.000000,0.000000,0.000000,0.000000,0.000000,0.000000,0.000000,0.000000,-37.312023
34.388731,2.000000,-2820.296875,1.063358,946.649026,248.724564,810.234680,313.522644,314.251709,323.139706,-6.827094,-0.012341,5.735039,-38.110695,-12.912195,-12.996258,252.169083,0.054465,-0.001401,0.000682,0.125563,0.125563,1.259757,83461.023438,1.378984,0.000000,0.000000,0.000000,0.000000,0.000000,0.000000,0.000000,0.000000,0.000000,-37.092445
34.444195,2.000000,-2811.154785,1.055015,944.543060,246.618546,803.362183,313.448730,314.155823,323.096520,-6.757222,-0.011244,5.736362,-37.897423,-12.843999,-12.931920,250.013229,0.054307,-0.001390,0.000679,0.125563,0.125563,1.259670,83461.023438,1.377917,0.000000,0.000000,0.000000,0.000000,0.000000,0.000000,0.000000,0.000000,0.000000,-36.878178
34.494256,2.000000,-2802.879639,1.047332,942.652472,244.727982,797.173889,313.380646,314.067535,323.055915,-6.694175,-0.010241,5.737612,-37.704628,-12.782363,-12.873708,248.071640,0.054234,-0.001377,0.000677,0.125563,0.125563,1.259170,83461.023438,1.377945,0.000000,0.000000,0.000000,0.000000,0.000000,0.000000,0.000000,0.000000,0.000000,-36.684994
34.551682,2.000000,-2793.499512,1.038474,940.495663,242.571182,790.196472,313.301025,313.966553,323.008250,-6.621885,-0.009076,5.739147,-37.486374,-12.712597,-12.807748,245.882095,0.053972,-0.001365,0.000675,0.125563,0.125563,1.258547,83461.023438,1.377272,0.000000,0.000000,0.000000,0.000000,0.000000,0.000000,0.000000,0.000000,0.000000,-36.463764
34.608919,2.000000,-2783.829834,1.029177,938.358605,240.434036,783.045044,313.220123,313.861023,322.957263,-6.549880,-0.007899,5.740735,-37.261658,-12.640777,-12.739780,243.637497,0.054188,-0.001349,0.000672,0.125563,0.125563,1.257597,83461.023438,1.376619,0.000000,0.000000,0.000000,0.000000,0.000000,0.000000,0.000000,0.000000,0.000000,-36.243576
34.659534,2.000000,-2775.503662,1.021037,936.479305,238.554703,776.920776,313.147247,313.769287,322.911793,-6.486249,-0.006846,5.742227,-37.068474,-12.579045,-12.681278,241.714966,0.054038,-0.001338,0.000670,0.125563,0.125563,1.256867,83461.023438,1.375710,0.000000,0.000000,0.000000,0.000000,0.000000,0.000000,0.000000,0.000000,0.000000,-36.049232
34.713700,2.000000,-2766.479004,1.012075,934.479101,236.554459,770.317749,313.067841,313.668549,322.861014,-6.418211,-0.005706,5.743826,-36.859253,-12.512194,-12.617890,239.641800,0.054096,-0.001323,0.000668,0.125563,0.125563,1.255499,83461.023438,1.374952,0.000000,0.000000,0.000000,0.000000,0.000000,0.000000,0.000000,0.000000,0.000000,-35.841438
34.768433,2.000000,-2757.442871,1.002955,932.469400,234.544876,763.742493,312.986206,313.566132,322.808485,-6.349527,-0.004540,5.745507,-36.650177,-12.445400,-12.554441,237.577072,0.054044,-0.001311,0.000666,0.125563,0.125563,1.254175,83461.023438,1.375268,0.000000,0.000000,0.000000,0.000000,0.000000,0.000000,0.000000,0.000000,0.000000,-35.631847
34.819085,2.000000,-2748.916748,0.994218,930.619745,232.695267,757.571777,312.909424,313.469116,322.757380,-6.286021,-0.003449,5.747171,-36.453251,-12.382496,-12.494593,235.639069,0.054167,-0.001299,0.000663,0.125563,0.125563,1.253551,83461.023438,1.373898,0.000000,0.000000,0.000000,0.000000,0.000000,0.000000,0.000000,0.000000,0.000000,-35.438381
34.870306,2.000000,-2740.453369,0.985418,928.759292,230.834854,751.478394,312.830536,313.371460,322.705207,-6.221835,-0.002335,5.748916,-36.258106,-12.320169,-12.435204,233.725067,0.054079,-0.001287,0.000661,0.125563,0.125563,1.252811,83461.023438,1.373624,0.000000,0.000000,0.000000,0.000000,0.000000,0.000000,0.000000,0.000000,0.000000,-35.243023
34.925530,2.000000,-2731.269775,0.975728,926.764639,228.840347,744.902100,312.744141,313.264435,322.646923,-6.152666,-0.001120,5.750908,-36.046703,-12.252658,-12.370774,231.659180,0.054049,-0.001275,0.000659,0.125563,0.125563,1.252242,83461.023438,1.372905,0.000000,0.000000,0.000000,0.000000,0.000000,0.000000,0.000000,0.000000,0.000000,-35.032825
34.981574,2.000000,-2721.969238,0.965764,924.752257,226.828018,738.280212,312.655029,313.154755,322.586267,-6.082511,0.000126,5.752980,-35.832867,-12.184372,-12.305546,229.578629,0.054015,-0.001261,0.000657,0.125563,0.125563,1.251342,83461.023438,1.372409,0.000000,0.000000,0.000000,0.000000,0.000000,0.000000,0.000000,0.000000,0.000000,-34.819786
35.037107,2.000000,-2712.826416,0.955824,922.770009,224.845779,731.807617,312.565247,313.045807,322.524899,-6.013046,0.001373,5.755108,-35.622974,-12.117353,-12.241439,227.544769,0.053875,-0.001247,0.000655,0.125563,0.125563,1.250471,83461.023438,1.371745,0.000000,0.000000,0.000000,0.000000,0.000000,0.000000,0.000000,0.000000,0.000000,-34.609066
35.093013,2.000000,-2703.573486,0.945616,920.786284,222.862076,725.294434,312.473480,312.934204,322.461158,-5.943167,0.002643,5.757300,-35.410839,-12.049619,-12.176573,225.497925,0.053828,-0.001234,0.000653,0.125563,0.125563,1.249426,83461.023438,1.371280,0.000000,0.000000,0.000000,0.000000,0.000000,0.000000,0.000000,0.000000,0.000000,-34.397255
35.143733,2.000000,-2695.127441,0.936169,918.996846,221.072647,719.382263,312.388947,312.830963,322.401481,-5.879828,0.003804,5.759310,-35.217461,-11.987879,-12.117383,223.639679,0.053900,-0.001223,0.000651,0.125563,0.125563,1.248198,83461.023438,1.371538,0.000000,0.000000,0.000000,0.000000,0.000000,0.000000,0.000000,0.000000,0.000000,-34.205338
35.200214,2.000000,-2685.896240,0.925705,917.015611,219.091446,712.956055,312.293610,312.717743,322.334655,-5.809356,0.005109,5.761651,-35.006424,-11.920503,-12.052702,221.619705,0.053668,-0.001211,0.000648,0.125563,0.125563,1.247302,83461.023438,1.370072,0.000000,0.000000,0.000000,0.000000,0.000000,0.000000,0.000000,0.000000,0.000000,-33.992115
35.255265,2.000000,-2676.599365,0.915019,915.096132,217.171951,706.521790,312.199249,312.601959,322.265575,-5.740719,0.006394,5.763999,-34.794281,-11.852780,-11.987573,219.596985,0.053926,-0.001197,0.000646,0.125563,0.125563,1.246381,83461.023438,1.369806,0.000000,0.000000,0.000000,0.000000,0.000000,0.000000,0.000000,0.000000,0.000000,-33.784649
35.309925,2.000000,-2667.579590,0.904512,913.201595,215.277420,700.315369,312.104248,312.488708,322.196970,-5.672613,0.007681,5.766412,-34.588791,-11.787182,-11.924398,217.645691,0.053846,-0.001186,0.000644,0.125563,0.125563,1.245656,83461.023438,1.369088,0.000000,0.000000,0.000000,0.000000,0.000000,0.000000,0.000000,0.000000,0.000000,-33.579060
35.365178,2.000000,-2658.520020,0.893821,911.297943,213.373734,694.117126,312.006897,312.373718,322.126467,-5.603809,0.008994,5.768921,-34.382683,-11.721386,-11.860954,215.696808,0.053697,-0.001172,0.000642,0.125563,0.125563,1.244831,83461.023438,1.368516,0.000000,0.000000,0.000000,0.000000,0.000000,0.000000,0.000000,0.000000,0.000000,-33.371578
35.420746,2.000000,-2649.289307,0.882785,909.395019,211.470779,687.838623,311.907623,312.255249,322.052908,-5.534662,0.010326,5.771503,-34.172989,-11.654449,-11.796325,213.722488,0.053749,-0.001161,0.000640,0.125563,0.125563,1.243936,83461.023438,1.368014,0.000000,0.000000,0.000000,0.000000,0.000000,0.000000,0.000000,0.000000,0.000000,-33.163261
35.477649,2.000000,-2639.873779,0.871381,907.458397,209.534073,681.472534,311.804565,312.133270,321.976235,-5.463907,0.011701,5.774209,-33.959408,-11.586267,-11.730412,211.720459,0.053763,-0.001148,0.000637,0.125563,0.125563,1.242957,83461.023438,1.367473,0.000000,0.000000,0.000000,0.000000,0.000000,0.000000,0.000000,0.000000,0.000000,-32.950306
35.533521,2.000000,-2630.690186,0.860115,905.568661,207.644241,675.299927,311.702026,312.013184,321.899711,-5.394477,0.013060,5.776966,-33.751450,-11.519882,-11.666127,209.779205,0.053667,-0.001137,0.000635,0.125563,0.125563,1.242334,83461.023438,1.366473,0.000000,0.000000,0.000000,0.000000,0.000000,0.000000,0.000000,0.000000,0.000000,-32.741669
35.589712,2.000000,-2621.345459,0.848510,903.679912,205.755447,669.056702,311.597565,311.889557,321.820161,-5.324691,0.014440,5.779809,-33.540188,-11.452441,-11.600727,207.815536,0.053762,-0.001126,0.000633,0.125563,0.125563,1.241641,83461.023438,1.366119,0.000000,0.000000,0.000000,0.000000,0.000000,0.000000,0.000000,0.000000,0.000000,-32.532188
35.646402,2.000000,-2611.974854,0.836728,901.786335,203.861771,662.833801,311.490753,311.764404,321.738683,-5.254321,0.015842,5.782766,-33.328667,-11.384914,-11.535151,205.858200,0.053775,-0.001113,0.000631,0.125563,0.125563,1.241028,83461.023438,1.365554,0.000000,0.000000,0.000000,0.000000,0.000000,0.000000,0.000000,0.000000,0.000000,-32.321251
35.702780,2.000000,-2602.706299,0.824932,899.915053,201.990372,656.715820,311.383179,311.639771,321.656344,-5.184364,0.017248,5.785813,-33.119781,-11.318228,-11.470294,203.933746,0.053704,-0.001100,0.000628,0.125563,0.125563,1.240609,83461.023438,1.364547,0.000000,0.000000,0.000000,0.000000,0.000000,0.000000,0.000000,0.000000,0.000000,-32.111900
35.754113,2.000000,-2594.230225,0.814022,898.221519,200.296707,651.153381,311.284027,311.524261,321.579583,-5.120694,0.018537,5.788637,-32.929031,-11.257328,-11.410989,202.183929,0.053745,-0.001089,0.000626,0.125563,0.125563,1.239982,83461.023438,1.364602,0.000000,0.000000,0.000000,0.000000,0.000000,0.000000,0.000000,0.000000,0.000000,-31.921535
35.810537,2.000000,-2584.905029,0.801884,896.371300,198.446304,645.069031,311.173828,311.396576,321.493537,-5.050735,0.019963,5.791866,-32.719521,-11.190435,-11.345744,200.269943,0.053756,-0.001076,0.000624,0.125563,0.125563,1.239827,83461.023438,1.363495,0.000000,0.000000,0.000000,0.000000,0.000000,0.000000,0.000000,0.000000,0.000000,-31.712784
35.866828,2.000000,-2575.508057,0.789511,894.537196,196.612259,638.975647,311.062561,311.266449,321.405178,-4.980947,0.021395,5.795180,-32.508720,-11.123122,-11.280004,198.352982,0.053941,-0.001064,0.000622,0.125563,0.125563,1.239581,83461.023438,1.362947,0.000000,0.000000,0.000000,0.000000,0.000000,0.000000,0.000000,0.000000,0.000000,-31.504860
35.917906,2.000000,-2567.260010,0.778534,892.883100,194.958267,633.658142,310.960480,311.151123,321.326161,-4.917631,0.022705,5.798273,-32.323971,-11.064125,-11.222299,196.680145,0.053684,-0.001053,0.000620,0.125563,0.125563,1.239388,83461.023438,1.362866,0.000000,0.000000,0.000000,0.000000,0.000000,0.000000,0.000000,0.000000,0.000000,-31.316504
35.969272,2.000000,-2558.920898,0.767326,891.229399,193.304520,628.311584,310.856659,311.033722,321.244980,-4.853973,0.024030,5.801462,-32.137386,-11.004534,-11.163961,194.998077,0.053487,-0.001042,0.000617,0.125563,0.125563,1.239279,83461.023438,1.362120,0.000000,0.000000,0.000000,0.000000,0.000000,0.000000,0.000000,0.000000,0.000000,-31.127401
36.026003,2.000000,-2549.324707,0.754291,889.414268,191.489395,622.195496,310.740906,310.897339,321.149858,-4.783676,0.025502,5.805081,-31.923000,-10.936059,-11.096828,193.073929,0.053898,-0.001029,0.000615,0.125563,0.125563,1.239242,83461.023438,1.361486,0.000000,0.000000,0.000000,0.000000,0.000000,0.000000,0.000000,0.000000,0.000000,-30.918907
36.081647,2.000000,-2540.173096,0.741723,887.645412,189.720535,616.399231,310.625977,310.765869,321.057495,-4.714707,0.026954,5.808772,-31.718946,-10.870876,-11.032805,191.250381,0.053876,-0.001018,0.000613,0.125563,0.125563,1.239498,83461.023438,1.361509,0.000000,0.000000,0.000000,0.000000,0.000000,0.000000,0.000000,0.000000,0.000000,-30.714825
36.137870,2.000000,-2530.934082,0.728903,885.869710,187.944839,610.583557,310.508606,310.632294,320.962699,-4.645015,0.028429,5.812600,-31.513123,-10.805116,-10.968169,189.420746,0.053838,-0.001007,0.000610,0.125563,0.125563,1.239720,83461.023438,1.360387,0.000000,0.000000,0.000000,0.000000,0.000000,0.000000,0.000000,0.000000,0.000000,-30.508947
36.188962,2.000000,-2522.665527,0.717318,884.266131,186.341324,605.409424,310.400726,310.511230,320.876357,-4.581671,0.029779,5.816151,-31.329172,-10.746339,-10.910322,187.792953,0.053647,-0.000997,0.000608,0.125563,0.125563,1.239676,83461.023438,1.360683,0.000000,0.000000,0.000000,0.000000,0.000000,0.000000,0.000000,0.000000,0.000000,-30.322077
36.243130,2.000000,-2513.526611,0.704389,882.576484,184.651810,599.724426,310.285187,310.376709,320.779603,-4.514534,0.031218,5.819928,-31.125866,-10.681358,-10.846386,186.004395,0.054087,-0.000985,0.000606,0.125563,0.125563,1.239099,83461.023438,1.359776,0.000000,0.000000,0.000000,0.000000,0.000000,0.000000,0.000000,0.000000,0.000000,-30.124113
36.294069,2.000000,-2505.211426,0.692515,880.997327,183.072647,594.582336,310.175476,310.253387,320.690058,-4.451403,0.032577,5.823654,-30.941402,-10.622398,-10.788209,184.386719,0.053979,-0.000976,0.000603,0.125563,0.125563,1.239614,83461.023438,1.359050,0.000000,0.000000,0.000000,0.000000,0.000000,0.000000,0.000000,0.000000,0.000000,-29.938520
36.350328,2.000000,-2495.870605,0.679050,879.264239,181.339676,588.840698,310.053253,310.113556,320.587877,-4.381650,0.034086,5.827893,-30.734472,-10.556246,-10.722851,182.580460,0.054119,-0.000962,0.000601,0.125563,0.125563,1.240281,83461.023438,1.358502,0.000000,0.000000,0.000000,0.000000,0.000000,0.000000,0.000000,0.000000,0.000000,-29.733877
36.400358,2.000000,-2487.729736,0.667206,877.732733,179.808182,583.866577,309.943329,309.990448,320.497441,-4.319588,0.035435,5.831758,-30.554325,-10.498646,-10.665886,181.015717,0.053989,-0.000952,0.000599,0.125563,0.125563,1.240771,83461.023438,1.358367,0.000000,0.000000,0.000000,0.000000,0.000000,0.000000,0.000000,0.000000,0.000000,-29.552130
36.456449,2.000000,-2478.352295,0.653437,876.026516,178.102005,578.171387,309.818848,309.847687,320.391760,-4.249979,0.036956,5.836191,-30.347010,-10.432344,-10.600262,179.224197,0.054268,-0.000940,0.000596,0.125563,0.125563,1.241231,83461.023438,1.358033,0.000000,0.000000,0.000000,0.000000,0.000000,0.000000,0.000000,0.000000,0.000000,-29.348635
36.512647,2.000000,-2469.124512,0.639760,874.328511,176.404068,572.603027,309.692810,309.705902,320.286138,-4.180206,0.038488,5.840750,-30.143267,-10.367170,-10.535679,177.472656,0.054276,-0.000929,0.000594,0.125563,0.125563,1.241759,83461.023438,1.357882,0.000000,0.000000,0.000000,0.000000,0.000000,0.000000,0.000000,0.000000,0.000000,-29.145075
36.569194,2.000000,-2460.034912,0.626162,872.631534,174.707108,567.152893,309.564789,309.565247,320.180516,-4.109971,0.040037,5.845458,-29.942787,-10.303025,-10.472058,175.758392,0.053946,-0.000918,0.000591,0.125563,0.125563,1.242422,83461.023438,1.357065,0.000000,0.000000,0.000000,0.000000,0.000000,0.000000,0.000000,0.000000,0.000000,-28.940590
36.625496,2.000000,-2450.567383,0.611867,870.953423,173.029007,561.513062,309.435974,309.417297,320.068844,-4.040017,0.041588,5.850219,-29.734138,-10.236247,-10.405787,173.984512,0.054348,-0.000908,0.000589,0.125563,0.125563,1.242775,83461.023438,1.356457,0.000000,0.000000,0.000000,0.000000,0.000000,0.000000,0.000000,0.000000,0.000000,-28.737207
36.679379,2.000000,-2441.701416,0.598360,869.358137,171.433670,556.265381,309.311432,309.277557,319.962658,-3.973031,0.043079,5.854929,-29.539106,-10.173817,-10.343716,172.334106,0.054383,-0.000897,0.000586,0.125563,0.125563,1.243597,83461.023438,1.356194,0.000000,0.000000,0.000000,0.000000,0.000000,0.000000,0.000000,0.000000,0.000000,-28.542973
36.734363,2.000000,-2432.756104,0.584616,867.741073,169.816605,551.003967,309.183167,309.135376,319.854100,-3.904632,0.044608,5.859824,-29.342482,-10.110856,-10.281082,170.679474,0.054274,-0.000887,0.000584,0.125563,0.125563,1.244201,83461.023438,1.356273,0.000000,0.000000,0.000000,0.000000,0.000000,0.000000,0.000000,0.000000,0.000000,-28.344973
36.785418,2.000000,-2424.428711,0.571716,866.249352,168.324783,546.135864,309.063049,309.001984,319.751652,-3.841107,0.046034,5.864408,-29.159462,-10.052234,-10.222768,169.148651,0.054242,-0.000878,0.000582,0.125563,0.125563,1.244363,83461.023438,1.355762,0.000000,0.000000,0.000000,0.000000,0.000000,0.000000,0.000000,0.000000,0.000000,-28.161255
36.841752,2.000000,-2414.992188,0.556977,864.614283,166.689651,540.654541,308.929291,308.849640,319.634018,-3.770996,0.047614,5.869567,-28.952374,-9.985885,-10.156682,167.425034,0.054622,-0.000864,0.000579,0.125563,0.125563,1.244751,83461.023438,1.355784,0.000000,0.000000,0.000000,0.000000,0.000000,0.000000,0.000000,0.000000,0.000000,-27.958872
36.891754,2.000000,-2406.863770,0.544177,863.172571,165.247940,535.962708,308.809509,308.717346,319.531273,-3.708737,0.049023,5.874247,-28.774162,-9.928772,-10.099749,165.949768,0.054538,-0.000856,0.000577,0.125563,0.125563,1.245213,83461.023438,1.355342,0.000000,0.000000,0.000000,0.000000,0.000000,0.000000,0.000000,0.000000,0.000000,-27.779501
36.942873,2.000000,-2398.536133,0.530964,861.707954,163.783401,531.184326,308.685913,308.580750,319.424702,-3.645069,0.050468,5.879096,-28.591743,-9.870295,-10.041412,164.447403,0.054500,-0.000846,0.000574,0.125563,0.125563,1.245609,83461.023438,1.355170,0.000000,0.000000,0.000000,0.000000,0.000000,0.000000,0.000000,0.000000,0.000000,-27.596333
36.995568,2.000000,-2389.914063,0.517179,860.208021,162.283524,526.267334,308.557434,308.438568,319.313059,-3.579422,0.051964,5.884154,-28.402952,-9.809753,-9.981005,162.901566,0.054533,-0.000835,0.000572,0.125563,0.125563,1.245905,83461.023438,1.354193,0.000000,0.000000,0.000000,0.000000,0.000000,0.000000,0.000000,0.000000,0.000000,-27.407724
37.052301,2.000000,-2380.523682,0.502045,858.604344,160.680008,520.947571,308.417633,308.282288,319.189908,-3.508742,0.053581,5.889556,-28.197350,-9.743794,-9.915211,161.229141,0.054221,-0.000823,0.000569,0.125563,0.125563,1.245064,83461.023438,1.355049,0.000000,0.000000,0.000000,0.000000,0.000000,0.000000,0.000000,0.000000,0.000000,-27.204613
37.106660,2.000000,-2371.665039,0.487653,857.078581,159.154251,515.962341,308.282532,308.133423,319.072244,-3.441100,0.055136,5.894675,-28.003365,-9.681534,-9.853129,159.662079,0.054388,-0.000814,0.000567,0.125563,0.125563,1.243792,83461.023438,1.354592,0.000000,0.000000,0.000000,0.000000,0.000000,0.000000,0.000000,0.000000,0.000000,-27.010151
37.158308,2.000000,-2363.198975,0.473796,855.638690,157.714432,511.228546,308.153137,307.990387,318.958287,-3.376858,0.056619,5.899694,-27.818464,-9.622180,-9.793791,158.174118,0.054543,-0.000805,0.000564,0.125563,0.125563,1.243842,83461.023438,1.353447,0.000000,0.000000,0.000000,0.000000,0.000000,0.000000,0.000000,0.000000,0.000000,-26.825991
37.208366,2.000000,-2354.986328,0.460258,854.252213,156.327957,506.664703,308.026825,307.850769,318.846466,-3.314579,0.058062,5.904691,-27.639475,-9.564707,-9.736220,156.739716,0.054663,-0.000795,0.000562,0.125563,0.125563,1.244605,83461.023438,1.352587,0.000000,0.000000,0.000000,0.000000,0.000000,0.000000,0.000000,0.000000,0.000000,-26.647924
37.258805,2.000000,-2346.764160,0.446612,852.864218,154.939957,502.123383,307.898529,307.709625,318.733222,-3.251776,0.059521,5.909840,-27.460543,-9.507235,-9.678571,155.312546,0.054707,-0.000785,0.000560,0.125563,0.125563,1.245498,83461.023438,1.352880,0.000000,0.000000,0.000000,0.000000,0.000000,0.000000,0.000000,0.000000,0.000000,-26.468761
37.316174,2.000000,-2337.388672,0.430938,851.296531,153.372330,496.979065,307.751373,307.547974,318.602626,-3.180289,0.061185,5.915829,-27.256681,-9.441729,-9.612824,153.696045,0.054771,-0.000775,0.000557,0.108016,0.125079,1.246698,83461.023438,1.352079,0.000000,0.000000,0.000000,0.000000,0.000000,0.000000,0.000000,0.000000,0.000000,-26.265312
37.372469,2.000000,-2328.061035,0.415226,849.769556,151.845352,491.896942,307.605621,307.385956,318.471258,-3.110080,0.062824,5.921847,-27.054136,-9.376614,-9.547400,152.099243,0.055112,-0.000765,0.000554,0.100000,0.122573,1.247521,83461.023438,1.351297,0.000000,0.000000,0.000000,0.000000,0.000000,0.000000,0.000000,0.000000,0.000000,-26.066027
37.422791,2.000000,-2319.945313,0.401459,848.414118,150.489944,487.504333,307.474243,307.244385,318.356086,-3.047287,0.064293,5.927349,-26.878227,-9.320030,-9.490465,150.719223,0.055091,-0.000755,0.000552,0.100000,0.120404,1.248001,83461.023438,1.350806,0.000000,0.000000,0.000000,0.000000,0.000000,0.000000,0.000000,0.000000,0.000000,-25.888268
37.479129,2.000000,-2310.618652,0.385529,846.907265,148.983109,482.489563,307.326111,307.080933,318.222613,-2.976961,0.065943,5.933649,-26.676441,-9.255088,-9.425020,149.143967,0.055526,-0.000745,0.000549,0.100000,0.118223,1.248515,83461.023438,1.350079,0.000000,0.000000,0.000000,0.000000,0.000000,0.000000,0.000000,0.000000,0.000000,-25.689718
37.535293,2.000000,-2301.511719,0.369862,845.416215,147.491959,477.627411,307.177185,306.920410,318.090949,-2.906811,0.067594,5.940117,-26.479895,-9.191804,-9.361103,147.616837,0.055645,-0.000735,0.000546,0.100000,0.116280,1.249352,83461.023438,1.349720,0.000000,0.000000,0.000000,0.000000,0.000000,0.000000,0.000000,0.000000,0.000000,-25.492331
37.590745,2.000000,-2292.441406,0.354149,843.954961,146.030716,472.818481,307.028900,306.759857,317.958573,-2.837497,0.069227,5.946677,-26.284500,-9.128858,-9.297426,146.106674,0.055904,-0.000726,0.000543,0.100000,0.114566,1.250434,83461.023438,1.348864,0.000000,0.000000,0.000000,0.000000,0.000000,0.000000,0.000000,0.000000,0.000000,-25.297926
37.646318,2.000000,-2283.325439,0.338249,842.501357,144.577042,468.019196,306.878967,306.597412,317.824269,-2.767967,0.070869,5.953417,-26.088495,-9.065683,-9.233413,144.599762,0.056227,-0.000715,0.000541,0.100000,0.113028,1.251689,83461.023438,1.348521,0.000000,0.000000,0.000000,0.000000,0.000000,0.000000,0.000000,0.000000,0.000000,-25.103516
37.696349,2.000000,-2275.241455,0.324058,841.201985,143.277603,463.791656,306.743042,306.452667,317.704143,-2.705308,0.072350,5.959629,-25.914913,-9.009705,-9.176632,143.272552,0.056298,-0.000707,0.000538,0.100000,0.111784,1.252970,83461.023438,1.347812,0.000000,0.000000,0.000000,0.000000,0.000000,0.000000,0.000000,0.000000,0.000000,-24.928831
37.752609,2.000000,-2265.997070,0.307726,839.751295,141.826797,458.989777,306.589111,306.286255,317.565450,-2.634766,0.074019,5.966777,-25.716698,-8.945753,-9.111681,141.765320,0.056649,-0.000696,0.000535,0.100000,0.110525,1.254627,83461.023438,1.347064,0.000000,0.000000,0.000000,0.000000,0.000000,0.000000,0.000000,0.000000,0.000000,-24.732761
37.803347,2.000000,-2257.804688,0.293162,838.452485,140.527969,454.763458,306.449127,306.137756,317.441349,-2.571064,0.075528,5.973370,-25.541271,-8.889125,-9.054107,140.438950,0.056719,-0.000688,0.000533,0.100000,0.109506,1.256184,83461.023438,1.346892,0.000000,0.000000,0.000000,0.000000,0.000000,0.000000,0.000000,0.000000,0.000000,-24.556213
37.857351,2.000000,-2249.395020,0.278121,837.079964,139.155289,450.453369,306.299103,305.984375,317.312711,-2.503178,0.077138,5.980521,-25.361332,-8.831012,-8.994988,139.086533,0.056243,-0.000683,0.000530,0.100000,0.108529,1.257882,83461.023438,1.346498,0.000000,0.000000,0.000000,0.000000,0.000000,0.000000,0.000000,0.000000,0.000000,-24.368559
37.912395,2.000000,-2240.002686,0.261216,835.691484,137.766739,445.673920,306.145081,305.812103,317.167759,-2.433927,0.078782,5.987851,-25.160398,-8.766078,-8.928949,137.587021,0.057284,-0.000668,0.000527,0.100000,0.107637,1.258982,83461.023438,1.346236,0.000000,0.000000,0.000000,0.000000,0.000000,0.000000,0.000000,0.000000,0.000000,-24.177364
37.970540,2.000000,-2230.926758,0.244775,834.236258,136.311356,441.089294,305.981110,305.644684,317.026277,-2.360670,0.080524,5.995821,-24.966560,-8.703404,-8.865111,136.148972,0.056804,-0.000662,0.000524,0.100000,0.106795,1.261008,83461.023438,1.345694,0.000000,0.000000,0.000000,0.000000,0.000000,0.000000,0.000000,0.000000,0.000000,-23.975889
38.020628,2.000000,-2222.510010,0.229436,832.992102,135.067215,436.867737,305.838898,305.488342,316.893872,-2.297487,0.082028,6.002750,-24.786821,-8.645252,-8.805897,134.824982,0.057501,-0.000650,0.000522,0.100000,0.106145,1.262299,83461.023438,1.345274,0.000000,0.000000,0.000000,0.000000,0.000000,0.000000,0.000000,0.000000,0.000000,-23.802402
38.075733,2.000000,-2213.526611,0.212968,831.633368,133.708450,432.393463,305.681305,305.320496,316.751085,-2.227869,0.083686,6.010608,-24.595379,-8.583287,-8.742673,133.422058,0.057685,-0.000641,0.000519,0.100000,0.105501,1.264813,83461.023438,1.344934,0.000000,0.000000,0.000000,0.000000,0.000000,0.000000,0.000000,0.000000,0.000000,-23.612022
38.127321,2.000000,-2204.948242,0.197149,830.370855,132.445938,428.151276,305.533051,305.159180,316.613371,-2.162549,0.085242,6.018151,-24.412727,-8.524136,-8.682279,132.092209,0.058132,-0.000630,0.000516,0.100000,0.104960,1.267375,83461.023438,1.344867,0.000000,0.000000,0.000000,0.000000,0.000000,0.000000,0.000000,0.000000,0.000000,-23.434015
38.184503,2.000000,-2195.882080,0.180334,828.982188,131.057327,423.700226,305.367523,304.987396,316.466372,-2.089980,0.086970,6.026716,-24.219873,-8.461647,-8.618430,130.697174,0.057793,-0.000619,0.000513,0.100000,0.104422,1.270465,83461.023438,1.345434,0.000000,0.000000,0.000000,0.000000,0.000000,0.000000,0.000000,0.000000,0.000000,-23.236935
38.239797,2.000000,-2186.747803,0.163290,827.650182,129.725296,419.249542,305.206177,304.813141,316.316853,-2.019694,0.088645,6.034978,-24.025160,-8.398505,-8.554085,129.302490,0.058226,-0.000607,0.000510,0.100000,0.103957,1.271979,83461.023438,1.345157,0.000000,0.000000,0.000000,0.000000,0.000000,0.000000,0.000000,0.000000,0.000000,-23.046114
38.291643,2.000000,-2178.471191,0.147759,826.410813,128.485977,415.245850,305.053925,304.654266,316.180117,-1.953686,0.090220,6.042904,-23.849012,-8.341353,-8.495763,128.048141,0.058042,-0.000599,0.000507,0.100000,0.103566,1.274131,83461.023438,1.345497,0.000000,0.000000,0.000000,0.000000,0.000000,0.000000,0.000000,0.000000,0.000000,-22.867517
38.343181,2.000000,-2169.946289,0.131678,825.188015,127.263199,411.151123,304.901703,304.489624,316.038042,-1.887975,0.091789,6.050831,-23.667458,-8.282406,-8.435675,126.765480,0.058418,-0.000585,0.000505,0.100000,0.103216,1.275780,83461.023438,1.345673,0.000000,0.000000,0.000000,0.000000,0.000000,0.000000,0.000000,0.000000,0.000000,-22.689962
38.393736,2.000000,-2161.694092,0.116028,823.997452,126.072769,407.215363,304.751465,304.329285,315.899230,-1.823430,0.093332,6.058701,-23.491724,-8.225315,-8.377493,125.532867,0.058564,-0.000575,0.000502,0.100000,0.102905,1.277458,83461.023438,1.345371,0.000000,0.000000,0.000000,0.000000,0.000000,0.000000,0.000000,0.000000,0.000000,-22.515919
38.444359,2.000000,-2153.568604,0.100541,822.814134,124.889542,403.367035,304.600006,304.170288,315.761278,-1.758715,0.094879,6.066649,-23.318724,-8.169081,-8.320189,124.327827,0.058471,-0.000566,0.000499,0.100000,0.102625,1.278998,83461.023438,1.345809,0.000000,0.000000,0.000000,0.000000,0.000000,0.000000,0.000000,0.000000,0.000000,-22.341705
38.494402,2.000000,-2145.371338,0.084838,821.653069,123.728531,399.511841,304.449402,304.008820,315.620923,-1.694674,0.096413,6.074544,-23.144121,-8.112288,-8.262364,123.120850,0.058681,-0.000555,0.000496,0.100000,0.102374,1.280270,83461.023438,1.346048,0.000000,0.000000,0.000000,0.000000,0.000000,0.000000,0.000000,0.000000,0.000000,-22.169510
38.551133,2.000000,-2136.209717,0.067196,820.347288,122.422806,395.235260,304.277557,303.827545,315.462594,-1.622000,0.098154,6.083563,-22.948917,-8.048751,-8.197718,121.782204,0.058660,-0.000542,0.000493,0.100000,0.102118,1.281680,83461.023438,1.345246,0.000000,0.000000,0.000000,0.000000,0.000000,0.000000,0.000000,0.000000,0.000000,-21.974413
38.608001,2.000000,-2127.095703,0.049550,819.049501,121.125015,391.014832,304.104187,303.645538,315.303465,-1.549074,0.099904,6.092646,-22.754776,-7.985518,-8.133392,120.461327,0.058543,-0.000533,0.000490,0.100000,0.101890,1.282818,83461.023438,1.345924,0.000000,0.000000,0.000000,0.000000,0.000000,0.000000,0.000000,0.000000,0.000000,-21.778887
38.660169,2.000000,-2118.647217,0.033108,817.868806,119.944412,387.132782,303.943909,303.475739,315.154657,-1.482139,0.101512,6.100955,-22.574631,-7.926798,-8.073750,119.246536,0.058623,-0.000522,0.000486,0.100000,0.101702,1.283302,83461.023438,1.346003,0.000000,0.000000,0.000000,0.000000,0.000000,0.000000,0.000000,0.000000,0.000000,-21.599476
38.712151,2.000000,-2110.206299,0.016599,816.701659,118.777237,383.283264,303.783142,303.305023,315.004633,-1.415415,0.103117,6.109257,-22.394680,-7.868103,-8.014151,118.042084,0.058741,-0.000512,0.000483,0.100000,0.101533,1.283799,83461.023438,1.346102,0.000000,0.000000,0.000000,0.000000,0.000000,0.000000,0.000000,0.000000,0.000000,-21.420816
38.768733,2.000000,-2101.194580,-0.001115,815.441857,117.517410,379.205383,303.606964,303.121460,314.843012,-1.342770,0.104866,6.118248,-22.202415,-7.805344,-7.950504,116.766380,0.058602,-0.000502,0.000480,0.100000,0.101369,1.283735,83461.023438,1.346252,0.000000,0.000000,0.000000,0.000000,0.000000,0.000000,0.000000,0.000000,0.000000,-21.226309
38.820514,2.000000,-2092.669678,-0.017956,814.298595,116.374161,375.378296,303.444794,302.946991,314.688657,-1.276288,0.106468,6.126551,-22.020706,-7.745992,-7.890284,115.569275,0.058904,-0.000494,0.000477,0.100000,0.101233,1.284417,83461.023438,1.345358,0.000000,0.000000,0.000000,0.000000,0.000000,0.000000,0.000000,0.000000,0.000000,-21.048635
38.876171,2.000000,-2083.614990,-0.035932,813.080092,115.155655,371.345764,303.269257,302.760132,314.523269,-1.204786,0.108193,6.135437,-21.827618,-7.682875,-7.826308,114.308090,0.059118,-0.000480,0.000474,0.100000,0.101103,1.284380,83461.023438,1.345791,0.000000,0.000000,0.000000,0.000000,0.000000,0.000000,0.000000,0.000000,0.000000,-20.857580
38.931334,2.000000,-2074.740234,-0.053639,811.882856,113.958389,367.425659,303.094330,302.575989,314.359572,-1.133892,0.109905,6.144405,-21.638746,-7.621100,-7.763587,113.082275,0.059020,-0.000472,0.000470,0.100000,0.100987,1.285742,83461.023438,1.345590,0.000000,0.000000,0.000000,0.000000,0.000000,0.000000,0.000000,0.000000,0.000000,-20.668739
38.987678,2.000000,-2065.558594,-0.072048,810.670798,112.746231,363.403748,302.914520,302.384003,314.188637,-1.061432,0.111656,6.153546,-21.443207,-7.557092,-7.698684,111.824799,0.059184,-0.000458,0.000467,0.100000,0.100882,1.286445,83461.023438,1.345690,0.000000,0.000000,0.000000,0.000000,0.000000,0.000000,0.000000,0.000000,0.000000,-20.475813
39.042858,2.000000,-2056.859863,-0.089574,809.494340,111.569717,359.625000,302.737213,302.200836,314.025147,-0.990421,0.113374,6.162549,-21.258034,-7.496434,-7.637181,110.643517,0.058811,-0.000451,0.000464,0.100000,0.100789,1.287179,83461.023438,1.346149,0.000000,0.000000,0.000000,0.000000,0.000000,0.000000,0.000000,0.000000,0.000000,-20.287029
39.099173,2.000000,-2047.722900,-0.108071,808.304474,110.379837,355.689117,302.555145,302.007385,313.851958,-0.917936,0.115129,6.171693,-21.063324,-7.432595,-7.572567,109.413261,0.058927,-0.000441,0.000460,0.100000,0.100705,1.287320,83461.023438,1.345563,0.000000,0.000000,0.000000,0.000000,0.000000,0.000000,0.000000,0.000000,0.000000,-20.094351
39.155567,2.000000,-2038.650024,-0.126527,807.123850,109.199356,351.814484,302.371582,301.813812,313.678354,-0.845337,0.116889,6.180850,-20.870054,-7.369180,-7.508392,108.202316,0.058927,-0.000430,0.000457,0.100000,0.100630,1.287361,83461.023438,1.345711,0.000000,0.000000,0.000000,0.000000,0.000000,0.000000,0.000000,0.000000,0.000000,-19.901531
39.206079,2.000000,-2030.523682,-0.143131,806.075640,108.151199,348.372650,302.206207,301.639374,313.521597,-0.780316,0.118466,6.189031,-20.696932,-7.312329,-7.450904,107.126732,0.058943,-0.000421,0.000454,0.100000,0.100569,1.287197,83461.023438,1.345667,0.000000,0.000000,0.000000,0.000000,0.000000,0.000000,0.000000,0.000000,0.000000,-19.728916
39.256718,2.000000,-2022.315308,-0.159972,805.033578,107.109207,344.923492,302.039337,301.462067,313.361963,-0.715141,0.120048,6.197221,-20.522129,-7.254885,-7.392828,106.048950,0.059090,-0.000412,0.000451,0.100000,0.100514,1.286944,83461.023438,1.346096,0.000000,0.000000,0.000000,0.000000,0.000000,0.000000,0.000000,0.000000,0.000000,-19.555986
39.308119,2.000000,-2014.122070,-0.176852,803.984826,106.060501,341.508118,301.869019,301.284119,313.201262,-0.648993,0.121656,6.205534,-20.347666,-7.197511,-7.334848,104.981827,0.058986,-0.000403,0.000448,0.100000,0.100463,1.286720,83461.023438,1.345881,0.000000,0.000000,0.000000,0.000000,0.000000,0.000000,0.000000,0.000000,0.000000,-19.380615
39.363880,2.000000,-2005.065430,-0.195592,802.857325,104.933060,337.764679,301.683258,301.086243,313.022141,-0.577243,0.123400,6.214586,-20.154968,-7.134092,-7.270748,103.812325,0.059154,-0.000392,0.000445,0.100000,0.100414,1.286797,83461.023438,1.345424,0.000000,0.000000,0.000000,0.000000,0.000000,0.000000,0.000000,0.000000,0.000000,-19.190641
39.420128,2.000000,-1996.041016,-0.214348,801.730750,103.806595,334.067841,301.494629,300.887756,312.842011,-0.504863,0.125162,6.223722,-19.963011,-7.070864,-7.206865,102.657516,0.059139,-0.000382,0.000441,0.100000,0.100370,1.286781,83461.023438,1.344983,0.000000,0.000000,0.000000,0.000000,0.000000,0.000000,0.000000,0.000000,0.000000,-18.999178
39.475348,2.000000,-1987.242676,-0.232714,800.635328,102.711136,330.495850,301.308136,300.692810,312.664996,-0.433833,0.126892,6.232582,-19.775743,-7.009123,-7.144576,101.541740,0.059109,-0.000371,0.000438,0.100000,0.100331,1.285830,83461.023438,1.345206,0.000000,0.000000,0.000000,0.000000,0.000000,0.000000,0.000000,0.000000,0.000000,-18.811157
39.526927,2.000000,-1978.854614,-0.250297,799.621514,101.697403,327.119812,301.133026,300.506042,312.494743,-0.367517,0.128509,6.240920,-19.597483,-6.950310,-7.085181,100.487289,0.059340,-0.000361,0.000435,0.100000,0.100299,1.285678,83461.023438,1.345015,0.000000,0.000000,0.000000,0.000000,0.000000,0.000000,0.000000,0.000000,0.000000,-18.635933
39.578004,2.000000,-1970.672974,-0.267515,798.626499,100.702347,323.854492,300.958710,300.322815,312.327398,-0.301845,0.130111,6.249207,-19.423767,-6.892951,-7.027239,99.467514,0.059343,-0.000353,0.000432,0.100000,0.100270,1.285692,83461.023438,1.345227,0.000000,0.000000,0.000000,0.000000,0.000000,0.000000,0.000000,0.000000,0.000000,-18.462641
39.628769,2.000000,-1962.543945,-0.284689,797.646361,99.722183,320.637268,300.784485,300.139771,312.159696,-0.236576,0.131704,6.257463,-19.251217,-6.835935,-6.969662,98.462837,0.059338,-0.000346,0.000429,0.100000,0.100244,1.285748,83461.023438,1.344684,0.000000,0.000000,0.000000,0.000000,0.000000,0.000000,0.000000,0.000000,0.000000,-18.290607
39.684516,2.000000,-1953.526245,-0.303817,796.580116,98.655960,317.099854,300.591980,299.935486,311.972270,-0.164894,0.133454,6.266569,-19.059971,-6.772687,-6.905780,97.358276,0.059492,-0.000335,0.000425,0.100000,0.100218,1.285966,83461.023438,1.344253,0.000000,0.000000,0.000000,0.000000,0.000000,0.000000,0.000000,0.000000,0.000000,-18.101955
39.740642,2.000000,-1944.588745,-0.322853,795.517285,97.593033,313.626648,300.397034,299.731720,311.784933,-0.092711,0.135216,6.275761,-18.870550,-6.709988,-6.842456,96.273865,0.059416,-0.000327,0.000422,0.100000,0.100195,1.286075,83461.023438,1.344446,0.000000,0.000000,0.000000,0.000000,0.000000,0.000000,0.000000,0.000000,0.000000,-17.912222
39.797200,2.000000,-1935.623535,-0.342025,794.457088,96.532791,310.175446,300.199463,299.526062,311.595431,-0.019970,0.136992,6.285035,-18.680603,-6.647057,-6.778926,95.196411,0.059281,-0.000319,0.000419,0.100000,0.100174,1.286049,83461.023438,1.344241,0.000000,0.000000,0.000000,0.000000,0.000000,0.000000,0.000000,0.000000,0.000000,-17.721235
39.849577,2.000000,-1927.195923,-0.360117,793.484956,95.560623,306.961273,300.015228,299.331421,311.415865,0.047375,0.138636,6.293581,-18.502047,-6.587846,-6.719201,94.192993,0.059438,-0.000312,0.000416,0.100000,0.100156,1.285541,83461.023438,1.344245,0.000000,0.000000,0.000000,0.000000,0.000000,0.000000,0.000000,0.000000,0.000000,-17.544464
39.906115,2.000000,-1918.140503,-0.379633,792.445997,94.521561,303.539886,299.815430,299.121307,311.221350,0.120059,0.140412,6.302885,-18.310440,-6.524253,-6.655015,93.124992,0.059479,-0.000301,0.000412,0.100000,0.100140,1.285662,83461.023438,1.343360,0.000000,0.000000,0.000000,0.000000,0.000000,0.000000,0.000000,0.000000,0.000000,-17.354084
39.961841,2.000000,-1909.269897,-0.398825,791.432523,93.508011,300.220734,299.617249,298.914185,311.029326,0.191709,0.142161,6.312097,-18.122965,-6.461974,-6.592129,92.089005,0.059440,-0.000296,0.000409,0.100000,0.100125,1.285845,83461.023438,1.343437,0.000000,0.000000,0.000000,0.000000,0.000000,0.000000,0.000000,0.000000,0.000000,-17.166716
40.016684,2.000000,-1900.416016,-0.418052,790.445356,92.520767,296.939911,299.421051,298.686584,310.815680,0.262191,0.143958,6.321197,-17.934822,-6.399807,-6.529351,91.065048,0.060182,-0.000337,0.000817,0.100000,0.100112,1.282374,83461.023438,1.349875,0.000000,0.000000,1.000000,0.020510,0.021722,0.013455,0.000000,0.000000,0.000000,-16.981075
40.071669,2.000000,-1891.634766,-0.437199,789.465953,91.541214,293.717499,299.223022,298.405029,310.544996,0.332482,0.145613,6.330673,-17.746792,-6.338734,-6.467071,90.059425,0.061780,-0.000121,0.000825,0.100000,0.100100,1.275793,83461.023438,1.345035,0.000000,0.000000,1.000000,0.043851,0.046442,0.028767,0.000000,0.000000,0.000000,-16.794588
40.125166,2.000000,-1883.122314,-0.455835,788.522873,90.598038,290.623230,299.028259,298.126740,310.276508,0.400691,0.147185,6.340519,-17.566742,-6.280327,-6.406678,89.094032,0.063123,-0.000082,0.000832,0.100000,0.100090,1.274743,83461.023438,1.341998,0.000000,0.000000,1.000000,0.066560,0.070493,0.043665,0.000000,0.000000,0.000000,-16.615448
40.181738,2.000000,-1874.173096,-0.475509,787.536031,89.611038,287.401215,298.819397,297.830353,309.989540,0.472869,0.148856,6.351616,-17.379156,-6.219497,-6.343163,88.089134,0.064333,-0.000048,0.000840,0.100000,0.100080,1.277332,83461.023438,1.338558,0.000000,0.000000,1.000000,0.090574,0.095926,0.059420,0.000000,0.000000,0.000000,-16.427931
40.237716,2.000000,-1865.252441,-0.495201,786.569997,88.644974,284.220795,298.609131,297.531586,309.699518,0.544533,0.150519,6.363402,-17.193802,-6.159395,-6.279818,87.097656,0.065573,-0.000015,0.000847,0.100000,0.100072,1.283000,83461.023438,1.336308,0.000000,0.000000,1.000000,0.114337,0.121093,0.075009,0.000000,0.000000,0.000000,-16.244120
40.288041,2.000000,-1857.316284,-0.512789,785.710329,87.785355,281.417450,298.416809,297.263428,309.438592,0.609278,0.152023,6.374687,-17.029924,-6.106239,-6.223432,86.224174,0.066453,0.000013,0.000852,0.100000,0.100065,1.289885,83461.023438,1.334113,0.000000,0.000000,1.000000,0.135699,0.143718,0.089023,0.000000,0.000000,0.000000,-16.080078
40.340440,2.000000,-1848.842773,-0.531638,784.824054,86.899063,278.451355,298.212921,296.974701,309.157261,0.677079,0.153598,6.387089,-16.855818,-6.049735,-6.163197,85.300453,0.067821,0.000046,0.000857,0.100000,0.100058,1.297927,83461.023438,1.332828,0.000000,0.000000,1.000000,0.157942,0.167275,0.103615,0.000000,0.000000,0.000000,-15.910200
40.397482,2.000000,-1839.883789,-0.551648,783.869362,85.944412,275.345337,297.986542,296.667206,308.856976,0.751435,0.155323,6.401505,-16.672771,-5.990293,-6.099466,84.333809,0.068634,0.000078,0.000861,0.100000,0.100052,1.308562,83461.023438,1.331135,0.000000,0.000000,1.000000,0.182156,0.192920,0.119501,0.000000,0.000000,0.000000,-15.726521
40.451275,2.000000,-1831.456055,-0.570546,782.978712,85.053726,272.451782,297.768433,296.375488,308.571995,0.822120,0.156959,6.415798,-16.501160,-5.934514,-6.039475,83.433868,0.069420,0.000107,0.000863,0.100000,0.100047,1.318420,83461.023438,1.331808,0.000000,0.000000,1.000000,0.204991,0.217104,0.134481,0.000000,0.000000,0.000000,-15.553904
40.501802,2.000000,-1823.368530,-0.588748,782.150607,84.225784,269.700562,297.559662,296.094299,308.296358,0.889012,0.158505,6.429936,-16.336893,-5.881069,-5.981866,82.578812,0.070406,0.000134,0.000865,0.100000,0.100042,1.328672,83461.023438,1.329328,0.000000,0.000000,1.000000,0.226439,0.239820,0.148552,0.000000,0.000000,0.000000,-15.392569
40.558277,2.000000,-1814.368652,-0.609080,781.234700,83.309891,266.668365,297.321594,295.778931,307.987146,0.964402,0.160242,6.446502,-16.154720,-5.821740,-5.917712,81.637123,0.071424,0.000167,0.000867,0.100000,0.100038,1.340429,83461.023438,1.328816,0.000000,0.000000,1.000000,0.250413,0.265209,0.164279,0.000000,0.000000,0.000000,-15.212869
40.614069,2.000000,-1805.590088,-0.628991,780.339878,82.415237,263.740540,297.081482,295.469330,307.683153,1.039536,0.161970,6.463619,-15.977359,-5.763906,-5.855087,80.728577,0.072154,0.000194,0.000868,0.100000,0.100034,1.352116,83461.023438,1.328138,0.000000,0.000000,1.000000,0.274096,0.290292,0.179816,0.000000,0.000000,0.000000,-15.035868
40.668253,2.000000,-1797.015747,-0.648514,779.480338,81.555740,260.909210,296.843536,295.164978,307.384025,1.113127,0.163657,6.480917,-15.804393,-5.707433,-5.793872,79.850677,0.072960,0.000224,0.000869,0.100000,0.100030,1.363317,83461.023438,1.328323,0.000000,0.000000,1.000000,0.297097,0.314652,0.194906,0.000000,0.000000,0.000000,-14.864357
40.725243,2.000000,-1788.083862,-0.668928,778.586389,80.661819,257.989716,296.588104,294.845978,307.070185,1.191157,0.165442,6.499712,-15.624180,-5.648506,-5.730058,78.946159,0.073630,0.000252,0.000870,0.100000,0.100027,1.374339,83461.023438,1.327875,0.000000,0.000000,1.000000,0.321289,0.340273,0.210776,0.000000,0.000000,0.000000,-14.684160
40.780511,2.000000,-1779.277100,-0.689135,777.729305,79.804825,255.140991,296.335602,294.529572,306.758539,1.267423,0.167182,6.518542,-15.446633,-5.590364,-5.667090,78.064301,0.074578,0.000283,0.000871,0.100000,0.100024,1.384833,83461.023438,1.327839,0.000000,0.000000,1.000000,0.344750,0.365121,0.226167,0.000000,0.000000,0.000000,-14.509705
40.836819,2.000000,-1770.439087,-0.709491,776.866072,78.941605,252.311966,296.073303,294.209900,306.443572,1.345708,0.168964,6.538273,-15.268469,-5.531930,-5.603852,77.189262,0.075251,0.000310,0.000872,0.100000,0.100022,1.395008,83461.023438,1.328300,0.000000,0.000000,1.000000,0.368652,0.390436,0.241848,0.000000,0.000000,0.000000,-14.332132
40.893756,2.000000,-1761.569458,-0.729997,776.003430,78.078995,249.503006,295.803192,293.887268,306.125283,1.425438,0.170776,6.558736,-15.089585,-5.473164,-5.540343,76.321129,0.075771,0.000338,0.000873,0.100000,0.100019,1.404766,83461.023438,1.328475,0.000000,0.000000,1.000000,0.392821,0.416033,0.257704,0.000000,0.000000,0.000000,-14.152703
40.950797,2.000000,-1752.601685,-0.750810,775.149522,77.225113,246.693634,295.527588,293.559204,305.801359,1.505854,0.172599,6.579700,-14.908597,-5.413603,-5.476084,75.453590,0.076462,0.000368,0.000872,0.100000,0.100017,1.413992,83461.023438,1.328534,0.000000,0.000000,1.000000,0.417952,0.435425,0.277581,0.000000,0.000000,0.000000,-13.973030
41.001466,2.000000,-1744.622803,-0.769393,774.399660,76.475235,244.220139,295.278870,293.265686,305.511336,1.577709,0.174224,6.598664,-14.747447,-5.360483,-5.418875,74.690353,0.077098,0.000395,0.000865,0.100000,0.100015,1.421717,83461.023438,1.328764,0.000000,0.000000,1.000000,0.440731,0.449536,0.297228,0.000000,0.000000,0.000000,-13.813457
41.057123,2.000000,-1735.905151,-0.789769,773.585599,75.661148,241.546387,294.999969,292.943115,305.192602,1.656998,0.176016,6.618941,-14.569818,-5.301787,-5.356342,73.865723,0.072119,0.000424,0.000850,0.100000,0.100014,1.421511,83461.023438,1.340935,0.000000,0.000000,1.000000,0.465753,0.465035,0.318808,0.000000,0.000000,0.000000,-13.635939
41.113773,2.000000,-1726.932739,-0.810818,772.767127,74.842728,238.825363,294.713409,292.608887,304.862745,1.737189,0.177852,6.638111,-14.383180,-5.239883,-5.291945,73.027115,0.074494,0.000444,0.000831,0.100000,0.100012,1.411775,83461.023438,1.335829,0.000000,0.000000,1.000000,0.491222,0.480811,0.340773,0.000000,0.000000,0.000000,-13.452916
41.171009,2.000000,-1718.060547,-0.831708,771.950708,74.026260,236.166077,294.419281,292.276825,304.534342,1.817913,0.179720,6.657998,-14.201104,-5.179463,-5.228239,72.207970,0.076036,0.000466,0.000808,0.100000,0.100011,1.410054,83461.023438,1.332639,0.000000,0.000000,1.000000,0.516954,0.496751,0.362965,0.000000,0.000000,0.000000,-13.270574
41.227054,2.000000,-1709.344849,-0.852302,771.161398,73.236893,233.583801,294.127228,291.949005,304.209498,1.897021,0.181561,6.678042,-14.023770,-5.120564,-5.165626,71.413040,0.077276,0.000484,0.000783,0.100000,0.100010,1.413427,83461.023438,1.330176,0.000000,0.000000,1.000000,0.542150,0.512358,0.384696,0.000000,0.000000,0.000000,-13.093726
41.282926,2.000000,-1700.521362,-0.873223,770.384422,72.459854,230.999771,293.832245,291.615479,303.878662,1.976162,0.183409,6.698561,-13.845204,-5.061179,-5.102203,70.618134,0.078619,0.000501,0.000756,0.100000,0.100009,1.419514,83461.023438,1.329434,0.000000,0.000000,1.000000,0.567269,0.527918,0.406360,0.000000,0.000000,0.000000,-12.918444
41.337570,2.000000,-1691.945313,-0.893627,769.634032,71.709427,228.517227,293.540100,291.289734,303.555182,2.053952,0.185227,6.719155,-13.672161,-5.003544,-5.040524,69.855026,0.079639,0.000526,0.000729,0.100000,0.100008,1.427247,83461.023438,1.328933,0.000000,0.000000,1.000000,0.591836,0.543135,0.427547,0.000000,0.000000,0.000000,-12.747695
41.392601,2.000000,-1683.471802,-0.913854,768.887817,71.002884,226.092407,293.242279,290.966217,303.233660,2.132747,0.187065,6.740289,-13.501203,-4.946504,-4.979545,69.110237,0.080166,0.000540,0.000701,0.100000,0.100007,1.435696,83461.023438,1.329532,0.000000,0.000000,1.000000,0.616577,0.558460,0.448884,0.000000,0.000000,0.000000,-12.575870
41.449502,2.000000,-1674.566650,-0.935181,768.126275,70.290909,223.574356,292.930756,290.624451,302.893838,2.214697,0.188977,6.762413,-13.321127,-4.886299,-4.915427,68.337364,0.080933,0.000555,0.000672,0.100000,0.100006,1.443978,83461.023438,1.330651,0.000000,0.000000,1.000000,0.642158,0.574306,0.470947,0.000000,0.000000,0.000000,-12.397960
41.505313,2.000000,-1665.934082,-0.955923,767.389222,69.602371,221.162964,292.621765,290.291565,302.562527,2.295527,0.190862,6.784385,-13.146152,-4.827677,-4.853238,67.597778,0.081322,0.000565,0.000644,0.100000,0.100006,1.452034,83461.023438,1.330990,0.000000,0.000000,1.000000,0.667249,0.589849,0.492587,0.000000,0.000000,0.000000,-12.223301
41.555859,2.000000,-1658.059937,-0.974899,766.730189,68.987198,218.989090,292.339081,289.986328,302.258742,2.369097,0.192576,6.804395,-12.986066,-4.773932,-4.796488,66.931435,0.081781,0.000573,0.000618,0.100000,0.100005,1.458282,83461.023438,1.332797,0.000000,0.000000,1.000000,0.689974,0.603925,0.512185,0.000000,0.000000,0.000000,-12.064696
41.613484,2.000000,-1649.235840,-0.996229,765.988718,68.295670,216.582077,292.013611,289.642700,301.916517,2.453330,0.194539,6.827322,-12.806046,-4.713365,-4.732866,66.194077,0.081879,0.000580,0.000590,0.100000,0.100005,1.464768,83461.023438,1.333538,0.000000,0.000000,1.000000,0.715880,0.619972,0.534529,0.000000,0.000000,0.000000,-11.883544
41.668987,2.000000,-1640.481689,-1.017454,765.284487,67.639542,214.224747,291.697113,289.300079,301.575063,2.534790,0.196434,6.849449,-12.626837,-4.652936,-4.669725,65.472343,0.082469,0.000590,0.000562,0.100000,0.100004,1.470018,83461.023438,1.334782,0.000000,0.000000,1.000000,0.740833,0.635429,0.556049,0.000000,0.000000,0.000000,-11.708622
41.719611,2.000000,-1632.726807,-1.036310,764.650710,67.049515,212.162140,291.405823,288.994995,301.270981,2.609317,0.198168,6.869596,-12.467496,-4.599090,-4.613775,64.841133,0.082507,0.000595,0.000538,0.100000,0.100004,1.473759,83461.023438,1.336089,0.000000,0.000000,1.000000,0.763593,0.649527,0.575678,0.000000,0.000000,0.000000,-11.548647
41.776168,2.000000,-1623.966553,-1.057669,763.952304,66.399979,209.861221,291.077789,288.648926,300.925790,2.692771,0.200108,6.892029,-12.286866,-4.537916,-4.550556,64.137291,0.082703,0.000599,0.000511,0.100000,0.100003,1.477054,83461.023438,1.337000,0.000000,0.000000,1.000000,0.789019,0.665277,0.597607,0.000000,0.000000,0.000000,-11.369527
41.827255,2.000000,-1616.114746,-1.076866,763.330236,65.821915,207.825348,290.778839,288.337128,300.614708,2.768284,0.201863,6.912154,-12.124392,-4.482770,-4.493882,63.514713,0.082761,0.000602,0.000488,0.100000,0.100003,1.478925,83461.023438,1.338258,0.000000,0.000000,1.000000,0.811987,0.679504,0.617415,0.000000,0.000000,0.000000,-11.207301
41.877689,2.000000,-1608.409424,-1.095752,762.724309,65.259415,205.851776,290.481598,288.029785,300.307898,2.842911,0.203597,6.931889,-11.964490,-4.428387,-4.438257,62.911369,0.082700,0.000604,0.000465,0.100000,0.100003,1.480124,83461.023438,1.339362,0.000000,0.000000,1.000000,0.834661,0.693549,0.636970,0.000000,0.000000,0.000000,-11.046865
41.934008,2.000000,-1599.668335,-1.117232,762.057311,64.640884,203.642319,290.147278,287.679565,299.958109,2.926286,0.205536,6.953729,-11.782546,-4.366373,-4.375149,62.236053,0.082884,0.000607,0.000441,0.100000,0.100002,1.480681,83461.023438,1.340156,0.000000,0.000000,1.000000,0.856411,0.711512,0.658321,0.000000,0.000000,0.000000,-10.867394
41.985043,2.000000,-1591.728149,-1.136793,761.461701,64.089127,201.662567,289.842102,287.359985,299.638782,3.001840,0.207292,6.973264,-11.616757,-4.309738,-4.317822,61.631020,0.083121,0.000611,0.000421,0.100000,0.100002,1.480066,83461.023438,1.341576,0.000000,0.000000,1.000000,0.870623,0.731300,0.676918,0.000000,0.000000,0.000000,-10.704389
42.041775,2.000000,-1582.976074,-1.158409,760.809502,63.485546,199.510712,289.500031,287.005646,299.284930,3.085768,0.209242,6.994631,-11.433544,-4.247015,-4.254636,60.973392,0.082994,0.000615,0.000403,0.100000,0.100002,1.477962,83461.023438,1.345727,0.000000,0.000000,1.000000,0.886423,0.753297,0.697592,0.000000,0.000000,0.000000,-10.522756
42.099074,2.000000,-1574.251099,-1.180013,760.161260,62.886364,197.397018,289.152618,286.651611,298.930306,3.170381,0.211209,7.015880,-11.250122,-4.184066,-4.191647,60.327477,0.082875,0.000615,0.000386,0.100000,0.100002,1.475457,83461.023438,1.343242,0.000000,0.000000,1.000000,0.902379,0.775514,0.718472,0.000000,0.000000,0.000000,-10.339201
42.149323,2.000000,-1566.474121,-1.199316,759.601501,62.369579,195.539734,288.846130,286.334198,298.612610,3.244452,0.212930,7.034234,-11.086535,-4.127809,-4.135507,59.759880,0.083053,0.000617,0.000374,0.100000,0.100002,1.472888,83461.023438,1.343623,0.000000,0.000000,1.000000,0.916373,0.794997,0.736783,0.000000,0.000000,0.000000,-10.178148
42.200582,2.000000,-1558.616333,-1.218864,759.038890,61.850780,193.688843,288.531525,286.012238,298.290109,3.319875,0.214682,7.052685,-10.921043,-4.070782,-4.078790,59.194183,0.083092,0.000620,0.000362,0.100000,0.100001,1.469923,83461.023438,1.344353,0.000000,0.000000,1.000000,0.930647,0.814872,0.755462,0.000000,0.000000,0.000000,-10.013809
42.252725,2.000000,-1550.733276,-1.238518,758.475286,61.331615,191.858063,288.209900,285.687927,297.965058,3.396435,0.216458,7.071171,-10.754818,-4.013384,-4.021900,58.634533,0.082916,0.000623,0.000352,0.100000,0.100001,1.466655,83461.023438,1.344749,0.000000,0.000000,1.000000,0.945168,0.835090,0.774463,0.000000,0.000000,0.000000,-9.846641
42.309146,2.000000,-1542.119629,-1.260042,757.875307,60.779736,189.887436,287.859894,285.332092,297.608180,3.479085,0.218374,7.090899,-10.573092,-3.950502,-3.959748,58.032021,0.082852,0.000625,0.000343,0.100000,0.100001,1.463212,83461.023438,1.344913,0.000000,0.000000,1.000000,0.960881,0.856966,0.795024,0.000000,0.000000,0.000000,-9.665895
42.365511,2.000000,-1533.357788,-1.281986,757.286179,60.238598,187.915054,287.508453,284.968536,297.243294,3.561444,0.220279,7.110260,-10.388058,-3.886330,-3.896543,57.428795,0.083107,0.000629,0.000334,0.100000,0.100001,1.459302,83461.023438,1.345443,0.000000,0.000000,1.000000,0.976577,0.878821,0.815563,0.000000,0.000000,0.000000,-9.485348
42.417791,2.000000,-1525.549805,-1.301584,756.748923,59.745739,186.184799,287.180603,284.643188,296.916522,3.637627,0.222038,7.127901,-10.223001,-3.828962,-3.840232,56.899437,0.082758,0.000631,0.000327,0.100000,0.100001,1.455298,83461.023438,1.345559,0.000000,0.000000,1.000000,0.991136,0.899091,0.834614,0.000000,0.000000,0.000000,-9.317940
42.472974,2.000000,-1517.064575,-1.322925,756.191419,59.234997,184.333908,286.832733,284.288147,296.559733,3.717784,0.223884,7.146132,-10.043439,-3.766415,-3.779056,56.332920,0.082900,0.000637,0.000321,0.100000,0.100001,1.450373,83461.023438,1.345865,0.000000,0.000000,1.000000,1.000000,0.920488,0.854723,0.000000,0.000000,0.000000,-9.141244
42.525287,2.000000,-1509.078979,-1.343052,755.671946,58.759838,182.619904,286.501556,283.952759,296.222402,3.793543,0.225627,7.163178,-9.874555,-3.707465,-3.721499,55.808094,0.082882,0.000641,0.000315,0.100000,0.100001,1.446152,83461.023438,1.345692,0.000000,0.000000,1.000000,1.000000,0.940771,0.873787,0.000000,0.000000,0.000000,-8.974076
42.576476,2.000000,-1501.397583,-1.362449,755.172148,58.247082,180.996796,286.176331,283.629028,295.896549,3.867462,0.227324,7.179615,-9.712164,-3.650665,-3.666150,55.310883,0.082604,0.000644,0.000311,0.100000,0.100001,1.442165,83461.023438,1.345531,0.000000,0.000000,1.000000,1.000000,0.960619,0.892440,0.000000,0.000000,0.000000,-8.810749
42.626837,2.000000,-1493.686646,-1.381957,754.688642,57.763622,179.392792,285.855164,283.302826,295.567997,3.939979,0.228986,7.195518,-9.549131,-3.593525,-3.610607,54.819275,0.082624,0.000648,0.000306,0.100000,0.100001,1.438046,83461.023438,1.345451,0.000000,0.000000,1.000000,1.000000,0.980146,0.910792,0.000000,0.000000,0.000000,-8.650221
42.677390,2.000000,-1485.984009,-1.401479,754.211478,57.286449,177.815903,285.531525,282.975800,295.238467,4.012560,0.230644,7.211217,-9.386312,-3.536342,-3.555142,54.335709,0.082590,0.000653,0.000302,0.100000,0.100001,1.433738,83461.023438,1.345805,0.000000,0.000000,1.000000,1.000000,0.999747,0.929214,0.000000,0.000000,0.000000,-8.489267
42.729834,2.000000,-1478.150635,-1.421367,753.725131,56.800182,176.238327,285.194458,282.642120,294.901936,4.087619,0.232355,7.227213,-9.220686,-3.478050,-3.498757,53.851639,0.082270,0.000658,0.000295,0.100000,0.100000,1.429093,83461.023438,1.345430,0.000000,0.000000,1.000000,1.000000,1.000000,0.948325,0.000000,0.000000,0.000000,-8.322500
42.783027,2.000000,-1470.047241,-1.441978,753.240836,56.315990,174.634125,284.851410,282.295654,294.552385,4.163496,0.234080,7.243126,-9.049416,-3.417643,-3.440451,53.359055,0.082263,0.000663,0.000283,0.100000,0.100000,1.424128,83461.023438,1.345796,0.000000,0.000000,1.000000,1.000000,1.000000,0.967709,0.000000,0.000000,0.000000,-8.153562
42.834786,2.000000,-1462.133545,-1.462140,752.778267,55.853527,173.094727,284.516510,281.956390,294.209685,4.237079,0.235749,7.258368,-8.882260,-3.358558,-3.383533,52.886024,0.082275,0.000668,0.000266,0.100000,0.100000,1.419535,83461.023438,1.345163,0.000000,0.000000,1.000000,1.000000,1.000000,0.986570,0.000000,0.000000,0.000000,-7.989546
42.886848,2.000000,-1454.316528,-1.482090,752.321608,55.396923,171.600571,284.178528,281.619965,293.869773,4.310855,0.237422,7.273446,-8.717319,-3.300134,-3.327335,52.426548,0.082046,0.000670,0.000246,0.100000,0.100000,1.414894,83461.023438,1.345238,0.000000,0.000000,1.000000,1.000000,1.000000,1.000000,0.000000,0.000000,0.000000,-7.824886
42.938354,2.000000,-1446.577637,-1.501872,751.878394,54.953869,170.147507,283.842438,281.285583,293.532027,4.383595,0.239075,7.288007,-8.554116,-3.242201,-3.271726,51.979279,0.081642,0.000667,0.000228,0.100000,0.100000,1.409402,83461.023438,1.348261,0.000000,0.000000,1.000000,1.000000,1.000000,1.000000,0.000000,0.000000,0.000000,-7.662052
42.990825,2.000000,-1438.630005,-1.522220,751.435480,54.510937,168.682007,283.499786,280.941833,293.183869,4.457398,0.240753,7.302576,-8.386278,-3.182485,-3.214639,51.527828,0.081551,0.000662,0.000211,0.100000,0.100000,1.404070,83461.023438,1.344801,0.000000,0.000000,1.000000,1.000000,1.000000,1.000000,0.000000,0.000000,0.000000,-7.496612
43.041716,2.000000,-1431.036255,-1.541692,751.014235,54.089733,167.307236,283.166626,280.612244,292.850068,4.528724,0.242376,7.316508,-8.226411,-3.125490,-3.160119,51.103943,0.081277,0.000658,0.000196,0.100000,0.100000,1.399373,83461.023438,1.343941,0.000000,0.000000,1.000000,1.000000,1.000000,1.000000,0.000000,0.000000,0.000000,-7.336661
43.097586,2.000000,-1422.689819,-1.563125,750.561245,53.636791,165.825058,282.799500,280.248810,292.481800,4.606735,0.244150,7.331474,-8.050792,-3.062739,-3.100225,50.646454,0.081059,0.000656,0.000182,0.100000,0.100000,1.393653,83461.023438,1.343242,0.000000,0.000000,1.000000,1.000000,1.000000,1.000000,0.000000,0.000000,0.000000,-7.161360
43.150482,2.000000,-1414.652832,-1.583795,750.141423,53.205578,164.426285,282.451385,279.897675,292.125812,4.680313,0.245820,7.345448,-7.882143,-3.002346,-3.042581,50.214245,0.081083,0.000655,0.000170,0.100000,0.100000,1.388730,83461.023438,1.343201,0.000000,0.000000,1.000000,1.000000,1.000000,1.000000,0.000000,0.000000,0.000000,-6.995999
43.203166,2.000000,-1406.846802,-1.603898,749.732026,52.790112,163.094452,282.103699,279.555878,291.778871,4.753346,0.247479,7.359190,-7.718631,-2.943664,-2.986620,49.802273,0.080742,0.000650,0.000160,0.100000,0.100000,1.384086,83461.023438,1.342224,0.000000,0.000000,1.000000,1.000000,1.000000,1.000000,0.000000,0.000000,0.000000,-6.831870
43.255104,2.000000,-1398.948853,-1.624264,749.336936,52.404919,161.773773,281.760345,279.208923,291.426591,4.825102,0.249103,7.372533,-7.553494,-2.884269,-2.930027,49.393288,0.080791,0.000651,0.000151,0.100000,0.100000,1.379440,83461.023438,1.341601,0.000000,0.000000,1.000000,1.000000,1.000000,1.000000,0.000000,0.000000,0.000000,-6.670530
43.308663,2.000000,-1390.963501,-1.644881,748.938354,52.040173,160.465973,281.405212,278.857117,291.069149,4.898849,0.250768,7.386099,-7.386891,-2.824215,-2.872838,48.987789,0.080604,0.000648,0.000142,0.100000,0.100000,1.374558,83461.023438,1.341551,0.000000,0.000000,1.000000,1.000000,1.000000,1.000000,0.000000,0.000000,0.000000,-6.504677
43.360464,2.000000,-1383.264893,-1.664783,748.561340,51.647472,159.231232,281.061218,278.517120,290.723335,4.969923,0.252369,7.399007,-7.226517,-2.766277,-2.818708,48.604435,0.079612,0.000646,0.000135,0.100000,0.100000,1.369521,83461.023438,1.341175,0.000000,0.000000,1.000000,1.000000,1.000000,1.000000,0.000000,0.000000,0.000000,-6.344737
43.411795,2.000000,-1375.553467,-1.684740,748.195993,51.259533,158.020248,280.719666,278.175446,290.375771,5.039989,0.253946,7.411026,-7.065211,-2.707855,-2.766696,48.227669,0.077382,0.000645,0.000128,0.100000,0.100000,1.360018,83461.023438,1.344003,0.000000,0.000000,1.000000,1.000000,1.000000,1.000000,0.000000,0.000000,0.000000,-6.185546
43.466654,2.000000,-1367.459717,-1.705711,747.814711,50.880871,156.777359,280.353699,277.815643,290.009669,5.114089,0.255619,7.422264,-6.894024,-2.645670,-2.714422,47.839691,0.073713,0.000646,0.000121,0.100000,0.100000,1.341042,83461.023438,1.347982,0.000000,0.000000,1.000000,1.000000,1.000000,1.000000,0.000000,0.000000,0.000000,-6.013650
43.519285,2.000000,-1359.569946,-1.726177,747.457885,50.540661,155.593887,280.002106,277.463654,289.651486,5.183912,0.257212,7.430840,-6.724937,-2.584057,-2.665687,47.468552,0.069530,0.000647,0.000116,0.100000,0.100000,1.312524,83461.023438,1.352511,0.000000,0.000000,1.000000,1.000000,1.000000,1.000000,0.000000,0.000000,0.000000,-5.846688
43.570407,2.000000,-1351.901367,-1.746091,747.119811,50.199963,154.470596,279.660126,277.120361,289.302172,5.250010,0.258751,7.436554,-6.558370,-2.523176,-2.620370,47.114223,0.064923,0.000647,0.000110,0.100000,0.100000,1.274401,83461.023438,1.356513,0.000000,0.000000,1.000000,1.000000,1.000000,1.000000,0.000000,0.000000,0.000000,-5.682561
43.623223,2.000000,-1344.074951,-1.766435,746.779474,49.835888,153.352142,279.306305,276.769043,288.944523,5.315949,0.260329,7.439256,-6.386306,-2.460098,-2.576154,46.758858,0.059776,0.000648,0.000105,0.100000,0.100000,1.224290,83461.023438,1.360012,0.000000,0.000000,1.000000,1.000000,1.000000,1.000000,0.000000,0.000000,0.000000,-5.511178
43.673682,2.000000,-1336.631348,-1.785804,746.462865,49.538342,152.314880,278.968079,276.433960,288.603336,5.376208,0.261827,7.438448,-6.221100,-2.399363,-2.535963,46.426502,0.054687,0.000645,0.000101,0.100000,0.100000,1.166774,83461.023438,1.362393,0.000000,0.000000,1.000000,1.000000,1.000000,1.000000,0.000000,0.000000,0.000000,-5.346137
43.725976,2.000000,-1328.921875,-1.805883,746.143628,49.196056,151.268143,278.617096,276.086090,288.249009,5.435341,0.263367,7.433839,-6.048933,-2.335901,-2.496204,46.087833,0.049351,0.000647,0.000097,0.100000,0.100000,1.098317,83461.023438,1.363619,0.000000,0.000000,1.000000,1.000000,1.000000,1.000000,0.000000,0.000000,0.000000,-5.174321
43.782806,2.000000,-1320.430298,-1.828019,745.806955,48.865673,150.147858,278.235779,275.702179,287.857695,5.495280,0.265030,7.424238,-5.858731,-2.265601,-2.454556,45.721085,0.043505,0.000649,0.000092,0.100000,0.100000,1.014921,83461.023438,1.363700,0.000000,0.000000,1.000000,1.000000,1.000000,1.000000,0.000000,0.000000,0.000000,-4.987371
43.839223,2.000000,-1312.041626,-1.849908,745.483295,48.564220,149.074844,277.857452,275.322418,287.470267,5.549861,0.266668,7.409842,-5.671110,-2.196072,-2.415560,45.364971,0.037800,0.000653,0.000088,0.100000,0.100000,0.924589,83461.023438,1.362025,0.000000,0.000000,1.000000,1.000000,1.000000,1.000000,0.000000,0.000000,0.000000,-4.802424
43.894435,2.000000,-1303.943604,-1.871058,745.176678,48.235302,148.070740,277.487579,274.955444,287.095533,5.598171,0.268265,7.391036,-5.491116,-2.129209,-2.379883,45.026787,0.032486,0.000641,0.000082,0.100000,0.100000,0.830591,83461.023438,1.358828,0.000000,0.000000,1.000000,1.000000,1.000000,1.000000,0.000000,0.000000,0.000000,-4.622905
43.950119,2.000000,-1295.737061,-1.892510,744.877482,47.962963,147.084778,277.115112,274.583221,286.715046,5.641544,0.269882,7.367524,-5.310883,-2.062115,-2.345642,44.689426,0.027222,0.000634,0.000074,0.100000,0.100000,0.732933,83461.023438,1.353717,0.000000,0.000000,1.000000,1.000000,1.000000,1.000000,0.000000,0.000000,0.000000,-4.444395
44.000191,2.000000,-1288.570190,-1.911258,744.616974,47.710461,146.249588,276.780396,274.257965,286.382252,5.675836,0.271332,7.342635,-5.155997,-2.004350,-2.317272,44.399048,0.022910,0.000638,0.000066,0.100000,0.100000,0.644111,83461.023438,1.348127,0.000000,0.000000,1.000000,1.000000,1.000000,1.000000,0.000000,0.000000,0.000000,-4.286758
44.050290,2.000000,-1281.069580,-1.930892,744.364154,47.445629,145.400650,276.446838,273.917480,286.033502,5.705688,0.272779,7.314270,-4.996607,-1.944803,-2.289061,44.099209,0.018394,0.000643,0.000060,0.100000,0.100000,0.553987,83461.023438,1.341609,0.000000,0.000000,1.000000,1.000000,1.000000,1.000000,0.000000,0.000000,0.000000,-4.131970
44.104263,2.000000,-1273.107300,-1.951748,744.100444,47.171459,144.527267,276.088440,273.556396,285.663128,5.732779,0.274332,7.280029,-4.831153,-1.882887,-2.260722,43.785286,0.013930,0.000654,0.000054,0.100000,0.100000,0.456976,83461.023438,1.333303,0.000000,0.000000,1.000000,1.000000,1.000000,1.000000,0.000000,0.000000,0.000000,-3.969198
44.156917,2.000000,-1265.443481,-1.971836,743.851579,46.922497,143.712997,275.740417,273.209381,285.306696,5.754179,0.275843,7.243135,-4.675990,-1.824731,-2.234957,43.487217,0.010052,0.000660,0.000048,0.100000,0.100000,0.362715,83461.023438,1.324882,0.000000,0.000000,1.000000,1.000000,1.000000,1.000000,0.000000,0.000000,0.000000,-3.814749
44.208138,2.000000,-1257.895996,-1.991629,743.617219,46.707165,142.935715,275.403412,272.868256,284.955958,5.770267,0.277309,7.204165,-4.527544,-1.769013,-2.210986,43.197430,0.006446,0.000670,0.000043,0.100000,0.100000,0.272191,83461.023438,1.315409,0.000000,0.000000,1.000000,1.000000,1.000000,1.000000,0.000000,0.000000,0.000000,-3.669113
44.263481,2.000000,-1249.877808,-2.012669,743.372316,46.422070,142.136017,275.041016,272.506897,284.583923,5.782486,0.278888,7.158949,-4.375190,-1.711754,-2.186991,42.893494,0.003101,0.000682,0.000038,0.100000,0.100000,0.176778,83461.023438,1.304484,0.000000,0.000000,1.000000,1.000000,1.000000,1.000000,0.000000,0.000000,0.000000,-3.517414
44.314661,2.000000,-1242.354980,-2.032419,743.153196,46.225964,141.409195,274.708008,272.168945,284.235558,5.789167,0.280349,7.114518,-4.237510,-1.659950,-2.165805,42.611862,0.000195,0.000690,0.000035,0.100000,0.100000,0.090844,83461.023438,1.293386,0.000000,0.000000,1.000000,1.000000,1.000000,1.000000,0.000000,0.000000,0.000000,-3.382607
44.366844,2.000000,-1234.724487,-2.052460,742.936790,46.004223,140.694336,274.370514,271.827423,283.883130,5.791532,0.281837,7.066933,-4.103544,-1.609494,-2.145578,42.329556,-0.002377,0.000700,0.000031,0.100000,0.100000,0.006474,83461.023438,1.281283,0.000000,0.000000,1.000000,1.000000,1.000000,1.000000,0.000000,0.000000,0.000000,-3.251027
44.420060,2.000000,-1227.009644,-2.072731,742.723064,45.814281,139.993515,274.028534,271.483795,283.528002,5.789513,0.283350,7.016352,-3.974293,-1.560776,-2.126370,42.047424,-0.004544,0.000712,0.000027,0.100000,0.100000,-0.075713,83461.023438,1.268839,0.000000,0.000000,1.000000,1.000000,1.000000,1.000000,0.000000,0.000000,0.000000,-3.123249
44.478454,2.000000,-1218.817871,-2.094265,742.496235,45.570080,139.272400,273.655945,271.120575,283.152319,5.782403,0.285012,6.958870,-3.844118,-1.511680,-2.107284,41.751331,-0.006183,0.000725,0.000024,0.100000,0.100000,-0.160629,83461.023438,1.253547,0.000000,0.000000,1.000000,1.000000,1.000000,1.000000,0.000000,0.000000,0.000000,-2.990838
44.531385,2.000000,-1210.860596,-2.115189,742.297134,45.376537,138.593307,273.321411,270.769806,282.788916,5.771841,0.286511,6.905396,-3.725077,-1.466770,-2.089977,41.467010,-0.008087,0.000749,0.000024,0.100000,0.100000,-0.232334,83461.023438,1.239747,0.000000,0.000000,1.000000,1.000000,1.000000,1.000000,0.000000,0.000000,0.000000,-2.878124
44.585764,2.000000,-1203.004761,-2.135852,742.098655,45.154491,137.942307,272.980530,270.425110,282.431416,5.757214,0.288050,6.849536,-3.615007,-1.425249,-2.074026,41.189365,-0.009335,0.000763,0.000023,0.100000,0.100000,-0.299773,83461.023438,1.225577,0.000000,0.000000,1.000000,1.000000,1.000000,1.000000,0.000000,0.000000,0.000000,-2.769864
44.638778,2.000000,-1195.168091,-2.156469,741.910676,45.006115,137.310867,272.651001,270.082916,282.076080,5.739603,0.289554,6.794549,-3.512672,-1.386662,-2.059182,40.915298,-0.010519,0.000777,0.000021,0.100000,0.100000,-0.359401,83461.023438,1.211266,0.000000,0.000000,1.000000,1.000000,1.000000,1.000000,0.000000,0.000000,0.000000,-2.671749
44.694894,2.000000,-1187.198853,-2.177441,741.717207,44.792553,136.685837,272.305176,269.736664,281.716207,5.717699,0.291150,6.736153,-3.416329,-1.350366,-2.045127,40.639446,-0.011158,0.000791,0.000020,0.100000,0.100000,-0.415781,83461.023438,1.195664,0.000000,0.000000,1.000000,1.000000,1.000000,1.000000,0.000000,0.000000,0.000000,-2.575938
44.748830,2.000000,-1179.335938,-2.198136,741.536154,44.597790,136.084717,271.975983,269.396820,281.362592,5.693856,0.292690,6.680162,-3.328882,-1.317467,-2.032231,40.369972,-0.011737,0.000806,0.000018,0.100000,0.100000,-0.463841,83461.023438,1.181340,0.000000,0.000000,1.000000,1.000000,1.000000,1.000000,0.000000,0.000000,0.000000,-2.491492
44.801347,2.000000,-1171.724609,-2.218172,741.364095,44.435863,135.516281,271.658447,269.069580,281.021731,5.668314,0.294195,6.626079,-3.251404,-1.288374,-2.020618,40.111576,-0.012023,0.000819,0.000016,0.100000,0.100000,-0.504914,83461.023438,1.167737,0.000000,0.000000,1.000000,1.000000,1.000000,1.000000,0.000000,0.000000,0.000000,-2.416444
44.851454,2.000000,-1164.427002,-2.237384,741.203479,44.312511,134.982620,271.358246,268.757385,280.696264,5.642079,0.295638,6.575118,-3.183632,-1.262990,-2.010244,39.866009,-0.012133,0.000832,0.000014,0.100000,0.100000,-0.538919,83461.023438,1.154573,0.000000,0.000000,1.000000,1.000000,1.000000,1.000000,0.000000,0.000000,0.000000,-2.351339
44.902800,2.000000,-1157.114136,-2.256638,741.042158,44.114880,134.457977,271.053253,268.446106,280.371479,5.613573,0.297125,6.523797,-3.122111,-1.240026,-2.000554,39.621983,-0.011954,0.000843,0.000012,0.100000,0.100000,-0.568553,83461.023438,1.141523,0.000000,0.000000,1.000000,1.000000,1.000000,1.000000,0.000000,0.000000,0.000000,-2.291145
44.960668,2.000000,-1148.866089,-2.278356,740.863888,43.948009,133.877075,270.712860,268.096893,280.006771,5.579800,0.298806,6.467303,-3.060215,-1.217033,-1.990421,39.349121,-0.011584,0.000858,0.000009,0.100000,0.100000,-0.595875,83461.023438,1.127130,0.000000,0.000000,1.000000,1.000000,1.000000,1.000000,0.000000,0.000000,0.000000,-2.231002
45.017678,2.000000,-1140.608154,-2.300101,740.691497,43.776379,133.305634,270.380615,267.749146,279.643368,5.545169,0.300471,6.413319,-3.006023,-1.197040,-1.981070,39.078354,-0.011099,0.000875,0.000007,0.100000,0.100000,-0.616742,83461.023438,1.113174,0.000000,0.000000,1.000000,1.000000,1.000000,1.000000,0.000000,0.000000,0.000000,-2.179527
45.074517,2.000000,-1132.590210,-2.321213,740.522405,43.589184,132.759201,270.052063,267.413391,279.292126,5.509628,0.302139,6.361372,-2.960624,-1.180449,-1.972698,38.817673,-0.010400,0.000889,0.000004,0.100000,0.100000,-0.631853,83461.023438,1.099959,0.000000,0.000000,1.000000,1.000000,1.000000,1.000000,0.000000,0.000000,0.000000,-2.135596
45.125215,2.000000,-1125.102905,-2.340927,740.373565,43.458263,132.255234,269.761902,267.101440,278.965621,5.477332,0.303634,6.316811,-2.924455,-1.167396,-1.965467,38.576134,-0.009694,0.000903,0.000001,0.100000,0.100000,-0.640872,83461.023438,1.088270,0.000000,0.000000,1.000000,1.000000,1.000000,1.000000,0.000000,0.000000,0.000000,-2.102447
45.176866,2.000000,-1117.749512,-2.360287,740.223558,43.267467,131.765228,269.468445,266.796539,278.646264,5.444072,0.305165,6.273263,-2.894589,-1.156801,-1.958879,38.340626,-0.008819,0.000918,-0.000001,0.100000,0.100000,-0.645951,83461.023438,1.077115,0.000000,0.000000,1.000000,1.000000,1.000000,1.000000,0.000000,0.000000,0.000000,-2.074284
45.230926,2.000000,-1110.066895,-2.380512,740.068011,43.138622,131.257553,269.163727,266.479645,278.314064,5.409099,0.306774,6.229815,-2.869121,-1.147994,-1.952502,38.096310,-0.007810,0.000930,-0.000004,0.100000,0.100000,-0.647110,83461.023438,1.065863,0.000000,0.000000,1.000000,1.000000,1.000000,1.000000,0.000000,0.000000,0.000000,-2.050614
45.282407,2.000000,-1102.717896,-2.399856,739.920978,42.989330,130.775070,268.875671,266.177887,277.997554,5.375842,0.308314,6.190589,-2.850060,-1.141667,-1.946851,37.864204,-0.006755,0.000945,-0.000006,0.100000,0.100000,-0.644470,83461.023438,1.055627,0.000000,0.000000,1.000000,1.000000,1.000000,1.000000,0.000000,0.000000,0.000000,-2.033383
45.335321,2.000000,-1095.131348,-2.419821,739.770693,42.839550,130.279312,268.581604,265.867767,277.672147,5.341900,0.309905,6.152534,-2.835528,-1.137179,-1.941443,37.626171,-0.005576,0.000959,-0.000009,0.100000,0.100000,-0.638299,83461.023438,1.045616,0.000000,0.000000,1.000000,1.000000,1.000000,1.000000,0.000000,0.000000,0.000000,-2.020760
45.388287,2.000000,-1087.580200,-2.439690,739.620848,42.679394,129.787369,268.289185,265.560516,277.349557,5.308347,0.311504,6.116821,-2.826019,-1.134684,-1.936457,37.390778,-0.004340,0.000972,-0.000012,0.100000,0.100000,-0.628837,83461.023438,1.036143,0.000000,0.000000,1.000000,1.000000,1.000000,1.000000,0.000000,0.000000,0.000000,-2.013036
45.441873,2.000000,-1080.204834,-2.459092,739.469588,42.545361,129.307495,267.995117,265.261810,277.035658,5.275001,0.313128,6.083180,-2.821274,-1.134063,-1.931938,37.162281,-0.003183,0.000984,-0.000014,0.100000,0.100000,-0.616197,83461.023438,1.027315,0.000000,0.000000,1.000000,1.000000,1.000000,1.000000,0.000000,0.000000,0.000000,-2.009953
45.493754,2.000000,-1072.577881,-2.479151,739.323235,42.388500,128.811111,267.712067,264.954163,276.712267,5.243434,0.314707,6.053038,-2.820785,-1.135191,-1.927599,36.927402,-0.001720,0.000998,-0.000017,0.100000,0.100000,-0.601335,83461.023438,1.018841,0.000000,0.000000,1.000000,1.000000,1.000000,1.000000,0.000000,0.000000,0.000000,-2.011224
45.546250,2.000000,-1065.193359,-2.498568,739.175024,42.234020,128.329681,267.427246,264.657532,276.400295,5.212348,0.316310,6.024997,-2.824369,-1.137915,-1.923693,36.701305,-0.000420,0.001008,-0.000020,0.100000,0.100000,-0.583841,83461.023438,1.011060,0.000000,0.000000,1.000000,1.000000,1.000000,1.000000,0.000000,0.000000,0.000000,-2.016500
45.597459,2.000000,-1057.894165,-2.517755,739.030134,42.116772,127.852333,267.150696,264.365509,276.092981,5.182967,0.317878,6.000053,-2.831591,-1.142094,-1.920092,36.479046,0.000955,0.001020,-0.000022,0.100000,0.100000,-0.564671,83461.023438,1.003959,0.000000,0.000000,1.000000,1.000000,1.000000,1.000000,0.000000,0.000000,0.000000,-2.025269
45.649402,2.000000,-1050.532837,-2.537100,738.882669,41.936291,127.368835,266.871338,264.072052,275.784064,5.154222,0.319475,5.977168,-2.842300,-1.147696,-1.916697,36.256081,0.002340,0.001031,-0.000025,0.100000,0.100000,-0.543401,83461.023438,0.997412,0.000000,0.000000,1.000000,1.000000,1.000000,1.000000,0.000000,0.000000,0.000000,-2.037521
45.701203,2.000000,-1043.137451,-2.556527,738.734940,41.792126,126.880417,266.593781,263.778351,275.474733,5.126700,0.321071,5.956763,-2.856267,-1.154629,-1.913503,36.033241,0.003794,0.001043,-0.000028,0.100000,0.100000,-0.520576,83461.023438,0.991228,0.000000,0.000000,1.000000,1.000000,1.000000,1.000000,0.000000,0.000000,0.000000,-2.052864
45.757587,2.000000,-1035.125977,-2.577566,738.573204,41.655712,126.347664,266.292847,263.461365,275.140664,5.098137,0.322811,5.937304,-2.874814,-1.163535,-1.910261,35.793091,0.005346,0.001055,-0.000031,0.100000,0.100000,-0.493965,83461.023438,0.984973,0.000000,0.000000,1.000000,1.000000,1.000000,1.000000,0.000000,0.000000,0.000000,-2.072886
45.810035,2.000000,-1028.001099,-2.596269,738.421720,41.479015,125.870178,266.013702,263.180389,274.844472,5.072953,0.324433,5.921713,-2.893972,-1.172548,-1.907547,35.580570,0.006413,0.001063,-0.000033,0.100000,0.100000,-0.468046,83461.023438,0.979974,0.000000,0.000000,1.000000,1.000000,1.000000,1.000000,0.000000,0.000000,0.000000,-2.094249
45.865195,2.000000,-1020.076050,-2.617064,738.261181,41.341747,125.334457,265.720764,262.868896,274.515980,5.047950,0.326142,5.907829,-2.917870,-1.183643,-1.904693,35.345299,0.008069,0.001074,-0.000036,0.100000,0.100000,-0.440128,83461.023438,0.975127,0.000000,0.000000,1.000000,1.000000,1.000000,1.000000,0.000000,0.000000,0.000000,-2.119206
45.916142,2.000000,-1012.839783,-2.636044,738.111672,41.214916,124.840675,265.450928,262.585388,274.216852,5.026258,0.327722,5.897349,-2.942053,-1.194751,-1.902221,35.131466,0.009472,0.001084,-0.000039,0.100000,0.100000,-0.413146,83461.023438,0.970899,0.000000,0.000000,1.000000,1.000000,1.000000,1.000000,0.000000,0.000000,0.000000,-2.144529
45.971271,2.000000,-1004.978577,-2.656653,737.948436,41.024853,124.298798,265.159180,262.278351,273.892719,5.004346,0.329431,5.888380,-2.970382,-1.207679,-1.899660,34.900196,0.011050,0.001095,-0.000041,0.100000,0.100000,-0.383671,83461.023438,0.966760,0.000000,0.000000,1.000000,1.000000,1.000000,1.000000,0.000000,0.000000,0.000000,-2.173869
46.023709,2.000000,-997.713806,-2.675689,737.791671,40.880505,123.792664,264.882263,261.995270,273.593888,4.985035,0.331060,5.882155,-2.998479,-1.220431,-1.897392,34.687389,0.012222,0.001100,-0.000044,0.100000,0.100000,-0.354819,83461.023438,0.963889,0.000000,0.000000,1.000000,1.000000,1.000000,1.000000,0.000000,0.000000,0.000000,-2.203619
46.078751,2.000000,-990.041382,-2.695783,737.625455,40.699780,123.252197,264.591797,261.697235,273.279039,4.966400,0.332769,5.877903,-3.029696,-1.234553,-1.895082,34.463558,0.013506,0.001107,-0.000046,0.100000,0.100000,-0.324530,83461.023438,0.961011,0.000000,0.000000,1.000000,1.000000,1.000000,1.000000,0.000000,0.000000,0.000000,-2.236372
46.133273,2.000000,-982.285095,-2.716085,737.459049,40.535961,122.699341,264.304291,261.396667,272.961432,4.949584,0.334459,5.875935,-3.062707,-1.249452,-1.892823,34.238201,0.014982,0.001115,-0.000049,0.100000,0.100000,-0.294423,83461.023438,0.958093,0.000000,0.000000,1.000000,1.000000,1.000000,1.000000,0.000000,0.000000,0.000000,-2.270206
46.188131,2.000000,-974.582214,-2.736234,737.289777,40.366772,122.143578,264.014954,261.098877,272.646673,4.934329,0.336157,5.876126,-3.096778,-1.264805,-1.890638,34.015274,0.016293,0.001124,-0.000051,0.100000,0.100000,-0.264081,83461.023438,0.955943,0.000000,0.000000,1.000000,1.000000,1.000000,1.000000,0.000000,0.000000,0.000000,-2.305426
46.239911,2.000000,-967.402649,-2.755002,737.128264,40.193676,121.619377,263.742188,260.821930,272.353862,4.921453,0.337758,5.878262,-3.129568,-1.279566,-1.888644,33.808254,0.017340,0.001129,-0.000053,0.100000,0.100000,-0.235281,83461.023438,0.954356,0.000000,0.000000,1.000000,1.000000,1.000000,1.000000,0.000000,0.000000,0.000000,-2.339648
46.292915,2.000000,-960.193970,-2.773835,736.961130,40.034863,121.086853,263.462769,260.544464,272.060370,4.909807,0.339394,5.882289,-3.163174,-1.294697,-1.886671,33.601101,0.018148,0.001134,-0.000055,0.100000,0.100000,-0.206148,83461.023438,0.952790,0.000000,0.000000,1.000000,1.000000,1.000000,1.000000,0.000000,0.000000,0.000000,-2.375356
46.344156,2.000000,-952.861877,-2.792978,736.797798,39.857250,120.538719,263.192596,260.262695,271.762309,4.899997,0.340970,5.887859,-3.197968,-1.310368,-1.884686,33.391102,0.019504,0.001143,-0.000057,0.100000,0.100000,-0.178498,83461.023438,0.952108,0.000000,0.000000,1.000000,1.000000,1.000000,1.000000,0.000000,0.000000,0.000000,-2.410361
46.398059,2.000000,-945.301575,-2.812702,736.624086,39.704174,119.966560,262.907990,259.972626,271.455469,4.891195,0.342624,5.895409,-3.234240,-1.326723,-1.882651,33.175282,0.020663,0.001151,-0.000059,0.100000,0.100000,-0.150070,83461.023438,0.951512,0.000000,0.000000,1.000000,1.000000,1.000000,1.000000,0.000000,0.000000,0.000000,-2.447525
46.455030,2.000000,-937.341187,-2.833455,736.438364,39.516430,119.356415,262.607147,259.667816,271.132820,4.883547,0.344366,5.905237,-3.272855,-1.344154,-1.880513,32.948792,0.021768,0.001158,-0.000061,0.100000,0.100000,-0.120247,83461.023438,0.950779,0.000000,0.000000,1.000000,1.000000,1.000000,1.000000,0.000000,0.000000,0.000000,-2.487186
46.505708,2.000000,-930.246948,-2.851936,736.271308,39.351757,118.805908,262.339142,259.396515,270.845674,4.878155,0.345911,5.915437,-3.307394,-1.359774,-1.878604,32.747566,0.022761,0.001163,-0.000063,0.100000,0.100000,-0.094533,83461.023438,0.950792,0.000000,0.000000,1.000000,1.000000,1.000000,1.000000,0.000000,0.000000,0.000000,-2.522504
46.557298,2.000000,-923.073181,-2.870609,736.099459,39.203869,118.242760,262.066040,259.122589,270.555652,4.873982,0.347478,5.927141,-3.342291,-1.375588,-1.876663,32.544662,0.023659,0.001171,-0.000066,0.100000,0.100000,-0.069085,83461.023438,0.950835,0.000000,0.000000,1.000000,1.000000,1.000000,1.000000,0.000000,0.000000,0.000000,-2.558387
46.615195,2.000000,-915.184448,-2.891126,735.904462,38.986828,117.615959,261.759125,258.821686,270.237066,4.870845,0.349229,5.941791,-3.380599,-1.392988,-1.874511,32.322178,0.024353,0.001175,-0.000068,0.100000,0.100000,-0.041258,83461.023438,0.951530,0.000000,0.000000,1.000000,1.000000,1.000000,1.000000,0.000000,0.000000,0.000000,-2.598495
46.668727,2.000000,-907.779053,-2.910370,735.722167,38.801647,117.020393,261.474854,258.539581,269.938323,4.869339,0.350839,5.956608,-3.416225,-1.409219,-1.872467,32.113914,0.025174,0.001182,-0.000070,0.100000,0.100000,-0.016767,83461.023438,0.952203,0.000000,0.000000,1.000000,1.000000,1.000000,1.000000,0.000000,0.000000,0.000000,-2.635195
46.724461,2.000000,-900.090454,-2.930332,735.530353,38.600475,116.394760,261.178314,258.246948,269.628399,4.869142,0.352509,5.973250,-3.452806,-1.425939,-1.870316,31.898266,0.025967,0.001189,-0.000073,0.100000,0.100000,0.007680,83461.023438,0.952970,0.000000,0.000000,1.000000,1.000000,1.000000,1.000000,0.000000,0.000000,0.000000,-2.672944
46.779968,2.000000,-892.358093,-2.950389,735.337305,38.403271,115.758156,260.882355,257.952881,269.316991,4.870268,0.354162,5.990978,-3.489160,-1.442612,-1.868119,31.681961,0.026849,0.001197,-0.000075,0.100000,0.100000,0.031150,83461.023438,0.953961,0.000000,0.000000,1.000000,1.000000,1.000000,1.000000,0.000000,0.000000,0.000000,-2.710044
46.833805,2.000000,-884.980713,-2.969506,735.148171,38.226879,115.143929,260.594910,257.672607,269.020087,4.872584,0.355756,6.009221,-3.523369,-1.458357,-1.865988,31.476099,0.027442,0.001201,-0.000077,0.100000,0.100000,0.053287,83461.023438,0.954799,0.000000,0.000000,1.000000,1.000000,1.000000,1.000000,0.000000,0.000000,0.000000,-2.745517
46.887711,2.000000,-877.394653,-2.989145,734.956958,38.004284,114.505409,260.306610,257.384583,268.714967,4.876063,0.357345,6.028382,-3.557903,-1.474316,-1.863758,31.264917,0.028352,0.001209,-0.000080,0.100000,0.100000,0.074356,83461.023438,0.956217,0.000000,0.000000,1.000000,1.000000,1.000000,1.000000,0.000000,0.000000,0.000000,-2.780321
46.938681,2.000000,-870.336426,-3.007399,734.774504,37.835583,113.905136,260.033569,257.116699,268.431233,4.880385,0.358838,6.047322,-3.589476,-1.488965,-1.861644,31.068871,0.028971,0.001215,-0.000082,0.100000,0.100000,0.093717,83461.023438,0.957537,0.000000,0.000000,1.000000,1.000000,1.000000,1.000000,0.000000,0.000000,0.000000,-2.812648
46.988765,2.000000,-863.468445,-3.025144,734.593683,37.683605,113.315384,259.764832,256.856262,268.155299,4.885568,0.360297,6.066619,-3.619562,-1.502983,-1.859550,30.878502,0.029439,0.001221,-0.000084,0.100000,0.100000,0.111951,83461.023438,0.958725,0.000000,0.000000,1.000000,1.000000,1.000000,1.000000,0.000000,0.000000,0.000000,-2.843748
47.042464,2.000000,-856.094910,-3.044176,734.398140,37.481457,112.676064,259.475464,256.576477,267.859107,4.892111,0.361852,6.087857,-3.651027,-1.517718,-1.857258,30.674532,0.030085,0.001228,-0.000086,0.100000,0.100000,0.129444,83461.023438,0.963473,0.000000,0.000000,1.000000,1.000000,1.000000,1.000000,0.000000,0.000000,0.000000,-2.875957
47.095212,2.000000,-848.824646,-3.062920,734.204466,37.266003,112.039749,259.191284,256.301086,267.567216,4.899434,0.363367,6.109412,-3.681095,-1.531880,-1.854955,30.473825,0.030553,0.001234,-0.000089,0.100000,0.100000,0.146758,83461.023438,0.962294,0.000000,0.000000,1.000000,1.000000,1.000000,1.000000,0.000000,0.000000,0.000000,-2.907045
47.146692,2.000000,-841.759521,-3.081116,734.013944,37.097240,111.415764,258.913544,256.033356,267.283630,4.907433,0.364837,6.130976,-3.709698,-1.545414,-1.852675,30.279154,0.030980,0.001240,-0.000091,0.100000,0.100000,0.162841,83461.023438,0.963838,0.000000,0.000000,1.000000,1.000000,1.000000,1.000000,0.000000,0.000000,0.000000,-2.936534
47.198118,2.000000,-834.747131,-3.099155,733.822180,36.917187,110.791077,258.635590,255.767700,267.002209,4.916228,0.366298,6.152972,-3.737250,-1.558527,-1.850369,30.086283,0.031323,0.001245,-0.000094,0.100000,0.100000,0.178006,83461.023438,0.965674,0.000000,0.000000,1.000000,1.000000,1.000000,1.000000,0.000000,0.000000,0.000000,-2.965093
47.250028,2.000000,-827.622742,-3.117463,733.627199,36.703625,110.151070,258.354523,255.497879,266.716369,4.925869,0.367761,6.175571,-3.764321,-1.571492,-1.847982,29.890675,0.031728,0.001253,-0.000096,0.100000,0.100000,0.192347,83461.023438,0.967502,0.000000,0.000000,1.000000,1.000000,1.000000,1.000000,0.000000,0.000000,0.000000,-2.992972
47.302548,2.000000,-820.445862,-3.135883,733.428534,36.485790,109.501076,258.069519,255.225983,266.428423,4.936354,0.369231,6.198778,-3.790645,-1.584186,-1.845534,29.693962,0.032077,0.001259,-0.000099,0.100000,0.100000,0.205936,83461.023438,0.969489,0.000000,0.000000,1.000000,1.000000,1.000000,1.000000,0.000000,0.000000,0.000000,-3.020189
47.354137,2.000000,-813.306458,-3.154185,733.232077,36.294506,108.849358,257.789215,254.955536,266.142019,4.947328,0.370666,6.221867,-3.815881,-1.596442,-1.843054,29.498598,0.032535,0.001264,-0.000101,0.100000,0.100000,0.218471,83461.023438,0.971527,0.000000,0.000000,1.000000,1.000000,1.000000,1.000000,0.000000,0.000000,0.000000,-3.045953
47.404794,2.000000,-806.317627,-3.172079,733.037950,36.103161,108.206604,257.513733,254.690811,265.861696,4.958710,0.372064,6.244787,-3.839660,-1.608078,-1.840584,29.307655,0.032927,0.001271,-0.000103,0.100000,0.100000,0.230070,83461.023438,0.973300,0.000000,0.000000,1.000000,1.000000,1.000000,1.000000,0.000000,0.000000,0.000000,-3.070335
47.455314,2.000000,-799.507690,-3.189493,732.843191,35.940563,107.575890,257.238434,254.432816,265.588521,4.970629,0.373446,6.267848,-3.861950,-1.619071,-1.838138,29.121876,0.033068,0.001277,-0.000106,0.100000,0.100000,0.240968,83461.023438,0.975095,0.000000,0.000000,1.000000,1.000000,1.000000,1.000000,0.000000,0.000000,0.000000,-3.093732
47.511562,2.000000,-791.801514,-3.209174,732.625050,35.711864,106.857071,256.931519,254.140793,265.279367,4.984522,0.374974,6.293709,-3.886095,-1.631085,-1.835324,28.911961,0.033391,0.001283,-0.000109,0.100000,0.100000,0.252255,83461.023438,0.977153,0.000000,0.000000,1.000000,1.000000,1.000000,1.000000,0.000000,0.000000,0.000000,-3.118673
47.567673,2.000000,-784.063232,-3.228908,732.406137,35.461254,106.130020,256.624939,253.847427,264.968879,4.998986,0.376485,6.319636,-3.909186,-1.642694,-1.832450,28.701496,0.033780,0.001292,-0.000112,0.100000,0.100000,0.262590,83461.023438,0.979668,0.000000,0.000000,1.000000,1.000000,1.000000,1.000000,0.000000,0.000000,0.000000,-3.142364
47.623238,2.000000,-776.600403,-3.247913,732.188137,35.277355,105.424072,256.320770,253.564590,264.669454,5.013858,0.377969,6.345411,-3.930318,-1.653436,-1.829633,28.498819,0.033856,0.001298,-0.000114,0.100000,0.100000,0.272112,83461.023438,0.981389,0.000000,0.000000,1.000000,1.000000,1.000000,1.000000,0.000000,0.000000,0.000000,-3.164696
47.675776,2.000000,-769.616577,-3.265673,731.980953,35.054150,104.759338,256.032715,253.299683,264.389219,5.028384,0.379360,6.369794,-3.949102,-1.663094,-1.826958,28.309404,0.033864,0.001303,-0.000117,0.100000,0.100000,0.280122,83461.023438,0.983961,0.000000,0.000000,1.000000,1.000000,1.000000,1.000000,0.000000,0.000000,0.000000,-3.184689
47.727309,2.000000,-762.462219,-3.283841,731.776791,34.852551,104.074455,255.749908,253.028397,264.102104,5.043016,0.380714,6.393701,-3.967284,-1.672562,-1.824180,28.115608,0.034253,0.001308,-0.000120,0.100000,0.100000,0.287339,83461.023438,0.985503,0.000000,0.000000,1.000000,1.000000,1.000000,1.000000,0.000000,0.000000,0.000000,-3.203317
47.780079,2.000000,-755.456909,-3.301605,731.566812,34.632885,103.400154,255.459991,252.762589,263.820920,5.058373,0.382087,6.418165,-3.984190,-1.681474,-1.821426,27.926081,0.034227,0.001312,-0.000122,0.100000,0.100000,0.294209,83461.023438,0.987528,0.000000,0.000000,1.000000,1.000000,1.000000,1.000000,0.000000,0.000000,0.000000,-3.221422
47.832249,2.000000,-748.391296,-3.319495,731.358360,34.426952,102.716499,255.173080,252.494446,263.537245,5.073894,0.383432,6.442295,-4.000280,-1.690077,-1.818613,27.735144,0.034376,0.001317,-0.000125,0.100000,0.100000,0.300423,83461.023438,0.989310,0.000000,0.000000,1.000000,1.000000,1.000000,1.000000,0.000000,0.000000,0.000000,-3.238348
47.885707,2.000000,-741.163086,-3.337769,731.143926,34.205700,102.013580,254.878738,252.219971,263.247015,5.090117,0.384798,6.466933,-4.015779,-1.698491,-1.815702,27.540037,0.034521,0.001318,-0.000128,0.100000,0.100000,0.306165,83461.023438,0.991456,0.000000,0.000000,1.000000,1.000000,1.000000,1.000000,0.000000,0.000000,0.000000,-3.254687
47.936976,2.000000,-734.177917,-3.355401,730.937529,34.005871,101.331062,254.596344,251.954727,262.966454,5.105952,0.386109,6.490499,-4.029871,-1.706265,-1.812858,27.351696,0.034704,0.001306,-0.000130,0.100000,0.100000,0.311353,83461.023438,0.992868,0.000000,0.000000,1.000000,1.000000,1.000000,1.000000,0.000000,0.000000,0.000000,-3.269512
47.991354,2.000000,-726.813721,-3.373960,730.717862,33.804089,100.608208,254.296432,251.674835,262.670589,5.123024,0.387494,6.515386,-4.043841,-1.714104,-1.809827,27.153349,0.034874,0.001308,-0.000133,0.100000,0.100000,0.316238,83461.023438,0.995027,0.000000,0.000000,1.000000,1.000000,1.000000,1.000000,0.000000,0.000000,0.000000,-3.284293
48.045065,2.000000,-719.515930,-3.392323,730.500180,33.553478,99.888687,254.000046,251.397446,262.377303,5.140137,0.388848,6.539869,-4.056776,-1.721504,-1.806794,26.956995,0.035053,0.001315,-0.000136,0.100000,0.100000,0.320780,83461.023438,0.996381,0.000000,0.000000,1.000000,1.000000,1.000000,1.000000,0.000000,0.000000,0.000000,-3.298035
48.098645,2.000000,-712.450195,-3.410071,730.282371,33.387951,99.189163,253.704193,251.128815,262.093272,5.157447,0.390187,6.564198,-4.068534,-1.728361,-1.803828,26.767075,0.034990,0.001316,-0.000139,0.100000,0.100000,0.325044,83461.023438,0.997992,0.000000,0.000000,1.000000,1.000000,1.000000,1.000000,0.000000,0.000000,0.000000,-3.310923
48.151529,2.000000,-705.251221,-3.428125,730.066790,33.160595,98.473656,253.412094,250.854843,261.803784,5.174741,0.391496,6.588109,-4.079741,-1.735034,-1.800780,26.573755,0.035209,0.001322,-0.000142,0.100000,0.100000,0.328853,83461.023438,0.999431,0.000000,0.000000,1.000000,1.000000,1.000000,1.000000,0.000000,0.000000,0.000000,-3.322874
48.205142,2.000000,-698.117432,-3.445984,729.847665,32.909863,97.761971,253.115768,250.583344,261.516817,5.192474,0.392811,6.612239,-4.090121,-1.741353,-1.797734,26.382362,0.035264,0.001327,-0.000145,0.100000,0.100000,0.332432,83461.023438,1.001085,0.000000,0.000000,1.000000,1.000000,1.000000,1.000000,0.000000,0.000000,0.000000,-3.334228
48.260040,2.000000,-690.763977,-3.464360,729.622736,32.687267,97.025734,252.812210,250.303253,261.220921,5.210819,0.394143,6.636820,-4.100047,-1.747553,-1.794567,26.185255,0.035393,0.001333,-0.000148,0.100000,0.100000,0.335774,83461.023438,1.002452,0.000000,0.000000,1.000000,1.000000,1.000000,1.000000,0.000000,0.000000,0.000000,-3.345088
48.312054,2.000000,-683.693359,-3.481998,729.409144,32.465221,96.315414,252.524704,250.033905,260.936327,5.228367,0.395393,6.660009,-4.108937,-1.753249,-1.791500,25.995890,0.035627,0.001339,-0.000151,0.100000,0.100000,0.338881,83461.023438,1.003758,0.000000,0.000000,1.000000,1.000000,1.000000,1.000000,0.000000,0.000000,0.000000,-3.354724
48.364514,2.000000,-676.662903,-3.499504,729.193281,32.247082,95.606888,252.234680,249.765915,260.653245,5.246226,0.396642,6.683291,-4.117126,-1.758647,-1.788427,25.807753,0.035765,0.001344,-0.000154,0.100000,0.100000,0.341850,83461.023438,1.005015,0.000000,0.000000,1.000000,1.000000,1.000000,1.000000,0.000000,0.000000,0.000000,-3.363790
48.416913,2.000000,-669.701904,-3.516807,728.977264,32.068859,94.903275,251.944931,249.500519,260.372892,5.264215,0.397876,6.706437,-4.124611,-1.763738,-1.785365,25.621620,0.035844,0.001351,-0.000157,0.100000,0.100000,0.344692,83461.023438,1.006181,0.000000,0.000000,1.000000,1.000000,1.000000,1.000000,0.000000,0.000000,0.000000,-3.372213
48.469786,2.000000,-662.750427,-3.534054,728.758914,31.832228,94.198647,251.652512,249.235291,260.092835,5.282514,0.399109,6.729681,-4.131491,-1.768579,-1.782287,25.435879,0.035862,0.001354,-0.000160,0.100000,0.100000,0.347436,83461.023438,1.007390,0.000000,0.000000,1.000000,1.000000,1.000000,1.000000,0.000000,0.000000,0.000000,-3.380089
48.520480,2.000000,-655.749329,-3.551392,728.549237,31.638319,93.487091,251.372284,248.968063,259.810614,5.300190,0.400279,6.751859,-4.137824,-1.773212,-1.779168,25.248947,0.036232,0.001364,-0.000163,0.100000,0.100000,0.349935,83461.023438,1.008697,0.000000,0.000000,1.000000,1.000000,1.000000,1.000000,0.000000,0.000000,0.000000,-3.387052
48.572719,2.000000,-648.901733,-3.568316,728.332865,31.397596,92.789391,251.083450,248.706604,259.534532,5.318539,0.401473,6.774610,-4.143450,-1.777509,-1.776101,25.066238,0.036240,0.001369,-0.000166,0.100000,0.100000,0.352461,83461.023438,1.009819,0.000000,0.000000,1.000000,1.000000,1.000000,1.000000,0.000000,0.000000,0.000000,-3.393660
48.624759,2.000000,-641.919800,-3.585540,728.117041,31.155531,92.076309,250.795761,248.439789,259.252903,5.336943,0.402651,6.797146,-4.148601,-1.781649,-1.772956,24.880072,0.036418,0.001378,-0.000168,0.100000,0.100000,0.354822,83461.023438,1.011180,0.000000,0.000000,1.000000,1.000000,1.000000,1.000000,0.000000,0.000000,0.000000,-3.399635
48.681618,2.000000,-634.373657,-3.604118,727.880953,30.964674,91.303802,250.481232,248.151367,258.948377,5.357185,0.403926,6.821622,-4.153460,-1.785831,-1.769541,24.678993,0.036549,0.001384,-0.000172,0.100000,0.100000,0.357098,83461.023438,1.012164,0.000000,0.000000,1.000000,1.000000,1.000000,1.000000,0.000000,0.000000,0.000000,-3.405484
48.733743,2.000000,-627.521484,-3.620955,727.664296,30.725111,90.600815,250.193207,247.889252,258.671731,5.375861,0.405080,6.843969,-4.157400,-1.789434,-1.766425,24.496525,0.036593,0.001389,-0.000175,0.100000,0.100000,0.359384,83461.023438,1.013279,0.000000,0.000000,1.000000,1.000000,1.000000,1.000000,0.000000,0.000000,0.000000,-3.410344
48.790087,2.000000,-619.905579,-3.639628,727.429892,30.497877,89.817871,249.882065,247.597778,258.364150,5.396176,0.406315,6.868001,-4.161162,-1.793183,-1.762947,24.293844,0.036832,0.001398,-0.000178,0.100000,0.100000,0.361799,83461.023438,1.014428,0.000000,0.000000,1.000000,1.000000,1.000000,1.000000,0.000000,0.000000,0.000000,-3.414991
48.842291,2.000000,-613.202698,-3.656028,727.212546,30.297621,89.127480,249.593719,247.341141,258.093318,5.415119,0.407447,6.890152,-4.163939,-1.796261,-1.759873,24.115568,0.036738,0.001402,-0.000181,0.100000,0.100000,0.363883,83461.023438,1.015503,0.000000,0.000000,1.000000,1.000000,1.000000,1.000000,0.000000,0.000000,0.000000,-3.418737
48.899014,2.000000,-605.438965,-3.674983,726.976238,30.056105,88.326416,249.280609,247.043716,257.779537,5.435817,0.408662,6.914082,-4.166537,-1.799567,-1.756301,23.909197,0.037076,0.001412,-0.000184,0.100000,0.100000,0.366005,83461.023438,1.016658,0.000000,0.000000,1.000000,1.000000,1.000000,1.000000,0.000000,0.000000,0.000000,-3.422205
48.953210,2.000000,-598.319275,-3.692325,726.750345,29.828260,87.590546,248.981720,246.770813,257.491620,5.455710,0.409811,6.936846,-4.168393,-1.802380,-1.753013,23.720051,0.037119,0.001420,-0.000187,0.100000,0.100000,0.368093,83461.023438,1.017684,0.000000,0.000000,1.000000,1.000000,1.000000,1.000000,0.000000,0.000000,0.000000,-3.424999
49.005826,2.000000,-591.306885,-3.709369,726.530959,29.594191,86.864700,248.691406,246.501816,257.207916,5.475121,0.410915,6.958784,-4.169629,-1.804902,-1.749766,23.533854,0.037274,0.001426,-0.000190,0.100000,0.100000,0.369716,83461.023438,1.018930,0.000000,0.000000,1.000000,1.000000,1.000000,1.000000,0.000000,0.000000,0.000000,-3.427103
49.056426,2.000000,-584.713806,-3.725359,726.319936,29.371473,86.181351,248.410690,246.248795,256.941058,5.493866,0.411965,6.979701,-4.170179,-1.807013,-1.746706,23.358875,0.037089,0.001434,-0.000193,0.100000,0.100000,0.370686,83461.023438,1.020004,0.000000,0.000000,1.000000,1.000000,1.000000,1.000000,0.000000,0.000000,0.000000,-3.428516
49.109769,2.000000,-577.726929,-3.742268,726.097463,29.182142,85.456390,248.116791,245.980530,256.658184,5.513667,0.413062,7.001604,-4.170328,-1.809068,-1.743459,23.173532,0.037167,0.001437,-0.000196,0.100000,0.100000,0.371778,83461.023438,1.021001,0.000000,0.000000,1.000000,1.000000,1.000000,1.000000,0.000000,0.000000,0.000000,-3.429565
49.159921,2.000000,-571.044495,-3.758405,725.888307,28.950636,84.762291,247.840714,245.723816,256.387500,5.532340,0.414080,7.022088,-4.170061,-1.810861,-1.740348,22.996347,0.037321,0.001444,-0.000198,0.100000,0.100000,0.372932,83461.023438,1.021701,0.000000,0.000000,1.000000,1.000000,1.000000,1.000000,0.000000,0.000000,0.000000,-3.430167
49.211255,2.000000,-564.339050,-3.774564,725.674247,28.744032,84.065140,247.558273,245.466095,256.115779,5.551514,0.415114,7.042939,-4.169400,-1.812494,-1.737222,22.818626,0.037375,0.001449,-0.000201,0.100000,0.100000,0.374078,83461.023438,1.022731,0.000000,0.000000,1.000000,1.000000,1.000000,1.000000,0.000000,0.000000,0.000000,-3.430364
49.261592,2.000000,-557.643555,-3.790662,725.464394,28.531874,83.368439,247.281509,245.208603,255.844353,5.570370,0.416114,7.063261,-4.168307,-1.813940,-1.734099,22.641245,0.037515,0.001457,-0.000204,0.100000,0.100000,0.375183,83461.023438,1.023534,0.000000,0.000000,1.000000,1.000000,1.000000,1.000000,0.000000,0.000000,0.000000,-3.430144
49.311919,2.000000,-551.082336,-3.806403,725.254649,28.340223,82.685211,247.004929,244.956177,255.578267,5.589279,0.417103,7.083472,-4.166857,-1.815196,-1.731036,22.467487,0.037548,0.001461,-0.000207,0.100000,0.100000,0.376267,83461.023438,1.024323,0.000000,0.000000,1.000000,1.000000,1.000000,1.000000,0.000000,0.000000,0.000000,-3.429546
49.363514,2.000000,-544.320129,-3.822590,725.039710,28.131422,81.980591,246.721451,244.695862,255.303876,5.608721,0.418107,7.104074,-4.164965,-1.816321,-1.727879,22.288477,0.037619,0.001467,-0.000210,0.100000,0.100000,0.377268,83461.023438,1.025255,0.000000,0.000000,1.000000,1.000000,1.000000,1.000000,0.000000,0.000000,0.000000,-3.428524
49.418388,2.000000,-537.112610,-3.839801,724.811235,27.890150,81.229134,246.419998,244.418213,255.011332,5.629451,0.419162,7.125835,-4.162466,-1.817313,-1.724514,22.097754,0.037710,0.001476,-0.000213,0.100000,0.100000,0.378164,83461.023438,1.026105,0.000000,0.000000,1.000000,1.000000,1.000000,1.000000,0.000000,0.000000,0.000000,-3.426969
49.472751,2.000000,-530.071411,-3.856574,724.585039,27.655348,80.494659,246.121597,244.146942,254.725403,5.650034,0.420193,7.147258,-4.159612,-1.818105,-1.721227,21.911503,0.037719,0.001484,-0.000216,0.100000,0.100000,0.379056,83461.023438,1.026916,0.000000,0.000000,1.000000,1.000000,1.000000,1.000000,0.000000,0.000000,0.000000,-3.425012
49.523302,2.000000,-523.407288,-3.872409,724.374856,27.441725,79.799263,245.844467,243.889908,254.454630,5.669219,0.421141,7.167071,-4.156556,-1.818702,-1.718119,21.735287,0.037807,0.001488,-0.000218,0.100000,0.100000,0.379918,83461.023438,1.027689,0.000000,0.000000,1.000000,1.000000,1.000000,1.000000,0.000000,0.000000,0.000000,-3.422841
49.579518,2.000000,-516.136414,-3.889643,724.141314,27.213270,79.040337,245.536545,243.609390,254.159091,5.690606,0.422183,7.188977,-4.152809,-1.819175,-1.714732,21.543097,0.037796,0.001494,-0.000221,0.100000,0.100000,0.380842,83461.023438,1.028512,0.000000,0.000000,1.000000,1.000000,1.000000,1.000000,0.000000,0.000000,0.000000,-3.420015
49.630636,2.000000,-509.447021,-3.905459,723.929151,27.020704,78.341957,245.256653,243.351166,253.887102,5.710091,0.423119,7.208760,-4.148961,-1.819436,-1.711619,21.366335,0.037850,0.001503,-0.000224,0.100000,0.100000,0.381485,83461.023438,1.029262,0.000000,0.000000,1.000000,1.000000,1.000000,1.000000,0.000000,0.000000,0.000000,-3.417048
49.681713,2.000000,-502.692627,-3.921390,723.717365,26.802809,77.636726,244.977173,243.090256,253.612325,5.729590,0.424041,7.228403,-4.144716,-1.819544,-1.708481,21.187912,0.037955,0.001512,-0.000227,0.100000,0.100000,0.382027,83461.023438,1.029997,0.000000,0.000000,1.000000,1.000000,1.000000,1.000000,0.000000,0.000000,0.000000,-3.413736
49.734543,2.000000,-495.927063,-3.937306,723.498548,26.588331,76.930328,244.688324,242.828827,253.337015,5.749788,0.424985,7.248591,-4.140106,-1.819495,-1.705345,21.009247,0.037910,0.001519,-0.000230,0.100000,0.100000,0.382497,83461.023438,1.030755,0.000000,0.000000,1.000000,1.000000,1.000000,1.000000,0.000000,0.000000,0.000000,-3.409949
49.785818,2.000000,-489.181580,-3.953134,723.286421,26.371229,76.226074,244.408234,242.567993,253.062357,5.769412,0.425890,7.268058,-4.135162,-1.819295,-1.702224,20.831165,0.037987,0.001527,-0.000233,0.100000,0.100000,0.382875,83461.023438,1.031429,0.000000,0.000000,1.000000,1.000000,1.000000,1.000000,0.000000,0.000000,0.000000,-3.405940
49.838968,2.000000,-482.285553,-3.969274,723.066814,26.124037,75.506226,244.118011,242.301239,252.781470,5.789771,0.426816,7.288091,-4.129740,-1.818929,-1.699043,20.649162,0.038002,0.001534,-0.000235,0.100000,0.100000,0.383140,83461.023438,1.032161,0.000000,0.000000,1.000000,1.000000,1.000000,1.000000,0.000000,0.000000,0.000000,-3.401418
49.894922,2.000000,-474.956451,-3.986382,722.835946,25.900221,74.741356,243.812958,242.017578,252.482816,5.811218,0.427779,7.309039,-4.123614,-1.818379,-1.695672,20.455784,0.038050,0.001543,-0.000238,0.100000,0.100000,0.383426,83461.023438,1.032872,0.000000,0.000000,1.000000,1.000000,1.000000,1.000000,0.000000,0.000000,0.000000,-3.396309
49.949446,2.000000,-467.869659,-4.002878,722.611316,25.684584,74.002037,243.515961,241.743118,252.193891,5.832129,0.428705,7.329308,-4.117332,-1.817690,-1.692424,20.268850,0.038059,0.001551,-0.000241,0.100000,0.100000,0.383609,83461.023438,1.033511,0.000000,0.000000,1.000000,1.000000,1.000000,1.000000,0.000000,0.000000,0.000000,-3.390985
49.999574,2.000000,-461.484619,-4.017701,722.405110,25.482924,73.336197,243.243042,241.495697,251.933470,5.851359,0.429545,7.347810,-4.111373,-1.816936,-1.689507,20.100471,0.037996,0.001560,-0.000244,0.100000,0.100000,0.383614,83461.023438,1.034218,0.000000,0.000000,1.000000,1.000000,1.000000,1.000000,0.000000,0.000000,0.000000,-3.385782
50.050021,2.000000,-454.896729,-4.032957,722.197908,25.286024,72.649521,242.968628,241.240265,251.664655,5.870710,0.430382,7.366302,-4.104925,-1.816024,-1.686510,19.926785,0.038036,0.001566,-0.000247,0.100000,0.100000,0.383485,83461.023438,1.034806,0.000000,0.000000,1.000000,1.000000,1.000000,1.000000,0.000000,0.000000,0.000000,-3.380262
50.100521,2.000000,-448.397949,-4.047966,721.990819,25.074842,71.972496,242.694092,240.988266,251.399399,5.890073,0.431209,7.384683,-4.098294,-1.815005,-1.683565,19.755486,0.038017,0.001575,-0.000250,0.100000,0.100000,0.383291,83461.023438,1.035369,0.000000,0.000000,1.000000,1.000000,1.000000,1.000000,0.000000,0.000000,0.000000,-3.374474
50.153329,2.000000,-441.580933,-4.063667,721.774637,24.854139,71.262756,242.407135,240.723740,251.121063,5.910304,0.432062,7.403751,-4.091034,-1.813798,-1.680490,19.575838,0.038014,0.001584,-0.000252,0.100000,0.100000,0.382948,83461.023438,1.035976,0.000000,0.000000,1.000000,1.000000,1.000000,1.000000,0.000000,0.000000,0.000000,-3.368122
50.206385,2.000000,-434.852234,-4.079122,721.557835,24.625746,70.562706,242.119110,240.462540,250.846197,5.930611,0.432908,7.422766,-4.083586,-1.812481,-1.677469,19.398558,0.037938,0.001592,-0.000255,0.100000,0.100000,0.382547,83461.023438,1.036513,0.000000,0.000000,1.000000,1.000000,1.000000,1.000000,0.000000,0.000000,0.000000,-3.361462
50.259187,2.000000,-428.061554,-4.094675,721.342480,24.404005,69.856750,241.832748,240.198700,250.568662,5.950794,0.433738,7.441534,-4.075787,-1.811024,-1.674436,19.219683,0.037916,0.001599,-0.000258,0.100000,0.100000,0.382054,83461.023438,1.037061,0.000000,0.000000,1.000000,1.000000,1.000000,1.000000,0.000000,0.000000,0.000000,-3.354557
50.311726,2.000000,-421.287628,-4.110144,721.128615,24.192213,69.153130,241.548111,239.935501,250.291720,5.970851,0.434554,7.460065,-4.067743,-1.809451,-1.671428,19.041286,0.037904,0.001607,-0.000261,0.100000,0.100000,0.381482,83461.023438,1.037591,0.000000,0.000000,1.000000,1.000000,1.000000,1.000000,0.000000,0.000000,0.000000,-3.347431
50.364071,2.000000,-414.528778,-4.125534,720.915969,23.986952,68.451714,241.264786,239.672714,250.015282,5.990799,0.435357,7.478385,-4.059474,-1.807770,-1.668443,18.863321,0.037900,0.001615,-0.000264,0.100000,0.100000,0.380832,83461.023438,1.038113,0.000000,0.000000,1.000000,1.000000,1.000000,1.000000,0.000000,0.000000,0.000000,-3.340099
50.415372,2.000000,-407.858704,-4.140679,720.707988,23.785658,67.760170,240.987396,239.413254,249.742403,6.010316,0.436135,7.496208,-4.051079,-1.806004,-1.665516,18.687727,0.037919,0.001623,-0.000267,0.100000,0.100000,0.380138,83461.023438,1.038539,0.000000,0.000000,1.000000,1.000000,1.000000,1.000000,0.000000,0.000000,0.000000,-3.332698
50.467661,2.000000,-401.222412,-4.155704,720.496447,23.572462,67.072823,240.704849,239.154999,249.470800,6.030174,0.436917,7.514235,-4.042509,-1.804147,-1.662622,18.513056,0.037855,0.001628,-0.000270,0.100000,0.100000,0.379364,83461.023438,1.038989,0.000000,0.000000,1.000000,1.000000,1.000000,1.000000,0.000000,0.000000,0.000000,-3.324941
50.518695,2.000000,-394.697021,-4.170436,720.290427,23.371595,66.397667,240.429382,238.900986,249.203646,6.049513,0.437672,7.531701,-4.033881,-1.802227,-1.659794,18.341331,0.037819,0.001635,-0.000273,0.100000,0.100000,0.378559,83461.023438,1.039407,0.000000,0.000000,1.000000,1.000000,1.000000,1.000000,0.000000,0.000000,0.000000,-3.317178
50.569345,2.000000,-388.205963,-4.185049,720.086398,23.163954,65.726807,240.156296,238.648148,248.937797,6.068665,0.438409,7.548900,-4.025101,-1.800226,-1.657000,18.170540,0.037792,0.001644,-0.000275,0.100000,0.100000,0.377695,83461.023438,1.039890,0.000000,0.000000,1.000000,1.000000,1.000000,1.000000,0.000000,0.000000,0.000000,-3.309280
50.622758,2.000000,-381.440643,-4.200232,719.871730,22.943007,65.028419,239.868408,238.384521,248.660588,6.088809,0.439176,7.566884,-4.015718,-1.798034,-1.654109,17.992561,0.037724,0.001651,-0.000278,0.100000,0.100000,0.376678,83461.023438,1.040201,0.000000,0.000000,1.000000,1.000000,1.000000,1.000000,0.000000,0.000000,0.000000,-3.300741
50.679294,2.000000,-374.192322,-4.216448,719.645066,22.713697,64.281128,239.564163,238.101944,248.363492,6.110074,0.439976,7.585766,-4.005473,-1.795593,-1.651036,17.801908,0.037694,0.001660,-0.000281,0.100000,0.100000,0.375597,83461.023438,1.040740,0.000000,0.000000,1.000000,1.000000,1.000000,1.000000,0.000000,0.000000,0.000000,-3.291504
50.732792,2.000000,-367.342346,-4.231723,719.431123,22.513502,63.575874,239.276428,237.834885,248.082694,6.130128,0.440721,7.603474,-3.995568,-1.793182,-1.648156,17.621761,0.037687,0.001666,-0.000284,0.100000,0.100000,0.374258,83461.023438,1.040987,0.000000,0.000000,1.000000,1.000000,1.000000,1.000000,0.000000,0.000000,0.000000,-3.282570
50.789857,2.000000,-360.090302,-4.247841,719.203503,22.294447,62.830273,238.969666,237.552155,247.785493,6.151433,0.441506,7.622197,-3.984915,-1.790548,-1.645132,17.431072,0.037678,0.001674,-0.000286,0.100000,0.100000,0.372660,83461.023438,1.041304,0.000000,0.000000,1.000000,1.000000,1.000000,1.000000,0.000000,0.000000,0.000000,-3.272882
50.842010,2.000000,-353.385284,-4.262694,718.996011,22.078138,62.141907,238.689835,237.290619,247.510568,6.170832,0.442213,7.639182,-3.974955,-1.788058,-1.642361,17.254791,0.037696,0.001683,-0.000288,0.100000,0.100000,0.371359,83461.023438,1.041559,0.000000,0.000000,1.000000,1.000000,1.000000,1.000000,0.000000,0.000000,0.000000,-3.263933
50.892847,2.000000,-347.063049,-4.276657,718.794252,21.867689,61.493721,238.417419,237.043976,247.251304,6.189676,0.442892,7.655622,-3.965444,-1.785652,-1.639770,17.088596,0.037608,0.001690,-0.000291,0.100000,0.100000,0.370174,83461.023438,1.041775,0.000000,0.000000,1.000000,1.000000,1.000000,1.000000,0.000000,0.000000,0.000000,-3.255098
50.944841,2.000000,-340.404572,-4.291316,718.588418,21.649305,60.812027,238.139069,236.784088,246.978158,6.208884,0.443577,7.672293,-3.955272,-1.783043,-1.637064,16.913586,0.037603,0.001699,-0.000293,0.100000,0.100000,0.368912,83461.023438,1.042109,0.000000,0.000000,1.000000,1.000000,1.000000,1.000000,0.000000,0.000000,0.000000,-3.245908
50.996443,2.000000,-333.861023,-4.305676,718.384658,21.455580,60.143089,237.863129,236.528687,246.709684,6.227887,0.444248,7.688718,-3.945141,-1.780412,-1.634429,16.741619,0.037565,0.001707,-0.000295,0.100000,0.100000,0.367663,83461.023438,1.042352,0.000000,0.000000,1.000000,1.000000,1.000000,1.000000,0.000000,0.000000,0.000000,-3.236670
51.048057,2.000000,-327.237671,-4.320165,718.181378,21.267714,59.467010,237.587402,236.270035,246.437874,6.246827,0.444909,7.705027,-3.934767,-1.777691,-1.631786,16.567574,0.037562,0.001715,-0.000298,0.100000,0.100000,0.366381,83461.023438,1.042543,0.000000,0.000000,1.000000,1.000000,1.000000,1.000000,0.000000,0.000000,0.000000,-3.227327
51.100223,2.000000,-320.820953,-4.334157,717.976463,21.065260,58.813023,237.308990,236.019333,246.174442,6.265903,0.445566,7.721398,-3.924629,-1.775010,-1.629249,16.398979,0.037447,0.001722,-0.000300,0.100000,0.100000,0.365096,83461.023438,1.042786,0.000000,0.000000,1.000000,1.000000,1.000000,1.000000,0.000000,0.000000,0.000000,-3.217799
51.153039,2.000000,-314.033661,-4.348910,717.769553,20.850843,58.122356,237.027374,235.754089,245.895705,6.285145,0.446222,7.737839,-3.913779,-1.772111,-1.626593,16.220669,0.037454,0.001732,-0.000302,0.100000,0.100000,0.363726,83461.023438,1.043110,0.000000,0.000000,1.000000,1.000000,1.000000,1.000000,0.000000,0.000000,0.000000,-3.208032
51.204799,2.000000,-307.486420,-4.363093,717.567331,20.639112,57.457199,236.751770,235.498108,245.626727,6.303934,0.446854,7.753830,-3.903186,-1.769252,-1.624056,16.048685,0.037407,0.001740,-0.000305,0.100000,0.100000,0.362400,83461.023438,1.043271,0.000000,0.000000,1.000000,1.000000,1.000000,1.000000,0.000000,0.000000,0.000000,-3.198358
51.256232,2.000000,-300.975159,-4.377153,717.366931,20.425978,56.796780,236.478210,235.243469,245.359202,6.322536,0.447474,7.769596,-3.892542,-1.766353,-1.621558,15.877663,0.037361,0.001750,-0.000307,0.100000,0.100000,0.361047,83461.023438,1.043530,0.000000,0.000000,1.000000,1.000000,1.000000,1.000000,0.000000,0.000000,0.000000,-3.188640
51.307266,2.000000,-294.575714,-4.390924,717.168628,20.235792,56.148769,236.207047,234.993164,245.096201,6.340922,0.448078,7.785113,-3.881962,-1.763444,-1.619129,15.709596,0.037285,0.001760,-0.000309,0.100000,0.100000,0.359668,83461.023438,1.043706,0.000000,0.000000,1.000000,1.000000,1.000000,1.000000,0.000000,0.000000,0.000000,-3.178893
51.357365,2.000000,-288.232300,-4.404531,716.974488,20.067457,55.507492,235.941223,234.744934,244.835439,6.358904,0.448665,7.800246,-3.871406,-1.760524,-1.616746,15.543015,0.037242,0.001766,-0.000312,0.100000,0.100000,0.358266,83461.023438,1.043828,0.000000,0.000000,1.000000,1.000000,1.000000,1.000000,0.000000,0.000000,0.000000,-3.169270
51.408832,2.000000,-281.939819,-4.417984,716.775596,19.854261,54.872429,235.668335,234.498688,244.576708,6.377302,0.449257,7.815683,-3.860868,-1.757591,-1.614408,15.377789,0.037117,0.001773,-0.000314,0.100000,0.100000,0.356798,83461.023438,1.043986,0.000000,0.000000,1.000000,1.000000,1.000000,1.000000,0.000000,0.000000,0.000000,-3.159324
51.459819,2.000000,-275.423309,-4.431870,716.579111,19.642408,54.215878,235.398392,234.243515,244.308709,6.395453,0.449835,7.830848,-3.849853,-1.754501,-1.612013,15.206694,0.037098,0.001785,-0.000317,0.100000,0.100000,0.355281,83461.023438,1.044295,0.000000,0.000000,1.000000,1.000000,1.000000,1.000000,0.000000,0.000000,0.000000,-3.149370
51.515555,2.000000,-268.412506,-4.446754,716.364959,19.441298,53.510834,235.103653,233.968964,244.020303,6.415206,0.450456,7.847293,-3.837901,-1.751123,-1.609467,15.022638,0.037027,0.001794,-0.000319,0.100000,0.100000,0.353619,83461.023438,1.044407,0.000000,0.000000,1.000000,1.000000,1.000000,1.000000,0.000000,0.000000,0.000000,-3.138415
51.571735,2.000000,-261.402618,-4.461582,716.149776,19.235670,52.807251,234.806915,233.694397,243.731882,6.435020,0.451071,7.863742,-3.825887,-1.747710,-1.606954,14.838625,0.036944,0.001803,-0.000322,0.100000,0.100000,0.351882,83461.023438,1.044520,0.000000,0.000000,1.000000,1.000000,1.000000,1.000000,0.000000,0.000000,0.000000,-3.127324
51.628928,2.000000,-254.291260,-4.476568,715.931411,19.005690,52.094898,234.505234,233.415695,243.439161,6.455089,0.451688,7.880338,-3.813612,-1.744199,-1.604438,14.651963,0.036851,0.001810,-0.000325,0.100000,0.100000,0.350065,83461.023438,1.044650,0.000000,0.000000,1.000000,1.000000,1.000000,1.000000,0.000000,0.000000,0.000000,-3.115956
51.680489,2.000000,-247.798050,-4.490201,715.735158,18.812696,51.445728,234.233536,233.161148,243.171829,6.473091,0.452232,7.895166,-3.802319,-1.740948,-1.602171,14.481543,0.036796,0.001820,-0.000327,0.100000,0.100000,0.348358,83461.023438,1.044811,0.000000,0.000000,1.000000,1.000000,1.000000,1.000000,0.000000,0.000000,0.000000,-3.105631
51.730873,2.000000,-241.553482,-4.503266,715.543943,18.628370,50.822567,233.968369,232.916260,242.914670,6.490596,0.452756,7.909551,-3.791412,-1.737794,-1.600017,14.317659,0.036708,0.001828,-0.000330,0.100000,0.100000,0.346679,83461.023438,1.044889,0.000000,0.000000,1.000000,1.000000,1.000000,1.000000,0.000000,0.000000,0.000000,-3.095514
51.782378,2.000000,-235.053711,-4.516817,715.349048,18.431654,50.175148,233.697556,232.661407,242.647012,6.508401,0.453282,7.924139,-3.780014,-1.734482,-1.597804,14.147091,0.036661,0.001837,-0.000332,0.100000,0.100000,0.344906,83461.023438,1.044996,0.000000,0.000000,1.000000,1.000000,1.000000,1.000000,0.000000,0.000000,0.000000,-3.085134
51.838850,2.000000,-228.034256,-4.531396,715.136025,18.194471,49.477360,233.401108,232.386063,242.357879,6.527817,0.453848,7.939995,-3.767639,-1.730869,-1.595447,13.962898,0.036567,0.001846,-0.000335,0.100000,0.100000,0.342973,83461.023438,1.045146,0.000000,0.000000,1.000000,1.000000,1.000000,1.000000,0.000000,0.000000,0.000000,-3.073699
51.890251,3.000000,-221.636414,-4.544632,714.943010,18.000746,48.843292,233.131516,232.134109,242.093840,6.544481,0.454351,7.948776,-3.747358,-1.723434,-1.653007,13.795030,0.025176,0.001855,-0.000336,0.100000,0.100000,0.306637,83461.023438,1.061084,0.000000,0.000000,1.000000,1.000000,1.000000,1.000000,0.000000,0.000000,0.000000,-3.053208
51.940476,3.000000,-215.369736,-4.557549,714.755336,17.823011,48.224739,232.868546,231.887787,241.835465,6.559397,0.454836,7.958971,-3.731847,-1.718137,-1.639156,13.630613,0.035136,0.001861,-0.000339,0.100000,0.100000,0.292584,83461.023438,1.045167,0.000000,0.000000,1.000000,1.000000,1.000000,1.000000,0.000000,0.000000,0.000000,-3.039708
51.996646,3.000000,-208.467529,-4.571723,714.546061,17.618849,47.544865,232.574997,231.617325,241.551286,6.576045,0.455368,7.973995,-3.722929,-1.716049,-1.623899,13.449534,0.044531,0.001872,-0.000341,0.100000,0.100000,0.303525,83461.023438,1.032074,0.000000,0.000000,1.000000,1.000000,1.000000,1.000000,0.000000,0.000000,0.000000,-3.032582
52.053065,3.000000,-201.484650,-4.586004,714.336131,17.423170,46.857239,232.279083,231.344055,241.264081,6.594062,0.455890,7.992911,-3.720011,-1.716745,-1.608429,13.266352,0.052526,0.001883,-0.000344,0.100000,0.100000,0.333359,83461.023438,1.027971,0.000000,0.000000,1.000000,1.000000,1.000000,1.000000,0.000000,0.000000,0.000000,-3.030920
52.107350,3.000000,-194.670563,-4.599887,714.134158,17.179213,46.185627,231.996094,231.078232,240.983921,6.613382,0.456381,8.015095,-3.721031,-1.719210,-1.593282,13.087608,0.059221,0.001891,-0.000347,0.100000,0.100000,0.377584,83461.023438,1.016728,0.000000,0.000000,1.000000,1.000000,1.000000,1.000000,0.000000,0.000000,0.000000,-3.033653
52.158538,3.000000,-188.419373,-4.612576,713.943548,16.941236,45.568363,231.729721,230.834290,240.726985,6.634080,0.456837,8.039545,-3.724752,-1.722764,-1.579326,12.923639,0.064133,0.001898,-0.000350,0.100000,0.100000,0.428706,83461.023438,1.013908,0.000000,0.000000,1.000000,1.000000,1.000000,1.000000,0.000000,0.000000,0.000000,-3.038494
52.210039,3.000000,-182.048660,-4.625463,713.751537,16.685804,44.937885,231.461823,230.585770,240.465096,6.657706,0.457286,8.067362,-3.729612,-1.726888,-1.565036,12.756545,0.068372,0.001903,-0.000352,0.100000,0.100000,0.485474,83461.023438,1.013556,0.000000,0.000000,1.000000,1.000000,1.000000,1.000000,0.000000,0.000000,0.000000,-3.044252
52.263147,3.000000,-175.536743,-4.638587,713.553270,16.438063,44.291882,231.185608,230.331573,240.197230,6.685225,0.457738,8.099190,-3.734591,-1.731119,-1.550359,12.585757,0.071697,0.001909,-0.000355,0.100000,0.100000,0.546896,83461.023438,1.013999,0.000000,0.000000,1.000000,1.000000,1.000000,1.000000,0.000000,0.000000,0.000000,-3.050139
52.315453,3.000000,-169.016083,-4.651681,713.357760,16.180738,43.643501,230.913513,230.076691,239.928697,6.715542,0.458172,8.133355,-3.738845,-1.735028,-1.535592,12.414748,0.074471,0.001912,-0.000357,0.100000,0.100000,0.608122,83461.023438,1.016437,0.000000,0.000000,1.000000,1.000000,1.000000,1.000000,0.000000,0.000000,0.000000,-3.055063
52.366846,3.000000,-162.699738,-4.664317,713.165494,15.930433,43.014179,230.645966,229.829407,239.668246,6.748431,0.458584,8.169341,-3.741564,-1.738175,-1.521227,12.249105,0.076260,0.001917,-0.000360,0.100000,0.100000,0.667357,83461.023438,1.020074,0.000000,0.000000,1.000000,1.000000,1.000000,1.000000,0.000000,0.000000,0.000000,-3.058412
52.424203,3.000000,-155.673538,-4.678317,712.950837,15.649183,42.313038,230.347061,229.553970,239.378253,6.788641,0.459057,8.211886,-3.742235,-1.740592,-1.505184,12.064857,0.077487,0.001868,-0.000348,0.100000,0.100000,0.730411,83461.023438,1.024900,0.000000,0.000000,1.000000,1.000000,1.000000,1.000000,0.000000,0.000000,0.000000,-3.059720
52.478920,3.000000,-148.858063,-4.691837,712.746126,15.395582,41.632294,230.061523,229.286087,239.096432,6.830251,0.459513,8.254372,-3.740001,-1.741602,-1.489572,11.886144,0.078300,0.001864,-0.000336,0.100000,0.100000,0.786415,83461.023438,1.030766,0.000000,0.000000,1.000000,1.000000,1.000000,1.000000,0.000000,0.000000,0.000000,-3.058049
52.536025,3.000000,-141.948853,-4.705483,712.532735,15.127577,40.942139,229.762650,229.013687,238.810087,6.876789,0.459965,8.300183,-3.734314,-1.741039,-1.473710,11.704981,0.078115,0.001872,-0.000324,0.100000,0.100000,0.839274,83461.023438,1.037759,0.000000,0.000000,1.000000,1.000000,1.000000,1.000000,0.000000,0.000000,0.000000,-3.052775
52.592477,3.000000,-134.965607,-4.719211,712.322251,14.870497,40.245228,229.466370,228.737427,238.519917,6.925571,0.460384,8.346444,-3.724680,-1.738662,-1.457660,11.521886,0.077768,0.001882,-0.000313,0.100000,0.100000,0.885221,83461.023438,1.044855,0.000000,0.000000,1.000000,1.000000,1.000000,1.000000,0.000000,0.000000,0.000000,-3.043700
52.650060,3.000000,-128.045181,-4.732752,712.108258,14.591139,39.555946,229.163101,228.462570,238.231481,6.977799,0.460782,8.394161,-3.711117,-1.734431,-1.441756,11.340446,0.076582,0.001891,-0.000304,0.100000,0.100000,0.925183,83461.023438,1.052790,0.000000,0.000000,1.000000,1.000000,1.000000,1.000000,0.000000,0.000000,0.000000,-3.030294
52.702357,3.000000,-121.546295,-4.745411,711.914740,14.328932,38.910587,228.886581,228.203491,237.959833,7.027040,0.461117,8.437484,-3.694435,-1.728609,-1.426840,11.170065,0.075577,0.001904,-0.000296,0.100000,0.100000,0.954928,83461.023438,1.060126,0.000000,0.000000,1.000000,1.000000,1.000000,1.000000,0.000000,0.000000,0.000000,-3.014241
52.753520,3.000000,-115.340691,-4.757445,711.726371,14.099257,38.296719,228.615173,227.955185,237.699694,7.076559,0.461422,8.479589,-3.675030,-1.721415,-1.412630,11.007380,0.074052,0.001911,-0.000288,0.100000,0.100000,0.978305,83461.023438,1.067039,0.000000,0.000000,1.000000,1.000000,1.000000,1.000000,0.000000,0.000000,0.000000,-2.995089
52.811132,3.000000,-108.376083,-4.770887,711.515605,13.828932,37.611237,228.308350,227.675369,237.406794,7.133543,0.461736,8.526287,-3.649185,-1.711424,-1.396740,10.824803,0.072064,0.001920,-0.000281,0.100000,0.100000,0.997710,83461.023438,1.074730,0.000000,0.000000,1.000000,1.000000,1.000000,1.000000,0.000000,0.000000,0.000000,-2.969421
52.861373,3.000000,-102.205742,-4.782742,711.333158,13.590956,37.007626,228.039688,227.426498,237.146507,7.183984,0.461986,8.566084,-3.622714,-1.700881,-1.382728,10.663055,0.070289,0.001931,-0.000275,0.100000,0.100000,1.008703,83461.023438,1.081464,0.000000,0.000000,1.000000,1.000000,1.000000,1.000000,0.000000,0.000000,0.000000,-2.943515
52.913297,3.000000,-95.868118,-4.794862,711.146106,13.367018,36.391872,227.760956,227.169876,236.878374,7.236541,0.462220,8.606058,-3.592131,-1.688438,-1.368418,10.496927,0.068266,0.001944,-0.000269,0.100000,0.100000,1.014439,83461.023438,1.088311,0.000000,0.000000,1.000000,1.000000,1.000000,1.000000,0.000000,0.000000,0.000000,-2.913414
52.966439,3.000000,-89.392365,-4.807189,710.956429,13.093153,35.767723,227.474472,226.906677,236.603508,7.290479,0.462435,8.645504,-3.557419,-1.674073,-1.353898,10.327184,0.066058,0.001954,-0.000264,0.100000,0.100000,1.014734,83461.023438,1.094777,0.000000,0.000000,1.000000,1.000000,1.000000,1.000000,0.000000,0.000000,0.000000,-2.879240
53.017623,3.000000,-83.167099,-4.818984,710.775578,12.863783,35.173023,227.197617,226.652679,236.338490,7.342307,0.462620,8.681894,-3.520892,-1.658750,-1.340048,10.164012,0.063817,0.001966,-0.000259,0.100000,0.100000,1.010053,83461.023438,1.100734,0.000000,0.000000,1.000000,1.000000,1.000000,1.000000,0.000000,0.000000,0.000000,-2.843234
53.073267,3.000000,-76.436325,-4.831672,710.581260,12.637403,34.536690,226.894226,226.377045,236.051048,7.398214,0.462793,8.719469,-3.478156,-1.640622,-1.325216,9.987596,0.060972,0.001981,-0.000254,0.100000,0.100000,0.999439,83461.023438,1.107117,0.000000,0.000000,1.000000,1.000000,1.000000,1.000000,0.000000,0.000000,0.000000,-2.800892
53.129741,3.000000,-69.536461,-4.844613,710.386553,12.447706,33.891853,226.586700,226.093399,235.755449,7.454186,0.462943,8.755308,-3.431018,-1.620427,-1.310173,9.806754,0.058501,0.001995,-0.000250,0.100000,0.100000,0.983139,83461.023438,1.112357,0.000000,0.000000,1.000000,1.000000,1.000000,1.000000,0.000000,0.000000,0.000000,-2.754771
53.180156,3.000000,-63.492317,-4.855893,710.215047,12.290907,33.333786,226.311264,225.844101,235.495740,7.503267,0.463057,8.785346,-3.387473,-1.601636,-1.297144,9.648344,0.056284,0.002007,-0.000246,0.100000,0.100000,0.964895,83461.023438,1.116356,0.000000,0.000000,1.000000,1.000000,1.000000,1.000000,0.000000,0.000000,0.000000,-2.711420
53.232463,3.000000,-57.229813,-4.867523,710.039519,12.116102,32.762634,226.024643,225.584900,235.225887,7.553131,0.463156,8.814494,-3.340377,-1.581191,-1.283803,9.484217,0.054048,0.002023,-0.000243,0.100000,0.100000,0.942764,83461.023438,1.120084,0.000000,0.000000,1.000000,1.000000,1.000000,1.000000,0.000000,0.000000,0.000000,-2.664510
53.283609,3.000000,-51.006226,-4.879024,709.870350,11.948622,32.202484,225.743851,225.326614,234.957042,7.600691,0.463237,8.840968,-3.291814,-1.559996,-1.270711,9.321114,0.051945,0.002036,-0.000239,0.100000,0.100000,0.918416,83461.023438,1.123298,0.000000,0.000000,1.000000,1.000000,1.000000,1.000000,0.000000,0.000000,0.000000,-2.616982
53.335372,3.000000,-44.827362,-4.890386,709.701704,11.776869,31.653996,225.458984,225.069473,234.689458,7.647491,0.463301,8.865689,-3.242071,-1.538186,-1.257886,9.159186,0.049870,0.002051,-0.000237,0.100000,0.100000,0.891482,83461.023438,1.126062,0.000000,0.000000,1.000000,1.000000,1.000000,1.000000,0.000000,0.000000,0.000000,-2.567425
53.385646,3.000000,-38.676853,-4.901640,709.540438,11.636366,31.115829,225.181961,224.812897,234.422526,7.691558,0.463348,8.887732,-3.191311,-1.515837,-1.245296,8.998006,0.047941,0.002066,-0.000234,0.100000,0.100000,0.863473,83461.023438,1.128220,0.000000,0.000000,1.000000,1.000000,1.000000,1.000000,0.000000,0.000000,0.000000,-2.518167
53.435962,3.000000,-32.675232,-4.912568,709.381586,11.456617,30.598383,224.904358,224.561935,234.161512,7.734214,0.463380,8.907853,-3.140787,-1.493512,-1.233188,8.840732,0.046099,0.002080,-0.000232,0.100000,0.100000,0.834007,83461.023438,1.130134,0.000000,0.000000,1.000000,1.000000,1.000000,1.000000,0.000000,0.000000,0.000000,-2.467944
53.488080,3.000000,-26.390490,-4.923954,709.219782,11.289320,30.064871,224.616470,224.298630,233.887640,7.776798,0.463398,8.926662,-3.086975,-1.469653,-1.220699,8.676043,0.044262,0.002097,-0.000230,0.100000,0.100000,0.802328,83461.023438,1.131618,0.000000,0.000000,1.000000,1.000000,1.000000,1.000000,0.000000,0.000000,0.000000,-2.415114
53.540548,3.000000,-20.111067,-4.935273,709.059738,11.147902,29.540470,224.326553,224.035049,233.613516,7.817973,0.463401,8.943582,-3.032553,-1.445448,-1.208421,8.511496,0.042524,0.002115,-0.000228,0.100000,0.100000,0.769553,83461.023438,1.132499,0.000000,0.000000,1.000000,1.000000,1.000000,1.000000,0.000000,0.000000,0.000000,-2.361380
53.592582,3.000000,-13.812653,-4.946566,708.903857,10.991896,29.023289,224.039078,223.770172,233.338101,7.857095,0.463393,8.958453,-2.977583,-1.420932,-1.196310,8.346455,0.040901,0.002133,-0.000226,0.100000,0.100000,0.736514,83461.023438,1.133066,0.000000,0.000000,1.000000,1.000000,1.000000,1.000000,0.000000,0.000000,0.000000,-2.307799
53.643875,3.000000,-7.762348,-4.957360,708.752974,10.832594,28.534834,223.755798,223.515411,233.073157,7.893969,0.463372,8.971288,-2.924537,-1.397214,-1.184869,8.187920,0.039448,0.002149,-0.000225,0.100000,0.100000,0.703711,83461.023438,1.133365,0.000000,0.000000,1.000000,1.000000,1.000000,1.000000,0.000000,0.000000,0.000000,-2.254813
53.694358,3.000000,-1.669785,-4.968173,708.607171,10.681898,28.051304,223.477249,223.258545,232.806032,7.928620,0.463343,8.982220,-2.871025,-1.373231,-1.173542,8.028279,0.038060,0.002167,-0.000224,0.100000,0.100000,0.671460,83461.023438,1.133272,0.000000,0.000000,1.000000,1.000000,1.000000,1.000000,0.000000,0.000000,0.000000,-2.202659
53.745857,3.000000,4.559793,-4.979172,708.461190,10.537916,27.565565,223.193420,222.995651,232.532605,7.962290,0.463300,8.991742,-2.816438,-1.348715,-1.162163,7.865053,0.036742,0.002186,-0.000223,0.100000,0.100000,0.638817,83461.023438,1.132845,0.000000,0.000000,1.000000,1.000000,1.000000,1.000000,0.000000,0.000000,0.000000,-2.149667
53.796773,3.000000,10.607921,-4.989797,708.319579,10.393690,27.102327,222.913315,222.740128,232.266904,7.993942,0.463251,8.999619,-2.763688,-1.324977,-1.151310,7.706583,0.035581,0.002204,-0.000222,0.100000,0.100000,0.606978,83461.023438,1.132085,0.000000,0.000000,1.000000,1.000000,1.000000,1.000000,0.000000,0.000000,0.000000,-2.097604
53.847410,3.000000,16.651039,-5.000357,708.181405,10.268080,26.647663,222.635284,222.484756,232.001233,8.023824,0.463191,9.006042,-2.711399,-1.301405,-1.140658,7.548248,0.034520,0.002224,-0.000221,0.100000,0.100000,0.575937,83461.023438,1.130937,0.000000,0.000000,1.000000,1.000000,1.000000,1.000000,0.000000,0.000000,0.000000,-2.046330
53.901660,3.000000,23.074354,-5.011521,708.036275,10.112257,26.173275,222.338226,222.213104,231.718641,8.054121,0.463121,9.011474,-2.656427,-1.276584,-1.129544,7.379955,0.033525,0.002243,-0.000220,0.100000,0.100000,0.543528,83461.023438,1.129663,0.000000,0.000000,1.000000,1.000000,1.000000,1.000000,0.000000,0.000000,0.000000,-1.992078
53.958976,3.000000,29.838039,-5.023210,707.886177,9.948683,25.683578,222.025116,221.926956,231.420907,8.084255,0.463038,9.015683,-2.599296,-1.250744,-1.118072,7.202747,0.032579,0.002265,-0.000220,0.100000,0.100000,0.510529,83461.023438,1.127995,0.000000,0.000000,1.000000,1.000000,1.000000,1.000000,0.000000,0.000000,0.000000,-1.935619
54.014530,3.000000,36.528824,-5.034707,707.743802,9.812330,25.208931,221.722733,221.643860,231.126302,8.111699,0.462953,9.018421,-2.543720,-1.225569,-1.106953,7.027452,0.031716,0.002286,-0.000220,0.100000,0.100000,0.479817,83461.023438,1.126065,0.000000,0.000000,1.000000,1.000000,1.000000,1.000000,0.000000,0.000000,0.000000,-1.881910
54.064720,3.000000,42.484520,-5.044884,707.617762,9.685804,24.794479,221.450378,221.391785,230.863982,8.135057,0.462870,9.019876,-2.495159,-1.203545,-1.097245,6.871419,0.031069,0.002307,-0.000219,0.100000,0.100000,0.453291,83461.023438,1.124097,0.000000,0.000000,1.000000,1.000000,1.000000,1.000000,0.000000,0.000000,0.000000,-1.834363
54.117141,3.000000,48.616047,-5.055307,707.488687,9.568739,24.375570,221.166840,221.132355,230.593892,8.158067,0.462778,9.020492,-2.446188,-1.181312,-1.087433,6.710782,0.030527,0.002328,-0.000219,0.100000,0.100000,0.426919,83461.023438,1.121841,0.000000,0.000000,1.000000,1.000000,1.000000,1.000000,0.000000,0.000000,0.000000,-1.785816
54.167950,3.000000,54.652401,-5.065516,707.366020,9.457411,23.970697,220.893112,220.876953,230.327983,8.179083,0.462686,9.020313,-2.399079,-1.159906,-1.077951,6.552640,0.030063,0.002347,-0.000220,0.100000,0.100000,0.402720,83461.023438,1.119463,0.000000,0.000000,1.000000,1.000000,1.000000,1.000000,0.000000,0.000000,0.000000,-1.739934
54.218246,3.000000,60.601818,-5.075525,707.246899,9.334486,23.578804,220.623260,220.625320,230.065931,8.198718,0.462593,9.019486,-2.353769,-1.139301,-1.068774,6.396779,0.029698,0.002367,-0.000220,0.100000,0.100000,0.380167,83461.023438,1.117140,0.000000,0.000000,1.000000,1.000000,1.000000,1.000000,0.000000,0.000000,0.000000,-1.695680
54.270472,3.000000,66.763123,-5.085837,707.125576,9.220045,23.180265,220.344055,220.364853,229.794639,8.217945,0.462493,9.018027,-2.308045,-1.118493,-1.059442,6.235368,0.029396,0.002388,-0.000220,0.100000,0.100000,0.358279,83461.023438,1.114573,0.000000,0.000000,1.000000,1.000000,1.000000,1.000000,0.000000,0.000000,0.000000,-1.650994
54.321911,3.000000,72.800354,-5.095888,707.008372,9.093275,22.796768,220.070328,220.109772,229.528894,8.235809,0.462395,9.016092,-2.264474,-1.098654,-1.050462,6.077210,0.029179,0.002411,-0.000220,0.100000,0.100000,0.338234,83461.023438,1.112092,0.000000,0.000000,1.000000,1.000000,1.000000,1.000000,0.000000,0.000000,0.000000,-1.608270
54.372087,3.000000,78.808357,-5.105838,706.896171,8.971937,22.421837,219.804489,219.856049,229.264543,8.252279,0.462297,9.013795,-2.222307,-1.079443,-1.041684,5.919821,0.028987,0.002432,-0.000221,0.100000,0.100000,0.320130,83461.023438,1.109592,0.000000,0.000000,1.000000,1.000000,1.000000,1.000000,0.000000,0.000000,0.000000,-1.567814
54.423666,3.000000,84.780991,-5.115679,706.782959,8.870192,22.055569,219.532379,219.603973,229.001838,8.268303,0.462195,9.011119,-2.181618,-1.060899,-1.033109,5.763360,0.028903,0.002452,-0.000221,0.100000,0.100000,0.302946,83461.023438,1.106863,0.000000,0.000000,1.000000,1.000000,1.000000,1.000000,0.000000,0.000000,0.000000,-1.527536
54.475666,3.000000,90.916725,-5.125735,706.670935,8.756605,21.685795,219.259201,219.345169,228.732133,8.283604,0.462093,9.008201,-2.141167,-1.042460,-1.024451,5.602627,0.028862,0.002475,-0.000222,0.100000,0.100000,0.287097,83461.023438,1.104152,0.000000,0.000000,1.000000,1.000000,1.000000,1.000000,0.000000,0.000000,0.000000,-1.488325
54.526333,3.000000,96.826569,-5.135370,706.563750,8.633131,21.335651,218.994324,219.096161,228.472528,8.297756,0.461992,9.005173,-2.103435,-1.025257,-1.016254,5.447814,0.028878,0.002496,-0.000223,0.100000,0.100000,0.273048,83461.023438,1.101712,0.000000,0.000000,1.000000,1.000000,1.000000,1.000000,0.000000,0.000000,0.000000,-1.451386
54.578474,3.000000,103.012810,-5.145402,706.455413,8.504469,20.975281,218.722977,218.835663,228.200954,8.311618,0.461890,9.001915,-2.065148,-1.007797,-1.007816,5.285763,0.028898,0.002519,-0.000223,0.100000,0.100000,0.259979,83461.023438,1.099225,0.000000,0.000000,1.000000,1.000000,1.000000,1.000000,0.000000,0.000000,0.000000,-1.414603
54.629730,3.000000,108.984421,-5.155035,706.350795,8.378004,20.633177,218.457428,218.584473,227.939006,8.324615,0.461789,8.998637,-2.029365,-0.991476,-0.999806,5.129336,0.028956,0.002543,-0.000224,0.100000,0.100000,0.248397,83461.023438,1.096876,0.000000,0.000000,1.000000,1.000000,1.000000,1.000000,0.000000,0.000000,0.000000,-1.379661
54.680005,3.000000,114.885109,-5.164502,706.249930,8.249769,20.300528,218.198181,218.336472,227.680364,8.336819,0.461689,8.995389,-1.995106,-0.975849,-0.992017,4.974769,0.029025,0.002564,-0.000225,0.100000,0.100000,0.238191,83461.023438,1.094650,0.000000,0.000000,1.000000,1.000000,1.000000,1.000000,0.000000,0.000000,0.000000,-1.346515
54.732236,3.000000,121.029945,-5.174310,706.146922,8.105177,19.959648,217.929993,218.078430,227.411223,8.348979,0.461582,8.991995,-1.960514,-0.960067,-0.984034,4.813807,0.029097,0.002590,-0.000226,0.100000,0.100000,0.228708,83461.023438,1.092532,0.000000,0.000000,1.000000,1.000000,1.000000,1.000000,0.000000,0.000000,0.000000,-1.313176
54.789823,3.000000,127.577942,-5.184702,706.035394,7.947584,19.602436,217.635498,217.803741,227.124671,8.361856,0.461468,8.988253,-1.924750,-0.943746,-0.975668,4.642287,0.029158,0.002617,-0.000227,0.100000,0.100000,0.219412,83461.023438,1.090349,0.000000,0.000000,1.000000,1.000000,1.000000,1.000000,0.000000,0.000000,0.000000,-1.277591
54.843302,3.000000,133.942734,-5.194746,705.933669,7.821302,19.260986,217.363480,217.537003,226.846409,8.373357,0.461357,8.984819,-1.891059,-0.928366,-0.967670,4.475568,0.029206,0.002644,-0.000228,0.100000,0.100000,0.211728,83461.023438,1.088185,0.000000,0.000000,1.000000,1.000000,1.000000,1.000000,0.000000,0.000000,0.000000,-1.245646
54.893820,3.000000,139.852951,-5.204022,705.839159,7.693006,18.948851,217.107727,217.289581,226.588242,8.383870,0.461256,8.981680,-1.860758,-0.914534,-0.960357,4.320757,0.029265,0.002667,-0.000229,0.100000,0.100000,0.205238,83461.023438,1.086312,0.000000,0.000000,1.000000,1.000000,1.000000,1.000000,0.000000,0.000000,0.000000,-1.216459
54.951145,3.000000,146.449005,-5.214317,705.733719,7.560316,18.605934,216.818756,217.013748,226.300400,8.395421,0.461138,8.978240,-1.827987,-0.899572,-0.952322,4.147983,0.029325,0.002692,-0.000230,0.100000,0.100000,0.198694,83461.023438,1.084173,0.000000,0.000000,1.000000,1.000000,1.000000,1.000000,0.000000,0.000000,0.000000,-1.184441
55.007972,3.000000,153.013809,-5.224504,705.631025,7.417860,18.270157,216.533615,216.739456,226.014174,8.406529,0.461020,8.975002,-1.796453,-0.885176,-0.944452,3.976030,0.029390,0.002718,-0.000231,0.100000,0.100000,0.192993,83461.023438,1.082217,0.000000,0.000000,1.000000,1.000000,1.000000,1.000000,0.000000,0.000000,0.000000,-1.153826
55.059740,3.000000,159.034622,-5.233795,705.539011,7.273084,17.966900,216.274948,216.488159,225.751914,8.416383,0.460911,8.972168,-1.768369,-0.872353,-0.937343,3.818326,0.029437,0.002744,-0.000231,0.100000,0.100000,0.188387,83461.023438,1.080745,0.000000,0.000000,1.000000,1.000000,1.000000,1.000000,0.000000,0.000000,0.000000,-1.126780
55.112010,3.000000,165.042313,-5.243016,705.447550,7.145216,17.668659,216.014679,216.237732,225.490544,8.426105,0.460800,8.969419,-1.741049,-0.859873,-0.930350,3.660968,0.029446,0.002769,-0.000232,0.100000,0.100000,0.184198,83461.023438,1.079209,0.000000,0.000000,1.000000,1.000000,1.000000,1.000000,0.000000,0.000000,0.000000,-1.100217
55.166113,3.000000,171.322586,-5.252602,705.354371,7.011426,17.361423,215.746277,215.976166,225.217532,8.435950,0.460685,8.966715,-1.713259,-0.847175,-0.923144,3.496472,0.029454,0.002796,-0.000233,0.100000,0.100000,0.180253,83461.023438,1.077659,0.000000,0.000000,1.000000,1.000000,1.000000,1.000000,0.000000,0.000000,0.000000,-1.073519
55.223402,3.000000,178.001007,-5.262736,705.257310,6.892042,17.039665,215.463104,215.698349,224.927524,8.446156,0.460561,8.964029,-1.684543,-0.834052,-0.915595,3.321548,0.029465,0.002826,-0.000234,0.100000,0.100000,0.176429,83461.023438,1.075851,0.000000,0.000000,1.000000,1.000000,1.000000,1.000000,0.000000,0.000000,0.000000,-1.046119
55.275209,3.000000,183.986664,-5.271767,705.170903,6.794935,16.755461,215.208191,215.449615,224.667859,8.455206,0.460447,8.961840,-1.659674,-0.822690,-0.908926,3.164771,0.029498,0.002848,-0.000235,0.100000,0.100000,0.173333,83461.023438,1.074115,0.000000,0.000000,1.000000,1.000000,1.000000,1.000000,0.000000,0.000000,0.000000,-1.022241
55.330897,3.000000,190.364090,-5.281335,705.079430,6.652784,16.456882,214.935059,215.184845,224.391466,8.464767,0.460326,8.959691,-1.633994,-0.810959,-0.901916,2.997734,0.029536,0.002876,-0.000236,0.100000,0.100000,0.170354,83461.023438,1.072782,0.000000,0.000000,1.000000,1.000000,1.000000,1.000000,0.000000,0.000000,0.000000,-0.997391
55.383307,3.000000,196.433060,-5.290389,704.994631,6.530653,16.176668,214.679031,214.933167,224.128717,8.473619,0.460207,8.957800,-1.610139,-0.800059,-0.895336,2.838777,0.029550,0.002902,-0.000236,0.100000,0.100000,0.167846,83461.023438,1.071514,0.000000,0.000000,1.000000,1.000000,1.000000,1.000000,0.000000,0.000000,0.000000,-0.974611
55.434687,3.000000,202.418274,-5.299269,704.912682,6.431043,15.903985,214.428864,214.685181,223.869823,8.482177,0.460089,8.956130,-1.587257,-0.789602,-0.888930,2.682015,0.029577,0.002928,-0.000237,0.100000,0.100000,0.165583,83461.023438,1.070059,0.000000,0.000000,1.000000,1.000000,1.000000,1.000000,0.000000,0.000000,0.000000,-0.952948
55.491243,3.000000,208.842896,-5.308747,704.823789,6.307630,15.615197,214.154434,214.419327,223.592228,8.491463,0.459955,8.954533,-1.563477,-0.778739,-0.882143,2.513746,0.029591,0.002954,-0.000238,0.100000,0.100000,0.163355,83461.023438,1.068660,0.000000,0.000000,1.000000,1.000000,1.000000,1.000000,0.000000,0.000000,0.000000,-0.929909
55.544523,3.000000,214.937973,-5.317686,704.741270,6.185377,15.344884,213.896606,214.167343,223.329138,8.500110,0.459827,8.953174,-1.541456,-0.768677,-0.875788,2.354108,0.029590,0.002981,-0.000239,0.100000,0.100000,0.161410,83461.023438,1.067612,0.000000,0.000000,1.000000,1.000000,1.000000,1.000000,0.000000,0.000000,0.000000,-0.908753
55.595751,3.000000,220.871246,-5.326341,704.663019,6.071729,15.085080,213.649506,213.922333,223.073285,8.508327,0.459700,8.952015,-1.520534,-0.759115,-0.869678,2.198709,0.029599,0.003007,-0.000239,0.100000,0.100000,0.159669,83461.023438,1.066541,0.000000,0.000000,1.000000,1.000000,1.000000,1.000000,0.000000,0.000000,0.000000,-0.888948
55.651734,3.000000,227.307465,-5.335675,704.578696,5.945264,14.806881,213.380341,213.656815,222.796061,8.517205,0.459557,8.950883,-1.498357,-0.748975,-0.863131,2.030139,0.029574,0.003037,-0.000240,0.100000,0.100000,0.157868,83461.023438,1.065519,0.000000,0.000000,1.000000,1.000000,1.000000,1.000000,0.000000,0.000000,0.000000,-0.867830
55.704224,3.000000,233.171494,-5.344131,704.500744,5.822278,14.556645,213.128494,213.415222,222.543767,8.525437,0.459422,8.949903,-1.478518,-0.739897,-0.857241,1.876556,0.029468,0.003063,-0.000240,0.100000,0.100000,0.156158,83461.023438,1.064757,0.000000,0.000000,1.000000,1.000000,1.000000,1.000000,0.000000,0.000000,0.000000,-0.848419
55.759358,3.000000,239.631119,-5.353392,704.419994,5.728956,14.284487,212.864838,213.149323,222.266098,8.533988,0.459272,8.949009,-1.457140,-0.730111,-0.850831,1.707375,0.029445,0.003093,-0.000241,0.100000,0.100000,0.154323,83461.023438,1.063511,0.000000,0.000000,1.000000,1.000000,1.000000,1.000000,0.000000,0.000000,0.000000,-0.828544
55.810389,3.000000,245.288086,-5.361456,704.346259,5.630262,14.049078,212.621353,212.916656,222.023162,8.541812,0.459132,8.948360,-1.438970,-0.721796,-0.845284,1.559217,0.029360,0.003117,-0.000241,0.100000,0.100000,0.152617,83461.023438,1.062539,0.000000,0.000000,1.000000,1.000000,1.000000,1.000000,0.000000,0.000000,0.000000,-0.810728
55.866785,3.000000,251.601166,-5.370405,704.265867,5.505872,13.789524,212.352753,212.657303,221.752315,8.550361,0.458974,8.947743,-1.419117,-0.712708,-0.839166,1.393875,0.029280,0.003145,-0.000242,0.100000,0.100000,0.150696,83461.023438,1.061755,0.000000,0.000000,1.000000,1.000000,1.000000,1.000000,0.000000,0.000000,0.000000,-0.791478
55.919300,3.000000,257.836273,-5.379191,704.192016,5.396192,13.536375,212.103424,212.401459,221.485131,8.558221,0.458821,8.947231,-1.399868,-0.703890,-0.833196,1.230577,0.029301,0.003177,-0.000242,0.100000,0.100000,0.148897,83461.023438,1.060953,0.000000,0.000000,1.000000,1.000000,1.000000,1.000000,0.000000,0.000000,0.000000,-0.773919
55.975625,3.000000,264.228149,-5.388144,704.113869,5.259534,13.280092,211.836838,212.139465,221.211541,8.566547,0.458650,8.946696,-1.380433,-0.694977,-0.827148,1.063174,0.029182,0.003208,-0.000243,0.100000,0.100000,0.146933,83461.023438,1.060574,0.000000,0.000000,1.000000,1.000000,1.000000,1.000000,0.000000,0.000000,0.000000,-0.755365
56.025638,3.000000,269.850922,-5.395974,704.045391,5.172437,13.057336,211.600571,211.909256,220.971126,8.573842,0.458492,8.946251,-1.363573,-0.687237,-0.821890,0.915914,0.029040,0.003236,-0.000243,0.100000,0.100000,0.145020,83461.023438,1.059716,0.000000,0.000000,1.000000,1.000000,1.000000,1.000000,0.000000,0.000000,0.000000,-0.739186
56.078894,3.000000,275.903137,-5.404356,703.973398,5.066846,12.820332,211.349457,211.661636,220.712559,8.581503,0.458321,8.945826,-1.345764,-0.679056,-0.816292,0.757408,0.028928,0.003266,-0.000243,0.100000,0.100000,0.142802,83461.023438,1.059017,0.000000,0.000000,1.000000,1.000000,1.000000,1.000000,0.000000,0.000000,0.000000,-0.722300
56.134079,3.000000,282.066559,-5.412841,703.899783,4.973951,12.581865,211.089813,211.409775,220.449528,8.589314,0.458141,8.945422,-1.327964,-0.670875,-0.810658,0.595990,0.028779,0.003295,-0.000244,0.100000,0.100000,0.140360,83461.023438,1.058133,0.000000,0.000000,1.000000,1.000000,1.000000,1.000000,0.000000,0.000000,0.000000,-0.705175
56.189072,3.000000,288.432922,-5.421553,703.827396,4.903089,12.338539,210.831696,211.149841,220.178087,8.596957,0.457955,8.945172,-1.310147,-0.662691,-0.804906,0.429259,0.028778,0.003323,-0.000244,0.100000,0.100000,0.137858,83461.023438,1.056707,0.000000,0.000000,1.000000,1.000000,1.000000,1.000000,0.000000,0.000000,0.000000,-0.688726
56.239743,3.000000,294.016113,-5.429149,703.761519,4.833936,12.127541,210.594528,210.922150,219.940253,8.603881,0.457779,8.945138,-1.295154,-0.655816,-0.799915,0.283038,0.028742,0.003346,-0.000244,0.100000,0.100000,0.135739,83461.023438,1.055456,0.000000,0.000000,1.000000,1.000000,1.000000,1.000000,0.000000,0.000000,0.000000,-0.674229
56.291620,3.000000,299.957977,-5.437188,703.694862,4.756727,11.905359,210.352127,210.680069,219.687440,8.610866,0.457596,8.945275,-1.279775,-0.648775,-0.794657,0.127425,0.028850,0.003373,-0.000244,0.100000,0.100000,0.133733,83461.023438,1.054351,0.000000,0.000000,1.000000,1.000000,1.000000,1.000000,0.000000,0.000000,0.000000,-0.659964
56.347386,3.000000,305.999359,-5.445313,703.624064,4.685499,11.681868,210.092026,210.434219,219.430682,8.618267,0.457399,8.945615,-1.264709,-0.641888,-0.789364,-0.030794,0.028856,0.003400,-0.000245,0.100000,0.100000,0.131852,83461.023438,1.053078,0.000000,0.000000,1.000000,1.000000,1.000000,1.000000,0.000000,0.000000,0.000000,-0.645252
56.399956,3.000000,312.181824,-5.453579,703.558097,4.617689,11.455568,209.847473,210.182861,219.168140,8.625152,0.457210,8.946190,-1.249997,-0.635181,-0.784002,-0.192707,0.029138,0.003428,-0.000245,0.100000,0.100000,0.130433,83461.023438,1.051521,0.000000,0.000000,1.000000,1.000000,1.000000,1.000000,0.000000,0.000000,0.000000,-0.632102
56.453551,3.000000,318.041443,-5.461368,703.491579,4.557630,11.243211,209.598618,209.944885,218.919583,8.632107,0.457013,8.947078,-1.236774,-0.629177,-0.778965,-0.346165,0.029278,0.003451,-0.000246,0.100000,0.100000,0.129467,83461.023438,1.049993,0.000000,0.000000,1.000000,1.000000,1.000000,1.000000,0.000000,0.000000,0.000000,-0.619445
56.509285,3.000000,324.415527,-5.469789,703.423150,4.497877,11.014432,209.340271,209.686295,218.649463,8.639307,0.456810,8.948377,-1.223219,-0.623050,-0.773535,-0.513095,0.029642,0.003478,-0.000246,0.100000,0.100000,0.128942,83461.023438,1.048432,0.000000,0.000000,1.000000,1.000000,1.000000,1.000000,0.000000,0.000000,0.000000,-0.607109
56.559709,3.000000,330.053558,-5.477193,703.361857,4.430494,10.813880,209.106873,209.457794,218.410784,8.645808,0.456625,8.949855,-1.211881,-0.617950,-0.768771,-0.660748,0.029940,0.003502,-0.000246,0.100000,0.100000,0.128985,83461.023438,1.047137,0.000000,0.000000,1.000000,1.000000,1.000000,1.000000,0.000000,0.000000,0.000000,-0.596603
56.610811,3.000000,335.759705,-5.484645,703.300301,4.384046,10.612532,208.870743,209.226761,218.169434,8.652413,0.456436,8.951714,-1.201053,-0.613106,-0.763983,-0.810185,0.030275,0.003526,-0.000247,0.100000,0.100000,0.129558,83461.023438,1.045496,0.000000,0.000000,1.000000,1.000000,1.000000,1.000000,0.000000,0.000000,0.000000,-0.586644
56.667955,3.000000,342.229431,-5.493044,703.232093,4.303480,10.386074,208.607346,208.965088,217.896081,8.659857,0.456222,8.954238,-1.189617,-0.608031,-0.758592,-0.979618,0.030751,0.003554,-0.000247,0.100000,0.100000,0.130925,83461.023438,1.044280,0.000000,0.000000,1.000000,1.000000,1.000000,1.000000,0.000000,0.000000,0.000000,-0.576300
56.724395,3.000000,348.465424,-5.501089,703.165333,4.229993,10.169517,208.347717,208.713181,217.632902,8.667306,0.456009,8.957144,-1.179230,-0.603451,-0.753430,-1.142930,0.031117,0.003582,-0.000248,0.100000,0.100000,0.132966,83461.023438,1.043248,0.000000,0.000000,1.000000,1.000000,1.000000,1.000000,0.000000,0.000000,0.000000,-0.566724
56.777220,3.000000,354.451904,-5.508765,703.103366,4.173170,9.963120,208.105240,208.471573,217.380504,8.674398,0.455804,8.960262,-1.169794,-0.599318,-0.748504,-1.299706,0.031546,0.003608,-0.000248,0.100000,0.100000,0.135417,83461.023438,1.041950,0.000000,0.000000,1.000000,1.000000,1.000000,1.000000,0.000000,0.000000,0.000000,-0.558325
56.831133,3.000000,360.380402,-5.516321,703.040607,4.117506,9.760066,207.858139,208.232559,217.130775,8.681786,0.455593,8.963908,-1.161072,-0.595534,-0.743651,-1.454964,0.031893,0.003635,-0.000249,0.100000,0.100000,0.138391,83461.023438,1.040722,0.000000,0.000000,1.000000,1.000000,1.000000,1.000000,0.000000,0.000000,0.000000,-0.550386
56.887825,3.000000,366.666779,-5.524284,702.975105,4.047132,9.546111,207.598633,207.979370,216.866232,8.689737,0.455367,8.968218,-1.152408,-0.591811,-0.738531,-1.619594,0.032311,0.003662,-0.000249,0.100000,0.100000,0.141953,83461.023438,1.039652,0.000000,0.000000,1.000000,1.000000,1.000000,1.000000,0.000000,0.000000,0.000000,-0.542624
56.939336,3.000000,372.447266,-5.531562,702.916004,3.977674,9.350528,207.363022,207.746750,216.623207,8.697148,0.455157,8.972462,-1.144774,-0.588550,-0.733843,-1.770974,0.032714,0.003689,-0.000249,0.100000,0.100000,0.145464,83461.023438,1.039203,0.000000,0.000000,1.000000,1.000000,1.000000,1.000000,0.000000,0.000000,0.000000,-0.535862
56.994295,3.000000,378.648956,-5.539324,702.853361,3.919202,9.141863,207.112289,207.497452,216.362711,8.705267,0.454929,8.977431,-1.137001,-0.585258,-0.728835,-1.933385,0.033147,0.003717,-0.000250,0.100000,0.100000,0.149629,83461.023438,1.038103,0.000000,0.000000,1.000000,1.000000,1.000000,1.000000,0.000000,0.000000,0.000000,-0.529114
57.051725,3.000000,384.506744,-5.546611,702.788332,3.857496,8.945804,206.850433,207.262192,216.116898,8.714007,0.454686,8.983136,-1.130129,-0.582383,-0.724121,-2.086789,0.033138,0.003742,-0.000250,0.100000,0.100000,0.154332,83461.023438,1.037280,0.000000,0.000000,1.000000,1.000000,1.000000,1.000000,0.000000,0.000000,0.000000,-0.522575
57.108054,3.000000,391.308868,-5.555018,702.724951,3.792432,8.719319,206.594360,206.989212,215.831666,8.722835,0.454439,8.989158,-1.122539,-0.579236,-0.718667,-2.264923,0.033931,0.003774,-0.000250,0.100000,0.100000,0.159161,83461.023438,1.036535,0.000000,0.000000,1.000000,1.000000,1.000000,1.000000,0.000000,0.000000,0.000000,-0.516510
57.163929,3.000000,397.526367,-5.562652,702.662453,3.733655,8.513337,206.340637,206.739960,215.571230,8.731871,0.454187,8.995584,-1.115974,-0.576544,-0.713697,-2.427747,0.034292,0.003803,-0.000251,0.100000,0.100000,0.164217,83461.023438,1.036019,0.000000,0.000000,1.000000,1.000000,1.000000,1.000000,0.000000,0.000000,0.000000,-0.510844
57.221274,3.000000,403.564972,-5.570020,702.598681,3.680738,8.314180,206.080414,206.498047,215.318476,8.741445,0.453925,9.002640,-1.109874,-0.574066,-0.708884,-2.585885,0.034372,0.003829,-0.000251,0.100000,0.100000,0.169523,83461.023438,1.035293,0.000000,0.000000,1.000000,1.000000,1.000000,1.000000,0.000000,0.000000,0.000000,-0.505349
57.271936,3.000000,409.262817,-5.576930,702.542639,3.618726,8.127039,205.850494,206.269943,215.080138,8.750156,0.453696,9.009226,-1.104348,-0.571841,-0.704354,-2.735099,0.034768,0.003854,-0.000251,0.100000,0.100000,0.174008,83461.023438,1.035031,0.000000,0.000000,1.000000,1.000000,1.000000,1.000000,0.000000,0.000000,0.000000,-0.500698
57.325109,3.000000,415.148315,-5.584025,702.484110,3.551954,7.934490,205.609680,206.034576,214.834176,8.759552,0.453448,9.016424,-1.098721,-0.569579,-0.699684,-2.889227,0.035031,0.003883,-0.000251,0.100000,0.100000,0.178954,83461.023438,1.034842,0.000000,0.000000,1.000000,1.000000,1.000000,1.000000,0.000000,0.000000,0.000000,-0.495889
57.379853,3.000000,421.336823,-5.591440,702.424164,3.479810,7.732861,205.361877,205.787170,214.575698,8.769494,0.453181,9.024056,-1.092755,-0.567169,-0.694786,-3.051290,0.035349,0.003915,-0.000251,0.100000,0.100000,0.183880,83461.023438,1.035111,0.000000,0.000000,1.000000,1.000000,1.000000,1.000000,0.000000,0.000000,0.000000,-0.490863
57.430355,3.000000,426.856110,-5.598012,702.369145,3.437818,7.553762,205.133606,205.566696,214.345338,8.778905,0.452927,9.031378,-1.087466,-0.565030,-0.690428,-3.195827,0.035447,0.003943,-0.000251,0.100000,0.100000,0.188385,83461.023438,1.034624,0.000000,0.000000,1.000000,1.000000,1.000000,1.000000,0.000000,0.000000,0.000000,-0.486313
57.481351,3.000000,432.462036,-5.604650,702.313856,3.396192,7.372535,204.903275,205.342926,214.111523,8.788630,0.452669,9.039074,-1.082265,-0.562942,-0.686011,-3.342633,0.035602,0.003965,-0.000251,0.100000,0.100000,0.192741,83461.023438,1.034314,0.000000,0.000000,1.000000,1.000000,1.000000,1.000000,0.000000,0.000000,0.000000,-0.481885
57.532764,3.000000,438.172363,-5.611371,702.258377,3.346326,7.188616,204.671219,205.115128,213.873480,8.798659,0.452405,9.047129,-1.077120,-0.560890,-0.681520,-3.492173,0.035829,0.003992,-0.000251,0.100000,0.100000,0.196985,83461.023438,1.034122,0.000000,0.000000,1.000000,1.000000,1.000000,1.000000,0.000000,0.000000,0.000000,-0.477568
57.583289,3.000000,443.641327,-5.617771,702.204108,3.303419,7.013097,204.443375,204.897079,213.645642,8.808722,0.452140,9.055310,-1.072289,-0.558970,-0.677228,-3.635391,0.035928,0.004016,-0.000251,0.100000,0.100000,0.201094,83461.023438,1.033687,0.000000,0.000000,1.000000,1.000000,1.000000,1.000000,0.000000,0.000000,0.000000,-0.473443
57.634175,3.000000,449.255798,-5.624302,702.149699,3.245801,6.833531,204.214020,204.673294,213.411841,8.819065,0.451870,9.063754,-1.067374,-0.557017,-0.672829,-3.782420,0.036113,0.004043,-0.000251,0.100000,0.100000,0.205082,83461.023438,1.033884,0.000000,0.000000,1.000000,1.000000,1.000000,1.000000,0.000000,0.000000,0.000000,-0.469293
57.686355,3.000000,454.964417,-5.630903,702.094171,3.179517,6.651622,203.978973,204.445923,213.174259,8.829876,0.451587,9.072501,-1.062172,-0.554920,-0.668365,-3.931914,0.036191,0.004071,-0.000251,0.100000,0.100000,0.208944,83461.023438,1.034243,0.000000,0.000000,1.000000,1.000000,1.000000,1.000000,0.000000,0.000000,0.000000,-0.464824
57.736755,3.000000,460.485382,-5.637249,702.040801,3.120496,6.476366,203.752151,204.226135,212.944626,8.840505,0.451304,9.081050,-1.056974,-0.552801,-0.664058,-4.076493,0.036226,0.004102,-0.000251,0.100000,0.100000,0.212405,83461.023438,1.034595,0.000000,0.000000,1.000000,1.000000,1.000000,1.000000,0.000000,0.000000,0.000000,-0.460350
57.791680,3.000000,466.363678,-5.643964,701.982951,3.034559,6.290543,203.504913,203.992249,212.700310,8.852272,0.450987,9.090296,-1.051031,-0.550324,-0.659483,-4.230430,0.036065,0.004132,-0.000251,0.100000,0.100000,0.215640,83461.023438,1.035720,0.000000,0.000000,1.000000,1.000000,1.000000,1.000000,0.000000,0.000000,0.000000,-0.454999
57.841972,3.000000,471.790070,-5.650125,701.930295,2.952344,6.119804,203.278595,203.776505,212.474904,8.863183,0.450682,9.098563,-1.044966,-0.547728,-0.655273,-4.372533,0.035843,0.004168,-0.000250,0.100000,0.100000,0.217919,83461.023438,1.037199,0.000000,0.000000,1.000000,1.000000,1.000000,1.000000,0.000000,0.000000,0.000000,-0.449468
57.894234,3.000000,477.681458,-5.656772,701.875930,2.854627,5.935427,203.043777,203.542404,212.230336,8.874624,0.450347,9.106832,-1.037539,-0.544463,-0.650720,-4.526812,0.035625,0.004208,-0.000249,0.100000,0.100000,0.219543,83461.023438,1.038750,0.000000,0.000000,1.000000,1.000000,1.000000,1.000000,0.000000,0.000000,0.000000,-0.442926
57.944620,3.000000,483.110168,-5.662858,701.823902,2.764844,5.766585,202.817627,203.326813,212.005152,8.885702,0.450003,9.114367,-1.029812,-0.540982,-0.646545,-4.668975,0.035081,0.004250,-0.000248,0.100000,0.100000,0.220125,83461.023438,1.040586,0.000000,0.000000,1.000000,1.000000,1.000000,1.000000,0.000000,0.000000,0.000000,-0.435713
57.998587,3.000000,488.935974,-5.669350,701.768656,2.656629,5.586707,202.575531,203.095566,211.763655,8.897567,0.449616,9.121786,-1.020351,-0.536623,-0.642093,-4.821536,0.034338,0.004296,-0.000247,0.100000,0.100000,0.219274,83461.023438,1.043207,0.000000,0.000000,1.000000,1.000000,1.000000,1.000000,0.000000,0.000000,0.000000,-0.426759
58.054705,3.000000,495.067017,-5.676136,701.711805,2.582960,5.399122,202.323914,202.852356,211.509700,8.909798,0.449188,9.128719,-1.009045,-0.531315,-0.637445,-4.982090,0.033443,0.004343,-0.000246,0.100000,0.100000,0.216577,83461.023438,1.044791,0.000000,0.000000,1.000000,1.000000,1.000000,1.000000,0.000000,0.000000,0.000000,-0.416195
58.111905,3.000000,501.204468,-5.682883,701.654541,2.505262,5.213297,202.067657,202.609070,211.255656,8.922055,0.448731,9.135126,-0.996880,-0.525541,-0.632838,-5.142813,0.032474,0.004385,-0.000244,0.100000,0.100000,0.212016,83461.023438,1.046292,0.000000,0.000000,1.000000,1.000000,1.000000,1.000000,0.000000,0.000000,0.000000,-0.404594
58.167797,3.000000,507.348724,-5.689590,701.599306,2.400159,5.029404,201.817673,202.365631,211.001478,8.933729,0.448265,9.140449,-0.983571,-0.519150,-0.628275,-5.303712,0.031506,0.004434,-0.000242,0.100000,0.100000,0.205833,83461.023438,1.048737,0.000000,0.000000,1.000000,1.000000,1.000000,1.000000,0.000000,0.000000,0.000000,-0.392081
58.221766,3.000000,513.163208,-5.695893,701.546714,2.320081,4.857573,201.576691,202.135452,210.761182,8.944624,0.447789,9.144560,-0.969730,-0.512428,-0.624010,-5.455976,0.030399,0.004484,-0.000241,0.100000,0.100000,0.198149,83461.023438,1.050527,0.000000,0.000000,1.000000,1.000000,1.000000,1.000000,0.000000,0.000000,0.000000,-0.378804
58.277299,3.000000,519.153442,-5.702344,701.493419,2.239515,4.682989,201.329041,201.898483,210.513797,8.955344,0.447278,9.147769,-0.954458,-0.504951,-0.619676,-5.612843,0.029230,0.004534,-0.000239,0.100000,0.100000,0.188466,83461.023438,1.052120,0.000000,0.000000,1.000000,1.000000,1.000000,1.000000,0.000000,0.000000,0.000000,-0.364162
58.330201,3.000000,524.899658,-5.708490,701.443467,2.170240,4.517998,201.093689,201.671310,210.276689,8.965014,0.446772,9.149894,-0.939062,-0.497366,-0.615581,-5.763319,0.028148,0.004580,-0.000237,0.100000,0.100000,0.177712,83461.023438,1.053289,0.000000,0.000000,1.000000,1.000000,1.000000,1.000000,0.000000,0.000000,0.000000,-0.349514
58.383720,3.000000,530.701965,-5.714654,701.393785,2.075147,4.354000,200.856033,201.442108,210.037460,8.974182,0.446248,9.150933,-0.922661,-0.489237,-0.611512,-5.915263,0.027025,0.004631,-0.000235,0.100000,0.100000,0.165423,83461.023438,1.055364,0.000000,0.000000,1.000000,1.000000,1.000000,1.000000,0.000000,0.000000,0.000000,-0.333791
58.436758,3.000000,536.450562,-5.720721,701.345446,2.007032,4.194274,200.620987,201.215225,209.800664,8.982577,0.445704,9.150828,-0.905492,-0.480675,-0.607551,-6.065801,0.025866,0.004681,-0.000233,0.100000,0.100000,0.151849,83461.023438,1.056258,0.000000,0.000000,1.000000,1.000000,1.000000,1.000000,0.000000,0.000000,0.000000,-0.317410
58.488390,3.000000,541.959595,-5.726496,701.299280,1.916456,4.043896,200.392776,200.998032,209.573997,8.990018,0.445156,9.149582,-0.888361,-0.472092,-0.603824,-6.210065,0.024738,0.004734,-0.000231,0.100000,0.100000,0.137409,83461.023438,1.058028,0.000000,0.000000,1.000000,1.000000,1.000000,1.000000,0.000000,0.000000,0.000000,-0.300723
58.545300,3.000000,548.033752,-5.732820,701.249467,1.819898,3.881328,200.141983,200.758804,209.324372,8.997313,0.444525,9.146699,-0.868368,-0.462018,-0.599799,-6.369128,0.023408,0.004799,-0.000228,0.100000,0.100000,0.120031,83461.023438,1.059901,0.000000,0.000000,1.000000,1.000000,1.000000,1.000000,0.000000,0.000000,0.000000,-0.281233
58.595972,3.000000,553.577393,-5.738552,701.206109,1.753248,3.736094,199.919250,200.540680,209.096801,9.002941,0.443941,9.142871,-0.849324,-0.452378,-0.596208,-6.514298,0.022196,0.004853,-0.000226,0.100000,0.100000,0.103305,83461.023438,1.060669,0.000000,0.000000,1.000000,1.000000,1.000000,1.000000,0.000000,0.000000,0.000000,-0.263186
58.647970,3.000000,559.222107,-5.744350,701.162615,1.684034,3.591391,199.691360,200.318863,208.865358,9.007810,0.443327,9.137841,-0.829558,-0.442340,-0.592635,-6.662116,0.021033,0.004906,-0.000224,0.100000,0.100000,0.085118,83461.023438,1.061259,0.000000,0.000000,1.000000,1.000000,1.000000,1.000000,0.000000,0.000000,0.000000,-0.244341
58.699184,3.000000,564.620972,-5.749859,701.120782,1.606275,3.456046,199.467651,200.107010,208.644326,9.011648,0.442705,9.131700,-0.810267,-0.432511,-0.589300,-6.803494,0.019962,0.004961,-0.000221,0.100000,0.100000,0.066353,83461.023438,1.062077,0.000000,0.000000,1.000000,1.000000,1.000000,1.000000,0.000000,0.000000,0.000000,-0.225384
58.753590,3.000000,570.348938,-5.755664,701.077463,1.524244,3.315818,199.230728,199.882507,208.410140,9.014655,0.442024,9.123830,-0.789308,-0.421798,-0.585851,-6.953491,0.018840,0.005026,-0.000219,0.100000,0.100000,0.045622,83461.023438,1.062768,0.000000,0.000000,1.000000,1.000000,1.000000,1.000000,0.000000,0.000000,0.000000,-0.204775
58.805367,3.000000,575.920776,-5.761273,701.037332,1.440015,3.182831,199.005997,199.664536,208.182717,9.016450,0.441359,9.115011,-0.768484,-0.411118,-0.582588,-7.099399,0.017751,0.005090,-0.000217,0.100000,0.100000,0.025230,83461.023438,1.063671,0.000000,0.000000,1.000000,1.000000,1.000000,1.000000,0.000000,0.000000,0.000000,-0.184722
58.859874,3.000000,581.791382,-5.767142,700.996256,1.377576,3.046424,198.770615,199.435196,207.943503,9.017177,0.440636,9.104381,-0.746127,-0.399617,-0.579250,-7.253131,0.016624,0.005156,-0.000214,0.100000,0.100000,0.003008,83461.023438,1.063489,0.000000,0.000000,1.000000,1.000000,1.000000,1.000000,0.000000,0.000000,0.000000,-0.163314
58.911149,3.000000,587.285950,-5.772598,700.958715,1.317640,2.922239,198.550323,199.220886,207.719965,9.016736,0.439940,9.093248,-0.725196,-0.388825,-0.576221,-7.397016,0.015679,0.005212,-0.000212,0.100000,0.100000,-0.018346,83461.023438,1.063112,0.000000,0.000000,1.000000,1.000000,1.000000,1.000000,0.000000,0.000000,0.000000,-0.143202
58.961451,3.000000,592.663025,-5.777902,700.922913,1.256361,2.803957,198.335159,199.011566,207.501588,9.015243,0.439250,9.081464,-0.705074,-0.378435,-0.573344,-7.537823,0.014924,0.005262,-0.000210,0.100000,0.100000,-0.039396,83461.023438,1.062382,0.000000,0.000000,1.000000,1.000000,1.000000,1.000000,0.000000,0.000000,0.000000,-0.123883
59.018253,3.000000,598.725769,-5.783841,700.883694,1.175977,2.674406,198.093506,198.775986,207.255849,9.012280,0.438455,9.066867,-0.682436,-0.366719,-0.570205,-7.696586,0.014122,0.005333,-0.000208,0.100000,0.100000,-0.063131,83461.023438,1.062240,0.000000,0.000000,1.000000,1.000000,1.000000,1.000000,0.000000,0.000000,0.000000,-0.102090
59.075305,3.000000,604.785217,-5.789734,700.845585,1.099073,2.548959,197.852081,198.541077,207.010792,9.007953,0.437638,9.050959,-0.660008,-0.355087,-0.567177,-7.855262,0.013401,0.005401,-0.000206,0.100000,0.100000,-0.086818,83461.023438,1.061684,0.000000,0.000000,1.000000,1.000000,1.000000,1.000000,0.000000,0.000000,0.000000,-0.080448
59.126852,3.000000,610.236023,-5.794998,700.812251,1.031629,2.439543,197.635147,198.330246,206.790888,9.002886,0.436880,9.035515,-0.639995,-0.344687,-0.564548,-7.998000,0.012800,0.005469,-0.000204,0.100000,0.100000,-0.108007,83461.023438,1.060920,0.000000,0.000000,1.000000,1.000000,1.000000,1.000000,0.000000,0.000000,0.000000,-0.061101
59.178020,3.000000,615.681702,-5.800222,700.780177,0.964979,2.333436,197.421051,198.120087,206.571665,8.996782,0.436116,9.019233,-0.620261,-0.334413,-0.562009,-8.140604,0.012248,0.005537,-0.000202,0.100000,0.100000,-0.128777,83461.023438,1.060239,0.000000,0.000000,1.000000,1.000000,1.000000,1.000000,0.000000,0.000000,0.000000,-0.042162
59.234352,3.000000,621.643250,-5.805904,700.746010,0.907667,2.220892,197.186783,197.890533,206.332215,8.988846,0.435261,9.000413,-0.599198,-0.323432,-0.559328,-8.296716,0.011770,0.005603,-0.000200,0.100000,0.100000,-0.151192,83461.023438,1.058429,0.000000,0.000000,1.000000,1.000000,1.000000,1.000000,0.000000,0.000000,0.000000,-0.021955
59.288081,3.000000,627.317200,-5.811274,700.714501,0.852735,2.117180,196.964630,197.672623,206.104895,8.980121,0.434437,8.981756,-0.579981,-0.313405,-0.556870,-8.445297,0.011477,0.005664,-0.000198,0.100000,0.100000,-0.171808,83461.023438,1.056416,0.000000,0.000000,1.000000,1.000000,1.000000,1.000000,0.000000,0.000000,0.000000,-0.003555
59.338272,3.000000,632.664978,-5.816302,700.685964,0.822401,2.022307,196.758545,197.467743,205.891189,8.970994,0.433663,8.963961,-0.562956,-0.304521,-0.554633,-8.585337,0.011399,0.005713,-0.000197,0.100000,0.100000,-0.190150,83461.023438,1.053544,0.000000,0.000000,1.000000,1.000000,1.000000,1.000000,0.000000,0.000000,0.000000,0.012467
59.389333,3.000000,638.039978,-5.821324,700.657741,0.803236,1.929531,196.550079,197.262314,205.676846,8.960798,0.432886,8.946018,-0.547725,-0.296591,-0.552455,-8.726089,0.011715,0.005744,-0.000197,0.100000,0.100000,-0.207281,83461.023438,1.049181,0.000000,0.000000,1.000000,1.000000,1.000000,1.000000,0.000000,0.000000,0.000000,0.026757
59.440325,3.000000,643.461182,-5.826357,700.630266,0.782362,1.838241,196.343246,197.055573,205.461168,8.949804,0.432128,8.928329,-0.534332,-0.289642,-0.550320,-8.868052,0.012342,0.005780,-0.000196,0.100000,0.100000,-0.222360,83461.023438,1.044894,0.000000,0.000000,1.000000,1.000000,1.000000,1.000000,0.000000,0.000000,0.000000,0.039075
59.492331,3.000000,648.862244,-5.831340,700.602853,0.785718,1.749207,196.133621,196.850098,205.246766,8.937867,0.431378,8.911103,-0.523637,-0.284141,-0.548245,-9.009486,0.013428,0.005795,-0.000197,0.100000,0.100000,-0.235041,83461.023438,1.038585,0.000000,0.000000,1.000000,1.000000,1.000000,1.000000,0.000000,0.000000,0.000000,0.048779
59.545370,3.000000,654.446472,-5.836460,700.575367,0.764966,1.658653,195.921158,196.638199,205.025601,8.925106,0.430646,8.894542,-0.515592,-0.280078,-0.546137,-9.155717,0.014974,0.005817,-0.000197,0.100000,0.100000,-0.244566,83461.023438,1.033356,0.000000,0.000000,1.000000,1.000000,1.000000,1.000000,0.000000,0.000000,0.000000,0.055720
59.595678,3.000000,659.760620,-5.841303,700.549594,0.770826,1.573440,195.720963,196.437027,204.815692,8.912634,0.429978,8.880040,-0.510740,-0.277727,-0.544155,-9.294875,0.016773,0.005831,-0.000198,0.100000,0.100000,-0.250033,83461.023438,1.026765,0.000000,0.000000,1.000000,1.000000,1.000000,1.000000,0.000000,0.000000,0.000000,0.059389
59.647686,3.000000,665.275635,-5.846299,700.523090,0.763380,1.485454,195.515121,196.228882,204.598353,8.899565,0.429320,8.866638,-0.509031,-0.277091,-0.542106,-9.439294,0.019054,0.005842,-0.000199,0.100000,0.100000,-0.251661,83461.023438,1.020515,0.000000,0.000000,1.000000,1.000000,1.000000,1.000000,0.000000,0.000000,0.000000,0.059939
59.699055,3.000000,670.690796,-5.851175,700.496892,0.748792,1.398980,195.313034,196.024979,204.385523,8.886685,0.428699,8.855024,-0.510359,-0.278104,-0.540085,-9.581098,0.021550,0.005858,-0.000201,0.100000,0.100000,-0.249058,83461.023438,1.014923,0.000000,0.000000,1.000000,1.000000,1.000000,1.000000,0.000000,0.000000,0.000000,0.057553
59.749320,3.000000,675.864014,-5.855807,700.471102,0.727674,1.315855,195.116394,195.830780,204.182732,8.874323,0.428113,8.845293,-0.514160,-0.280453,-0.538134,-9.716565,0.024012,0.005880,-0.000202,0.100000,0.100000,-0.242469,83461.023438,1.010171,0.000000,0.000000,1.000000,1.000000,1.000000,1.000000,0.000000,0.000000,0.000000,0.052671
59.799771,3.000000,681.241150,-5.860594,700.444941,0.720228,1.228510,194.920013,195.629440,203.972497,8.862344,0.427539,8.837243,-0.520474,-0.284190,-0.536072,-9.857373,0.026744,0.005904,-0.000204,0.100000,0.100000,-0.232099,83461.023438,1.004853,0.000000,0.000000,1.000000,1.000000,1.000000,1.000000,0.000000,0.000000,0.000000,0.045420
59.851122,3.000000,686.628174,-5.865362,700.417900,0.693677,1.139617,194.721024,195.428299,203.762381,8.850796,0.426975,8.831062,-0.529401,-0.289362,-0.533960,-9.998440,0.029571,0.005925,-0.000206,0.100000,0.100000,-0.217727,83461.023438,1.000682,0.000000,0.000000,1.000000,1.000000,1.000000,1.000000,0.000000,0.000000,0.000000,0.035554
59.901680,3.000000,691.874146,-5.869980,700.390765,0.682874,1.051360,194.525955,195.232864,203.558256,8.840246,0.426435,8.826867,-0.540005,-0.295454,-0.531846,-10.135813,0.032233,0.005952,-0.000208,0.100000,0.100000,-0.200098,83461.023438,0.996336,0.000000,0.000000,1.000000,1.000000,1.000000,1.000000,0.000000,0.000000,0.000000,0.023905
59.951906,3.000000,697.173584,-5.874619,700.363201,0.670850,0.960166,194.332932,195.035904,203.352514,8.830735,0.425911,8.824819,-0.552848,-0.302786,-0.529644,-10.274586,0.035063,0.005971,-0.000210,0.100000,0.100000,-0.179407,83461.023438,0.992281,0.000000,0.000000,1.000000,1.000000,1.000000,1.000000,0.000000,0.000000,0.000000,0.010258
60.003510,3.000000,702.502625,-5.879260,700.334149,0.650098,0.866060,194.135162,194.838348,203.146105,8.822128,0.425388,8.824872,-0.567595,-0.311179,-0.527352,-10.414134,0.037767,0.005994,-0.000212,0.100000,0.100000,-0.155131,83461.023438,0.988989,0.000000,0.000000,1.000000,1.000000,1.000000,1.000000,0.000000,0.000000,0.000000,-0.005547
60.053931,3.000000,707.819641,-5.883863,700.304968,0.646741,0.769485,193.942551,194.641647,202.940542,8.815001,0.424888,8.827091,-0.583914,-0.320449,-0.524978,-10.553367,0.040543,0.006013,-0.000214,0.100000,0.100000,-0.128754,83461.023438,0.985427,0.000000,0.000000,1.000000,1.000000,1.000000,1.000000,0.000000,0.000000,0.000000,-0.022573
60.109310,3.000000,713.558044,-5.888805,700.271903,0.648633,0.661909,193.731552,194.429733,202.719080,8.808795,0.424364,8.832400,-0.603758,-0.331702,-0.522309,-10.703634,0.043491,0.006022,-0.000217,0.100000,0.100000,-0.096740,83461.023438,0.981448,0.000000,0.000000,1.000000,1.000000,1.000000,1.000000,0.000000,0.000000,0.000000,-0.043505
60.160360,3.000000,718.852295,-5.893338,700.240387,0.628797,0.559240,193.537338,194.234665,202.515148,8.804710,0.423897,8.839706,-0.623583,-0.342938,-0.519738,-10.842271,0.046180,0.006039,-0.000219,0.100000,0.100000,-0.064949,83461.023438,0.979703,0.000000,0.000000,1.000000,1.000000,1.000000,1.000000,0.000000,0.000000,0.000000,-0.064173
60.211552,3.000000,724.110901,-5.897817,700.207741,0.595411,0.453848,193.342758,194.041229,202.312921,8.802299,0.423435,8.848999,-0.643847,-0.354436,-0.517074,-10.979975,0.048508,0.006073,-0.000221,0.100000,0.100000,-0.031320,83461.023438,0.979187,0.000000,0.000000,1.000000,1.000000,1.000000,1.000000,0.000000,0.000000,0.000000,-0.085365
60.264000,3.000000,729.554932,-5.902429,700.173197,0.578931,0.341086,193.143585,193.841339,202.103887,8.801650,0.422957,8.860501,-0.665073,-0.366499,-0.514200,-11.122533,0.050738,0.006106,-0.000223,0.100000,0.100000,0.004203,83461.023438,0.978388,0.000000,0.000000,1.000000,1.000000,1.000000,1.000000,0.000000,0.000000,0.000000,-0.107327
60.315283,3.000000,734.932678,-5.906959,700.138325,0.580701,0.225979,192.948868,193.644089,201.897612,8.802834,0.422492,8.873940,-0.686656,-0.378779,-0.511242,-11.263356,0.052929,0.006125,-0.000225,0.100000,0.100000,0.039831,83461.023438,0.976953,0.000000,0.000000,1.000000,1.000000,1.000000,1.000000,0.000000,0.000000,0.000000,-0.129429
60.366193,3.000000,740.224426,-5.911394,700.102611,0.545118,0.109001,192.755478,193.450241,201.694866,8.805832,0.422036,8.889192,-0.708174,-0.391041,-0.508212,-11.401927,0.054845,0.006153,-0.000226,0.100000,0.100000,0.075749,83461.023438,0.977597,0.000000,0.000000,1.000000,1.000000,1.000000,1.000000,0.000000,0.000000,0.000000,-0.151488
60.416677,3.000000,745.465942,-5.915763,700.066141,0.512464,0.000000,192.563568,193.258469,201.494300,8.810611,0.421573,8.905699,-0.728786,-0.402823,-0.505413,-11.539183,0.056098,0.006195,-0.000228,0.100000,0.100000,0.111211,83461.023438,0.979328,0.000000,0.000000,1.000000,1.000000,1.000000,1.000000,0.000000,0.000000,0.000000,-0.172553
60.471337,4.000000,751.141541,-5.920468,700.025648,0.468275,0.000000,192.355515,193.050919,201.277228,8.817578,0.419306,8.907043,-0.749284,-0.414599,-0.505958,-11.687805,-0.321349,0.006596,0.077492,1.000000,0.100000,0.105210,83461.023438,1.991843,1.000000,0.000000,1.000000,1.000000,1.000000,1.000000,1.000000,0.000000,0.000000,-0.162174
60.521966,4.000000,756.343506,-5.924926,700.000766,0.424268,0.000000,192.162003,192.392197,200.594231,8.806970,0.293409,8.648104,-0.354229,-0.196674,-0.507681,-11.824025,0.112941,0.095219,0.042005,1.000000,0.186970,-0.441052,83461.023438,2.266209,1.000000,0.000000,1.000000,1.000000,1.000000,1.000000,1.000000,0.000000,0.000000,0.285830
60.577917,4.000000,762.111755,-5.930410,700.000142,0.390760,0.000000,191.945801,191.880539,200.061732,8.778341,0.254272,8.376446,0.128218,0.071379,-0.509032,-11.975074,0.122197,0.005275,0.069266,1.000000,0.273330,-0.463858,83461.023438,1.582140,1.000000,0.000000,1.000000,1.000000,1.000000,1.000000,1.000000,0.000000,0.000000,0.721764
60.630272,4.000000,767.380005,-5.935949,700.015776,0.361036,0.000000,191.741730,191.658615,199.829355,8.759755,0.240416,8.230124,0.368223,0.205227,-0.509624,-12.113029,0.087265,0.000342,0.062425,1.000000,0.345830,-0.270361,83461.023438,1.369313,1.000000,0.000000,1.000000,1.000000,1.000000,1.000000,1.000000,0.000000,0.000000,0.950127
60.687328,4.000000,773.315491,-5.942675,700.043199,0.347120,0.000000,191.519348,191.410416,199.569438,8.748898,0.228623,8.137645,0.528489,0.294932,-0.510287,-12.268457,0.057289,-0.002152,0.055911,1.000000,0.416616,-0.128617,83461.023438,1.207791,1.000000,0.000000,1.000000,1.000000,1.000000,1.000000,1.000000,0.000000,0.000000,1.095223
60.742576,4.000000,779.008057,-5.949513,700.075177,0.373365,0.000000,191.304657,191.172195,199.320615,8.744442,0.218834,8.099686,0.597116,0.333646,-0.510924,-12.417524,0.035149,-0.000445,0.050503,1.000000,0.477844,-0.043890,83461.023438,1.082708,1.000000,0.000000,1.000000,1.000000,1.000000,1.000000,1.000000,0.000000,0.000000,1.153892
60.795044,4.000000,784.310364,-5.956165,700.107459,0.376173,0.000000,191.101349,190.948410,199.087289,8.743536,0.208522,8.084976,0.623043,0.348540,-0.511523,-12.556372,0.018993,0.002247,0.046009,1.000000,0.530047,0.002848,83461.023438,1.052871,1.000000,0.000000,1.000000,1.000000,1.000000,1.000000,1.000000,0.000000,0.000000,1.177262
60.849648,4.000000,789.816528,-5.963319,700.141994,0.376661,0.000000,190.890213,190.713043,198.842024,8.744452,0.195514,8.077232,0.637521,0.357079,-0.512154,-12.700557,0.005995,0.004217,0.041868,1.000000,0.578847,0.026964,83461.023438,1.055358,1.000000,0.000000,1.000000,1.000000,1.000000,1.000000,1.000000,0.000000,0.000000,1.191308
60.905141,4.000000,795.508911,-5.970944,700.178035,0.371656,0.000000,190.675812,190.465469,198.584021,8.746232,0.182020,8.069173,0.655231,0.367476,-0.512819,-12.849618,-0.004655,0.005107,0.038361,1.000000,0.623256,0.035714,83461.023438,1.047616,1.000000,0.000000,1.000000,1.000000,1.000000,1.000000,1.000000,0.000000,0.000000,1.207368
60.958370,4.000000,800.995789,-5.978486,700.213260,0.378675,0.000000,190.470230,190.223129,198.331578,8.748084,0.171204,8.066806,0.663718,0.372709,-0.513472,-12.993299,-0.013119,0.001738,0.035392,1.000000,0.661440,0.034177,83461.023438,1.026799,1.000000,0.000000,1.000000,1.000000,1.000000,1.000000,1.000000,0.000000,0.000000,1.213412
61.009572,4.000000,806.100281,-5.985650,700.247266,0.374769,0.000000,190.272278,189.994217,198.093165,8.749628,0.164788,8.066202,0.665388,0.374096,-0.514090,-13.126966,-0.020144,-0.001911,0.032670,1.000000,0.694510,0.027363,83461.023438,1.044924,1.000000,0.000000,1.000000,1.000000,1.000000,1.000000,1.000000,0.000000,0.000000,1.215789
61.066212,4.000000,811.972229,-5.994045,700.285250,0.382581,0.000000,190.052414,189.726334,197.814147,8.750813,0.161296,8.065216,0.671418,0.378019,-0.514815,-13.280729,-0.026996,-0.005701,0.029839,1.000000,0.727363,0.016034,83461.023438,1.002800,1.000000,0.000000,1.000000,1.000000,1.000000,1.000000,1.000000,0.000000,0.000000,1.218025
61.117869,4.000000,817.219849,-6.001667,700.319287,0.412122,0.000000,189.851273,189.484436,197.562506,8.751245,0.160925,8.077773,0.651449,0.367243,-0.515471,-13.418144,-0.032339,-0.008210,0.027464,1.000000,0.754218,0.002780,83461.023438,0.973961,1.000000,0.000000,1.000000,1.000000,1.000000,1.000000,1.000000,0.000000,0.000000,1.195038
61.173560,4.000000,822.661011,-6.009674,700.354381,0.435987,0.898665,189.633041,189.230820,197.298748,8.750907,0.160736,8.096004,0.619910,0.349931,-0.543990,-13.560627,-0.037515,-0.005630,0.025378,1.000000,0.780223,-0.012694,83461.023438,0.963149,0.000000,0.000000,1.000000,1.000000,1.000000,1.000000,1.000000,0.000000,0.000000,1.160562
61.226117,4.000000,828.175232,-6.017879,700.385723,0.462781,1.006104,189.425659,188.970276,197.027827,8.749763,0.158819,8.113004,0.585859,0.331165,-0.548069,-13.705024,-0.041785,-0.004816,0.023736,1.000000,0.802230,-0.028202,83461.023438,0.964692,0.000000,0.000000,1.000000,1.000000,1.000000,1.000000,1.000000,0.000000,0.000000,1.126992
61.277276,4.000000,833.352539,-6.025650,700.414587,0.497083,1.101604,189.222107,188.722519,196.770090,8.747869,0.156996,8.128695,0.554166,0.313661,-0.551752,-13.840597,-0.045407,-0.005120,0.022314,1.000000,0.821532,-0.043190,83461.023438,0.964834,0.000000,0.000000,1.000000,1.000000,1.000000,1.000000,1.000000,0.000000,0.000000,1.094515
61.329252,4.000000,838.537170,-6.033483,700.442241,0.526136,1.191979,189.013290,188.471283,196.508720,8.745175,0.155700,8.144090,0.522085,0.295896,-0.555296,-13.976362,-0.048662,-0.005768,0.021017,1.000000,0.839215,-0.057673,83461.023438,0.964721,0.000000,0.000000,1.000000,1.000000,1.000000,1.000000,1.000000,0.000000,0.000000,1.061189
61.381901,4.000000,843.886902,-6.041607,700.468527,0.533277,1.279646,188.799561,188.208908,196.235723,8.741710,0.155081,8.159020,0.488820,0.277429,-0.558798,-14.116451,-0.051561,-0.006515,0.019844,1.000000,0.855342,-0.071384,83461.023438,0.965649,0.000000,0.000000,1.000000,1.000000,1.000000,1.000000,1.000000,0.000000,0.000000,1.027380
61.432948,4.000000,849.008850,-6.049415,700.492361,0.553724,1.358275,188.590240,187.954788,195.971283,8.737687,0.155135,8.172865,0.457034,0.259739,-0.562004,-14.250575,-0.054031,-0.007242,0.018818,1.000000,0.869431,-0.083556,83461.023438,0.965425,0.000000,0.000000,1.000000,1.000000,1.000000,1.000000,1.000000,0.000000,0.000000,0.994621
61.483128,4.000000,854.105469,-6.057200,700.514186,0.587110,1.431293,188.382202,187.699127,195.705196,8.733169,0.155784,8.186319,0.424793,0.241745,-0.565047,-14.384036,-0.056204,-0.007964,0.017913,1.000000,0.881942,-0.094075,83461.023438,0.964140,0.000000,0.000000,1.000000,1.000000,1.000000,1.000000,1.000000,0.000000,0.000000,0.961776
61.534565,4.000000,859.269470,-6.065095,700.534865,0.608961,1.499814,188.166458,187.437241,195.432614,8.728033,0.157029,8.200105,0.391270,0.222978,-0.567978,-14.519260,-0.058201,-0.008698,0.017080,1.000000,0.893524,-0.103232,83461.023438,0.963291,0.000000,0.000000,1.000000,1.000000,1.000000,1.000000,1.000000,0.000000,0.000000,0.927314
61.585319,4.000000,864.349182,-6.072858,700.553564,0.622938,1.561735,187.951126,187.176971,195.161634,8.722543,0.158788,8.213559,0.357822,0.204200,-0.570705,-14.652279,-0.059935,-0.009400,0.016346,1.000000,0.903837,-0.110727,83461.023438,0.962792,0.000000,0.000000,1.000000,1.000000,1.000000,1.000000,1.000000,0.000000,0.000000,0.892910
61.640479,4.000000,869.915161,-6.081349,700.571940,0.637830,1.623232,187.714340,186.888779,194.861557,8.716195,0.161238,8.228229,0.320491,0.183178,-0.573512,-14.798030,-0.061581,-0.010142,0.015637,1.000000,0.913914,-0.117031,83461.023438,0.962080,0.000000,0.000000,1.000000,1.000000,1.000000,1.000000,1.000000,0.000000,0.000000,0.854873
61.696527,4.000000,875.473572,-6.089800,700.588493,0.646558,1.677864,187.470627,186.598053,194.558765,8.709454,0.164255,8.243278,0.282501,0.161716,-0.576120,-14.943583,-0.063012,-0.010873,0.014999,1.000000,0.923073,-0.121455,83461.023438,0.961436,0.000000,0.000000,1.000000,1.000000,1.000000,1.000000,1.000000,0.000000,0.000000,0.815566
61.747706,4.000000,880.573914,-6.097521,700.601714,0.666090,1.721909,187.245300,186.328705,194.278264,8.703124,0.167430,8.257195,0.247137,0.141676,-0.578337,-15.077141,-0.064107,-0.011523,0.014483,1.000000,0.930584,-0.123779,83461.023438,0.960160,0.000000,0.000000,1.000000,1.000000,1.000000,1.000000,1.000000,0.000000,0.000000,0.779170
61.801292,4.000000,885.855286,-6.105472,700.613584,0.673658,1.761242,187.006363,186.047470,193.985320,8.696423,0.171138,8.272169,0.209724,0.120410,-0.580449,-15.215439,-0.065044,-0.012115,0.013975,1.000000,0.937664,-0.124461,83461.023438,0.959352,0.000000,0.000000,1.000000,1.000000,1.000000,1.000000,1.000000,0.000000,0.000000,0.740339
61.854102,4.000000,891.136414,-6.113378,700.623273,0.694776,1.794050,186.768158,185.764191,193.690181,8.689824,0.174935,8.287477,0.171476,0.098601,-0.582368,-15.353731,-0.065730,-0.012456,0.013356,1.000000,0.943935,-0.123530,83461.023438,0.957756,0.000000,0.000000,1.000000,1.000000,1.000000,1.000000,1.000000,0.000000,0.000000,0.701232
61.904295,4.000000,896.170593,-6.120872,700.630594,0.705823,1.819097,186.539169,185.492340,193.406921,8.683640,0.178726,8.302586,0.134209,0.077285,-0.584012,-15.485557,-0.066171,-0.012970,0.012831,1.000000,0.949308,-0.121135,83461.023438,0.956638,0.000000,0.000000,1.000000,1.000000,1.000000,1.000000,1.000000,0.000000,0.000000,0.663351
61.956549,4.000000,901.268738,-6.128410,700.636215,0.721387,1.838105,186.298050,185.215485,193.118367,8.677373,0.182945,8.319053,0.095595,0.055131,-0.585486,-15.619057,-0.066410,-0.013565,0.012334,1.000000,0.954356,-0.117111,83461.023438,0.955083,0.000000,0.000000,1.000000,1.000000,1.000000,1.000000,1.000000,0.000000,0.000000,0.623046
62.008482,4.000000,906.482788,-6.136059,700.639739,0.720838,1.850747,186.055649,184.930923,192.821804,8.671392,0.187419,8.336174,0.055233,0.031903,-0.586787,-15.755592,-0.066456,-0.014164,0.011893,1.000000,0.958875,-0.111714,83461.023438,0.954183,0.000000,0.000000,1.000000,1.000000,1.000000,1.000000,1.000000,0.000000,0.000000,0.582235
62.064363,4.000000,912.055054,-6.144155,700.641194,0.708021,1.856486,185.791534,184.625626,192.503485,8.665309,0.192522,8.355224,0.011624,0.006725,-0.587940,-15.901508,-0.066583,-0.014794,0.011468,1.000000,0.963241,-0.104632,83461.023438,0.954013,0.000000,0.000000,1.000000,1.000000,1.000000,1.000000,1.000000,0.000000,0.000000,0.537981
62.119458,4.000000,917.458618,-6.151919,700.640261,0.717054,1.854359,185.528366,184.328323,192.193516,8.659731,0.197816,8.374660,-0.030947,-0.017934,-0.588820,-16.043005,-0.066801,-0.015400,0.011091,1.000000,0.967091,-0.096597,83461.023438,0.953101,0.000000,0.000000,1.000000,1.000000,1.000000,1.000000,1.000000,0.000000,0.000000,0.494086
62.170562,4.000000,922.273987,-6.158759,700.637259,0.718214,1.845960,185.281372,184.062408,191.916159,8.654972,0.202937,8.393412,-0.069333,-0.040236,-0.589404,-16.169102,-0.067092,-0.015956,0.010773,1.000000,0.970301,-0.088302,83461.023438,0.952570,0.000000,0.000000,1.000000,1.000000,1.000000,1.000000,1.000000,0.000000,0.000000,0.452972
62.221778,4.000000,927.543579,-6.166152,700.632196,0.701917,1.829692,185.031754,183.770264,191.611439,8.650643,0.208251,8.412809,-0.111644,-0.064893,-0.589822,-16.307091,-0.067433,-0.016497,0.010496,1.000000,0.973203,-0.079400,83461.023438,0.953078,0.000000,0.000000,1.000000,1.000000,1.000000,1.000000,1.000000,0.000000,0.000000,0.411611
62.272158,4.000000,932.544556,-6.173071,700.625204,0.694227,1.807396,184.783813,183.492020,191.321165,8.646838,0.213632,8.432225,-0.151518,-0.088203,-0.590005,-16.438047,-0.067800,-0.017009,0.010248,1.000000,0.975780,-0.070278,83461.023438,0.953289,0.000000,0.000000,1.000000,1.000000,1.000000,1.000000,1.000000,0.000000,0.000000,0.371248
62.322389,4.000000,937.430969,-6.179734,700.616252,0.691358,1.779147,184.534332,183.219131,191.036422,8.643512,0.219135,8.452156,-0.190577,-0.111106,-0.589981,-16.566002,-0.068215,-0.017517,0.010023,1.000000,0.978103,-0.060784,83461.023438,0.953328,0.000000,0.000000,1.000000,1.000000,1.000000,1.000000,1.000000,0.000000,0.000000,0.330951
62.376173,4.000000,942.627502,-6.186707,700.604467,0.673353,1.742037,184.264557,182.927887,190.732474,8.640491,0.225165,8.474045,-0.232106,-0.135533,-0.589732,-16.702080,-0.068707,-0.018048,0.009806,1.000000,0.980345,-0.050309,83461.023438,0.954102,0.000000,0.000000,1.000000,1.000000,1.000000,1.000000,1.000000,0.000000,0.000000,0.287925
62.430230,4.000000,947.985657,-6.193769,700.590356,0.656568,1.696176,183.990906,182.626495,190.417863,8.638027,0.231345,8.496394,-0.274497,-0.160551,-0.589235,-16.842388,-0.069223,-0.018563,0.009617,1.000000,0.982366,-0.039648,83461.023438,0.955163,0.000000,0.000000,1.000000,1.000000,1.000000,1.000000,1.000000,0.000000,0.000000,0.245200
62.481950,4.000000,953.074890,-6.200347,700.574837,0.642530,1.645531,183.726837,182.339172,190.117904,8.636010,0.237441,8.508700,-0.314516,-0.184248,-0.588537,-16.975655,-0.428757,-0.020091,0.009466,1.000000,0.984105,-0.066790,83461.023438,1.184660,0.000000,0.000000,1.000000,1.000000,1.000000,1.000000,1.000000,0.000000,1.000000,0.220522
62.533934,4.000000,958.112488,-6.206733,700.560999,0.624036,1.598676,183.459259,182.003113,189.767789,8.625544,0.246161,8.458065,-0.243697,-0.143025,-0.588114,-17.107571,-0.408291,-0.023514,0.009211,1.000000,0.985680,-0.313632,83461.023438,1.165417,0.000000,0.000000,1.000000,1.000000,1.000000,1.000000,1.000000,0.000000,1.000000,0.288729
62.583958,4.000000,963.035278,-6.212849,700.550796,0.605970,1.563215,183.200027,181.679260,189.430280,8.603826,0.255563,8.403851,-0.185571,-0.109105,-0.588018,-17.236479,-0.389016,-0.024653,0.008917,1.000000,0.987048,-0.533944,83461.023438,1.142309,0.000000,0.000000,1.000000,1.000000,1.000000,1.000000,1.000000,0.000000,1.000000,0.343683
62.635525,4.000000,967.935547,-6.218804,700.542897,0.604139,1.536302,182.931168,181.361710,189.099251,8.570390,0.265418,8.343590,-0.138776,-0.081735,-0.588178,-17.364796,-0.369811,-0.025220,0.008639,1.000000,0.988322,-0.742675,83461.023438,1.118136,0.000000,0.000000,1.000000,1.000000,1.000000,1.000000,1.000000,0.000000,1.000000,0.388819
62.686668,4.000000,972.967773,-6.224764,700.537080,0.612806,1.515449,182.663254,181.040329,188.764189,8.527112,0.275250,8.280840,-0.102932,-0.060732,-0.588547,-17.496571,-0.351619,-0.026014,0.008679,1.000000,0.989462,-0.930999,83461.023438,1.092883,0.000000,0.000000,1.000000,1.000000,1.000000,1.000000,1.000000,0.000000,1.000000,0.421351
62.737882,4.000000,977.952332,-6.230488,700.532645,0.613355,1.499539,182.394180,180.726730,188.437224,8.474619,0.284991,8.215801,-0.079499,-0.046987,-0.589052,-17.627096,-0.334291,-0.026332,0.008730,1.000000,0.990491,-1.101515,83461.023438,1.068789,0.000000,0.000000,1.000000,1.000000,1.000000,1.000000,1.000000,0.000000,1.000000,0.442064
62.792858,4.000000,983.068848,-6.236171,700.528753,0.607008,1.486066,182.104660,180.409714,188.106641,8.409090,0.295015,8.144295,-0.067554,-0.039998,-0.589650,-17.761078,-0.316707,-0.026413,0.008801,1.000000,0.991485,-1.265152,83461.023438,1.044704,0.000000,0.000000,1.000000,1.000000,1.000000,1.000000,1.000000,0.000000,1.000000,0.451584
62.849567,4.000000,988.612671,-6.242097,700.524952,0.596326,1.472386,181.805801,180.071564,187.754049,8.332668,0.304742,8.069448,-0.067761,-0.040195,-0.590312,-17.906248,-0.299716,-0.026362,0.008900,1.000000,0.992402,-1.413747,83461.023438,1.020183,0.000000,0.000000,1.000000,1.000000,1.000000,1.000000,1.000000,0.000000,1.000000,0.448329
62.906431,4.000000,994.188538,-6.247806,700.520623,0.591321,1.457114,181.506470,179.737000,187.405135,8.248168,0.313828,7.994189,-0.081343,-0.048342,-0.590913,-18.052258,-0.283878,-0.026266,0.009022,1.000000,0.993222,-1.543119,83461.023438,0.996091,0.000000,0.000000,1.000000,1.000000,1.000000,1.000000,1.000000,0.000000,1.000000,0.432192
62.957711,4.000000,999.106567,-6.252626,700.515680,0.566724,1.440408,181.237442,179.446320,187.101988,8.166149,0.321465,7.926799,-0.104109,-0.061972,-0.591325,-18.181042,-0.270650,-0.026168,0.009147,1.000000,0.993885,-1.643811,83461.023438,0.976931,0.000000,0.000000,1.000000,1.000000,1.000000,1.000000,1.000000,0.000000,1.000000,0.407121
63.009361,4.000000,1004.077698,-6.257287,700.509201,0.530958,1.418741,180.967407,179.156631,186.799804,8.078710,0.328633,7.859452,-0.136204,-0.081207,-0.591573,-18.311214,-0.258250,-0.026051,0.009288,1.000000,0.994487,-1.731168,83461.023438,0.959074,0.000000,0.000000,1.000000,1.000000,1.000000,1.000000,1.000000,0.000000,1.000000,0.372965
63.064103,4.000000,1009.351379,-6.261992,700.500201,0.504713,1.388862,180.682587,178.853104,186.483102,7.981554,0.335695,7.789128,-0.179595,-0.107260,-0.591598,-18.449312,-0.246295,-0.025975,0.009474,1.000000,0.995060,-1.808333,83461.023438,0.940795,0.000000,0.000000,1.000000,1.000000,1.000000,1.000000,1.000000,0.000000,1.000000,0.327613
63.120063,4.000000,1014.697021,-6.266503,700.488208,0.471326,1.349577,180.393036,178.549103,186.165807,7.878321,0.342417,7.719039,-0.233155,-0.139485,-0.591317,-18.589293,-0.235189,-0.025906,0.009683,1.000000,0.995585,-1.872644,83461.023438,0.923593,0.000000,0.000000,1.000000,1.000000,1.000000,1.000000,1.000000,0.000000,1.000000,0.271864
63.172368,4.000000,1019.638367,-6.270244,700.480086,0.433301,0.000000,180.124023,178.256760,185.861428,7.778932,0.306380,7.472332,-0.050998,-0.030560,-0.547921,-18.718687,-0.226278,0.029436,0.013916,1.000000,0.996025,-1.919693,83461.023438,1.767286,1.000000,0.000000,1.000000,1.000000,1.000000,1.000000,1.000000,0.000000,1.000000,0.516585
63.223104,4.000000,1024.516113,-6.272799,700.488265,0.410902,0.000000,179.865997,177.963943,185.555582,7.680395,0.282865,7.215396,0.241746,0.145100,-0.548824,-18.846416,-0.220172,0.002648,0.014787,1.000000,0.996410,-1.959375,83461.023438,1.405295,1.000000,0.000000,1.000000,1.000000,1.000000,1.000000,1.000000,0.000000,1.000000,0.779163
63.279863,4.000000,1029.933716,-6.274561,700.508318,0.383192,0.000000,179.582169,177.650391,185.227801,7.567953,0.269447,7.015501,0.400147,0.240600,-0.549795,-18.988281,-0.215387,-0.004347,0.015500,1.000000,0.996797,-1.997630,83461.023438,1.221718,1.000000,0.000000,1.000000,1.000000,1.000000,1.000000,1.000000,0.000000,1.000000,0.922982
63.336317,4.000000,1035.326782,-6.275470,700.534121,0.382276,0.000000,179.305405,177.344391,184.908252,7.454154,0.262197,6.857876,0.480378,0.289339,-0.550745,-19.129503,-0.211846,-0.005782,0.015915,1.000000,0.997140,-2.029541,83461.023438,1.107701,1.000000,0.000000,1.000000,1.000000,1.000000,1.000000,1.000000,0.000000,1.000000,0.994039
63.392340,4.000000,1040.586670,-6.275677,700.562377,0.371351,0.000000,179.035843,177.050018,184.601204,7.339593,0.251312,6.723667,0.515082,0.310758,-0.551661,-19.267239,-0.208941,0.000097,0.016679,1.000000,0.997444,-2.056043,83461.023438,1.058489,1.000000,0.000000,1.000000,1.000000,1.000000,1.000000,1.000000,0.000000,1.000000,1.024772
63.446675,4.000000,1045.611450,-6.275315,700.590696,0.384595,0.000000,178.779297,176.771820,184.311271,7.227205,0.240598,6.608860,0.522194,0.315544,-0.552529,-19.398817,-0.206458,-0.003731,0.017120,1.000000,0.997708,-2.077356,83461.023438,1.006243,1.000000,0.000000,1.000000,1.000000,1.000000,1.000000,1.000000,0.000000,1.000000,1.026971
63.499989,4.000000,1050.804321,-6.274420,700.617928,0.401136,0.000000,178.532043,176.487259,184.015019,7.115913,0.233959,6.509560,0.503877,0.304966,-0.553418,-19.534798,-0.204121,-0.007166,0.017289,1.000000,0.997941,-2.094519,83461.023438,0.969124,1.000000,0.000000,1.000000,1.000000,1.000000,1.000000,1.000000,0.000000,1.000000,1.005470
63.556422,4.000000,1055.901611,-6.273046,700.645512,0.401807,0.000000,178.274551,176.209778,183.726109,6.997221,0.227793,6.400671,0.484489,0.293693,-0.554289,-19.668276,-0.201589,-0.004082,0.017562,1.000000,0.998162,-2.109403,83461.023438,1.013222,1.000000,0.000000,1.000000,1.000000,1.000000,1.000000,1.000000,0.000000,1.000000,0.987566
63.613806,4.000000,1061.414307,-6.270938,700.673225,0.385511,0.000000,178.016861,175.910583,183.414405,6.875746,0.218842,6.278315,0.483553,0.293624,-0.555230,-19.812632,-0.199023,-0.003065,0.017918,1.000000,0.998362,-2.121858,83461.023438,1.028194,1.000000,0.000000,1.000000,1.000000,1.000000,1.000000,1.000000,0.000000,1.000000,0.987235
63.667306,4.000000,1066.547852,-6.268346,700.699180,0.375440,0.000000,177.780258,175.633514,183.125702,6.761931,0.209890,6.161613,0.486901,0.296123,-0.556106,-19.947058,-0.196810,-0.000322,0.018295,1.000000,0.998529,-2.130845,83461.023438,1.035782,1.000000,0.000000,1.000000,1.000000,1.000000,1.000000,1.000000,0.000000,1.000000,0.990313
63.717451,4.000000,1071.245239,-6.265420,700.723676,0.372022,0.000000,177.561523,175.381485,182.863146,6.654886,0.198539,6.054307,0.488305,0.297403,-0.556904,-20.070065,-0.194988,0.003763,0.018816,1.000000,0.998669,-2.136796,83461.023438,1.011094,1.000000,0.000000,1.000000,1.000000,1.000000,1.000000,1.000000,0.000000,1.000000,0.989131
63.768155,4.000000,1076.048584,-6.261881,700.748308,0.372266,0.000000,177.343094,175.124741,182.595650,6.546418,0.187409,5.945813,0.486364,0.296654,-0.557720,-20.195845,-0.193438,0.001071,0.019141,1.000000,0.998798,-2.140123,83461.023438,1.029072,1.000000,0.000000,1.000000,1.000000,1.000000,1.000000,1.000000,0.000000,1.000000,0.987558
63.818327,4.000000,1080.776367,-6.257835,700.772681,0.372022,0.000000,177.129440,174.872589,182.332975,6.438973,0.181227,5.839747,0.485012,0.296256,-0.558523,-20.319645,-0.192053,-0.005738,0.019102,1.000000,0.998913,-2.141803,83461.023438,1.002111,1.000000,0.000000,1.000000,1.000000,1.000000,1.000000,1.000000,0.000000,1.000000,0.983786
63.875501,4.000000,1086.075806,-6.252615,700.799866,0.366712,0.000000,176.888809,174.591980,182.040758,6.316495,0.180489,5.726424,0.469927,0.287503,-0.559420,-20.458416,-0.190660,-0.010915,0.019250,1.000000,0.999031,-2.141540,83461.023438,0.998683,1.000000,0.000000,1.000000,1.000000,1.000000,1.000000,1.000000,0.000000,1.000000,0.967221
63.931776,4.000000,1091.299072,-6.246718,700.826158,0.344434,0.000000,176.654678,174.316147,181.753360,6.195973,0.180732,5.603317,0.469807,0.287884,-0.560304,-20.595194,-0.189115,-0.009698,0.019446,1.000000,0.999134,-2.141245,83461.023438,1.047565,1.000000,0.000000,1.000000,1.000000,1.000000,1.000000,1.000000,0.000000,1.000000,0.969894
63.987798,4.000000,1096.589722,-6.239903,700.852922,0.337110,0.000000,176.424103,174.037598,181.463026,6.076012,0.178640,5.475507,0.482218,0.295962,-0.561201,-20.733734,-0.187632,-0.007010,0.019761,1.000000,0.999227,-2.140629,83461.023438,1.047799,1.000000,0.000000,1.000000,1.000000,1.000000,1.000000,1.000000,0.000000,1.000000,0.981101
64.039762,4.000000,1101.340576,-6.233044,700.878167,0.347425,0.000000,176.212204,173.788956,181.203940,5.964804,0.174852,5.362296,0.486404,0.298958,-0.562003,-20.858139,-0.186483,-0.003179,0.020129,1.000000,0.999303,-2.138845,83461.023438,1.022432,1.000000,0.000000,1.000000,1.000000,1.000000,1.000000,1.000000,0.000000,1.000000,0.982861
64.090449,4.000000,1106.080200,-6.225602,700.900259,0.384778,2.673748,176.007385,173.547485,180.953292,5.856640,0.163139,5.334827,0.383427,0.235992,-0.653059,-20.982252,-0.187280,0.000587,0.020763,1.000000,0.999371,-2.126337,83461.023438,0.629303,0.000000,0.000000,1.000000,1.000000,1.000000,1.000000,1.000000,0.000000,1.000000,0.850262
64.140996,4.000000,1110.814209,-6.217957,700.912923,0.422803,2.720219,175.804474,173.312775,180.709882,5.749570,0.160818,5.347190,0.187650,0.115651,-0.655509,-21.106216,-0.187811,-0.010689,0.020534,1.000000,0.999431,-2.110764,83461.023438,0.628055,0.000000,0.000000,1.000000,1.000000,1.000000,1.000000,1.000000,0.000000,1.000000,0.655369
64.192521,4.000000,1115.513916,-6.210217,700.915707,0.431287,2.733984,175.598389,173.081970,180.469615,5.641233,0.164515,5.361331,-0.007515,-0.004638,-0.656848,-21.229282,-0.187160,-0.015246,0.020124,1.000000,0.999487,-2.094897,83461.023438,0.626838,0.000000,0.000000,1.000000,1.000000,1.000000,1.000000,1.000000,0.000000,1.000000,0.456156
64.244108,4.000000,1120.350342,-6.202091,700.908266,0.428052,0.000000,175.392319,172.846741,180.223861,5.533599,0.170152,5.374926,-0.208077,-0.128587,-0.565059,-21.355928,-0.185382,-0.014529,0.019733,1.000000,0.999538,-2.078607,83461.023438,0.664290,1.000000,0.000000,1.000000,1.000000,1.000000,1.000000,1.000000,0.000000,1.000000,0.259530
64.294516,4.000000,1125.057129,-6.193955,700.892724,0.432996,0.000000,175.190948,172.617050,179.983417,5.429150,0.168647,5.349337,-0.347825,-0.215234,-0.565814,-21.479181,-0.181678,-0.001863,0.020037,1.000000,0.999582,-2.066492,83461.023438,0.826415,1.000000,0.000000,1.000000,1.000000,1.000000,1.000000,1.000000,0.000000,1.000000,0.131755
64.347516,4.000000,1129.762695,-6.185393,700.871483,0.427625,0.000000,174.978989,172.385696,179.741445,5.319919,0.157015,5.279901,-0.418153,-0.259100,-0.566576,-21.602400,-0.177142,0.006129,0.020823,1.000000,0.999624,-2.055817,83461.023438,0.946295,1.000000,0.000000,1.000000,1.000000,1.000000,1.000000,1.000000,0.000000,1.000000,0.067169
64.399729,4.000000,1134.697144,-6.175774,700.848590,0.419141,0.000000,174.770172,172.142258,179.487208,5.212862,0.145423,5.187069,-0.444558,-0.275852,-0.567378,-21.731613,-0.172914,0.004384,0.021386,1.000000,0.999662,-2.045043,83461.023438,0.984255,1.000000,0.000000,1.000000,1.000000,1.000000,1.000000,1.000000,0.000000,1.000000,0.043954
64.454408,4.000000,1139.526733,-6.165645,700.823747,0.413404,0.000000,174.551651,171.904694,179.239155,5.101405,0.133906,5.082676,-0.457060,-0.284002,-0.568163,-21.858082,-0.169224,0.006300,0.021957,1.000000,0.999697,-2.032042,83461.023438,1.011165,1.000000,0.000000,1.000000,1.000000,1.000000,1.000000,1.000000,0.000000,1.000000,0.032322
64.508290,4.000000,1144.612793,-6.154166,700.799055,0.402235,0.000000,174.336868,171.655121,178.978719,4.992304,0.122485,4.973342,-0.457326,-0.284580,-0.568990,-21.991264,-0.166305,0.004348,0.022396,1.000000,0.999728,-2.018155,83461.023438,1.024186,1.000000,0.000000,1.000000,1.000000,1.000000,1.000000,1.000000,0.000000,1.000000,0.032451
64.564964,4.000000,1149.845947,-6.141446,700.773443,0.379957,0.000000,174.111664,171.399063,178.711580,4.878365,0.113705,4.851769,-0.447141,-0.278659,-0.569841,-22.128300,-0.163856,0.001528,0.022640,1.000000,0.999757,-2.003614,83461.023438,1.058952,1.000000,0.000000,1.000000,1.000000,1.000000,1.000000,1.000000,0.000000,1.000000,0.044490
64.618209,4.000000,1154.797119,-6.128521,700.750308,0.373182,0.000000,173.901123,171.157425,178.459627,4.772063,0.105643,4.735250,-0.429298,-0.267917,-0.570645,-22.257952,-0.162224,0.004598,0.022902,1.000000,0.999782,-1.989828,83461.023438,1.050896,1.000000,0.000000,1.000000,1.000000,1.000000,1.000000,1.000000,0.000000,1.000000,0.060648
64.673871,4.000000,1159.870972,-6.114368,700.727051,0.349256,0.000000,173.682144,170.910873,178.202498,4.661735,0.094596,4.614937,-0.412228,-0.257635,-0.571468,-22.390814,-0.161193,0.005712,0.023231,1.000000,0.999805,-1.975257,83461.023438,1.041967,1.000000,0.000000,1.000000,1.000000,1.000000,1.000000,1.000000,0.000000,1.000000,0.076342
64.727166,4.000000,1164.693848,-6.100070,700.705551,0.349256,0.000000,173.473740,170.677567,177.959162,4.556843,0.084596,4.503440,-0.399760,-0.250185,-0.572250,-22.517107,-0.160711,0.007479,0.023478,1.000000,0.999825,-1.961663,83461.023438,1.021895,1.000000,0.000000,1.000000,1.000000,1.000000,1.000000,1.000000,0.000000,1.000000,0.086618
64.779075,4.000000,1169.511963,-6.084974,700.684968,0.348646,0.000000,173.271912,170.445618,177.717175,4.455366,0.074884,4.398647,-0.394191,-0.247035,-0.573029,-22.643272,-0.160570,0.006991,0.023639,1.000000,0.999842,-1.949118,83461.023438,1.026307,1.000000,0.000000,1.000000,1.000000,1.000000,1.000000,1.000000,0.000000,1.000000,0.091631
64.831646,4.000000,1174.234497,-6.069395,700.664383,0.342298,0.000000,173.068710,170.219040,177.480809,4.353226,0.064838,4.295268,-0.390758,-0.245210,-0.573792,-22.766937,-0.160650,0.008324,0.023807,1.000000,0.999858,-1.937434,83461.023438,1.012371,1.000000,0.000000,1.000000,1.000000,1.000000,1.000000,1.000000,0.000000,1.000000,0.093319
64.887798,4.000000,1179.462402,-6.051260,700.642360,0.335950,0.000000,172.853104,169.969345,177.220239,4.244775,0.054934,4.188431,-0.392844,-0.246881,-0.574636,-22.903835,-0.160863,0.004532,0.023835,1.000000,0.999873,-1.926298,83461.023438,1.013907,1.000000,0.000000,1.000000,1.000000,1.000000,1.000000,1.000000,0.000000,1.000000,0.090456
64.944675,4.000000,1184.570068,-6.032633,700.620202,0.317640,0.000000,172.636017,169.725723,176.966092,4.135457,0.050072,4.073520,-0.385451,-0.242583,-0.575461,-23.037584,-0.160774,0.002806,0.023646,1.000000,0.999886,-1.918649,83461.023438,1.041417,1.000000,0.000000,1.000000,1.000000,1.000000,1.000000,1.000000,0.000000,1.000000,0.099128
64.994713,4.000000,1189.150146,-6.015130,700.601437,0.306226,0.000000,172.446075,169.507446,176.738460,4.039578,0.044721,3.967807,-0.369529,-0.232862,-0.576202,-23.157518,-0.160655,0.003854,0.023556,1.000000,0.999897,-1.913955,83461.023438,1.046161,1.000000,0.000000,1.000000,1.000000,1.000000,1.000000,1.000000,0.000000,1.000000,0.114518
65.056500,4.000000,1193.578491,-5.997480,700.579287,0.303907,0.000000,172.211975,169.297073,176.519045,3.921485,0.038201,3.840479,-0.356047,-0.224646,-0.576918,-23.273478,-0.160728,0.005057,0.023482,1.000000,0.999909,-1.909150,83461.023438,1.033194,1.000000,0.000000,1.000000,1.000000,1.000000,1.000000,1.000000,0.000000,1.000000,0.128865
65.106743,4.000000,1199.276978,-5.973711,700.561838,0.312086,0.000000,172.023499,169.027405,176.237817,3.825644,0.032774,3.740203,-0.345072,-0.218068,-0.577839,-23.422699,-0.160889,0.003786,0.023272,1.000000,0.999918,-1.906081,83461.023438,1.020580,1.000000,0.000000,1.000000,1.000000,1.000000,1.000000,1.000000,0.000000,1.000000,0.135633
65.163228,4.000000,1204.418579,-5.951297,700.542468,0.307691,0.000000,171.812759,168.785263,175.985182,3.718056,0.028446,3.631969,-0.342069,-0.216481,-0.578668,-23.557337,-0.161105,0.002443,0.023040,1.000000,0.999927,-1.903491,83461.023438,0.999611,1.000000,0.000000,1.000000,1.000000,1.000000,1.000000,1.000000,0.000000,1.000000,0.136395
65.213724,4.000000,1208.939453,-5.930830,700.524958,0.307386,0.000000,171.625198,168.573364,175.764032,3.621994,0.023779,3.540298,-0.348703,-0.220957,-0.579396,-23.675720,-0.161311,0.005033,0.022902,1.000000,0.999934,-1.901632,83461.023438,1.006059,1.000000,0.000000,1.000000,1.000000,1.000000,1.000000,1.000000,0.000000,1.000000,0.129224
65.264800,4.000000,1213.534424,-5.909301,700.507156,0.293104,0.000000,171.436249,168.358170,175.539530,3.524854,0.019979,3.441888,-0.347361,-0.220388,-0.580137,-23.796043,-0.161113,0.001524,0.022673,1.000000,0.999940,-1.902363,83461.023438,1.020509,1.000000,0.000000,1.000000,1.000000,1.000000,1.000000,1.000000,0.000000,1.000000,0.131005
65.316351,4.000000,1218.171265,-5.886820,700.489325,0.285779,0.000000,171.246292,168.141602,175.313575,3.426739,0.019143,3.343380,-0.345726,-0.219633,-0.580885,-23.917463,-0.160812,-0.000320,0.022324,1.000000,0.999946,-1.904072,83461.023438,1.014930,1.000000,0.000000,1.000000,1.000000,1.000000,1.000000,1.000000,0.000000,1.000000,0.131441
65.366921,4.000000,1222.718506,-5.864012,700.473299,0.269605,0.000000,171.060593,167.925415,175.088465,3.330127,0.029082,3.160527,-0.283412,-0.180279,-0.581631,-24.036537,-0.156056,-0.031884,0.021749,1.000000,0.999951,-1.930862,83461.023438,1.977001,1.000000,0.000000,1.000000,1.000000,1.000000,1.000000,1.000000,0.000000,1.000000,0.266934
65.418880,4.000000,1227.393188,-5.839108,700.473038,0.240064,0.000000,170.870605,167.680664,174.833976,3.227915,0.033241,2.838773,0.098990,0.063059,-0.582478,-24.158949,-0.146423,0.003148,0.021950,1.000000,0.999956,-1.990902,83461.023438,1.497736,1.000000,0.000000,1.000000,1.000000,1.000000,1.000000,1.000000,0.000000,1.000000,0.611136
65.469877,4.000000,1231.990601,-5.813248,700.485165,0.233594,0.000000,170.685242,167.452377,174.595252,3.125631,0.027694,2.626770,0.290167,0.185097,-0.583274,-24.279335,-0.144559,0.005026,0.022047,1.000000,0.999960,-2.014819,83461.023438,1.247704,1.000000,0.000000,1.000000,1.000000,1.000000,1.000000,1.000000,0.000000,1.000000,0.782195
65.526969,4.000000,1237.118408,-5.783187,700.505641,0.232313,0.000000,170.479050,167.203003,174.334682,3.010310,0.021931,2.456345,0.386198,0.246722,-0.584146,-24.413612,-0.153714,0.004963,0.021913,1.000000,0.999965,-2.022836,83461.023438,1.112925,1.000000,0.000000,1.000000,1.000000,1.000000,1.000000,1.000000,0.000000,1.000000,0.867190
65.577572,4.000000,1241.671265,-5.755582,700.526601,0.238782,0.000000,170.297104,166.971970,174.093630,2.907869,0.017152,2.331652,0.424756,0.271730,-0.584955,-24.532833,-0.177440,0.004948,0.021732,1.000000,0.999968,-2.025600,83461.023438,1.056462,1.000000,0.000000,1.000000,1.000000,1.000000,1.000000,1.000000,0.000000,1.000000,0.900702
65.633601,4.000000,1246.680298,-5.724319,700.551427,0.237012,0.000000,170.096298,166.691574,173.801190,2.794203,0.012911,2.198234,0.454250,0.291087,-0.585939,-24.664000,-0.214955,0.002254,0.021538,1.000000,0.999971,-2.032248,83461.023438,1.068527,1.000000,0.000000,1.000000,1.000000,1.000000,1.000000,1.000000,0.000000,1.000000,0.929932
65.687540,4.000000,1251.445923,-5.693735,700.577000,0.218458,0.000000,169.902756,166.389145,173.485748,2.684331,0.012244,2.068674,0.484295,0.310904,-0.587004,-24.788792,-0.258026,-0.000571,0.021303,1.000000,0.999974,-2.041636,83461.023438,1.064007,1.000000,0.000000,1.000000,1.000000,1.000000,1.000000,1.000000,0.000000,1.000000,0.958853
65.738829,4.000000,1256.027222,-5.663606,700.602656,0.219373,0.000000,169.717789,166.061386,173.143953,2.579371,0.012295,1.949412,0.507164,0.326228,-0.588163,-24.908758,-0.301945,-0.001587,0.021123,1.000000,0.999977,-2.050156,83461.023438,1.044560,1.000000,0.000000,1.000000,1.000000,1.000000,1.000000,1.000000,0.000000,1.000000,0.979167
65.789847,4.000000,1260.546875,-5.633233,700.628958,0.222364,0.000000,169.531906,165.701416,172.768671,2.474429,0.013953,1.837034,0.518917,0.334512,-0.589441,-25.027109,-0.338950,-0.002729,0.021014,1.000000,0.999979,-2.090401,83461.023438,1.035365,1.000000,0.000000,1.000000,1.000000,1.000000,1.000000,1.000000,0.232296,1.000000,0.988394
65.846014,4.000000,1265.521240,-5.599135,700.658243,0.213575,0.000000,169.323105,165.052826,172.092599,2.349381,0.014855,1.710009,0.521679,0.337614,-0.591756,-25.157368,-0.334677,-0.002501,0.021458,1.000000,0.999981,-2.338583,83461.023438,1.013891,1.000000,0.000000,1.000000,1.000000,1.000000,1.000000,1.000000,0.236227,1.000000,0.987558
65.896964,4.000000,1270.061890,-5.567429,700.684565,0.223218,0.000000,169.126831,164.430405,171.443949,2.225026,0.016248,1.590190,0.513386,0.333504,-0.593995,-25.276268,-0.325759,-0.001821,0.021832,1.000000,0.999983,-2.524065,83461.023438,1.005430,1.000000,0.000000,1.000000,1.000000,1.000000,1.000000,1.000000,0.239794,1.000000,0.976888
65.948006,4.000000,1274.433838,-5.536383,700.710328,0.228284,0.000000,168.921036,163.811752,170.799244,2.091848,0.013586,1.466004,0.500125,0.326116,-0.596237,-25.390753,-0.307702,0.004758,0.022370,1.000000,0.999984,-2.678254,83461.023438,0.974782,1.000000,0.000000,1.000000,1.000000,1.000000,1.000000,1.000000,0.243367,1.000000,0.959299
65.998801,4.000000,1278.903198,-5.504125,700.734795,0.226026,0.000000,168.704895,163.170929,170.131551,1.952292,0.007963,1.343523,0.473099,0.309704,-0.598577,-25.507786,-0.278248,0.006995,0.022959,1.000000,0.999986,-2.803618,83461.023438,0.961342,1.000000,0.000000,1.000000,1.000000,1.000000,1.000000,1.000000,0.246922,1.000000,0.929443
66.051256,4.000000,1283.500488,-5.470388,700.758489,0.221143,0.000000,168.467926,162.511246,169.444239,1.802204,0.002067,1.213291,0.441466,0.290169,-0.601004,-25.628170,-0.246835,0.005061,0.023504,1.000000,0.999988,-2.907327,83461.023438,0.953057,1.000000,0.000000,1.000000,1.000000,1.000000,1.000000,1.000000,0.250594,1.000000,0.895459
66.105031,4.000000,1288.187500,-5.435393,700.781065,0.213758,0.000000,168.209137,161.838364,168.743119,1.643391,-0.002954,1.073217,0.410184,0.270728,-0.603501,-25.750904,-0.216822,0.006929,0.023935,1.000000,0.999989,-2.989549,83461.023438,0.965546,1.000000,0.000000,1.000000,1.000000,1.000000,1.000000,1.000000,0.254359,1.000000,0.863346
66.155380,4.000000,1292.563721,-5.402145,700.800921,0.214490,0.000000,167.951523,161.209122,168.087380,1.491252,-0.007961,0.934195,0.387938,0.257045,-0.605856,-25.865499,-0.190687,0.005165,0.024321,1.000000,0.999990,-3.046857,83461.023438,0.975266,1.000000,0.000000,1.000000,1.000000,1.000000,1.000000,1.000000,0.257883,1.000000,0.840176
66.212671,4.000000,1297.459351,-5.364259,700.822337,0.199781,0.000000,167.639511,160.503769,167.352239,1.315255,-0.010485,0.770001,0.367630,0.244659,-0.608517,-25.993696,-0.163297,0.002721,0.024589,1.000000,0.999991,-3.091113,83461.023438,0.990138,1.000000,0.000000,1.000000,1.000000,1.000000,1.000000,1.000000,0.261893,1.000000,0.818728
66.263126,4.000000,1301.831787,-5.329778,700.840534,0.190320,0.000000,167.347702,159.871948,166.693682,1.158604,-0.012093,0.619545,0.357305,0.238727,-0.610921,-26.108192,-0.141152,0.002349,0.024754,1.000000,0.999992,-3.114039,83461.023438,0.981744,1.000000,0.000000,1.000000,1.000000,1.000000,1.000000,1.000000,0.265425,1.000000,0.806261
66.320795,4.000000,1306.678467,-5.290827,700.860534,0.193250,0.000000,166.994614,159.169785,165.961834,0.978681,-0.013650,0.449003,0.342153,0.229612,-0.613614,-26.235107,-0.118296,0.002992,0.024863,1.000000,0.999993,-3.122625,83461.023438,0.978353,1.000000,0.000000,1.000000,1.000000,1.000000,1.000000,1.000000,0.269462,1.000000,0.788681
66.376417,4.000000,1311.498657,-5.251326,700.878943,0.189344,0.000000,166.634491,158.467880,165.230208,0.805128,-0.016394,0.285980,0.325112,0.219142,-0.616331,-26.361328,-0.098456,0.005044,0.024818,1.000000,0.999994,-3.116156,83461.023438,0.973732,1.000000,0.000000,1.000000,1.000000,1.000000,1.000000,1.000000,0.273356,1.000000,0.769637
66.432776,4.000000,1316.275146,-5.211433,700.896615,0.177625,0.000000,166.250061,157.767578,164.500317,0.629974,-0.021494,0.120939,0.308229,0.208684,-0.619066,-26.486406,-0.079970,0.007488,0.024714,1.000000,0.999994,-3.099323,83461.023438,0.981341,1.000000,0.000000,1.000000,1.000000,1.000000,1.000000,1.000000,0.277301,1.000000,0.751274
66.489075,4.000000,1320.970215,-5.171493,700.913504,0.170606,0.000000,165.846848,157.074570,163.777886,0.456171,-0.029362,-0.046209,0.296400,0.201560,-0.621796,-26.609350,-0.062652,0.011153,0.024543,1.000000,0.999995,-3.075919,83461.023438,0.991850,1.000000,0.000000,1.000000,1.000000,1.000000,1.000000,1.000000,0.281242,1.000000,0.738104
66.539763,4.000000,1325.188599,-5.134993,700.928427,0.160291,0.000000,165.467743,156.447433,163.124164,0.300825,-0.035791,-0.201897,0.294754,0.201244,-0.624288,-26.719812,-0.047022,0.007576,0.024439,1.000000,0.999996,-3.055496,83461.023438,1.002868,1.000000,0.000000,1.000000,1.000000,1.000000,1.000000,1.000000,0.284790,1.000000,0.735591
66.590157,4.000000,1329.450439,-5.097517,700.943337,0.144422,0.000000,165.076202,155.809860,162.459467,0.147343,-0.038879,-0.358314,0.296897,0.203537,-0.626842,-26.831413,-0.031193,0.005018,0.024328,1.000000,0.999996,-3.037422,83461.023438,1.019232,1.000000,0.000000,1.000000,1.000000,1.000000,1.000000,1.000000,0.288317,1.000000,0.736891
66.641147,4.000000,1333.654785,-5.059953,700.958888,0.123792,0.000000,164.665558,155.176559,161.799175,-0.007075,-0.040069,-0.523144,0.309891,0.213311,-0.629400,-26.941507,-0.015112,0.003169,0.024215,1.000000,0.999996,-3.020299,83461.023438,1.028484,1.000000,0.000000,1.000000,1.000000,1.000000,1.000000,1.000000,0.291887,1.000000,0.748985
66.698191,4.000000,1338.394043,-5.016909,700.977100,0.116651,0.000000,164.189682,154.458282,161.050272,-0.178646,-0.043047,-0.703361,0.322706,0.223166,-0.632326,-27.065609,0.001544,0.007715,0.023937,1.000000,0.999996,-2.995267,83461.023438,1.003153,1.000000,0.000000,1.000000,1.000000,1.000000,1.000000,1.000000,0.295880,1.000000,0.758011
66.749153,4.000000,1342.568237,-4.978411,700.993670,0.116651,0.000000,163.750076,153.821991,160.386880,-0.330572,-0.048549,-0.858121,0.326154,0.226483,-0.634942,-27.174915,0.015366,0.009743,0.023637,1.000000,0.999996,-2.968522,83461.023438,0.994080,1.000000,0.000000,1.000000,1.000000,1.000000,1.000000,1.000000,0.299447,1.000000,0.758916
66.805147,4.000000,1347.178955,-4.935278,701.011977,0.098646,0.000000,163.251617,153.114929,159.649752,-0.495877,-0.053602,-1.026314,0.328175,0.228938,-0.637873,-27.295650,0.030087,0.006210,0.023347,1.000000,0.999997,-2.938232,83461.023438,1.000679,1.000000,0.000000,1.000000,1.000000,1.000000,1.000000,1.000000,0.303367,1.000000,0.759552
66.855511,4.000000,1351.326050,-4.895943,701.028582,0.098463,0.000000,162.790253,152.475922,158.983572,-0.643076,-0.052155,-1.168572,0.331791,0.232431,-0.640546,-27.404247,0.042030,-0.011512,0.023067,1.000000,0.999997,-2.905484,83461.023438,0.670014,1.000000,0.000000,1.000000,1.000000,1.000000,1.000000,1.000000,0.306892,1.000000,0.749378
66.907447,4.000000,1355.548706,-4.855401,701.041626,0.102308,0.000000,162.302826,151.838669,158.319944,-0.791598,0.012855,-1.228754,0.217305,0.152868,-0.643230,-27.514820,0.051803,-0.102190,0.023190,1.000000,0.999997,-2.820890,83461.023438,0.509968,1.000000,0.000000,1.000000,1.000000,1.000000,1.000000,1.000000,0.310528,1.000000,0.621123
66.962261,4.000000,1359.859619,-4.813478,701.046375,0.104200,0.000000,161.775513,151.204666,157.659474,-0.942511,0.069373,-1.252154,0.035154,0.024833,-0.645925,-27.627707,0.064966,-0.041104,0.017625,1.000000,0.999997,-2.698259,83461.023438,0.747405,1.000000,0.000000,1.000000,1.000000,1.000000,1.000000,1.000000,0.314365,1.000000,0.438385
67.014591,4.000000,1364.238281,-4.770331,701.044382,0.105543,0.000000,161.261383,150.569336,156.996987,-1.080819,0.089083,-1.329123,-0.064399,-0.045685,-0.648650,-27.742365,0.080313,-0.018563,0.010656,1.000000,0.999997,-2.596999,83461.023438,0.867986,1.000000,0.000000,1.000000,1.000000,1.000000,1.000000,1.000000,0.318028,1.000000,0.350281
67.068903,4.000000,1368.626465,-4.726454,701.039009,0.113416,0.000000,160.717041,149.933380,156.333759,-1.219077,0.093037,-1.436156,-0.112405,-0.080079,-0.651402,-27.857275,0.097714,-0.003509,0.003073,1.000000,0.999997,-2.503343,83461.023438,0.928126,1.000000,0.000000,1.000000,1.000000,1.000000,1.000000,1.000000,0.321830,1.000000,0.305007
67.125591,4.000000,1373.151001,-4.680506,701.031602,0.112745,0.000000,160.139297,149.269882,155.641819,-1.358356,0.090402,-1.556295,-0.139435,-0.099777,-0.654297,-27.975754,0.117207,-0.003249,-0.003555,1.000000,0.999997,-2.417364,83461.023438,0.942268,1.000000,0.000000,1.000000,1.000000,1.000000,1.000000,1.000000,0.325798,1.000000,0.276894
67.176568,4.000000,1377.228149,-4.638453,701.023986,0.095594,0.000000,159.611450,148.659592,155.005344,-1.479804,0.090140,-1.670424,-0.151968,-0.109191,-0.656984,-28.082518,0.136809,-0.006501,-0.007529,1.000000,0.999997,-2.355083,83461.023438,0.982917,1.000000,0.000000,1.000000,1.000000,1.000000,1.000000,1.000000,0.329366,1.000000,0.265570
67.231839,4.000000,1381.610962,-4.592518,701.015738,0.080823,0.000000,159.031219,147.980804,154.297551,-1.608596,0.091987,-1.803576,-0.146387,-0.105664,-0.659997,-28.197285,0.162033,-0.008574,-0.008457,1.000000,0.999997,-2.312347,83461.023438,0.998679,1.000000,0.000000,1.000000,1.000000,1.000000,1.000000,1.000000,0.333235,1.000000,0.270386
67.284134,4.000000,1385.685791,-4.549114,701.008366,0.081068,0.000000,158.474304,147.326019,153.614761,-1.728853,0.095168,-1.927982,-0.138737,-0.100587,-0.662931,-28.303988,0.188530,-0.010105,-0.006425,1.000000,0.999997,-2.287563,83461.023438,0.978429,1.000000,0.000000,1.000000,1.000000,1.000000,1.000000,1.000000,0.336896,1.000000,0.274892
67.341564,4.000000,1390.009644,-4.502337,701.000375,0.074964,0.000000,157.853790,146.624557,152.883283,-1.859196,0.098519,-2.056197,-0.139517,-0.101637,-0.666102,-28.417213,0.216196,-0.008563,-0.004383,1.000000,0.999997,-2.253061,83461.023438,0.962178,1.000000,0.000000,1.000000,1.000000,1.000000,1.000000,1.000000,0.340916,1.000000,0.270607
67.392887,4.000000,1394.243164,-4.455850,700.992957,0.081068,0.000000,157.292755,145.932541,152.161653,-1.973881,0.098541,-2.164606,-0.146976,-0.107578,-0.669261,-28.528070,0.240031,-0.003193,-0.002948,1.000000,0.999997,-2.217975,83461.023438,0.954011,1.000000,0.000000,1.000000,1.000000,1.000000,1.000000,1.000000,0.344508,1.000000,0.260814
67.449396,4.000000,1398.705078,-4.406155,700.984506,0.069288,0.000000,156.667511,145.196854,151.394508,-2.098095,0.093640,-2.289167,-0.148046,-0.108911,-0.672652,-28.644911,0.266472,-0.000626,-0.001532,1.000000,0.999997,-2.181266,83461.023438,0.985710,1.000000,0.000000,1.000000,1.000000,1.000000,1.000000,1.000000,0.348464,1.000000,0.259951
67.501586,4.000000,1402.652588,-4.361601,700.977080,0.061414,0.000000,156.082779,144.540237,150.709835,-2.211031,0.092239,-2.408312,-0.139063,-0.102767,-0.675707,-28.748280,0.290908,-0.006920,-0.000110,1.000000,0.999997,-2.148607,83461.023438,0.983442,1.000000,0.000000,1.000000,1.000000,1.000000,1.000000,1.000000,0.352117,1.000000,0.267122
67.554376,4.000000,1406.797974,-4.314223,700.970074,0.049879,0.000000,155.484512,143.845261,149.985165,-2.323514,0.093207,-2.528424,-0.128469,-0.095397,-0.678972,-28.856831,0.315397,-0.005445,0.001030,1.000000,0.999997,-2.115594,83461.023438,0.989508,1.000000,0.000000,1.000000,1.000000,1.000000,1.000000,1.000000,0.355813,1.000000,0.276115
67.610953,4.000000,1411.157715,-4.263763,700.963330,0.026319,0.000000,154.836395,143.108032,149.216507,-2.442181,0.090938,-2.658709,-0.112913,-0.084277,-0.682469,-28.970995,0.341682,-0.002096,0.002005,1.000000,0.999997,-2.081920,83461.023438,1.000211,1.000000,0.000000,1.000000,1.000000,1.000000,1.000000,1.000000,0.359773,1.000000,0.290237
67.667126,4.000000,1415.422485,-4.213802,700.957635,0.026441,0.000000,154.185684,142.380661,148.458068,-2.558159,0.088459,-2.786295,-0.095842,-0.071901,-0.685955,-29.082672,0.367601,-0.003117,0.002927,1.000000,0.999997,-2.049044,83461.023438,0.982083,1.000000,0.000000,1.000000,1.000000,1.000000,1.000000,1.000000,0.363705,1.000000,0.304190
67.722951,4.000000,1419.698120,-4.163147,700.952503,0.021802,0.000000,153.532013,141.645874,147.691902,-2.671506,0.086581,-2.901438,-0.091306,-0.068854,-0.689513,-29.194633,0.392607,-0.004655,0.003711,1.000000,0.999997,-2.013441,83461.023438,0.958706,1.000000,0.000000,1.000000,1.000000,1.000000,1.000000,1.000000,0.367613,1.000000,0.304990
67.773903,4.000000,1423.517090,-4.117443,700.947734,0.026990,0.000000,152.929321,140.984711,147.002454,-2.773152,0.086884,-2.999179,-0.094944,-0.071933,-0.692747,-29.294636,0.414886,-0.007607,0.004384,1.000000,0.999997,-1.978688,83461.023438,0.942994,1.000000,0.000000,1.000000,1.000000,1.000000,1.000000,1.000000,0.371180,1.000000,0.298391
67.830000,4.000000,1427.751099,-4.066282,700.942094,0.027296,0.000000,152.259735,140.246674,146.232832,-2.883133,0.095429,-3.103324,-0.102702,-0.078220,-0.696393,-29.405508,0.440455,-0.021051,0.005124,1.000000,0.999997,-1.946636,83461.023438,0.952627,1.000000,0.000000,1.000000,1.000000,1.000000,1.000000,1.000000,0.375106,1.000000,0.289184
67.880653,4.000000,1431.502075,-4.020517,700.938725,0.025953,0.000000,151.649460,139.499603,145.453987,-2.964744,0.108836,-3.254540,-0.026160,-0.020031,-0.700121,-29.503731,0.308891,-0.020581,0.004519,1.000000,0.999997,-1.090101,83461.023438,1.127227,1.000000,1.000000,1.000000,1.000000,1.000000,1.000000,1.000000,0.378652,1.000000,0.378434
67.931990,4.000000,1435.374023,-3.972862,700.939383,0.024671,0.000000,151.024826,138.771912,144.695236,-3.000258,0.119331,-3.315726,0.020989,0.016155,-0.703792,-29.605122,0.197146,-0.018495,0.002804,1.000000,0.999997,-0.427288,83461.023438,0.966980,1.000000,1.000000,1.000000,1.000000,1.000000,1.000000,1.000000,0.382246,1.000000,0.409883
67.982692,4.000000,1439.121216,-3.926364,700.940437,0.023023,0.000000,150.402222,138.129807,144.025779,-3.013911,0.128592,-3.327372,0.019955,0.015431,-0.707063,-29.703245,0.151578,-0.017960,0.002101,1.000000,0.999997,-0.169492,83461.023438,0.946147,1.000000,1.000000,1.000000,1.000000,1.000000,1.000000,1.000000,0.385795,1.000000,0.405397
68.036320,4.000000,1442.895264,-3.879188,700.941304,0.029798,0.000000,149.737991,137.483215,143.351561,-3.019961,0.134898,-3.329672,0.015275,0.011868,-0.710388,-29.802073,0.134278,-0.012281,0.001669,1.000000,0.999997,-0.082411,83461.023438,0.948148,1.000000,1.000000,1.000000,1.000000,1.000000,1.000000,1.000000,0.389549,1.000000,0.398585
68.087815,4.000000,1446.837402,-3.829567,700.941926,0.027723,0.000000,149.096176,136.805450,142.644895,-3.023092,0.138974,-3.330138,0.011070,0.008643,-0.713907,-29.905300,0.124962,-0.013734,0.001425,1.000000,0.999997,-0.043687,83461.023438,0.956641,1.000000,1.000000,1.000000,1.000000,1.000000,1.000000,1.000000,0.393153,1.000000,0.393283
68.141537,4.000000,1450.746216,-3.780033,700.942570,0.022169,0.000000,148.422653,136.130264,141.940883,-3.024865,0.144104,-3.333697,0.013021,0.010217,-0.717448,-30.007656,0.120049,-0.014371,0.001228,1.000000,0.999997,-0.032582,83461.023438,0.962327,1.000000,1.000000,1.000000,1.000000,1.000000,1.000000,1.000000,0.396914,1.000000,0.393603
68.193992,4.000000,1454.549683,-3.731528,700.943439,0.022840,0.000000,147.762146,135.469757,141.252176,-3.026917,0.147979,-3.341740,0.019511,0.015384,-0.720945,-30.107254,0.119235,-0.012152,0.000968,1.000000,0.999997,-0.043608,83461.023438,0.975185,1.000000,1.000000,1.000000,1.000000,1.000000,1.000000,1.000000,0.400586,1.000000,0.399272
68.247410,4.000000,1458.443237,-3.681578,700.944666,0.020643,0.000000,147.086914,134.790039,140.543463,-3.029700,0.149562,-3.347224,0.024034,0.019046,-0.724580,-30.209209,0.118832,-0.009788,0.000629,1.000000,0.999997,-0.056451,83461.023438,0.960714,1.000000,1.000000,1.000000,1.000000,1.000000,1.000000,1.000000,0.404325,1.000000,0.400677
68.300656,4.000000,1462.271973,-3.632185,700.945970,0.026563,0.000000,146.411926,134.118179,139.842921,-3.032638,0.150183,-3.351360,0.025358,0.020195,-0.728210,-30.309469,0.115756,-0.009614,0.000286,1.000000,0.999997,-0.054284,83461.023438,0.961547,1.000000,1.000000,1.000000,1.000000,1.000000,1.000000,1.000000,0.408052,1.000000,0.400166
68.356099,4.000000,1466.143066,-3.581987,700.947452,0.023572,0.000000,145.707169,133.435745,139.131390,-3.035496,0.152097,-3.357200,0.028186,0.022563,-0.731933,-30.410837,0.111237,-0.013041,0.000224,1.000000,0.999997,-0.045259,83461.023438,0.970984,1.000000,1.000000,1.000000,1.000000,1.000000,1.000000,1.000000,0.411933,1.000000,0.401789
68.410406,4.000000,1470.059448,-3.530939,700.949131,0.026014,0.000000,145.015686,132.752274,138.418732,-3.038103,0.157709,-3.360474,0.031105,0.025027,-0.735702,-30.513391,0.109858,-0.016821,0.002417,1.000000,0.999997,-0.053973,83461.023438,0.944469,1.000000,1.000000,1.000000,1.000000,1.000000,1.000000,1.000000,0.415735,1.000000,0.400583
68.460721,4.000000,1473.671753,-3.483632,700.950428,0.024488,0.000000,144.374725,132.142090,137.782540,-3.040485,0.163166,-3.357122,0.023738,0.019188,-0.739098,-30.607983,0.104019,-0.016266,0.008313,1.000000,0.999997,-0.036608,83461.023438,0.950400,1.000000,1.000000,1.000000,1.000000,1.000000,1.000000,1.000000,0.419257,1.000000,0.391679
68.512536,4.000000,1477.320679,-3.435663,700.951552,0.024793,0.000000,143.714325,131.547089,137.162141,-3.041883,0.169794,-3.358005,0.021813,0.017712,-0.742441,-30.703533,0.098266,-0.018039,0.017888,1.000000,0.999997,-0.021776,83461.023438,0.967935,1.000000,1.000000,1.000000,1.000000,1.000000,1.000000,1.000000,0.422884,1.000000,0.389267
68.562854,4.000000,1480.852783,-3.389096,700.952739,0.020399,0.000000,143.073654,130.976929,136.567637,-3.043081,0.174483,-3.361785,0.024694,0.020139,-0.745672,-30.796024,0.096386,-0.012583,0.027587,1.000000,0.999997,-0.028361,83461.023438,0.970421,1.000000,1.000000,1.000000,1.000000,1.000000,1.000000,1.000000,0.426406,1.000000,0.390717
68.612924,4.000000,1484.407349,-3.342169,700.954114,0.018140,0.000000,142.437134,130.397552,135.963537,-3.044670,0.174015,-3.367326,0.029217,0.023933,-0.748985,-30.889105,0.095135,-0.007509,0.035840,1.000000,0.999997,-0.037920,83461.023438,0.971701,1.000000,1.000000,1.000000,1.000000,1.000000,1.000000,1.000000,0.429911,1.000000,0.393795
68.663201,4.000000,1487.895264,-3.296125,700.955707,0.020399,0.000000,141.799438,129.813293,135.354351,-3.047207,0.171115,-3.372154,0.032775,0.026969,-0.752356,-30.980438,0.096902,-0.005539,0.041243,1.000000,0.999997,-0.062938,83461.023438,0.956891,1.000000,1.000000,1.000000,1.000000,1.000000,1.000000,1.000000,0.433430,1.000000,0.394758
68.719804,4.000000,1491.798584,-3.244665,700.957469,0.023939,0.000000,141.083481,129.125473,134.637169,-3.051716,0.168630,-3.374874,0.030448,0.025187,-0.756363,-31.082651,0.100904,-0.008102,0.041365,1.000000,0.999997,-0.099410,83461.023438,0.954934,1.000000,1.000000,1.000000,1.000000,1.000000,1.000000,1.000000,0.437393,1.000000,0.390432
68.776475,4.000000,1495.707520,-3.193241,700.959171,0.026624,0.000000,140.368530,128.404800,133.885760,-3.058433,0.169858,-3.382078,0.030831,0.025647,-0.760607,-31.185009,0.105135,-0.012331,0.037875,1.000000,0.999997,-0.133255,83461.023438,0.953656,1.000000,1.000000,1.000000,1.000000,1.000000,1.000000,1.000000,0.441360,1.000000,0.388800
68.827347,4.000000,1499.196411,-3.147444,700.960596,0.032606,0.000000,139.727814,127.757523,133.210860,-3.065963,0.172416,-3.386022,0.026658,0.022288,-0.764460,-31.276369,0.109251,-0.011949,0.034880,1.000000,0.999997,-0.162678,83461.023438,0.951406,1.000000,1.000000,1.000000,1.000000,1.000000,1.000000,1.000000,0.444921,1.000000,0.382523
68.883738,4.000000,1503.070190,-3.096725,700.962012,0.027479,0.000000,139.018738,127.034149,132.456618,-3.075907,0.175672,-3.394763,0.024721,0.020786,-0.768813,-31.377808,0.113534,-0.014769,0.031813,1.000000,0.999997,-0.190690,83461.023438,0.956348,1.000000,1.000000,1.000000,1.000000,1.000000,1.000000,1.000000,0.448868,1.000000,0.378910
68.933795,4.000000,1506.407959,-3.053140,700.963202,0.028028,0.000000,138.389847,126.410217,131.806069,-3.085706,0.181610,-3.404283,0.023667,0.019998,-0.772607,-31.465210,0.113546,-0.019898,0.028636,1.000000,0.999997,-0.192683,83461.023438,0.965320,1.000000,1.000000,1.000000,1.000000,1.000000,1.000000,1.000000,0.452372,1.000000,0.376663
68.989561,4.000000,1510.222656,-3.003455,700.964673,0.028394,0.000000,137.689896,125.702133,131.067755,-3.095340,0.192400,-3.418257,0.028365,0.024103,-0.776959,-31.565102,0.106824,-0.023103,0.023694,1.000000,0.999997,-0.159821,83461.023438,0.969578,1.000000,1.000000,1.000000,1.000000,1.000000,1.000000,1.000000,0.456276,1.000000,0.379659
69.043584,4.000000,1513.878662,-2.955958,700.968400,0.032239,0.000000,137.012436,125.021935,130.358448,-3.083389,0.201857,-3.457888,0.086590,0.073979,-0.781186,-31.660837,-0.009262,-0.019868,0.018642,1.000000,0.999997,0.440243,83461.023438,0.997232,1.000000,1.000000,1.000000,1.000000,1.000000,1.000000,1.000000,0.460057,1.000000,0.437928
69.099148,4.000000,1517.526123,-2.908700,700.973528,0.044630,0.000000,136.314697,124.332329,129.639428,-3.053324,0.208099,-3.429242,0.091515,0.078621,-0.785518,-31.756350,-0.050659,-0.019314,0.016215,1.000000,0.999997,0.591234,83461.023438,0.942783,1.000000,1.000000,1.000000,1.000000,1.000000,1.000000,1.000000,0.463947,1.000000,0.437099
69.156037,4.000000,1521.304443,-2.859895,700.978344,0.055311,0.000000,135.601563,123.610222,128.886550,-3.017647,0.216125,-3.384777,0.081140,0.070115,-0.790106,-31.855289,-0.078876,-0.022032,0.014392,1.000000,0.999997,0.658246,83461.023438,0.938720,1.000000,1.000000,1.000000,1.000000,1.000000,1.000000,1.000000,0.467929,1.000000,0.424378
69.206532,4.000000,1524.603027,-2.817409,700.982122,0.062513,0.000000,134.968796,122.975426,128.224686,-2.983266,0.223528,-3.343380,0.072409,0.062893,-0.794184,-31.941666,-0.100507,-0.020870,0.012834,1.000000,0.999997,0.693687,83461.023438,0.944216,1.000000,1.000000,1.000000,1.000000,1.000000,1.000000,1.000000,0.471464,1.000000,0.414088
69.262910,4.000000,1528.346802,-2.769332,700.986037,0.057020,0.000000,134.262711,122.249649,127.467982,-2.943542,0.230109,-3.303006,0.069634,0.060842,-0.798898,-32.039700,-0.122019,-0.021362,0.011332,1.000000,0.999997,0.715512,83461.023438,0.966760,1.000000,1.000000,1.000000,1.000000,1.000000,1.000000,1.000000,0.475410,1.000000,0.410911
69.313943,4.000000,1531.664307,-2.726905,700.991849,0.051343,0.000000,133.623581,121.596245,126.786453,-2.909471,0.205849,-3.345101,0.145442,0.127762,-0.803191,-32.126572,-0.117130,0.051163,0.008019,1.000000,0.999997,0.600209,83461.023438,1.108417,1.000000,1.000000,1.000000,1.000000,1.000000,1.000000,1.000000,0.478982,1.000000,0.495358
69.364124,4.000000,1534.944458,-2.685329,701.002196,0.045850,0.000000,132.995056,120.943161,126.104969,-2.883168,0.151220,-3.414159,0.247632,0.218704,-0.807531,-32.212467,-0.103507,0.033152,0.008215,1.000000,0.999997,0.444410,83461.023438,1.183295,1.000000,1.000000,1.000000,1.000000,1.000000,1.000000,1.000000,0.482495,1.000000,0.600652
69.418549,4.000000,1538.446777,-2.641407,701.019025,0.048292,0.000000,132.312424,120.241852,125.373061,-2.865339,0.132112,-3.462809,0.330872,0.293925,-0.812245,-32.304176,-0.076285,0.001185,0.008211,1.000000,0.999997,0.220391,83461.023438,1.042958,1.000000,1.000000,1.000000,1.000000,1.000000,1.000000,1.000000,0.486305,1.000000,0.671952
69.469614,4.000000,1541.682495,-2.601113,701.037128,0.040845,0.000000,131.671646,119.592232,124.695462,-2.860196,0.128651,-3.487050,0.364056,0.325160,-0.816658,-32.388908,-0.045337,-0.006145,0.007373,1.000000,0.999997,0.000074,83461.023438,1.007604,1.000000,1.000000,1.000000,1.000000,1.000000,1.000000,1.000000,0.489879,1.000000,0.701144
69.522098,4.000000,1544.933228,-2.560866,701.056942,0.045301,0.000000,131.012100,118.936508,124.011619,-2.865134,0.128432,-3.507907,0.382184,0.343233,-0.821161,-32.474030,-0.021096,-0.008434,0.006401,1.000000,0.999997,-0.166570,83461.023438,0.972935,1.000000,1.000000,1.000000,1.000000,1.000000,1.000000,1.000000,0.493553,1.000000,0.714887
69.576592,4.000000,1548.507446,-2.516870,701.077938,0.043531,0.000000,130.325409,118.211472,123.255723,-2.877419,0.131263,-3.524811,0.385855,0.348655,-0.826196,-32.567623,-0.007602,-0.012532,0.005498,1.000000,0.999997,-0.262057,83461.023438,0.967964,1.000000,1.000000,1.000000,1.000000,1.000000,1.000000,1.000000,0.497368,1.000000,0.715772
69.628832,4.000000,1551.822144,-2.476284,701.098286,0.045484,0.000000,129.667526,117.534019,122.549383,-2.891057,0.137261,-3.545546,0.391464,0.355762,-0.830957,-32.654423,-0.011976,-0.015927,0.004734,1.000000,0.999997,-0.254036,83461.023438,0.966153,1.000000,1.000000,1.000000,1.000000,1.000000,1.000000,1.000000,0.501025,1.000000,0.719489
69.681445,4.000000,1555.100952,-2.436336,701.119071,0.026868,0.000000,129.004028,116.859421,121.845987,-2.903714,0.143187,-3.567194,0.397988,0.363778,-0.835754,-32.740280,-0.018860,-0.014076,0.003841,1.000000,0.999997,-0.233712,83461.023438,0.979558,1.000000,1.000000,1.000000,1.000000,1.000000,1.000000,1.000000,0.504708,1.000000,0.725152
69.731676,4.000000,1558.277710,-2.397820,701.139288,0.038648,0.000000,128.369934,116.201477,121.159994,-2.915489,0.147924,-3.585166,0.404081,0.371439,-0.840485,-32.823467,-0.022284,-0.014478,0.003073,1.000000,0.999997,-0.231983,83461.023438,0.956926,1.000000,1.000000,1.000000,1.000000,1.000000,1.000000,1.000000,0.508224,1.000000,0.727857
69.785609,4.000000,1561.588013,-2.357882,701.160886,0.063123,0.000000,127.687721,115.511818,120.441092,-2.927426,0.153359,-3.591132,0.397229,0.367320,-0.845501,-32.910152,-0.028919,-0.015948,0.002310,1.000000,0.999997,-0.214611,83461.023438,0.930404,1.000000,1.000000,1.000000,1.000000,1.000000,1.000000,1.000000,0.511999,1.000000,0.717036
69.836401,4.000000,1564.764893,-2.319733,701.180534,0.077222,0.000000,127.044800,114.850502,119.751814,-2.938290,0.159034,-3.589041,0.381527,0.354831,-0.850367,-32.993340,-0.032921,-0.015550,0.000445,1.000000,0.999997,-0.211055,83461.023438,0.921757,1.000000,1.000000,1.000000,1.000000,1.000000,1.000000,1.000000,0.515554,1.000000,0.699077
69.887126,4.000000,1567.825562,-2.283142,701.199250,0.082166,0.000000,126.402016,114.230499,119.105663,-2.948550,0.163976,-3.584895,0.363588,0.339982,-0.854980,-33.073486,-0.040518,-0.015144,-0.005332,1.000000,0.999997,-0.188289,83461.023438,0.934978,1.000000,1.000000,1.000000,1.000000,1.000000,1.000000,1.000000,0.519105,1.000000,0.679873
69.941786,4.000000,1571.167969,-2.243354,701.218749,0.066602,0.000000,125.709213,113.587021,118.434901,-2.957736,0.166895,-3.588472,0.354528,0.333388,-0.859821,-33.161011,-0.050884,-0.010595,-0.018071,1.000000,0.999997,-0.154162,83461.023438,0.951275,1.000000,1.000000,1.000000,1.000000,1.000000,1.000000,1.000000,0.522931,1.000000,0.670135
69.996598,4.000000,1574.545898,-2.203304,701.238032,0.060865,0.000000,125.014771,112.974831,117.796706,-2.965086,0.165249,-3.596199,0.351927,0.332735,-0.864479,-33.249466,-0.063213,-0.007384,-0.036825,1.000000,0.999997,-0.111642,83461.023438,0.970320,1.000000,1.000000,1.000000,1.000000,1.000000,1.000000,1.000000,0.526768,1.000000,0.667024
70.052337,4.000000,1577.870850,-2.163988,701.257754,0.057142,0.000000,124.309746,112.395889,117.193111,-2.969929,0.163041,-3.605730,0.354863,0.337239,-0.868930,-33.336533,-0.076741,-0.008828,-0.059072,1.000000,0.999997,-0.067261,83461.023438,0.974328,1.000000,1.000000,1.000000,1.000000,1.000000,1.000000,1.000000,0.530670,1.000000,0.668543
70.108939,4.000000,1581.284790,-2.123642,701.277957,0.057996,0.000000,123.596184,111.810417,116.582701,-2.972533,0.164460,-3.612385,0.357817,0.341827,-0.873479,-33.425930,-0.090653,-0.015431,-0.082306,1.000000,0.999997,-0.025216,83461.023438,0.967727,1.000000,1.000000,1.000000,1.000000,1.000000,1.000000,1.000000,0.534632,1.000000,0.669366
70.161794,4.000000,1584.452148,-2.086119,701.296917,0.068799,0.000000,122.933296,111.270378,116.019703,-2.972602,0.170958,-3.614149,0.358952,0.344575,-0.877717,-33.508869,-0.105631,-0.020598,-0.104048,1.000000,0.999997,0.020971,83461.023438,0.951249,1.000000,1.000000,1.000000,1.000000,1.000000,1.000000,1.000000,0.538332,1.000000,0.667968
70.213148,4.000000,1587.466431,-2.050222,701.315027,0.075758,0.000000,122.292320,110.755852,115.483393,-2.971305,0.179427,-3.604338,0.349409,0.336972,-0.881793,-33.587803,-0.113413,-0.023548,-0.124681,1.000000,0.999997,0.026338,83461.023438,0.941250,1.000000,1.000000,1.000000,1.000000,1.000000,1.000000,1.000000,0.541927,1.000000,0.656088
70.265745,4.000000,1590.565918,-2.013014,701.332893,0.085279,0.000000,121.640007,110.226974,114.932178,-2.970244,0.189898,-3.589799,0.334568,0.324207,-0.886021,-33.668964,-0.118777,-0.025454,-0.143691,1.000000,0.999997,0.018698,83461.023438,0.936827,1.000000,1.000000,1.000000,1.000000,1.000000,1.000000,1.000000,0.545609,1.000000,0.639141
70.318641,4.000000,1593.700073,-1.974980,701.350201,0.083387,0.000000,120.988777,109.703613,114.386659,-2.969033,0.198593,-3.583431,0.325736,0.317153,-0.890246,-33.751034,-0.127771,-0.021374,-0.158375,1.000000,0.999997,0.031577,83461.023438,0.965812,1.000000,1.000000,1.000000,1.000000,1.000000,1.000000,1.000000,0.549311,1.000000,0.630950
70.369186,4.000000,1596.645874,-1.938768,701.366650,0.078016,0.000000,120.371635,109.232323,113.895329,-2.967019,0.202174,-3.582972,0.325761,0.318546,-0.894086,-33.828175,-0.137763,-0.016375,-0.166864,1.000000,0.999997,0.050199,83461.023438,0.972336,1.000000,1.000000,1.000000,1.000000,1.000000,1.000000,1.000000,0.552849,1.000000,0.629932
70.421374,4.000000,1599.674561,-1.900992,701.383672,0.069471,0.000000,119.739868,108.774597,113.418133,-2.964157,0.201749,-3.582158,0.326763,0.320870,-0.897847,-33.907482,-0.147635,-0.011362,-0.169751,1.000000,0.999997,0.065440,83461.023438,0.971774,1.000000,1.000000,1.000000,1.000000,1.000000,1.000000,1.000000,0.556503,1.000000,0.629474
70.473711,4.000000,1602.729492,-1.862254,701.400831,0.056165,0.000000,119.112701,108.333794,112.958555,-2.960573,0.198890,-3.583055,0.329332,0.324709,-0.901499,-33.987480,-0.156912,-0.011389,-0.167239,1.000000,0.999997,0.075836,83461.023438,0.985831,1.000000,1.000000,1.000000,1.000000,1.000000,1.000000,1.000000,0.560166,1.000000,0.631568
70.525706,4.000000,1605.738892,-1.823401,701.418218,0.058301,0.000000,118.496727,107.914253,112.521089,-2.956510,0.196709,-3.588676,0.337628,0.334182,-0.905004,-34.066284,-0.165290,-0.012312,-0.161315,1.000000,0.999997,0.080147,83461.023438,0.990426,1.000000,1.000000,1.000000,1.000000,1.000000,1.000000,1.000000,0.563806,1.000000,0.638970
70.580893,4.000000,1608.877319,-1.782083,701.436972,0.068372,0.000000,117.850891,107.476204,112.064395,-2.952648,0.196614,-3.586556,0.339758,0.337661,-0.908691,-34.148464,-0.170695,-0.012949,-0.154076,1.000000,0.999997,0.065670,83461.023438,0.968639,1.000000,1.000000,1.000000,1.000000,1.000000,1.000000,1.000000,0.567669,1.000000,0.638148
70.633575,4.000000,1611.966309,-1.740580,701.454834,0.071851,0.000000,117.243118,107.037231,111.606768,-2.949833,0.193528,-3.584385,0.339016,0.338305,-0.912416,-34.229355,-0.174205,-0.007376,-0.147804,1.000000,0.999997,0.044224,83461.023438,0.970820,1.000000,1.000000,1.000000,1.000000,1.000000,1.000000,1.000000,0.571357,1.000000,0.636269
70.687900,4.000000,1614.994385,-1.699075,701.473221,0.071912,0.000000,116.625175,106.592499,111.143148,-2.948773,0.187048,-3.584118,0.338441,0.339140,-0.916222,-34.308647,-0.172688,-0.006135,-0.142851,1.000000,0.999997,-0.003155,83461.023438,0.968666,1.000000,1.000000,1.000000,1.000000,1.000000,1.000000,1.000000,0.575159,1.000000,0.634347
70.740891,4.000000,1618.012085,-1.656881,701.490992,0.075635,0.000000,116.031166,106.126701,110.657603,-2.950464,0.183354,-3.580985,0.333469,0.335624,-0.920241,-34.387669,-0.169990,-0.009813,-0.140649,1.000000,0.999997,-0.051230,83461.023438,0.954826,1.000000,1.000000,1.000000,1.000000,1.000000,1.000000,1.000000,0.578869,1.000000,0.626781
70.791531,4.000000,1620.897949,-1.615737,701.507608,0.075880,0.000000,115.471283,105.655357,110.166280,-2.954388,0.182774,-3.578499,0.325818,0.329386,-0.924345,-34.463238,-0.166222,-0.013849,-0.142470,1.000000,0.999997,-0.099286,83461.023438,0.952382,1.000000,1.000000,1.000000,1.000000,1.000000,1.000000,1.000000,0.582414,1.000000,0.617674
70.845884,4.000000,1623.960938,-1.571170,701.525078,0.072340,0.000000,114.876976,105.113274,109.601177,-2.961320,0.185985,-3.583218,0.320517,0.325698,-0.929110,-34.543446,-0.161658,-0.018190,-0.149751,1.000000,0.999997,-0.148468,83461.023438,0.971124,1.000000,1.000000,1.000000,1.000000,1.000000,1.000000,1.000000,0.586218,1.000000,0.612321
70.896757,4.000000,1626.851196,-1.528247,701.541591,0.071546,0.000000,114.327965,104.547646,109.011388,-2.969733,0.192640,-3.600946,0.327304,0.334394,-0.934136,-34.619129,-0.160688,-0.023107,-0.162577,1.000000,0.999997,-0.173076,83461.023438,0.978070,1.000000,1.000000,1.000000,1.000000,1.000000,1.000000,1.000000,0.589779,1.000000,0.618210
70.952897,4.000000,1630.011841,-1.480271,701.560198,0.069776,0.000000,113.727699,103.913139,108.349799,-2.979565,0.201934,-3.617659,0.332989,0.342280,-0.939839,-34.701893,-0.164449,-0.023351,-0.177516,1.000000,0.999997,-0.173081,83461.023438,0.967423,1.000000,1.000000,1.000000,1.000000,1.000000,1.000000,1.000000,0.593709,1.000000,0.621267
71.008075,4.000000,1633.012573,-1.433666,701.578564,0.075086,0.000000,113.141968,103.306541,107.717381,-2.989666,0.208427,-3.627926,0.332354,0.343632,-0.945356,-34.780468,-0.164846,-0.018952,-0.191794,1.000000,0.999997,-0.190791,83461.023438,0.954454,1.000000,1.000000,1.000000,1.000000,1.000000,1.000000,1.000000,0.597572,1.000000,0.617812
71.058925,4.000000,1635.841309,-1.388747,701.595249,0.080945,0.000000,112.604607,102.729607,107.115965,-2.999731,0.209139,-3.632590,0.325881,0.338832,-0.950662,-34.854542,-0.166604,-0.013172,-0.204133,1.000000,0.999997,-0.197748,83461.023438,0.948915,1.000000,1.000000,1.000000,1.000000,1.000000,1.000000,1.000000,0.601131,1.000000,0.609259
71.110072,4.000000,1638.643799,-1.343269,701.611692,0.084363,0.000000,112.065849,102.151741,106.513534,-3.009980,0.207279,-3.638848,0.319856,0.334449,-0.956038,-34.927929,-0.169642,-0.012578,-0.215517,1.000000,0.999997,-0.196980,83461.023438,0.956768,1.000000,1.000000,1.000000,1.000000,1.000000,1.000000,1.000000,0.604711,1.000000,0.602062
71.162025,4.000000,1641.503784,-1.295797,701.628199,0.090894,0.000000,111.519524,101.554527,105.890933,-3.020351,0.204962,-3.647213,0.316518,0.332904,-0.961658,-35.002819,-0.172768,-0.011917,-0.226201,1.000000,0.999997,-0.195781,83461.023438,0.951369,1.000000,1.000000,1.000000,1.000000,1.000000,1.000000,1.000000,0.608348,1.000000,0.596716
71.218961,4.000000,1644.577881,-1.243517,701.646025,0.085340,0.000000,110.921463,100.904922,105.213712,-3.031386,0.202230,-3.656455,0.312162,0.330436,-0.967847,-35.083317,-0.178140,-0.012571,-0.237062,1.000000,0.999997,-0.183910,83461.023438,0.964361,1.000000,1.000000,1.000000,1.000000,1.000000,1.000000,1.000000,0.612334,1.000000,0.591244
71.271665,4.000000,1647.408325,-1.194148,701.662592,0.077466,0.000000,110.367386,100.298645,104.581554,-3.040682,0.199832,-3.672976,0.316396,0.336942,-0.973696,-35.157436,-0.185096,-0.011033,-0.246270,1.000000,0.999997,-0.163629,83461.023438,0.974534,1.000000,1.000000,1.000000,1.000000,1.000000,1.000000,1.000000,0.616023,1.000000,0.594506
71.322593,4.000000,1650.152100,-1.145096,701.678934,0.077405,0.000000,109.831451,99.702988,103.960443,-3.048929,0.194255,-3.689659,0.322863,0.345883,-0.979512,-35.229282,-0.189966,-0.006593,-0.254533,1.000000,0.999997,-0.156125,83461.023438,0.970411,1.000000,1.000000,1.000000,1.000000,1.000000,1.000000,1.000000,0.619588,1.000000,0.598886
71.373841,4.000000,1652.835083,-1.095952,701.695500,0.085096,0.000000,109.290970,99.117287,103.349796,-3.056889,0.188897,-3.697089,0.322489,0.347524,-0.985299,-35.299541,-0.194434,-0.010056,-0.261582,1.000000,0.999997,-0.151872,83461.023438,0.944483,1.000000,1.000000,1.000000,1.000000,1.000000,1.000000,1.000000,0.623175,1.000000,0.594843
71.424437,4.000000,1655.545288,-1.045065,701.711573,0.088514,0.000000,108.756012,98.522621,102.729872,-3.064643,0.186909,-3.699709,0.315812,0.342382,-0.991243,-35.370510,-0.198800,-0.011831,-0.267577,1.000000,0.999997,-0.147776,83461.023438,0.947652,1.000000,1.000000,1.000000,1.000000,1.000000,1.000000,1.000000,0.626717,1.000000,0.586626
71.481426,4.000000,1658.540771,-0.987296,701.729342,0.091016,0.000000,108.151527,97.854721,102.033565,-3.073129,0.183064,-3.705548,0.310840,0.339291,-0.998007,-35.448948,-0.203719,-0.009354,-0.274083,1.000000,0.999997,-0.143169,83461.023438,0.954315,1.000000,1.000000,1.000000,1.000000,1.000000,1.000000,1.000000,0.630706,1.000000,0.580257
71.536244,4.000000,1661.416382,-0.930264,701.746186,0.093275,0.000000,107.567986,97.204834,101.356033,-3.080921,0.178545,-3.709497,0.305676,0.335886,-1.004676,-35.524250,-0.209031,-0.008336,-0.277911,1.000000,0.999997,-0.135957,83461.023438,0.951444,1.000000,1.000000,1.000000,1.000000,1.000000,1.000000,1.000000,0.634543,1.000000,0.572943
71.594030,4.000000,1664.359741,-0.870223,701.763750,0.092786,0.000000,106.949905,96.514595,100.636404,-3.089136,0.172208,-3.718232,0.303675,0.336072,-1.011859,-35.601326,-0.211299,-0.006284,-0.278583,1.000000,0.999997,-0.146697,83461.023438,0.957309,1.000000,1.000000,1.000000,1.000000,1.000000,1.000000,1.000000,0.638588,1.000000,0.569252
71.651318,4.000000,1667.341309,-0.807623,701.781116,0.086256,0.000000,106.334007,95.779449,99.869927,-3.098735,0.164989,-3.728325,0.302533,0.337378,-1.019623,-35.679398,-0.208072,-0.004864,-0.272530,1.000000,0.999997,-0.185321,83461.023438,0.946604,1.000000,1.000000,1.000000,1.000000,1.000000,1.000000,1.000000,0.642599,1.000000,0.565356
71.703973,4.000000,1669.964844,-0.751029,701.796875,0.083509,0.000000,105.764236,95.107590,99.169482,-3.109738,0.158122,-3.737392,0.298257,0.334959,-1.026824,-35.748100,-0.204300,-0.003586,-0.262486,1.000000,0.999997,-0.221333,83461.023438,0.956209,1.000000,1.000000,1.000000,1.000000,1.000000,1.000000,1.000000,0.646285,1.000000,0.559538
71.759496,4.000000,1672.869507,-0.686677,701.813442,0.088331,0.000000,105.159645,94.354607,98.384400,-3.123194,0.149126,-3.754587,0.298812,0.338260,-1.035016,-35.824162,-0.200731,-0.000406,-0.252754,1.000000,0.999997,-0.253441,83461.023438,0.962395,1.000000,1.000000,1.000000,1.000000,1.000000,1.000000,1.000000,0.650171,1.000000,0.558478
71.817773,4.000000,1675.717163,-0.621827,701.831078,0.088758,0.000000,104.519585,93.608383,97.606273,-3.137883,0.134933,-3.779608,0.305018,0.348038,-1.043265,-35.898727,-0.206660,0.007708,-0.243737,1.000000,0.999997,-0.232051,83461.023438,0.966846,1.000000,1.000000,1.000000,1.000000,1.000000,1.000000,1.000000,0.654251,1.000000,0.562866
71.868571,4.000000,1678.309448,-0.561286,701.846709,0.089002,0.000000,103.957039,92.933800,96.902884,-3.148357,0.117643,-3.794937,0.308267,0.354298,-1.050836,-35.966610,-0.218026,0.013316,-0.236515,1.000000,0.999997,-0.182727,83461.023438,0.952393,1.000000,1.000000,1.000000,1.000000,1.000000,1.000000,1.000000,0.657806,1.000000,0.562982
71.919356,4.000000,1680.823364,-0.501225,701.862278,0.090101,0.000000,103.390106,92.285835,96.227332,-3.156491,0.096150,-3.802653,0.305904,0.354050,-1.058212,-36.032440,-0.229406,0.020057,-0.229742,1.000000,0.999997,-0.137131,83461.023438,0.950185,1.000000,1.000000,1.000000,1.000000,1.000000,1.000000,1.000000,0.661361,1.000000,0.558501
71.974040,4.000000,1683.550659,-0.434582,701.878882,0.093336,0.000000,102.775002,91.579071,95.490471,-3.162559,0.068767,-3.807439,0.302305,0.352585,-1.066376,-36.103855,-0.241886,0.024829,-0.222219,1.000000,0.999997,-0.091249,83461.023438,0.953036,1.000000,1.000000,1.000000,1.000000,1.000000,1.000000,1.000000,0.665189,1.000000,0.552951
72.026541,4.000000,1686.046875,-0.372239,701.894723,0.095472,0.000000,102.179329,90.926903,94.810492,-3.166690,0.041937,-3.813797,0.301750,0.354462,-1.074022,-36.169224,-0.250072,0.025741,-0.215220,1.000000,0.999997,-0.071045,83461.023438,0.954867,1.000000,1.000000,1.000000,1.000000,1.000000,1.000000,1.000000,0.668864,1.000000,0.550573
72.076724,4.000000,1688.489502,-0.309970,701.909477,0.102857,0.000000,101.604980,90.292366,94.149117,-3.173216,0.018988,-3.791215,0.282603,0.334302,-1.081565,-36.233185,-0.210983,0.023219,-0.208021,1.000000,0.999998,-0.307351,83461.023438,0.861068,1.000000,1.000000,1.000000,1.000000,1.000000,1.000000,1.000000,0.672377,1.000000,0.521975
72.126894,4.000000,1690.929321,-0.246525,701.922440,0.108106,0.000000,101.028099,89.639366,93.468604,-3.197637,-0.001576,-3.787084,0.250992,0.299071,-1.089437,-36.297073,-0.155809,0.022001,-0.200708,1.000000,0.999998,-0.601025,83461.023438,0.928821,1.000000,1.000000,1.000000,1.000000,1.000000,1.000000,1.000000,0.675889,1.000000,0.494122
72.177634,4.000000,1693.370361,-0.181760,701.934857,0.108900,0.000000,100.440781,88.976250,92.777272,-3.231604,-0.020009,-3.814882,0.242747,0.291403,-1.097553,-36.360992,-0.129967,0.020136,-0.193709,1.000000,0.999998,-0.714413,83461.023438,0.945349,1.000000,1.000000,1.000000,1.000000,1.000000,1.000000,1.000000,0.679441,1.000000,0.485220
72.234132,4.000000,1696.041626,-0.109417,701.948416,0.088026,0.000000,99.782471,88.245514,92.015399,-3.274682,-0.035674,-3.856947,0.239273,0.289610,-1.106639,-36.430943,-0.105781,0.014681,-0.185348,1.000000,0.999998,-0.805160,83461.023438,0.954421,1.000000,1.000000,1.000000,1.000000,1.000000,1.000000,1.000000,0.683396,1.000000,0.480270
72.291391,4.000000,1698.687134,-0.036233,701.962270,0.084486,0.000000,99.110451,87.509621,91.248062,-3.323224,-0.044739,-3.915806,0.244526,0.298457,-1.115942,-36.500217,-0.081942,0.007647,-0.176392,1.000000,0.999998,-0.883940,83461.023438,0.967674,1.000000,1.000000,1.000000,1.000000,1.000000,1.000000,1.000000,0.687404,1.000000,0.484570
72.343791,4.000000,1701.168335,0.033808,701.975402,0.074720,0.000000,98.491013,86.814133,90.522776,-3.370521,-0.047509,-3.977076,0.254038,0.312551,-1.124881,-36.565193,-0.068055,0.004309,-0.169385,1.000000,0.999998,-0.905718,83461.023438,0.969987,1.000000,1.000000,1.000000,1.000000,1.000000,1.000000,1.000000,0.691072,1.000000,0.492121
72.394195,4.000000,1703.503662,0.100953,701.988456,0.073011,0.000000,97.891556,86.163406,89.844213,-3.415455,-0.048076,-4.032939,0.261333,0.323954,-1.133375,-36.626343,-0.063045,0.001588,-0.163396,1.000000,0.999998,-0.880106,83461.023438,0.967153,1.000000,1.000000,1.000000,1.000000,1.000000,1.000000,1.000000,0.694600,1.000000,0.497258
72.445322,4.000000,1705.849487,0.169565,702.002118,0.071241,0.000000,97.279808,85.508003,89.160741,-3.459826,-0.047240,-4.091943,0.270748,0.338198,-1.142061,-36.687771,-0.057719,0.001435,-0.158162,1.000000,0.999998,-0.856373,83461.023438,0.970990,1.000000,1.000000,1.000000,1.000000,1.000000,1.000000,1.000000,0.698179,1.000000,0.505187
72.495933,4.000000,1708.151733,0.237992,702.014541,0.072767,0.000000,96.670967,84.921219,88.549412,-3.498996,-0.021278,-4.065982,0.226065,0.284334,-1.149943,-36.748058,-0.079932,-0.056899,-0.141488,1.000000,0.999998,-0.687597,83461.023438,0.859959,1.000000,1.000000,1.000000,1.000000,1.000000,1.000000,1.000000,0.701722,1.000000,0.450211
72.548062,4.000000,1710.456299,0.307635,702.024676,0.089490,0.000000,96.041191,84.345375,87.949353,-3.529910,0.043230,-4.029406,0.184862,0.234097,-1.157787,-36.808407,-0.106808,-0.076961,-0.130579,1.000000,0.999998,-0.506136,83461.023438,0.728268,1.000000,1.000000,1.000000,1.000000,1.000000,1.000000,1.000000,0.705371,1.000000,0.394255
72.598460,4.000000,1712.789551,0.379332,702.030494,0.099744,0.000000,95.431099,83.822716,87.404923,-3.548965,0.087502,-3.941554,0.089617,0.114192,-1.164997,-36.869503,-0.145122,-0.043066,-0.136447,1.000000,0.999998,-0.274683,83461.023438,0.828183,1.000000,1.000000,1.000000,1.000000,1.000000,1.000000,1.000000,0.708899,1.000000,0.308254
72.655369,4.000000,1715.314331,0.458105,702.033213,0.119276,0.000000,94.742279,83.228745,86.785749,-3.559041,0.111448,-3.878247,0.029460,0.037806,-1.173306,-36.935616,-0.174316,-0.023994,-0.141780,1.000000,0.999998,-0.105065,83461.023438,0.867852,1.000000,1.000000,1.000000,1.000000,1.000000,1.000000,1.000000,0.712882,1.000000,0.248997
72.711478,4.000000,1717.839111,0.538013,702.033219,0.128919,0.000000,94.064331,82.625854,86.157112,-3.561271,0.123166,-3.829664,-0.012790,-0.016534,-1.181864,-37.001732,-0.197198,-0.017917,-0.145861,1.000000,0.999998,0.019354,83461.023438,0.901517,1.000000,1.000000,1.000000,1.000000,1.000000,1.000000,1.000000,0.716810,1.000000,0.207962
72.762528,4.000000,1720.048584,0.608833,702.031822,0.127332,0.000000,93.448273,82.091957,85.600388,-3.557361,0.129727,-3.803089,-0.032046,-0.041695,-1.189549,-37.059589,-0.216845,-0.012230,-0.151750,1.000000,0.999998,0.116691,83461.023438,0.935153,1.000000,1.000000,1.000000,1.000000,1.000000,1.000000,1.000000,0.720383,1.000000,0.189183
72.815237,4.000000,1722.366089,0.683966,702.029823,0.115674,0.000000,92.815140,81.524712,85.008864,-3.549530,0.129571,-3.786728,-0.039787,-0.052126,-1.197824,-37.120274,-0.230444,-0.004918,-0.161329,1.000000,0.999998,0.172914,83461.023438,0.957874,1.000000,1.000000,1.000000,1.000000,1.000000,1.000000,1.000000,0.724073,1.000000,0.181353
72.869178,4.000000,1724.690186,0.760132,702.027808,0.107740,0.000000,92.169823,80.963272,84.423436,-3.539098,0.125058,-3.784924,-0.034815,-0.045928,-1.206127,-37.181133,-0.240999,-0.002361,-0.175114,1.000000,0.999998,0.205821,83461.023438,0.982824,1.000000,1.000000,1.000000,1.000000,1.000000,1.000000,1.000000,0.727849,1.000000,0.186589
72.922914,4.000000,1726.997314,0.836540,702.026307,0.095899,0.000000,91.530006,80.417404,83.854239,-3.527864,0.120399,-3.785176,-0.025310,-0.033616,-1.214312,-37.241547,-0.246255,-0.004092,-0.192059,1.000000,0.999998,0.205374,83461.023438,0.975089,1.000000,1.000000,1.000000,1.000000,1.000000,1.000000,1.000000,0.731610,1.000000,0.193941
72.974005,4.000000,1729.220459,0.910913,702.025264,0.088209,0.000000,90.925148,79.907722,83.322786,-3.518027,0.117941,-3.785514,-0.017565,-0.023478,-1.222055,-37.299763,-0.247046,-0.006082,-0.210661,1.000000,0.999998,0.180961,83461.023438,0.979161,1.000000,1.000000,1.000000,1.000000,1.000000,1.000000,1.000000,0.735187,1.000000,0.200325
73.024358,4.000000,1731.369995,0.983533,702.024585,0.090711,0.000000,90.332535,79.423752,82.818131,-3.510058,0.117011,-3.783918,-0.011919,-0.016029,-1.229499,-37.356049,-0.244192,-0.008832,-0.230940,1.000000,0.999998,0.137929,83461.023438,0.970835,1.000000,1.000000,1.000000,1.000000,1.000000,1.000000,1.000000,0.738711,1.000000,0.203849
73.077874,4.000000,1733.650391,1.061368,702.024067,0.092176,0.000000,89.706589,78.923218,82.296207,-3.503586,0.120071,-3.781157,-0.008690,-0.011761,-1.237294,-37.415764,-0.243853,-0.015181,-0.251055,1.000000,0.999998,0.109165,83461.023438,0.967015,1.000000,1.000000,1.000000,1.000000,1.000000,1.000000,1.000000,0.742458,1.000000,0.205329
73.128259,4.000000,1735.767578,1.134393,702.023618,0.098646,0.000000,89.122116,78.458656,81.811773,-3.498921,0.127136,-3.775182,-0.009205,-0.012531,-1.244619,-37.471203,-0.243331,-0.020119,-0.269233,1.000000,0.999998,0.082442,83461.023438,0.963854,1.000000,1.000000,1.000000,1.000000,1.000000,1.000000,1.000000,0.745985,1.000000,0.203190
73.179863,4.000000,1737.907837,1.209007,702.023162,0.092664,0.000000,88.528229,77.985168,81.318070,-3.495337,0.137293,-3.772860,-0.008333,-0.011413,-1.252172,-37.527248,-0.243153,-0.022764,-0.287141,1.000000,0.999998,0.058334,83461.023438,0.966267,1.000000,1.000000,1.000000,1.000000,1.000000,1.000000,1.000000,0.749597,1.000000,0.202923
73.236141,4.000000,1740.275635,1.292534,702.022741,0.088575,0.000000,87.886528,77.452240,80.762347,-3.492923,0.147764,-3.772242,-0.006778,-0.009346,-1.260786,-37.589252,-0.243202,-0.021598,-0.305580,1.000000,0.999998,0.035015,83461.023438,0.965438,1.000000,1.000000,1.000000,1.000000,1.000000,1.000000,1.000000,0.753536,1.000000,0.202915
73.293343,4.000000,1742.619019,1.376248,702.022382,0.085218,0.000000,87.240601,76.919838,80.207195,-3.491825,0.156584,-3.773198,-0.005604,-0.007781,-1.269510,-37.650616,-0.241275,-0.021164,-0.322114,1.000000,0.999998,0.001775,83461.023438,0.973832,1.000000,1.000000,1.000000,1.000000,1.000000,1.000000,1.000000,0.757540,1.000000,0.203049
73.343553,4.000000,1744.701660,1.451575,702.022343,0.080396,0.000000,86.678856,76.433197,79.699767,-3.492656,0.163602,-3.785041,0.002197,0.003070,-1.277589,-37.705151,-0.239526,-0.021033,-0.335330,1.000000,0.999998,-0.025636,83461.023438,0.976794,1.000000,1.000000,1.000000,1.000000,1.000000,1.000000,1.000000,0.761055,1.000000,0.209711
73.393878,4.000000,1746.666748,1.523483,702.022681,0.085767,0.000000,86.120552,75.967491,79.214147,-3.494437,0.169910,-3.796917,0.009042,0.012713,-1.285419,-37.756611,-0.241928,-0.020304,-0.346203,1.000000,0.999998,-0.029600,83461.023438,0.980104,1.000000,1.000000,1.000000,1.000000,1.000000,1.000000,1.000000,0.764578,1.000000,0.215611
73.445401,4.000000,1748.811523,1.602923,702.023395,0.090040,0.000000,85.553535,75.452034,78.676673,-3.495440,0.175860,-3.804417,0.015225,0.021552,-1.294197,-37.812771,-0.250364,-0.021630,-0.353626,1.000000,0.999998,-0.003069,83461.023438,0.961493,1.000000,1.000000,1.000000,1.000000,1.000000,1.000000,1.000000,0.768184,1.000000,0.218838
73.497326,4.000000,1750.903931,1.681418,702.024063,0.099012,0.000000,84.986687,74.944237,78.147162,-3.495225,0.183273,-3.797309,0.011291,0.016092,-1.302964,-37.867565,-0.257464,-0.022912,-0.358032,1.000000,0.999998,0.013366,83461.023438,0.950524,1.000000,1.000000,1.000000,1.000000,1.000000,1.000000,1.000000,0.771819,1.000000,0.212609
73.548852,4.000000,1752.942261,1.758881,702.024439,0.099622,0.000000,84.428535,74.443039,77.624541,-3.494419,0.190853,-3.787915,0.005494,0.007883,-1.311733,-37.920940,-0.263463,-0.023326,-0.361313,1.000000,0.999998,0.022948,83461.023438,0.949567,1.000000,1.000000,1.000000,1.000000,1.000000,1.000000,1.000000,0.775426,1.000000,0.205263
73.605136,4.000000,1755.199097,1.845848,702.024547,0.103223,0.000000,83.823570,73.879822,77.037266,-3.492929,0.196678,-3.779466,0.000607,0.000878,-1.321729,-37.980038,-0.270481,-0.019108,-0.365217,1.000000,0.999998,0.034998,83461.023438,0.951831,1.000000,1.000000,1.000000,1.000000,1.000000,1.000000,1.000000,0.779366,1.000000,0.198988
73.661649,4.000000,1757.434448,1.933266,702.024300,0.105176,0.000000,83.220535,73.328239,76.462108,-3.490354,0.198767,-3.764112,-0.007422,-0.010812,-1.331668,-38.038570,-0.280291,-0.016255,-0.369074,1.000000,0.999998,0.060599,83461.023438,0.945121,1.000000,1.000000,1.000000,1.000000,1.000000,1.000000,1.000000,0.783322,1.000000,0.188804
73.717924,4.000000,1759.602417,2.019320,702.023568,0.104017,0.000000,82.624252,72.798729,75.909944,-3.487146,0.199127,-3.749097,-0.015440,-0.022654,-1.341351,-38.095341,-0.284058,-0.015380,-0.374993,1.000000,0.999998,0.052012,83461.023438,0.949991,1.000000,1.000000,1.000000,1.000000,1.000000,1.000000,1.000000,0.787261,1.000000,0.179420
73.773462,4.000000,1761.785767,2.107321,702.022512,0.109022,0.000000,82.039787,72.265923,75.354376,-3.485216,0.199599,-3.739686,-0.020433,-0.030200,-1.351236,-38.152515,-0.284365,-0.016602,-0.382901,1.000000,0.999998,0.026819,83461.023438,0.953601,1.000000,1.000000,1.000000,1.000000,1.000000,1.000000,1.000000,0.791149,1.000000,0.173111
73.828909,4.000000,1763.912842,2.194419,702.021269,0.105543,0.000000,81.460182,71.757408,74.824124,-3.484201,0.202460,-3.737101,-0.022253,-0.033123,-1.360809,-38.208214,-0.287968,-0.020342,-0.392223,1.000000,0.999998,0.021350,83461.023438,0.969900,1.000000,1.000000,1.000000,1.000000,1.000000,1.000000,1.000000,0.795030,1.000000,0.170880
73.884369,4.000000,1766.047852,2.283281,702.020275,0.097364,0.000000,80.884354,71.248642,74.293613,-3.482980,0.208295,-3.748137,-0.014564,-0.021833,-1.370522,-38.264122,-0.292989,-0.023408,-0.403210,1.000000,0.999998,0.022466,83461.023438,0.983574,1.000000,1.000000,1.000000,1.000000,1.000000,1.000000,1.000000,0.798912,1.000000,0.177914
73.940334,4.000000,1768.179810,2.373557,702.019805,0.083875,0.000000,80.307190,70.744308,73.767721,-3.482575,0.215113,-3.761584,-0.004980,-0.007519,-1.380289,-38.319950,-0.294398,-0.024180,-0.416298,1.000000,0.999998,0.004336,83461.023438,0.983612,1.000000,1.000000,1.000000,1.000000,1.000000,1.000000,1.000000,0.800000,1.000000,0.185899
73.997143,4.000000,1770.306885,2.465227,702.019758,0.082960,0.000000,79.725426,70.245895,73.248013,-3.483417,0.221266,-3.769938,0.000779,0.001185,-1.390078,-38.375648,-0.292591,-0.021787,-0.430940,1.000000,0.999998,-0.029841,83461.023438,0.973867,1.000000,1.000000,1.000000,1.000000,1.000000,1.000000,1.000000,0.800000,1.000000,0.189589
74.047516,4.000000,1772.194336,2.547945,702.019972,0.082410,0.000000,79.213043,69.796219,72.779115,-3.486132,0.221883,-3.781928,0.006583,0.010075,-1.399031,-38.425072,-0.289201,-0.015092,-0.444227,1.000000,0.999998,-0.066591,83461.023438,0.979412,1.000000,1.000000,1.000000,1.000000,1.000000,1.000000,1.000000,0.800000,1.000000,0.194472
74.098013,4.000000,1774.063721,2.631170,702.020522,0.082227,0.000000,78.702713,69.343941,72.307509,-3.490656,0.218231,-3.795814,0.012994,0.020015,-1.408152,-38.474026,-0.285660,-0.011813,-0.455547,1.000000,0.999998,-0.100989,83461.023438,0.975281,1.000000,1.000000,1.000000,1.000000,1.000000,1.000000,1.000000,0.800000,1.000000,0.199292
74.152906,4.000000,1776.103027,2.723448,702.021385,0.081312,0.000000,78.151749,68.840912,71.782982,-3.496795,0.211975,-3.807026,0.016938,0.026279,-1.418437,-38.527424,-0.287555,-0.008682,-0.464271,1.000000,0.999998,-0.104240,83461.023438,0.967366,1.000000,1.000000,1.000000,1.000000,1.000000,1.000000,1.000000,0.800000,1.000000,0.201131
74.210103,4.000000,1778.180786,2.819065,702.022345,0.088331,0.000000,77.581314,68.318726,71.238500,-3.502208,0.203285,-3.810590,0.016331,0.025532,-1.429274,-38.581833,-0.294054,-0.007359,-0.468865,1.000000,0.999998,-0.084067,83461.023438,0.958423,1.000000,1.000000,1.000000,1.000000,1.000000,1.000000,1.000000,0.800000,1.000000,0.198394
74.260105,4.000000,1779.994629,2.903890,702.023033,0.098402,0.000000,77.085564,67.846619,70.746214,-3.506346,0.197202,-3.807770,0.012476,0.019640,-1.439215,-38.629330,-0.299108,-0.010914,-0.468305,1.000000,0.999998,-0.070802,83461.023438,0.950734,1.000000,1.000000,1.000000,1.000000,1.000000,1.000000,1.000000,0.800000,1.000000,0.192594
74.315932,4.000000,1782.005737,2.999455,702.023521,0.107069,0.000000,76.535049,67.300644,70.176913,-3.509635,0.193424,-3.802884,0.007149,0.011345,-1.450886,-38.681992,-0.307184,-0.011502,-0.462398,1.000000,0.999998,-0.044691,83461.023438,0.951694,1.000000,1.000000,1.000000,1.000000,1.000000,1.000000,1.000000,0.800000,1.000000,0.185883
74.369369,4.000000,1783.921509,3.092014,702.023705,0.104688,0.000000,76.010056,66.741875,69.594258,-3.512065,0.188292,-3.796226,0.001644,0.002630,-1.463028,-38.732159,-0.309909,-0.006933,-0.450388,1.000000,0.999998,-0.048620,83461.023438,0.950298,1.000000,1.000000,1.000000,1.000000,1.000000,1.000000,1.000000,0.800000,1.000000,0.178642
74.423757,4.000000,1785.871826,3.187786,702.023699,0.105909,0.000000,75.477112,66.137268,68.963805,-3.515410,0.178033,-3.797153,-0.000308,-0.000497,-1.476397,-38.783230,-0.310632,-0.000448,-0.434569,1.000000,0.999998,-0.062364,83461.023438,0.954245,1.000000,1.000000,1.000000,1.000000,1.000000,1.000000,1.000000,0.800000,1.000000,0.175477
74.474355,4.000000,1787.644775,3.276199,702.023658,0.104871,0.000000,74.982056,65.583153,68.386014,-3.518495,0.165484,-3.800666,-0.000577,-0.000940,-1.488865,-38.829659,-0.314513,0.002754,-0.420118,1.000000,0.999998,-0.057296,83461.023438,0.963935,1.000000,1.000000,1.000000,1.000000,1.000000,1.000000,1.000000,0.800000,1.000000,0.174178
74.529903,4.000000,1789.581299,3.374271,702.023707,0.112379,0.000000,74.438469,64.968605,67.745202,-3.522146,0.150782,-3.806381,0.001248,0.002052,-1.496553,-38.880367,-0.315540,0.004178,-0.404733,1.000000,0.999998,-0.069095,83461.023438,0.957361,1.000000,1.000000,1.000000,1.000000,1.000000,1.000000,1.000000,0.800000,1.000000,0.173688
74.586511,4.000000,1791.556519,3.475936,702.023699,0.115430,0.000000,73.883453,64.343597,67.093475,-3.526341,0.137137,-3.805840,-0.001246,-0.002069,-1.496553,-38.932091,-0.318235,0.002645,-0.389913,1.000000,0.999998,-0.070994,83461.023438,0.953656,1.000000,1.000000,1.000000,1.000000,1.000000,1.000000,1.000000,0.800000,1.000000,0.169077
74.636749,4.000000,1793.261719,3.565045,702.023602,0.117017,0.000000,73.389618,63.799957,66.526614,-3.529551,0.126652,-3.808670,-0.001778,-0.002977,-1.496553,-38.976742,-0.324325,0.002144,-0.377686,1.000000,0.999998,-0.052945,83461.023438,0.957921,1.000000,1.000000,1.000000,1.000000,1.000000,1.000000,1.000000,0.800000,1.000000,0.167324
74.687730,4.000000,1795.007324,3.657567,702.023494,0.113721,0.000000,72.886940,63.243599,65.946473,-3.531668,0.118362,-3.809803,-0.002208,-0.003729,-1.496553,-39.022453,-0.331262,-0.001262,-0.365776,1.000000,0.999998,-0.032331,83461.023438,0.955863,1.000000,1.000000,1.000000,1.000000,1.000000,1.000000,1.000000,0.800000,1.000000,0.165214
74.738877,4.000000,1796.734375,3.750401,702.023392,0.102918,0.000000,72.380959,62.683960,65.362906,-3.533232,0.113486,-3.812138,-0.001763,-0.003004,-1.496553,-39.067677,-0.334997,-0.004252,-0.353939,1.000000,0.999998,-0.030450,83461.023438,0.959172,1.000000,1.000000,1.000000,1.000000,1.000000,1.000000,1.000000,0.800000,1.000000,0.164155
74.794029,4.000000,1798.546509,3.849208,702.023422,0.103223,0.000000,71.833511,62.088390,64.741892,-3.534647,0.111684,-3.822397,0.002649,0.004557,-1.496553,-39.115128,-0.340380,-0.007735,-0.342329,1.000000,0.999998,-0.021333,83461.023438,0.968489,1.000000,1.000000,1.000000,1.000000,1.000000,1.000000,1.000000,0.800000,1.000000,0.167660
74.848673,4.000000,1800.354736,3.949234,702.023810,0.094923,0.000000,71.288361,61.488689,64.116562,-3.535294,0.113338,-3.834685,0.009470,0.016449,-1.496553,-39.162479,-0.346314,-0.010298,-0.332297,1.000000,0.999998,-0.010242,83461.023438,0.969194,1.000000,1.000000,1.000000,1.000000,1.000000,1.000000,1.000000,0.800000,1.000000,0.172717
74.901398,4.000000,1802.056885,4.044690,702.024563,0.090406,0.000000,70.760246,60.911026,63.514205,-3.536623,0.115639,-3.849144,0.016859,0.029562,-1.496553,-39.207050,-0.344943,-0.010683,-0.322569,1.000000,0.999998,-0.037645,83461.023438,0.967968,1.000000,1.000000,1.000000,1.000000,1.000000,1.000000,1.000000,0.800000,1.000000,0.178521
74.952447,4.000000,1803.749268,4.140807,702.025567,0.093702,0.000000,70.246819,60.330521,62.908889,-3.539259,0.118341,-3.857449,0.020728,0.036697,-1.496553,-39.251369,-0.343526,-0.010568,-0.313647,1.000000,0.999998,-0.062266,83461.023438,0.960175,1.000000,1.000000,1.000000,1.000000,1.000000,1.000000,1.000000,0.800000,1.000000,0.180037
75.009671,4.000000,1805.568359,4.245395,702.026778,0.092359,0.000000,69.668617,59.708771,62.260566,-3.543339,0.120618,-3.861418,0.021061,0.037675,-1.496553,-39.299004,-0.343436,-0.009838,-0.305146,1.000000,0.999998,-0.079481,83461.023438,0.954307,1.000000,1.000000,1.000000,1.000000,1.000000,1.000000,1.000000,0.800000,1.000000,0.178076
75.066540,4.000000,1807.374512,4.350481,702.027891,0.093458,0.000000,69.091248,59.097462,61.623142,-3.548266,0.122735,-3.862715,0.018956,0.034261,-1.496553,-39.346298,-0.343467,-0.009641,-0.297980,1.000000,0.999998,-0.094260,83461.023438,0.953727,1.000000,1.000000,1.000000,1.000000,1.000000,1.000000,1.000000,0.800000,1.000000,0.174221
75.122707,4.000000,1809.157227,4.455355,702.028856,0.098707,0.000000,68.518509,58.487617,60.987235,-3.554350,0.124216,-3.865268,0.016709,0.030515,-1.496553,-39.392979,-0.341975,-0.008534,-0.290831,1.000000,0.999998,-0.115017,83461.023438,0.957531,1.000000,1.000000,1.000000,1.000000,1.000000,1.000000,1.000000,0.800000,1.000000,0.170477
75.177477,4.000000,1810.840576,4.555362,702.029689,0.101209,0.000000,67.957901,57.911087,60.386071,-3.560577,0.124836,-3.866309,0.014169,0.026134,-1.496553,-39.437061,-0.345371,-0.008302,-0.284251,1.000000,0.999998,-0.107651,83461.023438,0.952766,1.000000,1.000000,1.000000,1.000000,1.000000,1.000000,1.000000,0.800000,1.000000,0.165937
75.231870,4.000000,1812.535522,4.656959,702.030352,0.097913,0.000000,67.399216,57.330776,59.780967,-3.566313,0.127302,-3.866340,0.011877,0.022128,-1.496553,-39.481445,-0.013959,-0.011718,-0.277276,1.000000,0.999998,-0.108983,83461.023438,0.941700,1.000000,1.000000,1.000000,1.000000,1.000000,1.000000,0.000000,0.800000,1.000000,0.161210
75.288111,4.000000,1814.200562,4.757603,702.030705,0.094373,0.000000,66.819153,56.791039,59.218173,-3.572246,0.132023,-3.859904,0.004394,0.008263,-1.496553,-39.525043,-0.016941,-0.012595,-0.268368,1.000000,0.999998,-0.104616,83461.023438,0.957502,1.000000,1.000000,1.000000,1.000000,1.000000,1.000000,0.000000,0.800000,1.000000,0.153056
75.342031,4.000000,1815.849854,4.858076,702.030896,0.096754,0.000000,66.262245,56.255653,58.659903,-3.577709,0.136752,-3.864977,0.003728,0.007079,-1.496553,-39.568233,-0.020518,-0.013372,-0.259097,1.000000,0.999998,-0.096369,83461.023438,0.962021,1.000000,1.000000,1.000000,1.000000,1.000000,1.000000,0.000000,0.800000,1.000000,0.151399
75.392560,4.000000,1817.374756,4.951623,702.031133,0.094373,0.000000,65.740211,55.769485,58.152953,-3.582173,0.142124,-3.874593,0.005846,0.011196,-1.496553,-39.608162,-0.025769,-0.014493,-0.246149,1.000000,0.999998,-0.079119,83461.023438,0.971639,1.000000,1.000000,1.000000,1.000000,1.000000,1.000000,0.000000,0.800000,1.000000,0.152764
75.443682,4.000000,1818.874390,5.044170,702.031514,0.087903,0.000000,65.212112,55.315533,57.679602,-3.585275,0.148084,-3.879873,0.007688,0.014845,-1.496553,-39.647434,-0.034666,-0.014592,-0.228494,1.000000,0.999998,-0.044419,83461.023438,0.964086,1.000000,1.000000,1.000000,1.000000,1.000000,1.000000,0.000000,0.800000,1.000000,0.152610
75.493826,4.000000,1820.370483,5.137016,702.031836,0.089429,0.000000,64.694946,54.890064,57.235952,-3.586287,0.153305,-3.876818,0.005829,0.011342,-1.496553,-39.686611,-0.045543,-0.012749,-0.207554,1.000000,0.999998,-0.001743,83461.023438,0.961550,1.000000,1.000000,1.000000,1.000000,1.000000,1.000000,0.000000,0.800000,1.000000,0.149331
75.545541,4.000000,1821.871948,5.230620,702.032069,0.090101,0.000000,64.163170,54.479401,56.807740,-3.584934,0.156825,-3.873512,0.004435,0.008695,-1.496553,-39.725925,-0.058052,-0.010800,-0.184487,1.000000,0.999998,0.045627,83461.023438,0.967007,1.000000,1.000000,1.000000,1.000000,1.000000,1.000000,0.000000,0.800000,1.000000,0.147160
75.595599,4.000000,1823.308594,5.320530,702.032243,0.092786,0.000000,63.650921,54.088093,56.399705,-3.581583,0.160019,-3.866786,0.002972,0.005870,-1.496553,-39.763546,-0.068855,-0.011461,-0.162736,1.000000,0.999998,0.080824,83461.023438,0.964155,1.000000,1.000000,1.000000,1.000000,1.000000,1.000000,0.000000,0.800000,1.000000,0.144333
75.647207,4.000000,1824.814819,5.415069,702.032320,0.094495,0.000000,63.125900,53.673298,55.967178,-3.576890,0.165824,-3.859333,0.001183,0.002354,-1.496553,-39.802990,-0.075961,-0.016510,-0.141159,1.000000,0.999998,0.092821,83461.023438,0.969251,1.000000,1.000000,1.000000,1.000000,1.000000,1.000000,0.000000,0.800000,1.000000,0.141787
75.697778,4.000000,1826.270142,5.506622,702.032362,0.100233,0.000000,62.615170,53.262344,55.538666,-3.571801,0.176004,-3.852000,0.000411,0.000824,-1.496553,-39.841099,-0.082939,-0.021459,-0.122723,1.000000,0.999998,0.103818,83461.023438,0.962318,1.000000,1.000000,1.000000,1.000000,1.000000,1.000000,0.000000,0.800000,1.000000,0.139519
75.754339,4.000000,1827.873047,5.607624,702.032227,0.107435,0.000000,62.048683,52.801674,55.058307,-3.565790,0.190751,-3.836800,-0.003971,-0.008033,-1.496553,-39.883072,-0.087998,-0.024757,-0.105522,1.000000,0.999998,0.100651,83461.023438,0.957539,1.000000,1.000000,1.000000,1.000000,1.000000,1.000000,0.000000,0.800000,1.000000,0.133674
75.805674,4.000000,1829.293213,5.697177,702.031882,0.106519,0.000000,61.538864,52.380421,54.619050,-3.560843,0.205673,-3.825105,-0.007684,-0.015668,-1.496553,-39.920261,-0.090122,-0.026593,-0.094205,1.000000,0.999998,0.085464,83461.023438,0.963562,1.000000,1.000000,1.000000,1.000000,1.000000,1.000000,0.000000,0.800000,1.000000,0.129186
75.857350,4.000000,1830.722168,5.787245,702.031477,0.105909,0.000000,61.029942,51.940971,54.160814,-3.556938,0.221125,-3.823166,-0.007349,-0.015112,-1.496553,-39.957680,-0.089996,-0.027216,-0.087496,1.000000,0.999998,0.059554,83461.023438,0.969938,1.000000,1.000000,1.000000,1.000000,1.000000,1.000000,0.000000,0.800000,1.000000,0.128936
75.907361,4.000000,1832.112549,5.874737,702.031129,0.107130,0.000000,60.541473,51.499454,53.700436,-3.554587,0.235199,-3.820727,-0.006973,-0.014461,-1.496553,-39.994087,-0.088576,-0.026666,-0.087404,1.000000,0.999998,0.029515,83461.023438,0.963327,1.000000,1.000000,1.000000,1.000000,1.000000,1.000000,0.000000,0.800000,1.000000,0.127696
75.965197,4.000000,1833.681396,5.973178,702.030635,0.113477,0.000000,59.981045,50.990513,53.169742,-3.553465,0.251082,-3.815101,-0.009370,-0.019628,-1.496553,-40.035168,-0.087993,-0.028988,-0.097978,1.000000,0.999998,0.003568,83461.023438,0.965406,1.000000,1.000000,1.000000,1.000000,1.000000,1.000000,0.000000,0.800000,1.000000,0.124155
76.015855,4.000000,1835.074219,6.060208,702.030158,0.113599,0.000000,59.493847,50.530563,52.690132,-3.553573,0.267877,-3.814614,-0.009607,-0.020307,-1.496553,-40.071640,-0.088664,-0.035326,-0.114280,1.000000,0.999998,-0.010611,83461.023438,0.964265,1.000000,1.000000,1.000000,1.000000,1.000000,1.000000,0.000000,0.800000,1.000000,0.122669
76.066131,4.000000,1836.432007,6.144666,702.029626,0.113172,0.000000,59.013470,50.093323,52.234203,-3.553931,0.288647,-3.811455,-0.011167,-0.023810,-1.496553,-40.107197,-0.091348,-0.041415,-0.131825,1.000000,0.999998,-0.012963,83461.023438,0.964013,1.000000,1.000000,1.000000,1.000000,1.000000,1.000000,0.000000,0.800000,1.000000,0.119868
76.117421,4.000000,1837.791504,6.228807,702.028960,0.111341,0.000000,58.526398,49.664291,51.786830,-3.554008,0.313314,-3.804097,-0.014189,-0.030516,-1.496553,-40.142796,-0.097855,-0.046631,-0.149825,1.000000,0.999998,0.005314,83461.023438,0.958042,1.000000,1.000000,1.000000,1.000000,1.000000,1.000000,0.000000,0.800000,1.000000,0.115283
76.172178,4.000000,1839.261108,6.319237,702.028016,0.109571,0.000000,58.010067,49.202408,51.305196,-3.552446,0.341499,-3.794452,-0.018400,-0.039943,-1.496553,-40.181278,-0.108388,-0.049840,-0.170156,1.000000,0.999998,0.042415,83461.023438,0.963746,1.000000,1.000000,1.000000,1.000000,1.000000,1.000000,0.000000,0.800000,1.000000,0.110401
76.228859,4.000000,1840.719604,6.408408,702.026891,0.106092,0.000000,57.479191,48.751328,50.834832,-3.548490,0.372006,-3.786083,-0.020452,-0.044808,-1.496553,-40.219471,-0.121065,-0.053953,-0.189794,1.000000,0.999998,0.086822,83461.023438,0.966155,1.000000,1.000000,1.000000,1.000000,1.000000,1.000000,0.000000,0.800000,1.000000,0.107270
76.278969,4.000000,1842.040771,6.488642,702.025883,0.099561,0.000000,57.013050,48.336788,50.402579,-3.543494,0.400206,-3.784733,-0.019377,-0.042817,-1.496553,-40.254066,-0.128619,-0.056561,-0.207557,1.000000,0.999998,0.103042,83461.023438,0.975409,1.000000,1.000000,1.000000,1.000000,1.000000,1.000000,0.000000,0.800000,1.000000,0.107951
76.333119,4.000000,1843.423950,6.572090,702.024974,0.095594,0.000000,56.512936,47.901043,49.948214,-3.537788,0.430493,-3.788763,-0.015086,-0.033638,-1.496553,-40.290287,-0.133565,-0.058005,-0.226373,1.000000,0.999998,0.101404,83461.023438,0.977333,1.000000,1.000000,1.000000,1.000000,1.000000,1.000000,0.000000,0.800000,1.000000,0.111281
76.389962,4.000000,1844.865601,6.658433,702.024334,0.093091,0.000000,55.991596,47.448605,49.476442,-3.532259,0.460964,-3.798408,-0.008725,-0.019641,-1.496553,-40.328037,-0.137249,-0.058445,-0.244474,1.000000,0.999998,0.090942,83461.023438,0.984097,1.000000,1.000000,1.000000,1.000000,1.000000,1.000000,0.000000,0.800000,1.000000,0.116931
76.439998,4.000000,1846.113892,6.732670,702.024113,0.089429,0.000000,55.535881,47.060181,49.071418,-3.528357,0.487037,-3.807968,-0.002541,-0.005768,-1.496553,-40.360725,-0.136897,-0.060013,-0.258506,1.000000,0.999998,0.062291,83461.023438,0.979565,1.000000,1.000000,1.000000,1.000000,1.000000,1.000000,0.000000,0.800000,1.000000,0.121883
76.490301,4.000000,1847.386353,6.807872,702.024168,0.090711,0.000000,55.080833,46.669140,48.663672,-3.525884,0.513562,-3.818204,0.003005,0.006878,-1.496553,-40.394047,-0.137437,-0.063265,-0.270202,1.000000,0.999998,0.040069,83461.023438,0.979944,1.000000,1.000000,1.000000,1.000000,1.000000,1.000000,0.000000,0.800000,1.000000,0.126437
76.547218,4.000000,1848.792480,6.890439,702.024429,0.094495,0.000000,54.569809,46.236816,48.212863,-3.524141,0.544867,-3.816929,0.004338,0.010020,-1.496553,-40.430866,-0.138699,-0.065300,-0.279456,1.000000,0.999998,0.019859,83461.023438,0.963591,1.000000,1.000000,1.000000,1.000000,1.000000,1.000000,0.000000,0.800000,1.000000,0.125476
76.598285,4.000000,1850.060547,6.964475,702.024499,0.094312,0.000000,54.114742,45.834686,47.793545,-3.523602,0.571403,-3.805208,-0.000326,-0.000760,-1.496553,-40.464073,-0.139669,-0.063598,-0.283037,1.000000,0.999998,0.003008,83461.023438,0.959893,1.000000,1.000000,1.000000,1.000000,1.000000,1.000000,0.000000,0.800000,1.000000,0.119620
76.655066,4.000000,1851.434692,7.044263,702.024317,0.097974,0.000000,53.612690,45.372337,47.311440,-3.524098,0.595490,-3.796197,-0.004466,-0.010514,-1.496553,-40.500053,-0.139001,-0.057627,-0.280104,1.000000,0.999998,-0.022577,83461.023438,0.960085,1.000000,1.000000,1.000000,1.000000,1.000000,1.000000,0.000000,0.800000,1.000000,0.114405
76.710660,4.000000,1852.783203,7.122096,702.023951,0.100782,0.000000,53.124649,44.878502,46.796493,-3.526453,0.612156,-3.791734,-0.007387,-0.017580,-1.496553,-40.535366,-0.135740,-0.050729,-0.268771,1.000000,0.999998,-0.058105,83461.023438,0.959367,1.000000,1.000000,1.000000,1.000000,1.000000,1.000000,0.000000,0.800000,1.000000,0.110348
76.767601,4.000000,1854.138306,7.199832,702.023431,0.101758,0.000000,52.627552,44.370804,46.267105,-3.530246,0.622356,-3.790395,-0.009670,-0.023277,-1.496553,-40.570850,-0.135382,-0.044921,-0.254745,1.000000,0.999998,-0.074945,83461.023438,0.964289,1.000000,1.000000,1.000000,1.000000,1.000000,1.000000,0.000000,0.800000,1.000000,0.107017
76.824278,4.000000,1855.470703,7.275768,702.022887,0.105176,0.000000,52.134949,43.867771,45.742570,-3.534360,0.627425,-3.795717,-0.009289,-0.022618,-1.496553,-40.605740,-0.138354,-0.039617,-0.240372,1.000000,0.999998,-0.072385,83461.023438,0.966259,1.000000,1.000000,1.000000,1.000000,1.000000,1.000000,0.000000,0.800000,1.000000,0.106334
76.875037,4.000000,1856.652954,7.342740,702.022445,0.104627,0.000000,51.695087,43.420151,45.275814,-3.537499,0.627247,-3.800193,-0.008342,-0.020521,-1.496553,-40.636700,-0.143094,-0.033573,-0.227905,1.000000,0.999998,-0.059554,83461.023438,0.961600,1.000000,1.000000,1.000000,1.000000,1.000000,1.000000,0.000000,0.800000,1.000000,0.105818
76.931771,4.000000,1857.959351,7.416269,702.021855,0.100599,0.000000,51.204712,42.925060,44.759566,-3.540583,0.620766,-3.794485,-0.011586,-0.028829,-1.496553,-40.670910,-0.146316,-0.025691,-0.214698,1.000000,0.999998,-0.057108,83461.023438,0.960196,1.000000,1.000000,1.000000,1.000000,1.000000,1.000000,0.000000,0.800000,1.000000,0.101111
76.982108,4.000000,1859.111938,7.480685,702.021208,0.095472,0.000000,50.770409,42.486031,44.301764,-3.543177,0.610170,-3.794307,-0.013039,-0.032781,-1.496553,-40.701092,-0.149687,-0.020984,-0.202498,1.000000,0.999998,-0.051833,83461.023438,0.966128,1.000000,1.000000,1.000000,1.000000,1.000000,1.000000,0.000000,0.800000,1.000000,0.098997
77.032545,4.000000,1860.254761,7.544105,702.020646,0.092725,0.000000,50.335831,42.045433,43.842345,-3.544884,0.598197,-3.807690,-0.009346,-0.023742,-1.496553,-40.731018,-0.157214,-0.020083,-0.189550,1.000000,0.999998,-0.025231,83461.023438,0.980400,1.000000,1.000000,1.000000,1.000000,1.000000,1.000000,0.000000,0.800000,1.000000,0.102575
77.083790,4.000000,1861.395874,7.606961,702.020459,0.090040,0.000000,49.891872,41.604958,43.383038,-3.544814,0.586237,-3.838500,-0.001931,-0.004959,-1.496553,-40.760899,-0.173450,-0.019792,-0.178703,1.000000,0.999998,0.045364,83461.023438,1.041576,1.000000,1.000000,1.000000,1.000000,1.000000,1.000000,0.000000,0.800000,1.000000,0.113505
77.133809,4.000000,1862.490234,7.666843,702.021241,0.091810,0.000000,49.462017,41.173717,42.933367,-3.536562,0.575925,-3.876658,0.020424,0.052982,-1.496553,-40.789555,-0.214045,-0.021313,-0.166654,1.000000,0.999998,0.235584,83461.023438,0.980540,1.000000,1.000000,1.000000,1.000000,1.000000,1.000000,0.000000,0.800000,1.000000,0.130169
77.190196,4.000000,1863.741333,7.734815,702.022530,0.093458,0.000000,48.977772,40.697903,42.437202,-3.519400,0.567959,-3.862818,0.022905,0.060114,-1.496553,-40.822315,-0.243129,-0.025410,-0.152406,1.000000,0.999998,0.343452,83461.023438,0.960946,1.000000,1.000000,1.000000,1.000000,1.000000,1.000000,0.000000,0.800000,1.000000,0.129915
77.241067,4.000000,1864.841919,7.794208,702.023567,0.095899,0.000000,48.541183,40.286781,42.008520,-3.500183,0.563831,-3.834887,0.019282,0.051120,-1.496553,-40.851135,-0.261775,-0.027372,-0.138073,1.000000,0.999998,0.391663,83461.023438,0.961947,1.000000,1.000000,1.000000,1.000000,1.000000,1.000000,0.000000,0.800000,1.000000,0.125267
77.292337,4.000000,1865.905884,7.851266,702.024459,0.101636,0.000000,48.101742,39.895336,41.600355,-3.478717,0.561708,-3.807352,0.016725,0.044777,-1.496553,-40.878998,-0.278481,-0.029225,-0.122805,1.000000,0.999998,0.424505,83461.023438,0.963992,1.000000,1.000000,1.000000,1.000000,1.000000,1.000000,0.000000,0.800000,1.000000,0.121685
77.346676,4.000000,1867.081787,7.913903,702.025238,0.101331,0.000000,47.637241,39.469730,41.156568,-3.454742,0.560418,-3.773428,0.013062,0.035347,-1.496553,-40.909790,-0.292634,-0.029351,-0.105710,1.000000,0.999998,0.436854,83461.023438,0.960548,1.000000,1.000000,1.000000,1.000000,1.000000,1.000000,0.000000,0.800000,1.000000,0.116669
77.402036,4.000000,1868.254272,7.975870,702.025786,0.103284,0.000000,47.165371,39.053646,40.722709,-3.429917,0.560116,-3.737373,0.008495,0.023232,-1.496553,-40.940491,-0.305703,-0.030610,-0.087333,1.000000,0.999998,0.440705,83461.023438,0.964920,1.000000,1.000000,1.000000,1.000000,1.000000,1.000000,0.000000,0.800000,1.000000,0.111265
77.455435,4.000000,1869.368286,8.034251,702.026145,0.104383,0.000000,46.712082,38.661777,40.314092,-3.405820,0.561106,-3.707894,0.006147,0.016981,-1.496553,-40.969662,-0.317909,-0.032124,-0.068517,1.000000,0.999998,0.441916,83461.023438,0.966915,1.000000,1.000000,1.000000,1.000000,1.000000,1.000000,0.000000,0.800000,1.000000,0.108113
77.509268,4.000000,1870.471924,8.091580,702.026362,0.105115,0.000000,46.257225,38.277687,39.913587,-3.381441,0.564383,-3.674587,0.002889,0.008060,-1.496553,-40.998562,-0.330294,-0.034886,-0.049224,1.000000,0.999998,0.443320,83461.023438,0.966047,1.000000,1.000000,1.000000,1.000000,1.000000,1.000000,0.000000,0.800000,1.000000,0.103730
77.559370,4.000000,1871.494629,8.144202,702.026379,0.107923,0.000000,45.835938,37.916061,39.536507,-3.358637,0.569702,-3.640682,-0.000997,-0.002809,-1.496553,-41.025341,-0.341552,-0.037556,-0.032306,1.000000,0.999998,0.443019,83461.023438,0.961736,1.000000,1.000000,1.000000,1.000000,1.000000,1.000000,0.000000,0.800000,1.000000,0.098704
77.616557,4.000000,1872.626709,8.201838,702.026099,0.108839,0.000000,45.357986,37.503414,39.106223,-3.332922,0.577668,-3.600472,-0.006562,-0.018688,-1.496553,-41.054989,-0.352429,-0.039164,-0.017025,1.000000,0.999998,0.432639,83461.023438,0.966523,1.000000,1.000000,1.000000,1.000000,1.000000,1.000000,0.000000,0.800000,1.000000,0.092381
77.668054,4.000000,1873.657837,8.253737,702.025675,0.111524,0.000000,44.930210,37.106911,38.692767,-3.310525,0.585245,-3.571893,-0.008838,-0.025438,-1.496553,-41.081989,-0.359294,-0.039557,-0.007801,1.000000,0.999998,0.408328,83461.023438,0.964238,1.000000,1.000000,1.000000,1.000000,1.000000,1.000000,0.000000,0.800000,1.000000,0.089121
77.719478,4.000000,1874.674072,8.304276,702.025102,0.110731,0.000000,44.505440,36.688389,38.256354,-3.289886,0.592997,-3.541700,-0.012169,-0.035426,-1.496553,-41.108601,-0.362799,-0.040549,-0.004907,1.000000,0.999998,0.368328,83461.023438,0.963208,1.000000,1.000000,1.000000,1.000000,1.000000,1.000000,0.000000,0.800000,1.000000,0.084710
77.775899,4.000000,1875.776001,8.358338,702.024329,0.108045,0.000000,44.041782,36.191113,37.737822,-3.270334,0.601651,-3.517949,-0.014091,-0.041586,-1.496553,-41.137455,-0.361058,-0.040745,-0.009130,1.000000,0.999998,0.298673,83461.023438,0.967950,1.000000,1.000000,1.000000,1.000000,1.000000,1.000000,0.000000,0.800000,1.000000,0.082006
77.830571,4.000000,1876.841431,8.409783,702.023634,0.110120,0.000000,43.594013,35.652172,37.175844,-3.255728,0.609515,-3.513832,-0.011158,-0.033428,-1.496553,-41.165352,-0.355796,-0.041884,-0.021892,1.000000,0.999998,0.218080,83461.023438,0.975311,1.000000,1.000000,1.000000,1.000000,1.000000,1.000000,0.000000,0.800000,1.000000,0.084199
77.883677,4.000000,1877.845215,8.457399,702.023283,0.113416,0.000000,43.159363,35.117950,36.618805,-3.245050,0.619115,-3.527789,-0.003531,-0.010739,-1.496553,-41.191639,-0.355044,-0.046047,-0.033325,1.000000,0.999998,0.168356,83461.023438,0.982027,1.000000,1.000000,1.000000,1.000000,1.000000,1.000000,0.000000,0.800000,1.000000,0.090961
77.937792,4.000000,1878.838867,8.503646,702.023381,0.114149,0.000000,42.715538,34.581978,36.059923,-3.236450,0.632416,-3.542701,0.004346,0.013423,-1.496553,-41.217659,-0.355648,-0.050867,-0.042643,1.000000,0.999998,0.127032,83461.023438,0.975255,1.000000,1.000000,1.000000,1.000000,1.000000,1.000000,0.000000,0.800000,1.000000,0.097096
77.994353,4.000000,1879.874390,8.550835,702.023823,0.106763,0.000000,42.249638,34.018436,35.472296,-3.229507,0.648605,-3.552900,0.009675,0.030378,-1.496553,-41.244774,-0.359085,-0.053272,-0.050478,1.000000,0.999998,0.101753,83461.023438,0.974586,1.000000,1.000000,1.000000,1.000000,1.000000,1.000000,0.000000,0.800000,1.000000,0.100930
78.050145,4.000000,1880.867798,8.595001,702.025249,0.102735,0.000000,41.787048,33.449146,34.878607,-3.224875,0.654795,-3.641057,0.035658,0.113863,-1.496553,-41.270786,-0.354818,-0.033191,-0.062074,1.000000,0.999998,0.038043,83461.023438,1.004886,1.000000,1.000000,1.000000,1.000000,1.000000,1.000000,0.000000,0.800000,1.000000,0.128253
78.102005,4.000000,1881.786011,8.634582,702.027740,0.098035,0.000000,41.354343,32.915237,34.321813,-3.223759,0.646253,-3.691939,0.052595,0.170670,-1.496553,-41.294830,-0.351847,-0.021025,-0.068995,1.000000,0.999998,-0.010233,83461.023438,0.985753,1.000000,1.000000,1.000000,1.000000,1.000000,1.000000,0.000000,0.800000,1.000000,0.142325
78.154149,4.000000,1882.718140,8.673352,702.030879,0.091932,0.000000,40.915817,32.366756,33.749809,-3.224442,0.629974,-3.731006,0.063860,0.210737,-1.496553,-41.319241,-0.353571,-0.013468,-0.073385,1.000000,0.999998,-0.029537,83461.023438,0.983278,1.000000,1.000000,1.000000,1.000000,1.000000,1.000000,0.000000,0.800000,1.000000,0.151811
78.204411,4.000000,1883.570313,8.707481,702.034376,0.087232,0.000000,40.489697,31.860952,33.222334,-3.225813,0.609548,-3.758632,0.071721,0.240434,-1.496553,-41.341557,-0.356275,-0.007113,-0.075530,1.000000,0.999998,-0.041104,83461.023438,0.966818,1.000000,1.000000,1.000000,1.000000,1.000000,1.000000,0.000000,0.800000,1.000000,0.157403
78.259134,4.000000,1884.485107,8.742693,702.038649,0.085279,0.000000,40.021332,31.309225,32.646905,-3.228321,0.588806,-3.822506,0.085445,0.291490,-1.496553,-41.365509,-0.353467,-0.019141,-0.074042,1.000000,0.999998,-0.083799,83461.023438,1.002916,1.000000,1.000000,1.000000,1.000000,1.000000,1.000000,0.000000,0.800000,1.000000,0.172745
78.311327,4.000000,1885.367676,8.775368,702.043731,0.083143,0.000000,39.570625,30.746799,32.060254,-3.234205,0.582274,-3.884712,0.102014,0.354381,-1.496553,-41.388622,-0.345368,-0.027985,-0.069907,1.000000,0.999998,-0.148422,83461.023438,0.981135,1.000000,1.000000,1.000000,1.000000,1.000000,1.000000,0.000000,0.800000,1.000000,0.185962
78.365335,4.000000,1886.234863,8.806462,702.049550,0.084363,0.000000,39.099575,30.191385,31.480995,-3.243081,0.580376,-3.927552,0.110170,0.389754,-1.496553,-41.411327,-0.341577,-0.031440,-0.067708,1.000000,0.999998,-0.184725,83461.023438,0.973315,1.000000,1.000000,1.000000,1.000000,1.000000,1.000000,0.000000,0.800000,1.000000,0.192196
78.418473,4.000000,1887.084961,8.836064,702.055562,0.087720,0.000000,38.631630,29.647022,30.913309,-3.252936,0.580068,-3.957484,0.114265,0.411664,-1.496553,-41.433590,-0.341587,-0.031691,-0.066408,1.000000,0.999998,-0.197509,83461.023438,0.966607,1.000000,1.000000,1.000000,1.000000,1.000000,1.000000,0.000000,0.800000,1.000000,0.194323
78.470486,4.000000,1887.908203,8.863921,702.061548,0.089612,0.000000,38.169392,29.118235,30.361898,-3.262534,0.579449,-3.978163,0.115471,0.423566,-1.496553,-41.455147,-0.345555,-0.031263,-0.064336,1.000000,0.999998,-0.187882,83461.023438,0.962655,1.000000,1.000000,1.000000,1.000000,1.000000,1.000000,0.000000,0.800000,1.000000,0.193916
78.527761,4.000000,1888.783691,8.892685,702.068134,0.090894,0.000000,37.655846,28.540636,29.759615,-3.272682,0.578706,-3.993620,0.114667,0.429127,-1.496553,-41.478073,-0.349239,-0.031356,-0.062073,1.000000,0.999998,-0.181492,83461.023438,0.961326,1.000000,1.000000,1.000000,1.000000,1.000000,1.000000,0.000000,0.800000,1.000000,0.191479
78.579183,4.000000,1889.573364,8.917878,702.073996,0.093519,0.000000,37.190670,28.014206,29.210699,-3.281277,0.578329,-4.007068,0.113797,0.433875,-1.496553,-41.498753,-0.353676,-0.031671,-0.060824,1.000000,0.999998,-0.170154,83461.023438,0.960878,1.000000,1.000000,1.000000,1.000000,1.000000,1.000000,0.000000,0.800000,1.000000,0.189284
78.635024,4.000000,1890.393066,8.943292,702.080279,0.093214,0.000000,36.681660,27.459177,28.631968,-3.289734,0.578141,-4.015053,0.111666,0.434356,-1.496553,-41.520214,-0.360037,-0.031883,-0.059230,1.000000,0.999998,-0.150547,83461.023438,0.957333,1.000000,1.000000,1.000000,1.000000,1.000000,1.000000,0.000000,0.800000,1.000000,0.185393
78.691620,4.000000,1891.221313,8.968207,702.086484,0.093641,0.000000,36.161705,26.889025,28.037484,-3.297411,0.578016,-4.020485,0.108704,0.431801,-1.496553,-41.541904,-0.364915,-0.031688,-0.057750,1.000000,0.999998,-0.140699,83461.023438,0.957213,1.000000,1.000000,1.000000,1.000000,1.000000,1.000000,0.000000,0.800000,1.000000,0.181023
78.742208,4.000000,1891.948120,8.989438,702.091875,0.095594,0.000000,35.693729,26.380699,27.507468,-3.304083,0.577302,-4.022032,0.105509,0.427184,-1.496553,-41.560936,-0.368501,-0.030446,-0.057015,1.000000,0.999998,-0.136334,83461.023438,0.955880,1.000000,1.000000,1.000000,1.000000,1.000000,1.000000,0.000000,0.800000,1.000000,0.176384
78.793243,4.000000,1892.654419,9.009486,702.097100,0.095777,0.000000,35.218830,25.880749,26.986208,-3.310403,0.575537,-4.016138,0.100808,0.416036,-1.496553,-41.579430,-0.373718,-0.029300,-0.056374,1.000000,0.999998,-0.123603,83461.023438,0.951847,1.000000,1.000000,1.000000,1.000000,1.000000,1.000000,0.000000,0.800000,1.000000,0.170078
78.848194,4.000000,1893.409058,9.030248,702.102373,0.097486,0.000000,34.704430,25.342621,26.425178,-3.316329,0.572533,-3.999099,0.093460,0.393900,-1.496553,-41.599194,-0.379244,-0.027552,-0.055341,1.000000,0.999998,-0.111760,83461.023438,0.949133,1.000000,1.000000,1.000000,1.000000,1.000000,1.000000,0.000000,0.800000,1.000000,0.161126
78.899033,4.000000,1894.091797,9.048424,702.106881,0.100721,0.000000,34.226543,24.845127,25.906503,-3.321252,0.568063,-3.983352,0.086624,0.372399,-1.496553,-41.617069,-0.385846,-0.025349,-0.054786,1.000000,0.999998,-0.093390,83461.023438,0.951404,1.000000,1.000000,1.000000,1.000000,1.000000,1.000000,0.000000,0.800000,1.000000,0.153193
78.949214,4.000000,1894.751709,9.065421,702.111019,0.103284,0.000000,33.752995,24.356724,25.397293,-3.324858,0.562201,-3.967750,0.080548,0.353221,-1.496553,-41.634350,-0.394864,-0.023186,-0.054240,1.000000,0.999998,-0.063434,83461.023438,0.952289,1.000000,1.000000,1.000000,1.000000,1.000000,1.000000,0.000000,0.800000,1.000000,0.145836
79.004691,4.000000,1895.463867,9.083101,702.115258,0.108350,0.000000,33.227673,23.815237,24.832726,-3.326971,0.553925,-3.951905,0.074536,0.334290,-1.496553,-41.653000,-0.405798,-0.021043,-0.054102,1.000000,0.999998,-0.028176,83461.023438,0.956089,1.000000,1.000000,1.000000,1.000000,1.000000,1.000000,0.000000,0.800000,1.000000,0.138626
79.055591,4.000000,1896.106079,9.098429,702.118905,0.111219,0.000000,32.743980,23.319723,24.316073,-3.327120,0.545460,-3.941132,0.070468,0.322760,-1.496553,-41.669815,-0.415965,-0.020085,-0.053811,1.000000,0.999998,0.001820,83461.023438,0.957313,1.000000,1.000000,1.000000,1.000000,1.000000,1.000000,0.000000,0.800000,1.000000,0.133389
79.112952,4.000000,1896.811035,9.114574,702.122760,0.112440,0.000000,32.197433,22.765230,23.737934,-3.325833,0.535597,-3.922381,0.065329,0.306511,-1.496553,-41.688274,-0.426403,-0.019011,-0.053296,1.000000,0.999998,0.027416,83461.023438,0.952993,1.000000,1.000000,1.000000,1.000000,1.000000,1.000000,0.000000,0.800000,1.000000,0.126525
79.162966,4.000000,1897.419678,9.127936,702.125848,0.112684,0.000000,31.719769,22.274214,23.225979,-3.323790,0.526434,-3.902702,0.060118,0.288278,-1.496553,-41.704212,-0.433925,-0.017770,-0.053651,1.000000,0.999998,0.039299,83461.023438,0.953820,1.000000,1.000000,1.000000,1.000000,1.000000,1.000000,0.000000,0.800000,1.000000,0.120173
79.213061,4.000000,1898.009399,9.140359,702.128713,0.112989,0.000000,31.240414,21.787420,22.718410,-3.321308,0.516664,-3.886016,0.055881,0.273947,-1.496553,-41.719658,-0.440628,-0.016697,-0.053594,1.000000,0.999998,0.045765,83461.023438,0.954408,1.000000,1.000000,1.000000,1.000000,1.000000,1.000000,0.000000,0.800000,1.000000,0.114682
79.264519,4.000000,1898.592773,9.152133,702.131426,0.115736,0.000000,30.747131,21.293596,22.203520,-3.318603,0.506656,-3.866761,0.051291,0.257278,-1.496553,-41.734932,-0.446718,-0.016513,-0.053983,1.000000,0.999998,0.047649,83461.023438,0.956282,1.000000,1.000000,1.000000,1.000000,1.000000,1.000000,0.000000,0.800000,1.000000,0.108781
79.315297,4.000000,1899.172241,9.163321,702.133910,0.118482,0.000000,30.259712,20.793348,21.681918,-3.315898,0.497150,-3.854968,0.048067,0.246906,-1.496553,-41.750107,-0.452316,-0.016525,-0.054422,1.000000,0.999998,0.047077,83461.023438,0.958719,1.000000,1.000000,1.000000,1.000000,1.000000,1.000000,0.000000,0.800000,1.000000,0.104510
79.366287,4.000000,1899.728760,9.173592,702.136271,0.118055,0.000000,29.769625,20.299295,21.166767,-3.313282,0.487946,-3.845124,0.045548,0.239660,-1.496553,-41.764679,-0.458075,-0.016325,-0.054657,1.000000,0.999998,0.047353,83461.023438,0.958994,1.000000,1.000000,1.000000,1.000000,1.000000,1.000000,0.000000,0.800000,1.000000,0.100658
79.416589,4.000000,1900.268555,9.183118,702.138469,0.116529,0.000000,29.285681,19.810648,20.657248,-3.310552,0.479393,-3.833320,0.042870,0.231131,-1.496553,-41.778812,-0.464977,-0.016790,-0.054953,1.000000,0.999998,0.054071,83461.023438,0.958578,1.000000,1.000000,1.000000,1.000000,1.000000,1.000000,0.000000,0.800000,1.000000,0.096572
79.466879,4.000000,1900.799927,9.192082,702.140503,0.116041,0.000000,28.801426,19.324606,20.150456,-3.307369,0.471994,-3.816733,0.039350,0.217493,-1.496553,-41.792728,-0.471681,-0.018027,-0.055896,1.000000,0.999998,0.059235,83461.023438,0.957420,1.000000,1.000000,1.000000,1.000000,1.000000,1.000000,0.000000,0.800000,1.000000,0.091808
79.523826,4.000000,1901.377197,9.201377,702.142624,0.115003,0.000000,28.252731,18.781834,19.584504,-3.303407,0.464984,-3.803623,0.036358,0.206761,-1.496553,-41.807846,-0.479780,-0.018973,-0.056473,1.000000,0.999998,0.067731,83461.023438,0.961641,1.000000,1.000000,1.000000,1.000000,1.000000,1.000000,0.000000,0.800000,1.000000,0.087618
79.579900,4.000000,1901.935425,9.209932,702.144624,0.114149,0.000000,27.712257,18.233944,19.013205,-3.299242,0.458979,-3.801129,0.035462,0.203183,-1.496553,-41.822464,-0.486093,-0.019099,-0.055808,1.000000,0.999998,0.066302,83461.023438,0.961821,1.000000,1.000000,1.000000,1.000000,1.000000,1.000000,0.000000,0.800000,1.000000,0.085351
79.630644,4.000000,1902.420044,9.217026,702.146413,0.111524,0.000000,27.222834,17.739685,18.497817,-3.295511,0.453116,-3.804171,0.035346,0.202519,-1.496553,-41.835152,-0.492508,-0.017425,-0.055284,1.000000,0.999998,0.068686,83461.023438,0.966481,1.000000,1.000000,1.000000,1.000000,1.000000,1.000000,0.000000,0.800000,1.000000,0.084152
79.681389,4.000000,1902.896484,9.223669,702.148234,0.108716,0.000000,26.733213,17.244602,17.981563,-3.291716,0.445820,-3.811068,0.036111,0.206899,-1.496553,-41.847630,-0.498371,-0.015275,-0.055098,1.000000,0.999998,0.067250,83461.023438,0.965715,1.000000,1.000000,1.000000,1.000000,1.000000,1.000000,0.000000,0.800000,1.000000,0.083534
79.738101,4.000000,1903.411011,9.230437,702.150311,0.107923,0.000000,26.185892,16.688938,17.402137,-3.288097,0.436101,-3.820925,0.036983,0.211897,-1.496553,-41.861103,-0.502520,-0.012917,-0.054907,1.000000,0.999998,0.053001,83461.023438,0.966322,1.000000,1.000000,1.000000,1.000000,1.000000,1.000000,0.000000,0.800000,1.000000,0.082947
79.794192,4.000000,1903.903809,9.236486,702.152398,0.109754,0.000000,25.644369,16.151617,16.841842,-3.285001,0.424814,-3.827143,0.037260,0.213480,-1.496553,-41.874008,-0.508698,-0.010812,-0.052230,1.000000,0.999998,0.051151,83461.023438,0.966952,1.000000,1.000000,1.000000,1.000000,1.000000,1.000000,0.000000,0.800000,1.000000,0.081697
79.849086,4.000000,1904.371948,9.241840,702.154436,0.111707,0.000000,25.114401,15.647090,16.315750,-3.281604,0.412997,-3.827417,0.036876,0.211281,-1.496553,-41.886265,-0.517993,-0.009524,-0.047029,1.000000,0.999998,0.066629,83461.023438,0.964237,1.000000,1.000000,1.000000,1.000000,1.000000,1.000000,0.000000,0.800000,1.000000,0.079707
79.905956,4.000000,1904.837891,9.246847,702.156452,0.112989,0.000000,24.565540,15.159563,15.807401,-3.276816,0.400142,-3.814467,0.034665,0.198618,-1.496553,-41.898468,-0.529747,-0.007703,-0.039216,1.000000,0.999998,0.092113,83461.023438,0.965043,1.000000,1.000000,1.000000,1.000000,1.000000,1.000000,0.000000,0.800000,1.000000,0.076058
79.962136,4.000000,1905.288940,9.251443,702.158302,0.113538,0.000000,24.024361,14.699149,15.327324,-3.270497,0.385972,-3.797566,0.032079,0.183796,-1.496553,-41.910278,-0.542683,-0.004844,-0.030307,1.000000,0.999998,0.121916,83461.023438,0.967026,1.000000,1.000000,1.000000,1.000000,1.000000,1.000000,0.000000,0.800000,1.000000,0.072310
80.018859,4.000000,1905.729370,9.255720,702.160034,0.114332,0.000000,23.479755,14.260262,14.869693,-3.262519,0.370205,-3.779287,0.029732,0.170354,-1.496553,-41.921810,-0.555367,-0.002661,-0.021441,1.000000,0.999998,0.147617,83461.023438,0.968021,1.000000,1.000000,1.000000,1.000000,1.000000,1.000000,0.000000,0.800000,1.000000,0.068773
80.075181,4.000000,1906.149780,9.259629,702.161624,0.113477,0.000000,22.941736,13.841135,14.432665,-3.253340,0.354042,-3.758868,0.027438,0.157206,-1.496553,-41.932819,-0.567388,-0.001649,-0.014374,1.000000,0.999998,0.168174,83461.023438,0.968148,1.000000,1.000000,1.000000,1.000000,1.000000,1.000000,0.000000,0.800000,1.000000,0.065271
80.127562,4.000000,1906.526489,9.263001,702.162981,0.113172,0.000000,22.444307,13.459191,14.034409,-3.243995,0.339485,-3.740038,0.025332,0.145143,-1.496553,-41.942684,-0.576720,-0.001524,-0.009619,1.000000,0.999998,0.175957,83461.023438,0.969646,1.000000,1.000000,1.000000,1.000000,1.000000,1.000000,0.000000,0.800000,1.000000,0.062220
80.178347,4.000000,1906.890259,9.266149,702.164225,0.112562,0.000000,21.965620,13.082898,13.642038,-3.234545,0.326375,-3.726896,0.024124,0.138220,-1.496553,-41.952209,-0.585571,-0.002291,-0.007511,1.000000,0.999998,0.181718,83461.023438,0.970567,1.000000,1.000000,1.000000,1.000000,1.000000,1.000000,0.000000,0.800000,1.000000,0.060030
80.231298,4.000000,1907.256592,9.269206,702.165480,0.110792,0.000000,21.470392,12.687750,13.230000,-3.225044,0.314021,-3.723501,0.023772,0.136206,-1.496553,-41.961803,-0.591559,-0.002986,-0.006044,1.000000,0.999998,0.170092,83461.023438,0.975345,1.000000,1.000000,1.000000,1.000000,1.000000,1.000000,0.000000,0.800000,1.000000,0.058926
80.282872,4.000000,1907.602417,9.271981,702.166744,0.108716,0.000000,20.992338,12.313384,12.839624,-3.216133,0.303295,-3.729563,0.024841,0.142327,-1.496553,-41.970860,-0.599457,-0.004068,-0.007881,1.000000,0.999998,0.169935,83461.023438,0.975718,1.000000,1.000000,1.000000,1.000000,1.000000,1.000000,0.000000,0.800000,1.000000,0.058908
80.338309,4.000000,1907.956055,9.274668,702.168118,0.107862,0.000000,20.483173,11.945573,12.456090,-3.206087,0.293378,-3.721609,0.024570,0.140774,-1.496553,-41.980118,-0.610905,-0.005491,-0.013513,1.000000,0.999998,0.184560,83461.023438,0.973626,1.000000,1.000000,1.000000,1.000000,1.000000,1.000000,0.000000,0.800000,1.000000,0.057357
80.389696,4.000000,1908.285156,9.276973,702.169322,0.107679,0.000000,20.016560,11.619404,12.115992,-3.195821,0.286036,-3.698897,0.022761,0.130410,-1.496553,-41.988735,-0.623644,-0.007569,-0.021371,1.000000,0.999998,0.208182,83461.023438,0.972460,1.000000,1.000000,1.000000,1.000000,1.000000,1.000000,0.000000,0.800000,1.000000,0.054486
80.442925,4.000000,1908.596313,9.278928,702.170410,0.107130,0.000000,19.538212,11.327405,11.811531,-3.183945,0.280434,-3.658996,0.019442,0.111395,-1.496553,-41.996883,-0.636119,-0.009447,-0.030882,1.000000,0.999998,0.227008,83461.023438,0.972520,1.000000,1.000000,1.000000,1.000000,1.000000,1.000000,0.000000,0.800000,1.000000,0.050103
80.495176,4.000000,1908.923706,9.280705,702.171310,0.105970,0.000000,19.075710,11.024441,11.495634,-3.171639,0.276290,-3.623178,0.016296,0.093369,-1.496553,-42.005459,-0.646045,-0.010631,-0.040844,1.000000,0.999998,0.238981,83461.023438,0.974566,1.000000,1.000000,1.000000,1.000000,1.000000,1.000000,0.000000,0.800000,1.000000,0.046426
80.546193,4.000000,1909.221313,9.282035,702.172036,0.105482,0.000000,18.630804,10.753972,11.213619,-3.159228,0.273181,-3.584628,0.013239,0.075855,-1.496553,-42.013252,-0.647789,-0.011653,-0.050409,1.000000,0.999998,0.238677,83461.023438,0.975109,1.000000,1.000000,1.000000,1.000000,1.000000,1.000000,0.000000,0.800000,1.000000,0.042677
80.599207,4.000000,1909.521240,9.283074,702.172668,0.103956,0.000000,18.175760,10.463928,10.911184,-3.147131,0.270512,-3.563314,0.011604,0.066487,-1.496553,-42.021103,-0.644543,-0.011931,-0.059812,1.000000,0.999998,0.211086,83461.023438,0.979111,1.000000,1.000000,1.000000,1.000000,1.000000,1.000000,0.000000,0.800000,1.000000,0.040623
80.656034,4.000000,1909.835815,9.283816,702.173359,0.101636,0.000000,17.696787,10.118787,10.551284,-3.136596,0.267627,-3.572109,0.012739,0.072990,-1.496553,-42.029343,-0.635967,-0.011718,-0.069815,1.000000,0.999998,0.155171,83461.023438,0.980953,1.000000,1.000000,1.000000,1.000000,1.000000,1.000000,0.000000,0.800000,1.000000,0.041110
80.706263,4.000000,1910.103271,9.284133,702.174090,0.100049,0.000000,17.280546,9.774492,10.192257,-3.130578,0.264967,-3.606496,0.015666,0.089757,-1.496553,-42.036346,-0.623781,-0.011849,-0.079197,1.000000,0.999998,0.082958,83461.023438,0.982185,1.000000,1.000000,1.000000,1.000000,1.000000,1.000000,0.000000,0.800000,1.000000,0.043377
80.757685,4.000000,1910.360962,9.284130,702.175066,0.099439,0.000000,16.860628,9.378839,9.779653,-3.128673,0.262571,-3.673514,0.020679,0.118482,-1.496553,-42.043095,-0.608815,-0.012171,-0.087885,1.000000,0.999998,-0.000959,83461.023438,0.982788,1.000000,1.000000,1.000000,1.000000,1.000000,1.000000,0.000000,0.800000,1.000000,0.047590
80.808147,4.000000,1910.613892,9.283802,702.176291,0.099317,0.000000,16.453762,8.954723,9.337358,-3.130355,0.259934,-3.746528,0.025904,0.148419,-1.496553,-42.049717,-0.597854,-0.011173,-0.090359,1.000000,0.999998,-0.060610,83461.023438,0.978750,1.000000,1.000000,1.000000,1.000000,1.000000,1.000000,0.000000,0.800000,1.000000,0.051410
80.858312,4.000000,1910.849243,9.283205,702.177733,0.100111,0.000000,16.053328,8.520707,8.884734,-3.134583,0.256198,-3.817499,0.030046,0.172148,-1.496553,-42.055878,-0.589196,-0.009306,-0.088146,1.000000,0.999998,-0.105198,83461.023438,0.976089,1.000000,1.000000,1.000000,1.000000,1.000000,1.000000,0.000000,0.800000,1.000000,0.054212
80.915393,4.000000,1911.098877,9.282290,702.179577,0.101392,0.000000,15.601272,8.007167,8.349184,-3.141989,0.250136,-3.893267,0.033366,0.191174,-1.496553,-42.062416,-0.579409,-0.006705,-0.082291,1.000000,0.999998,-0.153147,83461.023438,0.971222,1.000000,1.000000,1.000000,1.000000,1.000000,1.000000,0.000000,0.800000,1.000000,0.055953
80.972751,4.000000,1911.333740,9.281203,702.181577,0.103284,0.000000,15.149214,7.449417,7.767536,-3.152276,0.241809,-3.970045,0.035599,0.203967,-1.496553,-42.068565,-0.568958,-0.003679,-0.074270,1.000000,0.999998,-0.202471,83461.023438,0.968003,1.000000,1.000000,1.000000,1.000000,1.000000,1.000000,0.000000,0.800000,1.000000,0.056553
81.029087,4.000000,1911.553101,9.280042,702.183632,0.104627,0.000000,14.705748,6.879407,7.173116,-3.164159,0.231875,-4.037585,0.036697,0.210259,-1.496553,-42.074310,-0.564898,-0.001950,-0.070112,1.000000,0.999998,-0.215889,83461.023438,0.965088,1.000000,1.000000,1.000000,1.000000,1.000000,1.000000,0.000000,0.800000,1.000000,0.055805
81.084286,4.000000,1911.745483,9.278934,702.185629,0.105848,0.000000,14.269777,6.345430,6.616305,-3.175767,0.221931,-4.077458,0.035721,0.204668,-1.496553,-42.079350,-0.565088,-0.001645,-0.069208,1.000000,0.999998,-0.205220,83461.023438,0.961485,1.000000,1.000000,1.000000,1.000000,1.000000,1.000000,0.000000,0.800000,1.000000,0.053037
81.139096,4.000000,1911.925171,9.277844,702.187494,0.107252,0.000000,13.835690,5.799808,6.047383,-3.186626,0.212545,-4.094194,0.033064,0.189440,-1.496553,-42.084053,-0.565687,-0.001772,-0.069597,1.000000,0.999998,-0.193524,83461.023438,0.960199,1.000000,1.000000,1.000000,1.000000,1.000000,1.000000,0.000000,0.800000,1.000000,0.048793
81.195416,4.000000,1912.091309,9.276794,702.189232,0.108350,0.000000,13.386828,5.249802,5.473905,-3.196974,0.203609,-4.096263,0.029616,0.169689,-1.496553,-42.088406,-0.567676,-0.002088,-0.071024,1.000000,0.999998,-0.174249,83461.023438,0.958327,1.000000,1.000000,1.000000,1.000000,1.000000,1.000000,0.000000,0.800000,1.000000,0.043716
81.253353,4.000000,1912.238525,9.275824,702.190802,0.109205,0.000000,12.921513,4.708927,4.909953,-3.206611,0.195151,-4.093179,0.025982,0.148866,-1.496553,-42.092258,-0.568394,-0.002294,-0.073127,1.000000,0.999998,-0.161349,83461.023438,0.957746,1.000000,1.000000,1.000000,1.000000,1.000000,1.000000,0.000000,0.800000,1.000000,0.038372
81.309386,4.000000,1912.376587,9.274859,702.192127,0.109571,0.000000,12.467911,4.134879,4.311405,-3.215091,0.187550,-4.095758,0.022541,0.129151,-1.496553,-42.095875,-0.570509,-0.002456,-0.075813,1.000000,0.999998,-0.144107,83461.023438,0.959507,1.000000,1.000000,1.000000,1.000000,1.000000,1.000000,0.000000,0.800000,1.000000,0.033605
81.364717,4.000000,1912.489746,9.274010,702.193257,0.109815,0.000000,12.015609,3.605354,3.759280,-3.222388,0.180458,-4.092659,0.019319,0.110689,-1.496553,-42.098839,-0.572785,-0.002542,-0.079009,1.000000,0.999998,-0.125471,83461.023438,0.959504,1.000000,1.000000,1.000000,1.000000,1.000000,1.000000,0.000000,0.800000,1.000000,0.028844
81.419675,4.000000,1912.585449,9.273227,702.194188,0.110181,0.000000,11.552048,3.104131,3.236662,-3.227636,0.174177,-4.069615,0.016404,0.093989,-1.496553,-42.101345,-0.583331,-0.003646,-0.087901,1.000000,0.999998,-0.052191,83461.023438,0.962004,1.000000,1.000000,1.000000,1.000000,1.000000,1.000000,0.000000,0.800000,1.000000,0.024104
81.473711,4.000000,1912.667603,9.272481,702.194786,0.110425,0.000000,11.103077,2.696116,2.811313,-3.228276,0.167664,-3.841387,0.008736,0.050055,-1.496553,-42.103497,-0.594336,-0.001308,-0.079668,1.000000,0.999998,-0.001104,83461.023438,0.957897,1.000000,1.000000,1.000000,1.000000,1.000000,1.000000,0.000000,0.800000,1.000000,0.015099
81.528640,4.000000,1912.740112,9.271762,702.195054,0.110609,0.000000,10.645640,2.231038,2.326396,-3.227971,0.160341,-3.667414,0.003386,0.019401,-1.496553,-42.105392,-0.596359,-0.001031,-0.081369,1.000000,0.999998,0.009656,83461.023438,0.962519,1.000000,1.000000,1.000000,1.000000,1.000000,1.000000,0.000000,0.800000,1.000000,0.008934
81.582223,4.000000,1912.797852,9.271127,702.195119,0.110548,0.000000,10.197486,1.794414,1.871118,-3.227350,0.153997,-3.230083,0.000615,0.003521,-1.496553,-42.106907,-0.596315,-0.003302,-0.096095,1.000000,0.999998,0.008654,83461.023438,0.950880,1.000000,1.000000,1.000000,1.000000,1.000000,1.000000,0.000000,0.800000,1.000000,0.004788
81.633739,4.000000,1912.841675,9.270563,702.194990,0.110303,0.000000,9.765379,1.408059,1.468229,-3.223936,0.149449,-2.302217,-0.003832,-0.021956,-1.496553,-42.108051,-0.606835,-0.003194,-0.099755,1.000000,0.999998,0.064101,83461.023438,0.960224,1.000000,1.000000,1.000000,1.000000,1.000000,1.000000,0.000000,0.800000,1.000000,-0.000526
81.685593,4.000000,1912.875122,9.270017,702.194684,0.109998,0.000000,9.329804,1.014248,1.057521,-3.220170,0.144783,-1.401008,-0.006770,-0.038789,-1.496553,-42.108929,-0.608943,-0.002764,-0.103967,1.000000,0.999998,0.072637,83461.023438,0.962317,1.000000,1.000000,1.000000,1.000000,1.000000,1.000000,0.000000,0.800000,1.000000,-0.004399
81.737557,4.000000,1912.897217,9.269527,702.194260,0.109510,0.000000,8.893584,0.625544,0.652061,-3.216086,0.140067,-0.564821,-0.008747,-0.050117,-1.496553,-42.109509,-0.610866,-0.002787,-0.108669,1.000000,0.999998,0.080233,83461.023438,0.971485,1.000000,1.000000,1.000000,1.000000,1.000000,1.000000,0.000000,0.800000,1.000000,-0.007303
