time,phase,along_m,cross_m,elevation_m,agl_m,height_ft,ias,eas,groundspeed_kt,pitch,bank,alpha,vy,gamma,gamma_cmd,h_cmd,yoke,roll,rudder,speedbrake,speedbrake_actual,Q,mass,nz,main_wow,nose_wow,gear_cmd,gear0,gear1,gear2,chute,brakes,derotating,local_vy,radar_height_ft
0.003649,1.000000,-8483.588867,-11.120764,2965.408339,2265.495361,7433.715820,0.003940,0.000000,325.841886,-12.000010,-0.000025,7.990820,-62.312748,-20.391779,-20.544558,2255.737793,-0.025155,0.048188,-0.000003,0.000000,0.000000,-0.004586,83460.992188,1.709870,0.000000,0.000000,0.000000,0.000000,0.000000,0.000000,0.000000,0.000000,0.000000,-61.137711,7436.303711
0.053900,1.000000,-8482.977539,-11.119403,2962.292018,2262.378174,7433.006348,2.267987,298.620667,325.858704,-12.004990,0.033004,7.865983,-62.285408,-20.382602,-20.544867,2255.515381,-0.015868,-0.002242,0.000550,0.025126,0.000000,-0.130431,83460.992188,1.728554,0.000000,0.000000,0.000000,0.000000,0.000000,0.000000,0.000000,0.000000,0.000000,-60.777340,7432.005859
0.110283,1.000000,-8466.535156,-11.083281,2958.812870,2258.898438,7413.073242,6.949933,298.621490,326.258590,-12.018198,0.065590,7.715635,-61.576687,-20.146729,-20.539297,2249.530762,-0.092141,0.014729,0.000190,0.053317,0.003972,-0.353715,83460.992188,1.777307,0.000000,0.000000,0.000000,0.000000,0.000000,0.000000,0.000000,0.000000,0.000000,-60.363651,7412.072754
0.160683,1.000000,-8457.963867,-11.064775,2955.723187,2255.807861,7402.779785,13.142178,298.607727,326.462270,-12.043892,0.089276,7.562212,-61.184929,-20.017268,-20.538010,2246.411133,-0.127921,0.015824,0.000102,0.078517,0.009753,-0.649846,83460.992188,1.786102,0.000000,0.000000,0.000000,0.000000,0.000000,0.000000,0.000000,0.000000,0.000000,-59.976242,7401.779785
0.211554,1.000000,-8449.496094,-11.046700,2952.624457,2252.708740,7392.681641,20.904282,298.589355,326.657052,-12.086232,0.111954,7.391198,-60.796429,-19.889237,-20.537909,2243.329102,-0.154574,0.015670,0.000043,0.103953,0.017482,-0.991018,83460.992188,1.776703,0.000000,0.000000,0.000000,0.000000,0.000000,0.000000,0.000000,0.000000,0.000000,-59.585007,7391.681152
0.269624,1.000000,-8439.973633,-11.026606,2949.111241,2249.194580,7381.412109,31.171741,298.567505,326.867168,-12.156620,0.136917,7.177335,-60.367836,-19.748196,-20.539227,2239.863281,-0.175750,0.015295,-0.000020,0.132988,0.028399,-1.405663,83460.992188,1.748113,0.000000,0.000000,0.000000,0.000000,0.000000,0.000000,0.000000,0.000000,0.000000,-59.148239,7380.404785
0.319751,1.000000,-8431.192383,-11.008268,2946.098440,2246.181152,7371.097168,40.906322,298.549927,327.051628,-12.236844,0.157773,6.978246,-59.987839,-19.623191,-20.541725,2236.666992,-0.193256,0.014946,-0.000074,0.158051,0.039456,-1.768607,83460.992188,1.712566,0.000000,0.000000,0.000000,0.000000,0.000000,0.000000,0.000000,0.000000,0.000000,-58.786324,7370.089844
0.375086,1.000000,-8422.019531,-10.989291,2942.793068,2242.875000,7360.397949,52.320156,298.536865,327.233804,-12.346202,0.180099,6.746211,-59.614758,-19.500350,-20.545586,2233.328369,-0.181239,0.014542,-0.000135,0.185719,0.053200,-2.145832,83460.992188,1.639201,0.000000,0.000000,0.000000,0.000000,0.000000,0.000000,0.000000,0.000000,0.000000,-58.413292,7359.390625
0.430349,1.000000,-8412.772461,-10.970319,2939.510935,2239.596680,7349.681641,64.154198,298.544281,327.403137,-12.472995,0.201739,6.515127,-59.293049,-19.393713,-20.550644,2229.962891,-0.153516,0.014091,-0.000198,0.213350,0.068388,-2.404414,83460.992188,1.528761,0.000000,0.000000,0.000000,0.000000,0.000000,0.000000,0.000000,0.000000,0.000000,-58.098484,7348.674805
0.482938,1.000000,-8404.021484,-10.952493,2936.402310,2236.500732,7339.596680,75.620674,298.567017,327.549543,-12.604053,0.221761,6.299972,-59.037510,-19.308339,-20.556360,2226.777832,-0.137880,0.013682,-0.000257,0.239645,0.084062,-2.556678,83460.992188,1.448129,0.000000,0.000000,0.000000,0.000000,0.000000,0.000000,0.000000,0.000000,0.000000,-57.846558,7338.565430
0.533288,1.000000,-8395.317383,-10.934865,2933.437467,2233.548096,7329.609375,86.644684,298.599945,327.682838,-12.735380,0.240415,6.098952,-58.819569,-19.235057,-20.562778,2223.609619,-0.129375,0.013312,-0.000310,0.264820,0.100072,-2.646194,83460.992188,1.385445,0.000000,0.000000,0.000000,0.000000,0.000000,0.000000,0.000000,0.000000,0.000000,-57.639061,7328.578125
0.583339,1.000000,-8387.066406,-10.918235,2930.499842,2230.622314,7320.176758,97.541100,298.638977,327.798633,-12.869376,0.258464,5.904164,-58.639652,-19.174244,-20.569445,2220.606689,-0.124976,0.012965,-0.000359,0.289845,0.116861,-2.699966,83460.992188,1.335750,0.000000,0.000000,0.000000,0.000000,0.000000,0.000000,0.000000,0.000000,0.000000,-57.458946,7319.145508
0.635543,1.000000,-8378.198242,-10.900441,2927.444814,2227.580078,7310.073730,108.750771,298.683746,327.911996,-13.011295,0.276767,5.706368,-58.469936,-19.116654,-20.577204,2217.378906,-0.123194,0.012622,-0.000405,0.315947,0.135207,-2.731788,83460.992188,1.291124,0.000000,0.000000,0.000000,0.000000,0.000000,0.000000,0.000000,0.000000,0.000000,-57.294003,7309.042969
0.685746,1.000000,-8369.718750,-10.883492,2924.514464,2224.661621,7300.442871,119.304337,298.730042,328.009966,-13.148916,0.293829,5.521299,-58.327229,-19.068086,-20.585104,2214.292480,-0.123169,0.012386,-0.000467,0.341049,0.153582,-2.747854,83460.992188,1.253717,0.000000,0.000000,0.000000,0.000000,0.000000,0.000000,0.000000,0.000000,0.000000,-57.154327,7299.584473
0.741519,1.000000,-8360.199219,-10.864533,2921.266641,2221.427246,7289.658691,130.702515,298.783234,328.108677,-13.302445,0.312206,5.321473,-58.186981,-19.020225,-20.594452,2210.827637,-0.124296,0.012042,-0.000528,0.368935,0.174752,-2.755821,83460.992188,1.216131,0.000000,0.000000,0.000000,0.000000,0.000000,0.000000,0.000000,0.000000,0.000000,-57.018402,7288.800293
0.792442,1.000000,-8351.817383,-10.847896,2918.307414,2218.480225,7280.187012,140.767136,298.829773,328.186061,-13.442846,0.328498,5.144179,-58.079311,-18.983396,-20.603079,2207.776855,-0.125980,0.011728,-0.000577,0.394397,0.194700,-2.757557,83460.992188,1.185084,0.000000,0.000000,0.000000,0.000000,0.000000,0.000000,0.000000,0.000000,0.000000,-56.910328,7279.328613
0.848248,1.000000,-8342.307617,-10.829066,2915.070292,2215.256592,7269.462891,151.385178,298.883911,328.263328,-13.596696,0.345837,4.955355,-57.973564,-18.947158,-20.613241,2204.315674,-0.128258,0.011391,-0.000622,0.410936,0.216978,-2.755852,83460.992188,1.152774,0.000000,0.000000,0.000000,0.000000,0.000000,0.000000,0.000000,0.000000,0.000000,-56.808064,7268.604492
0.899899,1.000000,-8333.464844,-10.811597,2912.078852,2212.277588,7259.509766,160.794586,298.934540,328.325437,-13.738951,0.361422,4.785548,-57.889988,-18.918463,-20.623011,2201.097168,-0.130568,0.011091,-0.000658,0.412709,0.236159,-2.752652,83460.992188,1.124363,0.000000,0.000000,0.000000,0.000000,0.000000,0.000000,0.000000,0.000000,0.000000,-56.727657,7258.782715
0.950091,1.000000,-8325.001953,-10.794904,2909.175548,2209.386475,7249.998047,169.541931,298.982971,328.376513,-13.877019,0.376150,4.624936,-57.822662,-18.895292,-20.632593,2198.016846,-0.132866,0.010808,-0.000688,0.414404,0.253151,-2.749176,83460.992188,1.097957,0.000000,0.000000,0.000000,0.000000,0.000000,0.000000,0.000000,0.000000,0.000000,-56.662025,7249.270508
1.007710,1.000000,-8315.487305,-10.776160,2905.846286,2206.070801,7239.317383,179.100525,299.037659,328.424682,-14.035308,0.392566,4.445704,-57.761173,-18.874049,-20.643600,2194.553955,-0.135483,0.010496,-0.000716,0.416318,0.270861,-2.745449,83460.992188,1.068870,0.000000,0.000000,0.000000,0.000000,0.000000,0.000000,0.000000,0.000000,0.000000,-56.601311,7238.590332
1.060164,1.000000,-8306.562500,-10.758594,2902.818111,2203.055420,7229.308594,187.338715,299.089600,328.461372,-14.179244,0.407070,4.287180,-57.716839,-18.858629,-20.654095,2191.305664,-0.137776,0.010220,-0.000738,0.418136,0.285480,-2.742864,83460.992188,1.042771,0.000000,0.000000,0.000000,0.000000,0.000000,0.000000,0.000000,0.000000,0.000000,-56.559338,7228.581543
1.112603,1.000000,-8297.678711,-10.741118,2899.792662,2200.042725,7219.355469,195.140320,299.141052,328.490143,-14.323026,0.421162,4.132958,-57.685184,-18.847482,-20.664705,2188.072021,-0.139972,0.009953,-0.000756,0.419937,0.298814,-2.741125,83460.992188,1.017341,0.000000,0.000000,0.000000,0.000000,0.000000,0.000000,0.000000,0.000000,0.000000,-56.529694,7218.832031
1.165121,1.000000,-8288.825195,-10.723705,2896.763881,2197.026611,7209.439453,202.525452,299.193207,328.511410,-14.466960,0.434876,3.982610,-57.665722,-18.840438,-20.675352,2184.849609,-0.142069,0.009694,-0.000771,0.421762,0.311015,-2.740274,83460.992188,0.992484,0.000000,0.000000,0.000000,0.000000,0.000000,0.000000,0.000000,0.000000,0.000000,-56.512062,7208.916016
1.215348,1.000000,-8280.462891,-10.707257,2893.867795,2194.142578,7200.077148,209.193512,299.242645,328.524965,-14.604595,0.447636,3.842551,-57.658218,-18.837437,-20.685472,2181.806152,-0.143972,0.009450,-0.000782,0.423493,0.321712,-2.740312,83460.992188,0.969320,0.000000,0.000000,0.000000,0.000000,0.000000,0.000000,0.000000,0.000000,0.000000,-56.506287,7199.553711
1.268029,1.000000,-8271.399414,-10.689425,2890.830217,2191.117920,7189.930176,215.787384,299.297333,328.532795,-14.748979,0.460651,3.699431,-57.661728,-18.838086,-20.696453,2178.507324,-0.145870,0.009206,-0.000792,0.425407,0.332011,-2.741161,83460.992188,0.945207,0.000000,0.000000,0.000000,0.000000,0.000000,0.000000,0.000000,0.000000,0.000000,-56.511597,7189.570313
1.325008,1.000000,-8261.836914,-10.670600,2887.544134,2187.845459,7179.223145,222.469925,299.356201,328.533537,-14.905219,0.474321,3.548851,-57.678326,-18.843086,-20.708040,2175.026855,-0.147813,0.008956,-0.000801,0.427467,0.342204,-2.742961,83460.992188,0.919964,0.000000,0.000000,0.000000,0.000000,0.000000,0.000000,0.000000,0.000000,0.000000,-56.530197,7178.863770
1.383206,1.000000,-8252.203125,-10.651620,2884.186256,2184.501709,7168.431641,228.835541,299.415802,328.526833,-15.064929,0.487853,3.399406,-57.708103,-18.852485,-20.719648,2171.520264,-0.149691,0.008705,-0.000810,0.429553,0.351710,-2.745638,83460.992188,0.894924,0.000000,0.000000,0.000000,0.000000,0.000000,0.000000,0.000000,0.000000,0.000000,-56.562645,7168.072266
1.438372,1.000000,-8242.616211,-10.632712,2881.001224,2181.329834,7157.685547,234.457779,299.476166,328.513011,-15.216489,0.500302,3.261664,-57.750465,-18.866083,-20.731098,2168.031006,-0.151372,0.008469,-0.000816,0.431666,0.359970,-2.748928,83460.992188,0.871247,0.000000,0.000000,0.000000,0.000000,0.000000,0.000000,0.000000,0.000000,0.000000,-56.605701,7157.326172
1.494471,1.000000,-8233.379883,-10.614476,2877.759538,2178.101807,7147.324219,239.789429,299.535583,328.493109,-15.370819,0.512593,3.125352,-57.802959,-18.883080,-20.742010,2164.669189,-0.153000,0.008242,-0.000820,0.433746,0.367703,-2.752863,83460.992188,0.848257,0.000000,0.000000,0.000000,0.000000,0.000000,0.000000,0.000000,0.000000,0.000000,-56.661388,7147.088867
1.546764,1.000000,-8224.473633,-10.596869,2874.734685,2175.089600,7137.322266,244.421646,299.593750,328.468046,-15.514890,0.523730,3.001608,-57.864246,-18.903021,-20.752367,2161.427734,-0.154441,0.008032,-0.000823,0.435781,0.374375,-2.757087,83460.992188,0.826992,0.000000,0.000000,0.000000,0.000000,0.000000,0.000000,0.000000,0.000000,0.000000,-56.723934,7137.086914
1.603344,1.000000,-8214.943359,-10.578000,2871.457836,2171.826416,7126.604980,249.089569,299.657471,328.434885,-15.670996,0.535444,2.871601,-57.941631,-18.928278,-20.763235,2157.958984,-0.149221,0.007815,-0.000824,0.438011,0.381073,-2.758088,83460.992188,0.795868,0.000000,0.000000,0.000000,0.000000,0.000000,0.000000,0.000000,0.000000,0.000000,-56.804024,7126.370117
1.656334,1.000000,-8206.045898,-10.560361,2868.384257,2168.765625,7116.585449,253.151978,299.721375,328.395525,-15.816328,0.546115,2.757378,-58.033264,-18.958186,-20.773165,2154.720459,-0.138291,0.007605,-0.000825,0.440248,0.386919,-2.723569,83460.992188,0.754592,0.000000,0.000000,0.000000,0.000000,0.000000,0.000000,0.000000,0.000000,0.000000,-56.899498,7116.350098
1.710689,1.000000,-8196.950195,-10.542298,2865.225691,2165.619873,7106.320313,257.028198,299.789917,328.346911,-15.962481,0.556765,2.649415,-58.146530,-18.995149,-20.782986,2151.409912,-0.128542,0.007395,-0.000825,0.442647,0.392542,-2.654324,83460.992188,0.719898,0.000000,0.000000,0.000000,0.000000,0.000000,0.000000,0.000000,0.000000,0.000000,-57.016708,7106.254883
1.763588,1.000000,-8187.935547,-10.524376,2862.145185,2162.552246,7096.125488,260.533691,299.861176,328.291416,-16.100370,0.566843,2.553788,-58.274990,-19.037083,-20.792385,2148.128906,-0.119895,0.007201,-0.000825,0.445141,0.397702,-2.562380,83460.992188,0.691437,0.000000,0.000000,0.000000,0.000000,0.000000,0.000000,0.000000,0.000000,0.000000,-57.146381,7096.060059
1.816312,1.000000,-8179.072266,-10.506728,2859.067695,2159.487305,7086.075195,263.782562,299.934631,328.230790,-16.232452,0.576603,2.467963,-58.414207,-19.082546,-20.801210,2144.902832,-0.112291,0.007014,-0.000822,0.447712,0.402580,-2.453246,83460.992188,0.666613,0.000000,0.000000,0.000000,0.000000,0.000000,0.000000,0.000000,0.000000,0.000000,-57.288250,7086.009277
1.871201,1.000000,-8169.825684,-10.488293,2855.855584,2156.288330,7075.561035,266.920471,300.011658,328.162066,-16.363445,0.586464,2.388667,-58.570770,-19.133694,-20.809958,2141.537354,-0.104931,0.006827,-0.000819,0.450408,0.407412,-2.327240,83460.992188,0.647815,0.000000,0.000000,0.000000,0.000000,0.000000,0.000000,0.000000,0.000000,0.000000,-57.446739,7075.495117
1.927440,1.000000,-8160.393555,-10.469460,2852.555181,2153.001465,7064.803223,269.894318,300.092865,328.087173,-16.490194,0.596251,2.317966,-58.739941,-19.188983,-20.818367,2138.104492,-0.098097,0.006641,-0.000814,0.453251,0.412136,-2.188971,83460.992188,0.630733,0.000000,0.000000,0.000000,0.000000,0.000000,0.000000,0.000000,0.000000,0.000000,-57.618496,7064.877441
1.982306,1.000000,-8151.063477,-10.450804,2849.325855,2149.785156,7054.126465,272.575317,300.174469,328.008987,-16.606182,0.605492,2.259076,-58.915051,-19.246237,-20.826118,2134.708496,-0.091530,0.006470,-0.000807,0.456107,0.416554,-2.048203,83460.992188,0.617713,0.000000,0.000000,0.000000,0.000000,0.000000,0.000000,0.000000,0.000000,0.000000,-57.793415,7054.200195
2.035259,1.000000,-8142.090332,-10.432835,2846.199901,2146.671875,7043.824219,274.970825,300.253998,327.930772,-16.710699,0.614125,2.211453,-59.089207,-19.303191,-20.833038,2131.442627,-0.085664,0.006309,-0.000801,0.458890,0.420666,-1.909068,83460.992188,0.608200,0.000000,0.000000,0.000000,0.000000,0.000000,0.000000,0.000000,0.000000,0.000000,-57.967651,7043.898438
2.089048,1.000000,-8133.193848,-10.414993,2843.015051,2143.499756,7033.577148,277.224823,300.333588,327.850747,-16.809290,0.622610,2.171964,-59.265953,-19.361015,-20.839369,2128.204590,-0.080717,0.006150,-0.000793,0.461676,0.424705,-1.766828,83460.992188,0.601296,0.000000,0.000000,0.000000,0.000000,0.000000,0.000000,0.000000,0.000000,0.000000,-58.148594,7033.885742
2.145660,1.000000,-8123.613281,-10.395748,2839.652465,2140.150635,7022.503418,279.415802,300.419708,327.762744,-16.904816,0.631231,2.139529,-59.459198,-19.424250,-20.845562,2124.717529,-0.075076,0.005987,-0.000784,0.464689,0.428820,-1.618923,83460.992188,0.596623,0.000000,0.000000,0.000000,0.000000,0.000000,0.000000,0.000000,0.000000,0.000000,-58.341702,7022.812012
2.203918,1.000000,-8113.872559,-10.376146,2836.180653,2136.692627,7011.202637,281.490356,300.507996,327.671774,-16.994421,0.639773,2.115483,-59.657772,-19.489243,-20.851187,2121.172119,-0.069989,0.005826,-0.000774,0.467780,0.432930,-1.468751,83460.992188,0.593694,0.000000,0.000000,0.000000,0.000000,0.000000,0.000000,0.000000,0.000000,0.000000,-58.542332,7011.511230
2.261435,1.000000,-8104.155762,-10.356557,2832.741542,2133.267090,6999.888184,283.372375,300.596680,327.580123,-17.074396,0.647884,2.100520,-59.856869,-19.554415,-20.856121,2117.635498,-0.064993,0.005671,-0.000765,0.470883,0.436880,-1.323160,83460.992188,0.592384,0.000000,0.000000,0.000000,0.000000,0.000000,0.000000,0.000000,0.000000,0.000000,-58.741249,7000.196289
2.316014,1.000000,-8094.719727,-10.337498,2829.467576,2130.006104,6988.860352,285.017120,300.683960,327.490814,-17.142658,0.655288,2.093884,-60.050098,-19.617670,-20.860268,2114.201172,-0.059841,0.005529,-0.000755,0.473938,0.440545,-1.188249,83460.992188,0.591476,0.000000,0.000000,0.000000,0.000000,0.000000,0.000000,0.000000,0.000000,0.000000,-58.929813,6989.293945
2.369156,1.000000,-8085.725098,-10.319297,2826.270011,2126.821289,6978.312500,286.495544,300.767120,327.405480,-17.202129,0.662224,2.094265,-60.234035,-19.677888,-20.863632,2110.927246,-0.055931,0.005393,-0.000746,0.476849,0.444052,-1.058615,83460.992188,0.593602,0.000000,0.000000,0.000000,0.000000,0.000000,0.000000,0.000000,0.000000,0.000000,-59.112930,6978.746094
2.425904,1.000000,-8076.434570,-10.300459,2822.844807,2123.409424,6967.379883,287.952026,300.852142,327.318159,-17.258202,0.669338,2.101282,-60.421875,-19.739378,-20.866491,2107.545898,-0.053035,0.005257,-0.000736,0.479825,0.447726,-0.926733,83460.992188,0.599357,0.000000,0.000000,0.000000,0.000000,0.000000,0.000000,0.000000,0.000000,0.000000,-59.305977,6967.813477
2.481590,1.000000,-8067.041504,-10.281373,2819.473178,2120.051025,6956.288086,289.267365,300.938477,327.230927,-17.306145,0.676025,2.114281,-60.608879,-19.800597,-20.868753,2104.126953,-0.049476,0.005122,-0.000727,0.482847,0.451266,-0.803335,83460.992188,0.604546,0.000000,0.000000,0.000000,0.000000,0.000000,0.000000,0.000000,0.000000,0.000000,-59.492443,6956.721680
2.536582,1.000000,-8057.756348,-10.262465,2816.133509,2116.724365,6945.286621,290.464233,301.023102,327.146068,-17.346905,0.682357,2.132577,-60.790501,-19.860048,-20.870390,2100.747559,-0.046180,0.004995,-0.000718,0.485809,0.454708,-0.687263,83460.992188,0.612326,0.000000,0.000000,0.000000,0.000000,0.000000,0.000000,0.000000,0.000000,0.000000,-59.673149,6945.871582
2.591155,1.000000,-8048.740723,-10.244061,2812.809601,2113.413086,6934.570801,291.559540,301.105438,327.065302,-17.381212,0.688367,2.155611,-60.963085,-19.916536,-20.871414,2097.466064,-0.043905,0.004872,-0.000709,0.488690,0.458073,-0.577724,83460.992188,0.619336,0.000000,0.000000,0.000000,0.000000,0.000000,0.000000,0.000000,0.000000,0.000000,-59.848629,6935.155273
2.646701,1.000000,-8039.376465,-10.224897,2809.416731,2110.033447,6923.403809,292.587799,301.189575,326.983497,-17.410231,0.694217,2.183266,-61.137417,-19.973594,-20.871881,2094.057861,-0.040938,0.004750,-0.000701,0.491635,0.461440,-0.474813,83460.992188,0.628848,0.000000,0.000000,0.000000,0.000000,0.000000,0.000000,0.000000,0.000000,0.000000,-60.022060,6923.988770
2.701152,1.000000,-8030.197266,-10.206065,2806.081587,2106.710938,6912.425293,293.516388,301.272980,326.905223,-17.433250,0.699694,2.214471,-61.304111,-20.028145,-20.871799,2090.716797,-0.038555,0.004634,-0.000693,0.494554,0.464706,-0.377127,83460.992188,0.636223,0.000000,0.000000,0.000000,0.000000,0.000000,0.000000,0.000000,0.000000,0.000000,-60.188042,6913.172363
2.752369,1.000000,-8021.657227,-10.188496,2802.936416,2103.577881,6902.180664,294.324402,301.347748,326.834452,-17.450199,0.704614,2.246872,-61.454693,-20.077416,-20.871231,2087.608398,-0.036659,0.004527,-0.000686,0.497171,0.467738,-0.292080,83460.992188,0.649241,0.000000,0.000000,0.000000,0.000000,0.000000,0.000000,0.000000,0.000000,0.000000,-60.339100,6902.928223
2.811193,1.000000,-8011.921875,-10.168409,2799.314745,2099.969971,6890.469238,295.180542,301.434143,326.756682,-17.464527,0.709990,2.287158,-61.619804,-20.131440,-20.870026,2084.065186,-0.034927,0.004409,-0.000679,0.500195,0.471167,-0.202279,83460.992188,0.658625,0.000000,0.000000,0.000000,0.000000,0.000000,0.000000,0.000000,0.000000,0.000000,-60.506294,6891.216797
2.865057,1.000000,-8002.831543,-10.149596,2795.990036,2096.657715,6879.502930,295.901520,301.514252,326.686475,-17.473162,0.714660,2.326777,-61.768723,-20.180159,-20.868399,2080.756592,-0.033117,0.004303,-0.000673,0.502999,0.474273,-0.124365,83460.992188,0.668068,0.000000,0.000000,0.000000,0.000000,0.000000,0.000000,0.000000,0.000000,0.000000,-60.654037,6880.250488
2.915144,1.000000,-7994.262207,-10.131806,2792.891472,2093.570801,6869.139160,296.522705,301.587463,326.622794,-17.477587,0.718796,2.365402,-61.903713,-20.224316,-20.866425,2077.637451,-0.031104,0.004206,-0.000668,0.505562,0.477123,-0.058339,83460.992188,0.680487,0.000000,0.000000,0.000000,0.000000,0.000000,0.000000,0.000000,0.000000,0.000000,-60.785858,6870.093262
2.967757,1.000000,-7985.291016,-10.113121,2789.629720,2090.321289,6858.262695,297.127441,301.665009,326.558697,-17.478786,0.722922,2.407785,-62.039646,-20.268771,-20.863918,2074.372314,-0.029502,0.004106,-0.000663,0.508276,0.480090,0.007770,83460.992188,0.690493,0.000000,0.000000,0.000000,0.000000,0.000000,0.000000,0.000000,0.000000,0.000000,-60.919334,6859.216797
3.024482,1.000000,-7975.870605,-10.093431,2786.105399,2086.810303,6846.813965,297.729156,301.744385,326.494214,-17.476316,0.727135,2.455143,-62.176258,-20.313444,-20.860826,2070.943604,-0.028780,0.004006,-0.000658,0.511054,0.483257,0.073583,83460.992188,0.704205,0.000000,0.000000,0.000000,0.000000,0.000000,0.000000,0.000000,0.000000,0.000000,-61.056828,6847.768066
3.082391,1.000000,-7966.367188,-10.073493,2782.499694,2083.218018,6835.236328,298.294403,301.823120,326.432461,-17.470188,0.731181,2.504600,-62.306686,-20.356098,-20.857244,2067.484619,-0.028395,0.003906,-0.000653,0.513810,0.486441,0.132577,83460.992188,0.717660,0.000000,0.000000,0.000000,0.000000,0.000000,0.000000,0.000000,0.000000,0.000000,-61.189529,6836.190430
3.137483,1.000000,-7956.860352,-10.053466,2779.062441,2079.793701,6823.628418,298.790283,301.901184,326.373970,-17.461405,0.734802,2.552333,-62.429909,-20.396398,-20.853216,2064.024414,-0.026748,0.003809,-0.000649,0.516542,0.489419,0.182058,83460.992188,0.729223,0.000000,0.000000,0.000000,0.000000,0.000000,0.000000,0.000000,0.000000,0.000000,-61.308811,6824.775879
3.192019,1.000000,-7947.805664,-10.034316,2775.653683,2076.397217,6812.549805,299.242554,301.975342,326.320818,-17.450062,0.738175,2.600478,-62.541920,-20.433024,-20.849007,2060.728760,-0.026711,0.003722,-0.000646,0.519137,0.492354,0.230120,83460.992188,0.740425,0.000000,0.000000,0.000000,0.000000,0.000000,0.000000,0.000000,0.000000,0.000000,-61.421543,6813.697754
3.243906,1.000000,-7939.314941,-10.016289,2772.404975,2073.160645,6802.142578,299.641296,302.041840,326.273687,-17.436998,0.741184,2.646436,-62.640968,-20.465414,-20.844740,2057.638428,-0.026951,0.003638,-0.000643,0.521465,0.495107,0.269399,83460.992188,0.754443,0.000000,0.000000,0.000000,0.000000,0.000000,0.000000,0.000000,0.000000,0.000000,-61.522293,6803.290527
3.301396,1.000000,-7929.621582,-9.995619,2768.799578,2069.568359,6790.239258,300.049744,302.117737,326.223145,-17.420362,0.744303,2.697195,-62.746681,-20.499993,-20.839497,2054.110352,-0.026537,0.003550,-0.000640,0.524120,0.498109,0.306576,83460.992188,0.766878,0.000000,0.000000,0.000000,0.000000,0.000000,0.000000,0.000000,0.000000,0.000000,-61.626778,6791.386719
3.355876,1.000000,-7920.460938,-9.975995,2765.377622,2066.159180,6778.970215,300.407074,302.188110,326.178209,-17.402733,0.747054,2.745102,-62.840248,-20.530606,-20.834211,2050.776123,-0.026409,0.003468,-0.000638,0.526584,0.500918,0.337870,83460.992188,0.778912,0.000000,0.000000,0.000000,0.000000,0.000000,0.000000,0.000000,0.000000,0.000000,-61.719463,6780.172852
3.411213,1.000000,-7911.282715,-9.956244,2761.896878,2062.691162,6767.661621,300.742706,302.257202,326.136032,-17.383217,0.749653,2.793282,-62.927673,-20.559218,-20.828615,2047.435425,-0.026698,0.003388,-0.000636,0.529002,0.503731,0.365193,83460.992188,0.791091,0.000000,0.000000,0.000000,0.000000,0.000000,0.000000,0.000000,0.000000,0.000000,-61.807182,6768.864258
3.468009,1.000000,-7901.767578,-9.935671,2758.319550,2059.126709,6755.920898,301.060730,302.328186,326.095100,-17.361729,0.752123,2.842120,-63.011875,-20.586789,-20.822527,2043.972290,-0.026988,0.003308,-0.000634,0.531486,0.506581,0.389695,83460.992188,0.802496,0.000000,0.000000,0.000000,0.000000,0.000000,0.000000,0.000000,0.000000,0.000000,-61.890831,6757.123535
3.520889,1.000000,-7892.674316,-9.915912,2754.984791,2055.804199,6744.684570,301.335083,302.393219,326.058676,-17.340611,0.754246,2.886687,-63.086048,-20.611095,-20.816431,2040.662598,-0.026740,0.003233,-0.000633,0.533763,0.509190,0.407614,83460.992188,0.814871,0.000000,0.000000,0.000000,0.000000,0.000000,0.000000,0.000000,0.000000,0.000000,-61.962498,6746.117676
3.577568,1.000000,-7883.236328,-9.895303,2751.406443,2052.238770,6733.007813,301.607483,302.459625,326.023617,-17.317039,0.756331,2.933377,-63.156708,-20.634269,-20.809858,2037.227417,-0.027222,0.003158,-0.000632,0.536087,0.511941,0.422773,83460.992188,0.826924,0.000000,0.000000,0.000000,0.000000,0.000000,0.000000,0.000000,0.000000,0.000000,-62.033092,6734.440918
3.634660,1.000000,-7873.652344,-9.874264,2747.798189,2048.643555,6721.136230,301.861206,302.526459,325.990635,-17.292540,0.758246,2.979153,-63.222149,-20.655759,-20.802942,2033.739136,-0.027654,0.003083,-0.000631,0.538427,0.514664,0.434482,83460.992188,0.837571,0.000000,0.000000,0.000000,0.000000,0.000000,0.000000,0.000000,0.000000,0.000000,-62.097988,6722.569336
3.687617,1.000000,-7864.847656,-9.854837,2744.448138,2045.305664,6710.218262,302.079254,302.586243,325.962605,-17.269281,0.759863,3.020450,-63.277119,-20.673828,-20.796396,2030.534546,-0.028341,0.003018,-0.000631,0.540519,0.517154,0.443010,83460.992188,0.847939,0.000000,0.000000,0.000000,0.000000,0.000000,0.000000,0.000000,0.000000,0.000000,-62.152939,6711.651367
3.739440,1.000000,-7855.965332,-9.835139,2741.167167,2042.036621,6699.194336,302.277954,302.645447,325.936415,-17.246172,0.761297,3.059610,-63.327415,-20.690391,-20.789621,2027.301636,-0.028597,0.002954,-0.000631,0.542591,0.519551,0.448470,83460.992188,0.857488,0.000000,0.000000,0.000000,0.000000,0.000000,0.000000,0.000000,0.000000,0.000000,-62.201752,6700.741211
3.794461,1.000000,-7847.091309,-9.815359,2737.681120,2038.562988,6688.171875,302.474426,302.703430,325.912301,-17.221405,0.762664,3.099754,-63.372700,-20.705334,-20.782705,2024.071655,-0.029857,0.002896,-0.000630,0.544620,0.522052,0.451501,83460.992188,0.866950,0.000000,0.000000,0.000000,0.000000,0.000000,0.000000,0.000000,0.000000,0.000000,-62.248421,6689.718750
3.848353,1.000000,-7837.777344,-9.794483,2734.264283,2035.158569,6676.593262,302.653320,302.762909,325.889017,-17.197079,0.763855,3.137527,-63.415073,-20.719358,-20.775278,2020.681641,-0.030083,0.002831,-0.000631,0.546701,0.524457,0.451678,83460.992188,0.876120,0.000000,0.000000,0.000000,0.000000,0.000000,0.000000,0.000000,0.000000,0.000000,-62.289120,6678.140137
3.898613,1.000000,-7829.495605,-9.775826,2731.075874,2031.981445,6666.291992,302.808990,302.814392,325.869856,-17.174404,0.764837,3.171459,-63.448765,-20.730546,-20.768566,2017.667358,-0.031019,0.002779,-0.000631,0.548504,0.526666,0.450560,83460.992188,0.884568,0.000000,0.000000,0.000000,0.000000,0.000000,0.000000,0.000000,0.000000,0.000000,-62.323067,6667.838379
3.951437,1.000000,-7820.399414,-9.755224,2727.723110,2028.640747,6654.970215,302.961823,302.870331,325.850577,-17.150684,0.765742,3.205656,-63.481377,-20.741417,-20.761078,2014.356689,-0.031484,0.002720,-0.000631,0.550462,0.528950,0.447474,83460.992188,0.893072,0.000000,0.000000,0.000000,0.000000,0.000000,0.000000,0.000000,0.000000,0.000000,-62.354530,6656.626953
4.002915,1.000000,-7811.958984,-9.736007,2724.454303,2025.383667,6644.459961,303.101105,302.920654,325.834086,-17.127764,0.766502,3.237520,-63.507763,-20.750265,-20.754045,2011.284546,-0.032548,0.002667,-0.000632,0.552223,0.531140,0.442802,83460.992188,0.901298,0.000000,0.000000,0.000000,0.000000,0.000000,0.000000,0.000000,0.000000,0.000000,-62.381248,6646.116699
4.054646,1.000000,-7803.279297,-9.716139,2721.168164,2022.109253,6633.646973,303.232300,302.972290,325.818632,-17.105049,0.767142,3.267960,-63.530861,-20.758069,-20.746723,2008.125488,-0.033297,0.002613,-0.000633,0.554030,0.533294,0.435792,83460.992188,0.908045,0.000000,0.000000,0.000000,0.000000,0.000000,0.000000,0.000000,0.000000,0.000000,-62.404137,6635.303223
4.109559,1.000000,-7794.319824,-9.695518,2717.678722,2018.632202,6622.480469,303.362671,303.022552,325.804069,-17.081404,0.767692,3.298505,-63.550861,-20.764896,-20.739086,2004.864502,-0.034293,0.002563,-0.000633,0.555789,0.535531,0.426230,83460.992188,0.916104,0.000000,0.000000,0.000000,0.000000,0.000000,0.000000,0.000000,0.000000,0.000000,-62.424377,6624.137207
4.169507,1.000000,-7785.935547,-9.676119,2713.868205,2014.835205,6612.028320,303.495575,303.069946,325.791582,-17.056221,0.768149,3.329940,-63.566406,-20.770270,-20.731892,2001.812866,-0.036922,0.002523,-0.000634,0.557448,0.537925,0.415254,83460.992188,0.922673,0.000000,0.000000,0.000000,0.000000,0.000000,0.000000,0.000000,0.000000,0.000000,-62.442459,6613.850098
4.223984,1.000000,-7775.391602,-9.651574,2710.404654,2011.383911,6598.879883,303.607880,303.127319,325.777374,-17.033979,0.768441,3.356617,-63.581642,-20.775652,-20.722775,1997.975098,-0.036096,0.002456,-0.000635,0.559456,0.540048,0.403314,83460.992188,0.929871,0.000000,0.000000,0.000000,0.000000,0.000000,0.000000,0.000000,0.000000,0.000000,-62.454979,6600.701660
4.283144,1.000000,-7765.531738,-9.628475,2706.642710,2007.635498,6586.581055,303.721893,303.181305,325.765332,-17.010530,0.768632,3.383851,-63.592171,-20.779501,-20.714193,1994.386475,-0.037041,0.002408,-0.000636,0.561346,0.542319,0.390898,83460.992188,0.935770,0.000000,0.000000,0.000000,0.000000,0.000000,0.000000,0.000000,0.000000,0.000000,-62.465324,6588.403320
4.341065,1.000000,-7755.825684,-9.605597,2702.959088,2003.964844,6574.472656,303.826233,303.231689,325.754536,-16.988306,0.768691,3.408678,-63.599121,-20.782208,-20.705709,1990.853760,-0.037889,0.002358,-0.000637,0.563110,0.544497,0.377872,83460.992188,0.942236,0.000000,0.000000,0.000000,0.000000,0.000000,0.000000,0.000000,0.000000,0.000000,-62.471973,6576.403320
4.391858,1.000000,-7747.295410,-9.585377,2699.728562,2000.745850,6563.830078,303.912262,303.275055,325.745904,-16.969454,0.768640,3.428960,-63.602478,-20.783715,-20.698240,1987.749023,-0.038609,0.002315,-0.000638,0.564627,0.546369,0.365730,83460.992188,0.947423,0.000000,0.000000,0.000000,0.000000,0.000000,0.000000,0.000000,0.000000,0.000000,-62.475113,6565.761230
4.450206,1.000000,-7737.723633,-9.562555,2696.017428,1997.047729,6551.887207,304.005280,303.324280,325.737125,-16.948578,0.768475,3.450598,-63.603428,-20.784511,-20.689838,1984.265137,-0.039622,0.002272,-0.000639,0.566350,0.548478,0.351438,83460.992188,0.952039,0.000000,0.000000,0.000000,0.000000,0.000000,0.000000,0.000000,0.000000,0.000000,-62.475937,6553.818359
4.501524,1.000000,-7729.027344,-9.541701,2692.753476,1993.795410,6541.037109,304.082397,303.365509,325.729739,-16.930929,0.768238,3.468126,-63.601807,-20.784458,-20.682207,1981.099976,-0.040184,0.002228,-0.000640,0.567793,0.550286,0.337740,83460.992188,0.956942,0.000000,0.000000,0.000000,0.000000,0.000000,0.000000,0.000000,0.000000,0.000000,-62.474121,6542.967773
4.555195,1.000000,-7719.819336,-9.519496,2689.340038,1990.394043,6529.548340,304.158722,303.410828,325.722472,-16.913212,0.767900,3.485104,-63.597919,-20.783720,-20.674122,1977.748535,-0.040762,0.002186,-0.000641,0.569379,0.552146,0.323937,83460.992188,0.960678,0.000000,0.000000,0.000000,0.000000,0.000000,0.000000,0.000000,0.000000,0.000000,-62.470284,6531.665527
4.611542,1.000000,-7710.530273,-9.496964,2685.756711,1986.823242,6517.959473,304.234528,303.454498,325.715650,-16.895414,0.767451,3.501447,-63.591862,-20.782307,-20.665981,1974.367554,-0.041601,0.002148,-0.000643,0.570908,0.554059,0.309321,83460.992188,0.964673,0.000000,0.000000,0.000000,0.000000,0.000000,0.000000,0.000000,0.000000,0.000000,-62.464081,6520.076660
4.663223,1.000000,-7701.935547,-9.475999,2682.470492,1983.548706,6507.238281,304.300446,303.494934,325.709777,-16.879822,0.766958,3.515125,-63.584362,-20.780408,-20.658468,1971.239380,-0.042279,0.002113,-0.000644,0.572322,0.555775,0.295683,83460.992188,0.967619,0.000000,0.000000,0.000000,0.000000,0.000000,0.000000,0.000000,0.000000,0.000000,-62.456532,6509.355469
4.721359,1.000000,-7692.122559,-9.451924,2678.774358,1979.825684,6494.998047,304.370819,303.539215,325.703519,-16.863117,0.766312,3.529114,-63.574005,-20.777678,-20.649908,1967.667725,-0.042945,0.002065,-0.000644,0.573873,0.557670,0.280710,83460.992188,0.971231,0.000000,0.000000,0.000000,0.000000,0.000000,0.000000,0.000000,0.000000,0.000000,-62.446236,6497.115723
4.777554,1.000000,-7682.306641,-9.427696,2675.202254,1976.230591,6482.756836,304.435242,303.584869,325.697439,-16.847763,0.765606,3.541377,-63.561916,-20.774419,-20.641380,1964.094971,-0.043461,0.002020,-0.000641,0.575471,0.559476,0.267024,83460.992188,0.973811,0.000000,0.000000,0.000000,0.000000,0.000000,0.000000,0.000000,0.000000,0.000000,-62.434750,6484.932129
4.835152,1.000000,-7672.981445,-9.404540,2671.541703,1972.546631,6471.129395,304.497955,303.625000,325.691922,-16.832815,0.764799,3.552642,-63.548862,-20.770838,-20.633305,1960.700928,-0.044327,0.001988,-0.000639,0.576875,0.561292,0.253056,83460.992188,0.976919,0.000000,0.000000,0.000000,0.000000,0.000000,0.000000,0.000000,0.000000,0.000000,-62.421326,6473.304688
4.889448,1.000000,-7663.814453,-9.381648,2668.091774,1969.074585,6459.701660,304.554474,303.665161,325.686731,-16.819473,0.763961,3.562073,-63.534531,-20.766856,-20.625412,1957.364380,-0.044907,0.001955,-0.000637,0.578280,0.562964,0.239822,83460.992188,0.979079,0.000000,0.000000,0.000000,0.000000,0.000000,0.000000,0.000000,0.000000,0.000000,-62.407227,6461.877441
4.944860,1.000000,-7654.563965,-9.358416,2664.571776,1965.531982,6448.172852,304.609558,303.703522,325.681511,-16.806583,0.763028,3.570604,-63.518860,-20.762476,-20.617489,1953.997437,-0.045504,0.001924,-0.000636,0.579623,0.564638,0.226593,83460.992188,0.981462,0.000000,0.000000,0.000000,0.000000,0.000000,0.000000,0.000000,0.000000,0.000000,-62.391617,6450.348145
4.997772,1.000000,-7645.436035,-9.335364,2661.211439,1962.150024,6436.799316,304.660095,303.741577,325.676409,-16.794949,0.762070,3.577765,-63.502293,-20.757819,-20.609715,1950.675171,-0.045929,0.001891,-0.000636,0.580955,0.566206,0.214339,83460.992188,0.983297,0.000000,0.000000,0.000000,0.000000,0.000000,0.000000,0.000000,0.000000,0.000000,-62.375690,6438.749023
5.048086,1.000000,-7637.116211,-9.314242,2658.016911,1958.934814,6426.435547,304.706360,303.775787,325.671752,-16.784475,0.761097,3.583750,-63.486389,-20.753335,-20.602674,1947.646973,-0.046474,0.001864,-0.000635,0.582153,0.567673,0.203152,83460.992188,0.984793,0.000000,0.000000,0.000000,0.000000,0.000000,0.000000,0.000000,0.000000,0.000000,-62.359756,6428.385254
5.098284,1.000000,-7629.129395,-9.293866,2654.830585,1955.728027,6416.488281,304.750946,303.807800,325.667244,-16.774582,0.760073,3.588940,-63.470398,-20.748816,-20.595942,1944.740112,-0.047077,0.001841,-0.000635,0.583273,0.569107,0.192195,83460.992188,0.986120,0.000000,0.000000,0.000000,0.000000,0.000000,0.000000,0.000000,0.000000,0.000000,-62.343090,6418.437988
5.149646,1.000000,-7620.329102,-9.271303,2651.571273,1952.447754,6405.531250,304.795074,303.842896,325.662113,-16.765020,0.758970,3.593497,-63.452076,-20.743635,-20.588583,1941.536987,-0.047429,0.001815,-0.000635,0.584501,0.570545,0.181335,83460.992188,0.987272,0.000000,0.000000,0.000000,0.000000,0.000000,0.000000,0.000000,0.000000,0.000000,-62.325363,6407.480957
5.204844,1.000000,-7611.097656,-9.247511,2648.069582,1948.923584,6394.041016,304.840973,303.878876,325.656537,-16.755346,0.757725,3.597626,-63.432259,-20.738032,-20.580912,1938.177002,-0.047877,0.001787,-0.000635,0.585761,0.572068,0.170389,83460.992188,0.988434,0.000000,0.000000,0.000000,0.000000,0.000000,0.000000,0.000000,0.000000,0.000000,-62.305725,6395.742676
5.259501,1.000000,-7602.076660,-9.224138,2644.603310,1945.434814,6382.815918,304.884949,303.913635,325.650960,-16.746344,0.756431,3.600981,-63.412327,-20.732395,-20.573473,1934.893677,-0.048339,0.001762,-0.000635,0.586977,0.573549,0.160116,83460.992188,0.989384,0.000000,0.000000,0.000000,0.000000,0.000000,0.000000,0.000000,0.000000,0.000000,-62.285721,6384.517578
5.315016,1.000000,-7592.443359,-9.199046,2641.083777,1941.892578,6370.833008,304.928253,303.950867,325.644791,-16.737762,0.755053,3.603675,-63.390461,-20.726213,-20.565598,1931.387451,-0.048628,0.001730,-0.000636,0.588280,0.575023,0.150145,83460.992188,0.990070,0.000000,0.000000,0.000000,0.000000,0.000000,0.000000,0.000000,0.000000,0.000000,-62.264870,6372.534668
5.369944,1.000000,-7583.495117,-9.175615,2637.602624,1938.388916,6359.705078,304.969879,303.984009,325.638740,-16.729794,0.753631,3.605720,-63.369766,-20.720374,-20.558334,1928.130493,-0.049073,0.001705,-0.000636,0.589440,0.576460,0.140940,83460.992188,0.990823,0.000000,0.000000,0.000000,0.000000,0.000000,0.000000,0.000000,0.000000,0.000000,-62.243843,6361.145508
5.420949,1.000000,-7575.007324,-9.153281,2634.371159,1935.136475,6349.153809,305.007568,304.015320,325.632778,-16.722837,0.752265,3.607082,-63.349770,-20.714738,-20.551500,1925.041260,-0.049402,0.001682,-0.000636,0.590536,0.577768,0.132784,83460.992188,0.991291,0.000000,0.000000,0.000000,0.000000,0.000000,0.000000,0.000000,0.000000,0.000000,-62.223965,6350.593750
5.478825,1.000000,-7565.351074,-9.127746,2630.705628,1931.447266,6337.153320,305.049225,304.050232,325.625600,-16.715435,0.750659,3.608073,-63.326740,-20.708264,-20.543787,1921.526611,-0.049740,0.001654,-0.000637,0.591758,0.579228,0.124182,83460.992188,0.991786,0.000000,0.000000,0.000000,0.000000,0.000000,0.000000,0.000000,0.000000,0.000000,-62.201130,6338.593262
5.529864,1.000000,-7556.629395,-9.104566,2627.474224,1928.194824,6326.318359,305.085083,304.082794,325.618808,-16.709301,0.749194,3.608515,-63.305717,-20.702367,-20.536880,1918.352173,-0.049978,0.001631,-0.000637,0.592898,0.580498,0.117228,83460.992188,0.991909,0.000000,0.000000,0.000000,0.000000,0.000000,0.000000,0.000000,0.000000,0.000000,-62.180798,6327.758301
5.584377,1.000000,-7547.878418,-9.081199,2624.024042,1924.722290,6315.449707,305.122650,304.114166,325.611719,-16.703123,0.747582,3.608571,-63.284447,-20.696413,-20.530005,1915.167114,-0.050361,0.001610,-0.000638,0.593996,0.581833,0.110283,83460.992188,0.992195,0.000000,0.000000,0.000000,0.000000,0.000000,0.000000,0.000000,0.000000,0.000000,-62.158897,6316.593262
5.638384,1.000000,-7538.603027,-9.056312,2620.607082,1921.283325,6303.934082,305.158966,304.146332,325.603770,-16.697363,0.745942,3.608242,-63.261734,-20.690077,-20.522779,1911.791138,-0.050547,0.001584,-0.000639,0.595121,0.583135,0.103847,83460.992188,0.992478,0.000000,0.000000,0.000000,0.000000,0.000000,0.000000,0.000000,0.000000,0.000000,-62.137024,6305.077148
5.692144,1.000000,-7529.461426,-9.031666,2617.206940,1917.861084,6292.588379,305.194519,304.178833,325.595584,-16.691956,0.744263,3.607570,-63.239220,-20.683813,-20.515724,1908.463867,-0.050750,0.001560,-0.000639,0.596259,0.584412,0.097960,83460.992188,0.992501,0.000000,0.000000,0.000000,0.000000,0.000000,0.000000,0.000000,0.000000,0.000000,-62.115158,6293.731934
5.743901,1.000000,-7520.764648,-9.008110,2613.934606,1914.567383,6281.797852,305.228149,304.208862,325.587486,-16.687040,0.742605,3.606632,-63.217731,-20.677850,-20.509062,1905.298462,-0.050956,0.001539,-0.000640,0.597310,0.585625,0.092780,83460.992188,0.992558,0.000000,0.000000,0.000000,0.000000,0.000000,0.000000,0.000000,0.000000,0.000000,-62.094036,6282.940918
5.798571,1.000000,-7511.884766,-8.983948,2610.479317,1911.089478,6270.784668,305.263275,304.235443,325.578855,-16.682129,0.740816,3.605351,-63.195728,-20.671763,-20.502329,1902.066528,-0.051211,0.001514,-0.000640,0.598240,0.586884,0.087558,83460.992188,0.993161,0.000000,0.000000,0.000000,0.000000,0.000000,0.000000,0.000000,0.000000,0.000000,-62.071613,6271.731445
5.852948,1.000000,-7502.710449,-8.958872,2607.043765,1907.631592,6259.409180,305.297455,304.269897,325.569453,-16.677505,0.738994,3.603858,-63.172947,-20.665487,-20.495426,1898.727295,-0.051394,0.001494,-0.000641,0.599446,0.588120,0.083060,83460.992188,0.992502,0.000000,0.000000,0.000000,0.000000,0.000000,0.000000,0.000000,0.000000,0.000000,-62.049366,6260.355957
5.904442,1.000000,-7493.957520,-8.934840,2603.791490,1904.358154,6248.559570,305.329407,304.299530,325.560110,-16.673344,0.737229,3.602246,-63.151253,-20.659533,-20.488895,1895.541504,-0.051535,0.001473,-0.000641,0.600484,0.589277,0.079232,83460.992188,0.992333,0.000000,0.000000,0.000000,0.000000,0.000000,0.000000,0.000000,0.000000,0.000000,-62.028305,6249.506348
5.955471,1.000000,-7485.300781,-8.910971,2600.569666,1901.115234,6237.833008,305.360718,304.327881,325.550529,-16.669409,0.735447,3.600481,-63.129799,-20.653663,-20.482492,1892.390747,-0.051670,0.001451,-0.000642,0.601476,0.590409,0.075785,83460.992188,0.992279,0.000000,0.000000,0.000000,0.000000,0.000000,0.000000,0.000000,0.000000,0.000000,-62.007431,6238.779785
6.012683,1.000000,-7475.948242,-8.885070,2596.958746,1897.480713,6226.248047,305.395264,304.359070,325.539822,-16.665188,0.733409,3.598344,-63.106659,-20.647353,-20.475643,1888.986694,-0.051903,0.001433,-0.000642,0.602567,0.591663,0.072355,83460.992188,0.992047,0.000000,0.000000,0.000000,0.000000,0.000000,0.000000,0.000000,0.000000,0.000000,-61.984074,6226.808105
6.064922,1.000000,-7467.255371,-8.860891,2593.662879,1894.163330,6215.483398,305.426453,304.386536,325.529351,-16.661491,0.731513,3.596267,-63.085163,-20.641521,-20.469330,1885.822754,-0.052054,0.001413,-0.000642,0.603529,0.592790,0.069496,83460.992188,0.991963,0.000000,0.000000,0.000000,0.000000,0.000000,0.000000,0.000000,0.000000,0.000000,-61.962761,6216.043457
6.121789,1.000000,-7457.811035,-8.834509,2590.076307,1890.553345,6203.791992,305.459961,304.416382,325.517576,-16.657631,0.729412,3.593873,-63.061836,-20.635215,-20.462530,1882.385254,-0.052205,0.001390,-0.000643,0.604573,0.593998,0.066673,83460.992188,0.991783,0.000000,0.000000,0.000000,0.000000,0.000000,0.000000,0.000000,0.000000,0.000000,-61.939590,6204.352051
6.177082,1.000000,-7448.620117,-8.808723,2586.590284,1887.044434,6192.417969,305.492157,304.446167,325.505741,-16.654018,0.727334,3.591456,-63.039207,-20.629121,-20.455978,1879.040039,-0.052352,0.001371,-0.000643,0.605616,0.595157,0.064336,83460.992188,0.991430,0.000000,0.000000,0.000000,0.000000,0.000000,0.000000,0.000000,0.000000,0.000000,-61.917152,6192.752441
6.230992,1.000000,-7439.618164,-8.783364,2583.192660,1883.624512,6181.282227,305.523193,304.473999,325.493699,-16.650616,0.725272,3.589025,-63.017124,-20.623202,-20.449627,1875.763550,-0.052484,0.001351,-0.000643,0.606589,0.596274,0.062379,83460.992188,0.991235,0.000000,0.000000,0.000000,0.000000,0.000000,0.000000,0.000000,0.000000,0.000000,-61.895344,6181.616211
6.287714,1.000000,-7429.832031,-8.755676,2579.619094,1880.027466,6169.179199,305.555511,304.504028,325.480144,-16.647139,0.723066,3.586411,-62.993195,-20.616815,-20.442774,1872.201782,-0.052539,0.001327,-0.000643,0.607641,0.597435,0.060640,83460.992188,0.991015,0.000000,0.000000,0.000000,0.000000,0.000000,0.000000,0.000000,0.000000,0.000000,-61.872478,6169.513672
6.344015,1.000000,-7420.588867,-8.729412,2576.073354,1876.459229,6157.751953,305.587189,304.531677,325.466827,-16.643782,0.720847,3.583773,-62.970657,-20.610832,-20.436367,1868.837524,-0.052685,0.001306,-0.000643,0.608608,0.598569,0.059118,83460.992188,0.990835,0.000000,0.000000,0.000000,0.000000,0.000000,0.000000,0.000000,0.000000,0.000000,-61.849846,6158.086426
6.398218,1.000000,-7411.694336,-8.704041,2572.660953,1873.024902,6146.759277,305.617432,304.558746,325.453628,-16.640615,0.718675,3.581219,-62.949070,-20.605125,-20.430258,1865.600220,-0.052836,0.001294,-0.000643,0.609556,0.599651,0.058033,83460.992188,0.990574,0.000000,0.000000,0.000000,0.000000,0.000000,0.000000,0.000000,0.000000,0.000000,-61.828171,6146.779785
6.455565,1.000000,-7401.977051,-8.676209,2569.051922,1869.392822,6134.753418,305.648987,304.586548,325.438708,-16.637325,0.716349,3.578489,-62.925518,-20.598928,-20.423645,1862.063354,-0.052901,0.001269,-0.000643,0.610529,0.600774,0.056896,83460.992188,0.990453,0.000000,0.000000,0.000000,0.000000,0.000000,0.000000,0.000000,0.000000,0.000000,-61.805256,6134.773926
6.511697,1.000000,-7392.589844,-8.649215,2565.520641,1865.838745,6123.158691,305.679626,304.614349,325.423878,-16.634165,0.714041,3.575816,-62.902855,-20.592992,-20.417311,1858.646729,-0.052989,0.001247,-0.000643,0.611502,0.601860,0.056066,83460.992188,0.990139,0.000000,0.000000,0.000000,0.000000,0.000000,0.000000,0.000000,0.000000,0.000000,-61.782932,6123.179199
6.562441,1.000000,-7384.122559,-8.624776,2562.329414,1862.626709,6112.703613,305.707031,304.638519,325.410204,-16.631346,0.711926,3.573391,-62.882473,-20.587671,-20.411657,1855.564819,-0.053077,0.001230,-0.000643,0.612349,0.602828,0.055449,83460.992188,0.989969,0.000000,0.000000,0.000000,0.000000,0.000000,0.000000,0.000000,0.000000,0.000000,-61.762810,6112.724121
6.614429,1.000000,-7375.580078,-8.600034,2559.061020,1859.337402,6102.158691,305.734772,304.663086,325.395997,-16.628483,0.709735,3.570936,-62.862003,-20.582355,-20.405996,1852.455688,-0.053197,0.001214,-0.000643,0.613208,0.603813,0.055078,83460.992188,0.989762,0.000000,0.000000,0.000000,0.000000,0.000000,0.000000,0.000000,0.000000,0.000000,-61.742290,6101.883301
6.669901,1.000000,-7366.171387,-8.572684,2555.574788,1855.828491,6090.547852,305.764130,304.689575,325.379980,-16.625446,0.707372,3.568328,-62.839493,-20.576530,-20.399820,1849.031128,-0.053256,0.001193,-0.000642,0.614135,0.604847,0.054720,83460.992188,0.989555,0.000000,0.000000,0.000000,0.000000,0.000000,0.000000,0.000000,0.000000,0.000000,-61.720436,6090.272461
6.724967,1.000000,-7356.626953,-8.544835,2552.115285,1852.346680,6078.773438,305.792999,304.716675,325.363281,-16.622446,0.704996,3.565768,-62.816719,-20.570665,-20.393616,1845.557251,-0.053272,0.001167,-0.000642,0.615083,0.605861,0.054490,83460.992188,0.989280,0.000000,0.000000,0.000000,0.000000,0.000000,0.000000,0.000000,0.000000,0.000000,-61.698799,6078.498047
6.779396,1.000000,-7347.764160,-8.518880,2548.696987,1848.906250,6067.842773,305.821198,304.741821,325.347413,-16.619486,0.702622,3.563274,-62.795635,-20.565257,-20.387905,1842.331543,-0.053409,0.001153,-0.000641,0.615964,0.606852,0.054421,83460.992188,0.989000,0.000000,0.000000,0.000000,0.000000,0.000000,0.000000,0.000000,0.000000,0.000000,-61.677486,6067.567383
6.834441,1.000000,-7338.752930,-8.492400,2545.241197,1845.428101,6056.732910,305.849396,304.765228,325.330921,-16.616489,0.700200,3.560786,-62.774265,-20.559799,-20.382162,1839.051636,-0.053540,0.001135,-0.000641,0.616783,0.607842,0.054409,83460.992188,0.988981,0.000000,0.000000,0.000000,0.000000,0.000000,0.000000,0.000000,0.000000,0.000000,-61.655983,6056.192383
6.890942,1.000000,-7329.225098,-8.464300,2541.695247,1841.859131,6044.988770,305.878052,304.790894,325.313095,-16.613424,0.697686,3.558261,-62.751698,-20.554058,-20.376129,1835.583862,-0.053600,0.001114,-0.000640,0.617682,0.608844,0.054430,83460.992188,0.988793,0.000000,0.000000,0.000000,0.000000,0.000000,0.000000,0.000000,0.000000,0.000000,-61.633953,6044.447754
6.941332,1.000000,-7320.838867,-8.439486,2538.533883,1838.677246,6034.655762,305.903320,304.812805,325.297078,-16.610687,0.695426,3.556035,-62.731865,-20.549032,-20.370882,1832.531494,-0.053688,0.001097,-0.000639,0.618448,0.609725,0.054485,83460.992188,0.988681,0.000000,0.000000,0.000000,0.000000,0.000000,0.000000,0.000000,0.000000,0.000000,-61.614334,6034.114746
6.995838,1.000000,-7311.757324,-8.412525,2535.115415,1835.247314,6023.467773,305.930328,304.836761,325.279312,-16.607718,0.692955,3.553679,-62.710438,-20.543628,-20.365238,1829.226074,-0.053774,0.001080,-0.000638,0.619287,0.610669,0.054656,83460.992188,0.988502,0.000000,0.000000,0.000000,0.000000,0.000000,0.000000,0.000000,0.000000,0.000000,-61.593170,6022.680664
7.048816,1.000000,-7302.797363,-8.385838,2531.793899,1831.927490,6012.433594,305.956360,304.860901,325.261456,-16.604818,0.690537,3.551432,-62.689327,-20.538323,-20.359722,1825.964966,-0.053838,0.001062,-0.000637,0.620131,0.611576,0.054870,83460.992188,0.988251,0.000000,0.000000,0.000000,0.000000,0.000000,0.000000,0.000000,0.000000,0.000000,-61.572639,6011.645996
7.101530,1.000000,-7293.873535,-8.359174,2528.490028,1828.657471,6001.446777,305.981934,304.883331,325.243392,-16.601921,0.688106,3.549230,-62.668346,-20.533068,-20.354284,1822.716919,-0.053902,0.001042,-0.000636,0.620917,0.612467,0.055084,83460.992188,0.988180,0.000000,0.000000,0.000000,0.000000,0.000000,0.000000,0.000000,0.000000,0.000000,-61.552238,6000.659180
7.156803,1.000000,-7284.604004,-8.331386,2525.026945,1825.283569,5990.037598,306.008575,304.906555,325.224291,-16.598875,0.685535,3.546952,-62.646561,-20.527630,-20.348688,1819.343018,-0.053986,0.001024,-0.000635,0.621729,0.613390,0.055289,83460.992188,0.988113,0.000000,0.000000,0.000000,0.000000,0.000000,0.000000,0.000000,0.000000,0.000000,-61.530857,5989.250000
7.209999,1.000000,-7275.967773,-8.305414,2521.695125,1822.037598,5979.410645,306.033813,304.928680,325.206109,-16.595934,0.683038,3.544801,-62.626293,-20.522594,-20.343519,1816.199707,-0.054118,0.001008,-0.000634,0.622504,0.614269,0.055539,83460.992188,0.987971,0.000000,0.000000,0.000000,0.000000,0.000000,0.000000,0.000000,0.000000,0.000000,-61.510323,5978.975586
7.265024,1.000000,-7266.562012,-8.277041,2518.249916,1818.681152,5967.840332,306.059662,304.951538,325.185969,-16.592876,0.680441,3.542615,-62.604237,-20.517134,-20.337942,1812.776367,-0.054161,0.000988,-0.000633,0.623303,0.615167,0.055726,83460.992188,0.987940,0.000000,0.000000,0.000000,0.000000,0.000000,0.000000,0.000000,0.000000,0.000000,-61.489090,5967.404785
7.319811,1.000000,-7257.553223,-8.249781,2514.820787,1815.340332,5956.761230,306.085083,304.973969,325.166364,-16.589821,0.677836,3.540469,-62.583126,-20.511925,-20.332653,1809.497437,-0.054277,0.000973,-0.000632,0.624089,0.616051,0.055950,83460.992188,0.987810,0.000000,0.000000,0.000000,0.000000,0.000000,0.000000,0.000000,0.000000,0.000000,-61.467972,5956.326172
7.370750,1.000000,-7249.212402,-8.224468,2511.633561,1812.235107,5946.506348,306.108521,304.994141,325.147944,-16.586969,0.675396,3.538497,-62.563576,-20.507116,-20.327805,1806.461548,-0.054391,0.000959,-0.000630,0.624795,0.616861,0.056098,83460.992188,0.987742,0.000000,0.000000,0.000000,0.000000,0.000000,0.000000,0.000000,0.000000,0.000000,-61.448330,5946.071289
7.427780,1.000000,-7239.537598,-8.195020,2508.066428,1808.760010,5934.614746,306.134399,305.018005,325.126173,-16.583773,0.672644,3.536330,-62.540916,-20.501565,-20.322227,1802.940186,-0.054454,0.000937,-0.000629,0.625630,0.617759,0.056256,83460.992188,0.987562,0.000000,0.000000,0.000000,0.000000,0.000000,0.000000,0.000000,0.000000,0.000000,-61.426369,5935.210938
7.480428,1.000000,-7230.794434,-8.168328,2504.774506,1805.552734,5923.871094,306.157959,305.039001,325.106182,-16.580811,0.670087,3.534363,-62.520458,-20.496572,-20.317238,1799.757935,-0.054557,0.000922,-0.000627,0.626365,0.618581,0.056465,83460.992188,0.987435,0.000000,0.000000,0.000000,0.000000,0.000000,0.000000,0.000000,0.000000,0.000000,-61.406120,5924.467285
7.535191,1.000000,-7221.697266,-8.140480,2501.351490,1802.218262,5912.695801,306.182129,305.059998,325.085004,-16.577721,0.667411,3.532342,-62.499180,-20.491399,-20.312098,1796.446899,-0.054661,0.000919,-0.000628,0.627100,0.619424,0.056643,83460.992188,0.987394,0.000000,0.000000,0.000000,0.000000,0.000000,0.000000,0.000000,0.000000,0.000000,-61.385056,5913.291992
7.588545,1.000000,-7212.477051,-8.112175,2498.017671,1798.970093,5901.372070,306.205444,305.081512,325.063233,-16.574694,0.664778,3.530403,-62.477600,-20.486170,-20.306932,1793.091064,-0.054704,0.000899,-0.000630,0.627852,0.620234,0.056772,83460.992188,0.987314,0.000000,0.000000,0.000000,0.000000,0.000000,0.000000,0.000000,0.000000,0.000000,-61.364517,5901.968262
7.645583,1.000000,-7203.207520,-8.083642,2494.454890,1795.499268,5889.991699,306.230042,305.102234,325.041077,-16.571459,0.661946,3.528344,-62.455891,-20.480923,-20.301802,1789.717163,-0.054854,0.000884,-0.000632,0.628578,0.621090,0.056841,83460.992188,0.987260,0.000000,0.000000,0.000000,0.000000,0.000000,0.000000,0.000000,0.000000,0.000000,-61.342560,5891.735840
7.697207,1.000000,-7194.524414,-8.056842,2491.231378,1792.309326,5879.333496,306.252075,305.121613,325.019988,-16.568525,0.659368,3.526508,-62.435574,-20.476031,-20.297033,1786.556763,-0.054937,0.000863,-0.000633,0.629257,0.621857,0.056897,83460.992188,0.987207,0.000000,0.000000,0.000000,0.000000,0.000000,0.000000,0.000000,0.000000,0.000000,-61.322701,5881.077637
7.749837,1.000000,-7185.824707,-8.029923,2487.946122,1789.025391,5868.657715,306.274261,305.140381,324.998514,-16.565533,0.656732,3.524652,-62.415207,-20.471147,-20.292305,1783.390381,-0.055045,0.000846,-0.000633,0.629914,0.622629,0.056890,83460.992188,0.987187,0.000000,0.000000,0.000000,0.000000,0.000000,0.000000,0.000000,0.000000,0.000000,-61.302448,5870.401855
7.806076,1.000000,-7176.454102,-8.000854,2484.436785,1785.517822,5857.162109,306.297699,305.160400,324.975200,-16.562338,0.653901,3.522679,-62.393261,-20.465892,-20.287268,1779.979736,-0.055154,0.000828,-0.000633,0.630614,0.623441,0.056794,83460.992188,0.987159,0.000000,0.000000,0.000000,0.000000,0.000000,0.000000,0.000000,0.000000,0.000000,-61.280800,5859.463379
7.863877,1.000000,-7166.937012,-7.971251,2480.831267,1781.914185,5845.490234,306.321350,305.181183,324.951116,-16.559063,0.650976,3.520665,-62.370979,-20.460580,-20.282202,1776.515747,-0.055276,0.000813,-0.000633,0.631341,0.624263,0.056650,83460.992188,0.987005,0.000000,0.000000,0.000000,0.000000,0.000000,0.000000,0.000000,0.000000,0.000000,-61.258568,5847.791504
7.914832,1.000000,-7158.038086,-7.943501,2477.653867,1778.738281,5834.578613,306.341980,305.200684,324.928307,-16.556190,0.648380,3.518894,-62.350159,-20.455632,-20.277508,1773.276855,-0.055313,0.000791,-0.000632,0.632024,0.624980,0.056531,83460.992188,0.986873,0.000000,0.000000,0.000000,0.000000,0.000000,0.000000,0.000000,0.000000,0.000000,-61.238987,5836.879883
7.966797,1.000000,-7149.609863,-7.917155,2474.414531,1775.500610,5824.247559,306.362640,305.218597,324.906447,-16.553259,0.645727,3.517113,-62.330460,-20.450966,-20.273108,1770.209229,-0.055443,0.000777,-0.000632,0.632651,0.625704,0.056388,83460.992188,0.986781,0.000000,0.000000,0.000000,0.000000,0.000000,0.000000,0.000000,0.000000,0.000000,-61.219040,5826.548828
8.017872,1.000000,-7141.211426,-7.890843,2471.231706,1772.319336,5813.955566,306.382690,305.234589,324.884379,-16.550388,0.643111,3.515361,-62.310822,-20.446330,-20.268772,1767.152466,-0.055552,0.000761,-0.000630,0.633210,0.626403,0.056138,83460.992188,0.986806,0.000000,0.000000,0.000000,0.000000,0.000000,0.000000,0.000000,0.000000,0.000000,-61.199413,5816.288086
8.073187,1.000000,-7131.703613,-7.860984,2467.785803,1768.875244,5802.306641,306.404175,305.254456,324.859197,-16.547297,0.640257,3.513466,-62.288597,-20.441094,-20.263906,1763.691895,-0.055618,0.000739,-0.000629,0.633906,0.627150,0.055865,83460.992188,0.986662,0.000000,0.000000,0.000000,0.000000,0.000000,0.000000,0.000000,0.000000,0.000000,-61.178185,5804.639160
8.129955,1.000000,-7122.368652,-7.831594,2464.250640,1765.341797,5790.873047,306.425995,305.273102,324.834104,-16.544144,0.637324,3.511519,-62.266785,-20.435976,-20.259186,1760.294189,-0.055734,0.000720,-0.000627,0.634558,0.627904,0.055509,83460.992188,0.986555,0.000000,0.000000,0.000000,0.000000,0.000000,0.000000,0.000000,0.000000,0.000000,-61.156403,5793.205566
8.182029,1.000000,-7113.590332,-7.803894,2461.008876,1762.101318,5780.124023,306.445648,305.290558,324.810257,-16.541264,0.634615,3.509753,-62.246319,-20.431190,-20.254786,1757.099243,-0.055820,0.000703,-0.000626,0.635169,0.628591,0.055249,83460.992188,0.986452,0.000000,0.000000,0.000000,0.000000,0.000000,0.000000,0.000000,0.000000,0.000000,-61.136471,5782.456543
8.237188,1.000000,-7104.564453,-7.775348,2457.576214,1758.670410,5769.074707,306.466125,305.307861,324.785401,-16.538235,0.631741,3.507871,-62.225281,-20.426289,-20.250313,1753.814087,-0.055944,0.000689,-0.000624,0.635775,0.629309,0.054905,83460.992188,0.986374,0.000000,0.000000,0.000000,0.000000,0.000000,0.000000,0.000000,0.000000,0.000000,-61.115360,5771.303223
8.291674,1.000000,-7095.590332,-7.746903,2454.186595,1755.282227,5758.091309,306.485962,305.324982,324.760457,-16.535259,0.628889,3.506023,-62.204384,-20.421435,-20.245914,1750.547729,-0.056062,0.000671,-0.000621,0.636374,0.630008,0.054541,83460.992188,0.986284,0.000000,0.000000,0.000000,0.000000,0.000000,0.000000,0.000000,0.000000,0.000000,-61.094536,5760.320313
8.349125,1.000000,-7085.930176,-7.716212,2450.613771,1751.711182,5746.271484,306.506683,305.343018,324.733317,-16.532141,0.625873,3.504076,-62.181900,-20.416228,-20.241222,1747.031738,-0.056151,0.000651,-0.000619,0.637006,0.630733,0.054078,83460.992188,0.986199,0.000000,0.000000,0.000000,0.000000,0.000000,0.000000,0.000000,0.000000,0.000000,-61.072594,5748.500000
8.406635,1.000000,-7076.193848,-7.685206,2447.038559,1748.137695,5734.361816,306.527100,305.361115,324.705555,-16.529051,0.622849,3.502124,-62.159275,-20.411013,-20.236553,1743.488037,-0.056235,0.000632,-0.000617,0.637639,0.631448,0.053599,83460.992188,0.986053,0.000000,0.000000,0.000000,0.000000,0.000000,0.000000,0.000000,0.000000,0.000000,-61.050667,5736.590820
8.463831,1.000000,-7066.676758,-7.654830,2443.484139,1744.584839,5722.723633,306.547089,305.379242,324.678148,-16.526003,0.619823,3.500186,-62.137192,-20.405940,-20.232040,1740.024048,-0.056341,0.000614,-0.000614,0.638273,0.632148,0.053133,83460.992188,0.985879,0.000000,0.000000,0.000000,0.000000,0.000000,0.000000,0.000000,0.000000,0.000000,-61.028900,5725.085938
8.516219,1.000000,-7058.014160,-7.627124,2440.229621,1741.331909,5712.133789,306.565094,305.394379,324.652877,-16.523235,0.617045,3.498412,-62.117123,-20.401349,-20.227983,1736.871094,-0.056441,0.000597,-0.000612,0.638803,0.632780,0.052642,83460.992188,0.985793,0.000000,0.000000,0.000000,0.000000,0.000000,0.000000,0.000000,0.000000,0.000000,-61.008987,5714.495605
8.571683,1.000000,-7048.525879,-7.596716,2436.785155,1737.888916,5700.537109,306.583862,305.411896,324.624907,-16.520334,0.614094,3.496540,-62.095200,-20.396355,-20.223587,1733.417603,-0.056522,0.000579,-0.000609,0.639417,0.633443,0.052204,83460.992188,0.985611,0.000000,0.000000,0.000000,0.000000,0.000000,0.000000,0.000000,0.000000,0.000000,-60.987976,5702.898926
8.626075,1.000000,-7039.649414,-7.568210,2433.408417,1734.513672,5689.690430,306.602081,305.427277,324.598450,-16.517511,0.611189,3.494704,-62.074715,-20.391705,-20.219509,1730.186890,-0.056631,0.000562,-0.000606,0.639955,0.634084,0.051710,83460.992188,0.985497,0.000000,0.000000,0.000000,0.000000,0.000000,0.000000,0.000000,0.000000,0.000000,-60.967396,5692.095215
8.682955,1.000000,-7030.251465,-7.537970,2429.878437,1730.985229,5678.209473,306.620728,305.442505,324.570213,-16.514589,0.608143,3.492778,-62.053074,-20.386809,-20.215246,1726.766357,-0.056737,0.000545,-0.000603,0.640487,0.634742,0.051162,83460.992188,0.985415,0.000000,0.000000,0.000000,0.000000,0.000000,0.000000,0.000000,0.000000,0.000000,-60.945915,5680.614258
8.734778,1.000000,-7021.602051,-7.510085,2426.663378,1727.771484,5667.645996,306.637482,305.457214,324.543993,-16.511953,0.605366,3.491020,-62.033180,-20.382322,-20.211367,1723.618164,-0.056823,0.000529,-0.000600,0.641003,0.635332,0.050621,83460.992188,0.985284,0.000000,0.000000,0.000000,0.000000,0.000000,0.000000,0.000000,0.000000,0.000000,-60.926376,5670.050781
8.788523,1.000000,-7012.513672,-7.480731,2423.330161,1724.439697,5656.548828,306.654602,305.473083,324.516141,-16.509251,0.602473,3.489200,-62.012329,-20.377639,-20.207335,1720.310303,-0.056905,0.000512,-0.000597,0.641558,0.635937,0.050096,83460.992188,0.985108,0.000000,0.000000,0.000000,0.000000,0.000000,0.000000,0.000000,0.000000,0.000000,-60.906174,5658.954102
8.839079,1.000000,-7004.120117,-7.453573,2420.195726,1721.306885,5646.303223,306.670441,305.487274,324.490159,-16.506739,0.599747,3.487487,-61.993130,-20.373345,-20.203657,1717.255249,-0.057000,0.000496,-0.000594,0.642055,0.636502,0.049615,83460.992188,0.984973,0.000000,0.000000,0.000000,0.000000,0.000000,0.000000,0.000000,0.000000,0.000000,-60.887222,5648.718750
8.895601,1.000000,-6994.830078,-7.423460,2416.692561,1717.805176,5634.965332,306.687805,305.502625,324.461121,-16.503962,0.596691,3.485567,-61.971916,-20.368620,-20.199621,1713.874023,-0.057102,0.000478,-0.000591,0.642592,0.637123,0.049028,83460.992188,0.984836,0.000000,0.000000,0.000000,0.000000,0.000000,0.000000,0.000000,0.000000,0.000000,-60.866074,5637.380859
8.947503,1.000000,-6985.977051,-7.394715,2413.476803,1714.590698,5624.164063,306.703613,305.517578,324.433180,-16.501442,0.593881,3.483806,-61.951744,-20.364144,-20.195827,1710.651733,-0.057176,0.000459,-0.000588,0.643115,0.637687,0.048502,83460.992188,0.984651,0.000000,0.000000,0.000000,0.000000,0.000000,0.000000,0.000000,0.000000,0.000000,-60.846710,5626.579590
9.001769,1.000000,-6977.045898,-7.365668,2410.115669,1711.231079,5613.269531,306.719818,305.531799,324.404736,-16.498831,0.590936,3.481966,-61.931446,-20.359658,-20.192036,1707.401123,-0.057274,0.000441,-0.000585,0.643613,0.638269,0.047940,83460.992188,0.984509,0.000000,0.000000,0.000000,0.000000,0.000000,0.000000,0.000000,0.000000,0.000000,-60.826511,5615.685059
9.056256,1.000000,-6967.934570,-7.335986,2406.741967,1707.858643,5602.158203,306.735840,305.545898,324.375490,-16.496237,0.587975,3.480123,-61.910797,-20.355111,-20.188213,1704.084839,-0.057360,0.000424,-0.000581,0.644107,0.638846,0.047361,83460.992188,0.984376,0.000000,0.000000,0.000000,0.000000,0.000000,0.000000,0.000000,0.000000,0.000000,-60.806293,5604.513184
9.109096,1.000000,-6958.936523,-7.306623,2403.471310,1704.589355,5591.187012,306.751129,305.560242,324.346275,-16.493757,0.585098,3.478331,-61.890461,-20.350656,-20.184475,1700.809814,-0.057423,0.000405,-0.000578,0.644608,0.639397,0.046806,83460.992188,0.984203,0.000000,0.000000,0.000000,0.000000,0.000000,0.000000,0.000000,0.000000,0.000000,-60.786739,5593.542480
9.160952,1.000000,-6950.273926,-7.278312,2400.262579,1701.382080,5580.628418,306.765930,305.573669,324.318008,-16.491352,0.582266,3.476574,-61.870941,-20.346391,-20.180931,1697.656860,-0.057514,0.000388,-0.000575,0.645078,0.639933,0.046269,83460.992188,0.984045,0.000000,0.000000,0.000000,0.000000,0.000000,0.000000,0.000000,0.000000,0.000000,-60.767612,5582.983398
9.212760,1.000000,-6941.786621,-7.250531,2397.057825,1698.178589,5570.285156,306.780457,305.586884,324.289949,-16.488972,0.579439,3.474833,-61.851871,-20.342250,-20.177488,1694.567749,-0.057606,0.000376,-0.000571,0.645541,0.640461,0.045736,83460.992188,0.983869,0.000000,0.000000,0.000000,0.000000,0.000000,0.000000,0.000000,0.000000,0.000000,-60.748566,5572.640137
9.266604,1.000000,-6932.993652,-7.221707,2393.728191,1694.850342,5559.571289,306.795349,305.600281,324.260703,-16.486526,0.576496,3.473018,-61.832172,-20.337985,-20.173958,1691.367310,-0.057700,0.000362,-0.000568,0.646009,0.641001,0.045174,83460.992188,0.983676,0.000000,0.000000,0.000000,0.000000,0.000000,0.000000,0.000000,0.000000,0.000000,-60.728828,5562.048828
9.319440,1.000000,-6923.956543,-7.192040,2390.461938,1691.585205,5548.563477,306.809662,305.613220,324.230390,-16.484159,0.573599,3.471239,-61.811993,-20.333637,-20.170376,1688.078125,-0.057762,0.000340,-0.000564,0.646463,0.641524,0.044610,83460.992188,0.983539,0.000000,0.000000,0.000000,0.000000,0.000000,0.000000,0.000000,0.000000,0.000000,-60.709530,5551.040527
9.375648,1.000000,-6914.794922,-7.161922,2386.988372,1688.113037,5537.406250,306.824677,305.626495,324.199454,-16.481676,0.570513,3.469341,-61.791592,-20.329256,-20.166788,1684.743530,-0.057866,0.000326,-0.000561,0.646927,0.642072,0.044016,83460.992188,0.983363,0.000000,0.000000,0.000000,0.000000,0.000000,0.000000,0.000000,0.000000,0.000000,-60.689056,5539.883789
9.433119,1.000000,-6905.326172,-7.130745,2383.437963,1684.564209,5525.877441,306.839844,305.639893,324.167242,-16.479179,0.567357,3.467402,-61.770588,-20.324765,-20.163120,1681.297241,-0.057957,0.000309,-0.000557,0.647397,0.642624,0.043399,83460.992188,0.983172,0.000000,0.000000,0.000000,0.000000,0.000000,0.000000,0.000000,0.000000,0.000000,-60.668213,5528.354980
9.487883,1.000000,-6895.994141,-7.099973,2380.055917,1681.183350,5514.518066,306.853943,305.653748,324.135179,-16.476822,0.564348,3.465564,-61.749950,-20.320375,-20.159552,1677.900635,-0.058022,0.000289,-0.000553,0.647881,0.643142,0.042821,83460.992188,0.982946,0.000000,0.000000,0.000000,0.000000,0.000000,0.000000,0.000000,0.000000,0.000000,-60.648418,5516.907715
9.542887,1.000000,-6886.971191,-7.070179,2376.660157,1677.788940,5503.537598,306.867920,305.665771,324.103946,-16.474493,0.561314,3.463717,-61.730080,-20.316168,-20.156145,1674.616577,-0.058114,0.000274,-0.000549,0.648302,0.643656,0.042257,83460.992188,0.982788,0.000000,0.000000,0.000000,0.000000,0.000000,0.000000,0.000000,0.000000,0.000000,-60.628616,5505.927246
9.598548,1.000000,-6877.565430,-7.039076,2373.224963,1674.354980,5492.093262,306.881836,305.679077,324.071142,-16.472162,0.558251,3.461853,-61.709431,-20.311816,-20.152630,1671.193115,-0.058181,0.000254,-0.000545,0.648768,0.644168,0.041671,83460.992188,0.982577,0.000000,0.000000,0.000000,0.000000,0.000000,0.000000,0.000000,0.000000,0.000000,-60.608646,5494.482910
9.652983,1.000000,-6868.676270,-7.009643,2369.866525,1670.997803,5481.280762,306.895203,305.691010,324.039939,-16.469913,0.555249,3.460038,-61.689995,-20.307736,-20.149357,1667.957764,-0.058277,0.000241,-0.000541,0.649185,0.644662,0.041121,83460.992188,0.982390,0.000000,0.000000,0.000000,0.000000,0.000000,0.000000,0.000000,0.000000,0.000000,-60.589203,5483.691895
9.707333,1.000000,-6859.577637,-6.979475,2366.514403,1667.646973,5470.215332,306.908356,305.702850,324.007727,-16.467699,0.552247,3.458231,-61.670174,-20.303598,-20.146038,1664.646118,-0.058346,0.000224,-0.000538,0.649599,0.645149,0.040565,83460.992188,0.982215,0.000000,0.000000,0.000000,0.000000,0.000000,0.000000,0.000000,0.000000,0.000000,-60.569866,5472.626465
9.761743,1.000000,-6850.575195,-6.949591,2363.159650,1664.293457,5459.269531,306.921265,305.715179,323.975605,-16.465511,0.549240,3.456429,-61.650642,-20.299541,-20.142799,1661.369507,-0.058425,0.000210,-0.000534,0.650031,0.645628,0.040021,83460.992188,0.982002,0.000000,0.000000,0.000000,0.000000,0.000000,0.000000,0.000000,0.000000,0.000000,-60.550587,5461.680664
9.816109,1.000000,-6841.562988,-6.919635,2359.808684,1660.943604,5448.313965,306.933990,305.725952,323.943185,-16.463352,0.546233,3.454638,-61.631161,-20.295514,-20.139591,1658.089355,-0.058493,0.000189,-0.000530,0.650409,0.646098,0.039455,83460.992188,0.981828,0.000000,0.000000,0.000000,0.000000,0.000000,0.000000,0.000000,0.000000,0.000000,-60.531399,5450.725098
9.866128,1.000000,-6833.303711,-6.892152,2356.726584,1657.862793,5438.275879,306.945465,305.737274,323.913347,-16.461399,0.543465,3.452990,-61.613380,-20.291853,-20.136692,1655.083252,-0.058569,0.000176,-0.000526,0.650804,0.646525,0.038972,83460.992188,0.981611,0.000000,0.000000,0.000000,0.000000,0.000000,0.000000,0.000000,0.000000,0.000000,-60.513828,5440.745117
9.917675,1.000000,-6824.679688,-6.863424,2353.551268,1654.688599,5427.796875,306.957153,305.747406,323.881936,-16.459415,0.540608,3.451298,-61.594891,-20.288067,-20.133692,1651.944336,-0.058629,0.000159,-0.000523,0.651159,0.646960,0.038468,83460.992188,0.981450,0.000000,0.000000,0.000000,0.000000,0.000000,0.000000,0.000000,0.000000,0.000000,-60.495789,5430.266113
9.970065,1.000000,-6815.955078,-6.834329,2350.324990,1651.463379,5417.197754,306.968719,305.758514,323.849932,-16.457420,0.537706,3.449591,-61.576260,-20.284272,-20.130697,1648.768799,-0.058695,0.000144,-0.000519,0.651548,0.647395,0.037971,83460.992188,0.981232,0.000000,0.000000,0.000000,0.000000,0.000000,0.000000,0.000000,0.000000,0.000000,-60.477539,5419.666504
10.020258,1.000000,-6807.563477,-6.806316,2347.234919,1648.374390,5407.004883,306.979706,305.768433,323.818937,-16.455534,0.534926,3.447965,-61.558418,-20.280656,-20.127844,1645.714478,-0.058751,0.000129,-0.000515,0.651895,0.647806,0.037516,83460.992188,0.981057,0.000000,0.000000,0.000000,0.000000,0.000000,0.000000,0.000000,0.000000,0.000000,-60.460129,5409.473633
10.077515,1.000000,-6798.034180,-6.774473,2343.711044,1644.851685,5395.433105,306.992096,305.780090,323.783522,-16.453409,0.531752,3.446123,-61.538242,-20.276587,-20.124655,1642.246094,-0.058829,0.000112,-0.000511,0.652303,0.648270,0.037025,83460.992188,0.980840,0.000000,0.000000,0.000000,0.000000,0.000000,0.000000,0.000000,0.000000,0.000000,-60.440357,5397.905273
10.133999,1.000000,-6788.661621,-6.743116,2340.235870,1641.377808,5384.053223,307.003998,305.791595,323.748404,-16.451334,0.528622,3.444324,-61.518482,-20.272626,-20.121542,1638.834839,-0.058892,0.000096,-0.000507,0.652706,0.648720,0.036542,83460.992188,0.980602,0.000000,0.000000,0.000000,0.000000,0.000000,0.000000,0.000000,0.000000,0.000000,-60.420944,5386.525391
10.189579,1.000000,-6779.981445,-6.714050,2336.817403,1637.960449,5373.516602,307.015472,305.801636,323.715688,-16.449318,0.525538,3.442572,-61.500275,-20.268996,-20.118710,1635.675537,-0.058996,0.000086,-0.000502,0.653058,0.649157,0.036101,83460.992188,0.980408,0.000000,0.000000,0.000000,0.000000,0.000000,0.000000,0.000000,0.000000,0.000000,-60.401943,5375.989258
10.242645,1.000000,-6770.506348,-6.682289,2333.554561,1634.698730,5362.017578,307.026184,305.811920,323.679798,-16.447418,0.522597,3.440909,-61.480488,-20.265069,-20.115648,1632.226807,-0.059023,0.000062,-0.000498,0.653417,0.649567,0.035661,83460.992188,0.980224,0.000000,0.000000,0.000000,0.000000,0.000000,0.000000,0.000000,0.000000,0.000000,-60.383884,5364.489746
10.298490,1.000000,-6761.315918,-6.651450,2330.121901,1631.267090,5350.865723,307.037292,305.822449,323.644710,-16.445446,0.519500,3.439166,-61.461376,-20.261300,-20.112711,1628.881836,-0.059088,0.000047,-0.000494,0.653785,0.649993,0.035221,83460.992188,0.980009,0.000000,0.000000,0.000000,0.000000,0.000000,0.000000,0.000000,0.000000,0.000000,-60.364960,5353.336426
10.351241,1.000000,-6752.539551,-6.621975,2326.880407,1628.026855,5340.219238,307.047577,305.832458,323.611015,-16.443592,0.516578,3.437547,-61.443207,-20.257734,-20.109949,1625.687500,-0.059152,0.000034,-0.000490,0.654137,0.650389,0.034815,83460.992188,0.979823,0.000000,0.000000,0.000000,0.000000,0.000000,0.000000,0.000000,0.000000,0.000000,-60.347168,5342.689941
10.407556,1.000000,-6743.002930,-6.589918,2323.420964,1624.568481,5328.652344,307.058380,305.842255,323.574117,-16.441648,0.513459,3.435826,-61.423553,-20.253903,-20.106985,1622.216431,-0.059206,0.000014,-0.000486,0.654479,0.650805,0.034376,83460.992188,0.979616,0.000000,0.000000,0.000000,0.000000,0.000000,0.000000,0.000000,0.000000,0.000000,-60.328266,5331.123047
10.461843,1.000000,-6733.820313,-6.559024,2320.087126,1621.235840,5317.517090,307.068634,305.852509,323.538406,-16.439791,0.510454,3.434180,-61.404713,-20.250248,-20.104158,1618.874146,-0.059254,-0.000003,-0.000482,0.654838,0.651200,0.033974,83460.992188,0.979431,0.000000,0.000000,0.000000,0.000000,0.000000,0.000000,0.000000,0.000000,0.000000,-60.310127,5320.071777
10.518103,1.000000,-6724.732422,-6.528424,2316.633181,1617.782959,5306.499023,307.078979,305.862885,323.502813,-16.437899,0.507331,3.432493,-61.386162,-20.246674,-20.101410,1615.566528,-0.059332,-0.000016,-0.000478,0.655201,0.651605,0.033566,83460.992188,0.979213,0.000000,0.000000,0.000000,0.000000,0.000000,0.000000,0.000000,0.000000,0.000000,-60.291435,5309.054199
10.569027,1.000000,-6716.379395,-6.500276,2313.507752,1614.658447,5296.373535,307.088226,305.871674,323.469978,-16.436203,0.504508,3.430974,-61.369179,-20.243415,-20.098907,1612.526245,-0.059392,-0.000029,-0.000474,0.655509,0.651966,0.033191,83460.992188,0.979044,0.000000,0.000000,0.000000,0.000000,0.000000,0.000000,0.000000,0.000000,0.000000,-60.274578,5298.928711
10.622218,1.000000,-6707.712402,-6.471048,2310.244121,1611.395752,5285.869141,307.097595,305.880890,323.435661,-16.434450,0.501560,3.429404,-61.351620,-20.240066,-20.096333,1609.371704,-0.059448,-0.000043,-0.000470,0.655832,0.652337,0.032806,83460.992188,0.978843,0.000000,0.000000,0.000000,0.000000,0.000000,0.000000,0.000000,0.000000,0.000000,-60.257050,5288.423828
10.674767,1.000000,-6698.528809,-6.440058,2307.020813,1608.173462,5274.740723,307.106781,305.889832,323.399060,-16.432747,0.498647,3.427858,-61.333103,-20.236557,-20.093649,1606.029175,-0.059479,-0.000067,-0.000466,0.656144,0.652699,0.032433,83460.992188,0.978672,0.000000,0.000000,0.000000,0.000000,0.000000,0.000000,0.000000,0.000000,0.000000,-60.239811,5277.347656
10.729960,1.000000,-6689.416504,-6.409287,2303.636314,1604.789917,5263.701172,307.116211,305.900208,323.362666,-16.430971,0.495589,3.426256,-61.314823,-20.233107,-20.091021,1602.712524,-0.059545,-0.000081,-0.000461,0.656507,0.653077,0.032083,83460.992188,0.978452,0.000000,0.000000,0.000000,0.000000,0.000000,0.000000,0.000000,0.000000,0.000000,-60.221806,5266.308105
10.782077,1.000000,-6680.865723,-6.380394,2300.441364,1601.596069,5253.343750,307.124939,305.908661,323.328200,-16.429308,0.492704,3.424768,-61.297745,-20.229910,-20.088585,1599.600342,-0.059605,-0.000092,-0.000457,0.656803,0.653430,0.031764,83460.992188,0.978274,0.000000,0.000000,0.000000,0.000000,0.000000,0.000000,0.000000,0.000000,0.000000,-60.204872,5255.950684
10.837250,1.000000,-6671.992676,-6.350393,2297.060052,1598.215698,5242.597656,307.134033,305.917023,323.292251,-16.427567,0.489646,3.423210,-61.280094,-20.226623,-20.086082,1596.370728,-0.059669,-0.000105,-0.000453,0.657095,0.653798,0.031421,83460.992188,0.978103,0.000000,0.000000,0.000000,0.000000,0.000000,0.000000,0.000000,0.000000,0.000000,-60.187031,5245.204590
10.890348,1.000000,-6663.188477,-6.320607,2293.806858,1594.963501,5231.936523,307.142700,305.925629,323.256451,-16.425911,0.486708,3.421715,-61.262646,-20.223388,-20.083630,1593.166260,-0.059718,-0.000123,-0.000448,0.657397,0.654145,0.031064,83460.992188,0.977913,0.000000,0.000000,0.000000,0.000000,0.000000,0.000000,0.000000,0.000000,0.000000,-60.169930,5234.443359
10.942406,1.000000,-6654.214844,-6.290232,2290.618280,1591.775635,5221.072754,307.150879,305.934418,323.219820,-16.424301,0.483830,3.420270,-61.244942,-20.220123,-20.081169,1589.900146,-0.059759,-0.000143,-0.000444,0.657705,0.654479,0.030724,83460.992188,0.977734,0.000000,0.000000,0.000000,0.000000,0.000000,0.000000,0.000000,0.000000,0.000000,-60.153240,5223.579590
10.993211,1.000000,-6645.690430,-6.261362,2287.507296,1588.665771,5210.754395,307.158783,305.942749,323.184820,-16.422754,0.481026,3.418869,-61.228207,-20.217057,-20.078857,1586.797607,-0.059808,-0.000154,-0.000440,0.657996,0.654805,0.030429,83460.992188,0.977561,0.000000,0.000000,0.000000,0.000000,0.000000,0.000000,0.000000,0.000000,0.000000,-60.137039,5213.261230
11.047636,1.000000,-6636.689453,-6.230862,2284.175578,1585.334961,5199.860840,307.167053,305.951691,323.147685,-16.421112,0.478020,3.417383,-61.210602,-20.213850,-20.076445,1583.521484,-0.059863,-0.000170,-0.000436,0.658309,0.655148,0.030107,83460.992188,0.977362,0.000000,0.000000,0.000000,0.000000,0.000000,0.000000,0.000000,0.000000,0.000000,-60.119743,5202.367676
11.104373,1.000000,-6627.252441,-6.198868,2280.703344,1581.863647,5188.441406,307.175537,305.959839,323.108474,-16.419416,0.474889,3.415859,-61.192234,-20.210529,-20.073942,1580.086670,-0.059909,-0.000186,-0.000431,0.658594,0.655503,0.029780,83460.992188,0.977176,0.000000,0.000000,0.000000,0.000000,0.000000,0.000000,0.000000,0.000000,0.000000,-60.101810,5191.023438
11.155488,1.000000,-6618.707520,-6.169886,2277.576059,1578.737305,5178.103516,307.183044,305.967926,323.072881,-16.417910,0.472070,3.414490,-61.175674,-20.207548,-20.071714,1576.976563,-0.059959,-0.000200,-0.000427,0.658877,0.655816,0.029487,83460.992188,0.977013,0.000000,0.000000,0.000000,0.000000,0.000000,0.000000,0.000000,0.000000,0.000000,-60.085728,5180.685547
11.210449,1.000000,-6609.572266,-6.138887,2274.214406,1575.376465,5167.052734,307.190948,305.975708,323.034589,-16.416298,0.469046,3.413046,-61.158047,-20.204397,-20.069353,1573.651611,-0.060003,-0.000218,-0.000423,0.659150,0.656147,0.029161,83460.992188,0.976843,0.000000,0.000000,0.000000,0.000000,0.000000,0.000000,0.000000,0.000000,0.000000,-60.068516,5169.634766
11.261489,1.000000,-6601.099609,-6.110128,2271.093440,1572.256348,5156.806152,307.197998,305.983582,322.998877,-16.414820,0.466239,3.411722,-61.141773,-20.201508,-20.067200,1570.567871,-0.060051,-0.000231,-0.000419,0.659426,0.656451,0.028887,83460.992188,0.976644,0.000000,0.000000,0.000000,0.000000,0.000000,0.000000,0.000000,0.000000,0.000000,-60.052605,5159.387695
11.313286,1.000000,-6592.917480,-6.082345,2267.927032,1569.090698,5146.911621,307.205109,305.990906,322.964263,-16.413338,0.463388,3.410385,-61.126114,-20.198742,-20.065142,1567.589722,-0.060115,-0.000240,-0.000414,0.659682,0.656756,0.028610,83460.992188,0.976486,0.000000,0.000000,0.000000,0.000000,0.000000,0.000000,0.000000,0.000000,0.000000,-60.036518,5149.483398
11.364950,1.000000,-6584.234863,-6.052851,2264.769601,1565.934082,5136.413574,307.212158,305.998260,322.927425,-16.411879,0.460551,3.409060,-61.109566,-20.195833,-20.062977,1564.429565,-0.060151,-0.000256,-0.000410,0.659939,0.657055,0.028321,83460.992188,0.976320,0.000000,0.000000,0.000000,0.000000,0.000000,0.000000,0.000000,0.000000,0.000000,-60.020554,5138.985352
11.420887,1.000000,-6574.630859,-6.020220,2261.351972,1562.517334,5124.803711,307.219574,306.006287,322.886434,-16.410315,0.457478,3.407648,-61.091354,-20.192657,-20.060627,1560.933960,-0.060192,-0.000277,-0.000405,0.660220,0.657373,0.028028,83460.992188,0.976132,0.000000,0.000000,0.000000,0.000000,0.000000,0.000000,0.000000,0.000000,0.000000,-60.003349,5127.375977
11.476022,1.000000,-6566.020996,-5.990957,2257.984308,1559.150635,5114.396973,307.226746,306.012787,322.849506,-16.408779,0.454456,3.406279,-61.075085,-20.189836,-20.058537,1557.800293,-0.060253,-0.000288,-0.000401,0.660448,0.657682,0.027735,83460.992188,0.975975,0.000000,0.000000,0.000000,0.000000,0.000000,0.000000,0.000000,0.000000,0.000000,-59.986462,5116.968750
11.530449,1.000000,-6556.880859,-5.959885,2254.660819,1555.828125,5103.351563,307.233643,306.019958,322.810117,-16.407282,0.451475,3.404945,-61.057899,-20.186877,-20.056355,1554.473511,-0.060294,-0.000302,-0.000396,0.660699,0.657981,0.027448,83460.992188,0.975807,0.000000,0.000000,0.000000,0.000000,0.000000,0.000000,0.000000,0.000000,0.000000,-59.969872,5105.934570
11.587494,1.000000,-6547.352051,-5.927482,2251.178457,1552.346924,5091.837891,307.240723,306.027679,322.768888,-16.405725,0.448356,3.403563,-61.040047,-20.183821,-20.054106,1551.005249,-0.060337,-0.000321,-0.000392,0.660968,0.658288,0.027151,83460.992188,0.975620,0.000000,0.000000,0.000000,0.000000,0.000000,0.000000,0.000000,0.000000,0.000000,-59.952560,5094.420898
11.640666,1.000000,-6538.487793,-5.897332,2247.933430,1549.102783,5081.128906,307.247192,306.034515,322.730359,-16.404303,0.445454,3.402286,-61.023525,-20.181013,-20.052040,1547.778931,-0.060376,-0.000334,-0.000387,0.661208,0.658571,0.026889,83460.992188,0.975453,0.000000,0.000000,0.000000,0.000000,0.000000,0.000000,0.000000,0.000000,0.000000,-59.936504,5083.711914
11.694489,1.000000,-6529.545410,-5.866912,2244.649560,1545.820190,5070.327148,307.253632,306.041534,322.691266,-16.402861,0.442519,3.401024,-61.006927,-20.178214,-20.049986,1544.524170,-0.060416,-0.000349,-0.000383,0.661454,0.658853,0.026630,83460.992188,0.975285,0.000000,0.000000,0.000000,0.000000,0.000000,0.000000,0.000000,0.000000,0.000000,-59.920326,5072.864258
11.749408,1.000000,-6520.399414,-5.835797,2241.299737,1542.471313,5059.281738,307.260010,306.048676,322.651194,-16.401411,0.439528,3.399740,-60.990028,-20.175379,-20.047920,1541.195313,-0.060463,-0.000365,-0.000378,0.661704,0.659134,0.026365,83460.992188,0.975110,0.000000,0.000000,0.000000,0.000000,0.000000,0.000000,0.000000,0.000000,0.000000,-59.903893,5061.818359
11.803862,1.000000,-6511.294434,-5.804816,2237.979186,1539.151855,5048.286621,307.266174,306.055145,322.611152,-16.399982,0.436567,3.398489,-60.973274,-20.172585,-20.045879,1537.881348,-0.060500,-0.000379,-0.000374,0.661930,0.659410,0.026104,83460.992188,0.974951,0.000000,0.000000,0.000000,0.000000,0.000000,0.000000,0.000000,0.000000,0.000000,-59.887672,5050.823730
11.855560,1.000000,-6502.776367,-5.775830,2234.827526,1536.001221,5038.001953,307.271820,306.061615,322.573572,-16.398647,0.433755,3.397306,-60.957668,-20.169998,-20.043995,1534.781128,-0.060540,-0.000392,-0.000369,0.662156,0.659668,0.025869,83460.992188,0.974780,0.000000,0.000000,0.000000,0.000000,0.000000,0.000000,0.000000,0.000000,0.000000,-59.872341,5040.539063
11.909871,1.000000,-6493.932617,-5.745735,2231.517442,1532.691895,5027.326172,307.277679,306.067688,322.534450,-16.397247,0.430812,3.396085,-60.941528,-20.167337,-20.042072,1531.562256,-0.060592,-0.000404,-0.000365,0.662369,0.659934,0.025609,83460.992188,0.974640,0.000000,0.000000,0.000000,0.000000,0.000000,0.000000,0.000000,0.000000,0.000000,-59.856304,5030.039063
11.967813,1.000000,-6484.328125,-5.713047,2227.987039,1529.162598,5015.732910,307.283752,306.074158,322.491709,-16.395775,0.427674,3.394806,-60.924084,-20.164486,-20.040003,1528.066528,-0.060631,-0.000419,-0.000360,0.662595,0.660215,0.025345,83460.992188,0.974464,0.000000,0.000000,0.000000,0.000000,0.000000,0.000000,0.000000,0.000000,0.000000,-59.839279,5018.446289
12.023627,1.000000,-6475.042480,-5.681445,2224.587249,1525.763672,5004.526855,307.289429,306.080658,322.450154,-16.394371,0.424657,3.393592,-60.907288,-20.161763,-20.038036,1524.686768,-0.060669,-0.000435,-0.000355,0.662823,0.660478,0.025085,83460.992188,0.974293,0.000000,0.000000,0.000000,0.000000,0.000000,0.000000,0.000000,0.000000,0.000000,-59.822952,5007.240234
12.078700,1.000000,-6465.931641,-5.650439,2221.233507,1522.410889,4993.532715,307.294739,306.086853,322.409311,-16.393002,0.421684,3.392401,-60.890877,-20.159116,-20.036127,1521.370728,-0.060707,-0.000449,-0.000351,0.663040,0.660734,0.024836,83460.992188,0.974140,0.000000,0.000000,0.000000,0.000000,0.000000,0.000000,0.000000,0.000000,0.000000,-59.806915,4996.246094
12.137575,1.000000,-6456.350098,-5.617833,2217.649233,1518.827637,4981.972656,307.300354,306.094116,322.366155,-16.391550,0.418509,3.391150,-60.873688,-20.156364,-20.034145,1517.883301,-0.060752,-0.000463,-0.000346,0.663294,0.661004,0.024593,83460.992188,0.973970,0.000000,0.000000,0.000000,0.000000,0.000000,0.000000,0.000000,0.000000,0.000000,-59.789845,4984.555664
12.189362,1.000000,-6447.703613,-5.588412,2214.497325,1515.676758,4971.542480,307.305237,306.099274,322.327121,-16.390284,0.415723,3.390066,-60.858242,-20.153905,-20.032391,1514.736206,-0.060790,-0.000479,-0.000341,0.663475,0.661237,0.024353,83460.992188,0.973838,0.000000,0.000000,0.000000,0.000000,0.000000,0.000000,0.000000,0.000000,0.000000,-59.774895,4974.125488
12.244205,1.000000,-6438.804199,-5.558135,2211.160284,1512.340698,4960.808594,307.310242,306.104858,322.286724,-16.388956,0.412776,3.388933,-60.842411,-20.151407,-20.030605,1511.497070,-0.060831,-0.000494,-0.000337,0.663670,0.661480,0.024098,83460.992188,0.973691,0.000000,0.000000,0.000000,0.000000,0.000000,0.000000,0.000000,0.000000,0.000000,-59.759129,4963.391602
12.296626,1.000000,-6429.983887,-5.528128,2207.971440,1509.152588,4950.170898,307.314850,306.111298,322.246593,-16.387705,0.409967,3.387855,-60.826775,-20.148952,-20.028851,1508.286743,-0.060859,-0.000508,-0.000332,0.663896,0.661708,0.023870,83460.992188,0.973540,0.000000,0.000000,0.000000,0.000000,0.000000,0.000000,0.000000,0.000000,0.000000,-59.744125,4952.797852
12.351060,1.000000,-6421.268555,-5.498484,2204.660993,1505.843018,4939.661621,307.319550,306.116455,322.206788,-16.386415,0.407057,3.386755,-60.811394,-20.146555,-20.027143,1505.114624,-0.060900,-0.000520,-0.000327,0.664076,0.661944,0.023633,83460.992188,0.973401,0.000000,0.000000,0.000000,0.000000,0.000000,0.000000,0.000000,0.000000,0.000000,-59.728611,4942.288574
12.407879,1.000000,-6411.657715,-5.465800,2201.206423,1502.389526,4928.074219,307.324402,306.122772,322.162712,-16.385082,0.404022,3.385625,-60.794495,-20.143940,-20.025293,1501.616577,-0.060933,-0.000538,-0.000323,0.664297,0.662184,0.023380,83460.992188,0.973239,0.000000,0.000000,0.000000,0.000000,0.000000,0.000000,0.000000,0.000000,0.000000,-59.712482,4930.701660
12.458623,1.000000,-6403.053223,-5.436543,2198.121997,1499.305908,4917.701172,307.328674,306.128265,322.123115,-16.383905,0.401317,3.384626,-60.779434,-20.141628,-20.023655,1498.484863,-0.060959,-0.000554,-0.000318,0.664490,0.662397,0.023180,83460.992188,0.973105,0.000000,0.000000,0.000000,0.000000,0.000000,0.000000,0.000000,0.000000,0.000000,-59.698147,4920.328613
12.518231,1.000000,-6393.547363,-5.404229,2194.499739,1495.684448,4906.243164,307.333496,306.132690,322.079277,-16.382532,0.398139,3.383473,-60.762856,-20.139096,-20.021868,1495.025024,-0.061004,-0.000570,-0.000313,0.664644,0.662643,0.022923,83460.992188,0.972967,0.000000,0.000000,0.000000,0.000000,0.000000,0.000000,0.000000,0.000000,0.000000,-59.681377,4908.878418
12.572330,1.000000,-6384.125977,-5.372211,2191.213127,1492.398682,4894.888672,307.337646,306.140717,322.035616,-16.381302,0.395270,3.382442,-60.746498,-20.136620,-20.020126,1491.595825,-0.061029,-0.000588,-0.000308,0.664926,0.662864,0.022724,83460.992188,0.972780,0.000000,0.000000,0.000000,0.000000,0.000000,0.000000,0.000000,0.000000,0.000000,-59.666229,4897.523438
12.628546,1.000000,-6375.154297,-5.341729,2187.798791,1488.985229,4884.077148,307.341827,306.145142,321.993824,-16.380032,0.392285,3.381395,-60.731003,-20.134299,-20.018484,1488.330444,-0.061064,-0.000598,-0.000304,0.665080,0.663092,0.022523,83460.992188,0.972657,0.000000,0.000000,0.000000,0.000000,0.000000,0.000000,0.000000,0.000000,0.000000,-59.650566,4886.712402
12.686311,1.000000,-6365.519043,-5.309004,2184.291316,1485.478516,4872.468262,307.345917,306.151703,321.948977,-16.378735,0.389229,3.380325,-60.714409,-20.131818,-20.016754,1484.823486,-0.061105,-0.000614,-0.000299,0.665310,0.663320,0.022316,83460.992188,0.972493,0.000000,0.000000,0.000000,0.000000,0.000000,0.000000,0.000000,0.000000,0.000000,-59.634525,4875.103027
12.737481,1.000000,-6356.993652,-5.280057,2181.185079,1482.373047,4862.196777,307.349487,306.156586,321.909083,-16.377596,0.386524,3.379397,-60.699783,-20.129652,-20.015238,1481.720459,-0.061130,-0.000630,-0.000294,0.665480,0.663519,0.022116,83460.992188,0.972368,0.000000,0.000000,0.000000,0.000000,0.000000,0.000000,0.000000,0.000000,0.000000,-59.620377,4864.779297
12.787653,1.000000,-6348.685059,-5.251855,2178.140143,1479.328857,4852.188477,307.352936,306.160736,321.870109,-16.376482,0.383876,3.378505,-60.685585,-20.127563,-20.013784,1478.696411,-0.061162,-0.000642,-0.000290,0.665625,0.663711,0.021929,83460.992188,0.972252,0.000000,0.000000,0.000000,0.000000,0.000000,0.000000,0.000000,0.000000,0.000000,-59.606556,4854.770508
12.842204,1.000000,-6339.714355,-5.221417,2174.830249,1476.019775,4841.383789,307.356628,306.165741,321.827961,-16.375288,0.381001,3.377538,-60.670303,-20.125325,-20.012232,1475.431396,-0.061197,-0.000656,-0.000285,0.665801,0.663918,0.021725,83460.992188,0.972124,0.000000,0.000000,0.000000,0.000000,0.000000,0.000000,0.000000,0.000000,0.000000,-59.591583,4843.965820
12.898251,1.000000,-6330.320801,-5.189557,2171.430456,1472.620605,4830.071777,307.360260,306.170898,321.783619,-16.374081,0.378053,3.376555,-60.654362,-20.123011,-20.010639,1472.012329,-0.061233,-0.000676,-0.000280,0.665982,0.664126,0.021511,83460.992188,0.971985,0.000000,0.000000,0.000000,0.000000,0.000000,0.000000,0.000000,0.000000,0.000000,-59.576263,4832.653809
12.951531,1.000000,-6321.576660,-5.159910,2168.199321,1469.390137,4819.541992,307.363647,306.175751,321.742183,-16.372940,0.375258,3.375642,-60.639587,-20.120886,-20.009165,1468.829834,-0.061259,-0.000688,-0.000275,0.666151,0.664321,0.021311,83460.992188,0.971854,0.000000,0.000000,0.000000,0.000000,0.000000,0.000000,0.000000,0.000000,0.000000,-59.561764,4822.172852
13.007829,1.000000,-6312.100098,-5.127798,2164.786017,1465.977905,4808.131836,307.366943,306.180420,321.697158,-16.371750,0.372306,3.374687,-60.623642,-20.118609,-20.007591,1465.380615,-0.061283,-0.000706,-0.000270,0.666314,0.664524,0.021114,83460.992188,0.971729,0.000000,0.000000,0.000000,0.000000,0.000000,0.000000,0.000000,0.000000,0.000000,-59.546513,4810.763184
13.057867,1.000000,-6303.729492,-5.099448,2161.752991,1462.945313,4798.055176,307.369873,306.185028,321.657353,-16.370701,0.369688,3.373846,-60.609612,-20.116616,-20.006229,1462.333984,-0.061315,-0.000722,-0.000266,0.666476,0.664701,0.020939,83460.992188,0.971606,0.000000,0.000000,0.000000,0.000000,0.000000,0.000000,0.000000,0.000000,0.000000,-59.533009,4800.686035
13.114648,1.000000,-6294.533691,-5.068317,2158.312084,1459.505127,4786.985840,307.373169,306.188599,321.613396,-16.369516,0.366729,3.372915,-60.594242,-20.114452,-20.004749,1458.986938,-0.061350,-0.000737,-0.000261,0.666601,0.664897,0.020729,83460.992188,0.971478,0.000000,0.000000,0.000000,0.000000,0.000000,0.000000,0.000000,0.000000,0.000000,-59.517735,4789.637207
13.167302,1.000000,-6285.699707,-5.038427,2155.122061,1456.315918,4776.352539,307.376007,306.193298,321.571100,-16.368429,0.363990,3.372057,-60.579536,-20.112395,-20.003340,1455.771606,-0.061372,-0.000752,-0.000256,0.666765,0.665075,0.020547,83460.992188,0.971362,0.000000,0.000000,0.000000,0.000000,0.000000,0.000000,0.000000,0.000000,0.000000,-59.503628,4779.004395
13.220542,1.000000,-6277.404297,-5.010376,2151.897316,1453.091675,4766.369629,307.378815,306.195038,321.531295,-16.367336,0.361226,3.371204,-60.565765,-20.110479,-20.002045,1452.752319,-0.061416,-0.000763,-0.000251,0.666826,0.665252,0.020350,83460.992188,0.971275,0.000000,0.000000,0.000000,0.000000,0.000000,0.000000,0.000000,0.000000,0.000000,-59.489410,4769.020996
13.270821,1.000000,-6268.887695,-4.981591,2148.852627,1450.047607,4756.121582,307.381256,306.201111,321.490363,-16.366316,0.358628,3.370404,-60.551674,-20.108529,-20.000729,1449.652588,-0.061441,-0.000778,-0.000247,0.667039,0.665413,0.020153,83460.992188,0.971131,0.000000,0.000000,0.000000,0.000000,0.000000,0.000000,0.000000,0.000000,0.000000,-59.476036,4758.772949
13.320882,1.000000,-6260.837402,-4.954396,2145.821823,1447.017456,4746.434570,307.383636,306.204559,321.451537,-16.365311,0.356044,3.369623,-60.538403,-20.106709,-19.999493,1446.722534,-0.061466,-0.000788,-0.000242,0.667160,0.665573,0.019966,83460.992188,0.971028,0.000000,0.000000,0.000000,0.000000,0.000000,0.000000,0.000000,0.000000,0.000000,-59.462765,4749.154297
13.371889,1.000000,-6252.173340,-4.925145,2142.734447,1443.930664,4736.010742,307.385956,306.208496,321.409686,-16.364296,0.353416,3.368828,-60.524155,-20.104764,-19.998186,1443.569092,-0.061489,-0.000805,-0.000238,0.667297,0.665732,0.019772,83460.992188,0.970907,0.000000,0.000000,0.000000,0.000000,0.000000,0.000000,0.000000,0.000000,0.000000,-59.449284,4738.730469
13.427069,1.000000,-6242.838867,-4.893650,2139.395277,1440.592163,4724.781738,307.388458,306.212677,321.364453,-16.363209,0.350577,3.367986,-60.508865,-20.102694,-19.996799,1440.171509,-0.061515,-0.000823,-0.000233,0.667443,0.665902,0.019572,83460.992188,0.970782,0.000000,0.000000,0.000000,0.000000,0.000000,0.000000,0.000000,0.000000,0.000000,-59.434761,4727.501465
13.481597,1.000000,-6233.934082,-4.863625,2136.096368,1437.293945,4714.070801,307.390839,306.216248,321.321208,-16.362141,0.347776,3.367170,-60.494343,-20.100744,-19.995501,1436.930542,-0.061548,-0.000834,-0.000228,0.667569,0.666068,0.019369,83460.992188,0.970673,0.000000,0.000000,0.000000,0.000000,0.000000,0.000000,0.000000,0.000000,0.000000,-59.420467,4716.790527
13.533608,1.000000,-6225.550781,-4.835374,2132.950478,1434.148682,4703.987793,307.392883,306.220245,321.280336,-16.361139,0.345116,3.366393,-60.480709,-20.098928,-19.994286,1433.879272,-0.061573,-0.000844,-0.000224,0.667708,0.666223,0.019180,83460.992188,0.970563,0.000000,0.000000,0.000000,0.000000,0.000000,0.000000,0.000000,0.000000,0.000000,-59.406883,4706.586426
13.586809,1.000000,-6216.768555,-4.805801,2129.733361,1430.932495,4693.426758,307.394989,306.223480,321.237446,-16.360128,0.342396,3.365603,-60.466473,-20.097044,-19.993038,1430.682739,-0.061601,-0.000859,-0.000219,0.667822,0.666378,0.018986,83460.992188,0.970437,0.000000,0.000000,0.000000,0.000000,0.000000,0.000000,0.000000,0.000000,0.000000,-59.393032,4696.025391
13.637072,1.000000,-6208.342285,-4.777448,2126.694600,1427.894287,4683.294434,307.396820,306.226654,321.196188,-16.359179,0.339833,3.364879,-60.452873,-20.095260,-19.991858,1427.615845,-0.061623,-0.000874,-0.000214,0.667933,0.666522,0.018805,83460.992188,0.970335,0.000000,0.000000,0.000000,0.000000,0.000000,0.000000,0.000000,0.000000,0.000000,-59.380009,4685.893066
13.691926,1.000000,-6199.344238,-4.747192,2123.379048,1424.579590,4672.475586,307.398712,306.229736,321.152083,-16.358152,0.337045,3.364089,-60.438400,-20.093372,-19.990614,1424.340820,-0.061652,-0.000889,-0.000210,0.668041,0.666675,0.018611,83460.992188,0.970224,0.000000,0.000000,0.000000,0.000000,0.000000,0.000000,0.000000,0.000000,0.000000,-59.365841,4675.074219
13.746168,1.000000,-6190.917480,-4.718878,2120.101283,1421.302490,4662.344727,307.400604,306.229889,321.110676,-16.357151,0.334295,3.363320,-60.424881,-20.091621,-19.989466,1421.273682,-0.061686,-0.000901,-0.000205,0.668046,0.666821,0.018400,83460.992188,0.970137,0.000000,0.000000,0.000000,0.000000,0.000000,0.000000,0.000000,0.000000,0.000000,-59.351875,4665.042480
13.797946,1.000000,-6181.791992,-4.688241,2116.973137,1418.175049,4651.374512,307.402222,306.233551,321.065711,-16.356199,0.331679,3.362599,-60.410290,-20.089745,-19.988235,1417.952271,-0.061695,-0.000922,-0.000200,0.668174,0.666954,0.018196,83460.992188,0.970029,0.000000,0.000000,0.000000,0.000000,0.000000,0.000000,0.000000,0.000000,0.000000,-59.338593,4654.072266
13.847973,1.000000,-6173.757324,-4.661286,2113.951438,1415.153931,4641.716797,307.403748,306.239807,321.025995,-16.355295,0.329154,3.361905,-60.397484,-20.088113,-19.987165,1415.027954,-0.061718,-0.000928,-0.000196,0.668393,0.667085,0.018029,83460.992188,0.969887,0.000000,0.000000,0.000000,0.000000,0.000000,0.000000,0.000000,0.000000,0.000000,-59.325806,4644.414551
13.900265,1.000000,-6165.191895,-4.632574,2110.793633,1411.996826,4631.421875,307.405090,306.243927,320.983669,-16.354357,0.326527,3.361188,-60.383881,-20.086387,-19.986048,1411.910400,-0.061747,-0.000941,-0.000192,0.668537,0.667221,0.017846,83460.992188,0.969789,0.000000,0.000000,0.000000,0.000000,0.000000,0.000000,0.000000,0.000000,0.000000,-59.312489,4634.119629
13.952425,1.000000,-6156.554199,-4.603643,2107.644509,1408.848389,4621.041504,307.406403,306.246918,320.940839,-16.353434,0.323909,3.360483,-60.370209,-20.084668,-19.984936,1408.766479,-0.061771,-0.000955,-0.000187,0.668642,0.667355,0.017669,83460.992188,0.969674,0.000000,0.000000,0.000000,0.000000,0.000000,0.000000,0.000000,0.000000,0.000000,-59.299252,4623.776855
14.003960,1.000000,-6147.920410,-4.574749,2104.533815,1405.738281,4610.666504,307.407593,306.250061,320.897950,-16.352524,0.321329,3.359803,-60.356586,-20.082968,-19.983839,1405.624023,-0.061792,-0.000970,-0.000182,0.668752,0.667486,0.017487,83460.992188,0.969585,0.000000,0.000000,0.000000,0.000000,0.000000,0.000000,0.000000,0.000000,0.000000,-59.286217,4613.401855
14.054731,1.000000,-6139.564453,-4.546809,2101.469906,1402.675049,4600.626465,307.408752,306.253662,320.856306,-16.351645,0.318796,3.359133,-60.343445,-20.081342,-19.982792,1402.582764,-0.061814,-0.000980,-0.000178,0.668879,0.667615,0.017326,83460.992188,0.969473,0.000000,0.000000,0.000000,0.000000,0.000000,0.000000,0.000000,0.000000,0.000000,-59.273422,4603.361816
14.111040,1.000000,-6130.393066,-4.516170,2098.072574,1399.278198,4589.606934,307.409973,306.256348,320.810510,-16.350674,0.315991,3.358409,-60.329071,-20.079578,-19.981651,1399.244629,-0.061833,-0.000994,-0.000173,0.668972,0.667754,0.017148,83460.992188,0.969370,0.000000,0.000000,0.000000,0.000000,0.000000,0.000000,0.000000,0.000000,0.000000,-59.259285,4592.342285
14.168188,1.000000,-6120.770508,-4.484059,2094.625458,1395.831787,4578.046875,307.410950,306.260559,320.762400,-16.349705,0.313154,3.357676,-60.314037,-20.077744,-19.980482,1395.742310,-0.061857,-0.001011,-0.000168,0.669119,0.667892,0.016966,83460.992188,0.969247,0.000000,0.000000,0.000000,0.000000,0.000000,0.000000,0.000000,0.000000,0.000000,-59.244987,4580.771484
14.223380,1.000000,-6111.680664,-4.453759,2091.297120,1392.504028,4567.128418,307.411865,306.263763,320.716841,-16.348778,0.310425,3.356978,-60.299904,-20.076039,-19.979403,1392.433838,-0.061885,-0.001023,-0.000164,0.669232,0.668024,0.016796,83460.992188,0.969134,0.000000,0.000000,0.000000,0.000000,0.000000,0.000000,0.000000,0.000000,0.000000,-59.231239,4569.853027
14.276424,1.000000,-6102.735840,-4.423968,2088.099046,1389.306641,4556.384277,307.412628,306.266968,320.671994,-16.347897,0.307808,3.356315,-60.286034,-20.074373,-19.978340,1389.178223,-0.061900,-0.001037,-0.000159,0.669344,0.668150,0.016631,83460.992188,0.969041,0.000000,0.000000,0.000000,0.000000,0.000000,0.000000,0.000000,0.000000,0.000000,-59.218075,4559.108887
14.326482,1.000000,-6094.884766,-4.397848,2085.081664,1386.289551,4546.955078,307.413361,306.268311,320.632516,-16.347069,0.305348,3.355707,-60.273907,-20.072931,-19.977430,1386.320679,-0.061925,-0.001047,-0.000155,0.669391,0.668265,0.016468,83460.992188,0.968960,0.000000,0.000000,0.000000,0.000000,0.000000,0.000000,0.000000,0.000000,0.000000,-59.205696,4549.679688
14.382091,1.000000,-6085.579590,-4.366919,2081.730424,1382.939087,4535.780762,307.414154,306.271942,320.585652,-16.346163,0.302620,3.355033,-60.259579,-20.071240,-19.976368,1382.933838,-0.061947,-0.001059,-0.000150,0.669518,0.668390,0.016296,83460.992188,0.968842,0.000000,0.000000,0.000000,0.000000,0.000000,0.000000,0.000000,0.000000,0.000000,-59.191994,4538.563477
14.434330,1.000000,-6077.030273,-4.338531,2078.582986,1379.792236,4525.514648,307.414764,306.274200,320.542466,-16.345322,0.300066,3.354411,-60.246452,-20.069704,-19.975401,1379.822144,-0.061965,-0.001071,-0.000146,0.669597,0.668507,0.016144,83460.992188,0.968753,0.000000,0.000000,0.000000,0.000000,0.000000,0.000000,0.000000,0.000000,0.000000,-59.179161,4528.297363
14.484672,1.000000,-6068.795410,-4.311214,2075.550498,1376.760254,4515.626953,307.415375,306.276611,320.500793,-16.344513,0.297613,3.353829,-60.233849,-20.068242,-19.974485,1376.824951,-0.061983,-0.001083,-0.000141,0.669681,0.668615,0.015991,83460.992188,0.968664,0.000000,0.000000,0.000000,0.000000,0.000000,0.000000,0.000000,0.000000,0.000000,-59.166840,4518.409668
14.541556,1.000000,-6059.376465,-4.280004,2072.124700,1373.334961,4504.318359,307.415985,306.278992,320.453098,-16.343613,0.294851,3.353166,-60.219475,-20.066583,-19.973455,1373.396729,-0.062007,-0.001097,-0.000137,0.669764,0.668736,0.015823,83460.992188,0.968564,0.000000,0.000000,0.000000,0.000000,0.000000,0.000000,0.000000,0.000000,0.000000,-59.152958,4507.101074
14.594854,1.000000,-6050.491211,-4.250593,2068.915601,1370.126221,4493.651367,307.416473,306.282166,320.407984,-16.342779,0.292267,3.352554,-60.205956,-20.065036,-19.972496,1370.162720,-0.062024,-0.001110,-0.000132,0.669875,0.668847,0.015663,83460.992188,0.968460,0.000000,0.000000,0.000000,0.000000,0.000000,0.000000,0.000000,0.000000,0.000000,-59.139992,4496.343262
14.650046,1.000000,-6041.633301,-4.221309,2065.593212,1366.804443,4483.019043,307.416718,306.285217,320.362870,-16.341919,0.289599,3.351948,-60.192532,-20.063519,-19.971561,1366.938721,-0.062049,-0.001121,-0.000128,0.669983,0.668959,0.015513,83460.992188,0.968354,0.000000,0.000000,0.000000,0.000000,0.000000,0.000000,0.000000,0.000000,0.000000,-59.126625,4485.710449
14.703786,1.000000,-6032.783203,-4.192085,2062.358955,1363.570557,4472.395996,307.416962,306.287598,320.317727,-16.341091,0.287008,3.351360,-60.179161,-20.062019,-19.970636,1363.717529,-0.062067,-0.001133,-0.000123,0.670066,0.669066,0.015369,83460.992188,0.968263,0.000000,0.000000,0.000000,0.000000,0.000000,0.000000,0.000000,0.000000,0.000000,-59.113655,4475.087891
14.754708,1.000000,-6024.506836,-4.164786,2059.294960,1360.507080,4462.462402,307.417023,306.289307,320.275520,-16.340313,0.284561,3.350811,-60.166695,-20.060627,-19.969782,1360.705200,-0.062085,-0.001146,-0.000119,0.670126,0.669164,0.015227,83460.992188,0.968165,0.000000,0.000000,0.000000,0.000000,0.000000,0.000000,0.000000,0.000000,0.000000,-59.101406,4465.109375
14.808938,1.000000,-6015.149414,-4.133960,2056.032623,1357.245361,4451.232910,307.417084,306.291443,320.227618,-16.339495,0.281966,3.350235,-60.152653,-20.059080,-19.968836,1357.299438,-0.062097,-0.001164,-0.000114,0.670200,0.669266,0.015081,83460.992188,0.968075,0.000000,0.000000,0.000000,0.000000,0.000000,0.000000,0.000000,0.000000,0.000000,-59.088402,4453.879883
14.867416,1.000000,-6005.892090,-4.103504,2052.515551,1353.728760,4440.124023,307.417175,306.293396,320.180190,-16.338621,0.279177,3.349624,-60.138798,-20.057562,-19.967915,1353.930054,-0.062124,-0.001173,-0.000109,0.670269,0.669374,0.014934,83460.992188,0.967982,0.000000,0.000000,0.000000,0.000000,0.000000,0.000000,0.000000,0.000000,0.000000,-59.074432,4442.770996
14.918901,1.000000,-5997.185059,-4.074894,2049.419754,1350.633301,4429.676270,307.417175,306.296753,320.135491,-16.337858,0.276735,3.349095,-60.125816,-20.056154,-19.967058,1350.760864,-0.062134,-0.001187,-0.000105,0.670386,0.669467,0.014796,83460.992188,0.967892,0.000000,0.000000,0.000000,0.000000,0.000000,0.000000,0.000000,0.000000,0.000000,-59.062176,4432.323242
14.972484,1.000000,-5988.436523,-4.046182,2046.198494,1347.412476,4419.179199,307.417084,306.298492,320.090526,-16.337065,0.274197,3.348558,-60.112801,-20.054751,-19.966206,1347.576660,-0.062147,-0.001199,-0.000101,0.670447,0.669562,0.014656,83460.992188,0.967803,0.000000,0.000000,0.000000,0.000000,0.000000,0.000000,0.000000,0.000000,0.000000,-59.049454,4421.886230
15.027192,1.000000,-5979.262207,-4.016115,2042.910325,1344.124756,4408.172852,307.416840,306.300690,320.043247,-16.336262,0.271618,3.348022,-60.099194,-20.053299,-19.965342,1344.237549,-0.062169,-0.001214,-0.000096,0.670524,0.669656,0.014512,83460.992188,0.967712,0.000000,0.000000,0.000000,0.000000,0.000000,0.000000,0.000000,0.000000,0.000000,-59.036507,4410.879883
15.077600,1.000000,-5971.087891,-3.989358,2039.881246,1341.095947,4398.366211,307.416595,306.302429,320.001099,-16.335531,0.269248,3.347531,-60.087105,-20.052017,-19.964575,1341.262329,-0.062186,-0.001222,-0.000092,0.670585,0.669741,0.014384,83460.992188,0.967629,0.000000,0.000000,0.000000,0.000000,0.000000,0.000000,0.000000,0.000000,0.000000,-59.024612,4401.073730
15.127933,1.000000,-5962.823730,-3.962341,2036.857289,1338.072510,4388.453125,307.416351,306.303864,319.958447,-16.334814,0.266889,3.347043,-60.074921,-20.050734,-19.963812,1338.254395,-0.062202,-0.001234,-0.000088,0.670636,0.669824,0.014253,83460.992188,0.967546,0.000000,0.000000,0.000000,0.000000,0.000000,0.000000,0.000000,0.000000,0.000000,-59.012775,4391.160156
15.179664,1.000000,-5954.402344,-3.934845,2033.749981,1334.965576,4378.351563,307.415985,306.305328,319.914905,-16.334080,0.264478,3.346550,-60.062534,-20.049441,-19.963049,1335.189209,-0.062221,-0.001243,-0.000083,0.670687,0.669907,0.014115,83460.992188,0.967464,0.000000,0.000000,0.000000,0.000000,0.000000,0.000000,0.000000,0.000000,0.000000,-59.000641,4381.045898
15.229875,1.000000,-5946.171387,-3.908006,2030.734590,1331.950439,4368.479492,307.415497,306.307587,319.872193,-16.333370,0.262139,3.346087,-60.050465,-20.048196,-19.962305,1332.193481,-0.062228,-0.001255,-0.000079,0.670766,0.669985,0.013991,83460.992188,0.967382,0.000000,0.000000,0.000000,0.000000,0.000000,0.000000,0.000000,0.000000,0.000000,-58.988907,4371.173340
15.280256,1.000000,-5937.889160,-3.881037,2027.709603,1328.925781,4358.546875,307.415131,306.308197,319.829245,-16.332668,0.259802,3.345628,-60.038357,-20.046953,-19.961582,1329.178955,-0.062248,-0.001267,-0.000075,0.670787,0.670059,0.013862,83460.992188,0.967312,0.000000,0.000000,0.000000,0.000000,0.000000,0.000000,0.000000,0.000000,0.000000,-58.977169,4361.240723
15.334529,1.000000,-5928.918457,-3.851864,2024.451609,1325.668213,4347.788574,307.414581,306.310883,319.782618,-16.331915,0.257293,3.345146,-60.025291,-20.045627,-19.960798,1325.913940,-0.062256,-0.001278,-0.000071,0.670881,0.670138,0.013727,83460.992188,0.967208,0.000000,0.000000,0.000000,0.000000,0.000000,0.000000,0.000000,0.000000,0.000000,-58.964573,4350.482422
15.389026,1.000000,-5920.116699,-3.823283,2021.180877,1322.397705,4337.233887,307.413788,306.312317,319.736822,-16.331169,0.254785,3.344667,-60.012508,-20.044340,-19.960049,1322.710327,-0.062273,-0.001289,-0.000066,0.670931,0.670215,0.013604,83460.992188,0.967131,0.000000,0.000000,0.000000,0.000000,0.000000,0.000000,0.000000,0.000000,0.000000,-58.951969,4339.956055
15.444455,1.000000,-5910.991699,-3.793699,2017.854934,1319.072144,4326.292969,307.412994,306.313538,319.689246,-16.330412,0.252239,3.344193,-59.999294,-20.043023,-19.959288,1319.389038,-0.062290,-0.001303,-0.000062,0.670974,0.670291,0.013474,83460.992188,0.967060,0.000000,0.000000,0.000000,0.000000,0.000000,0.000000,0.000000,0.000000,0.000000,-58.939182,4329.015137
15.495688,1.000000,-5902.643555,-3.766673,2014.781416,1315.998779,4316.283691,307.412262,306.314606,319.645734,-16.329723,0.249895,3.343754,-59.987236,-20.041826,-19.958601,1316.350586,-0.062307,-0.001316,-0.000057,0.671011,0.670359,0.013349,83460.992188,0.966984,0.000000,0.000000,0.000000,0.000000,0.000000,0.000000,0.000000,0.000000,0.000000,-58.927399,4319.005859
15.549522,1.000000,-5893.750488,-3.737927,2011.552529,1312.770264,4305.622070,307.411285,306.317169,319.599226,-16.329004,0.247436,3.343310,-59.974438,-20.040574,-19.957880,1313.113770,-0.062319,-0.001328,-0.000053,0.671101,0.670431,0.013230,83460.992188,0.966894,0.000000,0.000000,0.000000,0.000000,0.000000,0.000000,0.000000,0.000000,0.000000,-58.915062,4308.344238
15.607315,1.000000,-5884.349609,-3.707587,2008.086949,1309.304932,4294.351563,307.410370,306.318390,319.550019,-16.328239,0.244808,3.342840,-59.960934,-20.039261,-19.957121,1309.692139,-0.062329,-0.001341,-0.000048,0.671144,0.670506,0.013110,83460.992188,0.966816,0.000000,0.000000,0.000000,0.000000,0.000000,0.000000,0.000000,0.000000,0.000000,-58.901855,4297.151855
15.662490,1.000000,-5875.155762,-3.677966,2004.779090,1305.997314,4283.331055,307.409332,306.320770,319.501790,-16.327513,0.242307,3.342403,-59.947777,-20.037997,-19.956406,1306.345825,-0.062346,-0.001357,-0.000044,0.671227,0.670576,0.012998,83460.992188,0.966725,0.000000,0.000000,0.000000,0.000000,0.000000,0.000000,0.000000,0.000000,0.000000,-58.889290,4286.131348
15.719780,1.000000,-5865.809082,-3.647901,2001.345188,1302.563843,4272.126953,307.408173,306.321960,319.452672,-16.326769,0.239723,3.341957,-59.934437,-20.036728,-19.955679,1302.943970,-0.062353,-0.001366,-0.000039,0.671269,0.670648,0.012883,83460.992188,0.966651,0.000000,0.000000,0.000000,0.000000,0.000000,0.000000,0.000000,0.000000,0.000000,-58.876282,4274.927734
15.770663,1.000000,-5857.412109,-3.620937,1998.295961,1299.514893,4262.062988,307.407196,306.323395,319.408567,-16.326109,0.237436,3.341565,-59.922478,-20.035594,-19.955044,1299.887695,-0.062370,-0.001379,-0.000035,0.671318,0.670710,0.012783,83460.992188,0.966579,0.000000,0.000000,0.000000,0.000000,0.000000,0.000000,0.000000,0.000000,0.000000,-58.864761,4264.863281
15.822905,1.000000,-5848.736328,-3.593121,1995.165917,1296.385010,4251.665527,307.406128,306.324890,319.362919,-16.325453,0.235096,3.341163,-59.910160,-20.034439,-19.954403,1296.729980,-0.062389,-0.001392,-0.000030,0.671371,0.670774,0.012687,83460.992188,0.966499,0.000000,0.000000,0.000000,0.000000,0.000000,0.000000,0.000000,0.000000,0.000000,-58.852966,4254.368164
15.879506,1.000000,-5839.695801,-3.564182,1991.775425,1292.994629,4240.831055,307.404724,306.326569,319.315313,-16.324739,0.232577,3.340736,-59.897350,-20.033245,-19.953737,1293.439453,-0.062405,-0.001399,-0.000026,0.671430,0.670841,0.012572,83460.992188,0.966429,0.000000,0.000000,0.000000,0.000000,0.000000,0.000000,0.000000,0.000000,0.000000,-58.840218,4243.533691
15.937202,1.000000,-5830.157227,-3.533703,1988.320106,1289.539551,4229.400391,307.403259,306.328369,319.264979,-16.324015,0.230021,3.340317,-59.883873,-20.032002,-19.953053,1289.967773,-0.062420,-0.001413,-0.000021,0.671493,0.670906,0.012445,83460.992188,0.966356,0.000000,0.000000,0.000000,0.000000,0.000000,0.000000,0.000000,0.000000,0.000000,-58.827263,4232.103516
15.995865,1.000000,-5820.651855,-3.503386,1984.807665,1286.027344,4218.010742,307.401703,306.329010,319.214764,-16.323286,0.227430,3.339895,-59.870483,-20.030779,-19.952381,1286.508057,-0.062435,-0.001423,-0.000016,0.671515,0.670972,0.012316,83460.992188,0.966281,0.000000,0.000000,0.000000,0.000000,0.000000,0.000000,0.000000,0.000000,0.000000,-58.814137,4220.737305
16.048604,1.000000,-5811.785156,-3.475155,1981.650596,1282.870605,4207.386230,307.400299,306.330780,319.167781,-16.322634,0.225105,3.339530,-59.858025,-20.029656,-19.951761,1283.280884,-0.062441,-0.001436,-0.000011,0.671577,0.671029,0.012214,83460.992188,0.966202,0.000000,0.000000,0.000000,0.000000,0.000000,0.000000,0.000000,0.000000,0.000000,-58.802364,4210.113281
16.104532,1.000000,-5802.532227,-3.445750,1978.303324,1279.523438,4196.300781,307.398834,306.332336,319.118781,-16.321957,0.222648,3.339144,-59.845070,-20.028496,-19.951139,1279.913086,-0.062461,-0.001450,-0.000006,0.671631,0.671090,0.012105,83460.992188,0.966136,0.000000,0.000000,0.000000,0.000000,0.000000,0.000000,0.000000,0.000000,0.000000,-58.789928,4199.027832
16.154797,1.000000,-5794.368652,-3.419850,1975.295593,1276.515747,4186.520508,307.397247,306.333221,319.075447,-16.321358,0.220443,3.338800,-59.833668,-20.027487,-19.950592,1276.941772,-0.062471,-0.001459,-0.000002,0.671663,0.671142,0.012006,83460.992188,0.966064,0.000000,0.000000,0.000000,0.000000,0.000000,0.000000,0.000000,0.000000,0.000000,-58.778782,4189.247559
16.209310,1.000000,-5785.524414,-3.391841,1972.034326,1273.254639,4175.925293,307.395538,306.333801,319.028435,-16.320707,0.218065,3.338440,-59.821346,-20.026407,-19.950005,1273.722778,-0.062479,-0.001470,0.000002,0.671683,0.671197,0.011907,83460.992188,0.965999,0.000000,0.000000,0.000000,0.000000,0.000000,0.000000,0.000000,0.000000,0.000000,-58.766727,4178.734375
16.259519,1.000000,-5777.198730,-3.365523,1969.031145,1270.251587,4165.952148,307.393890,306.335175,318.984181,-16.320110,0.215881,3.338115,-59.809769,-20.025396,-19.949472,1270.692383,-0.062497,-0.001482,0.000006,0.671732,0.671245,0.011813,83460.992188,0.965941,0.000000,0.000000,0.000000,0.000000,0.000000,0.000000,0.000000,0.000000,0.000000,-58.755646,4168.761230
16.314447,1.000000,-5767.947754,-3.336333,1965.746361,1266.966919,4154.870605,307.392303,306.336609,318.934915,-16.319460,0.213500,3.337770,-59.796936,-20.024288,-19.948881,1267.325317,-0.062505,-0.001499,0.000010,0.671781,0.671297,0.011710,83460.992188,0.965862,0.000000,0.000000,0.000000,0.000000,0.000000,0.000000,0.000000,0.000000,0.000000,-58.743553,4157.679688
16.370566,1.000000,-5759.006348,-3.308173,1962.391059,1263.611816,4144.161133,307.390503,306.336884,318.887309,-16.318810,0.211076,3.337413,-59.784565,-20.023225,-19.948320,1264.070923,-0.062519,-0.001509,0.000015,0.671791,0.671349,0.011602,83460.992188,0.965806,0.000000,0.000000,0.000000,0.000000,0.000000,0.000000,0.000000,0.000000,0.000000,-58.731239,4146.970215
16.426056,1.000000,-5750.068359,-3.280078,1959.074068,1260.294922,4133.456055,307.388702,306.337494,318.839644,-16.318169,0.208689,3.337070,-59.772236,-20.022179,-19.947775,1260.817749,-0.062533,-0.001521,0.000019,0.671813,0.671397,0.011485,83460.992188,0.965749,0.000000,0.000000,0.000000,0.000000,0.000000,0.000000,0.000000,0.000000,0.000000,-58.719093,4136.250977
16.480247,1.000000,-5740.991211,-3.251600,1955.835397,1257.056396,4122.585449,307.386749,306.338074,318.791268,-16.317551,0.206367,3.336733,-59.759731,-20.021119,-19.947235,1257.513916,-0.062553,-0.001536,0.000023,0.671833,0.671442,0.011371,83460.992188,0.965686,0.000000,0.000000,0.000000,0.000000,0.000000,0.000000,0.000000,0.000000,0.000000,-58.707260,4125.380371
16.538661,1.000000,-5731.760742,-3.222698,1952.345084,1253.566040,4111.531250,307.384705,306.338867,318.741912,-16.316895,0.203876,3.336382,-59.747059,-20.020064,-19.946688,1254.154297,-0.062562,-0.001546,0.000028,0.671860,0.671488,0.011234,83460.992188,0.965613,0.000000,0.000000,0.000000,0.000000,0.000000,0.000000,0.000000,0.000000,0.000000,-58.694542,4114.326172
16.592128,1.000000,-5722.991699,-3.195294,1949.151033,1250.372070,4101.030273,307.382721,306.339752,318.694989,-16.316298,0.201606,3.336069,-59.735039,-20.019070,-19.946178,1250.962646,-0.062572,-0.001557,0.000032,0.671891,0.671527,0.011119,83460.992188,0.965534,0.000000,0.000000,0.000000,0.000000,0.000000,0.000000,0.000000,0.000000,0.000000,-58.682930,4103.877930
16.650368,1.000000,-5713.474121,-3.165612,1945.672577,1246.893677,4089.634277,307.380615,306.340057,318.643973,-16.315655,0.199141,3.335735,-59.722031,-20.018006,-19.945648,1247.498535,-0.062591,-0.001569,0.000037,0.671902,0.671569,0.010991,83460.992188,0.965464,0.000000,0.000000,0.000000,0.000000,0.000000,0.000000,0.000000,0.000000,0.000000,-58.670322,4092.481934
16.708196,1.000000,-5703.924316,-3.135892,1942.219476,1243.440552,4078.199707,307.378357,306.341095,318.592778,-16.315025,0.196711,3.335409,-59.709019,-20.016952,-19.945116,1244.022705,-0.062601,-0.001582,0.000042,0.671938,0.671608,0.010873,83460.992188,0.965397,0.000000,0.000000,0.000000,0.000000,0.000000,0.000000,0.000000,0.000000,0.000000,-58.657845,4081.047363
16.759990,1.000000,-5695.479980,-3.109666,1939.127318,1240.348389,4068.089111,307.376373,306.341248,318.547397,-16.314470,0.194542,3.335120,-59.697548,-20.016036,-19.944651,1240.949219,-0.062603,-0.001591,0.000046,0.671944,0.671641,0.010765,83460.992188,0.965338,0.000000,0.000000,0.000000,0.000000,0.000000,0.000000,0.000000,0.000000,0.000000,-58.646698,4070.936768
16.816913,1.000000,-5685.996582,-3.080275,1935.729638,1236.950684,4056.735840,307.374054,306.342407,318.496470,-16.313858,0.192176,3.334814,-59.684692,-20.015014,-19.944153,1237.497559,-0.062623,-0.001604,0.000051,0.671984,0.671676,0.010661,83460.992188,0.965259,0.000000,0.000000,0.000000,0.000000,0.000000,0.000000,0.000000,0.000000,0.000000,-58.634487,4059.388184
16.873568,1.000000,-5676.815430,-3.051879,1932.348666,1233.569702,4045.744385,307.371735,306.343262,318.447115,-16.313261,0.189826,3.334507,-59.672283,-20.014038,-19.943666,1234.155884,-0.062630,-0.001615,0.000055,0.672015,0.671710,0.010549,83460.992188,0.965200,0.000000,0.000000,0.000000,0.000000,0.000000,0.000000,0.000000,0.000000,0.000000,-58.622364,4048.396729
16.928138,1.000000,-5667.843262,-3.024191,1929.092788,1230.313843,4035.003906,307.369354,306.343353,318.398827,-16.312693,0.187571,3.334222,-59.660183,-20.013096,-19.943211,1230.890259,-0.062643,-0.001624,0.000059,0.672018,0.671741,0.010440,83460.992188,0.965152,0.000000,0.000000,0.000000,0.000000,0.000000,0.000000,0.000000,0.000000,0.000000,-58.610714,4037.656250
16.986106,1.000000,-5658.506836,-2.995440,1925.634892,1226.855957,4023.827637,307.366821,306.344299,318.348493,-16.312094,0.185186,3.333927,-59.647621,-20.012129,-19.942736,1227.492065,-0.062648,-0.001634,0.000064,0.672051,0.671771,0.010325,83460.992188,0.965075,0.000000,0.000000,0.000000,0.000000,0.000000,0.000000,0.000000,0.000000,0.000000,-58.598377,4026.479980
17.038555,1.000000,-5649.608398,-2.968099,1922.506847,1223.727783,4013.176758,307.364380,306.343445,318.300442,-16.311556,0.183031,3.333667,-59.635677,-20.011220,-19.942301,1224.253296,-0.062658,-0.001651,0.000068,0.672020,0.671799,0.010230,83460.992188,0.965014,0.000000,0.000000,0.000000,0.000000,0.000000,0.000000,0.000000,0.000000,0.000000,-58.587242,4015.886719
17.094029,1.000000,-5640.599121,-2.940477,1919.199049,1220.420044,4002.393311,307.361877,306.344482,318.251739,-16.310993,0.180767,3.333399,-59.623623,-20.010315,-19.941864,1220.974243,-0.062664,-0.001660,0.000072,0.672057,0.671824,0.010131,83460.992188,0.964947,0.000000,0.000000,0.000000,0.000000,0.000000,0.000000,0.000000,0.000000,0.000000,-58.575504,4005.103271
17.149563,1.000000,-5631.510742,-2.912676,1915.888343,1217.109131,3991.515869,307.359436,306.345215,318.202592,-16.310438,0.178508,3.333132,-59.611492,-20.009412,-19.941439,1217.666382,-0.062675,-0.001673,0.000077,0.672083,0.671850,0.010038,83460.992188,0.964886,0.000000,0.000000,0.000000,0.000000,0.000000,0.000000,0.000000,0.000000,0.000000,-58.563782,3994.226074
17.204052,1.000000,-5622.847168,-2.886230,1912.640591,1213.861328,3981.147217,307.356873,306.345154,318.155728,-16.309895,0.176300,3.332883,-59.599960,-20.008561,-19.941036,1214.513062,-0.062684,-0.001681,0.000081,0.672080,0.671874,0.009953,83460.992188,0.964829,0.000000,0.000000,0.000000,0.000000,0.000000,0.000000,0.000000,0.000000,0.000000,-58.552319,3983.802246
17.261702,1.000000,-5613.408203,-2.857484,1909.205135,1210.425781,3969.851563,307.354095,306.345123,318.104563,-16.309324,0.173974,3.332627,-59.587414,-20.007646,-19.940613,1211.077515,-0.062697,-0.001695,0.000086,0.672080,0.671898,0.009860,83460.992188,0.964775,0.000000,0.000000,0.000000,0.000000,0.000000,0.000000,0.000000,0.000000,0.000000,-58.540211,3972.506592
17.312931,1.000000,-5605.015625,-2.831982,1906.152921,1207.373535,3959.808105,307.351593,306.346405,318.059064,-16.308817,0.171916,3.332404,-59.576283,-20.006839,-19.940237,1208.022949,-0.062703,-0.001706,0.000090,0.672125,0.671917,0.009775,83460.992188,0.964729,0.000000,0.000000,0.000000,0.000000,0.000000,0.000000,0.000000,0.000000,0.000000,-58.529476,3962.463135
17.365061,1.000000,-5596.412598,-2.805898,1903.047606,1204.268066,3949.513916,307.348907,306.347137,318.012348,-16.308315,0.169834,3.332179,-59.564903,-20.006026,-19.939867,1204.891602,-0.062713,-0.001717,0.000094,0.672150,0.671938,0.009689,83460.992188,0.964668,0.000000,0.000000,0.000000,0.000000,0.000000,0.000000,0.000000,0.000000,0.000000,-58.518581,3952.168945
17.417543,1.000000,-5587.866211,-2.780042,1899.921915,1201.142212,3939.287109,307.346283,306.346985,317.965988,-16.307810,0.167741,3.331959,-59.553619,-20.005222,-19.939499,1201.781006,-0.062720,-0.001730,0.000098,0.672145,0.671959,0.009599,83460.992188,0.964625,0.000000,0.000000,0.000000,0.000000,0.000000,0.000000,0.000000,0.000000,0.000000,-58.507645,3942.052246
17.471693,1.000000,-5579.018066,-2.753334,1896.697505,1197.917725,3928.700439,307.343597,306.347595,317.917908,-16.307299,0.165595,3.331726,-59.541962,-20.004401,-19.939133,1198.560547,-0.062732,-0.001740,0.000102,0.672166,0.671979,0.009513,83460.992188,0.964562,0.000000,0.000000,0.000000,0.000000,0.000000,0.000000,0.000000,0.000000,0.000000,-58.496376,3931.465576
17.527077,1.000000,-5570.045410,-2.726311,1893.400267,1194.620361,3917.964600,307.340729,306.347626,317.869116,-16.306774,0.163413,3.331504,-59.530170,-20.003581,-19.938765,1195.294800,-0.062738,-0.001750,0.000107,0.672167,0.671999,0.009414,83460.992188,0.964518,0.000000,0.000000,0.000000,0.000000,0.000000,0.000000,0.000000,0.000000,0.000000,-58.484886,3920.729980
17.578685,1.000000,-5561.580566,-2.700876,1890.328419,1191.548218,3907.837402,307.337982,306.348053,317.823053,-16.306288,0.161384,3.331305,-59.519070,-20.002815,-19.938431,1192.213867,-0.062749,-0.001759,0.000111,0.672182,0.672016,0.009324,83460.992188,0.964465,0.000000,0.000000,0.000000,0.000000,0.000000,0.000000,0.000000,0.000000,0.000000,-58.474201,3910.602783
17.634652,1.000000,-5552.133789,-2.672558,1886.997755,1188.217529,3896.535400,307.335022,306.348724,317.771622,-16.305771,0.159192,3.331089,-59.506706,-20.001970,-19.938055,1188.775513,-0.062751,-0.001775,0.000115,0.672205,0.672034,0.009224,83460.992188,0.964416,0.000000,0.000000,0.000000,0.000000,0.000000,0.000000,0.000000,0.000000,0.000000,-58.462650,3899.351318
17.687558,1.000000,-5543.625488,-2.647116,1883.849867,1185.069336,3886.356934,307.332153,306.348633,317.725173,-16.305290,0.157133,3.330891,-59.495605,-20.001226,-19.937737,1185.678711,-0.062761,-0.001785,0.000119,0.672203,0.672052,0.009144,83460.992188,0.964362,0.000000,0.000000,0.000000,0.000000,0.000000,0.000000,0.000000,0.000000,0.000000,-58.451763,3889.173096
17.746031,1.000000,-5534.653320,-2.620350,1880.371439,1181.590698,3875.623779,307.329041,306.348816,317.676233,-16.304756,0.154868,3.330684,-59.483929,-20.000448,-19.937399,1182.413086,-0.062768,-0.001789,0.000124,0.672208,0.672069,0.009057,83460.992188,0.964308,0.000000,0.000000,0.000000,0.000000,0.000000,0.000000,0.000000,0.000000,0.000000,-58.439754,3878.439941
17.797260,1.000000,-5525.724609,-2.593781,1877.324543,1178.543701,3864.943359,307.326233,306.345428,317.627470,-16.304289,0.152898,3.330505,-59.472309,-19.999678,-19.937075,1179.163330,-0.062777,-0.001810,0.000128,0.672090,0.672081,0.008971,83460.992188,0.964268,0.000000,0.000000,0.000000,0.000000,0.000000,0.000000,0.000000,0.000000,0.000000,-58.429245,3867.759277
17.854518,1.000000,-5516.644043,-2.566827,1873.919717,1175.138428,3854.081543,307.323059,306.348572,317.577848,-16.303778,0.150708,3.330303,-59.460522,-19.998905,-19.936752,1175.858276,-0.062788,-0.001813,0.000133,0.672200,0.672094,0.008882,83460.992188,0.964209,0.000000,0.000000,0.000000,0.000000,0.000000,0.000000,0.000000,0.000000,0.000000,-58.417526,3856.809814
17.912605,1.000000,-5507.163574,-2.538758,1870.466306,1171.684814,3842.741455,307.319794,306.348175,317.526001,-16.303257,0.148500,3.330109,-59.448238,-19.998107,-19.936415,1172.407715,-0.062791,-0.001826,0.000137,0.672186,0.672105,0.008780,83460.992188,0.964164,0.000000,0.000000,0.000000,0.000000,0.000000,0.000000,0.000000,0.000000,0.000000,-58.405666,3845.469727
17.965526,1.000000,-5498.499512,-2.513172,1867.320644,1168.538940,3832.378906,307.316742,306.348572,317.478633,-16.302790,0.146495,3.329939,-59.437046,-19.997387,-19.936125,1169.254150,-0.062804,-0.001835,0.000141,0.672201,0.672114,0.008699,83460.992188,0.964108,0.000000,0.000000,0.000000,0.000000,0.000000,0.000000,0.000000,0.000000,0.000000,-58.394894,3835.107178
18.023260,1.000000,-5489.133301,-2.485584,1863.889567,1165.107422,3821.177002,307.313416,306.348267,317.427320,-16.302290,0.144319,3.329751,-59.424961,-19.996619,-19.935816,1165.845215,-0.062813,-0.001845,0.000146,0.672189,0.672123,0.008595,83460.992188,0.964059,0.000000,0.000000,0.000000,0.000000,0.000000,0.000000,0.000000,0.000000,0.000000,-58.383160,3823.853760
18.077813,1.000000,-5480.290527,-2.459603,1860.648178,1161.865967,3810.601074,307.310181,306.346985,317.378884,-16.301821,0.142273,3.329575,-59.413570,-19.995899,-19.935524,1162.626709,-0.062817,-0.001855,0.000150,0.672145,0.672131,0.008494,83460.992188,0.964021,0.000000,0.000000,0.000000,0.000000,0.000000,0.000000,0.000000,0.000000,0.000000,-58.372089,3813.277832
18.136615,1.000000,-5470.762695,-2.431687,1857.155028,1158.372437,3799.207031,307.306702,306.346954,317.326652,-16.301323,0.140079,3.329395,-59.401329,-19.995136,-19.935232,1159.158813,-0.062832,-0.001866,0.000154,0.672144,0.672134,0.008378,83460.992188,0.963957,0.000000,0.000000,0.000000,0.000000,0.000000,0.000000,0.000000,0.000000,0.000000,-58.360195,3801.883789
18.190602,1.000000,-5462.032227,-2.406173,1853.948549,1155.165771,3788.766113,307.303467,306.347473,317.278690,-16.300871,0.138080,3.329232,-59.390144,-19.994451,-19.934958,1155.981201,-0.062829,-0.001877,0.000158,0.672161,0.672136,0.008277,83460.992188,0.963916,0.000000,0.000000,0.000000,0.000000,0.000000,0.000000,0.000000,0.000000,0.000000,-58.349312,3791.442871
18.244882,1.000000,-5453.106445,-2.380157,1850.725277,1151.941895,3778.092773,307.300201,306.347412,317.229661,-16.300421,0.136073,3.329078,-59.378727,-19.993757,-19.934696,1152.732422,-0.062841,-0.001886,0.000163,0.672159,0.672140,0.008188,83460.992188,0.963866,0.000000,0.000000,0.000000,0.000000,0.000000,0.000000,0.000000,0.000000,0.000000,-58.338383,3780.866455
18.295363,1.000000,-5444.761230,-2.355895,1847.728149,1148.944580,3768.113770,307.297089,306.347168,317.183806,-16.300009,0.134216,3.328930,-59.368073,-19.993115,-19.934450,1149.695068,-0.062846,-0.001897,0.000166,0.672151,0.672141,0.008106,83460.992188,0.963810,0.000000,0.000000,0.000000,0.000000,0.000000,0.000000,0.000000,0.000000,0.000000,-58.328243,3770.887451
18.353567,1.000000,-5435.383789,-2.328704,1844.273154,1145.489258,3756.900635,307.293488,306.347137,317.132285,-16.299534,0.132086,3.328766,-59.356125,-19.992400,-19.934183,1146.281982,-0.062855,-0.001906,0.000171,0.672150,0.672142,0.008007,83460.992188,0.963770,0.000000,0.000000,0.000000,0.000000,0.000000,0.000000,0.000000,0.000000,0.000000,-58.316578,3759.674316
18.404421,1.000000,-5427.024902,-2.304531,1841.255029,1142.470703,3746.906006,307.290283,306.346619,317.086251,-16.299129,0.130237,3.328629,-59.345509,-19.991780,-19.933950,1143.239624,-0.062856,-0.001916,0.000175,0.672131,0.672141,0.007922,83460.992188,0.963719,0.000000,0.000000,0.000000,0.000000,0.000000,0.000000,0.000000,0.000000,0.000000,-58.306419,3749.679688
18.461403,1.000000,-5417.722168,-2.277701,1837.873849,1139.089233,3735.783447,307.286774,306.346161,317.035146,-16.298677,0.128176,3.328475,-59.333710,-19.991087,-19.933702,1139.853638,-0.062868,-0.001925,0.000179,0.672115,0.672139,0.007824,83460.992188,0.963674,0.000000,0.000000,0.000000,0.000000,0.000000,0.000000,0.000000,0.000000,0.000000,-58.295052,3738.454590
18.516676,1.000000,-5408.720215,-2.251809,1834.594716,1135.809570,3725.020752,307.283234,306.345764,316.985642,-16.298243,0.126188,3.328327,-59.322315,-19.990426,-19.933466,1136.577148,-0.062875,-0.001933,0.000183,0.672102,0.672137,0.007725,83460.992188,0.963627,0.000000,0.000000,0.000000,0.000000,0.000000,0.000000,0.000000,0.000000,0.000000,-58.284050,3727.691895
18.569196,1.000000,-5400.178711,-2.227309,1831.479493,1132.694092,3714.808838,307.279877,306.345245,316.938541,-16.297840,0.124306,3.328191,-59.311512,-19.989809,-19.933247,1133.468384,-0.062880,-0.001944,0.000187,0.672083,0.672132,0.007632,83460.992188,0.963576,0.000000,0.000000,0.000000,0.000000,0.000000,0.000000,0.000000,0.000000,0.000000,-58.273609,3717.479980
18.627307,1.000000,-5390.753906,-2.200351,1828.033299,1129.247437,3703.541260,307.276154,306.345001,316.886546,-16.297398,0.122238,3.328045,-59.299633,-19.989142,-19.933012,1130.037964,-0.062883,-0.001951,0.000191,0.672075,0.672125,0.007536,83460.992188,0.963532,0.000000,0.000000,0.000000,0.000000,0.000000,0.000000,0.000000,0.000000,0.000000,-58.262104,3706.206543
18.682621,1.000000,-5381.463867,-2.173855,1824.753615,1125.967285,3692.435059,307.272614,306.345001,316.835262,-16.296980,0.120275,3.327917,-59.287949,-19.988494,-19.932783,1126.656738,-0.062882,-0.001964,0.000195,0.672075,0.672120,0.007447,83460.992188,0.963472,0.000000,0.000000,0.000000,0.000000,0.000000,0.000000,0.000000,0.000000,0.000000,-58.251171,3695.100342
18.733762,1.000000,-5373.177734,-2.150290,1821.721915,1122.935181,3682.529541,307.269135,306.343750,316.789555,-16.296598,0.118463,3.327799,-59.277554,-19.987922,-19.932592,1123.640747,-0.062891,-0.001976,0.000199,0.672032,0.672114,0.007381,83460.992188,0.963435,0.000000,0.000000,0.000000,0.000000,0.000000,0.000000,0.000000,0.000000,0.000000,-58.241093,3685.195068
18.783803,1.000000,-5365.055664,-2.127251,1818.755940,1119.968872,3672.820068,307.265778,306.343262,316.744590,-16.296230,0.116707,3.327688,-59.267376,-19.987374,-19.932398,1120.684570,-0.062885,-0.001983,0.000202,0.672014,0.672107,0.007313,83460.992188,0.963384,0.000000,0.000000,0.000000,0.000000,0.000000,0.000000,0.000000,0.000000,0.000000,-58.231251,3675.485352
18.838810,1.000000,-5356.305664,-2.102502,1815.496216,1116.708618,3662.361084,307.262115,306.342560,316.696183,-16.295826,0.114783,3.327573,-59.256435,-19.986789,-19.932213,1117.499878,-0.062897,-0.001991,0.000206,0.671990,0.672097,0.007248,83460.992188,0.963340,0.000000,0.000000,0.000000,0.000000,0.000000,0.000000,0.000000,0.000000,0.000000,-58.220451,3665.065918
18.891785,1.000000,-5347.655762,-2.078104,1812.357487,1113.569458,3652.021240,307.258575,306.342590,316.648341,-16.295437,0.112943,3.327475,-59.245651,-19.986220,-19.932020,1114.351563,-0.062895,-0.001999,0.000210,0.671991,0.672086,0.007179,83460.992188,0.963304,0.000000,0.000000,0.000000,0.000000,0.000000,0.000000,0.000000,0.000000,0.000000,-58.210083,3654.726318
18.945659,1.000000,-5338.970215,-2.053676,1809.166078,1110.377686,3641.639404,307.255005,306.342346,316.600201,-16.295050,0.111079,3.327370,-59.234833,-19.985657,-19.931835,1111.190308,-0.062896,-0.002007,0.000214,0.671982,0.672075,0.007124,83460.992188,0.963257,0.000000,0.000000,0.000000,0.000000,0.000000,0.000000,0.000000,0.000000,0.000000,-58.199554,3644.344482
18.998042,1.000000,-5330.483887,-2.029877,1806.063555,1107.274658,3631.496094,307.251343,306.341278,316.553248,-16.294674,0.109280,3.327272,-59.224285,-19.985109,-19.931664,1108.101563,-0.062902,-0.002015,0.000218,0.671945,0.672065,0.007066,83460.992188,0.963228,0.000000,0.000000,0.000000,0.000000,0.000000,0.000000,0.000000,0.000000,0.000000,-58.189335,3634.201172
19.051821,1.000000,-5321.520508,-2.004813,1802.878927,1104.089355,3620.782959,307.247681,306.341370,316.503567,-16.294291,0.107438,3.327177,-59.213158,-19.984540,-19.931486,1104.839111,-0.062906,-0.002027,0.000222,0.671948,0.672053,0.007002,83460.992188,0.963187,0.000000,0.000000,0.000000,0.000000,0.000000,0.000000,0.000000,0.000000,0.000000,-58.178860,3623.449463
19.107408,1.000000,-5312.637695,-1.980050,1799.587848,1100.797852,3610.166748,307.243744,306.340637,316.454330,-16.293900,0.105549,3.327081,-59.202145,-19.983980,-19.931322,1101.606079,-0.062917,-0.002035,0.000226,0.671923,0.672042,0.006933,83460.992188,0.963145,0.000000,0.000000,0.000000,0.000000,0.000000,0.000000,0.000000,0.000000,0.000000,-58.168056,3612.833252
19.164346,1.000000,-5303.332031,-1.954187,1796.217427,1097.426758,3599.044678,307.239746,306.339996,316.402720,-16.293505,0.103622,3.326982,-59.190639,-19.983405,-19.931141,1098.218994,-0.062913,-0.002045,0.000230,0.671899,0.672028,0.006855,83460.992188,0.963109,0.000000,0.000000,0.000000,0.000000,0.000000,0.000000,0.000000,0.000000,0.000000,-58.157017,3601.711182
19.218504,1.000000,-5294.573242,-1.929922,1793.012169,1094.221069,3588.577637,307.235809,306.340302,316.354136,-16.293133,0.101803,3.326899,-59.179840,-19.982873,-19.930994,1095.031128,-0.062924,-0.002052,0.000234,0.671910,0.672015,0.006794,83460.992188,0.963065,0.000000,0.000000,0.000000,0.000000,0.000000,0.000000,0.000000,0.000000,0.000000,-58.146549,3591.244141
19.272202,1.000000,-5285.890625,-1.905936,1789.834714,1091.042969,3578.200684,307.232025,306.339142,316.305908,-16.292770,0.100006,3.326818,-59.169151,-19.982354,-19.930834,1091.870850,-0.062917,-0.002060,0.000237,0.671870,0.672002,0.006729,83460.992188,0.963031,0.000000,0.000000,0.000000,0.000000,0.000000,0.000000,0.000000,0.000000,0.000000,-58.136189,3580.889648
19.325462,1.000000,-5277.291016,-1.882254,1786.683751,1087.891479,3567.924316,307.228180,306.339172,316.258154,-16.292410,0.098238,3.326740,-59.158581,-19.981845,-19.930698,1088.740845,-0.062928,-0.002068,0.000241,0.671871,0.671987,0.006675,83460.992188,0.962997,0.000000,0.000000,0.000000,0.000000,0.000000,0.000000,0.000000,0.000000,0.000000,-58.125927,3570.613281
19.378398,1.000000,-5268.734375,-1.858757,1783.552512,1084.759766,3557.698730,307.224365,306.338593,316.210667,-16.292059,0.096493,3.326664,-59.148079,-19.981341,-19.930553,1085.626587,-0.062928,-0.002074,0.000245,0.671851,0.671973,0.006608,83460.992188,0.962964,0.000000,0.000000,0.000000,0.000000,0.000000,0.000000,0.000000,0.000000,0.000000,-58.115749,3560.387695
19.434682,1.000000,-5259.319824,-1.832989,1780.223848,1081.430420,3546.448486,307.220276,306.336945,316.158316,-16.291687,0.094643,3.326585,-59.136528,-19.980794,-19.930405,1082.199951,-0.062931,-0.002087,0.000249,0.671793,0.671957,0.006536,83460.992188,0.962932,0.000000,0.000000,0.000000,0.000000,0.000000,0.000000,0.000000,0.000000,0.000000,-58.104931,3549.137451
19.487563,1.000000,-5250.698242,-1.809467,1777.097011,1078.302979,3536.146240,307.216522,306.337280,316.110384,-16.291342,0.092919,3.326517,-59.125980,-19.980302,-19.930277,1079.061890,-0.062936,-0.002093,0.000252,0.671804,0.671942,0.006470,83460.992188,0.962881,0.000000,0.000000,0.000000,0.000000,0.000000,0.000000,0.000000,0.000000,0.000000,-58.094799,3538.847412
19.538228,1.000000,-5242.626953,-1.787513,1774.101729,1075.307129,3526.502197,307.212738,306.336121,316.065508,-16.291019,0.091271,3.326451,-59.116127,-19.979848,-19.930162,1076.124146,-0.062941,-0.002100,0.000256,0.671764,0.671927,0.006408,83460.992188,0.962850,0.000000,0.000000,0.000000,0.000000,0.000000,0.000000,0.000000,0.000000,0.000000,-58.085117,3529.203369
19.593734,1.000000,-5234.169434,-1.764576,1770.820832,1072.025635,3516.396484,307.208588,306.335815,316.018377,-16.290665,0.089483,3.326386,-59.105816,-19.979382,-19.930048,1073.045898,-0.062944,-0.002101,0.000259,0.671754,0.671909,0.006338,83460.992188,0.962814,0.000000,0.000000,0.000000,0.000000,0.000000,0.000000,0.000000,0.000000,0.000000,-58.074524,3519.097900
19.649688,1.000000,-5224.400391,-1.738171,1767.514070,1068.718262,3504.723877,307.204498,306.334808,315.963949,-16.290314,0.087689,3.326321,-59.093918,-19.978847,-19.929911,1069.490234,-0.062943,-0.002117,0.000263,0.671718,0.671889,0.006275,83460.992188,0.962772,0.000000,0.000000,0.000000,0.000000,0.000000,0.000000,0.000000,0.000000,0.000000,-58.063858,3507.348145
19.702157,1.000000,-5215.978516,-1.715484,1764.413824,1065.617310,3494.661377,307.200714,306.333405,315.916996,-16.289988,0.086021,3.326266,-59.083691,-19.978397,-19.929804,1066.424927,-0.062945,-0.002123,0.000267,0.671669,0.671872,0.006216,83460.992188,0.962737,0.000000,0.000000,0.000000,0.000000,0.000000,0.000000,0.000000,0.000000,0.000000,-58.053886,3497.285645
19.757301,1.000000,-5206.803223,-1.690848,1761.156105,1062.358887,3483.698975,307.196411,306.333282,315.865891,-16.289648,0.084276,3.326211,-59.072567,-19.977909,-19.929691,1063.085449,-0.062948,-0.002133,0.000270,0.671665,0.671851,0.006155,83460.992188,0.962709,0.000000,0.000000,0.000000,0.000000,0.000000,0.000000,0.000000,0.000000,0.000000,-58.043434,3486.323242
19.808384,1.000000,-5198.703613,-1.669171,1758.138828,1059.341064,3474.021973,307.192505,306.332733,315.820747,-16.289333,0.082671,3.326163,-59.062759,-19.977484,-19.929596,1060.137451,-0.062952,-0.002134,0.000274,0.671645,0.671832,0.006100,83460.992188,0.962664,0.000000,0.000000,0.000000,0.000000,0.000000,0.000000,0.000000,0.000000,0.000000,-58.033760,3476.646240
19.865084,1.000000,-5189.537109,-1.644718,1754.790374,1055.991943,3463.070557,307.188232,306.331848,315.769672,-16.288992,0.080903,3.326108,-59.051678,-19.977007,-19.929489,1056.801025,-0.062955,-0.002140,0.000277,0.671615,0.671810,0.006041,83460.992188,0.962630,0.000000,0.000000,0.000000,0.000000,0.000000,0.000000,0.000000,0.000000,0.000000,-58.023041,3465.667480
19.919654,1.000000,-5180.494629,-1.620680,1751.568306,1052.769165,3452.267822,307.184082,306.330627,315.719248,-16.288666,0.079210,3.326056,-59.040760,-19.976544,-19.929396,1053.509888,-0.062962,-0.002149,0.000281,0.671571,0.671787,0.005975,83460.992188,0.962598,0.000000,0.000000,0.000000,0.000000,0.000000,0.000000,0.000000,0.000000,0.000000,-58.012733,3454.864990
19.971309,1.000000,-5172.372070,-1.599158,1748.518888,1049.718994,3442.563965,307.180176,306.330353,315.673897,-16.288361,0.077618,3.326015,-59.030972,-19.976136,-19.929312,1050.553467,-0.062962,-0.002152,0.000284,0.671562,0.671765,0.005907,83460.992188,0.962568,0.000000,0.000000,0.000000,0.000000,0.000000,0.000000,0.000000,0.000000,0.000000,-58.003006,3445.161133
20.025950,1.000000,-5163.549316,-1.575855,1745.293761,1046.492920,3432.023682,307.175934,306.329102,315.624631,-16.288044,0.075946,3.325974,-59.020363,-19.975701,-19.929216,1047.342285,-0.062956,-0.002159,0.000288,0.671518,0.671741,0.005845,83460.992188,0.962534,0.000000,0.000000,0.000000,0.000000,0.000000,0.000000,0.000000,0.000000,0.000000,-57.992744,3434.620850
20.078634,1.000000,-5154.848633,-1.552954,1742.184694,1043.383179,3421.629883,307.171875,306.328003,315.576017,-16.287733,0.074347,3.325946,-59.009918,-19.975279,-19.929134,1044.175537,-0.062957,-0.002165,0.000291,0.671480,0.671716,0.005793,83460.992188,0.962500,0.000000,0.000000,0.000000,0.000000,0.000000,0.000000,0.000000,0.000000,0.000000,-57.982857,3424.294189
20.129922,1.000000,-5146.530273,-1.531132,1739.158527,1040.356323,3411.693115,307.167908,306.327240,315.529509,-16.287437,0.072802,3.325915,-58.999947,-19.974882,-19.929066,1041.147827,-0.062962,-0.002171,0.000294,0.671453,0.671692,0.005746,83460.992188,0.962465,0.000000,0.000000,0.000000,0.000000,0.000000,0.000000,0.000000,0.000000,0.000000,-57.973259,3414.357666
20.188164,1.000000,-5137.300781,-1.507004,1735.722672,1036.919434,3400.668213,307.163300,306.325531,315.477929,-16.287113,0.071056,3.325883,-58.988914,-19.974449,-19.928988,1037.788574,-0.062962,-0.002176,0.000297,0.671394,0.671662,0.005693,83460.992188,0.962427,0.000000,0.000000,0.000000,0.000000,0.000000,0.000000,0.000000,0.000000,0.000000,-57.962387,3403.332520
20.246715,1.000000,-5127.912598,-1.482551,1732.269249,1033.465210,3389.453613,307.158844,306.324432,315.425489,-16.286783,0.069313,3.325852,-58.977703,-19.974010,-19.928909,1034.371582,-0.062962,-0.002182,0.000301,0.671355,0.671630,0.005637,83460.992188,0.962394,0.000000,0.000000,0.000000,0.000000,0.000000,0.000000,0.000000,0.000000,0.000000,-57.951469,3392.117920
20.298789,1.000000,-5119.086914,-1.459647,1729.198404,1030.393555,3378.911621,307.154694,306.323761,315.376222,-16.286493,0.067774,3.325828,-58.967194,-19.973606,-19.928848,1031.159302,-0.062968,-0.002189,0.000304,0.671331,0.671603,0.005585,83460.992188,0.962367,0.000000,0.000000,0.000000,0.000000,0.000000,0.000000,0.000000,0.000000,0.000000,-57.941788,3381.541260
20.352949,1.000000,-5110.373535,-1.437113,1726.005101,1027.199463,3368.503662,307.150421,306.322327,315.327519,-16.286198,0.066178,3.325804,-58.956818,-19.973209,-19.928783,1027.987915,-0.062968,-0.002196,0.000307,0.671282,0.671573,0.005532,83460.992188,0.962337,0.000000,0.000000,0.000000,0.000000,0.000000,0.000000,0.000000,0.000000,0.000000,-57.931717,3371.133301
20.408208,1.000000,-5101.714844,-1.414801,1722.747583,1023.940918,3358.161377,307.146149,306.321533,315.279024,-16.285892,0.064566,3.325788,-58.946518,-19.972825,-19.928728,1024.836426,-0.062970,-0.002197,0.000311,0.671253,0.671542,0.005478,83460.992188,0.962301,0.000000,0.000000,0.000000,0.000000,0.000000,0.000000,0.000000,0.000000,0.000000,-57.921463,3360.791260
20.458658,1.000000,-5093.247559,-1.393057,1719.774067,1020.966553,3348.048096,307.141998,306.320801,315.231656,-16.285622,0.063107,3.325770,-58.936466,-19.972452,-19.928677,1021.754578,-0.062973,-0.002204,0.000314,0.671228,0.671513,0.005425,83460.992188,0.962271,0.000000,0.000000,0.000000,0.000000,0.000000,0.000000,0.000000,0.000000,0.000000,-57.912117,3350.732422
20.512544,1.000000,-5084.458008,-1.370565,1716.598572,1017.790283,3337.549805,307.137726,306.319885,315.182479,-16.285339,0.061556,3.325745,-58.926041,-19.972067,-19.928625,1018.555420,-0.062975,-0.002209,0.000317,0.671196,0.671482,0.005368,83460.992188,0.962237,0.000000,0.000000,0.000000,0.000000,0.000000,0.000000,0.000000,0.000000,0.000000,-57.902153,3340.234131
20.567202,1.000000,-5075.860352,-1.348644,1713.378155,1014.568909,3327.281006,307.133209,306.318024,315.134339,-16.285048,0.059997,3.325741,-58.915867,-19.971701,-19.928577,1015.426147,-0.062973,-0.002213,0.000320,0.671131,0.671449,0.005309,83460.992188,0.962200,0.000000,0.000000,0.000000,0.000000,0.000000,0.000000,0.000000,0.000000,0.000000,-57.892067,3329.965332
20.622026,1.000000,-5067.041992,-1.326243,1710.148531,1011.338379,3316.748779,307.128601,306.316803,315.084954,-16.284756,0.058443,3.325739,-58.905449,-19.971331,-19.928532,1012.216492,-0.062972,-0.002219,0.000323,0.671088,0.671415,0.005261,83460.992188,0.962181,0.000000,0.000000,0.000000,0.000000,0.000000,0.000000,0.000000,0.000000,0.000000,-57.881966,3319.433105
20.682080,1.000000,-5057.755371,-1.302742,1706.611475,1007.800232,3305.657715,307.123657,306.316071,315.032959,-16.284445,0.056756,3.325728,-58.894485,-19.970943,-19.928492,1008.836426,-0.062977,-0.002220,0.000327,0.671063,0.671377,0.005207,83460.992188,0.962151,0.000000,0.000000,0.000000,0.000000,0.000000,0.000000,0.000000,0.000000,0.000000,-57.870911,3308.285889
20.739082,1.000000,-5047.977051,-1.278098,1703.254810,1004.442505,3293.979492,307.118866,306.315460,314.978116,-16.284151,0.055167,3.325725,-58.882961,-19.970546,-19.928452,1005.277405,-0.062977,-0.002232,0.000330,0.671041,0.671340,0.005151,83460.992188,0.962115,0.000000,0.000000,0.000000,0.000000,0.000000,0.000000,0.000000,0.000000,0.000000,-57.860447,3296.607666
20.795070,1.000000,-5039.143555,-1.255924,1699.958458,1001.145264,3283.429443,307.114136,306.314789,314.928494,-16.283865,0.053615,3.325738,-58.872574,-19.970199,-19.928413,1002.062317,-0.062969,-0.002233,0.000333,0.671018,0.671306,0.005107,83460.992188,0.962082,0.000000,0.000000,0.000000,0.000000,0.000000,0.000000,0.000000,0.000000,0.000000,-57.850189,3286.057617
20.849662,1.000000,-5030.015137,-1.233101,1696.744870,997.930664,3272.527832,307.109619,306.313385,314.877329,-16.283587,0.052116,3.325747,-58.861858,-19.969839,-19.928381,998.739807,-0.062969,-0.002243,0.000336,0.670969,0.671272,0.005065,83460.992188,0.962062,0.000000,0.000000,0.000000,0.000000,0.000000,0.000000,0.000000,0.000000,0.000000,-57.840206,3275.156006
20.905184,1.000000,-5021.205078,-1.211161,1693.477118,994.661926,3262.006592,307.105011,306.312012,314.827855,-16.283306,0.050601,3.325756,-58.851524,-19.969500,-19.928354,995.533203,-0.062968,-0.002247,0.000339,0.670920,0.671238,0.005028,83460.992188,0.962041,0.000000,0.000000,0.000000,0.000000,0.000000,0.000000,0.000000,0.000000,0.000000,-57.830059,3264.623535
20.962679,1.000000,-5011.898438,-1.188079,1690.093860,991.277588,3250.893066,307.100159,306.311584,314.775593,-16.283016,0.049043,3.325776,-58.840626,-19.969147,-19.928339,992.145874,-0.062975,-0.002252,0.000343,0.670905,0.671202,0.004988,83460.992188,0.962009,0.000000,0.000000,0.000000,0.000000,0.000000,0.000000,0.000000,0.000000,0.000000,-57.819576,3253.510010
21.016616,1.000000,-5003.160156,-1.166493,1686.920538,988.103271,3240.458008,307.095642,306.310425,314.726564,-16.282747,0.047597,3.325788,-58.830402,-19.968816,-19.928322,988.965393,-0.062978,-0.002256,0.000346,0.670865,0.671168,0.004942,83460.992188,0.961996,0.000000,0.000000,0.000000,0.000000,0.000000,0.000000,0.000000,0.000000,0.000000,-57.809750,3243.074951
21.067611,1.000000,-4994.897461,-1.146160,1683.920813,985.102539,3230.590820,307.091400,306.308624,314.680174,-16.282492,0.046235,3.325810,-58.820740,-19.968506,-19.928299,985.958069,-0.062973,-0.002263,0.000349,0.670801,0.671135,0.004894,83460.992188,0.961972,0.000000,0.000000,0.000000,0.000000,0.000000,0.000000,0.000000,0.000000,0.000000,-57.800472,3233.166992
21.119352,1.000000,-4986.654785,-1.125952,1680.877707,982.058472,3220.748047,307.087006,306.307770,314.633874,-16.282240,0.044862,3.325829,-58.811127,-19.968206,-19.928289,982.957947,-0.062974,-0.002269,0.000352,0.670772,0.671101,0.004851,83460.992188,0.961941,0.000000,0.000000,0.000000,0.000000,0.000000,0.000000,0.000000,0.000000,0.000000,-57.791080,3223.324219
21.172566,1.000000,-4977.963867,-1.104726,1677.748491,978.928284,3210.369873,307.082458,306.306915,314.584993,-16.281982,0.043463,3.325857,-58.800995,-19.967895,-19.928278,979.794739,-0.062972,-0.002271,0.000355,0.670742,0.671067,0.004811,83460.992188,0.961913,0.000000,0.000000,0.000000,0.000000,0.000000,0.000000,0.000000,0.000000,0.000000,-57.781429,3212.946289
21.228064,1.000000,-4968.811523,-1.082467,1674.485534,975.664124,3199.441406,307.077667,306.305695,314.533532,-16.281713,0.042016,3.325886,-58.790337,-19.967570,-19.928276,976.463562,-0.062977,-0.002280,0.000358,0.670699,0.671030,0.004766,83460.992188,0.961890,0.000000,0.000000,0.000000,0.000000,0.000000,0.000000,0.000000,0.000000,0.000000,-57.771370,3202.017822
21.283653,1.000000,-4960.062988,-1.061277,1671.217808,972.395325,3188.995117,307.072906,306.304382,314.484384,-16.281443,0.040576,3.325911,-58.780151,-19.967258,-19.928274,973.279358,-0.062982,-0.002284,0.000361,0.670653,0.670993,0.004713,83460.992188,0.961881,0.000000,0.000000,0.000000,0.000000,0.000000,0.000000,0.000000,0.000000,0.000000,-57.761307,3191.635254
21.341452,1.000000,-4950.728516,-1.038762,1667.820782,968.997192,3177.849121,307.067902,306.303589,314.431944,-16.281174,0.039095,3.325939,-58.769314,-19.966933,-19.928274,969.881836,-0.062982,-0.002285,0.000364,0.670625,0.670954,0.004652,83460.992188,0.961844,0.000000,0.000000,0.000000,0.000000,0.000000,0.000000,0.000000,0.000000,0.000000,-57.750870,3180.489502
21.399463,1.000000,-4941.368164,-1.016282,1664.411929,965.587219,3166.672607,307.062836,306.301849,314.379355,-16.280907,0.037619,3.325966,-58.758461,-19.966613,-19.928278,966.474976,-0.062984,-0.002292,0.000368,0.670564,0.670914,0.004592,83460.992188,0.961832,0.000000,0.000000,0.000000,0.000000,0.000000,0.000000,0.000000,0.000000,0.000000,-57.740410,3169.312988
21.454911,1.000000,-4932.309570,-0.994621,1661.154271,962.328369,3155.856445,307.058014,306.300171,314.328369,-16.280647,0.036224,3.326004,-58.747967,-19.966311,-19.928284,963.177917,-0.062981,-0.002298,0.000371,0.670506,0.670874,0.004530,83460.992188,0.961802,0.000000,0.000000,0.000000,0.000000,0.000000,0.000000,0.000000,0.000000,0.000000,-57.730423,3158.496826
21.506675,1.000000,-4924.253906,-0.975436,1658.113574,959.286560,3146.237793,307.053528,306.298584,314.283047,-16.280413,0.034929,3.326036,-58.738647,-19.966045,-19.928286,960.245911,-0.062975,-0.002300,0.000373,0.670450,0.670837,0.004479,83460.992188,0.961777,0.000000,0.000000,0.000000,0.000000,0.000000,0.000000,0.000000,0.000000,0.000000,-57.721123,3148.895508
21.557765,1.000000,-4915.828125,-0.955450,1655.112959,956.284851,3136.177979,307.049072,306.297852,314.235590,-16.280186,0.033658,3.326071,-58.728912,-19.965774,-19.928305,957.179138,-0.062981,-0.002306,0.000376,0.670425,0.670798,0.004439,83460.992188,0.961750,0.000000,0.000000,0.000000,0.000000,0.000000,0.000000,0.000000,0.000000,0.000000,-57.711952,3138.835938
21.613812,1.000000,-4906.952148,-0.934482,1651.821767,952.992554,3125.580078,307.044189,306.296997,314.185641,-16.279932,0.032278,3.326117,-58.718674,-19.965492,-19.928310,953.948547,-0.062973,-0.002309,0.000379,0.670394,0.670756,0.004388,83460.992188,0.961724,0.000000,0.000000,0.000000,0.000000,0.000000,0.000000,0.000000,0.000000,0.000000,-57.701912,3128.237793
21.667296,1.000000,-4898.209961,-0.913921,1648.681626,949.851257,3115.142334,307.039490,306.294708,314.136464,-16.279705,0.030969,3.326145,-58.708603,-19.965216,-19.928328,950.766663,-0.062974,-0.002317,0.000382,0.670315,0.670715,0.004342,83460.992188,0.961717,0.000000,0.000000,0.000000,0.000000,0.000000,0.000000,0.000000,0.000000,0.000000,-57.692337,3117.800293
21.719895,1.000000,-4889.687988,-0.893962,1645.593963,946.762512,3104.968018,307.034882,306.293427,314.088502,-16.279476,0.029689,3.326184,-58.698795,-19.964951,-19.928350,947.664917,-0.062977,-0.002321,0.000385,0.670269,0.670673,0.004295,83460.992188,0.961684,0.000000,0.000000,0.000000,0.000000,0.000000,0.000000,0.000000,0.000000,0.000000,-57.682938,3107.526611
21.773205,1.000000,-4881.025879,-0.873757,1642.465084,943.632446,3094.626221,307.030273,306.293121,314.039800,-16.279253,0.028407,3.326218,-58.688843,-19.964685,-19.928370,944.512207,-0.062975,-0.002323,0.000388,0.670260,0.670632,0.004239,83460.992188,0.961668,0.000000,0.000000,0.000000,0.000000,0.000000,0.000000,0.000000,0.000000,0.000000,-57.673424,3097.184814
21.827557,1.000000,-4872.357910,-0.853627,1639.275605,940.441772,3084.277832,307.025452,306.291748,313.991037,-16.279026,0.027112,3.326251,-58.678890,-19.964422,-19.928398,941.357300,-0.062979,-0.002329,0.000391,0.670211,0.670587,0.004181,83460.992188,0.961653,0.000000,0.000000,0.000000,0.000000,0.000000,0.000000,0.000000,0.000000,0.000000,-57.663734,3086.836426
21.878233,1.000000,-4864.249512,-0.834873,1636.302321,937.467407,3074.597412,307.020996,306.289429,313.945360,-16.278818,0.025912,3.326288,-58.669579,-19.964179,-19.928427,938.406067,-0.062981,-0.002330,0.000394,0.670130,0.670547,0.004123,83460.992188,0.961621,0.000000,0.000000,0.000000,0.000000,0.000000,0.000000,0.000000,0.000000,0.000000,-57.654709,3077.076416
21.931634,1.000000,-4855.490234,-0.814697,1633.169666,934.333496,3064.140137,307.016357,306.288330,313.896064,-16.278597,0.024659,3.326335,-58.659546,-19.963922,-19.928453,935.217957,-0.062977,-0.002336,0.000396,0.670091,0.670504,0.004061,83460.992188,0.961600,0.000000,0.000000,0.000000,0.000000,0.000000,0.000000,0.000000,0.000000,0.000000,-57.645218,3066.618896
21.986825,1.000000,-4846.327637,-0.793688,1629.932558,931.095215,3053.201416,307.011444,306.286835,313.844454,-16.278374,0.023372,3.326379,-58.649067,-19.963660,-19.928488,931.883057,-0.062976,-0.002342,0.000399,0.670039,0.670458,0.004009,83460.992188,0.961574,0.000000,0.000000,0.000000,0.000000,0.000000,0.000000,0.000000,0.000000,0.000000,-57.635422,3055.680420
22.041886,1.000000,-4837.591309,-0.773747,1626.703634,927.864929,3042.771484,307.006561,306.285980,313.795188,-16.278152,0.022101,3.326429,-58.639084,-19.963417,-19.928518,928.703308,-0.062968,-0.002345,0.000402,0.670009,0.670412,0.003954,83460.992188,0.961544,0.000000,0.000000,0.000000,0.000000,0.000000,0.000000,0.000000,0.000000,0.000000,-57.625668,3045.250488
22.097343,1.000000,-4828.754883,-0.753669,1623.452051,924.612061,3032.222900,307.001709,306.283569,313.745447,-16.277933,0.020830,3.326483,-58.629017,-19.963175,-19.928564,925.487061,-0.062974,-0.002349,0.000405,0.669925,0.670366,0.003918,83460.992188,0.961516,0.000000,0.000000,0.000000,0.000000,0.000000,0.000000,0.000000,0.000000,0.000000,-57.615871,3034.807129
22.153940,1.000000,-4819.591797,-0.732944,1620.134208,921.292908,3021.283936,306.996643,306.282654,313.693807,-16.277710,0.019546,3.326546,-58.618595,-19.962932,-19.928600,922.151978,-0.062965,-0.002353,0.000408,0.669893,0.670316,0.003877,83460.992188,0.961485,0.000000,0.000000,0.000000,0.000000,0.000000,0.000000,0.000000,0.000000,0.000000,-57.605892,3023.868164
22.209934,1.000000,-4810.797363,-0.713147,1616.852292,918.009705,3010.785645,306.991455,306.280396,313.644215,-16.277491,0.018289,3.326608,-58.608597,-19.962703,-19.928650,918.951111,-0.062969,-0.002354,0.000411,0.669814,0.670268,0.003847,83460.992188,0.961465,0.000000,0.000000,0.000000,0.000000,0.000000,0.000000,0.000000,0.000000,0.000000,-57.596027,3013.369873
22.260459,1.000000,-4802.582520,-0.694738,1613.891417,915.047607,3000.979248,306.986908,306.279205,313.597914,-16.277296,0.017161,3.326663,-58.599274,-19.962492,-19.928692,915.961121,-0.062968,-0.002359,0.000413,0.669772,0.670222,0.003822,83460.992188,0.961436,0.000000,0.000000,0.000000,0.000000,0.000000,0.000000,0.000000,0.000000,0.000000,-57.587139,3003.563477
22.315110,1.000000,-4793.654785,-0.674821,1610.689273,911.844543,2990.321777,306.981995,306.278076,313.547639,-16.277092,0.015957,3.326724,-58.589169,-19.962269,-19.928738,912.711670,-0.062947,-0.002361,0.000416,0.642446,0.668933,0.003657,83460.992188,0.961375,0.000000,0.000000,0.000000,0.000000,0.000000,0.000000,0.000000,0.000000,0.000000,-57.577557,2992.878418
22.369754,1.000000,-4784.945313,-0.655482,1607.488079,908.642334,2979.924561,306.976990,306.276917,313.498936,-16.276911,0.014760,3.326788,-58.579441,-19.962073,-19.928780,909.541687,-0.062827,-0.002365,0.000419,0.615124,0.664939,0.002792,83460.992188,0.961080,0.000000,0.000000,0.000000,0.000000,0.000000,0.000000,0.000000,0.000000,0.000000,-57.568150,2982.481201
22.420221,1.000000,-4776.796387,-0.637469,1604.532051,905.685547,2970.197266,306.972351,306.277039,313.454178,-16.276815,0.013662,3.326845,-58.570675,-19.961946,-19.928831,906.575745,-0.062585,-0.002368,0.000421,0.589891,0.659105,0.001098,83460.992188,0.960459,0.000000,0.000000,0.000000,0.000000,0.000000,0.000000,0.000000,0.000000,0.000000,-57.559826,2972.753906
22.477567,1.000000,-4767.599121,-0.617234,1601.173607,902.326050,2959.218506,306.967285,306.278473,313.404823,-16.276834,0.012424,3.326940,-58.561474,-19.961953,-19.928890,903.228210,-0.062100,-0.002370,0.000424,0.561218,0.650211,-0.001856,83460.992188,0.959271,0.000000,0.000000,0.000000,0.000000,0.000000,0.000000,0.000000,0.000000,0.000000,-57.551105,2961.775146
22.533303,1.000000,-4758.604492,-0.597540,1597.909920,899.061462,2948.481201,306.962341,306.282043,313.358137,-16.277042,0.011227,3.327087,-58.553505,-19.962190,-19.928938,899.954407,-0.061383,-0.002377,0.000426,0.533350,0.639498,-0.005578,83460.992188,0.957585,0.000000,0.000000,0.000000,0.000000,0.000000,0.000000,0.000000,0.000000,0.000000,-57.543713,2950.970215
22.589344,1.000000,-4749.308105,-0.577287,1594.628769,895.779358,2937.383789,306.957275,306.288300,313.311807,-16.277485,0.010039,3.327343,-58.546722,-19.962779,-19.928991,896.570801,-0.060399,-0.002381,0.000429,0.505329,0.626896,-0.009862,83460.992188,0.955311,0.000000,0.000000,0.000000,0.000000,0.000000,0.000000,0.000000,0.000000,0.000000,-57.537701,2939.872803
22.647207,1.000000,-4740.389648,-0.557952,1591.241261,892.390747,2926.736816,306.952362,306.296814,313.269481,-16.278196,0.008817,3.327794,-58.541920,-19.963754,-19.929029,893.324768,-0.059157,-0.002377,0.000431,0.476398,0.612170,-0.014480,83460.992188,0.952624,0.000000,0.000000,0.000000,0.000000,0.000000,0.000000,0.000000,0.000000,0.000000,-57.533321,2929.225830
22.700431,1.000000,-4731.882324,-0.539598,1588.125525,889.274109,2916.580566,306.948059,306.307800,313.231249,-16.279085,0.007710,3.328445,-58.539154,-19.965130,-19.929064,890.228333,-0.057766,-0.002377,0.000434,0.449786,0.597254,-0.018611,83460.992188,0.949709,0.000000,0.000000,0.000000,0.000000,0.000000,0.000000,0.000000,0.000000,0.000000,-57.531200,2919.004150
22.756094,1.000000,-4722.831543,-0.520164,1584.867084,886.014709,2905.774414,306.943909,306.324097,313.193075,-16.280239,0.006558,3.329465,-58.538460,-19.967153,-19.929085,886.934143,-0.056070,-0.002377,0.000436,0.421954,0.580372,-0.022265,83460.992188,0.946150,0.000000,0.000000,0.000000,0.000000,0.000000,0.000000,0.000000,0.000000,0.000000,-57.531239,2908.197998
22.810512,1.000000,-4714.121582,-0.501553,1581.681470,882.828125,2895.373291,306.940155,306.341705,313.158995,-16.281544,0.005435,3.330872,-58.540131,-19.969679,-19.929070,883.763977,-0.054182,-0.002378,0.000438,0.394745,0.562766,-0.025251,83460.992188,0.942623,0.000000,0.000000,0.000000,0.000000,0.000000,0.000000,0.000000,0.000000,0.000000,-57.533627,2897.796875
22.864430,1.000000,-4705.402344,-0.483011,1578.524942,879.670532,2884.959961,306.937012,306.365326,313.127614,-16.282955,0.004333,3.332790,-58.544346,-19.972846,-19.929041,880.590454,-0.052130,-0.002377,0.000440,0.367786,0.544319,-0.026888,83460.992188,0.938606,0.000000,0.000000,0.000000,0.000000,0.000000,0.000000,0.000000,0.000000,0.000000,-57.538555,2887.383545
22.919487,1.000000,-4696.426270,-0.464015,1575.301398,876.445984,2874.238037,306.934631,306.392090,313.098369,-16.284454,0.003210,3.335357,-58.551430,-19.976790,-19.928976,877.323425,-0.049804,-0.002378,0.000442,0.340258,0.524583,-0.027426,83460.992188,0.934644,0.000000,0.000000,0.000000,0.000000,0.000000,0.000000,0.000000,0.000000,0.000000,-57.546253,2876.732422
22.977277,1.000000,-4687.245117,-0.444681,1571.917308,873.060852,2863.268066,306.932983,306.424683,313.071852,-16.286016,0.002038,3.338809,-58.561646,-19.981558,-19.928858,873.981750,-0.047228,-0.002378,0.000444,0.311363,0.502999,-0.026576,83460.992188,0.930402,0.000000,0.000000,0.000000,0.000000,0.000000,0.000000,0.000000,0.000000,0.000000,-57.557343,2865.762451
23.029504,1.000000,-4678.670898,-0.426712,1568.858365,870.000916,2853.020508,306.932343,306.460297,313.050348,-16.287336,0.000992,3.342706,-58.574013,-19.986708,-19.928699,870.860962,-0.044664,-0.002376,0.000446,0.285249,0.482788,-0.024147,83460.992188,0.926240,0.000000,0.000000,0.000000,0.000000,0.000000,0.000000,0.000000,0.000000,0.000000,-57.570137,2855.514893
23.080525,1.000000,-4670.392090,-0.409444,1565.869357,867.010925,2843.123779,306.932709,306.499023,313.032759,-16.288465,-0.000020,3.347291,-58.588577,-19.992319,-19.928507,867.847717,-0.042067,-0.002374,0.000448,0.259739,0.462474,-0.020369,83460.992188,0.922287,0.000000,0.000000,0.000000,0.000000,0.000000,0.000000,0.000000,0.000000,0.000000,-57.585171,2845.617920
23.132754,1.000000,-4662.092285,-0.392210,1562.808719,863.949219,2833.197998,306.934326,306.542267,313.018344,-16.289404,-0.001055,3.352793,-58.605621,-19.998522,-19.928249,864.826843,-0.039321,-0.002373,0.000449,0.233624,0.441193,-0.015556,83460.992188,0.918132,0.000000,0.000000,0.000000,0.000000,0.000000,0.000000,0.000000,0.000000,0.000000,-57.603050,2835.647217
23.183690,1.000000,-4654.065430,-0.375616,1559.822901,860.962402,2823.594971,306.937103,306.588104,313.007547,-16.290020,-0.002057,3.359101,-58.624702,-20.005152,-19.927940,861.905334,-0.036639,-0.002367,0.000451,0.208156,0.419939,-0.008801,83460.992188,0.914498,0.000000,0.000000,0.000000,0.000000,0.000000,0.000000,0.000000,0.000000,0.000000,-57.623131,2826.044189
23.236707,1.000000,-4645.487305,-0.357964,1556.713951,857.852417,2813.328857,306.941467,306.641388,312.999628,-16.290260,-0.003094,3.366645,-58.647629,-20.012821,-19.927547,858.783142,-0.033618,-0.002367,0.000452,0.181648,0.397385,-0.000593,83460.992188,0.910811,0.000000,0.000000,0.000000,0.000000,0.000000,0.000000,0.000000,0.000000,0.000000,-57.646545,2815.778076
23.291722,1.000000,-4636.601563,-0.339765,1553.486457,854.623779,2802.690186,306.947601,306.702057,312.995535,-16.290007,-0.004164,3.375579,-58.674088,-20.021373,-19.927061,855.549011,-0.030388,-0.002367,0.000454,0.154140,0.373565,0.009233,83460.992188,0.907043,0.000000,0.000000,0.000000,0.000000,0.000000,0.000000,0.000000,0.000000,0.000000,-57.673508,2805.139404
23.342732,1.000000,-4628.232910,-0.322706,1550.492539,851.628845,2792.665771,306.955017,306.764282,312.995565,-16.289251,-0.005145,3.384937,-58.701580,-20.030007,-19.926523,852.503052,-0.027249,-0.002365,0.000455,0.128635,0.351125,0.019897,83460.992188,0.903698,0.000000,0.000000,0.000000,0.000000,0.000000,0.000000,0.000000,0.000000,0.000000,-57.700977,2795.148682
23.397174,1.000000,-4619.829590,-0.305654,1547.295578,848.430725,2782.594238,306.964935,306.831055,312.999480,-16.287807,-0.006194,3.396083,-58.731541,-20.039186,-19.925888,849.444519,-0.024190,-0.002363,0.000456,0.105000,0.326855,0.032407,83460.992188,0.900842,0.000000,0.000000,0.000000,0.000000,0.000000,0.000000,0.000000,0.000000,0.000000,-57.732716,2785.077148
23.450360,1.000000,-4611.297363,-0.288423,1544.170643,845.304688,2772.363525,306.976685,306.904053,313.007666,-16.285717,-0.007211,3.408079,-58.764084,-20.048923,-19.925163,846.339050,-0.020913,-0.002361,0.000457,0.105000,0.304373,0.045390,83460.992188,0.897933,0.000000,0.000000,0.000000,0.000000,0.000000,0.000000,0.000000,0.000000,0.000000,-57.765884,2774.846436
23.505740,1.000000,-4602.647461,-0.271034,1540.914864,842.047791,2761.985840,306.991394,306.983521,313.020005,-16.282743,-0.008259,3.421816,-58.799210,-20.059224,-19.924326,843.190735,-0.017772,-0.002359,0.000459,0.105000,0.283376,0.060958,83460.992188,0.895214,0.000000,0.000000,0.000000,0.000000,0.000000,0.000000,0.000000,0.000000,0.000000,-57.802616,2764.468750
23.561683,1.000000,-4593.050781,-0.251840,1537.623877,838.755981,2750.464844,307.008698,307.075409,313.038039,-16.278812,-0.009304,3.436928,-58.840225,-20.071036,-19.923275,839.697815,-0.013989,-0.002362,0.000460,0.105000,0.264410,0.078541,83460.992188,0.893609,0.000000,0.000000,0.000000,0.000000,0.000000,0.000000,0.000000,0.000000,0.000000,-57.841431,2752.993408
23.614017,1.000000,-4584.849609,-0.235515,1534.543209,835.674622,2740.613770,307.027313,307.159393,313.056517,-16.274153,-0.010280,3.452357,-58.876850,-20.081440,-19.922281,836.712830,-0.011422,-0.002359,0.000461,0.105000,0.248511,0.098250,83460.992188,0.892371,0.000000,0.000000,0.000000,0.000000,0.000000,0.000000,0.000000,0.000000,0.000000,-57.879318,2743.142334
23.666165,1.000000,-4576.407227,-0.218787,1531.471507,832.602295,2730.466797,307.048370,307.247559,313.078644,-16.268456,-0.011236,3.468785,-58.915260,-20.092187,-19.921152,833.640076,-0.008795,-0.002360,0.000462,0.105000,0.234247,0.118821,83460.992188,0.892704,0.000000,0.000000,0.000000,0.000000,0.000000,0.000000,0.000000,0.000000,0.000000,-57.917641,2732.995117
23.721298,1.000000,-4567.720215,-0.201656,1528.221799,829.351807,2720.019043,307.073364,307.341553,313.104538,-16.261246,-0.012247,3.487217,-58.955021,-20.103131,-19.919876,830.478271,-0.006448,-0.002361,0.000463,0.105000,0.220702,0.141218,83460.992188,0.893494,0.000000,0.000000,0.000000,0.000000,0.000000,0.000000,0.000000,0.000000,0.000000,-57.958359,2722.455322
23.773527,1.000000,-4559.266602,-0.185066,1525.141198,826.270508,2709.846436,307.099792,307.435516,313.132597,-16.253269,-0.013195,3.505563,-58.993477,-20.113535,-19.918539,827.401367,-0.004223,-0.002364,0.000464,0.105000,0.209178,0.162379,83460.992188,0.894791,0.000000,0.000000,0.000000,0.000000,0.000000,0.000000,0.000000,0.000000,0.000000,-57.996635,2712.282715
23.824551,1.000000,-4550.976074,-0.168873,1522.129760,823.258301,2699.864746,307.128082,307.529572,313.162792,-16.244410,-0.014108,3.524245,-59.030788,-20.123451,-19.917137,824.383850,-0.002259,-0.002367,0.000465,0.105000,0.199030,0.183243,83460.992188,0.896865,0.000000,0.000000,0.000000,0.000000,0.000000,0.000000,0.000000,0.000000,0.000000,-58.033558,2702.301025
23.880182,1.000000,-4541.946289,-0.151320,1518.844304,819.972107,2688.986084,307.161835,307.634491,313.198503,-16.233538,-0.015096,3.545392,-59.070580,-20.133815,-19.915493,821.097290,-0.000386,-0.002361,0.000464,0.105000,0.189092,0.205828,83460.992188,0.899517,0.000000,0.000000,0.000000,0.000000,0.000000,0.000000,0.000000,0.000000,0.000000,-58.072937,2691.422363
23.932054,1.000000,-4533.797852,-0.135560,1515.778915,816.905945,2679.164551,307.195923,307.730713,313.233177,-16.222288,-0.016014,3.565712,-59.105427,-20.142687,-19.913927,818.131531,0.000888,-0.002361,0.000462,0.105000,0.180775,0.226330,83460.992188,0.902576,0.000000,0.000000,0.000000,0.000000,0.000000,0.000000,0.000000,0.000000,0.000000,-58.108517,2681.606445
23.983858,1.000000,-4525.302734,-0.119208,1512.715749,813.841980,2668.919922,307.232605,307.831909,313.271735,-16.210028,-0.016917,3.586414,-59.140255,-20.151321,-19.912210,815.039551,0.002269,-0.002366,0.000460,0.105000,0.173291,0.245415,83460.992188,0.906233,0.000000,0.000000,0.000000,0.000000,0.000000,0.000000,0.000000,0.000000,0.000000,-58.142513,2671.362061
24.036933,1.000000,-4516.567383,-0.102480,1509.575654,810.701172,2658.381348,307.272888,307.936920,313.313824,-16.196486,-0.017825,3.607903,-59.174244,-20.159479,-19.910366,811.860107,0.003504,-0.002375,0.000459,0.105000,0.166388,0.263363,83460.992188,0.910463,0.000000,0.000000,0.000000,0.000000,0.000000,0.000000,0.000000,0.000000,0.000000,-58.175556,2660.823242
24.087929,1.000000,-4508.687988,-0.087466,1506.556955,807.681763,2648.870605,307.313995,308.031830,313.353836,-16.182619,-0.018693,3.628689,-59.203159,-20.166169,-19.908627,808.992249,0.004171,-0.002379,0.000458,0.105000,0.160412,0.278842,83460.992188,0.915129,0.000000,0.000000,0.000000,0.000000,0.000000,0.000000,0.000000,0.000000,0.000000,-58.205418,2651.312744
24.140802,1.000000,-4499.999512,-0.070993,1503.425594,804.549500,2638.379883,307.359253,308.138489,313.400226,-16.167456,-0.019577,3.650239,-59.232876,-20.172729,-19.906649,805.829895,0.005052,-0.002385,0.000458,0.105000,0.154826,0.292943,83460.992188,0.919405,0.000000,0.000000,0.000000,0.000000,0.000000,0.000000,0.000000,0.000000,0.000000,-58.234287,2640.895996
24.195069,1.000000,-4491.172852,-0.054347,1500.210165,801.333313,2627.718750,307.408081,308.246552,313.449492,-16.151173,-0.020473,3.672272,-59.260914,-20.178591,-19.904577,802.617310,0.005675,-0.002391,0.000457,0.105000,0.149683,0.305952,83460.992188,0.924654,0.000000,0.000000,0.000000,0.000000,0.000000,0.000000,0.000000,0.000000,0.000000,-58.261749,2630.234863
24.246249,1.000000,-4482.855469,-0.038745,1497.176348,798.298706,2617.670166,307.456635,308.350281,313.497839,-16.135216,-0.021308,3.692852,-59.285027,-20.183277,-19.902582,799.590027,0.006081,-0.002397,0.000457,0.105000,0.145319,0.316318,83460.992188,0.929011,0.000000,0.000000,0.000000,0.000000,0.000000,0.000000,0.000000,0.000000,0.000000,-58.285427,2620.186279
24.297525,1.000000,-4474.626465,-0.023390,1494.135690,795.257263,2607.725830,307.507355,308.451141,313.547491,-16.118752,-0.022131,3.713122,-59.306683,-20.187116,-19.900568,796.594910,0.006312,-0.002402,0.000457,0.105000,0.141375,0.324645,83460.992188,0.934216,0.000000,0.000000,0.000000,0.000000,0.000000,0.000000,0.000000,0.000000,0.000000,-58.306881,2610.241943
24.349841,1.000000,-4466.274902,-0.007886,1491.032294,792.153015,2597.630859,307.561188,308.554962,313.599635,-16.101578,-0.022961,3.733339,-59.326298,-20.190167,-19.898481,793.555176,0.006414,-0.002409,0.000457,0.105000,0.137749,0.331027,83460.992188,0.938983,0.000000,0.000000,0.000000,0.000000,0.000000,0.000000,0.000000,0.000000,0.000000,-58.326405,2600.001465
24.400182,1.000000,-4458.254395,0.006923,1488.045156,789.165039,2587.935303,307.615021,308.654266,313.651185,-16.084787,-0.023752,3.752269,-59.342953,-20.192326,-19.896465,790.635925,0.006401,-0.002416,0.000458,0.105000,0.134601,0.335250,83460.992188,0.943706,0.000000,0.000000,0.000000,0.000000,0.000000,0.000000,0.000000,0.000000,0.000000,-58.342953,2590.305908
24.457507,1.000000,-4449.150879,0.023637,1484.642662,785.761658,2576.929199,307.678741,308.765961,313.711515,-16.065487,-0.024634,3.773056,-59.359245,-20.193851,-19.894156,787.322510,0.006299,-0.002422,0.000458,0.105000,0.131382,0.337608,83460.992188,0.949135,0.000000,0.000000,0.000000,0.000000,0.000000,0.000000,0.000000,0.000000,0.000000,-58.359108,2579.299805
24.508380,1.000000,-4440.737793,0.038993,1481.622416,782.740540,2566.757813,307.737213,308.869629,313.768849,-16.048298,-0.025408,3.790744,-59.371887,-20.194412,-19.892019,784.260437,0.006209,-0.002428,0.000458,0.105000,0.128820,0.337761,83460.992188,0.953804,0.000000,0.000000,0.000000,0.000000,0.000000,0.000000,0.000000,0.000000,0.000000,-58.371113,2569.128418
24.561412,1.000000,-4432.204590,0.054481,1478.473409,779.590576,2556.440918,307.800018,308.975342,313.828378,-16.030418,-0.026201,3.808373,-59.382442,-20.194191,-19.889849,781.154602,0.005946,-0.002433,0.000459,0.105000,0.126414,0.336290,83460.992188,0.958355,0.000000,0.000000,0.000000,0.000000,0.000000,0.000000,0.000000,0.000000,0.000000,-58.381401,2558.818115
24.619102,1.000000,-4423.054199,0.070990,1475.047270,776.163452,2545.377930,307.870331,309.087921,313.893661,-16.011120,-0.027053,3.826504,-59.391258,-20.193085,-19.887527,777.824097,0.005575,-0.002439,0.000460,0.105000,0.124071,0.332624,83460.992188,0.963167,0.000000,0.000000,0.000000,0.000000,0.000000,0.000000,0.000000,0.000000,0.000000,-58.390030,2547.755127
24.669796,1.000000,-4414.882813,0.085645,1472.036266,773.151550,2535.499023,307.933899,309.187439,313.953161,-15.994388,-0.027793,3.841488,-59.397034,-20.191372,-19.885464,774.849976,0.005218,-0.002447,0.000460,0.105000,0.122225,0.327793,83460.992188,0.967318,0.000000,0.000000,0.000000,0.000000,0.000000,0.000000,0.000000,0.000000,0.000000,-58.395500,2537.876221
24.720772,1.000000,-4406.832031,0.100002,1469.008285,770.122681,2525.767578,307.999390,309.286194,314.012719,-15.977849,-0.028526,3.855618,-59.400875,-20.189052,-19.883459,771.919739,0.004797,-0.002452,0.000461,0.105000,0.120548,0.321567,83460.992188,0.971167,0.000000,0.000000,0.000000,0.000000,0.000000,0.000000,0.000000,0.000000,0.000000,-58.399117,2528.144775
24.771852,1.000000,-4398.305176,0.115120,1465.973992,767.087524,2515.462402,308.066528,309.389526,314.076727,-15.961629,-0.029251,3.868809,-59.403049,-20.185949,-19.881363,768.816223,0.004347,-0.002461,0.000462,0.105000,0.119032,0.314057,83460.992188,0.974946,0.000000,0.000000,0.000000,0.000000,0.000000,0.000000,0.000000,0.000000,0.000000,-58.400928,2517.912842
24.824019,1.000000,-4389.852051,0.130016,1462.875084,763.987671,2505.248047,308.136383,309.492401,314.141210,-15.945477,-0.029981,3.881257,-59.403366,-20.182238,-19.879320,765.739502,0.003831,-0.002465,0.000463,0.105000,0.117637,0.305176,83460.992188,0.978522,0.000000,0.000000,0.000000,0.000000,0.000000,0.000000,0.000000,0.000000,0.000000,-58.401001,2507.698730
24.878990,1.000000,-4381.151367,0.145254,1459.609656,760.721191,2494.736572,308.211639,309.597473,314.208361,-15.929013,-0.030745,3.893218,-59.401955,-20.177832,-19.877254,762.572754,0.003283,-0.002471,0.000464,0.105000,0.116316,0.294712,83460.992188,0.981940,0.000000,0.000000,0.000000,0.000000,0.000000,0.000000,0.000000,0.000000,0.000000,-58.399311,2497.187256
24.937570,1.000000,-4371.804688,0.161515,1456.130005,757.240479,2483.447998,308.293335,309.710266,314.281356,-15.912134,-0.031543,3.904654,-59.398548,-20.172460,-19.875090,759.170837,0.002680,-0.002475,0.000466,0.105000,0.115060,0.282329,83460.992188,0.985339,0.000000,0.000000,0.000000,0.000000,0.000000,0.000000,0.000000,0.000000,0.000000,-58.395584,2485.898682
24.993582,1.000000,-4362.426270,0.177719,1452.803148,753.912537,2472.125000,308.372833,309.823334,314.355419,-15.896703,-0.032296,3.914317,-59.393364,-20.166472,-19.872990,755.757385,0.001998,-0.002485,0.000467,0.105000,0.113989,0.269546,83460.992188,0.988439,0.000000,0.000000,0.000000,0.000000,0.000000,0.000000,0.000000,0.000000,0.000000,-58.390354,2474.512939
25.050985,1.000000,-4353.376465,0.193248,1449.394024,750.502441,2461.202148,308.455719,309.931396,314.427524,-15.881656,-0.033058,3.922933,-59.386829,-20.160180,-19.871021,752.463501,0.001401,-0.002486,0.000468,0.105000,0.113011,0.255612,83460.992188,0.991072,0.000000,0.000000,0.000000,0.000000,0.000000,0.000000,0.000000,0.000000,0.000000,-58.383469,2463.590088
25.107242,1.000000,-4344.178223,0.208924,1446.053383,747.160645,2450.104248,308.538361,310.041046,314.501350,-15.867702,-0.033794,3.930142,-59.378830,-20.153332,-19.869089,749.115601,0.000743,-0.002495,0.000470,0.105000,0.112155,0.241336,83460.992188,0.993467,0.000000,0.000000,0.000000,0.000000,0.000000,0.000000,0.000000,0.000000,0.000000,-58.375378,2452.491943
25.159488,1.000000,-4335.895996,0.222945,1442.951363,744.057678,2440.114990,308.616241,310.138855,314.568146,-15.855481,-0.034470,3.935764,-59.370590,-20.146826,-19.867414,746.101135,0.000199,-0.002498,0.000471,0.105000,0.111442,0.227722,83460.992188,0.995244,0.000000,0.000000,0.000000,0.000000,0.000000,0.000000,0.000000,0.000000,0.000000,-58.366840,2442.461914
25.210998,1.000000,-4327.523438,0.237028,1439.893501,740.998840,2430.020996,308.693970,310.238098,314.635921,-15.844136,-0.035126,3.940313,-59.361393,-20.139965,-19.865791,743.053772,-0.000389,-0.002502,0.000473,0.105000,0.110809,0.214010,83460.992188,0.996958,0.000000,0.000000,0.000000,0.000000,0.000000,0.000000,0.000000,0.000000,0.000000,-58.357548,2432.367676
25.264470,1.000000,-4318.884766,0.251464,1436.719695,737.823914,2419.610107,308.775513,310.341003,314.706098,-15.833109,-0.035799,3.944009,-59.351036,-20.132604,-19.864185,739.909546,-0.000958,-0.002505,0.000474,0.105000,0.110217,0.199374,83460.992188,0.998628,0.000000,0.000000,0.000000,0.000000,0.000000,0.000000,0.000000,0.000000,0.000000,-58.347050,2421.956787
25.317231,1.000000,-4310.654785,0.265126,1433.588661,734.691772,2409.695068,308.857025,310.436035,314.773161,-15.823003,-0.036452,3.946685,-59.340527,-20.125381,-19.862717,736.914063,-0.001419,-0.002507,0.000476,0.105000,0.109693,0.185072,83460.992188,0.999308,0.000000,0.000000,0.000000,0.000000,0.000000,0.000000,0.000000,0.000000,0.000000,-58.336086,2412.041992
25.374233,1.000000,-4301.125000,0.280835,1430.206617,731.308655,2398.220215,308.946075,310.548431,314.850990,-15.812927,-0.037149,3.948521,-59.327736,-20.116816,-19.861116,733.445496,-0.002133,-0.002512,0.000478,0.105000,0.109185,0.169537,83460.992188,1.000504,0.000000,0.000000,0.000000,0.000000,0.000000,0.000000,0.000000,0.000000,0.000000,-58.323597,2400.544189
25.428473,1.000000,-4292.253906,0.295352,1426.989125,728.090027,2387.543213,309.031891,310.652679,314.923392,-15.804164,-0.037802,3.949315,-59.315357,-20.108701,-19.859709,730.216675,-0.002727,-0.002518,0.000479,0.105000,0.108753,0.154967,83460.992188,1.001434,0.000000,0.000000,0.000000,0.000000,0.000000,0.000000,0.000000,0.000000,0.000000,-58.311272,2389.867188
25.484095,1.000000,-4283.324707,0.309862,1423.690357,724.790039,2376.800537,309.120636,310.757507,314.996298,-15.795995,-0.038466,3.949170,-59.302433,-20.100390,-19.858368,726.966736,-0.003217,-0.002519,0.000481,0.105000,0.108356,0.139902,83460.992188,1.002116,0.000000,0.000000,0.000000,0.000000,0.000000,0.000000,0.000000,0.000000,0.000000,-58.298187,2379.124512
25.536298,1.000000,-4275.059570,0.323199,1420.595028,721.698303,2366.861328,309.204865,310.853699,315.063687,-15.789081,-0.039081,3.948243,-59.290287,-20.092648,-19.857206,723.958496,-0.003620,-0.002522,0.000483,0.105000,0.108022,0.126208,83460.992188,1.002407,0.000000,0.000000,0.000000,0.000000,0.000000,0.000000,0.000000,0.000000,0.000000,-58.285740,2369.185303
25.586539,1.000000,-4266.850098,0.336358,1417.616650,718.728027,2356.993652,309.286591,310.949280,315.130424,-15.783092,-0.039663,3.946654,-59.278091,-20.084932,-19.856129,720.970459,-0.004093,-0.002525,0.000485,0.105000,0.107732,0.113295,83460.992188,1.002601,0.000000,0.000000,0.000000,0.000000,0.000000,0.000000,0.000000,0.000000,0.000000,-58.273636,2359.307861
25.636684,1.000000,-4258.891602,0.349030,1414.644571,715.763855,2347.431641,309.368835,311.042114,315.195084,-15.777759,-0.040239,3.944412,-59.266212,-20.077438,-19.855152,718.073792,-0.004434,-0.002525,0.000486,0.105000,0.107470,0.100667,83460.992188,1.002716,0.000000,0.000000,0.000000,0.000000,0.000000,0.000000,0.000000,0.000000,0.000000,-58.261494,2349.745850
25.694881,1.000000,-4249.267578,0.364245,1411.196012,712.324646,2335.873779,309.465149,311.153259,315.273062,-15.772346,-0.040901,3.941065,-59.251858,-20.068395,-19.854065,714.570984,-0.004996,-0.002526,0.000488,0.105000,0.107198,0.086573,83460.992188,1.002382,0.000000,0.000000,0.000000,0.000000,0.000000,0.000000,0.000000,0.000000,0.000000,-58.247456,2338.187988
25.753296,1.000000,-4239.977539,0.378817,1407.735355,708.873230,2324.721924,309.562714,311.261475,315.347985,-15.767716,-0.041553,3.936955,-59.238125,-20.059728,-19.853104,711.189636,-0.005339,-0.002529,0.000490,0.105000,0.106955,0.072884,83460.992188,1.002201,0.000000,0.000000,0.000000,0.000000,0.000000,0.000000,0.000000,0.000000,0.000000,-58.233479,2327.036377
25.805211,1.000000,-4231.522461,0.391982,1404.660454,705.806519,2314.577881,309.650055,311.358185,315.415938,-15.764263,-0.042125,3.932735,-59.225803,-20.051911,-19.852316,708.112244,-0.005741,-0.002530,0.000492,0.105000,0.106761,0.061396,83460.992188,1.001275,0.000000,0.000000,0.000000,0.000000,0.000000,0.000000,0.000000,0.000000,0.000000,-58.221294,2316.941406
25.857167,1.000000,-4222.959473,0.405222,1401.583751,702.738098,2304.308105,309.738037,311.457916,315.484395,-15.761385,-0.042692,3.928024,-59.213608,-20.044107,-19.851587,704.995605,-0.006146,-0.002532,0.000494,0.105000,0.106586,0.050358,83460.992188,1.000917,0.000000,0.000000,0.000000,0.000000,0.000000,0.000000,0.000000,0.000000,0.000000,-58.209320,2306.671875
25.910207,1.000000,-4214.128906,0.418778,1398.443489,699.606262,2293.721924,309.828522,311.561066,315.554721,-15.759033,-0.043268,3.922717,-59.201252,-20.036147,-19.850914,701.781555,-0.006559,-0.002536,0.000496,0.105000,0.106426,0.039357,83460.992188,1.000515,0.000000,0.000000,0.000000,0.000000,0.000000,0.000000,0.000000,0.000000,0.000000,-58.197319,2296.085693
25.967318,1.000000,-4205.152832,0.432453,1395.062902,696.234680,2282.966064,309.926727,311.664246,315.625788,-15.757132,-0.043873,3.916533,-59.189091,-20.028206,-19.850307,698.514526,-0.006737,-0.002533,0.000498,0.105000,0.106272,0.028288,83460.992188,0.999478,0.000000,0.000000,0.000000,0.000000,0.000000,0.000000,0.000000,0.000000,0.000000,-58.184841,2285.329834
26.023155,1.000000,-4196.096191,0.446145,1391.758401,692.939087,2272.118652,310.023407,311.769470,315.697033,-15.755860,-0.044457,3.910066,-59.177277,-20.020366,-19.849783,695.218140,-0.007015,-0.002534,0.000500,0.105000,0.106137,0.018098,83460.992188,0.998751,0.000000,0.000000,0.000000,0.000000,0.000000,0.000000,0.000000,0.000000,0.000000,-58.173084,2274.719727
26.075998,1.000000,-4187.366211,0.459242,1388.631679,689.820679,2261.666992,310.115479,311.870300,315.765341,-15.755162,-0.045002,3.903600,-59.166317,-20.012967,-19.849354,692.040710,-0.007332,-0.002533,0.000502,0.105000,0.106022,0.009009,83460.992188,0.997829,0.000000,0.000000,0.000000,0.000000,0.000000,0.000000,0.000000,0.000000,0.000000,-58.162392,2264.268066
26.133841,1.000000,-4178.186523,0.472910,1385.209741,686.407837,2250.680908,310.216980,311.975342,315.836705,-15.754931,-0.045588,3.896201,-59.155338,-20.005385,-19.848970,688.699585,-0.007489,-0.002533,0.000504,0.105000,0.105910,-0.000124,83460.992188,0.996470,0.000000,0.000000,0.000000,0.000000,0.000000,0.000000,0.000000,0.000000,0.000000,-58.151276,2253.281982
26.186294,1.000000,-4169.729492,0.485405,1382.107210,683.313538,2240.564209,310.309601,312.072815,315.902018,-15.755166,-0.046115,3.889241,-59.145779,-19.998601,-19.848696,685.621460,-0.007684,-0.002533,0.000506,0.105000,0.105819,-0.007726,83460.992188,0.995459,0.000000,0.000000,0.000000,0.000000,0.000000,0.000000,0.000000,0.000000,0.000000,-58.141739,2243.144775
26.237791,1.000000,-4161.301758,0.497766,1379.061699,680.276123,2230.486084,310.401001,312.169891,315.966678,-15.755758,-0.046624,3.882224,-59.136734,-19.992017,-19.848482,682.554016,-0.007905,-0.002533,0.000508,0.105000,0.105739,-0.014718,83460.992188,0.994389,0.000000,0.000000,0.000000,0.000000,0.000000,0.000000,0.000000,0.000000,0.000000,-58.132858,2233.066650
26.295698,1.000000,-4152.590332,0.510449,1375.637635,676.861267,2220.072510,310.504364,312.270630,316.033088,-15.756854,-0.047188,3.874094,-59.127865,-19.985388,-19.848324,679.383301,-0.007775,-0.002526,0.000510,0.105000,0.105658,-0.022236,83460.992188,0.993339,0.000000,0.000000,0.000000,0.000000,0.000000,0.000000,0.000000,0.000000,0.000000,-58.123398,2222.653076
26.352130,1.000000,-4142.673340,0.524768,1372.301290,673.533691,2208.222168,310.605804,312.384888,316.108100,-15.758284,-0.047729,3.866101,-59.118629,-19.978147,-19.848219,675.773804,-0.008301,-0.002532,0.000512,0.105000,0.105587,-0.028324,83460.992188,0.992238,0.000000,0.000000,0.000000,0.000000,0.000000,0.000000,0.000000,0.000000,0.000000,-58.114994,2210.802490
26.409515,1.000000,-4133.446289,0.537980,1368.909074,670.150452,2197.200195,310.709106,312.490906,316.177477,-15.760113,-0.048270,3.857763,-59.110527,-19.971589,-19.848190,672.415466,-0.008391,-0.002529,0.000514,0.105000,0.105523,-0.034594,83460.992188,0.990886,0.000000,0.000000,0.000000,0.000000,0.000000,0.000000,0.000000,0.000000,0.000000,-58.106922,2200.011719
26.466349,1.000000,-4124.114746,0.551232,1365.549864,666.800110,2186.057617,310.811920,312.598053,316.247091,-15.762249,-0.048798,3.849428,-59.103016,-19.965204,-19.848232,669.019043,-0.008553,-0.002529,0.000516,0.105000,0.105467,-0.040150,83460.992188,0.989523,0.000000,0.000000,0.000000,0.000000,0.000000,0.000000,0.000000,0.000000,0.000000,-58.099613,2188.869141
26.523411,1.000000,-4115.038574,0.564015,1362.177578,663.436890,2175.224121,310.915680,312.701904,316.314331,-15.764695,-0.049319,3.841000,-59.096375,-19.959229,-19.848343,665.715576,-0.008586,-0.002526,0.000518,0.105000,0.105416,-0.045147,83460.992188,0.988081,0.000000,0.000000,0.000000,0.000000,0.000000,0.000000,0.000000,0.000000,0.000000,-58.092949,2178.035645
26.578092,1.000000,-4105.755371,0.576985,1358.946343,660.214050,2164.146240,311.015503,312.809052,316.382640,-15.767298,-0.049809,3.832891,-59.090271,-19.953361,-19.848501,662.336792,-0.008824,-0.002526,0.000519,0.105000,0.105373,-0.049422,83460.992188,0.986959,0.000000,0.000000,0.000000,0.000000,0.000000,0.000000,0.000000,0.000000,0.000000,-58.087204,2166.957764
26.634542,1.000000,-4096.706055,0.589525,1355.610886,656.887390,2153.351318,311.119080,312.913391,316.448694,-15.770214,-0.050307,3.824513,-59.084953,-19.947871,-19.848726,659.043091,-0.008852,-0.002525,0.000521,0.105000,0.105333,-0.053380,83460.992188,0.985816,0.000000,0.000000,0.000000,0.000000,0.000000,0.000000,0.000000,0.000000,0.000000,-58.081902,2156.280762
26.688196,1.000000,-4087.954834,0.601555,1352.440895,653.725830,2142.915039,311.217773,313.013947,316.512109,-15.773173,-0.050776,3.816570,-59.080383,-19.942769,-19.848991,655.857910,-0.008923,-0.002523,0.000523,0.105000,0.105299,-0.056740,83460.992188,0.984626,0.000000,0.000000,0.000000,0.000000,0.000000,0.000000,0.000000,0.000000,0.000000,-58.077442,2145.844482
26.739457,1.000000,-4079.855957,0.612605,1349.412498,650.705383,2133.259033,311.312317,313.107239,316.570392,-15.776163,-0.051215,3.809009,-59.076656,-19.938228,-19.849279,652.910156,-0.008875,-0.002519,0.000525,0.105000,0.105270,-0.059670,83460.992188,0.983580,0.000000,0.000000,0.000000,0.000000,0.000000,0.000000,0.000000,0.000000,0.000000,-58.073696,2136.188477
26.791919,1.000000,-4071.273682,0.624223,1346.313331,647.614441,2123.029297,311.409454,313.205597,316.631731,-15.779366,-0.051656,3.801333,-59.073277,-19.933619,-19.849625,649.786499,-0.008936,-0.002518,0.000526,0.105000,0.105243,-0.062178,83460.992188,0.982428,0.000000,0.000000,0.000000,0.000000,0.000000,0.000000,0.000000,0.000000,0.000000,-58.070450,2125.981445
26.846405,1.000000,-4062.353027,0.636203,1343.094763,644.404236,2112.399170,311.510620,313.306946,316.694967,-15.782816,-0.052105,3.793446,-59.070347,-19.929041,-19.850033,646.539612,-0.009004,-0.002518,0.000528,0.105000,0.105218,-0.064326,83460.992188,0.981024,0.000000,0.000000,0.000000,0.000000,0.000000,0.000000,0.000000,0.000000,0.000000,-58.067661,2115.351318
26.903523,1.000000,-4053.287842,0.648277,1339.720866,641.039185,2101.599365,311.617004,313.411102,316.758856,-15.786552,-0.052572,3.785266,-59.067963,-19.924597,-19.850494,643.240173,-0.008971,-0.002516,0.000530,0.105000,0.105194,-0.066247,83460.992188,0.979953,0.000000,0.000000,0.000000,0.000000,0.000000,0.000000,0.000000,0.000000,0.000000,-58.065331,2104.551514
26.961338,1.000000,-4043.628906,0.661032,1336.305915,637.633240,2090.094971,311.724976,313.522186,316.826424,-15.790430,-0.053034,3.777110,-59.066051,-19.920088,-19.851030,639.724609,-0.009094,-0.002515,0.000532,0.105000,0.105173,-0.067830,83460.992188,0.978948,0.000000,0.000000,0.000000,0.000000,0.000000,0.000000,0.000000,0.000000,0.000000,-58.063572,2093.047119
27.011804,1.000000,-4035.247314,0.672008,1333.325118,634.660156,2080.114014,311.819397,313.617828,316.884677,-15.793889,-0.053429,3.770065,-59.064819,-19.916332,-19.851532,636.673950,-0.009163,-0.002513,0.000533,0.105000,0.105156,-0.069178,83460.992188,0.977836,0.000000,0.000000,0.000000,0.000000,0.000000,0.000000,0.000000,0.000000,0.000000,-58.062462,2083.251709
27.064616,1.000000,-4026.634766,0.683196,1330.205802,631.549072,2069.860352,311.918427,313.717163,316.944088,-15.797576,-0.053837,3.762807,-59.064075,-19.912661,-19.852085,633.539246,-0.009180,-0.002512,0.000535,0.105000,0.105140,-0.070272,83460.992188,0.977048,0.000000,0.000000,0.000000,0.000000,0.000000,0.000000,0.000000,0.000000,0.000000,-58.061794,2072.998047
27.114950,1.000000,-4018.443848,0.693753,1327.232871,628.583984,2060.110596,312.012939,313.810944,317.000295,-15.801135,-0.054220,3.755988,-59.063778,-19.909315,-19.852642,630.557983,-0.009184,-0.002510,0.000536,0.105000,0.105127,-0.071173,83460.992188,0.976133,0.000000,0.000000,0.000000,0.000000,0.000000,0.000000,0.000000,0.000000,0.000000,-58.061573,2063.248047
27.167862,1.000000,-4009.897461,0.704680,1324.107673,625.466858,2049.939209,312.112396,313.908081,317.058667,-15.804924,-0.054614,3.748930,-59.063892,-19.905973,-19.853254,627.447388,-0.009180,-0.002510,0.000538,0.105000,0.105114,-0.071869,83460.992188,0.975046,0.000000,0.000000,0.000000,0.000000,0.000000,0.000000,0.000000,0.000000,0.000000,-58.061787,2053.076904
27.219677,1.000000,-4001.629150,0.715167,1321.047247,622.414368,2040.100830,312.209869,314.003021,317.114666,-15.808668,-0.054991,3.742137,-59.064411,-19.902895,-19.853876,624.437927,-0.009133,-0.002506,0.000539,0.105000,0.105103,-0.072434,83460.992188,0.974282,0.000000,0.000000,0.000000,0.000000,0.000000,0.000000,0.000000,0.000000,0.000000,-58.062397,2043.223022
27.270523,1.000000,-3993.621338,0.725245,1318.044013,619.419067,2030.573853,312.305847,314.093994,317.168738,-15.812360,-0.055354,3.735600,-59.065308,-19.900047,-19.854504,621.523315,-0.009079,-0.002503,0.000541,0.105000,0.105093,-0.072690,83460.992188,0.973357,0.000000,0.000000,0.000000,0.000000,0.000000,0.000000,0.000000,0.000000,0.000000,-58.063431,2033.696045
27.322285,1.000000,-3984.785889,0.736274,1314.986614,616.369507,2020.064087,312.403503,314.195740,317.228030,-15.816125,-0.055720,3.729061,-59.066681,-19.897046,-19.855228,618.307495,-0.009203,-0.002504,0.000542,0.105000,0.105084,-0.072964,83460.992188,0.972710,0.000000,0.000000,0.000000,0.000000,0.000000,0.000000,0.000000,0.000000,0.000000,-58.064819,2023.186279
27.377244,1.000000,-3976.050781,0.747086,1311.740291,613.131592,2009.675171,312.507324,314.294739,317.286224,-15.820138,-0.056098,3.722251,-59.068409,-19.894219,-19.855968,615.128174,-0.009151,-0.002502,0.000544,0.105000,0.105075,-0.073126,83460.992188,0.971756,0.000000,0.000000,0.000000,0.000000,0.000000,0.000000,0.000000,0.000000,0.000000,-58.066696,2012.797363
27.434392,2.000000,-3966.658691,0.758609,1308.364546,609.764587,1998.506470,312.615570,314.402618,317.348452,-15.824318,-0.056485,3.715320,-59.070724,-19.891342,-19.856791,611.709717,-0.009182,-0.002502,0.000545,0.105000,0.105067,-0.073128,83460.992188,0.971106,0.000000,0.000000,0.000000,0.000000,0.000000,0.000000,0.000000,0.000000,0.000000,-58.069077,2001.843750
27.485677,2.000000,-3958.379150,0.768678,1305.335007,606.742859,1988.662231,312.712708,314.496490,317.402998,-15.828070,-0.056824,3.709218,-59.073086,-19.888925,-19.857542,608.696228,-0.009177,-0.002501,0.000547,0.105000,0.105060,-0.073041,83460.992188,0.970256,0.000000,0.000000,0.000000,0.000000,0.000000,0.000000,0.000000,0.000000,0.000000,-58.071556,1991.999634
27.538428,2.000000,-3949.717773,0.779122,1302.218726,603.634705,1978.365479,312.812836,314.595917,317.459769,-15.831915,-0.057164,3.703077,-59.075890,-19.886517,-19.858351,605.543762,-0.009210,-0.002499,0.000548,0.105000,0.105054,-0.072890,83460.992188,0.969664,0.000000,0.000000,0.000000,0.000000,0.000000,0.000000,0.000000,0.000000,0.000000,-58.074421,1981.702881
27.588581,2.000000,-3941.563477,0.788873,1299.255778,600.679382,1968.672729,312.907928,314.688934,317.513010,-15.835569,-0.057482,3.697330,-59.078785,-19.884342,-19.859133,602.575806,-0.009217,-0.002497,0.000549,0.105000,0.105049,-0.072794,83460.992188,0.968999,0.000000,0.000000,0.000000,0.000000,0.000000,0.000000,0.000000,0.000000,0.000000,-58.077412,1972.010132
27.645112,2.000000,-3932.141113,0.800042,1295.915842,597.348145,1957.474243,313.015076,314.796875,317.574141,-15.839684,-0.057832,3.690975,-59.082474,-19.881958,-19.860062,599.146362,-0.009277,-0.002496,0.000551,0.105000,0.105044,-0.072658,83460.992188,0.968377,0.000000,0.000000,0.000000,0.000000,0.000000,0.000000,0.000000,0.000000,0.000000,-58.081104,1960.799072
27.698862,2.000000,-3924.310059,0.809243,1292.740011,594.180420,1948.167969,313.117065,314.886230,317.624682,-15.843588,-0.058156,3.685053,-59.085793,-19.880071,-19.860851,596.296082,-0.009060,-0.002491,0.000552,0.105000,0.105039,-0.072521,83460.992188,0.967784,0.000000,0.000000,0.000000,0.000000,0.000000,0.000000,0.000000,0.000000,0.000000,-58.084908,1951.492920
27.754636,2.000000,-3914.511719,0.820653,1289.444368,590.893188,1936.524902,313.222778,314.997742,317.687593,-15.847621,-0.058480,3.679045,-59.090267,-19.877830,-19.861855,592.729797,-0.009240,-0.002490,0.000554,0.105000,0.105035,-0.072283,83460.992188,0.967106,0.000000,0.000000,0.000000,0.000000,0.000000,0.000000,0.000000,0.000000,0.000000,-58.089172,1939.849731
27.805916,2.000000,-3906.088135,0.830371,1286.414057,587.870728,1926.516724,313.320038,315.093903,317.741457,-15.851321,-0.058772,3.673617,-59.094395,-19.876004,-19.862741,589.663879,-0.009270,-0.002490,0.000555,0.105000,0.105032,-0.072052,83460.992188,0.966612,0.000000,0.000000,0.000000,0.000000,0.000000,0.000000,0.000000,0.000000,0.000000,-58.093346,1930.041626
27.857492,2.000000,-3897.676270,0.839992,1283.366035,584.830566,1916.523438,313.417816,315.189697,317.795024,-15.855035,-0.059057,3.668248,-59.098732,-19.874260,-19.863640,586.602173,-0.009285,-0.002488,0.000556,0.105000,0.105029,-0.071835,83460.992188,0.966077,0.000000,0.000000,0.000000,0.000000,0.000000,0.000000,0.000000,0.000000,0.000000,-58.097767,1920.048218
27.907912,2.000000,-3889.410400,0.849365,1280.386106,581.962952,1906.704590,313.513428,315.283844,317.847405,-15.858644,-0.059334,3.663095,-59.103210,-19.872630,-19.864542,583.593689,-0.009310,-0.002486,0.000557,0.105000,0.105026,-0.071652,83460.992188,0.965602,0.000000,0.000000,0.000000,0.000000,0.000000,0.000000,0.000000,0.000000,0.000000,-58.102299,1910.229492
27.964371,2.000000,-3880.198486,0.859717,1277.048984,578.357239,1895.762695,313.620422,315.388733,317.905510,-15.862690,-0.059631,3.657410,-59.108433,-19.870900,-19.865557,580.240784,-0.009319,-0.002483,0.000559,0.105000,0.105023,-0.071494,83460.992188,0.965089,0.000000,0.000000,0.000000,0.000000,0.000000,0.000000,0.000000,0.000000,0.000000,-58.107605,1899.287476
28.020514,2.000000,-3870.905029,0.870058,1273.730237,574.971619,1884.725342,313.726868,315.495117,317.963912,-15.866696,-0.059916,3.651866,-59.113960,-19.869248,-19.866606,576.858276,-0.009366,-0.002481,0.000560,0.105000,0.105021,-0.071333,83460.992188,0.964703,0.000000,0.000000,0.000000,0.000000,0.000000,0.000000,0.000000,0.000000,0.000000,-58.113132,1887.533325
28.076595,2.000000,-3861.595459,0.880317,1270.414841,571.612244,1873.669434,313.833160,315.600433,318.022106,-15.870689,-0.060196,3.646425,-59.119728,-19.867684,-19.867664,573.469849,-0.009415,-0.002479,0.000561,0.105000,0.105018,-0.071161,83460.992188,0.964160,0.000000,0.000000,0.000000,0.000000,0.000000,0.000000,0.000000,0.000000,0.000000,-58.118885,1876.477417
28.130661,2.000000,-3853.107666,0.889582,1267.218257,568.373352,1863.590454,313.935638,315.696594,318.074962,-15.874536,-0.060456,3.641262,-59.125202,-19.866336,-19.868647,570.380554,-0.009370,-0.002474,0.000562,0.105000,0.105017,-0.070960,83460.992188,0.963710,0.000000,0.000000,0.000000,0.000000,0.000000,0.000000,0.000000,0.000000,0.000000,-58.124657,1866.398438
28.183588,2.000000,-3844.401611,0.899000,1264.088710,565.202332,1853.253052,314.035889,315.794922,318.128914,-15.878286,-0.060704,3.636297,-59.130993,-19.865023,-19.869667,567.211792,-0.009408,-0.002472,0.000563,0.105000,0.105015,-0.070803,83460.992188,0.963236,0.000000,0.000000,0.000000,0.000000,0.000000,0.000000,0.000000,0.000000,0.000000,-58.130486,1856.061035
28.240929,2.000000,-3835.145508,0.908915,1260.697816,561.766418,1842.263184,314.144257,315.899933,318.186011,-15.882340,-0.060962,3.630995,-59.137325,-19.863698,-19.870762,563.842834,-0.009403,-0.002468,0.000565,0.105000,0.105013,-0.070758,83460.992188,0.962812,0.000000,0.000000,0.000000,0.000000,0.000000,0.000000,0.000000,0.000000,0.000000,-58.136982,1844.663818
28.298302,2.000000,-3825.828857,0.918794,1257.304653,558.442261,1831.202148,314.252686,316.006409,318.243286,-15.886397,-0.061214,3.625765,-59.143925,-19.862446,-19.871878,560.451843,-0.009410,-0.002463,0.000566,0.105000,0.105012,-0.070718,83460.992188,0.962538,0.000000,0.000000,0.000000,0.000000,0.000000,0.000000,0.000000,0.000000,0.000000,-58.143696,1833.602905
28.348887,2.000000,-3817.384766,0.927662,1254.312624,555.496399,1821.177856,314.348297,316.101318,318.294955,-15.889972,-0.061429,3.621226,-59.150066,-19.861375,-19.872900,557.378479,-0.009469,-0.002463,0.000567,0.105000,0.105011,-0.070647,83460.992188,0.962084,0.000000,0.000000,0.000000,0.000000,0.000000,0.000000,0.000000,0.000000,0.000000,-58.149792,1823.578491
28.404183,2.000000,-3808.437988,0.936968,1251.041590,552.275879,1810.557251,314.452881,316.202118,318.349531,-15.893873,-0.061654,3.616339,-59.156765,-19.860309,-19.873993,554.122131,-0.009484,-0.002460,0.000568,0.105000,0.105010,-0.070538,83460.992188,0.961684,0.000000,0.000000,0.000000,0.000000,0.000000,0.000000,0.000000,0.000000,0.000000,-58.156639,1812.958008
28.460390,2.000000,-3799.010742,0.946674,1247.716278,549.001831,1799.367065,314.558868,316.309448,318.406717,-15.897840,-0.061875,3.611425,-59.163971,-19.859251,-19.875154,550.690857,-0.009546,-0.002456,0.000569,0.105000,0.105009,-0.070585,83460.992188,0.961418,0.000000,0.000000,0.000000,0.000000,0.000000,0.000000,0.000000,0.000000,0.000000,-58.163738,1802.091309
28.513836,2.000000,-3790.209717,0.955643,1244.553942,545.888245,1788.920898,314.659485,316.408386,318.460017,-15.901617,-0.062076,3.606805,-59.170841,-19.858312,-19.876251,547.487549,-0.009580,-0.002451,0.000570,0.105000,0.105008,-0.070675,83460.992188,0.960986,0.000000,0.000000,0.000000,0.000000,0.000000,0.000000,0.000000,0.000000,0.000000,-58.170635,1791.645142
28.565224,2.000000,-3781.811523,0.964119,1241.513027,542.894287,1778.953125,314.756195,316.503845,318.510618,-15.905251,-0.062264,3.602409,-59.177540,-19.857476,-19.877300,544.430847,-0.009591,-0.002448,0.000571,0.105000,0.105007,-0.070789,83460.992188,0.960760,0.000000,0.000000,0.000000,0.000000,0.000000,0.000000,0.000000,0.000000,0.000000,-58.177399,1781.677246
28.617524,2.000000,-3773.240234,0.972686,1238.417785,539.846619,1768.780640,314.854584,316.600189,318.562080,-15.908957,-0.062445,3.597980,-59.184505,-19.856673,-19.878386,541.311157,-0.009621,-0.002444,0.000571,0.105000,0.105006,-0.070876,83460.992188,0.960401,0.000000,0.000000,0.000000,0.000000,0.000000,0.000000,0.000000,0.000000,0.000000,-58.184425,1772.145874
28.673285,2.000000,-3764.318604,0.981515,1235.117308,536.597107,1758.192505,314.959290,316.701050,318.615469,-15.912914,-0.062629,3.593313,-59.191895,-19.855891,-19.879517,538.063965,-0.009603,-0.002439,0.000572,0.105000,0.105006,-0.071039,83460.992188,0.960110,0.000000,0.000000,0.000000,0.000000,0.000000,0.000000,0.000000,0.000000,0.000000,-58.192059,1761.557861
28.726366,2.000000,-3755.783691,0.989875,1231.975058,533.503296,1748.063843,315.059021,316.795807,318.666307,-15.916686,-0.062797,3.588937,-59.199139,-19.855210,-19.880604,534.957520,-0.009612,-0.002436,0.000573,0.105000,0.105005,-0.070992,83460.992188,0.959656,0.000000,0.000000,0.000000,0.000000,0.000000,0.000000,0.000000,0.000000,0.000000,-58.199516,1751.429077
28.781145,2.000000,-3746.800537,0.998584,1228.731874,530.310120,1737.403687,315.161865,316.896790,318.719608,-15.920576,-0.062964,3.584471,-59.206902,-19.854549,-19.881760,531.687927,-0.009654,-0.002433,0.000574,0.105000,0.105004,-0.070985,83460.992188,0.959391,0.000000,0.000000,0.000000,0.000000,0.000000,0.000000,0.000000,0.000000,0.000000,-58.207344,1740.769043
28.833211,2.000000,-3737.822021,1.007197,1225.648919,527.274414,1726.749268,315.259491,316.998962,318.772730,-15.924274,-0.063110,3.580261,-59.214760,-19.853928,-19.882915,528.419983,-0.009749,-0.002429,0.000575,0.105000,0.105004,-0.071151,83460.992188,0.959268,0.000000,0.000000,0.000000,0.000000,0.000000,0.000000,0.000000,0.000000,0.000000,-58.214863,1730.758789
28.891271,2.000000,-3728.707275,1.015848,1222.210581,523.888794,1715.933838,315.368286,317.100067,318.826475,-15.928411,-0.063264,3.575610,-59.222858,-19.853345,-19.884100,525.102478,-0.009715,-0.002423,0.000575,0.105000,0.105004,-0.071316,83460.992188,0.958802,0.000000,0.000000,0.000000,0.000000,0.000000,0.000000,0.000000,0.000000,0.000000,-58.223404,1719.943359
28.946206,2.000000,-3719.623047,1.024376,1218.956850,520.685120,1705.154541,315.471130,317.202087,318.879864,-15.932332,-0.063406,3.571252,-59.231071,-19.852819,-19.885281,521.796143,-0.009754,-0.002419,0.000576,0.105000,0.105003,-0.071488,83460.992188,0.958529,0.000000,0.000000,0.000000,0.000000,0.000000,0.000000,0.000000,0.000000,0.000000,-58.231609,1709.164185
28.996342,2.000000,-3711.411621,1.032005,1215.986963,517.760742,1695.411377,315.564880,317.294098,318.927944,-15.935924,-0.063525,3.567304,-59.238605,-19.852387,-19.886354,518.807373,-0.009783,-0.002416,0.000577,0.105000,0.105003,-0.071611,83460.992188,0.958276,0.000000,0.000000,0.000000,0.000000,0.000000,0.000000,0.000000,0.000000,0.000000,-58.239212,1699.421021
29.048613,2.000000,-3702.861816,1.039867,1212.889979,514.711304,1685.266479,315.662537,317.391327,318.972613,-15.938859,-0.063703,3.569082,-59.255779,-19.855129,-19.835247,515.698975,0.028050,-0.002241,0.000626,0.105000,0.105003,-0.016441,83460.992188,0.886773,0.000000,0.000000,0.000000,0.000000,0.000000,0.000000,0.000000,0.000000,0.000000,-58.261971,1689.844482
29.104288,2.000000,-3693.696777,1.048215,1209.588623,511.460510,1674.384277,315.766388,317.495667,318.988927,-15.933390,-0.063974,3.595216,-59.319836,-19.873976,-19.765039,512.378967,0.065884,-0.002189,0.000699,0.105000,0.105002,0.218866,83460.992188,0.816537,0.000000,0.000000,0.000000,0.000000,0.000000,0.000000,0.000000,0.000000,0.000000,-58.331116,1678.962280
29.161746,2.000000,-3684.356689,1.056649,1206.176706,508.100830,1663.277222,315.873199,317.600403,318.985516,-15.910517,-0.064244,3.647469,-59.411129,-19.902358,-19.692497,509.008606,0.093338,-0.002155,0.000760,0.105000,0.105002,0.563463,83460.992188,0.790658,0.000000,0.000000,0.000000,0.000000,0.000000,0.000000,0.000000,0.000000,0.000000,-58.425312,1667.855225
29.215530,2.000000,-3675.347900,1.064718,1202.977871,504.950806,1652.544434,315.972290,317.701111,318.975431,-15.869833,-0.064472,3.717590,-59.506210,-19.932284,-19.621525,505.770264,0.114216,-0.002124,0.000806,0.105000,0.105002,0.927783,83460.992188,0.787072,0.000000,0.000000,0.000000,0.000000,0.000000,0.000000,0.000000,0.000000,0.000000,-58.518780,1657.122437
29.269196,2.000000,-3666.678467,1.072419,1199.781173,501.802795,1642.197876,316.070190,317.795380,318.966444,-15.809357,-0.064672,3.805564,-59.593876,-19.959850,-19.552298,502.665497,0.127556,-0.002095,0.000844,0.105000,0.105002,1.297964,83460.992188,0.809503,0.000000,0.000000,0.000000,0.000000,0.000000,0.000000,0.000000,0.000000,0.000000,-58.606358,1647.341064
29.325317,2.000000,-3657.520508,1.080481,1196.433616,498.506226,1631.250244,316.170715,317.893402,318.964131,-15.725279,-0.064854,3.913547,-59.672974,-19.984380,-19.478203,499.398071,0.138632,-0.002068,0.000875,0.105000,0.105001,1.667987,83460.992188,0.841178,0.000000,0.000000,0.000000,0.000000,0.000000,0.000000,0.000000,0.000000,0.000000,-58.683643,1636.393433
29.375600,2.000000,-3649.321777,1.087630,1193.431064,495.500916,1621.436279,316.258728,317.979187,318.971071,-15.632958,-0.064987,4.021439,-59.727638,-20.000835,-19.411074,496.483582,0.143933,-0.002046,0.000897,0.105000,0.105001,1.971906,83460.992188,0.880830,0.000000,0.000000,0.000000,0.000000,0.000000,0.000000,0.000000,0.000000,0.000000,-58.735706,1626.579590
29.429498,2.000000,-3640.388428,1.095337,1190.210319,492.280273,1610.733643,316.350372,318.069977,318.989609,-15.517972,-0.065101,4.146497,-59.767323,-20.011999,-19.337151,493.319458,0.151163,-0.002023,0.000916,0.105000,0.105001,2.268167,83460.992188,0.921916,0.000000,0.000000,0.000000,0.000000,0.000000,0.000000,0.000000,0.000000,0.000000,-58.772034,1615.876953
29.486930,2.000000,-3631.072266,1.103273,1186.777225,488.847229,1599.566895,316.444458,318.161499,319.028583,-15.379937,-0.065185,4.282363,-59.775295,-20.012205,-19.259281,490.032532,0.130065,-0.001998,0.000931,0.105000,0.105001,2.494970,83460.992188,1.017579,0.000000,0.000000,0.000000,0.000000,0.000000,0.000000,0.000000,0.000000,0.000000,-58.773029,1604.990723
29.543686,2.000000,-3621.809082,1.111045,1183.386004,485.456360,1588.467896,316.533142,318.248016,319.096269,-15.234817,-0.065231,4.409550,-59.735607,-19.996066,-19.181238,486.777191,0.120267,-0.001975,0.000941,0.105000,0.105001,2.598839,83460.992188,1.085356,0.000000,0.000000,0.000000,0.000000,0.000000,0.000000,0.000000,0.000000,0.000000,-58.727886,1593.891724
29.594138,2.000000,-3613.187256,1.118157,1180.374310,482.444885,1578.148804,316.607819,318.324677,319.173565,-15.102329,-0.065244,4.518013,-59.671738,-19.971922,-19.108173,483.758789,0.116879,-0.001959,0.000948,0.105000,0.105001,2.645410,83460.992188,1.125817,0.000000,0.000000,0.000000,0.000000,0.000000,0.000000,0.000000,0.000000,0.000000,-58.663795,1583.572632
29.646001,2.000000,-3604.642578,1.125084,1177.282236,479.353149,1567.937134,316.680573,318.396393,319.258127,-14.964300,-0.065232,4.625802,-59.590672,-19.942064,-19.035425,480.778351,0.115708,-0.001943,0.000953,0.105000,0.105001,2.673261,83460.992188,1.156739,0.000000,0.000000,0.000000,0.000000,0.000000,0.000000,0.000000,0.000000,0.000000,-58.581264,1573.479004
29.702250,2.000000,-3595.627441,1.132254,1173.933959,476.005188,1557.182861,316.754486,318.467529,319.353190,-14.813310,-0.065187,4.738890,-59.489838,-19.905512,-18.958368,477.645660,0.115637,-0.001926,0.000957,0.105000,0.105001,2.692955,83460.992188,1.184574,0.000000,0.000000,0.000000,0.000000,0.000000,0.000000,0.000000,0.000000,0.000000,-58.476238,1562.724854
29.757053,2.000000,-3586.731445,1.139183,1170.677861,472.749329,1546.593018,316.821381,318.533325,319.451367,-14.665292,-0.065112,4.845548,-59.376999,-19.865085,-18.882065,474.566254,0.116084,-0.001910,0.000960,0.105000,0.105001,2.707467,83460.992188,1.209176,0.000000,0.000000,0.000000,0.000000,0.000000,0.000000,0.000000,0.000000,0.000000,-58.360329,1552.135010
29.811321,2.000000,-3577.801514,1.145990,1167.460167,469.531921,1535.987427,316.882568,318.595032,319.553519,-14.517999,-0.065009,4.947912,-59.251434,-19.820509,-18.805248,471.486969,0.116736,-0.001898,0.000962,0.105000,0.105001,2.719790,83460.992188,1.232139,0.000000,0.000000,0.000000,0.000000,0.000000,0.000000,0.000000,0.000000,0.000000,-58.233311,1541.529419
29.866535,2.000000,-3568.739258,1.152740,1164.193802,466.266113,1525.252441,316.939514,318.653107,319.660356,-14.367485,-0.064871,5.048888,-59.112118,-19.771427,-18.727106,468.374207,0.117483,-0.001882,0.000963,0.105000,0.105000,2.731361,83460.992188,1.254405,0.000000,0.000000,0.000000,0.000000,0.000000,0.000000,0.000000,0.000000,0.000000,-58.092220,1530.713501
29.917652,2.000000,-3560.427490,1.158788,1161.177063,463.249756,1515.432739,316.987335,318.702576,319.760758,-14.227578,-0.064716,5.139630,-58.974236,-19.723155,-18.655302,465.529938,0.118201,-0.001867,0.000963,0.105000,0.105000,2.741623,83460.992188,1.274183,0.000000,0.000000,0.000000,0.000000,0.000000,0.000000,0.000000,0.000000,0.000000,-57.951363,1520.893921
29.969083,2.000000,-3551.819336,1.164904,1158.149279,460.222473,1505.291382,317.030762,318.749054,319.866943,-14.086297,-0.064535,5.228339,-58.821537,-19.669983,-18.580835,462.595062,0.118925,-0.001853,0.000964,0.105000,0.105000,2.751718,83460.992188,1.293710,0.000000,0.000000,0.000000,0.000000,0.000000,0.000000,0.000000,0.000000,0.000000,-57.799950,1510.752441
30.019277,2.000000,-3543.745117,1.170500,1155.202104,457.275818,1495.806519,317.068512,318.789795,319.968324,-13.947913,-0.064336,5.312534,-58.669495,-19.617285,-18.510914,459.852203,0.119628,-0.001842,0.000963,0.105000,0.105000,2.761394,83460.992188,1.311870,0.000000,0.000000,0.000000,0.000000,0.000000,0.000000,0.000000,0.000000,0.000000,-57.643166,1501.267700
30.077528,2.000000,-3534.193604,1.176942,1151.792040,453.866150,1484.623535,317.106781,318.832611,320.090170,-13.786715,-0.064076,5.407372,-58.478935,-19.551530,-18.428156,456.619995,0.120431,-0.001826,0.000963,0.105000,0.105000,2.772472,83460.992188,1.332480,0.000000,0.000000,0.000000,0.000000,0.000000,0.000000,0.000000,0.000000,0.000000,-57.450348,1490.151489
30.132937,2.000000,-3524.904541,1.183017,1148.559067,450.633728,1473.787720,317.137756,318.870544,320.210325,-13.632786,-0.063801,5.494823,-58.282806,-19.484145,-18.347652,453.489563,0.121180,-0.001811,0.000962,0.105000,0.105000,2.782885,83460.992188,1.351650,0.000000,0.000000,0.000000,0.000000,0.000000,0.000000,0.000000,0.000000,0.000000,-57.256390,1479.315796
30.186706,2.000000,-3516.239746,1.188512,1145.432316,447.507446,1463.717163,317.162628,318.900909,320.323926,-13.482872,-0.063552,5.577205,-58.090572,-19.418327,-18.272566,450.580994,0.121919,-0.001688,0.000929,0.105000,0.105000,2.792666,83460.992188,1.369272,0.000000,0.000000,0.000000,0.000000,0.000000,0.000000,0.000000,0.000000,0.000000,-57.058701,1469.245117
30.240196,2.000000,-3507.394531,1.193931,1142.332648,444.407898,1453.476440,317.182465,318.927673,320.441145,-13.333216,-0.063342,5.656851,-57.885525,-19.348335,-18.195969,447.623291,0.122643,-0.001681,0.000879,0.105000,0.105000,2.802279,83460.992188,1.386483,0.000000,0.000000,0.000000,0.000000,0.000000,0.000000,0.000000,0.000000,0.000000,-56.853130,1459.004395
30.290471,2.000000,-3499.134521,1.198817,1139.429498,441.504700,1443.949463,317.196777,318.949951,320.551631,-13.192097,-0.063116,5.729659,-57.686161,-19.280469,-18.124495,444.871674,0.123345,-0.001685,0.000839,0.105000,0.105000,2.810936,83460.992188,1.402004,0.000000,0.000000,0.000000,0.000000,0.000000,0.000000,0.000000,0.000000,0.000000,-56.652035,1449.546631
30.344017,2.000000,-3490.439453,1.203777,1136.348834,438.424133,1433.960938,317.207336,318.968658,320.668583,-13.041315,-0.062846,5.805116,-57.468388,-19.206532,-18.049353,441.986023,0.124053,-0.001693,0.000804,0.105000,0.105000,2.820288,83460.992188,1.418091,0.000000,0.000000,0.000000,0.000000,0.000000,0.000000,0.000000,0.000000,0.000000,-56.429707,1439.558105
30.395804,2.000000,-3481.584961,1.208632,1133.380900,435.456055,1423.833008,317.213074,318.984070,320.788116,-12.895006,-0.062555,5.876100,-57.238426,-19.128663,-17.972958,439.058868,0.124706,-0.001699,0.000775,0.105000,0.105000,2.829397,83460.992188,1.433614,0.000000,0.000000,0.000000,0.000000,0.000000,0.000000,0.000000,0.000000,0.000000,-56.206810,1429.430054
30.451770,2.000000,-3472.384766,1.213468,1130.186645,432.261963,1413.356689,317.214447,318.994476,320.912394,-12.736365,-0.062207,5.950685,-56.990917,-19.045076,-17.893723,436.029633,0.125389,-0.001705,0.000750,0.105000,0.105000,2.839213,83460.992188,1.449640,0.000000,0.000000,0.000000,0.000000,0.000000,0.000000,0.000000,0.000000,0.000000,-55.957443,1418.976929
30.503449,2.000000,-3463.753174,1.217809,1127.249636,429.325073,1403.573730,317.211273,319.002167,321.029080,-12.589387,-0.061860,6.017657,-56.751007,-18.964244,-17.819555,433.198914,0.126004,-0.001707,0.000731,0.105000,0.105000,2.848209,83460.992188,1.464110,0.000000,0.000000,0.000000,0.000000,0.000000,0.000000,0.000000,0.000000,0.000000,-55.719551,1409.193970
30.556012,2.000000,-3455.217529,1.221914,1124.275208,426.350769,1393.944214,317.203949,319.004364,321.144134,-12.439423,-0.061485,6.083982,-56.506653,-18.882102,-17.746393,430.410400,0.124948,-0.001711,0.000714,0.105000,0.105000,2.857221,83460.992188,1.478387,0.000000,0.000000,0.000000,0.000000,0.000000,0.000000,0.000000,0.000000,0.000000,-55.470299,1399.564453
30.606201,2.000000,-3447.208984,1.225592,1121.447698,423.523315,1384.951172,317.192932,319.001587,321.254264,-12.296264,-0.061108,6.143180,-56.266891,-18.801633,-17.677938,427.803772,0.117250,-0.001712,0.000702,0.105000,0.105000,2.843127,83460.992188,1.510828,0.000000,0.000000,0.000000,0.000000,0.000000,0.000000,0.000000,0.000000,0.000000,-55.219730,1390.571289
30.660670,2.000000,-3438.051514,1.229589,1118.393681,420.469299,1374.720215,317.176910,318.995178,321.384385,-12.142620,-0.060661,6.200898,-55.977131,-18.704514,-17.599941,424.834717,0.110718,-0.001802,0.000677,0.105000,0.105000,2.797800,83460.992188,1.536445,0.000000,0.000000,0.000000,0.000000,0.000000,0.000000,0.000000,0.000000,0.000000,-54.933052,1380.362671
30.713807,2.000000,-3429.097412,1.233280,1115.429705,417.505371,1364.773315,317.157257,318.982269,321.512698,-11.995652,-0.060043,6.250790,-55.682022,-18.605797,-17.524006,421.943451,0.104990,-0.002006,0.000598,0.105000,0.105000,2.736126,83460.992188,1.555693,0.000000,0.000000,0.000000,0.000000,0.000000,0.000000,0.000000,0.000000,0.000000,-54.642372,1370.415771
30.764585,2.000000,-3420.899170,1.236469,1112.612026,414.687805,1355.716797,317.134827,318.966949,321.629502,-11.858583,-0.059369,6.292609,-55.403809,-18.512922,-17.454792,419.306488,0.099796,-0.002065,0.000529,0.105000,0.105000,2.667157,83460.992188,1.569475,0.000000,0.000000,0.000000,0.000000,0.000000,0.000000,0.000000,0.000000,0.000000,-54.356598,1361.359131
30.819769,2.000000,-3411.747559,1.239814,1109.566588,411.642273,1345.665894,317.106689,318.944000,321.758555,-11.713843,-0.058602,6.331636,-55.086029,-18.407030,-17.377911,416.374481,0.094689,-0.002116,0.000465,0.105000,0.105000,2.584493,83460.992188,1.582052,0.000000,0.000000,0.000000,0.000000,0.000000,0.000000,0.000000,0.000000,0.000000,-54.038860,1351.308350
30.878415,2.000000,-3402.228760,1.243056,1106.349425,408.425171,1335.278198,317.072906,318.917114,321.890783,-11.565194,-0.057759,6.365959,-54.749035,-18.294932,-17.298382,413.337738,0.089653,-0.002163,0.000406,0.105000,0.105000,2.490842,83460.992188,1.592088,0.000000,0.000000,0.000000,0.000000,0.000000,0.000000,0.000000,0.000000,0.000000,-53.694675,1340.811401
30.929198,2.000000,-3393.831543,1.245712,1103.580189,405.656006,1326.172363,317.040466,318.886780,322.005481,-11.441047,-0.057013,6.389900,-54.447636,-18.194817,-17.228621,410.669769,0.084804,-0.002200,0.000363,0.105000,0.105000,2.407104,83460.992188,1.598536,0.000000,0.000000,0.000000,0.000000,0.000000,0.000000,0.000000,0.000000,0.000000,-53.392570,1331.705444
30.983073,2.000000,-3384.571533,1.248425,1100.659011,402.734863,1316.192871,317.003479,318.855072,322.129581,-11.314048,-0.056205,6.409423,-54.111187,-18.083214,-17.152109,407.739563,0.080980,-0.002240,0.000323,0.105000,0.105000,2.314188,83460.992188,1.605120,0.000000,0.000000,0.000000,0.000000,0.000000,0.000000,0.000000,0.000000,0.000000,-53.068123,1321.726074
31.035456,2.000000,-3375.969727,1.250742,1097.835514,399.911316,1306.982300,316.965057,318.820526,322.242292,-11.195348,-0.055413,6.423133,-53.796642,-17.979000,-17.081453,405.028778,0.077555,-0.002273,0.000290,0.105000,0.105000,2.224581,83460.992188,1.607594,0.000000,0.000000,0.000000,0.000000,0.000000,0.000000,0.000000,0.000000,0.000000,-52.750835,1312.515503
31.089268,2.000000,-3367.155029,1.252914,1094.952345,397.028137,1297.603149,316.923309,318.783875,322.355032,-11.078256,-0.054593,6.432148,-53.473328,-17.871989,-17.009460,402.262024,0.074315,-0.002306,0.000261,0.105000,0.105000,2.134156,83460.992188,1.608876,0.000000,0.000000,0.000000,0.000000,0.000000,0.000000,0.000000,0.000000,0.000000,-52.423897,1303.213623
31.146873,2.000000,-3357.659180,1.255030,1091.885406,393.961060,1287.566528,316.876495,318.741333,322.473200,-10.958216,-0.053708,6.436507,-53.124741,-17.756728,-16.932379,399.294067,0.071111,-0.002337,0.000235,0.105000,0.105000,2.039850,83460.992188,1.608472,0.000000,0.000000,0.000000,0.000000,0.000000,0.000000,0.000000,0.000000,0.000000,-52.073620,1293.177124
31.204489,2.000000,-3348.093506,1.256925,1088.838045,390.913635,1277.526489,316.827911,318.696564,322.588581,-10.843483,-0.052823,6.435837,-52.774166,-17.640923,-16.855219,396.317474,0.068169,-0.002366,0.000213,0.105000,0.105000,1.948935,83460.992188,1.606616,0.000000,0.000000,0.000000,0.000000,0.000000,0.000000,0.000000,0.000000,0.000000,-51.723858,1283.136963
31.256941,2.000000,-3339.243164,1.258471,1086.081321,388.156860,1268.300049,316.782318,318.653168,322.691948,-10.743499,-0.052020,6.431243,-52.451042,-17.534278,-16.784267,393.575226,0.065672,-0.002392,0.000196,0.105000,0.105000,1.869713,83460.992188,1.603691,0.000000,0.000000,0.000000,0.000000,0.000000,0.000000,0.000000,0.000000,0.000000,-51.406639,1273.910522
31.313681,2.000000,-3329.832764,1.259899,1083.117877,385.193420,1258.555420,316.732056,318.606781,322.798252,-10.639899,-0.051161,6.422394,-52.109364,-17.421600,-16.709280,390.671875,0.063312,-0.002417,0.000181,0.105000,0.105000,1.787982,83460.992188,1.599787,0.000000,0.000000,0.000000,0.000000,0.000000,0.000000,0.000000,0.000000,0.000000,-51.065296,1264.106323
31.365501,2.000000,-3321.577637,1.260969,1080.428372,382.503723,1250.062378,316.685333,318.563690,322.888361,-10.549236,-0.050380,6.411182,-51.811733,-17.323521,-16.643875,388.135468,0.061510,-0.002438,0.000169,0.105000,0.105000,1.717681,83460.992188,1.594862,0.000000,0.000000,0.000000,0.000000,0.000000,0.000000,0.000000,0.000000,0.000000,-50.755817,1255.613159
31.419754,2.000000,-3312.565918,1.261945,1077.629735,379.705017,1240.849365,316.636230,318.516418,322.983454,-10.458098,-0.049568,6.396602,-51.489494,-17.217399,-16.572872,385.377777,0.059683,-0.002457,0.000159,0.105000,0.105000,1.648488,83460.992188,1.589182,0.000000,0.000000,0.000000,0.000000,0.000000,0.000000,0.000000,0.000000,0.000000,-50.434467,1246.400146
31.471579,2.000000,-3304.032471,1.262686,1074.972517,377.047668,1232.180786,316.589172,318.471405,323.070182,-10.374425,-0.048798,6.380287,-51.187183,-17.117910,-16.506004,382.777252,0.058180,-0.002477,0.000151,0.105000,0.105000,1.586500,83460.992188,1.583285,0.000000,0.000000,0.000000,0.000000,0.000000,0.000000,0.000000,0.000000,0.000000,-50.130322,1237.707886
31.526508,2.000000,-3294.908936,1.263286,1072.173286,374.248474,1222.971802,316.539398,318.422760,323.159371,-10.289120,-0.047994,6.360787,-50.867371,-17.012731,-16.434896,380.008453,0.056761,-0.002496,0.000144,0.105000,0.105000,1.525522,83460.992188,1.576530,0.000000,0.000000,0.000000,0.000000,0.000000,0.000000,0.000000,0.000000,0.000000,-49.811340,1228.498901
31.582418,2.000000,-3285.875977,1.263685,1069.341956,371.417114,1213.913208,316.489105,318.374420,323.244142,-10.205586,-0.047182,6.338964,-50.554432,-16.909878,-16.364870,377.278900,0.055596,-0.002512,0.000139,0.105000,0.105000,1.468331,83460.992188,1.569290,0.000000,0.000000,0.000000,0.000000,0.000000,0.000000,0.000000,0.000000,0.000000,-49.490479,1219.440308
31.636600,2.000000,-3276.442139,1.263898,1066.615116,368.690308,1204.515137,316.440887,318.323181,323.328912,-10.127536,-0.046406,6.316267,-50.231792,-16.803904,-16.292133,374.440704,0.054471,-0.002519,0.000136,0.105000,0.105000,1.417723,83460.992188,1.561572,0.000000,0.000000,0.000000,0.000000,0.000000,0.000000,0.000000,0.000000,0.000000,-49.183456,1210.042236
31.687597,2.000000,-3268.031250,1.263916,1064.063618,366.138794,1196.188232,316.396027,318.277130,323.401136,-10.056455,-0.045721,6.293783,-49.947868,-16.710710,-16.227591,371.921021,0.053673,-0.002463,0.000150,0.105000,0.105000,1.374433,83460.992188,1.554146,0.000000,0.000000,0.000000,0.000000,0.000000,0.000000,0.000000,0.000000,0.000000,-48.898132,1201.720703
31.745083,2.000000,-3258.392334,1.263739,1061.204754,363.279907,1186.705566,316.346161,318.224182,323.479974,-9.978820,-0.045029,6.267456,-49.626995,-16.605464,-16.153984,369.045898,0.052897,-0.002383,0.000186,0.105000,0.105000,1.330713,83460.992188,1.545637,0.000000,0.000000,0.000000,0.000000,0.000000,0.000000,0.000000,0.000000,0.000000,-48.580902,1192.238159
31.797525,2.000000,-3249.977783,1.263413,1058.612566,360.687744,1178.479126,316.301636,318.176208,323.545406,-9.910053,-0.044472,6.242788,-49.350830,-16.514948,-16.090023,366.546844,0.052332,-0.002300,0.000234,0.105000,0.105000,1.295323,83460.992188,1.537840,0.000000,0.000000,0.000000,0.000000,0.000000,0.000000,0.000000,0.000000,0.000000,-48.295593,1184.011719
31.848526,2.000000,-3241.441162,1.262919,1056.105835,358.180969,1170.181885,316.259125,318.129364,323.608642,-9.844843,-0.043994,6.218437,-49.074482,-16.424431,-16.025408,364.021881,0.051856,-0.002220,0.000291,0.105000,0.105000,1.264933,83460.992188,1.530203,0.000000,0.000000,0.000000,0.000000,0.000000,0.000000,0.000000,0.000000,0.000000,-48.021927,1175.714478
31.903737,2.000000,-3231.904541,1.262177,1053.407743,355.482849,1160.968994,316.214264,318.075409,323.675586,-9.775876,-0.043544,6.191879,-48.770245,-16.324850,-15.953525,361.213409,0.051483,-0.002139,0.000360,0.105000,0.105000,1.236202,83460.992188,1.521847,0.000000,0.000000,0.000000,0.000000,0.000000,0.000000,0.000000,0.000000,0.000000,-47.729839,1166.567505
31.957498,2.000000,-3222.976563,1.261299,1050.795875,352.871033,1152.397339,316.171722,318.024689,323.734611,-9.710123,-0.043135,6.166047,-48.489716,-16.233104,-15.886507,358.595917,0.051177,-0.002105,0.000420,0.105000,0.105000,1.212352,83460.992188,1.513869,0.000000,0.000000,0.000000,0.000000,0.000000,0.000000,0.000000,0.000000,0.000000,-47.449585,1157.995972
32.011095,2.000000,-3213.945801,1.260231,1048.206859,350.282166,1143.778687,316.130402,317.971802,323.790848,-9.645740,-0.042735,6.140490,-48.210083,-16.141722,-15.818978,355.959869,0.050984,-0.002081,0.000469,0.105000,0.105000,1.192217,83460.992188,1.506363,0.000000,0.000000,0.000000,0.000000,0.000000,0.000000,0.000000,0.000000,0.000000,-47.174160,1149.377319
32.068020,2.000000,-3204.638428,1.258941,1045.473158,347.548462,1134.949341,316.087494,317.917419,323.845275,-9.578429,-0.042304,6.113724,-47.926056,-16.048977,-15.749639,353.255188,0.050784,-0.002053,0.000513,0.105000,0.105000,1.174405,83460.992188,1.498598,0.000000,0.000000,0.000000,0.000000,0.000000,0.000000,0.000000,0.000000,0.000000,-46.885841,1140.547852
32.123437,2.000000,-3195.549561,1.257498,1042.827506,344.902832,1126.378540,316.046722,317.864410,323.895016,-9.513783,-0.041884,6.088179,-47.652691,-15.959785,-15.682166,350.625885,0.050645,-0.002030,0.000548,0.105000,0.105000,1.160353,83460.992188,1.491084,0.000000,0.000000,0.000000,0.000000,0.000000,0.000000,0.000000,0.000000,0.000000,-46.609234,1131.976685
32.174751,2.000000,-3187.299561,1.256030,1040.391352,342.466736,1118.642090,316.009888,317.815338,323.937431,-9.454543,-0.041484,6.065078,-47.407829,-15.879948,-15.621112,348.249390,0.050499,-0.002010,0.000575,0.105000,0.105000,1.149795,83460.992188,1.484583,0.000000,0.000000,0.000000,0.000000,0.000000,0.000000,0.000000,0.000000,0.000000,-46.356522,1124.240234
32.228866,2.000000,-3177.981934,1.254194,1037.836121,339.911560,1109.953491,315.971832,317.759521,323.982189,-9.392580,-0.041054,6.041417,-47.134975,-15.791050,-15.552370,345.576965,0.050664,-0.001987,0.000598,0.105000,0.105000,1.141229,83460.992188,1.477785,0.000000,0.000000,0.000000,0.000000,0.000000,0.000000,0.000000,0.000000,0.000000,-46.093533,1115.551514
32.285907,2.000000,-3168.368164,1.252101,1035.158055,337.233459,1101.042236,315.932739,317.701569,324.025019,-9.327697,-0.040588,6.017301,-46.857288,-15.700648,-15.481666,342.832489,0.050818,-0.001965,0.000619,0.105000,0.105000,1.134487,83460.992188,1.470757,0.000000,0.000000,0.000000,0.000000,0.000000,0.000000,0.000000,0.000000,0.000000,-45.819988,1106.617798
32.340891,2.000000,-3159.266357,1.249936,1032.591223,334.666626,1092.654419,315.895691,317.646454,324.062510,-9.265450,-0.040125,5.994969,-46.597939,-15.616280,-15.414911,340.246246,0.050903,-0.001945,0.000635,0.105000,0.105000,1.130361,83460.992188,1.464092,0.000000,0.000000,0.000000,0.000000,0.000000,0.000000,0.000000,0.000000,0.000000,-45.559841,1098.229858
32.393918,2.000000,-3150.545654,1.247697,1030.129133,332.204529,1084.662109,315.860626,317.592682,324.095641,-9.205572,-0.039665,5.974370,-46.352646,-15.536546,-15.351119,337.779236,0.050941,-0.001925,0.000648,0.105000,0.105000,1.128525,83460.992188,1.458486,0.000000,0.000000,0.000000,0.000000,0.000000,0.000000,0.000000,0.000000,0.000000,-45.312126,1090.237549
32.452172,2.000000,-3140.872559,1.245022,1027.439446,329.514832,1075.846680,315.822693,317.531799,324.129514,-9.139866,-0.039142,5.952736,-46.083714,-15.449185,-15.280536,335.055389,0.051120,-0.001904,0.000659,0.105000,0.105000,1.127635,83460.992188,1.452911,0.000000,0.000000,0.000000,0.000000,0.000000,0.000000,0.000000,0.000000,0.000000,-45.043121,1081.422241
32.504241,2.000000,-3132.359131,1.242502,1025.048607,327.123901,1068.131348,315.789093,317.477631,324.156832,-9.081158,-0.038659,5.934277,-45.849583,-15.373183,-15.218565,332.669006,0.051246,-0.001887,0.000667,0.105000,0.105000,1.127580,83460.992188,1.448131,0.000000,0.000000,0.000000,0.000000,0.000000,0.000000,0.000000,0.000000,0.000000,-44.805275,1073.609863
32.557769,2.000000,-3123.233887,1.239631,1022.603635,324.678894,1059.906128,315.754822,317.419312,324.183556,-9.020774,-0.038147,5.916217,-45.601273,-15.292633,-15.152289,330.122467,0.051688,-0.001870,0.000674,0.105000,0.105000,1.128636,83460.992188,1.442900,0.000000,0.000000,0.000000,0.000000,0.000000,0.000000,0.000000,0.000000,0.000000,-44.563347,1065.384521
32.612212,2.000000,-3114.457275,1.236705,1020.130247,322.205444,1052.037598,315.720093,317.362671,324.206810,-8.959254,-0.037607,5.898870,-45.365070,-15.216062,-15.088680,327.684265,0.051701,-0.001850,0.000680,0.105000,0.105000,1.131153,83460.992188,1.438161,0.000000,0.000000,0.000000,0.000000,0.000000,0.000000,0.000000,0.000000,0.000000,-44.319950,1057.516113
32.663883,2.000000,-3105.575684,1.233581,1017.794823,319.870117,1044.116821,315.687256,317.305023,324.227958,-8.900723,-0.037081,5.883332,-45.128387,-15.139386,-15.024428,325.227936,0.052194,-0.001836,0.000685,0.105000,0.105000,1.134476,83460.992188,1.433391,0.000000,0.000000,0.000000,0.000000,0.000000,0.000000,0.000000,0.000000,0.000000,-44.091221,1049.595215
32.719637,2.000000,-3096.233154,1.230119,1015.288000,317.363403,1035.829224,315.651794,317.243164,324.247653,-8.837321,-0.036494,5.867656,-44.882008,-15.059623,-14.956958,322.656097,0.052496,-0.001817,0.000688,0.105000,0.105000,1.139309,83460.992188,1.429292,0.000000,0.000000,0.000000,0.000000,0.000000,0.000000,0.000000,0.000000,0.000000,-43.846867,1041.470215
32.770733,2.000000,-3087.948242,1.226898,1013.002562,315.078064,1028.518433,315.619110,317.187622,324.263076,-8.778974,-0.035938,5.854178,-44.665348,-14.989525,-14.897231,320.385651,0.052524,-0.001801,0.000691,0.105000,0.105000,1.143922,83460.992188,1.425783,0.000000,0.000000,0.000000,0.000000,0.000000,0.000000,0.000000,0.000000,0.000000,-43.624790,1034.159302
32.821174,2.000000,-3079.271973,1.223373,1010.757508,312.833069,1020.900208,315.586609,317.128754,324.277195,-8.721139,-0.035374,5.841701,-44.440235,-14.916733,-14.834777,318.018250,0.053057,-0.001784,0.000693,0.105000,0.105000,1.148760,83460.992188,1.422434,0.000000,0.000000,0.000000,0.000000,0.000000,0.000000,0.000000,0.000000,0.000000,-43.407272,1026.541138
32.872597,2.000000,-3070.928711,1.219840,1008.480006,310.555603,1013.610840,315.553314,317.071930,324.288881,-8.661912,-0.034783,5.829844,-44.225426,-14.847311,-14.774806,315.751678,0.053054,-0.001768,0.000695,0.105000,0.105000,1.154243,83460.992188,1.418754,0.000000,0.000000,0.000000,0.000000,0.000000,0.000000,0.000000,0.000000,0.000000,-43.187248,1019.251770
32.930468,2.000000,-3061.219238,1.215551,1005.930396,308.006104,1005.172546,315.515350,317.004211,324.300063,-8.594910,-0.034098,5.817500,-43.977425,-14.767214,-14.705119,313.126221,0.053393,-0.001753,0.000696,0.105000,0.105000,1.160678,83460.992188,1.415782,0.000000,0.000000,0.000000,0.000000,0.000000,0.000000,0.000000,0.000000,0.000000,-42.941505,1010.737976
32.982924,2.000000,-3052.325195,1.211456,1003.631557,305.707275,997.484253,315.480469,316.941986,324.308131,-8.533840,-0.033459,5.807244,-43.751957,-14.694439,-14.641368,310.732819,0.053747,-0.001738,0.000696,0.105000,0.105000,1.167098,83460.992188,1.412468,0.000000,0.000000,0.000000,0.000000,0.000000,0.000000,0.000000,0.000000,0.000000,-42.720474,1003.049683
33.035941,2.000000,-3043.440918,1.207206,1001.319892,303.395630,989.843872,315.444580,316.878601,324.314122,-8.471783,-0.032800,5.797694,-43.528202,-14.622259,-14.577768,308.353088,0.054011,-0.001721,0.000697,0.105000,0.105000,1.173410,83460.992188,1.410068,0.000000,0.000000,0.000000,0.000000,0.000000,0.000000,0.000000,0.000000,0.000000,-42.498447,995.409363
33.089513,2.000000,-3034.656006,1.202848,998.995961,301.071716,982.327393,315.407593,316.815643,324.318156,-8.408738,-0.032116,5.788849,-43.308208,-14.551328,-14.514952,306.010803,0.054036,-0.001708,0.000697,0.105000,0.105000,1.179706,83460.992188,1.406980,0.000000,0.000000,0.000000,0.000000,0.000000,0.000000,0.000000,0.000000,0.000000,-42.275436,987.801575
33.140396,2.000000,-3026.237305,1.198527,996.799836,298.875610,975.160461,315.371796,316.754211,324.320618,-8.348633,-0.031451,5.780722,-43.097717,-14.483481,-14.454829,303.776245,0.053002,-0.001694,0.000697,0.105000,0.105000,1.181725,83460.992188,1.407163,0.000000,0.000000,0.000000,0.000000,0.000000,0.000000,0.000000,0.000000,0.000000,-42.063728,980.634583
33.195413,2.000000,-3016.945557,1.193595,994.437303,296.513062,967.290466,315.332153,316.684814,324.321448,-8.283566,-0.030713,5.772458,-42.866447,-14.408968,-14.388543,301.321411,0.053733,-0.001678,0.000696,0.105000,0.105000,1.183849,83460.992188,1.404083,0.000000,0.000000,0.000000,0.000000,0.000000,0.000000,0.000000,0.000000,0.000000,-41.836098,972.764648
33.250029,2.000000,-3007.774902,1.188561,992.104331,294.179993,959.564270,315.291931,316.615265,324.319936,-8.218787,-0.029963,5.765065,-42.640060,-14.336080,-14.323189,298.910370,0.054267,-0.001661,0.000696,0.105000,0.105000,1.187969,83460.992188,1.402004,0.000000,0.000000,0.000000,0.000000,0.000000,0.000000,0.000000,0.000000,0.000000,-41.611908,965.038452
33.308611,2.000000,-2998.373535,1.183228,989.615557,291.691162,951.686096,315.247681,316.543671,324.316199,-8.149019,-0.029138,5.757949,-42.409367,-14.261848,-14.256260,296.450836,0.054207,-0.001646,0.000695,0.105000,0.105000,1.193254,83460.992188,1.399007,0.000000,0.000000,0.000000,0.000000,0.000000,0.000000,0.000000,0.000000,0.000000,-41.372959,957.297180
33.361011,2.000000,-2989.472412,1.178019,987.401277,289.476868,944.266418,315.207031,316.474792,324.310800,-8.086353,-0.028383,5.752231,-42.192062,-14.191957,-14.192956,294.133453,0.054729,-0.001631,0.000694,0.105000,0.105000,1.198109,83460.992188,1.396685,0.000000,0.000000,0.000000,0.000000,0.000000,0.000000,0.000000,0.000000,0.000000,-41.160316,949.877502
33.412362,2.000000,-2980.973877,1.172902,985.242105,287.317688,937.217468,315.166199,316.408478,324.303830,-8.024681,-0.027628,5.747279,-41.985683,-14.125615,-14.132561,291.931152,0.054874,-0.001617,0.000693,0.105000,0.105000,1.203606,83460.992188,1.394280,0.000000,0.000000,0.000000,0.000000,0.000000,0.000000,0.000000,0.000000,0.000000,-40.953053,942.828552
33.463798,2.000000,-2972.563721,1.167700,983.090019,285.165466,930.275635,315.124329,316.341583,324.295288,-7.962617,-0.026856,5.742913,-41.782341,-14.060278,-14.072841,289.761627,0.054851,-0.001603,0.000692,0.105000,0.105000,1.209171,83460.992188,1.392700,0.000000,0.000000,0.000000,0.000000,0.000000,0.000000,0.000000,0.000000,0.000000,-40.746307,935.886719
33.516546,2.000000,-2963.386475,1.161868,980.894016,282.969421,922.738647,315.080292,316.267731,324.284135,-7.898671,-0.026048,5.739042,-41.561386,-13.989313,-14.007721,287.405396,0.055487,-0.001589,0.000691,0.105000,0.105000,1.215079,83460.992188,1.391187,0.000000,0.000000,0.000000,0.000000,0.000000,0.000000,0.000000,0.000000,0.000000,-40.535164,928.300354
33.567758,2.000000,-2955.091309,1.156457,978.772673,280.847900,915.960144,315.036346,316.199646,324.272508,-7.836299,-0.025247,5.735749,-41.362160,-13.925350,-13.948900,285.285675,0.055336,-0.001576,0.000690,0.105000,0.105000,1.219863,83460.992188,1.390387,0.000000,0.000000,0.000000,0.000000,0.000000,0.000000,0.000000,0.000000,0.000000,-40.330650,921.521790
33.625236,2.000000,-2945.523926,1.150052,976.404215,278.479370,908.182190,314.985870,316.120087,324.257203,-7.766018,-0.024331,5.732611,-41.133163,-13.851859,-13.881107,282.852661,0.055456,-0.001559,0.000689,0.105000,0.105000,1.225156,83460.992188,1.389504,0.000000,0.000000,0.000000,0.000000,0.000000,0.000000,0.000000,0.000000,0.000000,-40.101902,913.743896
33.681324,2.000000,-2936.186768,1.143633,974.105694,276.180847,900.632446,314.935150,316.041595,324.240030,-7.697142,-0.023415,5.730088,-40.910210,-13.780349,-13.814989,280.490387,0.055459,-0.001553,0.000690,0.105000,0.105000,1.230554,83460.992188,1.387805,0.000000,0.000000,0.000000,0.000000,0.000000,0.000000,0.000000,0.000000,0.000000,-39.879303,906.194153
33.733489,2.000000,-2928.326660,1.138101,971.979212,274.054382,894.308533,314.886597,315.973633,324.224013,-7.632825,-0.022545,5.728147,-40.723000,-13.720329,-13.759366,278.511139,0.054396,-0.001540,0.000690,0.105000,0.105000,1.234746,83460.992188,1.387907,0.000000,0.000000,0.000000,0.000000,0.000000,0.000000,0.000000,0.000000,0.000000,-39.672672,899.850464
33.796449,2.000000,-2918.244629,1.130834,969.427082,271.502258,886.239014,314.826294,315.886200,324.201708,-7.554974,-0.021475,5.726220,-40.483055,-13.643420,-13.688064,275.984894,0.053896,-0.001523,0.000691,0.105000,0.105000,1.238817,83460.992188,1.386027,0.000000,0.000000,0.000000,0.000000,0.000000,0.000000,0.000000,0.000000,0.000000,-39.423801,891.780884
33.847443,2.000000,-2908.721436,1.123793,967.371445,269.446655,878.660461,314.776154,315.801666,324.178899,-7.491827,-0.020593,5.724655,-40.256454,-13.570803,-13.620768,273.611511,0.054882,-0.001506,0.000690,0.105000,0.105000,1.238767,83460.992188,1.386601,0.000000,0.000000,0.000000,0.000000,0.000000,0.000000,0.000000,0.000000,0.000000,-39.221920,884.202332
33.898484,2.000000,-2899.718994,1.116983,965.324140,267.399353,871.534180,314.724792,315.720917,324.155437,-7.428552,-0.019698,5.723532,-40.043095,-13.502459,-13.557178,271.379395,0.055684,-0.001490,0.000690,0.105000,0.105000,1.240703,83460.992188,1.385429,0.000000,0.000000,0.000000,0.000000,0.000000,0.000000,0.000000,0.000000,0.000000,-39.020920,876.990845
33.956169,2.000000,-2890.507324,1.109858,963.022739,265.097900,864.281067,314.665100,315.636749,324.129573,-7.356912,-0.018668,5.722577,-39.825333,-13.432731,-13.492148,269.106934,0.055278,-0.001476,0.000689,0.105000,0.105000,1.242594,83460.992188,1.384939,0.000000,0.000000,0.000000,0.000000,0.000000,0.000000,0.000000,0.000000,0.000000,-38.794258,869.737671
34.006406,2.000000,-2882.320801,1.103393,961.029151,263.104309,857.867615,314.611816,315.561371,324.105133,-7.294446,-0.017759,5.721994,-39.632183,-13.370900,-13.434385,267.097198,0.055110,-0.001463,0.000688,0.105000,0.105000,1.244259,83460.992188,1.383741,0.000000,0.000000,0.000000,0.000000,0.000000,0.000000,0.000000,0.000000,0.000000,-38.597363,863.324280
34.058183,2.000000,-2873.187012,1.096034,958.984751,261.059937,850.748535,314.555603,315.476624,324.076214,-7.229973,-0.016808,5.721686,-39.417225,-13.302107,-13.369973,264.865723,0.055835,-0.001447,0.000687,0.105000,0.105000,1.246349,83460.992188,1.381881,0.000000,0.000000,0.000000,0.000000,0.000000,0.000000,0.000000,0.000000,0.000000,-38.394993,856.205200
34.110167,2.000000,-2864.667236,1.089032,956.942719,259.018005,844.141968,314.497803,315.396027,324.047591,-7.165121,-0.015838,5.721665,-39.217255,-13.238133,-13.309915,262.794617,0.055631,-0.001434,0.000686,0.105000,0.105000,1.248573,83460.992188,1.381314,0.000000,0.000000,0.000000,0.000000,0.000000,0.000000,0.000000,0.000000,0.000000,-38.192284,849.669312
34.161207,2.000000,-2856.339111,1.082056,954.948087,257.023376,837.716003,314.439636,315.315643,324.018286,-7.101365,-0.014873,5.721739,-39.021843,-13.175626,-13.251233,260.779694,0.055478,-0.001420,0.000685,0.105000,0.105000,1.249314,83460.992188,1.381669,0.000000,0.000000,0.000000,0.000000,0.000000,0.000000,0.000000,0.000000,0.000000,-37.993275,843.243286
34.215776,2.000000,-2847.406250,1.074433,952.826816,254.902298,830.858704,314.376129,315.228943,323.985304,-7.033179,-0.013827,5.721965,-38.812469,-13.108667,-13.188325,258.629028,0.055346,-0.001406,0.000683,0.105000,0.105000,1.249745,83460.992188,1.380908,0.000000,0.000000,0.000000,0.000000,0.000000,0.000000,0.000000,0.000000,0.000000,-37.780846,836.386047
34.269131,2.000000,-2838.486572,1.066676,950.763872,252.839310,824.047363,314.312653,315.141327,323.950541,-6.966455,-0.012790,5.722509,-38.604141,-13.042068,-13.125531,256.492462,0.055357,-0.001392,0.000682,0.105000,0.105000,1.251415,83460.992188,1.380220,0.000000,0.000000,0.000000,0.000000,0.000000,0.000000,0.000000,0.000000,0.000000,-37.573910,829.574646
34.320192,2.000000,-2829.591553,1.058797,948.800023,250.875565,817.290710,314.250458,315.052856,323.914415,-6.902555,-0.011783,5.723074,-38.396336,-12.975642,-13.062940,254.372620,0.055969,-0.001376,0.000680,0.105000,0.105000,1.251555,83460.992188,1.379103,0.000000,0.000000,0.000000,0.000000,0.000000,0.000000,0.000000,0.000000,0.000000,-37.375862,822.898499
34.376273,2.000000,-2820.678711,1.050757,946.654806,248.730301,810.556274,314.180634,314.962708,323.876627,-6.832351,-0.010665,5.723862,-38.188545,-12.909235,-13.000247,252.259369,0.055422,-0.001363,0.000678,0.105000,0.105000,1.251702,83460.992188,1.379019,0.000000,0.000000,0.000000,0.000000,0.000000,0.000000,0.000000,0.000000,0.000000,-37.158752,816.164063
34.430098,2.000000,-2811.670410,1.042485,944.607319,246.682816,803.786011,314.112122,314.871002,323.836733,-6.764977,-0.009577,5.724773,-37.978848,-12.842234,-12.936908,250.134506,0.055498,-0.001349,0.000676,0.105000,0.105000,1.252009,83460.992188,1.377641,0.000000,0.000000,0.000000,0.000000,0.000000,0.000000,0.000000,0.000000,0.000000,-36.950832,809.393799
34.481106,2.000000,-2803.050049,1.034433,942.677300,244.752823,797.341492,314.045898,314.781891,323.796958,-6.701102,-0.008533,5.725807,-37.778667,-12.778290,-12.876319,248.111526,0.055670,-0.001336,0.000674,0.105000,0.105000,1.252539,83460.992188,1.377322,0.000000,0.000000,0.000000,0.000000,0.000000,0.000000,0.000000,0.000000,0.000000,-36.754208,802.949280
34.536308,2.000000,-2794.085205,1.025918,940.599941,242.675430,790.674622,313.972656,314.687775,323.754098,-6.631953,-0.007390,5.727017,-37.570686,-12.711862,-12.813330,246.018448,0.055377,-0.001322,0.000672,0.105000,0.105000,1.252440,83460.992188,1.377536,0.000000,0.000000,0.000000,0.000000,0.000000,0.000000,0.000000,0.000000,0.000000,-36.541611,796.240601
34.587249,2.000000,-2785.425537,1.017556,938.693316,240.768753,784.268799,313.903870,314.596283,323.711150,-6.568148,-0.006323,5.728276,-37.370117,-12.647812,-12.752506,244.007019,0.055609,-0.001311,0.000670,0.105000,0.105000,1.252702,83460.992188,1.376857,0.000000,0.000000,0.000000,0.000000,0.000000,0.000000,0.000000,0.000000,0.000000,-36.345856,789.834778
34.646995,2.000000,-2775.785156,1.008092,936.469856,238.545242,777.176697,313.821564,314.493073,323.661409,-6.493289,-0.005055,5.729933,-37.147221,-12.576651,-12.684814,241.779800,0.055113,-0.001297,0.000668,0.105000,0.105000,1.253075,83460.992188,1.376020,0.000000,0.000000,0.000000,0.000000,0.000000,0.000000,0.000000,0.000000,0.000000,-36.116703,782.742676
34.697451,2.000000,-2767.240479,0.999564,934.602795,236.678116,770.925232,313.750702,314.400635,323.616057,-6.430074,-0.003975,5.731399,-36.949856,-12.513638,-12.624834,239.816299,0.055341,-0.001277,0.000665,0.105000,0.105000,1.252641,83460.992188,1.375303,0.000000,0.000000,0.000000,0.000000,0.000000,0.000000,0.000000,0.000000,0.000000,-35.923420,776.491211
34.750043,2.000000,-2758.564453,0.990774,932.667102,234.742508,764.610779,313.675507,314.305664,323.568778,-6.364216,-0.002842,5.732993,-36.749794,-12.449764,-12.563950,237.832748,0.055292,-0.001264,0.000661,0.105000,0.105000,1.251776,83460.992188,1.375214,0.000000,0.000000,0.000000,0.000000,0.000000,0.000000,0.000000,0.000000,0.000000,-35.722267,770.147583
34.801529,2.000000,-2749.748047,0.981705,930.782365,232.857864,758.228394,313.600586,314.208649,323.519215,-6.299794,-0.001722,5.734634,-36.546753,-12.384946,-12.502099,235.827591,0.055678,-0.001252,0.000658,0.105000,0.105000,1.251186,83460.992188,1.373749,0.000000,0.000000,0.000000,0.000000,0.000000,0.000000,0.000000,0.000000,0.000000,-35.525734,763.765198
34.853710,2.000000,-2741.226807,0.972812,928.882526,230.958145,752.092346,313.523315,314.113495,323.469771,-6.234516,-0.000574,5.736423,-36.350964,-12.322454,-12.442334,233.899582,0.055448,-0.001242,0.000654,0.105000,0.105000,1.250923,83460.992188,1.373421,0.000000,0.000000,0.000000,0.000000,0.000000,0.000000,0.000000,0.000000,0.000000,-35.326950,757.629150
34.910137,2.000000,-2731.594971,0.962606,926.839743,228.915421,745.194824,313.438354,314.004913,323.412110,-6.163938,0.000680,5.738486,-36.129997,-12.251936,-12.374792,231.732132,0.055785,-0.001227,0.000651,0.105000,0.105000,1.250888,83460.992188,1.372505,0.000000,0.000000,0.000000,0.000000,0.000000,0.000000,0.000000,0.000000,0.000000,-35.112408,750.731628
34.963556,2.000000,-2722.746582,0.953089,924.917069,226.992752,738.894653,313.356537,313.903320,323.357564,-6.097130,0.001880,5.740461,-35.927170,-12.187211,-12.312763,229.752075,0.055784,-0.001215,0.000648,0.105000,0.105000,1.250006,83460.992188,1.373066,0.000000,0.000000,0.000000,0.000000,0.000000,0.000000,0.000000,0.000000,0.000000,-34.909397,744.439941
35.019101,2.000000,-2713.497314,0.942996,922.929328,225.005081,732.345520,313.270142,313.796722,323.298836,-6.027689,0.003140,5.742707,-35.715652,-12.119722,-12.247935,227.693634,0.055743,-0.001201,0.000645,0.105000,0.105000,1.250201,83460.992188,1.372109,0.000000,0.000000,0.000000,0.000000,0.000000,0.000000,0.000000,0.000000,0.000000,-34.698956,737.890808
35.072216,2.000000,-2704.513428,0.933053,921.039480,223.115311,726.019958,313.186249,313.692352,323.240197,-5.961279,0.004357,5.744946,-35.510380,-12.054230,-12.184977,225.705322,0.055916,-0.001191,0.000642,0.105000,0.105000,1.250173,83460.992188,1.370533,0.000000,0.000000,0.000000,0.000000,0.000000,0.000000,0.000000,0.000000,0.000000,-34.497978,731.565247
35.126265,2.000000,-2695.937500,0.923432,919.127376,221.203201,720.014709,313.099457,313.590668,323.182685,-5.893698,0.005606,5.747318,-35.314808,-11.991840,-12.124890,223.817490,0.055271,-0.001180,0.000639,0.105000,0.105000,1.250003,83460.992188,1.371293,0.000000,0.000000,0.000000,0.000000,0.000000,0.000000,0.000000,0.000000,0.000000,-34.293739,725.636841
35.176587,2.000000,-2687.229736,0.913534,917.357102,219.432938,713.949951,313.017426,313.486694,323.122948,-5.830834,0.006780,5.749453,-35.116051,-11.928428,-12.063890,221.910782,0.055847,-0.001168,0.000637,0.105000,0.105000,1.248682,83460.992188,1.370709,0.000000,0.000000,0.000000,0.000000,0.000000,0.000000,0.000000,0.000000,0.000000,-34.103550,719.572083
35.234380,2.000000,-2677.992676,0.902895,915.335810,217.411636,707.552673,312.921844,313.375519,323.057813,-5.758675,0.008139,5.752075,-34.905720,-11.861333,-11.999194,219.899384,0.055269,-0.001158,0.000634,0.105000,0.105000,1.248178,83460.992188,1.369451,0.000000,0.000000,0.000000,0.000000,0.000000,0.000000,0.000000,0.000000,0.000000,-33.885746,713.174866
35.287155,2.000000,-2668.931641,0.892319,913.500993,215.576797,701.313416,312.833313,313.264801,322.992293,-5.692810,0.009392,5.754561,-34.699875,-11.795675,-11.935741,217.937485,0.055708,-0.001145,0.000632,0.105000,0.105000,1.247921,83460.992188,1.370044,0.000000,0.000000,0.000000,0.000000,0.000000,0.000000,0.000000,0.000000,0.000000,-33.687229,706.935547
35.342377,2.000000,-2659.942627,0.881692,911.592348,213.668167,695.158875,312.739349,313.154144,322.925704,-5.623904,0.010713,5.757232,-34.495777,-11.730574,-11.872801,216.002106,0.055408,-0.001132,0.000629,0.105000,0.105000,1.247469,83460.992188,1.369216,0.000000,0.000000,0.000000,0.000000,0.000000,0.000000,0.000000,0.000000,0.000000,-33.479767,700.757019
35.401217,2.000000,-2650.397705,0.870260,909.571312,211.647049,688.662170,312.637665,313.035126,322.853362,-5.550530,0.012133,5.760093,-34.279240,-11.661501,-11.805979,213.958954,0.055103,-0.001121,0.000627,0.105000,0.105000,1.246392,83460.992188,1.368922,0.000000,0.000000,0.000000,0.000000,0.000000,0.000000,0.000000,0.000000,0.000000,-33.258919,694.260315
35.452546,2.000000,-2641.603027,0.859592,907.818902,209.894608,682.711243,312.547760,312.924469,322.785142,-5.486589,0.013382,5.762594,-34.079884,-11.597908,-11.744421,212.087250,0.055585,-0.001109,0.000625,0.105000,0.105000,1.245174,83460.992188,1.368255,0.000000,0.000000,0.000000,0.000000,0.000000,0.000000,0.000000,0.000000,0.000000,-33.066490,688.309387
35.503012,2.000000,-2633.401367,0.849528,906.105583,208.181229,677.191467,312.458191,312.820404,322.720037,-5.423758,0.014618,5.765177,-33.894375,-11.538739,-11.687016,210.351120,0.055313,-0.001100,0.000622,0.105000,0.105000,1.244803,83460.992188,1.367175,0.000000,0.000000,0.000000,0.000000,0.000000,0.000000,0.000000,0.000000,0.000000,-32.877792,682.789612
35.553170,2.000000,-2624.974609,0.839071,904.412171,206.487747,671.550415,312.368103,312.712189,322.651847,-5.361338,0.015855,5.767790,-33.704075,-11.478039,-11.628042,208.576767,0.055511,-0.001086,0.000620,0.105000,0.105000,1.244262,83460.992188,1.367415,0.000000,0.000000,0.000000,0.000000,0.000000,0.000000,0.000000,0.000000,0.000000,-32.690483,677.087097
35.603400,2.000000,-2616.792969,0.828808,902.725753,204.801224,666.102661,312.276825,312.606384,322.584310,-5.298841,0.017103,5.770496,-33.519512,-11.419168,-11.570786,206.863129,0.055284,-0.001077,0.000618,0.105000,0.105000,1.243928,83460.992188,1.366693,0.000000,0.000000,0.000000,0.000000,0.000000,0.000000,0.000000,0.000000,0.000000,-32.503227,671.639282
35.657216,2.000000,-2608.000732,0.817656,900.929428,203.004776,660.280396,312.177643,312.491577,322.510276,-5.231922,0.018448,5.773402,-33.321274,-11.355931,-11.509263,205.031631,0.055132,-0.001066,0.000616,0.105000,0.105000,1.243090,83460.992188,1.365884,0.000000,0.000000,0.000000,0.000000,0.000000,0.000000,0.000000,0.000000,0.000000,-32.302765,665.817078
35.714015,2.000000,-2598.333740,0.805248,899.045285,201.120560,653.917480,312.071594,312.364075,322.427256,-5.161366,0.019879,5.776446,-33.103516,-11.286459,-11.441628,203.029877,0.055652,-0.001050,0.000613,0.105000,0.105000,1.241648,83460.992188,1.365631,0.000000,0.000000,0.000000,0.000000,0.000000,0.000000,0.000000,0.000000,0.000000,-32.091381,659.454163
35.767803,2.000000,-2589.539307,0.793832,897.271996,199.347122,648.163391,311.970093,312.247314,322.349990,-5.094535,0.021246,5.779665,-32.906292,-11.223550,-11.380097,201.219666,0.055386,-0.001040,0.000611,0.105000,0.105000,1.242682,83460.992188,1.365028,0.000000,0.000000,0.000000,0.000000,0.000000,0.000000,0.000000,0.000000,0.000000,-31.892176,653.673706
35.822891,2.000000,-2580.209229,0.781584,895.466995,197.542068,642.094788,311.864868,312.121887,322.266347,-5.026068,0.022654,5.783006,-32.697136,-11.156828,-11.314817,199.310532,0.055699,-0.001027,0.000609,0.105000,0.105000,1.243009,83460.992188,1.365058,0.000000,0.000000,0.000000,0.000000,0.000000,0.000000,0.000000,0.000000,0.000000,-31.688259,647.605103
35.874077,2.000000,-2571.825928,0.770461,893.799959,195.875137,636.673828,311.765869,312.008209,322.189881,-4.962448,0.023969,5.786135,-32.509258,-11.096884,-11.256167,197.605057,0.055587,-0.001016,0.000606,0.105000,0.105000,1.242664,83460.992188,1.364854,0.000000,0.000000,0.000000,0.000000,0.000000,0.000000,0.000000,0.000000,0.000000,-31.498890,642.184204
35.929087,2.000000,-2562.912109,0.758511,892.019168,194.094315,630.942383,311.658356,311.886749,322.106980,-4.894074,0.025392,5.789678,-32.309837,-11.033256,-11.193801,195.801971,0.055222,-0.001006,0.000604,0.105000,0.105000,1.243230,83460.992188,1.362948,0.000000,0.000000,0.000000,0.000000,0.000000,0.000000,0.000000,0.000000,0.000000,-31.295931,636.452698
35.982176,2.000000,-2554.019287,0.746466,890.311155,192.386307,625.258301,311.553497,311.763947,322.022773,-4.828069,0.026775,5.793171,-32.111183,-10.969867,-11.131584,194.013702,0.055381,-0.000994,0.000602,0.105000,0.105000,1.243500,83460.992188,1.362758,0.000000,0.000000,0.000000,0.000000,0.000000,0.000000,0.000000,0.000000,0.000000,-31.100266,630.852539
36.036483,2.000000,-2545.100342,0.734259,888.574808,190.649979,619.591248,311.444794,311.639343,321.936905,-4.760576,0.028198,5.796667,-31.911781,-10.906223,-11.069186,192.230789,0.055392,-0.000981,0.000599,0.105000,0.105000,1.242320,83460.992188,1.362745,0.000000,0.000000,0.000000,0.000000,0.000000,0.000000,0.000000,0.000000,0.000000,-30.900002,625.185486
36.091863,2.000000,-2535.948975,0.721606,886.815302,188.890457,613.811462,311.332703,311.510773,321.847152,-4.691772,0.029656,5.800442,-31.707827,-10.841126,-11.005158,190.412460,0.055372,-0.000972,0.000597,0.105000,0.105000,1.242696,83460.992188,1.362255,0.000000,0.000000,0.000000,0.000000,0.000000,0.000000,0.000000,0.000000,0.000000,-30.696520,619.405701
36.148581,2.000000,-2526.911865,0.708983,885.025075,187.100235,608.138916,311.216400,311.382172,321.757043,-4.621317,0.031159,5.804251,-31.506325,-10.776795,-10.941935,188.627777,0.054949,-0.000961,0.000594,0.105000,0.105000,1.241649,83460.992188,1.362303,0.000000,0.000000,0.000000,0.000000,0.000000,0.000000,0.000000,0.000000,0.000000,-30.488047,613.695801
36.203776,2.000000,-2517.618408,0.695869,883.294277,185.369522,602.341431,311.102081,311.248840,321.662692,-4.552806,0.032630,5.808034,-31.299450,-10.710743,-10.876914,186.803818,0.055333,-0.000949,0.000592,0.105000,0.105000,1.241010,83460.992188,1.362200,0.000000,0.000000,0.000000,0.000000,0.000000,0.000000,0.000000,0.000000,0.000000,-30.285587,607.898315
36.261646,2.000000,-2507.913818,0.682034,881.491556,183.566910,596.326233,310.980896,311.108887,321.562320,-4.480966,0.034181,5.812234,-31.083967,-10.641938,-10.809011,184.911438,0.055547,-0.000937,0.000590,0.105000,0.105000,1.241784,83460.992188,1.360794,0.000000,0.000000,0.000000,0.000000,0.000000,0.000000,0.000000,0.000000,0.000000,-30.074036,601.883057
36.315851,2.000000,-2499.093018,0.669334,879.814169,181.889542,590.893372,310.866058,310.979950,321.469571,-4.413648,0.035642,5.816203,-30.888268,-10.579437,-10.747291,183.202271,0.055407,-0.000926,0.000587,0.105000,0.105000,1.241718,83460.992188,1.361037,0.000000,0.000000,0.000000,0.000000,0.000000,0.000000,0.000000,0.000000,0.000000,-29.875959,596.450256
36.374373,2.000000,-2489.344971,0.655162,878.015230,180.090775,584.927307,310.740875,310.836639,321.365343,-4.340963,0.037227,5.820660,-30.672354,-10.510469,-10.679073,181.325470,0.055547,-0.000915,0.000585,0.105000,0.105000,1.242472,83460.992188,1.360064,0.000000,0.000000,0.000000,0.000000,0.000000,0.000000,0.000000,0.000000,0.000000,-29.662653,590.428894
36.429854,2.000000,-2480.061035,0.641532,876.321293,178.396805,579.282410,310.620972,310.698853,321.264348,-4.272009,0.038738,5.825036,-30.467033,-10.444875,-10.614100,179.549774,0.055733,-0.000904,0.000582,0.105000,0.105000,1.243434,83460.992188,1.359162,0.000000,0.000000,0.000000,0.000000,0.000000,0.000000,0.000000,0.000000,0.000000,-29.460796,584.784058
36.486391,2.000000,-2470.697510,0.627653,874.606665,176.682266,573.625671,310.497559,310.558380,321.160862,-4.201690,0.040285,5.829580,-30.260128,-10.378759,-10.548562,177.770432,0.055815,-0.000892,0.000580,0.105000,0.105000,1.243976,83460.992188,1.359167,0.000000,0.000000,0.000000,0.000000,0.000000,0.000000,0.000000,0.000000,0.000000,-29.255264,579.127258
36.539473,2.000000,-2462.204834,0.614952,873.007456,175.083023,568.526733,310.380310,310.429779,321.065592,-4.135652,0.041745,5.833877,-30.072514,-10.318791,-10.489114,176.166641,0.055459,-0.000882,0.000577,0.105000,0.105000,1.243893,83460.992188,1.359399,0.000000,0.000000,0.000000,0.000000,0.000000,0.000000,0.000000,0.000000,0.000000,-29.062391,574.028381
36.590518,2.000000,-2453.616455,0.602000,871.479277,173.554825,563.401184,310.266479,310.298889,320.967860,-4.072156,0.043154,5.838083,-29.882938,-10.258183,-10.428992,174.554504,0.055790,-0.000872,0.000575,0.105000,0.105000,1.244013,83460.992188,1.358559,0.000000,0.000000,0.000000,0.000000,0.000000,0.000000,0.000000,0.000000,0.000000,-28.877222,568.944336
36.641414,2.000000,-2445.220215,0.589233,869.964985,172.040543,558.420105,310.151947,310.169861,320.870929,-4.008829,0.044565,5.842382,-29.697889,-10.199012,-10.370209,172.987885,0.055838,-0.000862,0.000573,0.105000,0.105000,1.244412,83460.992188,1.358037,0.000000,0.000000,0.000000,0.000000,0.000000,0.000000,0.000000,0.000000,0.000000,-28.692904,563.963257
36.697523,2.000000,-2436.140869,0.575310,868.306461,170.381973,553.066711,310.024475,310.029388,320.764536,-3.938975,0.046128,5.847301,-29.498137,-10.135128,-10.306635,171.304306,0.055538,-0.000852,0.000570,0.105000,0.105000,1.245587,83460.992188,1.357118,0.000000,0.000000,0.000000,0.000000,0.000000,0.000000,0.000000,0.000000,0.000000,-28.490171,558.609863
36.751162,2.000000,-2427.067383,0.561276,866.731662,168.807205,547.751282,309.901276,309.887085,320.656778,-3.872181,0.047629,5.851923,-29.298424,-10.071232,-10.243095,169.632721,0.056077,-0.000839,0.000568,0.105000,0.105000,1.245094,83460.992188,1.358185,0.000000,0.000000,0.000000,0.000000,0.000000,0.000000,0.000000,0.000000,0.000000,-28.296175,553.219788
36.807085,2.000000,-2418.020752,0.547165,865.100920,167.176346,542.485779,309.771637,309.744659,320.547835,-3.802551,0.049200,5.856848,-29.099468,-10.007560,-10.179737,167.976929,0.055900,-0.000828,0.000565,0.105000,0.105000,1.245023,83460.992188,1.357507,0.000000,0.000000,0.000000,0.000000,0.000000,0.000000,0.000000,0.000000,0.000000,-28.094309,547.954285
36.864017,2.000000,-2408.579590,0.532315,863.452309,165.527664,537.026855,309.638519,309.595001,320.432365,-3.731633,0.050806,5.862097,-28.892368,-9.941271,-10.113606,166.260452,0.055989,-0.000818,0.000563,0.105000,0.105000,1.246383,83460.992188,1.356055,0.000000,0.000000,0.000000,0.000000,0.000000,0.000000,0.000000,0.000000,0.000000,-27.889477,542.495422
36.918220,2.000000,-2399.498047,0.517910,861.893560,163.969009,531.810669,309.510529,309.449432,320.319684,-3.664038,0.052341,5.867221,-28.693430,-9.877577,-10.049981,164.620468,0.056261,-0.000807,0.000560,0.105000,0.105000,1.247569,83460.992188,1.356110,0.000000,0.000000,0.000000,0.000000,0.000000,0.000000,0.000000,0.000000,0.000000,-27.694683,537.279175
36.974728,2.000000,-2390.537598,0.503583,860.279813,162.355301,526.697510,309.375824,309.304413,320.206974,-3.593504,0.053948,5.872663,-28.497299,-9.814763,-9.987195,163.013031,0.055718,-0.000799,0.000558,0.105000,0.105000,1.248562,83460.992188,1.356635,0.000000,0.000000,0.000000,0.000000,0.000000,0.000000,0.000000,0.000000,0.000000,-27.491793,532.225708
37.032716,2.000000,-2380.944092,0.488118,858.635764,160.711380,521.260193,309.236206,309.148376,320.084712,-3.521104,0.055603,5.878270,-28.287132,-9.747422,-9.919964,161.303772,0.055853,-0.000788,0.000555,0.105000,0.105000,1.248944,83460.992188,1.355135,0.000000,0.000000,0.000000,0.000000,0.000000,0.000000,0.000000,0.000000,0.000000,-27.283688,526.788330
37.088005,2.000000,-2371.433350,0.472659,857.079583,159.155289,515.907654,309.101624,308.991882,319.961887,-3.452097,0.057186,5.883505,-28.078741,-9.680620,-9.853308,159.621231,0.056460,-0.000775,0.000552,0.105000,0.105000,1.247742,83460.992188,1.355941,0.000000,0.000000,0.000000,0.000000,0.000000,0.000000,0.000000,0.000000,0.000000,-27.085098,521.435852
37.143891,2.000000,-2362.305176,0.457704,855.517619,157.593399,510.805237,308.964569,308.840942,319.842236,-3.382321,0.058794,5.889128,-27.879482,-9.616738,-9.789314,158.017578,0.056355,-0.000766,0.000550,0.105000,0.105000,1.249166,83460.992188,1.354837,0.000000,0.000000,0.000000,0.000000,0.000000,0.000000,0.000000,0.000000,0.000000,-26.885349,516.333374
37.197672,2.000000,-2353.789551,0.443648,854.025100,156.100845,506.076294,308.831573,308.698883,319.729288,-3.315124,0.060347,5.894572,-27.693577,-9.557110,-9.729605,156.531433,0.055865,-0.000759,0.000547,0.105000,0.105000,1.249806,83460.992188,1.354349,0.000000,0.000000,0.000000,0.000000,0.000000,0.000000,0.000000,0.000000,0.000000,-26.693161,511.643951
37.248981,2.000000,-2345.402100,0.429707,852.610884,154.686661,501.447937,308.703339,308.557343,319.616726,-3.251006,0.061832,5.899715,-27.510410,-9.498337,-9.670788,155.076981,0.055966,-0.000748,0.000545,0.105000,0.105000,1.249285,83460.992188,1.355093,0.000000,0.000000,0.000000,0.000000,0.000000,0.000000,0.000000,0.000000,0.000000,-26.509712,507.015594
37.300188,2.000000,-2336.770752,0.415260,851.208885,153.284683,496.715454,308.574341,308.410950,319.499506,-3.187035,0.063319,5.904914,-27.322102,-9.437893,-9.610252,153.589905,0.056487,-0.000737,0.000543,0.105000,0.105000,1.249140,83460.992188,1.354965,0.000000,0.000000,0.000000,0.000000,0.000000,0.000000,0.000000,0.000000,0.000000,-26.326950,502.283112
37.354429,2.000000,-2327.995605,0.400471,849.733995,151.809830,491.935547,308.436676,308.261383,319.378817,-3.119234,0.064899,5.910653,-27.131184,-9.376597,-9.548697,152.088089,0.056289,-0.000729,0.000540,0.105000,0.105000,1.250483,83460.992188,1.354249,0.000000,0.000000,0.000000,0.000000,0.000000,0.000000,0.000000,0.000000,0.000000,-26.134005,497.503235
37.409621,2.000000,-2318.700439,0.384692,848.244029,150.319839,486.906952,308.295380,308.101593,319.249407,-3.050194,0.066511,5.916534,-26.928919,-9.311629,-9.483480,150.508301,0.056768,-0.000716,0.000537,0.105000,0.105000,1.251222,83460.992188,1.353383,0.000000,0.000000,0.000000,0.000000,0.000000,0.000000,0.000000,0.000000,0.000000,-25.937744,492.448608
37.463931,2.000000,-2310.251953,0.370251,846.788462,148.864273,482.367065,308.155151,307.955139,319.130319,-2.982189,0.068103,5.922503,-26.745470,-9.252687,-9.424190,149.082275,0.055998,-0.000711,0.000535,0.105000,0.105000,1.252654,83460.992188,1.353409,0.000000,0.000000,0.000000,0.000000,0.000000,0.000000,0.000000,0.000000,0.000000,-25.745041,487.908722
37.519848,2.000000,-2300.933594,0.354213,845.300889,147.376663,477.394287,308.009277,307.792267,318.997647,-2.912176,0.069745,5.928470,-26.542614,-9.187463,-9.358790,147.520264,0.056464,-0.000699,0.000532,0.105000,0.105000,1.251794,83460.992188,1.353119,0.000000,0.000000,0.000000,0.000000,0.000000,0.000000,0.000000,0.000000,0.000000,-25.546236,482.935944
37.573651,2.000000,-2291.944336,0.338633,843.879978,145.955765,472.630737,307.868042,307.634460,318.867881,-2.844790,0.071330,5.934515,-26.347683,-9.124777,-9.295684,146.024216,0.056761,-0.000691,0.000530,0.105000,0.105000,1.253415,83460.992188,1.351786,0.000000,0.000000,0.000000,0.000000,0.000000,0.000000,0.000000,0.000000,0.000000,-25.355860,478.130005
37.627456,2.000000,-2283.378418,0.323689,842.469350,144.545059,468.122467,307.725525,307.482147,318.742862,-2.777338,0.072919,5.940541,-26.161903,-9.065004,-9.235538,144.608490,0.056466,-0.000680,0.000527,0.105000,0.105000,1.253744,83460.992188,1.352959,0.000000,0.000000,0.000000,0.000000,0.000000,0.000000,0.000000,0.000000,0.000000,-25.165335,473.621735
37.684197,2.000000,-2274.081787,0.307361,840.992919,143.068558,463.264008,307.573792,307.316040,318.605681,-2.706196,0.074598,5.946901,-25.960114,-9.000042,-9.170256,143.082855,0.056638,-0.000670,0.000524,0.105000,0.105000,1.253528,83460.992188,1.352128,0.000000,0.000000,0.000000,0.000000,0.000000,0.000000,0.000000,0.000000,0.000000,-24.964506,468.763275
37.736292,2.000000,-2265.180420,0.291624,839.647325,141.722855,458.644989,307.433594,307.156158,318.472682,-2.640842,0.076145,5.953034,-25.767704,-8.938087,-9.107728,141.632706,0.057261,-0.000661,0.000522,0.105000,0.105000,1.255608,83460.992188,1.351356,0.000000,0.000000,0.000000,0.000000,0.000000,0.000000,0.000000,0.000000,0.000000,-24.780968,464.144257
37.796566,2.000000,-2255.950439,0.275198,838.102504,140.177872,453.889740,307.269775,306.988800,318.333247,-2.565109,0.077939,5.960198,-25.568123,-8.873787,-9.042878,140.139954,0.056202,-0.000656,0.000519,0.105000,0.105000,1.256997,83460.992188,1.351293,0.000000,0.000000,0.000000,0.000000,0.000000,0.000000,0.000000,0.000000,0.000000,-24.568584,459.522308
37.851598,2.000000,-2246.500977,0.258268,836.703291,138.778641,449.057861,307.118927,306.816040,318.188918,-2.495961,0.079580,5.966625,-25.363483,-8.807811,-8.976477,138.623260,0.057164,-0.000642,0.000517,0.105000,0.105000,1.256577,83460.992188,1.350989,0.000000,0.000000,0.000000,0.000000,0.000000,0.000000,0.000000,0.000000,0.000000,-24.374449,454.690460
37.903639,2.000000,-2238.116211,0.243153,835.389936,137.465164,444.800903,306.975189,306.661591,318.059360,-2.430526,0.081135,5.972921,-25.182482,-8.749439,-8.917542,137.287231,0.057019,-0.000633,0.000514,0.105000,0.105000,1.257637,83460.992188,1.351720,0.000000,0.000000,0.000000,0.000000,0.000000,0.000000,0.000000,0.000000,0.000000,-24.191471,450.433472
37.960779,2.000000,-2228.728271,0.226125,833.958872,136.033951,440.068726,306.816254,306.487854,317.912718,-2.358621,0.082846,5.979973,-24.979914,-8.684077,-8.851542,135.802246,0.057115,-0.000624,0.000511,0.105000,0.105000,1.259213,83460.992188,1.350590,0.000000,0.000000,0.000000,0.000000,0.000000,0.000000,0.000000,0.000000,0.000000,-23.990910,445.701294
38.019605,2.000000,-2219.270996,0.208860,832.497601,134.572708,435.337982,306.651215,306.311157,317.763317,-2.284508,0.084613,5.987316,-24.775980,-8.618238,-8.785038,134.317932,0.056906,-0.000616,0.000509,0.105000,0.105000,1.260385,83460.992188,1.350832,0.000000,0.000000,0.000000,0.000000,0.000000,0.000000,0.000000,0.000000,0.000000,-23.784550,440.944366
38.069857,2.000000,-2211.054443,0.193772,831.258957,133.334061,431.257660,306.509216,306.156647,317.632127,-2.221148,0.086124,5.993647,-24.598799,-8.561004,-8.727248,133.037827,0.056981,-0.000605,0.000506,0.105000,0.105000,1.261140,83460.992188,1.350439,0.000000,0.000000,0.000000,0.000000,0.000000,0.000000,0.000000,0.000000,0.000000,-23.608395,436.864044
38.121684,2.000000,-2202.511475,0.177995,829.990810,132.065872,427.044434,306.361542,305.994720,317.494413,-2.155767,0.087685,6.000197,-24.414608,-8.501473,-8.667149,131.716202,0.057231,-0.000597,0.000504,0.105000,0.105000,1.261482,83460.992188,1.350611,0.000000,0.000000,0.000000,0.000000,0.000000,0.000000,0.000000,0.000000,0.000000,-23.426785,432.650818
38.175510,2.000000,-2193.769531,0.161760,828.683752,130.758865,422.764099,306.207031,305.827911,317.352100,-2.087846,0.089309,6.007044,-24.226252,-8.440561,-8.605639,130.373642,0.057277,-0.000587,0.000501,0.105000,0.105000,1.261770,83460.992188,1.350983,0.000000,0.000000,0.000000,0.000000,0.000000,0.000000,0.000000,0.000000,0.000000,-23.238358,428.370483
38.230408,2.000000,-2184.861328,0.145122,827.361147,129.436234,418.434540,306.048279,305.657135,317.205606,-2.018564,0.090969,6.014085,-24.034374,-8.378475,-8.542948,129.015793,0.057288,-0.000578,0.000498,0.105000,0.105000,1.262227,83460.992188,1.350106,0.000000,0.000000,0.000000,0.000000,0.000000,0.000000,0.000000,0.000000,0.000000,-23.046442,423.948120
38.285586,2.000000,-2175.792236,0.128086,826.042448,128.117630,414.060120,305.887451,305.481842,317.054930,-1.948904,0.092640,6.021214,-23.839197,-8.315284,-8.479112,127.644043,0.057525,-0.000570,0.000496,0.105000,0.105000,1.262639,83460.992188,1.349808,0.000000,0.000000,0.000000,0.000000,0.000000,0.000000,0.000000,0.000000,0.000000,-22.853754,419.573730
38.337532,2.000000,-2167.402100,0.112238,824.810702,126.886002,410.042938,305.734985,305.318634,316.914071,-1.883277,0.094215,6.028087,-23.658966,-8.256905,-8.420038,126.384514,0.057427,-0.000562,0.000493,0.105000,0.105000,1.263864,83460.992188,1.349414,0.000000,0.000000,0.000000,0.000000,0.000000,0.000000,0.000000,0.000000,0.000000,-22.672789,415.556519
38.393629,2.000000,-2158.557617,0.095443,823.491156,125.566483,405.839325,305.569000,305.145203,316.764166,-1.812355,0.095919,6.035517,-23.468954,-8.195319,-8.357754,125.066696,0.057015,-0.000553,0.000490,0.105000,0.105000,1.264432,83460.992188,1.349748,0.000000,0.000000,0.000000,0.000000,0.000000,0.000000,0.000000,0.000000,0.000000,-22.477371,411.304016
38.452485,2.000000,-2148.760254,0.076733,822.118479,124.193924,401.220093,305.393677,304.952118,316.596345,-1.737902,0.097710,6.043466,-23.258696,-8.127130,-8.288742,123.618782,0.057423,-0.000542,0.000487,0.105000,0.105000,1.265778,83460.992188,1.348752,0.000000,0.000000,0.000000,0.000000,0.000000,0.000000,0.000000,0.000000,0.000000,-22.272800,406.684784
38.504143,2.000000,-2140.275146,0.060439,820.923639,122.999100,397.251160,305.238617,304.783447,316.449614,-1.672489,0.099285,6.050493,-23.076694,-8.068064,-8.228961,122.374870,0.057627,-0.000529,0.000485,0.105000,0.105000,1.266547,83460.992188,1.348913,0.000000,0.000000,0.000000,0.000000,0.000000,0.000000,0.000000,0.000000,0.000000,-22.093334,402.715851
38.561573,2.000000,-2130.943604,0.042426,819.606191,121.681717,392.920197,305.065125,304.596954,316.286599,-1.599727,0.101039,6.058300,-22.876562,-8.003073,-8.165380,121.017601,0.055953,-0.000520,0.000482,0.105000,0.105000,1.266601,83460.992188,1.350502,0.000000,0.000000,0.000000,0.000000,0.000000,0.000000,0.000000,0.000000,0.000000,-21.893822,398.384888
38.611714,2.000000,-2123.073242,0.027154,818.465529,120.541031,389.295319,304.912201,304.437500,316.148409,-1.536534,0.102574,6.063409,-22.704975,-7.947242,-8.118531,119.880875,0.049861,-0.000517,0.000478,0.105000,0.105000,1.251945,83460.992188,1.362336,0.000000,0.000000,0.000000,0.000000,0.000000,0.000000,0.000000,0.000000,0.000000,-21.715824,394.838165
38.667252,2.000000,-2113.830078,0.009128,817.212704,119.288284,385.071716,304.741852,304.248993,315.985097,-1.468168,0.104389,6.064935,-22.496134,-7.879083,-8.070986,118.554024,0.039702,-0.000697,0.000429,0.105000,0.105000,1.208960,83460.992188,1.376271,0.000000,0.000000,0.000000,0.000000,0.000000,0.000000,0.000000,0.000000,0.000000,-21.511578,390.614563
38.717565,2.000000,-2105.499268,-0.007201,816.087726,118.163284,381.297272,304.586761,304.074280,315.834985,-1.409020,0.106110,6.061083,-22.300589,-7.815111,-8.034227,117.364723,0.028123,-0.000736,0.000383,0.105000,0.105000,1.143512,83460.992188,1.390241,0.000000,0.000000,0.000000,0.000000,0.000000,0.000000,0.000000,0.000000,0.000000,-21.319502,386.840118
38.773695,2.000000,-2096.587402,-0.024758,814.844340,116.919937,377.294861,304.412659,303.882538,315.670991,-1.347829,0.108058,6.049277,-22.083527,-7.743942,-8.000467,116.098473,0.014539,-0.000768,0.000339,0.105000,0.105000,1.039242,83460.992188,1.403790,0.000000,0.000000,0.000000,0.000000,0.000000,0.000000,0.000000,0.000000,0.000000,-21.097422,382.837708
38.827336,2.000000,-2088.016602,-0.041727,813.668012,115.743607,373.481659,304.245087,303.693420,315.510022,-1.295663,0.109941,6.029640,-21.868647,-7.673358,-7.972694,114.885818,0.001261,-0.000795,0.000301,0.105000,0.105000,0.912818,83460.992188,1.412440,0.000000,0.000000,0.000000,0.000000,0.000000,0.000000,0.000000,0.000000,0.000000,-20.879366,378.944580
38.881898,2.000000,-2079.058350,-0.059552,812.483666,114.559219,369.534546,304.073853,303.492889,315.338791,-1.250242,0.111870,6.000559,-21.639730,-7.598053,-7.947848,113.623070,-0.012386,-0.000818,0.000267,0.105000,0.105000,0.760455,83460.992188,1.421281,0.000000,0.000000,0.000000,0.000000,0.000000,0.000000,0.000000,0.000000,0.000000,-20.653442,374.997467
38.939335,2.000000,-2069.607910,-0.078450,811.250294,113.325821,365.413971,303.893250,303.277191,315.154805,-1.212082,0.113914,5.959465,-21.395014,-7.517452,-7.925499,112.295593,-0.025899,-0.000837,0.000236,0.105000,0.105000,0.578352,83460.992188,1.421951,0.000000,0.000000,0.000000,0.000000,0.000000,0.000000,0.000000,0.000000,0.000000,-20.413376,370.876892
38.995634,2.000000,-2060.694092,-0.096363,810.054819,112.130264,361.568451,303.715729,303.071991,314.979006,-1.185285,0.115925,5.909098,-21.165140,-7.441696,-7.907374,111.047417,-0.036752,-0.000852,0.000209,0.105000,0.105000,0.388110,83460.992188,1.415653,0.000000,0.000000,0.000000,0.000000,0.000000,0.000000,0.000000,0.000000,0.000000,-20.179756,367.031372
39.048584,2.000000,-2052.191162,-0.113527,808.942379,111.017776,357.937073,303.548798,302.876190,314.809673,-1.170053,0.117817,5.852878,-20.948940,-7.370438,-7.892192,109.860016,-0.045709,-0.000862,0.000187,0.105000,0.105000,0.201865,83460.992188,1.407938,0.000000,0.000000,0.000000,0.000000,0.000000,0.000000,0.000000,0.000000,0.000000,-19.963465,363.521515
39.100026,2.000000,-2043.893433,-0.130347,807.872532,109.948013,354.427490,303.386719,302.685669,314.643454,-1.164742,0.119653,5.790939,-20.743752,-7.302843,-7.878890,108.704132,-0.053196,-0.000865,0.000169,0.105000,0.105000,0.022669,83460.992188,1.395033,0.000000,0.000000,0.000000,0.000000,0.000000,0.000000,0.000000,0.000000,0.000000,-19.759783,360.011963
39.155767,2.000000,-2035.107544,-0.148230,806.724869,108.800369,350.746582,303.211884,302.484528,314.466291,-1.169310,0.121643,5.716194,-20.533463,-7.233628,-7.865951,107.483200,-0.058720,-0.000875,0.000154,0.105000,0.105000,-0.169129,83460.992188,1.375474,0.000000,0.000000,0.000000,0.000000,0.000000,0.000000,0.000000,0.000000,0.000000,-19.547033,356.331055
39.211137,2.000000,-2026.211670,-0.166412,805.596363,107.672012,347.055389,303.039063,302.283478,314.286844,-1.184155,0.123611,5.635722,-20.331772,-7.167365,-7.853595,106.250000,-0.063165,-0.000867,0.000141,0.105000,0.105000,-0.347091,83460.992188,1.351899,0.000000,0.000000,0.000000,0.000000,0.000000,0.000000,0.000000,0.000000,0.000000,-19.347706,352.639862
39.264997,2.000000,-2017.299683,-0.184695,804.508887,106.584610,343.391052,302.872406,302.085938,314.107129,-1.207659,0.125570,5.552548,-20.142275,-7.105270,-7.841508,105.017601,-0.066379,-0.000949,0.000158,0.105000,0.105000,-0.507483,83460.992188,1.329143,0.000000,0.000000,0.000000,0.000000,0.000000,0.000000,0.000000,0.000000,0.000000,-19.166016,348.920990
39.321344,2.000000,-2008.081177,-0.203667,803.381230,105.456985,339.633362,302.700226,301.885223,313.921661,-1.240991,0.127635,5.461640,-19.960340,-7.045857,-7.828870,103.746071,-0.067340,-0.000929,0.000177,0.105000,0.105000,-0.659620,83460.992188,1.300711,0.000000,0.000000,0.000000,0.000000,0.000000,0.000000,0.000000,0.000000,0.000000,-18.990105,345.163300
39.375836,2.000000,-1999.105347,-0.222195,802.299692,104.375443,336.003967,302.535950,301.694885,313.742273,-1.280755,0.129606,5.371608,-19.799351,-6.993550,-7.816034,102.511322,-0.066588,-0.000895,0.000192,0.105000,0.105000,-0.785683,83460.992188,1.271564,0.000000,0.000000,0.000000,0.000000,0.000000,0.000000,0.000000,0.000000,0.000000,-18.835758,341.533905
39.426673,2.000000,-1990.978760,-0.239015,801.297882,103.373672,332.740356,302.384918,301.526703,313.581008,-1.323462,0.131421,5.287050,-19.667955,-6.951132,-7.803655,101.396347,-0.063897,-0.000862,0.000205,0.105000,0.105000,-0.882819,83460.992188,1.241811,0.000000,0.000000,0.000000,0.000000,0.000000,0.000000,0.000000,0.000000,0.000000,-18.706427,338.235870
39.480946,2.000000,-1982.515381,-0.256575,800.235205,102.311111,329.361694,302.226135,301.356171,313.414403,-1.373812,0.133332,5.197679,-19.546589,-6.912291,-7.789729,100.238312,-0.059536,-0.000827,0.000218,0.105000,0.105000,-0.961791,83460.992188,1.209860,0.000000,0.000000,0.000000,0.000000,0.000000,0.000000,0.000000,0.000000,0.000000,-18.584764,334.857178
39.536738,2.000000,-1973.522827,-0.275278,799.149182,101.225052,325.791260,302.065979,301.181000,313.239168,-1.429218,0.135272,5.108299,-19.435160,-6.877072,-7.773495,99.011620,-0.054257,-0.000787,0.000229,0.105000,0.105000,-1.015475,83460.992188,1.177153,0.000000,0.000000,0.000000,0.000000,0.000000,0.000000,0.000000,0.000000,0.000000,-18.477470,331.286774
39.589997,2.000000,-1965.043213,-0.292955,798.117636,100.193436,322.439941,301.915833,301.020660,313.075470,-1.484151,0.137101,5.026641,-19.346329,-6.849484,-7.756589,97.858665,-0.048127,-0.000751,0.000240,0.105000,0.105000,-1.040712,83460.992188,1.146634,0.000000,0.000000,0.000000,0.000000,0.000000,0.000000,0.000000,0.000000,0.000000,-18.391521,327.935455
39.648763,2.000000,-1955.725586,-0.312419,796.984193,99.060013,318.771454,301.753937,300.850403,312.897388,-1.545403,0.139092,4.942233,-19.266590,-6.825366,-7.735971,96.596321,-0.040423,-0.000675,0.000256,0.105000,0.105000,-1.039124,83460.992188,1.114147,0.000000,0.000000,0.000000,0.000000,0.000000,0.000000,0.000000,0.000000,0.000000,-18.314945,324.370758
39.701859,2.000000,-1947.004272,-0.330675,795.963547,98.039322,315.347931,301.610718,300.694824,312.731199,-1.599832,0.140763,4.872503,-19.208410,-6.808531,-7.714529,95.419373,-0.032668,-0.000512,0.000313,0.105000,0.105000,-1.009451,83460.992188,1.084313,0.000000,0.000000,0.000000,0.000000,0.000000,0.000000,0.000000,0.000000,0.000000,-18.261845,320.947235
39.758235,2.000000,-1937.793823,-0.349991,794.882466,96.958206,311.739807,301.462189,300.533539,312.554421,-1.654974,0.142498,4.806810,-19.164007,-6.796745,-7.689433,94.181625,-0.023917,-0.000462,0.000364,0.105000,0.105000,-0.947485,83460.992188,1.055440,0.000000,0.000000,0.000000,0.000000,0.000000,0.000000,0.000000,0.000000,0.000000,-18.221655,317.339111
39.814268,2.000000,-1928.906738,-0.368662,793.809804,95.885513,308.262695,301.317780,300.379639,312.382745,-1.705498,0.144213,4.750855,-19.135796,-6.790528,-7.662665,92.992767,-0.015231,-0.000422,0.000405,0.105000,0.105000,-0.859541,83460.992188,1.031556,0.000000,0.000000,0.000000,0.000000,0.000000,0.000000,0.000000,0.000000,0.000000,-18.196070,313.862030
39.865491,2.000000,-1920.454834,-0.386450,792.830184,94.905777,304.957550,301.188538,300.235229,312.218513,-1.746795,0.145778,4.708534,-19.120615,-6.788727,-7.634761,91.867409,-0.006236,-0.000382,0.000436,0.105000,0.105000,-0.758372,83460.992188,1.010491,0.000000,0.000000,0.000000,0.000000,0.000000,0.000000,0.000000,0.000000,0.000000,-18.183842,310.428375
39.915570,2.000000,-1912.514771,-0.403186,791.872831,93.948318,301.852295,301.064362,300.100769,312.063477,-1.781688,0.147308,4.675767,-19.115458,-6.790253,-7.606286,90.815170,0.001918,-0.000352,0.000461,0.105000,0.105000,-0.642776,83460.992188,0.993390,0.000000,0.000000,0.000000,0.000000,0.000000,0.000000,0.000000,0.000000,0.000000,-18.180744,307.323120
39.970650,2.000000,-1903.453247,-0.422316,790.819844,92.895279,298.306427,300.929962,299.948395,311.885750,-1.812921,0.148977,4.649844,-19.118656,-6.795213,-7.571031,89.620567,0.012349,-0.000168,0.000259,0.105000,0.105000,-0.500395,83460.992188,0.982249,0.000000,0.000000,1.000000,0.012561,0.006613,0.014112,0.000000,0.000000,0.000000,-18.185392,303.777222
40.022446,2.000000,-1895.262817,-0.439631,789.829350,91.904678,295.098206,300.805176,299.751862,311.662375,-1.835051,0.150551,4.635301,-19.124847,-6.802219,-7.536596,88.546844,0.022649,-0.000450,-0.000022,0.105000,0.105000,-0.363840,83460.992188,0.969534,0.000000,0.000000,1.000000,0.039389,0.020736,0.044252,0.000000,0.000000,0.000000,-18.193432,300.569031
40.078260,2.000000,-1886.234375,-0.458733,788.761374,90.836563,291.556671,300.671448,299.521515,311.399759,-1.850474,0.152392,4.631088,-19.139568,-6.813093,-7.495748,87.370277,0.034545,-0.000495,-0.000055,0.105000,0.105000,-0.198202,83460.992188,0.955991,0.000000,0.000000,1.000000,0.068298,0.035955,0.076730,0.000000,0.000000,0.000000,-18.210001,297.164063
40.132377,2.000000,-1877.587524,-0.477040,787.724860,89.799942,288.158478,300.541412,299.297974,311.143668,-1.856151,0.154188,4.638468,-19.159798,-6.825786,-7.453747,86.250702,0.045343,-0.000513,-0.000086,0.105000,0.105000,-0.022190,83460.992188,0.945558,0.000000,0.000000,1.000000,0.096327,0.050711,0.108221,0.000000,0.000000,0.000000,-18.231979,293.765839
40.190164,2.000000,-1868.485474,-0.496322,786.616680,88.691666,284.573517,300.401001,299.060089,310.870641,-1.851340,0.156103,4.658500,-19.184988,-6.840622,-7.406470,85.080231,0.056107,-0.000535,-0.000116,0.105000,0.105000,0.175641,83460.992188,0.942732,0.000000,0.000000,1.000000,0.126258,0.066468,0.141847,0.000000,0.000000,0.000000,-18.258810,290.180878
40.247911,2.000000,-1859.335205,-0.515717,785.507713,87.582718,280.960968,300.257904,298.818939,310.593373,-1.834830,0.158017,4.690977,-19.212158,-6.856274,-7.355780,83.912277,0.066723,-0.000562,-0.000110,0.105000,0.105000,0.382267,83460.992188,0.939319,0.000000,0.000000,1.000000,0.142004,0.100071,0.160325,0.000000,0.000000,0.000000,-18.287537,286.485077
40.302839,2.000000,-1850.437622,-0.534585,784.451418,86.526443,277.439697,300.118256,298.581818,310.321473,-1.807934,0.159829,4.732723,-19.238171,-6.871427,-7.303466,82.785324,0.078021,-0.000569,-0.000067,0.105000,0.105000,0.580571,83460.992188,0.944561,0.000000,0.000000,1.000000,0.156982,0.132034,0.177901,0.000000,0.000000,0.000000,-18.313736,282.963806
40.355917,2.000000,-1841.981079,-0.552526,783.429376,85.504410,274.085327,299.979797,298.354980,310.061082,-1.771361,0.161559,4.783744,-19.262960,-6.885919,-7.251014,81.722565,0.087230,-0.000562,-0.000008,0.105000,0.105000,0.781606,83460.992188,0.949497,0.000000,0.000000,1.000000,0.171455,0.162920,0.194885,0.000000,0.000000,0.000000,-18.339151,279.609406
40.409620,2.000000,-1833.338501,-0.570870,782.394097,84.469131,270.649689,299.835022,298.121277,309.793661,-1.723575,0.163280,4.844902,-19.284483,-6.899432,-7.194699,80.645111,0.096740,-0.000545,0.000061,0.105000,0.105000,0.984195,83460.992188,0.952913,0.000000,0.000000,1.000000,0.186098,0.194169,0.212069,0.000000,0.000000,0.000000,-18.361217,276.173798
40.461735,2.000000,-1825.388062,-0.587756,781.388473,83.463577,267.483093,299.689545,297.903809,309.546557,-1.666805,0.164921,4.912788,-19.300020,-6.910396,-7.140522,79.661980,0.103048,-0.000526,0.000131,0.105000,0.105000,1.176334,83460.992188,0.967054,0.000000,0.000000,1.000000,0.200308,0.224495,0.228745,0.000000,0.000000,0.000000,-18.377281,272.994537
40.517560,2.000000,-1816.454956,-0.606741,780.310567,82.385757,263.919250,299.527802,297.657593,309.267776,-1.595003,0.166645,4.994571,-19.311443,-6.920619,-7.077008,78.566788,0.111748,-0.000499,0.000206,0.105000,0.105000,1.381522,83460.992188,0.975732,0.000000,0.000000,1.000000,0.215530,0.256979,0.246608,0.000000,0.000000,0.000000,-18.388941,269.430725
40.570059,2.000000,-1807.782104,-0.625189,779.296537,81.371780,260.454346,299.369659,297.415558,308.995847,-1.517156,0.168236,5.079359,-19.315861,-6.928219,-7.012742,77.513382,0.121419,-0.000466,0.000275,0.105000,0.105000,1.570426,83460.992188,0.992271,0.000000,0.000000,1.000000,0.229845,0.287528,0.263407,0.000000,0.000000,0.000000,-18.392929,265.965790
40.621894,2.000000,-1799.683350,-0.642431,778.295371,80.370743,257.215637,299.207489,297.186981,308.740943,-1.430652,0.169780,5.170092,-19.312574,-6.932715,-6.950491,76.538727,0.127215,-0.000439,0.000339,0.105000,0.105000,1.752494,83460.992188,1.009190,0.000000,0.000000,1.000000,0.243979,0.317691,0.279993,0.000000,0.000000,0.000000,-18.389410,262.727112
40.677710,2.000000,-1790.849854,-0.661258,777.217876,79.293350,253.681305,299.025330,296.934326,308.462043,-1.327212,0.171414,5.274337,-19.298943,-6.934072,-6.880221,75.485840,0.134027,-0.000407,0.000405,0.105000,0.105000,1.937601,83460.992188,1.033785,0.000000,0.000000,1.000000,0.259199,0.350170,0.297853,0.000000,0.000000,0.000000,-18.375025,259.145752
40.732474,2.000000,-1782.324219,-0.679450,776.161834,78.237320,250.270187,298.838928,296.687561,308.191775,-1.215939,0.172991,5.382802,-19.275352,-6.931693,-6.810151,74.479980,0.138962,-0.000378,0.000465,0.105000,0.105000,2.112268,83460.992188,1.050607,0.000000,0.000000,1.000000,0.274131,0.382037,0.315377,0.000000,0.000000,0.000000,-18.350752,255.734634
40.783275,2.000000,-1774.115234,-0.696988,775.183732,77.259293,246.987564,298.658966,296.446655,307.930494,-1.104433,0.174432,5.488198,-19.242607,-6.925847,-6.740690,73.521286,0.145027,-0.000349,0.000517,0.105000,0.105000,2.266760,83460.992188,1.067861,0.000000,0.000000,1.000000,0.287983,0.411598,0.331632,0.000000,0.000000,0.000000,-18.318359,252.452011
40.837505,2.000000,-1765.809692,-0.714759,774.141846,76.217422,243.669937,298.458588,296.199005,307.665297,-0.977051,0.175926,5.604495,-19.197704,-6.915740,-6.668520,72.561295,0.148475,-0.000256,0.000552,0.105000,0.105000,2.416351,83460.992188,1.094029,0.000000,0.000000,1.000000,0.302770,0.443154,0.348985,0.000000,0.000000,0.000000,-18.270998,249.134384
40.890366,2.000000,-1757.499512,-0.732575,773.129107,75.204666,240.356216,298.255280,295.947937,307.398974,-0.845327,0.177323,5.721401,-19.141598,-6.901640,-6.594509,71.611008,0.152686,-0.000222,0.000573,0.105000,0.105000,2.553453,83460.992188,1.117102,0.000000,0.000000,1.000000,0.317184,0.473914,0.365900,0.000000,0.000000,0.000000,-18.213604,245.791656
40.948159,2.000000,-1748.303467,-0.752333,772.025893,74.101456,236.698532,298.023926,295.665802,307.103523,-0.693696,0.178839,5.850330,-19.062904,-6.880088,-6.510636,70.571564,0.145602,-0.000204,0.000596,0.105000,0.105000,2.675239,83460.992188,1.161846,0.000000,0.000000,1.000000,0.332943,0.507544,0.384392,0.000000,0.000000,0.000000,-18.132744,242.133972
41.005037,2.000000,-1739.321289,-0.771679,770.945584,73.021133,233.139633,297.786530,295.384521,306.815132,-0.539376,0.180323,5.973032,-18.959745,-6.849581,-6.426879,69.568810,0.140074,-0.000187,0.000620,0.105000,0.105000,2.739899,83460.992188,1.202527,0.000000,0.000000,1.000000,0.348452,0.540641,0.402592,0.000000,0.000000,0.000000,-18.027388,238.575073
41.061498,2.000000,-1730.286255,-0.791190,769.879750,71.955338,229.578003,297.541351,295.096008,306.523894,-0.383522,0.181788,6.091015,-18.836460,-6.811866,-6.340975,68.572845,0.137940,-0.000164,0.000645,0.105000,0.105000,2.775054,83460.992188,1.231639,0.000000,0.000000,1.000000,0.363847,0.573495,0.420659,0.000000,0.000000,0.000000,-17.904816,235.108185
41.113658,2.000000,-1722.222534,-0.808648,768.901694,70.977249,226.417313,297.306244,294.834106,306.262108,-0.238179,0.183131,6.196953,-18.713911,-6.773693,-6.263027,67.694824,0.137422,-0.000141,0.000668,0.105000,0.105000,2.794859,83460.992188,1.253330,0.000000,0.000000,1.000000,0.378070,0.603847,0.437349,0.000000,0.000000,0.000000,-17.779362,231.947510
41.168016,2.000000,-1713.747803,-0.827044,767.889768,69.965286,223.115967,297.052582,294.554352,305.984810,-0.085818,0.184522,6.304427,-18.574425,-6.729705,-6.179914,66.783249,0.137618,-0.000121,0.000692,0.105000,0.105000,2.809004,83460.992188,1.273096,0.000000,0.000000,1.000000,0.392892,0.635478,0.454743,0.000000,0.000000,0.000000,-17.638069,228.646164
41.220014,2.000000,-1705.379639,-0.845256,766.929265,69.004715,219.878448,296.801849,294.273834,305.708461,0.060547,0.185845,6.404574,-18.427126,-6.682802,-6.096750,65.894516,0.138155,-0.000098,0.000713,0.105000,0.105000,2.819360,83460.992188,1.290558,0.000000,0.000000,1.000000,0.417909,0.656555,0.477952,0.000000,0.000000,0.000000,-17.493908,225.408630
41.275952,2.000000,-1696.511963,-0.864610,765.904654,67.980118,216.473541,296.523651,293.971771,305.412714,0.218544,0.187262,6.509549,-18.261467,-6.629617,-6.007541,64.965179,0.138920,-0.000071,0.000725,0.105000,0.105000,2.828723,83460.992188,1.307979,0.000000,0.000000,1.000000,0.450459,0.674454,0.506338,0.000000,0.000000,0.000000,-17.329769,221.914658
41.333733,2.000000,-1687.611206,-0.884094,764.856284,66.931595,213.084579,296.227081,293.663849,305.112726,0.382265,0.188719,6.615113,-18.085915,-6.572844,-5.916995,64.045380,0.139802,-0.000050,0.000730,0.105000,0.105000,2.837414,83460.992188,1.324819,0.000000,0.000000,1.000000,0.484082,0.692943,0.535658,0.000000,0.000000,0.000000,-17.150999,218.525696
41.390329,2.000000,-1678.633057,-0.903807,763.839749,65.982437,209.696945,295.927673,293.348236,304.806776,0.543098,0.190143,6.715807,-17.899879,-6.512291,-5.824754,63.130871,0.140699,-0.000031,0.000727,0.105000,0.105000,2.845458,83460.992188,1.340749,0.000000,0.000000,1.000000,0.517015,0.711053,0.564378,0.000000,0.000000,0.000000,-16.967268,215.138062
41.440568,2.000000,-1670.680786,-0.921318,762.946316,65.132950,206.723480,295.655121,293.064789,304.532859,0.686239,0.191406,6.803024,-17.727863,-6.455991,-5.742381,62.332085,0.141498,-0.000016,0.000720,0.105000,0.105000,2.852417,83460.992188,1.354373,0.000000,0.000000,1.000000,0.546249,0.727128,0.589871,0.000000,0.000000,0.000000,-16.797304,212.164597
41.492029,2.000000,-1662.876953,-0.938549,762.040295,64.271927,203.831589,295.368866,292.782440,304.261404,0.833224,0.192701,6.890347,-17.552721,-6.398396,-5.661011,61.558510,0.142315,-0.000004,0.000708,0.105000,0.105000,2.859408,83460.992188,1.367620,0.000000,0.000000,1.000000,0.576194,0.743595,0.615985,0.000000,0.000000,0.000000,-16.616821,209.749130
41.549594,2.000000,-1653.878418,-0.958476,761.038083,63.320019,200.530243,295.040863,292.452515,303.945013,0.998067,0.194150,6.985673,-17.343184,-6.329165,-5.566616,60.679237,0.143213,0.000008,0.000692,0.105000,0.105000,2.867180,83460.992188,1.382135,0.000000,0.000000,1.000000,0.609691,0.762015,0.645196,0.000000,0.000000,0.000000,-16.407494,206.447784
41.599717,2.000000,-1646.076416,-0.975804,760.175488,62.501110,197.697906,294.748688,292.162750,303.667745,1.141963,0.195413,7.066728,-17.155149,-6.266764,-5.484356,59.927959,0.143980,0.000018,0.000675,0.105000,0.105000,2.873921,83460.992188,1.394343,0.000000,0.000000,1.000000,0.638857,0.778053,0.670631,0.000000,0.000000,0.000000,-16.219072,203.615448
41.650146,2.000000,-1637.948730,-0.993905,759.317364,61.686901,194.778076,294.448853,291.856659,303.375854,1.287078,0.196685,7.146508,-16.953178,-6.199473,-5.398327,59.156288,0.144736,0.000027,0.000657,0.105000,0.105000,2.880691,83460.992188,1.406435,0.000000,0.000000,1.000000,0.668201,0.794190,0.696220,0.000000,0.000000,0.000000,-16.023911,200.695633
41.701711,2.000000,-1629.832153,-1.012031,758.450246,60.864635,191.894470,294.136658,291.547485,303.081234,1.435814,0.197988,7.226301,-16.745432,-6.129993,-5.312141,58.396866,0.145490,0.000033,0.000636,0.105000,0.105000,2.887629,83460.992188,1.418307,0.000000,0.000000,1.000000,0.698207,0.810690,0.722387,0.000000,0.000000,0.000000,-15.818722,198.354446
41.757363,2.000000,-1621.570557,-1.030532,757.526549,59.989330,188.993668,293.793030,291.228210,302.778131,1.596739,0.199396,7.310477,-16.527977,-6.056996,-5.224209,57.635387,0.146287,0.000035,0.000612,0.105000,0.105000,2.895091,83460.992188,1.430409,0.000000,0.000000,1.000000,0.730591,0.828497,0.750627,0.000000,0.000000,0.000000,-15.591139,195.453644
41.813151,2.000000,-1612.712646,-1.050428,756.613642,59.124767,185.923477,293.441589,290.881866,302.449431,1.758477,0.200806,7.392920,-16.288353,-5.976261,-5.129787,56.831852,0.147066,0.000041,0.000587,0.105000,0.105000,2.902554,83460.992188,1.442483,0.000000,0.000000,1.000000,0.763053,0.846348,0.778936,0.000000,0.000000,0.000000,-15.356859,192.383453
41.863343,2.000000,-1604.893433,-1.068041,755.803617,58.358227,183.248215,293.120392,290.572266,302.156027,1.904346,0.202076,7.465470,-16.071367,-5.902899,-5.046369,56.133644,0.147751,0.000045,0.000563,0.105000,0.105000,2.909266,83460.992188,1.452883,0.000000,0.000000,1.000000,0.792260,0.862409,0.804406,0.000000,0.000000,0.000000,-15.140961,189.708191
41.915028,2.000000,-1597.017456,-1.085828,754.981026,57.580395,180.587708,292.784607,290.257141,301.857729,2.054895,0.203384,7.538635,-15.847845,-5.827082,-4.962344,55.440891,0.148479,0.000047,0.000538,0.105000,0.105000,2.915837,83460.992188,1.463103,0.000000,0.000000,1.000000,0.822335,0.878947,0.830633,0.000000,0.000000,0.000000,-14.913821,187.629608
41.965451,2.000000,-1589.207520,-1.103512,754.190005,56.832958,177.984283,292.452240,289.941040,301.558809,2.202101,0.204659,7.608555,-15.621431,-5.750049,-4.879078,54.764370,0.149150,0.000048,0.000514,0.105000,0.105000,2.922435,83460.992188,1.472895,0.000000,0.000000,1.000000,0.851676,0.895082,0.856220,0.000000,0.000000,0.000000,-14.687660,185.026184
42.018873,2.000000,-1580.955566,-1.122246,753.364601,56.053722,175.272064,292.095032,289.603333,301.239541,2.358430,0.206009,7.681125,-15.377174,-5.666690,-4.791216,54.060814,0.149831,0.000050,0.000487,0.105000,0.105000,2.929529,83460.992188,1.482980,0.000000,0.000000,1.000000,0.882762,0.912176,0.883329,0.000000,0.000000,0.000000,-14.443284,182.313965
42.070990,2.000000,-1572.902954,-1.140576,752.572119,55.306164,172.664337,291.741852,289.270020,300.924485,2.511307,0.207325,7.750461,-15.133951,-5.583431,-4.705644,53.385391,0.150468,0.000048,0.000461,0.105000,0.105000,2.936517,83460.992188,1.492539,0.000000,0.000000,1.000000,0.913089,0.928852,0.909775,0.000000,0.000000,0.000000,-14.200285,179.706238
42.122168,2.000000,-1564.935669,-1.158759,751.806410,54.584484,170.123016,291.390625,288.936554,300.609399,2.661784,0.208615,7.817196,-14.888709,-5.499234,-4.621196,52.727921,0.151071,0.000047,0.000435,0.105000,0.105000,2.943420,83460.992188,1.501688,0.000000,0.000000,1.000000,0.942870,0.945229,0.935745,0.000000,0.000000,0.000000,-13.957400,177.733017
42.177165,2.000000,-1556.448853,-1.178179,750.997571,53.822948,167.459198,291.008850,288.577484,300.269932,2.823883,0.209999,7.887463,-14.622577,-5.407593,-4.531529,52.039360,0.151696,0.000043,0.000407,0.105000,0.105000,2.950872,83460.992188,1.511188,0.000000,0.000000,1.000000,0.974872,0.962826,0.963653,0.000000,0.000000,0.000000,-13.691829,175.069199
42.228752,2.000000,-1548.490112,-1.196437,750.252390,53.137280,165.002731,290.646118,288.236633,299.948024,2.976305,0.211294,7.952069,-14.368563,-5.319869,-4.447767,51.404655,0.152265,0.000042,0.000382,0.105000,0.105000,2.957840,83460.992188,1.519810,0.000000,0.000000,1.000000,0.995745,0.985879,0.994676,0.000000,0.000000,0.000000,-13.438602,172.612732
42.280105,2.000000,-1540.403198,-1.215036,749.523644,52.427380,162.548416,290.281769,287.887146,299.617278,3.128381,0.212579,8.014988,-14.106040,-5.228948,-4.363017,50.770607,0.150027,0.000037,0.000360,0.105000,0.105000,2.963379,83460.992188,1.532398,0.000000,0.000000,1.000000,1.000000,1.000000,1.000000,0.000000,0.000000,0.000000,-13.182253,170.894958
42.335546,2.000000,-1532.231689,-1.233876,748.752045,51.686840,160.112579,289.883759,287.529541,299.279828,3.292358,0.213962,8.078886,-13.831693,-5.133549,-4.277807,50.141022,0.143125,0.000031,0.000340,0.105000,0.105000,2.949024,83460.992188,1.552929,0.000000,0.000000,1.000000,1.000000,1.000000,1.000000,0.000000,0.000000,0.000000,-12.895664,168.459122
42.392838,2.000000,-1523.479370,-1.254110,747.971899,50.978954,157.555344,289.467407,287.142181,298.915090,3.460221,0.215353,8.139264,-13.527092,-5.027178,-4.187100,49.479004,0.137450,0.000067,0.000308,0.105000,0.105000,2.911170,83460.992188,1.570402,0.000000,0.000000,1.000000,1.000000,1.000000,1.000000,0.000000,0.000000,0.000000,-12.589158,165.901901
42.443902,2.000000,-1515.494263,-1.272620,747.291553,50.345592,155.270020,289.093231,286.785309,298.578916,3.607636,0.216581,8.188249,-13.241786,-4.927188,-4.104896,48.886082,0.132875,0.000061,0.000283,0.105000,0.105000,2.864975,83460.992188,1.582215,0.000000,0.000000,1.000000,1.000000,1.000000,1.000000,0.000000,0.000000,0.000000,-12.309431,163.616562
42.500918,2.000000,-1506.623169,-1.293240,746.549021,49.603405,152.786041,288.671875,286.384827,298.201542,3.769075,0.217947,8.237149,-12.917682,-4.813218,-4.014245,48.239689,0.127303,0.000051,0.000258,0.105000,0.105000,2.800582,83460.992188,1.594326,0.000000,0.000000,1.000000,1.000000,1.000000,1.000000,0.000000,0.000000,0.000000,-11.990641,161.627823
42.553840,2.000000,-1498.751221,-1.311586,745.876327,48.928295,150.631485,288.277252,286.025726,297.863292,3.915354,0.219210,8.277000,-12.625012,-4.709981,-3.934446,47.676899,0.122669,0.000044,0.000238,0.105000,0.105000,2.732185,83460.992188,1.602675,0.000000,0.000000,1.000000,1.000000,1.000000,1.000000,0.000000,0.000000,0.000000,-11.690093,159.473282
42.611517,2.000000,-1489.804321,-1.332491,745.161450,48.247936,148.240372,287.844330,285.614563,297.474974,4.070473,0.220580,8.314548,-12.288150,-4.590811,-3.844525,47.049530,0.118101,0.000037,0.000220,0.105000,0.105000,2.651759,83460.992188,1.608766,0.000000,0.000000,1.000000,1.000000,1.000000,1.000000,0.000000,0.000000,0.000000,-11.359019,157.082169
42.665175,2.000000,-1481.703979,-1.351468,744.513727,47.591869,146.129181,287.438812,285.239136,297.119964,4.210473,0.221846,8.343997,-11.980308,-4.481602,-3.763859,46.492714,0.113853,0.000032,0.000204,0.105000,0.105000,2.572597,83460.992188,1.613677,0.000000,0.000000,1.000000,1.000000,1.000000,1.000000,0.000000,0.000000,0.000000,-11.048593,154.970963
42.718018,2.000000,-1473.555542,-1.370604,743.892227,46.960644,144.057388,287.037476,284.859161,296.759616,4.344114,0.223085,8.367963,-11.668596,-4.370734,-3.683456,45.943260,0.109877,0.000027,0.000191,0.105000,0.105000,2.491898,83460.992188,1.616531,0.000000,0.000000,1.000000,1.000000,1.000000,1.000000,0.000000,0.000000,0.000000,-10.741408,152.817535
42.769930,2.000000,-1465.639648,-1.389237,743.297556,46.342541,142.094849,286.641541,284.487671,296.406535,4.471200,0.224294,8.386792,-11.364617,-4.262349,-3.606081,45.419682,0.106044,0.000027,0.000180,0.105000,0.105000,2.410855,83460.992188,1.618198,0.000000,0.000000,1.000000,1.000000,1.000000,1.000000,0.000000,0.000000,0.000000,-10.438947,150.854996
42.825242,2.000000,-1457.338379,-1.408824,742.681337,45.773083,140.090302,286.218079,284.095978,296.033226,4.601931,0.225574,8.401851,-11.045216,-4.148185,-3.525736,44.881336,0.102073,0.000025,0.000170,0.105000,0.105000,2.323336,83460.992188,1.618414,0.000000,0.000000,1.000000,1.000000,1.000000,1.000000,0.000000,0.000000,0.000000,-10.116568,148.850449
42.881305,2.000000,-1448.729126,-1.429185,742.074907,45.133068,138.069061,285.788300,283.687775,295.642891,4.729507,0.226862,8.412120,-10.714072,-4.029530,-3.443282,44.334545,0.098235,0.000022,0.000160,0.105000,0.105000,2.234253,83460.992188,1.617475,0.000000,0.000000,1.000000,1.000000,1.000000,1.000000,0.000000,0.000000,0.000000,-9.790447,146.829208
42.932947,2.000000,-1441.017822,-1.447464,741.532559,44.602917,136.308792,285.391632,283.320374,295.290670,4.842596,0.228042,8.417290,-10.418080,-3.923220,-3.370198,43.854687,0.094826,0.000020,0.000152,0.105000,0.105000,2.152390,83460.992188,1.615497,0.000000,0.000000,1.000000,1.000000,1.000000,1.000000,0.000000,0.000000,0.000000,-9.491150,145.203964
42.983442,2.000000,-1433.283325,-1.465836,741.017213,44.084118,134.590759,285.003418,282.950684,294.935038,4.949106,0.229188,8.418597,-10.122302,-3.816753,-3.297630,43.382732,0.091647,0.000020,0.000146,0.105000,0.105000,2.073023,83460.992188,1.612727,0.000000,0.000000,1.000000,1.000000,1.000000,1.000000,0.000000,0.000000,0.000000,-9.200027,143.485931
43.042422,2.000000,-1424.436523,-1.486897,740.433896,43.499950,132.683792,284.550171,282.526184,294.525483,5.068477,0.230518,8.415690,-9.785897,-3.695380,-3.215535,42.854301,0.088115,0.000020,0.000139,0.105000,0.105000,1.981721,83460.992188,1.608297,0.000000,0.000000,1.000000,1.000000,1.000000,1.000000,0.000000,0.000000,0.000000,-8.862463,141.578949
43.104383,2.000000,-1416.013306,-1.506994,739.842731,42.907848,130.925766,284.073334,282.121094,294.133012,5.188099,0.231903,8.407815,-9.468085,-3.580443,-3.138280,42.362408,0.084747,0.000012,0.000132,0.105000,0.105000,1.888161,83460.992188,1.602576,0.000000,0.000000,1.000000,1.000000,1.000000,1.000000,0.000000,0.000000,0.000000,-8.511388,139.776169
43.156083,2.000000,-1406.975220,-1.528605,739.365957,42.427502,129.101669,283.677368,281.684937,293.709309,5.283463,0.233052,8.397231,-9.129186,-3.457569,-3.056370,41.846710,0.080388,0.000028,0.000128,0.105000,0.105000,1.807423,83460.992188,1.599597,0.000000,0.000000,1.000000,1.000000,1.000000,1.000000,0.000000,0.000000,0.000000,-8.220400,137.952057
43.207147,2.000000,-1399.213867,-1.547202,738.909783,41.976391,127.585693,283.287048,281.309631,293.343473,5.373620,0.234180,8.383818,-8.841133,-3.352892,-2.986830,41.413792,0.078180,0.000029,0.000123,0.105000,0.105000,1.730837,83460.992188,1.592131,0.000000,0.000000,1.000000,1.000000,1.000000,1.000000,0.000000,0.000000,0.000000,-7.936540,136.436096
43.259839,2.000000,-1391.436768,-1.565871,738.454227,41.554577,126.113327,282.885529,280.933105,292.975147,5.462669,0.235341,8.367322,-8.556246,-3.249157,-2.917889,40.989143,0.076033,0.000033,0.000119,0.105000,0.105000,1.656051,83460.992188,1.584180,0.000000,0.000000,1.000000,1.000000,1.000000,1.000000,0.000000,0.000000,0.000000,-7.647869,134.963730
43.313256,2.000000,-1383.355347,-1.585307,738.007787,41.094128,124.632050,282.480408,280.541504,292.590803,5.549048,0.236512,8.348067,-8.264238,-3.142610,-2.848043,40.557480,0.073151,0.000037,0.000116,0.105000,0.105000,1.583559,83460.992188,1.576850,0.000000,0.000000,1.000000,1.000000,1.000000,1.000000,0.000000,0.000000,0.000000,-7.359581,133.413803
43.370764,2.000000,-1374.908569,-1.605659,737.544382,40.607677,123.136604,282.045868,280.131622,292.187329,5.637687,0.237768,8.324047,-7.962377,-3.032213,-2.778586,40.116386,0.068524,0.000042,0.000112,0.105000,0.105000,1.504099,83460.992188,1.571762,0.000000,0.000000,1.000000,1.000000,1.000000,1.000000,0.000000,0.000000,0.000000,-7.052860,131.918365
43.422671,2.000000,-1367.104492,-1.624497,737.141293,40.213757,121.802689,281.655426,279.752350,291.813099,5.713619,0.238898,8.298903,-7.685502,-2.930708,-2.717548,39.717617,0.063206,0.000049,0.000109,0.105000,0.105000,1.426995,83460.992188,1.567934,0.000000,0.000000,1.000000,1.000000,1.000000,1.000000,0.000000,0.000000,0.000000,-6.778361,130.584442
43.477102,2.000000,-1358.718994,-1.644773,736.733850,39.812756,120.419899,281.248596,279.344482,291.409506,5.788732,0.240079,8.268463,-7.389697,-2.821991,-2.655203,39.298111,0.056704,0.000057,0.000106,0.105000,0.105000,1.337679,83460.992188,1.565051,0.000000,0.000000,1.000000,1.000000,1.000000,1.000000,0.000000,0.000000,0.000000,-6.492429,129.201660
43.528090,2.000000,-1351.321045,-1.662693,736.366358,39.422314,119.243500,280.869293,278.984253,291.052332,5.854441,0.241182,8.235836,-7.130325,-2.726430,-2.602909,38.935398,0.050779,0.000062,0.000104,0.105000,0.105000,1.246400,83460.992188,1.560634,0.000000,0.000000,1.000000,1.000000,1.000000,1.000000,0.000000,0.000000,0.000000,-6.226704,128.143555
43.581135,2.000000,-1343.359619,-1.682008,735.998438,39.055492,118.022896,280.476929,278.596375,290.666772,5.917651,0.242345,8.197465,-6.853365,-2.624151,-2.549383,38.552467,0.043975,0.000007,0.000093,0.105000,0.105000,1.144225,83460.992188,1.555400,0.000000,0.000000,1.000000,1.000000,1.000000,1.000000,0.000000,0.000000,0.000000,-5.952870,126.922951
43.639776,2.000000,-1334.684326,-1.703091,735.608643,38.674572,116.746124,280.046051,278.173096,290.245026,5.981003,0.243700,8.149858,-6.555199,-2.513775,-2.494207,38.143574,0.036372,-0.000037,0.000074,0.105000,0.105000,1.025924,83460.992188,1.546620,0.000000,0.000000,1.000000,1.000000,1.000000,1.000000,0.000000,0.000000,0.000000,-5.654489,125.646179
43.693420,2.000000,-1326.445313,-1.723145,735.267278,38.314831,115.584053,279.655304,277.770447,289.842442,6.032756,0.244978,8.101425,-6.276070,-2.410203,-2.444739,37.762966,0.028743,-0.000062,0.000065,0.105000,0.105000,0.912423,83460.992188,1.539380,0.000000,0.000000,1.000000,1.000000,1.000000,1.000000,0.000000,0.000000,0.000000,-5.385723,124.484108
43.748236,2.000000,-1318.324097,-1.742941,734.933214,37.998608,114.485947,279.259674,277.373199,289.444187,6.079223,0.246292,8.046974,-6.005046,-2.309407,-2.398679,37.394844,0.021756,-0.000061,0.000056,0.105000,0.105000,0.790984,83460.992188,1.530791,0.000000,0.000000,1.000000,1.000000,1.000000,1.000000,0.000000,0.000000,0.000000,-5.115635,123.244118
43.802644,2.000000,-1310.396851,-1.762290,734.616190,37.697277,113.459030,278.870422,276.985443,289.054505,6.118657,0.247596,7.988103,-5.745397,-2.212628,-2.356225,37.041965,0.015380,-0.000055,0.000049,0.105000,0.105000,0.667147,83460.992188,1.520001,0.000000,0.000000,1.000000,1.000000,1.000000,1.000000,0.000000,0.000000,0.000000,-4.853144,122.217194
43.857861,2.000000,-1302.101440,-1.782563,734.309023,37.367077,112.431412,278.478485,276.580231,288.646344,6.151722,0.248915,7.923775,-5.480057,-2.113519,-2.314368,36.679226,0.008436,-0.000040,0.000042,0.105000,0.105000,0.540985,83460.992188,1.506059,0.000000,0.000000,1.000000,1.000000,1.000000,1.000000,0.000000,0.000000,0.000000,-4.593659,121.189575
43.914990,2.000000,-1293.683716,-1.803162,734.006095,37.099499,111.436020,278.077515,276.170105,288.231895,6.178555,0.250277,7.852304,-5.217680,-2.015303,-2.274472,36.317669,0.002239,-0.000029,0.000036,0.105000,0.105000,0.407869,83460.992188,1.493040,0.000000,0.000000,1.000000,1.000000,1.000000,1.000000,0.000000,0.000000,0.000000,-4.332352,120.194183
43.969698,2.000000,-1285.459839,-1.823311,733.729819,36.784618,110.508720,277.697693,275.770660,287.827174,6.197127,0.251581,7.779523,-4.968937,-1.921998,-2.237914,35.970509,-0.003704,-0.000017,0.000031,0.105000,0.105000,0.280458,83460.992188,1.478412,0.000000,0.000000,1.000000,1.000000,1.000000,1.000000,0.000000,0.000000,0.000000,-4.090057,119.316292
44.025639,2.000000,-1277.253662,-1.843440,733.460859,36.556042,109.626587,277.313477,275.373596,287.423966,6.208936,0.252915,7.701040,-4.728940,-1.831795,-2.203730,35.629818,-0.008750,-0.000005,0.000026,0.105000,0.105000,0.151664,83460.992188,1.460757,0.000000,0.000000,1.000000,1.000000,1.000000,1.000000,0.000000,0.000000,0.000000,-3.851071,118.434158
44.083444,2.000000,-1268.842285,-1.864094,733.196767,36.269054,108.765648,276.921082,274.968842,287.011860,6.213655,0.254294,7.616090,-4.492435,-1.742738,-2.170975,35.286278,-0.013224,0.000011,0.000022,0.105000,0.105000,0.021658,83460.992188,1.442089,0.000000,0.000000,1.000000,1.000000,1.000000,1.000000,0.000000,0.000000,0.000000,-3.614232,117.573219
44.138890,2.000000,-1260.785156,-1.883898,732.956075,36.047680,107.980362,276.549469,274.583130,286.618144,6.211245,0.255618,7.531311,-4.275326,-1.660841,-2.141677,34.962357,-0.016968,0.000022,0.000019,0.105000,0.105000,-0.099170,83460.992188,1.423777,0.000000,0.000000,1.000000,1.000000,1.000000,1.000000,0.000000,0.000000,0.000000,-3.397104,116.785599
44.194226,2.000000,-1252.338623,-1.904678,732.727628,35.808178,107.196861,276.183411,274.181458,286.207195,6.202305,0.256942,7.444028,-4.058340,-1.578854,-2.113055,34.627956,-0.021311,0.000044,0.000017,0.105000,0.105000,-0.214841,83460.992188,1.403231,0.000000,0.000000,1.000000,1.000000,1.000000,1.000000,0.000000,0.000000,0.000000,-3.190968,116.002098
44.244503,2.000000,-1245.061890,-1.922597,732.529733,35.626537,106.552788,275.855133,273.837769,285.854826,6.188753,0.258148,7.362659,-3.880345,-1.511500,-2.090037,34.343941,-0.023620,0.000057,0.000016,0.105000,0.105000,-0.316049,83460.992188,1.385312,0.000000,0.000000,1.000000,1.000000,1.000000,1.000000,0.000000,0.000000,0.000000,-3.012838,115.358025
44.299663,2.000000,-1237.044434,-1.942354,732.322712,35.410473,105.874931,275.499390,273.462097,285.468880,6.168209,0.259473,7.271761,-3.694567,-1.441111,-2.066359,34.035194,-0.025837,0.000077,0.000014,0.105000,0.105000,-0.420256,83460.992188,1.363924,0.000000,0.000000,1.000000,1.000000,1.000000,1.000000,0.000000,0.000000,0.000000,-2.828330,114.680168
44.353698,2.000000,-1228.953491,-1.962307,732.129524,35.208385,105.222672,275.155518,273.086182,285.081927,6.142709,0.260775,7.181486,-3.518279,-1.374236,-2.044171,33.727882,-0.028101,0.000100,0.000013,0.105000,0.105000,-0.515589,83460.992188,1.342734,0.000000,0.000000,1.000000,1.000000,1.000000,1.000000,0.000000,0.000000,0.000000,-2.658714,114.012741
44.408240,2.000000,-1221.328979,-1.981123,731.943609,35.009533,104.635574,274.812622,272.735016,284.719829,6.111940,0.262093,7.089644,-3.362749,-1.315178,-2.024756,33.442043,-0.028715,0.000120,0.000012,0.105000,0.105000,-0.603888,83460.992188,1.320743,0.000000,0.000000,1.000000,1.000000,1.000000,1.000000,0.000000,0.000000,0.000000,-2.499008,113.425644
44.461665,2.000000,-1213.511597,-2.000426,731.769683,34.827587,104.059509,274.481567,272.378204,284.351265,6.077353,0.263391,6.999426,-3.214016,-1.258656,-2.006278,33.152603,-0.029723,0.000145,0.000011,0.105000,0.105000,-0.682944,83460.992188,1.299192,0.000000,0.000000,1.000000,1.000000,1.000000,1.000000,0.000000,0.000000,0.000000,-2.353714,112.849579
44.513465,2.000000,-1205.895264,-2.019244,731.608216,34.668713,103.521675,274.165009,272.033752,283.994921,6.039994,0.264658,6.912100,-3.079589,-1.207542,-1.989595,32.874001,-0.030363,0.000169,0.000010,0.105000,0.105000,-0.752579,83460.992188,1.278395,0.000000,0.000000,1.000000,1.000000,1.000000,1.000000,0.000000,0.000000,0.000000,-2.223351,112.311745
44.570435,2.000000,-1197.424927,-2.040182,731.438129,34.527416,102.948563,273.822144,271.654205,283.601650,5.995004,0.266027,6.816773,-2.942466,-1.155389,-1.972486,32.567924,-0.030836,0.000256,0.000022,0.105000,0.105000,-0.820102,83460.992188,1.255325,0.000000,0.000000,1.000000,1.000000,1.000000,1.000000,0.000000,0.000000,0.000000,-2.092135,111.714188
44.623182,2.000000,-1189.872803,-2.058861,731.287057,34.368053,102.457924,273.508942,271.318573,283.253344,5.950204,0.267277,6.729813,-2.831468,-1.113182,-1.958442,32.298241,-0.030565,0.000288,0.000033,0.105000,0.105000,-0.872554,83460.992188,1.233374,0.000000,0.000000,1.000000,1.000000,1.000000,1.000000,0.000000,0.000000,0.000000,-1.982287,111.223549
44.678351,2.000000,-1181.763306,-2.078925,731.134957,34.202892,101.950325,273.186279,270.960907,282.881695,5.900666,0.268595,6.640550,-2.723740,-1.072245,-1.944554,32.011879,-0.030344,0.000308,0.000042,0.105000,0.105000,-0.918388,83460.992188,1.211306,0.000000,0.000000,1.000000,1.000000,1.000000,1.000000,0.000000,0.000000,0.000000,-1.878804,110.715950
44.728624,2.000000,-1174.628662,-2.096586,731.001115,34.087414,101.518646,272.896149,270.648560,282.556821,5.853551,0.269817,6.561100,-2.638684,-1.039963,-1.933296,31.762596,-0.029622,0.000322,0.000049,0.105000,0.105000,-0.951992,83460.992188,1.192039,0.000000,0.000000,1.000000,1.000000,1.000000,1.000000,0.000000,0.000000,0.000000,-1.794559,110.284271
44.783755,2.000000,-1166.739258,-2.116122,730.858979,33.922863,101.055817,272.581726,270.305695,282.199795,5.800189,0.271174,6.476409,-2.554943,-1.008240,-1.921831,31.489719,-0.028801,0.000346,0.000056,0.105000,0.105000,-0.980201,83460.992188,1.171271,0.000000,0.000000,1.000000,1.000000,1.000000,1.000000,0.000000,0.000000,0.000000,-1.712880,109.804085
44.839451,2.000000,-1158.673218,-2.136103,730.719701,33.809338,100.596443,272.268250,269.957825,281.837163,5.744944,0.272561,6.393713,-2.480131,-0.979982,-1.911106,31.213629,-0.027855,0.000373,0.000061,0.105000,0.105000,-1.000702,83460.992188,1.151499,0.000000,0.000000,1.000000,1.000000,1.000000,1.000000,0.000000,0.000000,0.000000,-1.641215,109.344711
44.896609,2.000000,-1150.099487,-2.157349,730.580639,33.637463,100.121323,271.951050,269.591003,281.454362,5.687304,0.274002,6.312109,-2.412016,-0.954369,-1.900733,30.923231,-0.026832,0.000402,0.000065,0.105000,0.105000,-1.014138,83460.992188,1.131595,0.000000,0.000000,1.000000,1.000000,1.000000,1.000000,0.000000,0.000000,0.000000,-1.578503,108.869591
44.951640,2.000000,-1142.116089,-2.177136,730.449903,33.536510,99.689232,271.649506,269.251984,281.100302,5.631292,0.275409,6.236905,-2.358796,-0.934490,-1.891956,30.655556,-0.025448,0.000426,0.000068,0.105000,0.105000,-1.020078,83460.992188,1.113333,0.000000,0.000000,1.000000,1.000000,1.000000,1.000000,0.000000,0.000000,0.000000,-1.528085,108.451363
45.004364,2.000000,-1134.606934,-2.195754,730.327055,33.405956,99.290306,271.363831,268.935394,280.769318,5.577494,0.276772,6.168149,-2.317391,-0.919172,-1.884420,30.406078,-0.023938,0.000445,0.000070,0.105000,0.105000,-1.019679,83460.992188,1.096900,0.000000,0.000000,1.000000,1.000000,1.000000,1.000000,0.000000,0.000000,0.000000,-1.488559,108.052444
45.055066,2.000000,-1127.522217,-2.213322,730.210735,33.305004,98.919373,271.091675,268.638580,280.458830,5.525930,0.278099,6.105218,-2.285642,-0.907584,-1.877903,30.172667,-0.022413,0.000465,0.000071,0.105000,0.105000,-1.014096,83460.992188,1.081895,0.000000,0.000000,1.000000,1.000000,1.000000,1.000000,0.000000,0.000000,0.000000,-1.458237,107.681511
45.109113,2.000000,-1119.445068,-2.233356,730.088261,33.145885,98.501450,270.804474,268.302277,280.106817,5.471422,0.279530,6.041717,-2.257750,-0.897637,-1.871123,29.908791,-0.020691,0.000490,0.000072,0.105000,0.105000,-1.003015,83460.992188,1.066164,0.000000,0.000000,1.000000,1.000000,1.000000,1.000000,0.000000,0.000000,0.000000,-1.433861,107.263588
45.162201,2.000000,-1111.994385,-2.251839,729.969093,33.057873,98.119354,270.524658,267.994019,279.783990,5.418602,0.280950,5.982996,-2.239405,-0.891372,-1.865435,29.667410,-0.018942,0.000512,0.000072,0.105000,0.105000,-0.987569,83460.992188,1.052147,0.000000,0.000000,1.000000,1.000000,1.000000,1.000000,0.000000,0.000000,0.000000,-1.417346,106.973465
45.216296,2.000000,-1104.251587,-2.271049,729.848419,32.927990,97.724464,270.241882,267.675781,279.450366,5.365750,0.282413,5.926974,-2.227444,-0.887670,-1.860053,29.418543,-0.017072,0.000533,0.000072,0.105000,0.105000,-0.967556,83460.992188,1.038465,0.000000,0.000000,1.000000,1.000000,1.000000,1.000000,0.000000,0.000000,0.000000,-1.407701,106.578575
45.267079,2.000000,-1096.739868,-2.289687,729.735488,32.798656,97.342323,269.978485,267.368744,279.128369,5.317220,0.283800,5.877938,-2.222401,-0.886682,-1.855303,29.178957,-0.015125,0.000555,0.000071,0.105000,0.105000,-0.945134,83460.992188,1.026247,0.000000,0.000000,1.000000,1.000000,1.000000,1.000000,0.000000,0.000000,0.000000,-1.404863,106.196434
45.320218,2.000000,-1089.265625,-2.308234,729.617359,32.653088,96.961960,269.704407,267.064941,278.809605,5.267754,0.285267,5.830326,-2.223366,-0.888081,-1.850999,28.942303,-0.013250,0.000570,0.000070,0.105000,0.105000,-0.918376,83460.992188,1.014664,0.000000,0.000000,1.000000,1.000000,1.000000,1.000000,0.000000,0.000000,0.000000,-1.407870,105.816071
45.375381,2.000000,-1081.172607,-2.328317,729.494446,32.574047,96.548820,269.421844,266.737518,278.465808,5.218013,0.286805,5.784943,-2.230743,-0.892127,-1.846768,28.687933,-0.011084,0.000591,0.000070,0.105000,0.105000,-0.886814,83460.992188,1.003255,0.000000,0.000000,1.000000,1.000000,1.000000,1.000000,0.000000,0.000000,0.000000,-1.417079,105.346558
45.425554,2.000000,-1074.116577,-2.345828,729.382125,32.442089,96.186630,269.166016,266.453522,278.167451,5.174355,0.288216,5.747193,-2.242058,-0.897613,-1.843411,28.467688,-0.009325,0.000606,0.000069,0.105000,0.105000,-0.855981,83460.992188,0.994048,0.000000,0.000000,1.000000,1.000000,1.000000,1.000000,0.000000,0.000000,0.000000,-1.430296,104.984375
45.481761,2.000000,-1066.337646,-2.365131,729.255420,32.318310,95.784309,268.880341,266.141907,277.839937,5.127344,0.289808,5.708796,-2.259305,-0.905583,-1.840033,28.226463,-0.007486,0.000624,0.000067,0.105000,0.105000,-0.819586,83460.992188,0.984684,0.000000,0.000000,1.000000,1.000000,1.000000,1.000000,0.000000,0.000000,0.000000,-1.450051,104.582054
45.534417,2.000000,-1058.594482,-2.384346,729.135643,32.217968,95.379845,268.613861,265.833313,277.515331,5.085209,0.291312,5.676559,-2.281177,-0.915417,-1.836974,27.987934,-0.005275,0.000642,0.000066,0.105000,0.105000,-0.783585,83460.992188,0.976002,0.000000,0.000000,1.000000,1.000000,1.000000,1.000000,0.000000,0.000000,0.000000,-1.473077,104.177589
45.587068,2.000000,-1051.166626,-2.402777,729.014604,32.060863,94.987358,268.348145,265.538574,277.205228,5.045028,0.292826,5.647895,-2.306290,-0.926529,-1.834293,27.760546,-0.003427,0.000659,0.000064,0.105000,0.105000,-0.745961,83460.992188,0.968772,0.000000,0.000000,1.000000,1.000000,1.000000,1.000000,0.000000,0.000000,0.000000,-1.500086,103.750031
45.639838,2.000000,-1043.626831,-2.421485,728.891820,31.947706,94.583763,268.082336,265.240570,276.891506,5.006775,0.294360,5.622637,-2.335398,-0.939283,-1.831797,27.531103,-0.001491,0.000659,0.000066,0.105000,0.105000,-0.707007,83460.992188,0.961880,0.000000,0.000000,1.000000,1.000000,1.000000,1.000000,0.000000,0.000000,0.000000,-1.530705,103.346436
45.693250,2.000000,-1035.998779,-2.440407,728.765864,31.855421,94.169525,267.813934,264.940125,276.575056,4.970185,0.295931,5.600627,-2.368409,-0.953647,-1.829478,27.300327,0.000388,0.000671,0.000070,0.105000,0.105000,-0.665934,83460.992188,0.955029,0.000000,0.000000,1.000000,1.000000,1.000000,1.000000,0.000000,0.000000,0.000000,-1.565178,102.932198
45.746566,2.000000,-1028.359375,-2.459354,728.638273,31.705946,93.748055,267.546234,264.640442,276.259229,4.935856,0.297506,5.582028,-2.404485,-0.969277,-1.827336,27.070517,0.002297,0.000690,0.000073,0.105000,0.105000,-0.624575,83460.992188,0.949230,0.000000,0.000000,1.000000,1.000000,1.000000,1.000000,0.000000,0.000000,0.000000,-1.602427,102.510735
45.801251,2.000000,-1022.508301,-2.473862,728.505272,31.586561,93.420441,267.270203,264.411713,276.018087,4.902996,0.299126,5.566319,-2.433878,-0.981981,-1.825803,26.895353,0.001111,0.000689,0.000075,0.105000,0.105000,-0.582335,83460.992188,0.945610,0.000000,0.000000,1.000000,1.000000,1.000000,1.000000,0.000000,0.000000,0.000000,-1.643078,102.183182
45.858692,2.000000,-1012.723938,-2.498116,728.363233,31.459852,92.862633,266.981689,264.030426,275.616007,4.870846,0.300831,5.553166,-2.485824,-1.004397,-1.823417,26.604023,0.005655,0.000723,0.000076,0.105000,0.105000,-0.538767,83460.992188,0.939898,0.000000,0.000000,1.000000,1.000000,1.000000,1.000000,0.000000,0.000000,0.000000,-1.688106,101.625366
45.914249,2.000000,-1004.759460,-2.517853,728.223363,31.290785,92.399025,266.702148,263.721283,275.289858,4.842194,0.302486,5.543818,-2.530811,-1.023782,-1.821619,26.368282,0.007620,0.000740,0.000076,0.105000,0.105000,-0.496332,83460.992188,0.936836,0.000000,0.000000,1.000000,1.000000,1.000000,1.000000,0.000000,0.000000,0.000000,-1.733860,101.161766
45.964262,2.000000,-997.504333,-2.535827,728.095293,31.186964,91.968872,266.450439,263.440643,274.993547,4.818411,0.303979,5.538117,-2.573500,-1.042168,-1.820074,26.154583,0.009446,0.000757,0.000076,0.105000,0.105000,-0.457856,83460.992188,0.933309,0.000000,0.000000,1.000000,1.000000,1.000000,1.000000,0.000000,0.000000,0.000000,-1.776694,100.731613
46.014393,2.000000,-990.413757,-2.553388,727.964786,31.032911,91.540932,266.197815,263.167114,274.704681,4.796503,0.305479,5.534848,-2.616615,-1.060738,-1.818633,25.946655,0.010939,0.000770,0.000075,0.105000,0.105000,-0.419670,83460.992188,0.931742,0.000000,0.000000,1.000000,1.000000,1.000000,1.000000,0.000000,0.000000,0.000000,-1.820817,100.356537
46.066427,2.000000,-983.255920,-2.571111,727.827006,30.912611,91.101166,265.934967,262.891632,274.413739,4.775773,0.307037,5.533895,-2.661120,-1.079919,-1.817237,25.737648,0.012074,0.000781,0.000074,0.105000,0.105000,-0.380796,83460.992188,0.930085,0.000000,0.000000,1.000000,1.000000,1.000000,1.000000,0.000000,0.000000,0.000000,-1.867581,99.916763
46.120434,2.000000,-975.646057,-2.589946,727.681456,30.752394,90.624855,265.661346,262.599518,274.105060,4.756370,0.308655,5.535342,-2.709170,-1.100652,-1.815801,25.516382,0.013551,0.000795,0.000073,0.105000,0.105000,-0.341728,83460.992188,0.928441,0.000000,0.000000,1.000000,1.000000,1.000000,1.000000,0.000000,0.000000,0.000000,-1.916804,99.440460
46.178816,2.000000,-967.473450,-2.610166,727.521181,30.582350,90.103203,265.365448,262.286652,273.774284,4.737757,0.310407,5.539793,-2.762014,-1.123470,-1.814306,25.279793,0.014873,0.000806,0.000070,0.105000,0.105000,-0.298896,83460.992188,0.926783,0.000000,0.000000,1.000000,1.000000,1.000000,1.000000,0.000000,0.000000,0.000000,-1.971186,98.936188
46.235293,2.000000,-959.291992,-2.630399,727.363171,30.428114,89.570183,265.078278,261.974182,273.443834,4.722083,0.312103,5.546605,-2.815399,-1.146563,-1.812840,25.043974,0.016645,0.000823,0.000068,0.105000,0.105000,-0.258979,83460.992188,0.926421,0.000000,0.000000,1.000000,1.000000,1.000000,1.000000,0.000000,0.000000,0.000000,-2.024102,98.403168
46.291130,2.000000,-951.454956,-2.649772,727.204062,30.277967,89.049370,264.793213,261.675537,273.127859,4.708752,0.313779,5.555542,-2.866522,-1.168727,-1.811453,24.819004,0.017887,0.000836,0.000065,0.105000,0.105000,-0.221469,83460.992188,0.925270,0.000000,0.000000,1.000000,1.000000,1.000000,1.000000,0.000000,0.000000,0.000000,-2.076386,97.882355
46.343329,2.000000,-944.247192,-2.667581,727.052739,30.155836,88.561562,264.525970,261.401337,272.837747,4.698160,0.315346,5.565834,-2.913771,-1.189249,-1.810185,24.612860,0.018765,0.000845,0.000062,0.105000,0.105000,-0.187295,83460.992188,0.925939,0.000000,0.000000,1.000000,1.000000,1.000000,1.000000,0.000000,0.000000,0.000000,-2.125322,97.394539
46.397933,2.000000,-936.679749,-2.686270,726.891771,29.977064,88.040260,264.245361,261.113861,272.533577,4.688942,0.316982,5.578372,-2.963126,-1.210736,-1.808855,24.397181,0.019710,0.000856,0.000059,0.105000,0.105000,-0.153284,83460.992188,0.926819,0.000000,0.000000,1.000000,1.000000,1.000000,1.000000,0.000000,0.000000,0.000000,-2.176180,96.858315
46.450406,2.000000,-929.436951,-2.704149,726.734526,29.823133,87.532570,263.974518,260.839172,272.242813,4.681785,0.318551,5.591954,-3.009937,-1.231171,-1.807575,24.191444,0.020564,0.000866,0.000056,0.105000,0.105000,-0.122532,83460.992188,0.927911,0.000000,0.000000,1.000000,1.000000,1.000000,1.000000,0.000000,0.000000,0.000000,-2.224538,96.350632
46.508756,2.000000,-921.429260,-2.723906,726.556762,29.617994,86.961380,263.672180,260.535858,271.921706,4.675664,0.320292,5.608667,-3.061057,-1.253552,-1.806149,23.964733,0.021400,0.000878,0.000052,0.105000,0.105000,-0.090335,83460.992188,0.928786,0.000000,0.000000,1.000000,1.000000,1.000000,1.000000,0.000000,0.000000,0.000000,-2.277630,95.779434
46.560946,2.000000,-914.027527,-2.742158,726.395219,29.482740,86.424309,263.401031,260.256134,271.625425,4.671748,0.321843,5.625078,-3.107992,-1.274154,-1.804816,23.755848,0.022514,0.000895,0.000047,0.105000,0.105000,-0.062157,83460.992188,0.929194,0.000000,0.000000,1.000000,1.000000,1.000000,1.000000,0.000000,0.000000,0.000000,-2.324780,95.242371
46.615726,2.000000,-906.404663,-2.760947,726.223084,29.311598,85.862068,263.115417,259.968445,271.320780,4.669178,0.323464,5.643591,-3.155742,-1.295175,-1.803423,23.541365,0.023393,0.000904,0.000040,0.105000,0.105000,-0.034100,83460.992188,0.930579,0.000000,0.000000,1.000000,1.000000,1.000000,1.000000,0.000000,0.000000,0.000000,-2.373544,94.659149
46.672564,2.000000,-898.451904,-2.780539,726.041742,29.120802,85.265739,262.817932,259.668610,271.003232,4.668094,0.325142,5.664046,-3.204710,-1.316806,-1.801943,23.318264,0.024352,0.000914,0.000034,0.105000,0.105000,-0.006599,83460.992188,0.932300,0.000000,0.000000,1.000000,1.000000,1.000000,1.000000,0.000000,0.000000,0.000000,-2.423212,94.062820
46.724490,2.000000,-891.145813,-2.798527,725.873687,28.923475,84.709267,262.545410,259.393463,270.711697,4.668446,0.326674,5.683849,-3.249075,-1.336467,-1.800559,23.113873,0.025211,0.000918,0.000029,0.105000,0.105000,0.017954,83460.992188,0.933884,0.000000,0.000000,1.000000,1.000000,1.000000,1.000000,0.000000,0.000000,0.000000,-2.467930,93.506348
46.780931,2.000000,-883.235535,-2.817990,725.688479,28.744215,84.097588,262.248383,259.095886,270.396374,4.670237,0.328334,5.706446,-3.296215,-1.357430,-1.799029,22.893166,0.025999,0.000926,0.000024,0.105000,0.105000,0.043633,83460.992188,0.935473,0.000000,0.000000,1.000000,1.000000,1.000000,1.000000,0.000000,0.000000,0.000000,-2.515614,92.894669
46.837952,2.000000,-875.318542,-2.837458,725.498731,28.568800,83.475937,261.947235,258.798065,270.080932,4.673477,0.330006,5.730229,-3.342280,-1.378000,-1.797464,22.672852,0.026640,0.000932,0.000019,0.105000,0.105000,0.067827,83460.992188,0.938372,0.000000,0.000000,1.000000,1.000000,1.000000,1.000000,0.000000,0.000000,0.000000,-2.562519,92.276840
46.890546,2.000000,-868.056824,-2.855302,725.321429,28.395277,82.897606,261.668396,258.525238,269.791800,4.677635,0.331541,5.752868,-3.383262,-1.396385,-1.795998,22.471258,0.027130,0.000937,0.000014,0.105000,0.105000,0.088348,83460.992188,0.939888,0.000000,0.000000,1.000000,1.000000,1.000000,1.000000,0.000000,0.000000,0.000000,-2.604549,91.698502
46.945142,2.000000,-860.616211,-2.873572,725.135127,28.191908,82.297157,261.377808,258.245697,269.495637,4.683049,0.333126,5.777009,-3.424204,-1.414828,-1.794464,22.265156,0.027467,0.000943,0.000010,0.105000,0.105000,0.108157,83460.992188,0.942366,0.000000,0.000000,1.000000,1.000000,1.000000,1.000000,0.000000,0.000000,0.000000,-2.646978,91.098053
47.000903,2.000000,-852.789612,-2.892775,724.942560,28.022108,81.657181,261.080627,257.952148,269.184556,4.689661,0.334738,5.802358,-3.466187,-1.433822,-1.792819,22.048836,0.028153,0.000948,0.000005,0.105000,0.105000,0.127459,83460.992188,0.943973,0.000000,0.000000,1.000000,1.000000,1.000000,1.000000,0.000000,0.000000,0.000000,-2.689274,90.447273
47.053269,2.000000,-845.374756,-2.910955,724.759662,27.835340,81.043106,260.800934,257.674164,268.890025,4.696816,0.336245,5.826664,-3.504888,-1.451412,-1.791223,21.844324,0.028878,0.000956,0.000002,0.105000,0.105000,0.144579,83460.992188,0.946590,0.000000,0.000000,1.000000,1.000000,1.000000,1.000000,0.000000,0.000000,0.000000,-2.727835,89.833206
47.110121,2.000000,-837.996826,-2.929030,724.558894,27.625196,80.424728,260.495697,257.397583,268.596977,4.705552,0.337869,5.853393,-3.541976,-1.468363,-1.789565,21.641222,0.028596,0.000961,-0.000002,0.105000,0.105000,0.160939,83460.992188,0.949777,0.000000,0.000000,1.000000,1.000000,1.000000,1.000000,0.000000,0.000000,0.000000,-2.768085,89.214828
47.161944,2.000000,-830.720032,-2.946843,724.373989,27.446424,79.807915,260.217010,257.124847,268.308022,4.714290,0.339342,5.878112,-3.577376,-1.484629,-1.787859,21.441273,0.029227,0.000966,-0.000006,0.105000,0.105000,0.175227,83460.992188,0.951268,0.000000,0.000000,1.000000,1.000000,1.000000,1.000000,0.000000,0.000000,0.000000,-2.803679,88.598015
47.213150,2.000000,-823.529907,-2.964430,724.189553,27.266920,79.191856,259.940979,256.855408,268.022568,4.723634,0.340790,5.902822,-3.611351,-1.500318,-1.786104,21.244053,0.029860,0.000972,-0.000010,0.105000,0.105000,0.188603,83460.992188,0.953785,0.000000,0.000000,1.000000,1.000000,1.000000,1.000000,0.000000,0.000000,0.000000,-2.837750,87.976059
47.264844,2.000000,-816.507202,-2.981593,724.001669,27.067762,78.583992,259.661682,256.592224,267.743787,4.733748,0.342245,5.928023,-3.643458,-1.515225,-1.784324,21.051744,0.030088,0.000978,-0.000013,0.105000,0.105000,0.201448,83460.992188,0.956035,0.000000,0.000000,1.000000,1.000000,1.000000,1.000000,0.000000,0.000000,0.000000,-2.871049,87.368187
47.321805,2.000000,-808.556824,-3.001006,723.792751,26.880445,77.888687,259.353363,256.294312,267.428167,4.745633,0.343837,5.956036,-3.678524,-1.531606,-1.782231,20.834400,0.030657,0.000984,-0.000017,0.105000,0.105000,0.214930,83460.992188,0.958143,0.000000,0.000000,1.000000,1.000000,1.000000,1.000000,0.000000,0.000000,0.000000,-2.906469,86.672890
47.379526,2.000000,-800.928162,-3.019615,723.579084,26.653700,77.214592,259.039764,256.008392,267.125390,4.758422,0.345439,5.984538,-3.710766,-1.546775,-1.780145,20.626205,0.030622,0.000991,-0.000020,0.105000,0.105000,0.227025,83460.992188,0.961329,0.000000,0.000000,1.000000,1.000000,1.000000,1.000000,0.000000,0.000000,0.000000,-2.940757,85.998787
47.435340,2.000000,-793.214417,-3.038412,723.370697,26.445997,76.526352,258.736023,255.719254,266.819203,4.771429,0.346979,6.012228,-3.742059,-1.561601,-1.777961,20.416023,0.031096,0.000998,-0.000023,0.105000,0.105000,0.238082,83460.992188,0.963789,0.000000,0.000000,1.000000,1.000000,1.000000,1.000000,0.000000,0.000000,0.000000,-2.972610,85.313072
47.486356,2.000000,-786.090210,-3.055755,723.178755,26.252089,75.884987,258.458099,255.452255,266.536418,4.783848,0.348375,6.037675,-3.769914,-1.574888,-1.775879,20.222195,0.031591,0.001006,-0.000026,0.105000,0.105000,0.248064,83460.992188,0.965687,0.000000,0.000000,1.000000,1.000000,1.000000,1.000000,0.000000,0.000000,0.000000,-3.000717,84.671707
47.536873,2.000000,-779.143799,-3.072649,722.987356,26.068068,75.254494,258.182465,255.191833,266.260632,4.796632,0.349750,6.062937,-3.795981,-1.587414,-1.773790,20.033461,0.031889,0.001012,-0.000029,0.105000,0.105000,0.257451,83460.992188,0.967183,0.000000,0.000000,1.000000,1.000000,1.000000,1.000000,0.000000,0.000000,0.000000,-3.027475,84.041214
47.588640,2.000000,-772.055298,-3.089871,722.789898,25.875257,74.606026,257.899567,254.926086,265.979241,4.810210,0.351150,6.088842,-3.821533,-1.599783,-1.771598,19.841120,0.032173,0.001018,-0.000032,0.105000,0.105000,0.266326,83460.992188,0.969685,0.000000,0.000000,1.000000,1.000000,1.000000,1.000000,0.000000,0.000000,0.000000,-3.053740,83.392746
47.639143,2.000000,-765.286316,-3.106300,722.596029,25.664625,73.982185,257.623230,254.672150,265.710456,4.823891,0.352507,6.114135,-3.844979,-1.611220,-1.769451,19.657677,0.032229,0.001021,-0.000035,0.105000,0.105000,0.274600,83460.992188,0.972521,0.000000,0.000000,1.000000,1.000000,1.000000,1.000000,0.000000,0.000000,0.000000,-3.078319,82.786987
47.698030,2.000000,-757.239624,-3.125808,722.368507,25.434340,73.234917,257.300079,254.370224,265.390921,4.840326,0.354075,6.143464,-3.871207,-1.624157,-1.766831,19.439890,0.032560,0.001029,-0.000038,0.105000,0.105000,0.282661,83460.992188,0.975047,0.000000,0.000000,1.000000,1.000000,1.000000,1.000000,0.000000,0.000000,0.000000,-3.105368,82.039719
47.754324,2.000000,-749.338135,-3.144940,722.149619,25.224012,72.495468,256.991364,254.073807,265.077140,4.856484,0.355563,6.171546,-3.895868,-1.636432,-1.764190,19.226318,0.033072,0.001035,-0.000042,0.105000,0.105000,0.290848,83460.992188,0.976894,0.000000,0.000000,1.000000,1.000000,1.000000,1.000000,0.000000,0.000000,0.000000,-3.130206,81.300270
47.807951,2.000000,-741.955505,-3.162794,721.939889,25.011915,71.799644,256.696625,253.796524,264.783825,4.872282,0.356969,6.198159,-3.917607,-1.647380,-1.761663,19.027016,0.033398,0.001042,-0.000044,0.105000,0.105000,0.297545,83460.992188,0.979441,0.000000,0.000000,1.000000,1.000000,1.000000,1.000000,0.000000,0.000000,0.000000,-3.152511,80.632645
47.861525,2.000000,-735.036377,-3.179508,721.729258,24.790846,71.143410,256.402252,253.536758,264.508900,4.888428,0.358361,6.224753,-3.937129,-1.657305,-1.759246,18.840431,0.033029,0.001042,-0.000047,0.105000,0.105000,0.304638,83460.992188,0.981268,0.000000,0.000000,1.000000,1.000000,1.000000,1.000000,0.000000,0.000000,0.000000,-3.173899,79.976410
47.915893,2.000000,-727.663086,-3.197297,721.514427,24.598280,70.439842,256.102814,253.259659,264.215882,4.905155,0.359762,6.251490,-3.956578,-1.667333,-1.756617,18.641813,0.033214,0.001048,-0.000050,0.105000,0.105000,0.310275,83460.992188,0.983850,0.000000,0.000000,1.000000,1.000000,1.000000,1.000000,0.000000,0.000000,0.000000,-3.194141,79.272835
47.968298,2.000000,-720.454468,-3.214667,721.306394,24.371351,69.747986,255.814087,252.988800,263.929389,4.921559,0.361101,6.277120,-3.974504,-1.676700,-1.753999,18.447836,0.033497,0.001055,-0.000053,0.105000,0.105000,0.315418,83460.992188,0.985892,0.000000,0.000000,1.000000,1.000000,1.000000,1.000000,0.000000,0.000000,0.000000,-3.212606,78.580986
48.023377,2.000000,-712.888916,-3.232872,721.086792,24.190748,69.017822,255.510712,252.704346,263.628570,4.939088,0.362495,6.303936,-3.992268,-1.686110,-1.751201,18.244461,0.033735,0.001061,-0.000056,0.105000,0.105000,0.320786,83460.992188,0.987780,0.000000,0.000000,1.000000,1.000000,1.000000,1.000000,0.000000,0.000000,0.000000,-3.230993,77.835289
48.079351,2.000000,-705.612366,-3.250358,720.862672,23.956984,68.311783,255.201721,252.430557,263.339141,4.957180,0.363899,6.330928,-4.008192,-1.694691,-1.748464,18.049049,0.033531,0.001066,-0.000059,0.105000,0.105000,0.325183,83460.992188,0.990491,0.000000,0.000000,1.000000,1.000000,1.000000,1.000000,0.000000,0.000000,0.000000,-3.248364,77.129242
48.138010,2.000000,-697.586670,-3.269617,720.626863,23.696241,67.529022,254.877625,252.128510,263.019814,4.976377,0.365354,6.358905,-4.024352,-1.703584,-1.745396,17.833731,0.033804,0.001074,-0.000062,0.105000,0.105000,0.329035,83460.992188,0.992526,0.000000,0.000000,1.000000,1.000000,1.000000,1.000000,0.000000,0.000000,0.000000,-3.265219,76.346489
48.192497,2.000000,-689.960144,-3.287890,720.407029,23.469496,66.781502,254.576752,251.841309,262.716325,4.994410,0.366694,6.384688,-4.038700,-1.711628,-1.742436,17.629318,0.034238,0.001085,-0.000065,0.105000,0.105000,0.332579,83460.992188,0.994722,0.000000,0.000000,1.000000,1.000000,1.000000,1.000000,0.000000,0.000000,0.000000,-3.279886,75.598961
48.246330,2.000000,-683.007385,-3.304526,720.189129,23.249647,66.097046,254.279465,251.579422,262.439561,5.012419,0.368008,6.409970,-4.050870,-1.718593,-1.739701,17.443127,0.033955,0.001089,-0.000068,0.105000,0.105000,0.336045,83460.992188,0.996548,0.000000,0.000000,1.000000,1.000000,1.000000,1.000000,0.000000,0.000000,0.000000,-3.293428,74.857918
48.301765,2.000000,-675.587708,-3.322253,719.964071,23.021803,65.363647,253.973175,251.299744,262.144111,5.031139,0.369348,6.435717,-4.062804,-1.725594,-1.736747,17.244593,0.033992,0.001096,-0.000071,0.105000,0.105000,0.338972,83460.992188,0.998731,0.000000,0.000000,1.000000,1.000000,1.000000,1.000000,0.000000,0.000000,0.000000,-3.306250,74.124527
48.361635,2.000000,-667.542053,-3.341447,719.720313,22.807325,64.565132,253.642197,250.996353,261.823627,5.051513,0.370781,6.463181,-4.074487,-1.732670,-1.733504,17.029495,0.034075,0.001103,-0.000074,0.105000,0.105000,0.341480,83460.992188,1.000451,0.000000,0.000000,1.000000,1.000000,1.000000,1.000000,0.000000,0.000000,0.000000,-3.318884,73.326004
48.415604,2.000000,-660.115234,-3.359136,719.500018,22.579115,63.825222,253.344055,250.716248,261.527702,5.070006,0.372060,6.487695,-4.084362,-1.738831,-1.730478,16.831102,0.034308,0.001114,-0.000077,0.105000,0.105000,0.343800,83460.992188,1.002014,0.000000,0.000000,1.000000,1.000000,1.000000,1.000000,0.000000,0.000000,0.000000,-3.329375,72.586098
48.465984,2.000000,-653.120300,-3.375771,719.293934,22.380507,63.126026,253.065903,250.452209,261.248891,5.087377,0.373244,6.510361,-4.092826,-1.744290,-1.727601,16.644384,0.034574,0.001121,-0.000080,0.105000,0.105000,0.345826,83460.992188,1.003417,0.000000,0.000000,1.000000,1.000000,1.000000,1.000000,0.000000,0.000000,0.000000,-3.338372,71.973648
48.518391,2.000000,-646.199463,-3.392205,719.079147,22.139174,62.432137,252.776520,250.190796,260.973017,5.105559,0.374466,6.533687,-4.100420,-1.749371,-1.724729,16.459770,0.034495,0.001129,-0.000083,0.105000,0.105000,0.347599,83460.992188,1.005969,0.000000,0.000000,1.000000,1.000000,1.000000,1.000000,0.000000,0.000000,0.000000,-3.346857,71.279755
48.574139,2.000000,-638.760864,-3.409841,718.850265,21.944899,61.684196,252.468613,249.909805,260.676321,5.124979,0.375753,6.558171,-4.107516,-1.754390,-1.721618,16.261480,0.034479,0.001137,-0.000086,0.105000,0.105000,0.348986,83460.992188,1.007279,0.000000,0.000000,1.000000,1.000000,1.000000,1.000000,0.000000,0.000000,0.000000,-3.354901,70.531815
48.628078,2.000000,-631.734741,-3.426472,718.628462,21.688429,60.975826,252.170944,249.644302,260.396086,5.143841,0.376987,6.581604,-4.113509,-1.758838,-1.718659,16.074308,0.034308,0.001141,-0.000089,0.105000,0.105000,0.350221,83460.992188,1.009063,0.000000,0.000000,1.000000,1.000000,1.000000,1.000000,0.000000,0.000000,0.000000,-3.361891,69.787628
48.683090,2.000000,-624.286011,-3.444074,718.401941,21.462111,60.222988,251.867447,249.362656,260.098856,5.163126,0.378233,6.605153,-4.118881,-1.763144,-1.715502,15.876004,0.034403,0.001151,-0.000092,0.105000,0.105000,0.351027,83460.992188,1.010486,0.000000,0.000000,1.000000,1.000000,1.000000,1.000000,0.000000,0.000000,0.000000,-3.368073,69.034790
48.734244,2.000000,-617.275696,-3.460612,718.191072,21.262037,59.512844,251.585556,249.097443,259.819008,5.181100,0.379381,6.626792,-4.123214,-1.766898,-1.712513,15.689487,0.034558,0.001159,-0.000094,0.105000,0.105000,0.351721,83460.992188,1.012085,0.000000,0.000000,1.000000,1.000000,1.000000,1.000000,0.000000,0.000000,0.000000,-3.373103,68.324646
48.788924,2.000000,-610.030579,-3.477675,717.965457,21.042372,58.777405,251.284531,248.823273,259.529756,5.200353,0.380596,6.649680,-4.126988,-1.770484,-1.709409,15.496834,0.034473,0.001169,-0.000098,0.105000,0.105000,0.352489,83460.992188,1.013384,0.000000,0.000000,1.000000,1.000000,1.000000,1.000000,0.000000,0.000000,0.000000,-3.377805,67.589203
48.840176,2.000000,-603.091797,-3.493988,717.753823,20.815260,58.071724,251.002304,248.560501,259.252636,5.218424,0.381726,6.670808,-4.129801,-1.773582,-1.706424,15.312429,0.034559,0.001176,-0.000100,0.105000,0.105000,0.352627,83460.992188,1.015231,0.000000,0.000000,1.000000,1.000000,1.000000,1.000000,0.000000,0.000000,0.000000,-3.381376,66.846634
48.896204,2.000000,-595.748901,-3.511220,717.522335,20.601637,57.323685,250.694168,248.282303,258.959292,5.238184,0.382948,6.693620,-4.132039,-1.776552,-1.703253,15.117391,0.034409,0.001182,-0.000103,0.105000,0.105000,0.352813,83460.992188,1.016235,0.000000,0.000000,1.000000,1.000000,1.000000,1.000000,0.000000,0.000000,0.000000,-3.384597,66.098595
48.951599,3.000000,-588.496582,-3.528208,717.292290,20.373976,56.581974,250.389297,248.009064,258.668291,5.261303,0.384143,6.749009,-4.180751,-1.799502,-0.645823,14.924860,0.208370,0.001195,-0.000107,0.105000,0.105000,0.583175,83460.992188,0.766232,0.000000,0.000000,1.000000,1.000000,1.000000,1.000000,0.000000,0.000000,0.000000,-3.455738,65.356880
49.004133,3.000000,-581.276062,-3.545099,717.068161,20.144300,55.823616,250.100647,247.740280,258.377260,5.303365,0.385269,6.842209,-4.303498,-1.854385,-0.646551,14.733271,0.191642,0.001198,-0.000111,0.105000,0.105000,0.975851,83460.992188,0.826790,0.000000,0.000000,1.000000,1.000000,1.000000,1.000000,0.000000,0.000000,0.000000,-3.570722,64.598526
49.060430,3.000000,-574.018982,-3.562051,716.822294,19.904249,55.041561,249.790253,247.468613,258.084894,5.368648,0.386468,6.948209,-4.394541,-1.895730,-0.647283,14.540807,0.172351,0.001189,-0.000114,0.105000,0.105000,1.304907,83460.992188,0.885418,0.000000,0.000000,1.000000,1.000000,1.000000,1.000000,0.000000,0.000000,0.000000,-3.660999,63.817612
49.111718,3.000000,-567.291870,-3.577742,716.594721,19.675978,54.303692,249.505966,247.214722,257.813321,5.442103,0.387544,7.046928,-4.451854,-1.922457,-0.647965,14.362478,0.156340,0.001181,-0.000116,0.105000,0.105000,1.530071,83460.992188,0.934748,0.000000,0.000000,1.000000,1.000000,1.000000,1.000000,0.000000,0.000000,0.000000,-3.715640,63.079746
49.167281,3.000000,-559.747070,-3.595311,716.345871,19.403456,53.466625,249.196136,246.926987,257.507459,5.532598,0.388686,7.153265,-4.488105,-1.940400,-0.648735,14.162564,0.140582,0.001176,-0.000118,0.105000,0.105000,1.703823,83460.992188,0.985094,0.000000,0.000000,1.000000,1.000000,1.000000,1.000000,0.000000,0.000000,0.000000,-3.747997,62.242680
49.223508,3.000000,-552.566223,-3.612001,716.093048,19.186598,52.665226,248.879959,246.649933,257.214619,5.632039,0.389809,7.257869,-4.497794,-1.946798,-0.649473,13.972379,0.125239,0.001164,-0.000119,0.105000,0.105000,1.815768,83460.992188,1.027943,0.000000,0.000000,1.000000,1.000000,1.000000,1.000000,0.000000,0.000000,0.000000,-3.755521,61.441280
49.278741,3.000000,-545.336121,-3.628772,715.845001,18.919935,51.857807,248.566101,246.367706,256.917775,5.734244,0.390875,7.355840,-4.486184,-1.944018,-0.650223,13.780969,0.111746,0.001158,-0.000120,0.105000,0.105000,1.872918,83460.992188,1.065174,0.000000,0.000000,1.000000,1.000000,1.000000,1.000000,0.000000,0.000000,0.000000,-3.741365,60.711899
49.332336,3.000000,-538.052063,-3.645630,715.605637,18.683790,51.047470,248.258636,246.080078,256.616481,5.835188,0.391872,7.445008,-4.455613,-1.933046,-0.650987,13.588209,0.099661,0.001153,-0.000121,0.105000,0.105000,1.886785,83460.992188,1.097147,0.000000,0.000000,1.000000,1.000000,1.000000,1.000000,0.000000,0.000000,0.000000,-3.709946,59.901562
49.383291,3.000000,-531.273132,-3.661285,715.380069,18.450209,50.298893,247.963608,245.809570,256.334052,5.930943,0.392785,7.523567,-4.412499,-1.916463,-0.651704,13.408885,0.089167,0.001146,-0.000121,0.105000,0.105000,1.868630,83460.992188,1.122554,0.000000,0.000000,1.000000,1.000000,1.000000,1.000000,0.000000,0.000000,0.000000,-3.666283,59.152985
49.440456,3.000000,-523.990356,-3.678065,715.130122,18.198133,49.503216,247.629364,245.516098,256.028576,6.036363,0.393769,7.603840,-4.352896,-1.892849,-0.652481,13.216303,0.079060,0.001140,-0.000122,0.105000,0.105000,1.819066,83460.992188,1.145389,0.000000,0.000000,1.000000,1.000000,1.000000,1.000000,0.000000,0.000000,0.000000,-3.603909,58.357311
49.491209,3.000000,-517.158813,-3.693767,714.911532,17.980726,48.766872,247.329575,245.238235,255.740007,6.127016,0.394607,7.667987,-4.286943,-1.866292,-0.653218,13.035717,0.070432,0.001140,-0.000122,0.105000,0.105000,1.755893,83460.992188,1.162795,0.000000,0.000000,1.000000,1.000000,1.000000,1.000000,0.000000,0.000000,0.000000,-3.539020,57.618862
49.547497,3.000000,-509.658264,-3.710964,714.673260,17.764967,47.971378,246.994156,244.930298,255.420709,6.223333,0.395439,7.731303,-4.205546,-1.833168,-0.654034,12.837516,0.061807,0.001253,-0.000106,0.105000,0.105000,1.671080,83460.992188,1.176494,0.000000,0.000000,1.000000,1.000000,1.000000,1.000000,0.000000,0.000000,0.000000,-3.458917,56.823368
49.604712,3.000000,-502.402405,-3.727556,714.435950,17.521559,47.216091,246.650070,244.629059,255.108679,6.316050,0.396180,7.787657,-4.120414,-1.798279,-0.654834,12.645846,0.054732,0.001294,-0.000088,0.105000,0.105000,1.575864,83460.992188,1.186977,0.000000,0.000000,1.000000,1.000000,1.000000,1.000000,0.000000,0.000000,0.000000,-3.371184,56.068085
49.655667,3.000000,-495.705933,-3.742829,714.229007,17.319227,46.532417,246.341202,244.348618,254.818449,6.393886,0.396791,7.831258,-4.037536,-1.764137,-0.655580,12.469008,0.048522,0.001320,-0.000072,0.105000,0.105000,1.486067,83460.992188,1.194241,0.000000,0.000000,1.000000,1.000000,1.000000,1.000000,0.000000,0.000000,0.000000,-3.288975,55.366817
49.713052,3.000000,-488.183014,-3.759943,714.001131,17.081190,45.780434,245.991119,244.031281,254.490134,6.475938,0.397436,7.873101,-3.940515,-1.723991,-0.656426,12.270408,0.042330,0.001346,-0.000056,0.105000,0.105000,1.380791,83460.992188,1.200264,0.000000,0.000000,1.000000,1.000000,1.000000,1.000000,0.000000,0.000000,0.000000,-3.192805,54.614834
49.771024,3.000000,-480.739044,-3.776831,713.776707,16.839979,45.053818,245.634781,243.715271,254.163422,6.552607,0.398047,7.908043,-3.841897,-1.683030,-0.657269,12.073953,0.037223,0.001373,-0.000041,0.105000,0.105000,1.273292,83460.992188,1.203406,0.000000,0.000000,1.000000,1.000000,1.000000,1.000000,0.000000,0.000000,0.000000,-3.093354,53.888214
49.828146,3.000000,-473.145386,-3.794008,713.561342,16.627699,44.330914,245.281830,243.391602,253.828611,6.622016,0.398613,7.935574,-3.739578,-1.640392,-0.658136,11.873608,0.032203,0.001402,-0.000027,0.105000,0.105000,1.166852,83460.992188,1.206123,0.000000,0.000000,1.000000,1.000000,1.000000,1.000000,0.000000,0.000000,0.000000,-2.993851,53.165314
49.884147,3.000000,-465.714783,-3.810771,713.355754,16.432081,43.641483,244.935364,243.073456,253.499644,6.684222,0.399138,7.956263,-3.638318,-1.598066,-0.658990,11.677621,0.028067,0.001431,-0.000015,0.105000,0.105000,1.062466,83460.992188,1.206769,0.000000,0.000000,1.000000,1.000000,1.000000,1.000000,0.000000,0.000000,0.000000,-2.895492,52.467892
49.935954,3.000000,-459.128906,-3.825588,713.170529,16.256788,43.045559,244.613983,242.791000,253.207457,6.736604,0.399603,7.970353,-3.548749,-1.560542,-0.659751,11.503960,0.025656,0.001456,-0.000004,0.105000,0.105000,0.968306,83460.992188,1.205132,0.000000,0.000000,1.000000,1.000000,1.000000,1.000000,0.000000,0.000000,0.000000,-2.804974,51.871967
49.987682,3.000000,-452.396393,-3.840698,712.990288,16.079115,42.450966,244.292740,242.502060,252.908417,6.784132,0.400050,7.979996,-3.458081,-1.522488,-0.660531,11.326474,0.023324,0.001483,0.000006,0.105000,0.105000,0.877319,83460.992188,1.203515,0.000000,0.000000,1.000000,1.000000,1.000000,1.000000,0.000000,0.000000,0.000000,-2.715601,51.277370
50.038650,3.000000,-445.844452,-3.855365,712.817232,15.899855,41.886337,243.976135,242.220627,252.617179,6.826446,0.400476,7.985505,-3.370922,-1.485842,-0.661292,11.153789,0.021722,0.001508,0.000015,0.105000,0.105000,0.791079,83460.992188,1.199701,0.000000,0.000000,1.000000,1.000000,1.000000,1.000000,0.000000,0.000000,0.000000,-2.628928,50.712746
50.094340,3.000000,-438.625061,-3.871485,712.633199,15.705030,41.280006,243.630325,241.910950,252.296428,6.867792,0.400928,7.987557,-3.277066,-1.446325,-0.662133,10.963555,0.020272,0.001538,0.000024,0.105000,0.105000,0.702152,83460.992188,1.195338,0.000000,0.000000,1.000000,1.000000,1.000000,1.000000,0.000000,0.000000,0.000000,-2.536547,50.115383
50.149475,3.000000,-431.532959,-3.887278,712.456051,15.517897,40.700073,243.288666,241.607178,251.981609,6.904005,0.401364,7.985903,-3.187237,-1.408452,-0.662960,10.776719,0.019463,0.001571,0.000033,0.105000,0.105000,0.619321,83460.992188,1.190289,0.000000,0.000000,1.000000,1.000000,1.000000,1.000000,0.000000,0.000000,0.000000,-2.447662,49.535454
50.204248,3.000000,-424.341003,-3.903250,712.284886,15.344801,40.127449,242.950226,241.299698,251.662845,6.935634,0.401791,7.981142,-3.099041,-1.371227,-0.663799,10.587295,0.018679,0.001604,0.000040,0.105000,0.105000,0.542805,83460.992188,1.184686,0.000000,0.000000,1.000000,1.000000,1.000000,1.000000,0.000000,0.000000,0.000000,-2.362361,48.962830
50.264068,3.000000,-416.790558,-3.919973,712.103232,15.175062,39.542419,242.582275,240.977539,251.328688,6.965589,0.402260,7.972858,-3.009770,-1.333512,-0.664682,10.388472,0.019077,0.001598,0.000044,0.105000,0.105000,0.465635,83460.992188,1.177511,0.000000,0.000000,1.000000,1.000000,1.000000,1.000000,0.000000,0.000000,0.000000,-2.272838,48.377796
50.318467,3.000000,-409.774353,-3.935470,711.942636,15.016310,39.013111,242.249161,240.679047,251.018793,6.989051,0.402799,7.963281,-2.930660,-1.300076,-0.665502,10.203754,0.019257,0.001477,0.000023,0.105000,0.105000,0.403568,83460.992188,1.169513,0.000000,0.000000,1.000000,1.000000,1.000000,1.000000,0.000000,0.000000,0.000000,-2.195563,47.767921
50.369887,3.000000,-402.793854,-3.950850,711.794633,14.870192,38.499454,241.936111,240.382568,250.710707,7.008350,0.403376,7.952946,-2.856019,-1.268532,-0.666320,10.020014,0.018816,0.001469,0.000002,0.105000,0.105000,0.352298,83460.992188,1.162864,0.000000,0.000000,1.000000,1.000000,1.000000,1.000000,0.000000,0.000000,0.000000,-2.126278,47.254265
50.420200,3.000000,-396.344757,-3.965023,711.653220,14.738111,38.035801,241.631516,240.108871,250.426320,7.024843,0.403955,7.941889,-2.790377,-1.240793,-0.667077,9.850291,0.019411,0.001479,-0.000016,0.105000,0.105000,0.308391,83460.992188,1.155278,0.000000,0.000000,1.000000,1.000000,1.000000,1.000000,0.000000,0.000000,0.000000,-2.061902,46.790611
50.474235,3.000000,-389.401917,-3.980243,711.504904,14.582716,37.547787,241.306259,239.814789,250.120459,7.040302,0.404585,7.929446,-2.723612,-1.212594,-0.667892,9.667606,0.020084,0.001497,-0.000034,0.105000,0.105000,0.268587,83460.992188,1.147714,0.000000,0.000000,1.000000,1.000000,1.000000,1.000000,0.000000,0.000000,0.000000,-1.996710,46.381538
50.533272,3.000000,-382.063690,-3.996289,711.346807,14.419020,37.043751,240.953613,239.504486,249.797513,7.054958,0.405282,7.915409,-2.657035,-1.184490,-0.668756,9.474551,0.021420,0.001509,-0.000053,0.105000,0.105000,0.232034,83460.992188,1.140600,0.000000,0.000000,1.000000,1.000000,1.000000,1.000000,0.000000,0.000000,0.000000,-1.929684,45.877502
50.589249,3.000000,-374.843475,-4.012032,711.200499,14.266981,36.559017,240.621460,239.199615,249.480173,7.067090,0.405949,7.902160,-2.595661,-1.158609,-0.669606,9.284635,0.022156,0.001523,-0.000069,0.105000,0.105000,0.204734,83460.992188,1.133489,0.000000,0.000000,1.000000,1.000000,1.000000,1.000000,0.000000,0.000000,0.000000,-1.870389,45.392773
50.641083,3.000000,-368.226013,-4.026424,711.067929,14.150587,36.123833,240.316391,238.920807,249.189676,7.077104,0.406572,7.890058,-2.542621,-1.136263,-0.670387,9.110600,0.023031,0.001536,-0.000082,0.105000,0.105000,0.184106,83460.992188,1.127364,0.000000,0.000000,1.000000,1.000000,1.000000,1.000000,0.000000,0.000000,0.000000,-1.818723,44.957584
50.694048,3.000000,-361.195862,-4.041674,710.935182,14.023451,35.670464,240.007263,238.625015,248.881442,7.086360,0.407214,7.878056,-2.489545,-1.113927,-0.671217,8.925740,0.023561,0.001554,-0.000095,0.105000,0.105000,0.167368,83460.992188,1.121548,0.000000,0.000000,1.000000,1.000000,1.000000,1.000000,0.000000,0.000000,0.000000,-1.769044,44.497467
50.749437,3.000000,-354.181396,-4.056850,710.799140,13.882521,35.226788,239.686295,238.330307,248.574290,7.095224,0.407894,7.866122,-2.439816,-1.093031,-0.672046,8.741321,0.024616,0.001567,-0.000108,0.105000,0.105000,0.154543,83460.992188,1.114797,0.000000,0.000000,1.000000,1.000000,1.000000,1.000000,0.000000,0.000000,0.000000,-1.720423,44.053791
50.801935,3.000000,-347.723480,-4.070786,710.672660,13.747023,34.825504,239.384018,238.059616,248.291920,7.103087,0.408542,7.855544,-2.396899,-1.075030,-0.672811,8.571557,0.025837,0.001579,-0.000119,0.105000,0.105000,0.146397,83460.992188,1.110252,0.000000,0.000000,1.000000,1.000000,1.000000,1.000000,0.000000,0.000000,0.000000,-1.677281,43.652512
50.855121,3.000000,-340.717804,-4.085864,710.546804,13.609266,34.397499,239.080017,237.766266,247.985955,7.110723,0.409202,7.845670,-2.353038,-1.056663,-0.673641,8.387419,0.026391,0.001597,-0.000130,0.105000,0.105000,0.141646,83460.992188,1.104893,0.000000,0.000000,1.000000,1.000000,1.000000,1.000000,0.000000,0.000000,0.000000,-1.636296,43.224506
50.912433,3.000000,-333.618622,-4.101101,710.413608,13.487074,33.971058,238.754669,237.469528,247.676297,7.118762,0.409919,7.836041,-2.311295,-1.039220,-0.674483,8.200849,0.027492,0.001608,-0.000141,0.105000,0.105000,0.139618,83460.992188,1.099720,0.000000,0.000000,1.000000,1.000000,1.000000,1.000000,0.000000,0.000000,0.000000,-1.594909,42.800419
50.963619,3.000000,-327.022034,-4.115223,710.296631,13.383802,33.580952,238.466400,237.194168,247.388900,7.125908,0.410562,7.828374,-2.274750,-1.023980,-0.675266,8.027509,0.028170,0.001620,-0.000150,0.105000,0.105000,0.139871,83460.992188,1.095464,0.000000,0.000000,1.000000,1.000000,1.000000,1.000000,0.000000,0.000000,0.000000,-1.560181,42.410309
51.016183,3.000000,-320.365234,-4.129436,710.178346,13.269300,33.192936,238.172226,236.916687,247.099204,7.133318,0.411226,7.821486,-2.239988,-1.009517,-0.676058,7.852607,0.028954,0.001633,-0.000158,0.105000,0.105000,0.142122,83460.992188,1.091589,0.000000,0.000000,1.000000,1.000000,1.000000,1.000000,0.000000,0.000000,0.000000,-1.526631,42.022293
51.072403,3.000000,-313.039459,-4.145034,710.053772,13.135145,32.772091,237.859894,236.611694,246.780722,7.141428,0.411937,7.815220,-2.203928,-0.994550,-0.676930,7.660152,0.029560,0.001647,-0.000167,0.105000,0.105000,0.146246,83460.992188,1.087930,0.000000,0.000000,1.000000,1.000000,1.000000,1.000000,0.000000,0.000000,0.000000,-1.492857,41.601452
51.126882,3.000000,-306.138641,-4.159687,709.934874,13.007277,32.381260,237.558807,236.324707,246.481060,7.149554,0.412626,7.810260,-2.171891,-0.981287,-0.677753,7.478883,0.030230,0.001660,-0.000174,0.105000,0.105000,0.151939,83460.992188,1.084157,0.000000,0.000000,1.000000,1.000000,1.000000,1.000000,0.000000,0.000000,0.000000,-1.462091,41.244427
51.182649,3.000000,-299.341187,-4.174080,709.814905,12.866041,32.001255,237.252396,236.042465,246.186202,7.158232,0.413333,7.806294,-2.142004,-0.968945,-0.678565,7.300349,0.031060,0.001669,-0.000182,0.105000,0.105000,0.158830,83460.992188,1.081291,0.000000,0.000000,1.000000,1.000000,1.000000,1.000000,0.000000,0.000000,0.000000,-1.432329,40.864422
51.238271,3.000000,-292.262054,-4.189029,709.696907,12.774855,31.610481,236.948547,235.748795,245.879392,7.167296,0.414037,7.803456,-2.112458,-0.956775,-0.679412,7.114436,0.031568,0.001683,-0.000189,0.105000,0.105000,0.166574,83460.992188,1.078252,0.000000,0.000000,1.000000,1.000000,1.000000,1.000000,0.000000,0.000000,0.000000,-1.404281,40.473648
51.296531,3.000000,-284.939117,-4.204447,709.574992,12.663404,31.211281,236.632248,235.445297,245.562304,7.177260,0.414773,7.801643,-2.083472,-0.944867,-0.680289,6.922142,0.032134,0.001693,-0.000196,0.105000,0.105000,0.175081,83460.992188,1.075323,0.000000,0.000000,1.000000,1.000000,1.000000,1.000000,0.000000,0.000000,0.000000,-1.376501,40.054192
51.349783,3.000000,-277.982056,-4.219053,709.464982,12.538954,30.836519,236.344757,235.157257,245.261278,7.186815,0.415445,7.800973,-2.057279,-0.934136,-0.681124,6.739473,0.032435,0.001705,-0.000201,0.105000,0.105000,0.183157,83460.992188,1.073342,0.000000,0.000000,1.000000,1.000000,1.000000,1.000000,0.000000,0.000000,0.000000,-1.352356,39.679432
51.404000,3.000000,-271.389771,-4.232854,709.354328,12.424025,30.485289,236.052917,234.884521,244.976283,7.196996,0.416126,7.801237,-2.033535,-0.924430,-0.681916,6.566399,0.032951,0.001716,-0.000207,0.105000,0.105000,0.191736,83460.992188,1.071275,0.000000,0.000000,1.000000,1.000000,1.000000,1.000000,0.000000,0.000000,0.000000,-1.328921,39.328197
51.457960,3.000000,-264.443817,-4.247355,709.245481,12.340040,30.119099,235.763641,234.597351,244.676190,7.207591,0.416803,7.802426,-2.009580,-0.914662,-0.682752,6.384056,0.033180,0.001728,-0.000212,0.105000,0.105000,0.200315,83460.992188,1.069192,0.000000,0.000000,1.000000,1.000000,1.000000,1.000000,0.000000,0.000000,0.000000,-1.306669,38.962009
51.512790,3.000000,-257.492004,-4.261826,709.136129,12.218641,29.756390,235.471130,234.310226,244.376024,7.218819,0.417486,7.804486,-1.986549,-0.905292,-0.683591,6.201576,0.033453,0.001738,-0.000217,0.105000,0.105000,0.208681,83460.992188,1.067535,0.000000,0.000000,1.000000,1.000000,1.000000,1.000000,0.000000,0.000000,0.000000,-1.284969,38.579128
51.565071,3.000000,-251.247284,-4.274789,709.033001,12.107374,29.433706,235.192871,234.052414,244.106571,7.229950,0.418135,7.807215,-1.966587,-0.897186,-0.684345,6.037669,0.033832,0.001744,-0.000222,0.105000,0.105000,0.216537,83460.992188,1.066136,0.000000,0.000000,1.000000,1.000000,1.000000,1.000000,0.000000,0.000000,0.000000,-1.265068,38.256447
51.618984,3.000000,-244.589767,-4.288571,708.927774,12.008314,29.092840,234.906693,233.777710,243.819411,7.241855,0.418798,7.810780,-1.946015,-0.888847,-0.685151,5.862942,0.034052,0.001752,-0.000227,0.105000,0.105000,0.224360,83460.992188,1.064746,0.000000,0.000000,1.000000,1.000000,1.000000,1.000000,0.000000,0.000000,0.000000,-1.245304,37.915581
51.672125,3.000000,-237.613342,-4.302971,708.825127,11.914015,28.739006,234.625427,233.490021,243.518666,7.253991,0.419447,7.814989,-1.925190,-0.880423,-0.685997,5.679860,0.034043,0.001767,-0.000231,0.105000,0.105000,0.231692,83460.992188,1.063614,0.000000,0.000000,1.000000,1.000000,1.000000,1.000000,0.000000,0.000000,0.000000,-1.226510,37.561749
51.727474,3.000000,-230.597244,-4.317410,708.719308,11.790113,28.386496,234.333481,233.200760,243.216305,7.267024,0.420117,7.820002,-1.904823,-0.872193,-0.686850,5.495750,0.034120,0.001777,-0.000235,0.105000,0.105000,0.238669,83460.992188,1.062553,0.000000,0.000000,1.000000,1.000000,1.000000,1.000000,0.000000,0.000000,0.000000,-1.207500,37.192402
51.780108,3.000000,-224.371323,-4.330185,708.619698,11.676466,28.076427,234.056213,232.944229,242.948128,7.279762,0.420749,7.825320,-1.887185,-0.865071,-0.687608,5.332388,0.034314,0.001783,-0.000239,0.105000,0.105000,0.244858,83460.992188,1.061562,0.000000,0.000000,1.000000,1.000000,1.000000,1.000000,0.000000,0.000000,0.000000,-1.189909,36.882336
51.834061,3.000000,-217.546783,-4.344148,708.518589,11.575636,27.739443,233.772476,232.663116,242.654220,7.293148,0.421390,7.831306,-1.868347,-0.857475,-0.688441,5.153330,0.034291,0.001795,-0.000243,0.105000,0.105000,0.250707,83460.992188,1.060791,0.000000,0.000000,1.000000,1.000000,1.000000,1.000000,0.000000,0.000000,0.000000,-1.172376,36.545349
51.885524,3.000000,-210.946884,-4.357612,708.423058,11.498426,27.416327,233.502716,232.391357,242.370114,7.306186,0.421997,7.837461,-1.850526,-0.850293,-0.689248,4.980179,0.034232,0.001806,-0.000246,0.105000,0.105000,0.255550,83460.992188,1.059814,0.000000,0.000000,1.000000,1.000000,1.000000,1.000000,0.000000,0.000000,0.000000,-1.156066,36.222233
51.939087,3.000000,-204.327850,-4.371074,708.324559,11.404310,27.094973,233.222198,232.118835,242.085208,7.320007,0.422622,7.844306,-1.833097,-0.843276,-0.690059,4.806536,0.034246,0.001816,-0.000249,0.105000,0.105000,0.260086,83460.992188,1.059004,0.000000,0.000000,1.000000,1.000000,1.000000,1.000000,0.000000,0.000000,0.000000,-1.139537,35.903244
51.992959,3.000000,-197.582565,-4.384751,708.226429,11.300184,26.770210,232.940079,231.841217,241.794949,7.334141,0.423245,7.851627,-1.815803,-0.836324,-0.690887,4.629592,0.034197,0.001826,-0.000253,0.105000,0.105000,0.264281,83460.992188,1.058238,0.000000,0.000000,1.000000,1.000000,1.000000,1.000000,0.000000,0.000000,0.000000,-1.123392,35.578480
52.046199,3.000000,-191.259079,-4.397533,708.130347,11.144423,26.468176,232.661652,231.580994,241.522930,7.348312,0.423853,7.859146,-1.799805,-0.829891,-0.691665,4.463724,0.034220,0.001835,-0.000256,0.105000,0.105000,0.267834,83460.992188,1.057886,0.000000,0.000000,1.000000,1.000000,1.000000,1.000000,0.000000,0.000000,0.000000,-1.107651,35.276447
52.101327,3.000000,-184.141205,-4.411877,708.031785,10.984388,26.130978,232.373932,231.288223,241.216847,7.363170,0.424472,7.867157,-1.781922,-0.822689,-0.692543,4.277029,0.033987,0.001847,-0.000259,0.105000,0.105000,0.270833,83460.992188,1.057685,0.000000,0.000000,1.000000,1.000000,1.000000,1.000000,0.000000,0.000000,0.000000,-1.091476,34.939251
52.158226,3.000000,-177.185242,-4.425847,707.931048,10.831984,25.804291,232.077133,231.002182,240.917807,7.378652,0.425102,7.875590,-1.764510,-0.815662,-0.693402,4.094591,0.033815,0.001858,-0.000262,0.105000,0.105000,0.273166,83460.992188,1.057493,0.000000,0.000000,1.000000,1.000000,1.000000,1.000000,0.000000,0.000000,0.000000,-1.074864,34.384789
52.217618,3.000000,-170.006622,-4.440217,707.826965,10.654860,25.470089,231.767456,230.707031,240.609247,7.394929,0.425749,7.884522,-1.746604,-0.808421,-0.694291,3.906325,0.033609,0.001869,-0.000265,0.105000,0.105000,0.274752,83460.992188,1.057556,0.000000,0.000000,1.000000,1.000000,1.000000,1.000000,0.000000,0.000000,0.000000,-1.057590,34.050587
52.275011,3.000000,-162.782166,-4.454629,707.727417,10.491774,25.136774,231.468536,230.410141,240.298847,7.410722,0.426363,7.893197,-1.728558,-0.801102,-0.695188,3.716867,0.033256,0.001882,-0.000268,0.105000,0.105000,0.275398,83460.992188,1.057572,0.000000,0.000000,1.000000,1.000000,1.000000,1.000000,0.000000,0.000000,0.000000,-1.040897,33.717270
52.328958,3.000000,-156.190918,-4.467734,707.634776,10.334120,24.835333,231.187546,230.139236,240.015691,7.425576,0.426929,7.901343,-1.712069,-0.794397,-0.696008,3.544024,0.032948,0.001894,-0.000271,0.105000,0.105000,0.275264,83460.992188,1.057471,0.000000,0.000000,1.000000,1.000000,1.000000,1.000000,0.000000,0.000000,0.000000,-1.025208,32.675137
52.385185,3.000000,-149.112656,-4.481761,707.539171,10.189344,24.514441,230.895172,229.848404,239.711714,7.441026,0.427509,7.909777,-1.694330,-0.787165,-0.696891,3.358420,0.032539,0.001906,-0.000273,0.105000,0.105000,0.274216,83460.992188,1.057446,0.000000,0.000000,1.000000,1.000000,1.000000,1.000000,0.000000,0.000000,0.000000,-1.008840,32.354248
52.437563,3.000000,-142.877838,-4.494076,707.450990,10.052931,24.234224,230.622757,229.592346,239.444026,7.455342,0.428040,7.917571,-1.678738,-0.780794,-0.697670,3.194939,0.032275,0.001916,-0.000275,0.105000,0.105000,0.272573,83460.992188,1.057281,0.000000,0.000000,1.000000,1.000000,1.000000,1.000000,0.000000,0.000000,0.000000,-0.993656,32.074028
52.492621,3.000000,-135.880417,-4.507853,707.359202,9.914625,23.922443,230.336838,229.304947,239.143652,7.470283,0.428589,7.925655,-1.661269,-0.773640,-0.698546,3.011471,0.031837,0.001930,-0.000278,0.105000,0.105000,0.270150,83460.992188,1.057204,0.000000,0.000000,1.000000,1.000000,1.000000,1.000000,0.000000,0.000000,0.000000,-0.977734,31.762249
52.548649,3.000000,-129.262314,-4.520837,707.266749,9.762770,23.630198,230.046036,229.033218,238.859650,7.485324,0.429136,7.933744,-1.644807,-0.766885,-0.699377,2.837956,0.031575,0.001941,-0.000280,0.105000,0.105000,0.267033,83460.992188,1.057047,0.000000,0.000000,1.000000,1.000000,1.000000,1.000000,0.000000,0.000000,0.000000,-0.961619,30.803696
52.600393,3.000000,-122.677536,-4.533712,707.182213,9.605299,23.341972,229.777786,228.762985,238.577162,7.499048,0.429632,7.941031,-1.628422,-0.760146,-0.700205,2.665323,0.031141,0.001957,-0.000282,0.105000,0.105000,0.263680,83460.992188,1.056995,0.000000,0.000000,1.000000,1.000000,1.000000,1.000000,0.000000,0.000000,0.000000,-0.946740,30.515471
52.650785,3.000000,-116.697891,-4.545366,707.100673,9.482740,23.082445,229.516403,228.517639,238.320745,7.512234,0.430107,7.947966,-1.613584,-0.754030,-0.700958,2.508560,0.030865,0.001967,-0.000284,0.105000,0.105000,0.260019,83460.992188,1.056822,0.000000,0.000000,1.000000,1.000000,1.000000,1.000000,0.000000,0.000000,0.000000,-0.932317,30.255943
52.703600,3.000000,-110.191093,-4.558006,707.016037,9.343946,22.802422,229.242599,228.250732,238.041786,7.525846,0.430594,7.955077,-1.597545,-0.747411,-0.701779,2.337983,0.030491,0.001979,-0.000286,0.105000,0.105000,0.255845,83460.992188,1.056481,0.000000,0.000000,1.000000,1.000000,1.000000,1.000000,0.000000,0.000000,0.000000,-0.917340,29.975920
52.758900,3.000000,-103.456039,-4.571045,706.928317,9.193800,22.515173,228.956070,227.974564,237.753172,7.539852,0.431093,7.962313,-1.581056,-0.740595,-0.702631,2.161430,0.030131,0.001993,-0.000288,0.105000,0.105000,0.251104,83460.992188,1.056260,0.000000,0.000000,1.000000,1.000000,1.000000,1.000000,0.000000,0.000000,0.000000,-0.901777,28.994036
52.816350,3.000000,-96.277107,-4.584893,706.838146,9.060926,22.211876,228.658936,227.680359,237.445665,7.554113,0.431600,7.969582,-1.563586,-0.733361,-0.703541,1.973248,0.029708,0.002009,-0.000290,0.105000,0.105000,0.245718,83460.992188,1.055927,0.000000,0.000000,1.000000,1.000000,1.000000,1.000000,0.000000,0.000000,0.000000,-0.885737,28.690739
52.870503,3.000000,-89.782219,-4.597376,706.754039,8.894484,21.940022,228.379257,227.414261,237.167581,7.567263,0.432071,7.976195,-1.547922,-0.726867,-0.704366,1.803003,0.029423,0.002021,-0.000292,0.105000,0.105000,0.240319,83460.992188,1.055811,0.000000,0.000000,1.000000,1.000000,1.000000,1.000000,0.000000,0.000000,0.000000,-0.870765,28.418884
52.925781,3.000000,-83.113258,-4.610148,706.669067,8.756117,21.663383,228.093597,227.141144,236.882156,7.580375,0.432536,7.982670,-1.531910,-0.720215,-0.705214,1.628201,0.029083,0.002038,-0.000294,0.105000,0.105000,0.234712,83460.992188,1.055385,0.000000,0.000000,1.000000,1.000000,1.000000,1.000000,0.000000,0.000000,0.000000,-0.855596,27.466446
52.977008,3.000000,-76.941101,-4.621929,706.591118,8.648451,21.409624,227.829300,226.888550,236.618161,7.592245,0.432959,7.988470,-1.517268,-0.714128,-0.706001,1.466426,0.028807,0.002049,-0.000296,0.105000,0.105000,0.229194,83460.992188,1.054902,0.000000,0.000000,1.000000,1.000000,1.000000,1.000000,0.000000,0.000000,0.000000,-0.841742,27.212687
53.035461,3.000000,-69.770111,-4.635566,706.503081,8.565687,21.117472,227.528198,226.595154,236.311558,7.605440,0.433434,7.994951,-1.500676,-0.707235,-0.706917,1.278478,0.028516,0.002063,-0.000298,0.105000,0.105000,0.222773,83460.992188,1.053755,0.000000,0.000000,1.000000,1.000000,1.000000,1.000000,0.000000,0.000000,0.000000,-0.826423,26.920532
53.089075,3.000000,-63.158424,-4.648091,706.423155,8.499891,20.850565,227.252213,226.324768,236.028995,7.617213,0.433860,8.000859,-1.486013,-0.701164,-0.707763,1.105194,0.028332,0.002076,-0.000300,0.105000,0.105000,0.217048,83460.992188,1.052472,0.000000,0.000000,1.000000,1.000000,1.000000,1.000000,0.000000,0.000000,0.000000,-0.813023,26.653625
53.143326,3.000000,-56.793495,-4.660106,706.343043,8.422255,20.595734,226.973297,226.064651,235.757110,7.628821,0.434284,8.006813,-1.472494,-0.695587,-0.708579,0.938382,0.028317,0.002085,-0.000301,0.105000,0.105000,0.211513,83460.992188,1.051284,0.000000,0.000000,1.000000,1.000000,1.000000,1.000000,0.000000,0.000000,0.000000,-0.800091,26.144764
53.194305,3.000000,-50.581966,-4.671789,706.268428,8.345045,20.348955,226.711639,225.810913,235.491928,7.639469,0.434676,8.012427,-1.459887,-0.690409,-0.709377,0.775595,0.028292,0.002096,-0.000303,0.105000,0.105000,0.206687,83460.992188,1.049972,0.000000,0.000000,1.000000,1.000000,1.000000,1.000000,0.000000,0.000000,0.000000,-0.788561,25.897984
53.250180,3.000000,-43.821545,-4.684459,706.187352,8.263929,20.082396,226.425430,225.534943,235.203448,7.650866,0.435098,8.018606,-1.446831,-0.685074,-0.710247,0.598428,0.028330,0.002109,-0.000305,0.105000,0.105000,0.201881,83460.992188,1.048723,0.000000,0.000000,1.000000,1.000000,1.000000,1.000000,0.000000,0.000000,0.000000,-0.776581,25.631426
53.307559,3.000000,-36.751194,-4.697658,706.104821,8.195692,19.805750,226.131851,225.246445,234.901947,7.662313,0.435524,8.025100,-1.434032,-0.679886,-0.711159,0.413143,0.028404,0.002121,-0.000307,0.105000,0.105000,0.197629,83460.992188,1.046997,0.000000,0.000000,1.000000,1.000000,1.000000,1.000000,0.000000,0.000000,0.000000,-0.765160,25.354780
53.363277,3.000000,-29.995901,-4.710220,706.025336,8.096754,19.543318,225.847260,224.971024,234.614046,7.673214,0.435931,8.031508,-1.422547,-0.675269,-0.712031,0.236120,0.028534,0.002133,-0.000309,0.105000,0.105000,0.194176,83460.992188,1.045880,0.000000,0.000000,1.000000,1.000000,1.000000,1.000000,0.000000,0.000000,0.000000,-0.754768,25.115896
53.419282,3.000000,-23.312414,-4.722601,705.946059,8.023756,19.285374,225.561630,224.698746,234.329406,7.683999,0.436332,8.038099,-1.411843,-0.671002,-0.712896,0.060983,0.028692,0.002144,-0.000310,0.105000,0.105000,0.191359,83460.992188,1.044455,0.000000,0.000000,1.000000,1.000000,1.000000,1.000000,0.000000,0.000000,0.000000,-0.745023,24.857952
53.473266,3.000000,-16.876850,-4.734477,705.870189,7.965894,19.038483,225.286453,224.436707,234.055490,7.694264,0.436710,8.044676,-1.402269,-0.667232,-0.713730,-0.107653,0.028877,0.002154,-0.000312,0.105000,0.105000,0.189285,83460.992188,1.042951,0.000000,0.000000,1.000000,1.000000,1.000000,1.000000,0.000000,0.000000,0.000000,-0.736397,24.611061
53.532217,3.000000,-9.869210,-4.747358,705.787900,7.872022,18.771143,224.986588,224.151581,233.757414,7.705363,0.437114,8.052105,-1.392624,-0.663488,-0.714640,-0.291275,0.029109,0.002165,-0.000314,0.105000,0.105000,0.187706,83460.992188,1.041712,0.000000,0.000000,1.000000,1.000000,1.000000,1.000000,0.000000,0.000000,0.000000,-0.727750,24.343721
53.587328,3.000000,-3.176005,-4.759612,705.711468,7.784437,18.517151,224.706467,223.879379,233.472879,7.715679,0.437484,8.059274,-1.384029,-0.660197,-0.715511,-0.466654,0.029302,0.002179,-0.000316,0.105000,0.105000,0.186854,83460.992188,1.040610,0.000000,0.000000,1.000000,1.000000,1.000000,1.000000,0.000000,0.000000,0.000000,-0.720279,24.069368
53.643486,3.000000,3.409308,-4.771622,705.634042,7.711744,18.268429,224.421494,223.611816,233.193105,7.726158,0.437853,8.066833,-1.376167,-0.657235,-0.716369,-0.639203,0.029513,0.002190,-0.000317,0.105000,0.105000,0.186496,83460.992188,1.039434,0.000000,0.000000,1.000000,1.000000,1.000000,1.000000,0.000000,0.000000,0.000000,-0.713292,23.820646
53.698695,3.000000,10.099391,-4.783775,705.558341,7.632032,18.016840,224.141846,223.340149,232.909059,7.736453,0.438207,8.074529,-1.368766,-0.654498,-0.717243,-0.814492,0.029713,0.002201,-0.000319,0.105000,0.105000,0.186612,83460.992188,1.038389,0.000000,0.000000,1.000000,1.000000,1.000000,1.000000,0.000000,0.000000,0.000000,-0.706999,23.569057
53.750570,3.000000,16.319510,-4.795031,705.487558,7.574720,17.783819,223.879593,223.087646,232.645138,7.746142,0.438533,8.082023,-1.362401,-0.652193,-0.718057,-0.977465,0.029908,0.002211,-0.000321,0.105000,0.105000,0.187096,83460.992188,1.037286,0.000000,0.000000,1.000000,1.000000,1.000000,1.000000,0.000000,0.000000,0.000000,-0.701615,23.370825
53.801472,3.000000,21.715445,-4.804760,705.418407,7.495008,17.582306,223.622131,222.868790,232.416305,7.755683,0.438842,8.089623,-1.357296,-0.650389,-0.718764,-1.118841,0.030077,0.002219,-0.000322,0.105000,0.105000,0.187899,83460.992188,1.036550,0.000000,0.000000,1.000000,1.000000,1.000000,1.000000,0.000000,0.000000,0.000000,-0.696796,23.169312
53.853652,3.000000,28.296803,-4.816585,705.347807,7.413404,17.337248,223.359039,222.602036,232.137346,7.765514,0.439153,8.097627,-1.351424,-0.648354,-0.719627,-1.291273,0.030258,0.002235,-0.000324,0.105000,0.105000,0.189011,83460.992188,1.035816,0.000000,0.000000,1.000000,1.000000,1.000000,1.000000,0.000000,0.000000,0.000000,-0.692200,22.924253
53.910861,3.000000,35.428444,-4.829346,705.270717,7.341383,17.072523,223.071259,222.313080,231.835252,7.776364,0.439486,8.106670,-1.345507,-0.646357,-0.720565,-1.478119,0.030446,0.002249,-0.000325,0.105000,0.105000,0.190467,83460.992188,1.034902,0.000000,0.000000,1.000000,1.000000,1.000000,1.000000,0.000000,0.000000,0.000000,-0.687582,22.659529
53.969051,3.000000,42.327766,-4.841637,705.192618,7.261182,16.817152,222.778915,222.033737,231.543168,7.787495,0.439819,8.116173,-1.340242,-0.644640,-0.721474,-1.658874,0.030611,0.002263,-0.000327,0.105000,0.105000,0.192151,83460.992188,1.034130,0.000000,0.000000,1.000000,1.000000,1.000000,1.000000,0.000000,0.000000,0.000000,-0.683331,22.344721
54.026441,3.000000,49.229679,-4.853881,705.115877,7.197278,16.562325,222.490936,221.754456,231.251144,7.798574,0.440138,8.125858,-1.335424,-0.643133,-0.722385,-1.839694,0.030784,0.002273,-0.000328,0.105000,0.105000,0.193967,83460.992188,1.033286,0.000000,0.000000,1.000000,1.000000,1.000000,1.000000,0.000000,0.000000,0.000000,-0.679589,22.089893
54.084023,3.000000,56.032513,-4.865899,705.039135,7.132093,16.311693,222.202362,221.479355,230.963449,7.809797,0.440449,8.135900,-1.331130,-0.641864,-0.723284,-2.017916,0.030953,0.002283,-0.000330,0.105000,0.105000,0.195944,83460.992188,1.032481,0.000000,0.000000,1.000000,1.000000,1.000000,1.000000,0.000000,0.000000,0.000000,-0.676291,21.839262
54.140824,3.000000,62.895351,-4.877969,704.963662,7.051527,16.059317,221.918152,221.201904,230.673383,7.820987,0.440748,8.146086,-1.327165,-0.640757,-0.724194,-2.197706,0.031129,0.002295,-0.000331,0.105000,0.105000,0.198021,83460.992188,1.031934,0.000000,0.000000,1.000000,1.000000,1.000000,1.000000,0.000000,0.000000,0.000000,-0.673379,21.586885
54.191197,3.000000,68.629570,-4.888014,704.896906,6.988477,15.848759,221.666260,220.970261,230.431158,7.831009,0.441002,8.155341,-1.324098,-0.639948,-0.724955,-2.347927,0.031220,0.002306,-0.000332,0.105000,0.105000,0.199924,83460.992188,1.031424,0.000000,0.000000,1.000000,1.000000,1.000000,1.000000,0.000000,0.000000,0.000000,-0.671059,21.438927
54.244661,3.000000,74.955132,-4.899053,704.826223,6.908155,15.616781,221.399170,220.714828,230.164049,7.841753,0.441266,8.165344,-1.320894,-0.639141,-0.725796,-2.513638,0.031328,0.002318,-0.000334,0.105000,0.105000,0.201926,83460.992188,1.031133,0.000000,0.000000,1.000000,1.000000,1.000000,1.000000,0.000000,0.000000,0.000000,-0.668758,21.206949
54.295615,3.000000,81.116348,-4.909762,704.759013,6.837354,15.391102,221.145004,220.466171,229.904013,7.852090,0.441509,8.175037,-1.317901,-0.638414,-0.726617,-2.675040,0.031421,0.002331,-0.000335,0.105000,0.105000,0.203793,83460.992188,1.030844,0.000000,0.000000,1.000000,1.000000,1.000000,1.000000,0.000000,0.000000,0.000000,-0.666692,20.981270
54.350326,3.000000,87.655876,-4.921083,704.687004,6.777906,15.151829,220.872498,220.202332,229.628124,7.863295,0.441761,8.185659,-1.314940,-0.637745,-0.727490,-2.846352,0.031507,0.002343,-0.000336,0.105000,0.105000,0.205733,83460.992188,1.030310,0.000000,0.000000,1.000000,1.000000,1.000000,1.000000,0.000000,0.000000,0.000000,-0.664702,20.708818
54.402491,3.000000,93.606400,-4.931342,704.618489,6.700025,14.934310,220.612747,219.962387,229.377224,7.874075,0.441995,8.195974,-1.312405,-0.637212,-0.727041,-3.002231,0.032545,0.002356,-0.000337,0.105000,0.105000,0.207623,83460.992188,1.029646,0.000000,0.000000,1.000000,1.000000,1.000000,1.000000,0.000000,0.000000,0.000000,-0.662995,20.491299
54.452754,3.000000,99.683258,-4.941777,704.552564,6.605787,14.712279,220.362778,219.717697,229.121326,7.884655,0.442233,8.206807,-1.311029,-0.637255,-0.723640,-3.161418,0.035736,0.002320,-0.000327,0.105000,0.105000,0.213839,83460.992188,1.025677,0.000000,0.000000,1.000000,1.000000,1.000000,1.000000,0.000000,0.000000,0.000000,-0.662801,20.269268
54.509855,3.000000,106.459290,-4.953361,704.477673,6.512586,14.464478,220.079285,219.445251,228.836346,7.897247,0.442515,8.220634,-1.311585,-0.638319,-0.719833,-3.338918,0.038781,0.002328,-0.000314,0.105000,0.105000,0.227315,83460.992188,1.022402,0.000000,0.000000,1.000000,1.000000,1.000000,1.000000,0.000000,0.000000,0.000000,-0.664520,20.021467
54.564865,3.000000,112.710724,-4.964000,704.405437,6.417371,14.235363,219.806458,219.194138,228.573641,7.910258,0.442775,8.235495,-1.313499,-0.639985,-0.716303,-3.502674,0.040973,0.002345,-0.000303,0.105000,0.105000,0.245105,83460.992188,1.020599,0.000000,0.000000,1.000000,1.000000,1.000000,1.000000,0.000000,0.000000,0.000000,-0.667534,19.643333
54.616689,3.000000,118.786110,-4.974293,704.337262,6.311048,14.012074,219.549408,218.950241,228.318500,7.923488,0.443005,8.250729,-1.315965,-0.641903,-0.712851,-3.661817,0.042819,0.002367,-0.000293,0.105000,0.105000,0.264416,83460.992188,1.019926,0.000000,0.000000,1.000000,1.000000,1.000000,1.000000,0.000000,0.000000,0.000000,-0.670901,19.420044
54.675640,3.000000,125.708717,-4.985968,704.259549,6.184156,13.756824,219.256943,218.672455,228.027869,7.939818,0.443247,8.269321,-1.318841,-0.644125,-0.708894,-3.843150,0.044467,0.002391,-0.000282,0.105000,0.105000,0.287940,83460.992188,1.020333,0.000000,0.000000,1.000000,1.000000,1.000000,1.000000,0.000000,0.000000,0.000000,-0.674685,19.164795
54.733613,3.000000,132.571228,-4.997485,704.182970,6.072340,13.502965,218.970001,218.397141,227.739879,7.957258,0.443464,8.288868,-1.321461,-0.646221,-0.704944,-4.022907,0.045653,0.002417,-0.000273,0.105000,0.105000,0.312210,83460.992188,1.020999,0.000000,0.000000,1.000000,1.000000,1.000000,1.000000,0.000000,0.000000,0.000000,-0.678152,18.910934
54.788822,3.000000,139.003738,-5.008228,704.109926,5.966199,13.264333,218.696564,218.139099,227.469937,7.975173,0.443657,8.308434,-1.323265,-0.647871,-0.701220,-4.191399,0.046337,0.002440,-0.000265,0.105000,0.105000,0.334704,83460.992188,1.022602,0.000000,0.000000,1.000000,1.000000,1.000000,1.000000,0.000000,0.000000,0.000000,-0.680718,18.195543
54.840604,3.000000,145.025986,-5.018241,704.041355,5.871900,13.040460,218.440247,217.897491,227.217198,7.993083,0.443823,8.327474,-1.324138,-0.649019,-0.697716,-4.349143,0.046658,0.002462,-0.000258,0.105000,0.105000,0.354931,83460.992188,1.024477,0.000000,0.000000,1.000000,1.000000,1.000000,1.000000,0.000000,0.000000,0.000000,-0.682268,17.971670
54.894905,3.000000,151.361435,-5.028728,703.969441,5.765760,12.804632,218.171387,217.643219,226.951260,8.012940,0.443979,8.347945,-1.323934,-0.649680,-0.694016,-4.515090,0.046746,0.002487,-0.000252,0.105000,0.105000,0.374421,83460.992188,1.026961,0.000000,0.000000,1.000000,1.000000,1.000000,1.000000,0.000000,0.000000,0.000000,-0.682725,17.735842
54.950941,3.000000,157.825546,-5.039377,703.895297,5.638990,12.563923,217.893875,217.383728,226.679879,8.034476,0.444123,8.369372,-1.322260,-0.649635,-0.690231,-4.684404,0.046484,0.002513,-0.000245,0.105000,0.105000,0.392308,83460.992188,1.029856,0.000000,0.000000,1.000000,1.000000,1.000000,1.000000,0.000000,0.000000,0.000000,-0.681680,17.495134
55.008226,3.000000,164.538086,-5.050382,703.819668,5.516553,12.314172,217.610382,217.114090,226.397924,8.057446,0.444250,8.391343,-1.318754,-0.648719,-0.686294,-4.860225,0.046002,0.002541,-0.000239,0.105000,0.105000,0.407990,83460.992188,1.033314,0.000000,0.000000,1.000000,1.000000,1.000000,1.000000,0.000000,0.000000,0.000000,-0.678814,16.808783
55.065280,3.000000,171.118561,-5.061115,703.744620,5.401502,12.069887,217.327667,216.849564,226.121397,8.081120,0.444356,8.413052,-1.313369,-0.646861,-0.682437,-5.032584,0.045222,0.002569,-0.000234,0.105000,0.105000,0.420254,83460.992188,1.036811,0.000000,0.000000,1.000000,1.000000,1.000000,1.000000,0.000000,0.000000,0.000000,-0.673991,16.564497
55.120221,3.000000,177.373627,-5.071268,703.672720,5.306653,11.838528,217.054794,216.597916,225.858381,8.104486,0.444436,8.433614,-1.306462,-0.644209,-0.678778,-5.196419,0.044265,0.002596,-0.000228,0.105000,0.105000,0.428838,83460.992188,1.040116,0.000000,0.000000,1.000000,1.000000,1.000000,1.000000,0.000000,0.000000,0.000000,-0.667510,16.333138
55.178508,3.000000,184.181656,-5.082263,703.596934,5.218641,11.587990,216.765717,216.323868,225.571918,8.129686,0.444505,8.454984,-1.297137,-0.640423,-0.674811,-5.374736,0.043216,0.002621,-0.000223,0.105000,0.105000,0.434710,83460.992188,1.042919,0.000000,0.000000,1.000000,1.000000,1.000000,1.000000,0.000000,0.000000,0.000000,-0.658915,15.645086
55.236050,3.000000,190.887924,-5.093038,703.522719,5.089429,11.342832,216.480255,216.053619,225.289548,8.154795,0.444553,8.475373,-1.286122,-0.635781,-0.670926,-5.550386,0.042065,0.002651,-0.000219,0.105000,0.105000,0.437235,83460.992188,1.046506,0.000000,0.000000,1.000000,1.000000,1.000000,1.000000,0.000000,0.000000,0.000000,-0.648558,15.399928
55.293685,3.000000,197.471756,-5.103561,703.449098,4.978284,11.104099,216.194229,215.788132,225.012176,8.179988,0.444581,8.494835,-1.273300,-0.630219,-0.667141,-5.722828,0.040717,0.002681,-0.000214,0.105000,0.105000,0.436501,83460.992188,1.049921,0.000000,0.000000,1.000000,1.000000,1.000000,1.000000,0.000000,0.000000,0.000000,-0.636170,15.161196
55.344678,3.000000,203.598846,-5.113306,703.384646,4.896986,10.883990,215.940948,215.540894,224.753905,8.202163,0.444588,8.511205,-1.259776,-0.624242,-0.663650,-5.883306,0.039559,0.002710,-0.000211,0.105000,0.105000,0.433134,83460.992188,1.052448,0.000000,0.000000,1.000000,1.000000,1.000000,1.000000,0.000000,0.000000,0.000000,-0.623763,14.941087
55.398947,3.000000,209.709274,-5.122978,703.316827,4.791761,10.666681,215.671722,215.294174,224.496213,8.225501,0.444579,8.527691,-1.244967,-0.617613,-0.660203,-6.043346,0.038207,0.002737,-0.000207,0.105000,0.105000,0.427092,83460.992188,1.055166,0.000000,0.000000,1.000000,1.000000,1.000000,1.000000,0.000000,0.000000,0.000000,-0.609223,14.335747
55.455854,3.000000,216.285004,-5.133333,703.246661,4.681592,10.435593,215.389252,215.028549,224.218796,8.249537,0.444553,8.543709,-1.227378,-0.609641,-0.656539,-6.215572,0.036767,0.002771,-0.000203,0.105000,0.105000,0.418072,83460.992188,1.057966,0.000000,0.000000,1.000000,1.000000,1.000000,1.000000,0.000000,0.000000,0.000000,-0.592334,14.104658
55.507238,3.000000,222.255402,-5.142688,703.184209,4.582899,10.228498,215.134476,214.787216,223.966784,8.270734,0.444508,8.557014,-1.210081,-0.601726,-0.653258,-6.371943,0.035446,0.002802,-0.000200,0.105000,0.105000,0.407724,83460.992188,1.060326,0.000000,0.000000,1.000000,1.000000,1.000000,1.000000,0.000000,0.000000,0.000000,-0.575814,13.897564
55.559068,3.000000,228.144653,-5.151871,703.122150,4.474012,10.026978,214.877625,214.549026,223.718123,8.291519,0.444449,8.569243,-1.191840,-0.593315,-0.650068,-6.526187,0.034103,0.002834,-0.000197,0.105000,0.105000,0.395334,83460.992188,1.062555,0.000000,0.000000,1.000000,1.000000,1.000000,1.000000,0.000000,0.000000,0.000000,-0.557986,13.696045
55.618191,3.000000,234.903519,-5.162355,703.052588,4.362867,9.799364,214.584351,214.275650,223.432743,8.314382,0.444368,8.581649,-1.169521,-0.582949,-0.646469,-6.703207,0.032558,0.002874,-0.000194,0.105000,0.105000,0.379044,83460.992188,1.064787,0.000000,0.000000,1.000000,1.000000,1.000000,1.000000,0.000000,0.000000,0.000000,-0.536300,13.007917
55.674928,3.000000,241.527481,-5.172574,702.987121,4.286024,9.580301,214.303345,214.007599,223.152968,8.335352,0.444273,8.592093,-1.146584,-0.572233,-0.643012,-6.876691,0.031119,0.002907,-0.000191,0.105000,0.105000,0.361468,83460.992188,1.066095,0.000000,0.000000,1.000000,1.000000,1.000000,1.000000,0.000000,0.000000,0.000000,-0.514553,12.788856
55.726860,3.000000,247.550079,-5.181817,702.928337,4.198255,9.384703,214.046600,213.763916,222.898598,8.353633,0.444172,8.600415,-1.125083,-0.562144,-0.639931,-7.034426,0.029895,0.002938,-0.000188,0.105000,0.105000,0.344027,83460.992188,1.067216,0.000000,0.000000,1.000000,1.000000,1.000000,1.000000,0.000000,0.000000,0.000000,-0.494050,12.593257
55.779872,3.000000,253.493896,-5.190893,702.869492,4.097425,9.195131,213.784805,213.523376,222.647564,8.371327,0.444056,8.607601,-1.103217,-0.551841,-0.636950,-7.190095,0.028733,0.002972,-0.000186,0.105000,0.105000,0.325188,83460.992188,1.068350,0.000000,0.000000,1.000000,1.000000,1.000000,1.000000,0.000000,0.000000,0.000000,-0.472481,12.009094
55.830909,3.000000,259.439575,-5.199928,702.813974,4.000135,9.009060,213.533249,213.282791,222.396516,8.387396,0.443932,8.613276,-1.080794,-0.541236,-0.634032,-7.345813,0.027597,0.003007,-0.000184,0.105000,0.105000,0.306216,83460.992188,1.069353,0.000000,0.000000,1.000000,1.000000,1.000000,1.000000,0.000000,0.000000,0.000000,-0.451209,11.823023
55.881057,3.000000,265.121674,-5.208519,702.760534,3.901990,8.834653,213.286560,213.052979,222.156694,8.402221,0.443798,8.617592,-1.058797,-0.530793,-0.631303,-7.494627,0.026534,0.003043,-0.000182,0.105000,0.105000,0.286882,83460.992188,1.070207,0.000000,0.000000,1.000000,1.000000,1.000000,1.000000,0.000000,0.000000,0.000000,-0.429765,11.648616
55.931728,3.000000,270.867828,-5.217166,702.707677,3.826429,8.661762,213.037704,212.820633,221.914248,8.416201,0.443650,8.620848,-1.036296,-0.520081,-0.628606,-7.645118,0.025536,0.003076,-0.000180,0.105000,0.105000,0.266821,83460.992188,1.070253,0.000000,0.000000,1.000000,1.000000,1.000000,1.000000,0.000000,0.000000,0.000000,-0.407931,11.475725
55.981883,3.000000,276.580963,-5.225722,702.656488,3.744947,8.493363,212.791962,212.589722,221.673299,8.429031,0.443496,8.623003,-1.013836,-0.509363,-0.625986,-7.794744,0.024628,0.003111,-0.000178,0.105000,0.105000,0.246665,83460.992188,1.070333,0.000000,0.000000,1.000000,1.000000,1.000000,1.000000,0.000000,0.000000,0.000000,-0.386250,10.859281
56.036607,3.000000,282.938873,-5.235193,702.601917,3.677015,8.310073,212.524658,212.332947,221.405344,8.441878,0.443319,8.624231,-0.988875,-0.497424,-0.623145,-7.961255,0.023695,0.003149,-0.000176,0.105000,0.105000,0.224535,83460.992188,1.069745,0.000000,0.000000,1.000000,1.000000,1.000000,1.000000,0.000000,0.000000,0.000000,-0.362703,10.675991
56.094551,3.000000,289.384338,-5.244742,702.545575,3.621656,8.128649,212.242279,212.072723,221.133859,8.454162,0.443125,8.624518,-0.964112,-0.485564,-0.620343,-8.130058,0.023018,0.003180,-0.000174,0.105000,0.105000,0.201411,83460.992188,1.068105,0.000000,0.000000,1.000000,1.000000,1.000000,1.000000,0.000000,0.000000,0.000000,-0.338438,10.494566
56.148579,3.000000,295.673218,-5.254008,702.494327,3.564832,7.955760,211.980026,211.819092,220.869167,8.464432,0.442942,8.623996,-0.940786,-0.474384,-0.617683,-8.294761,0.022498,0.003212,-0.000173,0.105000,0.105000,0.180550,83460.992188,1.066625,0.000000,0.000000,1.000000,1.000000,1.000000,1.000000,0.000000,0.000000,0.000000,-0.316647,10.321678
56.200212,3.000000,301.266113,-5.262207,702.446475,3.503309,7.805324,211.730011,211.593689,220.633973,8.473213,0.442762,8.622860,-0.920789,-0.464796,-0.615377,-8.441235,0.022279,0.003241,-0.000172,0.105000,0.105000,0.161602,83460.992188,1.064961,0.000000,0.000000,1.000000,1.000000,1.000000,1.000000,0.000000,0.000000,0.000000,-0.296653,10.080478
56.253683,3.000000,307.512451,-5.271317,702.398026,3.460645,7.640869,211.471970,211.342194,220.371520,8.481314,0.442576,8.621158,-0.899384,-0.454532,-0.612866,-8.604820,0.022042,0.003275,-0.000171,0.105000,0.105000,0.143230,83460.992188,1.062647,0.000000,0.000000,1.000000,1.000000,1.000000,1.000000,0.000000,0.000000,0.000000,-0.276923,9.916023
56.305370,3.000000,313.411713,-5.279875,702.352206,3.416273,7.488803,211.223511,211.104935,220.123927,8.488244,0.442395,8.619159,-0.880297,-0.445387,-0.610552,-8.759316,0.022024,0.003303,-0.000170,0.105000,0.105000,0.126786,83460.992188,1.060367,0.000000,0.000000,1.000000,1.000000,1.000000,1.000000,0.000000,0.000000,0.000000,-0.258970,9.763958
56.363593,3.000000,319.723419,-5.288984,702.301713,3.370740,7.329409,210.944412,210.851364,219.859279,8.495086,0.442192,8.616662,-0.861221,-0.436260,-0.608135,-8.924614,0.022239,0.003333,-0.000170,0.105000,0.105000,0.110099,83460.992188,1.057501,0.000000,0.000000,1.000000,1.000000,1.000000,1.000000,0.000000,0.000000,0.000000,-0.240226,9.604563
56.419140,3.000000,326.114746,-5.298157,702.254556,3.326429,7.171206,210.679382,210.594925,219.591636,8.500769,0.441999,8.614228,-0.843487,-0.427798,-0.605744,-9.091995,0.022556,0.003362,-0.000170,0.105000,0.105000,0.096182,83460.992188,1.054656,0.000000,0.000000,1.000000,1.000000,1.000000,1.000000,0.000000,0.000000,0.000000,-0.223940,9.413121
56.470553,3.000000,331.867645,-5.306372,702.211718,3.285902,7.031319,210.435318,210.364380,219.351013,8.505395,0.441824,8.611980,-0.828797,-0.420809,-0.603635,-9.242657,0.022968,0.003390,-0.000170,0.105000,0.105000,0.085135,83460.992188,1.051987,0.000000,0.000000,1.000000,1.000000,1.000000,1.000000,0.000000,0.000000,0.000000,-0.210157,9.273234
56.522700,3.000000,337.727356,-5.314697,702.168993,3.250013,6.891076,210.188690,210.129868,219.106194,8.509557,0.441649,8.609900,-0.815262,-0.414399,-0.601527,-9.396115,0.023511,0.003414,-0.000170,0.105000,0.105000,0.075807,83460.992188,1.049054,0.000000,0.000000,1.000000,1.000000,1.000000,1.000000,0.000000,0.000000,0.000000,-0.197650,9.132991
56.577418,3.000000,343.872925,-5.323384,702.124867,3.200574,6.746164,209.930832,209.884247,218.849792,8.513458,0.441466,8.607939,-0.802474,-0.408377,-0.599353,-9.557058,0.024155,0.003445,-0.000170,0.105000,0.105000,0.068084,83460.992188,1.046474,0.000000,0.000000,1.000000,1.000000,1.000000,1.000000,0.000000,0.000000,0.000000,-0.185903,8.988080
56.629304,3.000000,349.760651,-5.331664,702.083624,3.149549,6.609200,209.687378,209.649216,218.604438,8.516826,0.441293,8.606367,-0.791480,-0.403235,-0.597302,-9.711249,0.024814,0.003477,-0.000170,0.105000,0.105000,0.062649,83460.992188,1.044074,0.000000,0.000000,1.000000,1.000000,1.000000,1.000000,0.000000,0.000000,0.000000,-0.176014,8.899807
56.680021,3.000000,355.464172,-5.339644,702.043812,3.115308,6.478065,209.450439,209.421860,218.367078,8.519889,0.441126,8.605212,-0.782023,-0.398850,-0.595340,-9.860616,0.025499,0.003503,-0.000170,0.105000,0.105000,0.059022,83460.992188,1.041539,0.000000,0.000000,1.000000,1.000000,1.000000,1.000000,0.000000,0.000000,0.000000,-0.167553,8.768673
56.735326,3.000000,361.594666,-5.348180,702.000889,3.077650,6.338577,209.193146,209.177902,218.112323,8.523080,0.440948,8.604530,-0.773271,-0.394847,-0.593255,-10.021164,0.026294,0.003530,-0.000171,0.105000,0.105000,0.056971,83460.992188,1.038770,0.000000,0.000000,1.000000,1.000000,1.000000,1.000000,0.000000,0.000000,0.000000,-0.159777,8.629185
56.790365,3.000000,367.824036,-5.356807,701.958608,3.029066,6.198155,208.937820,208.930267,217.853800,8.526196,0.440775,8.604440,-0.765725,-0.391458,-0.591157,-10.184300,0.027167,0.003562,-0.000172,0.105000,0.105000,0.056667,83460.992188,1.036598,0.000000,0.000000,1.000000,1.000000,1.000000,1.000000,0.000000,0.000000,0.000000,-0.153325,8.467893
56.843596,3.000000,373.654816,-5.364841,701.918067,2.983045,6.067717,208.691910,208.698868,217.612154,8.529241,0.440604,8.604889,-0.759640,-0.388779,-0.589207,-10.336998,0.027905,0.003593,-0.000172,0.105000,0.105000,0.058003,83460.992188,1.034640,0.000000,0.000000,1.000000,1.000000,1.000000,1.000000,0.000000,0.000000,0.000000,-0.148081,8.337455
56.901441,3.000000,380.085388,-5.373654,701.874341,2.942457,5.924793,208.425537,208.443985,217.345994,8.532676,0.440419,8.606116,-0.754103,-0.386417,-0.587070,-10.505403,0.028756,0.003622,-0.000173,0.105000,0.105000,0.060931,83460.992188,1.032344,0.000000,0.000000,1.000000,1.000000,1.000000,1.000000,0.000000,0.000000,0.000000,-0.143599,8.194531
56.955709,3.000000,386.086639,-5.381835,701.833564,2.901258,5.792088,208.176651,208.206406,217.097897,8.536095,0.440249,8.608052,-0.750090,-0.384800,-0.585083,-10.662563,0.029556,0.003651,-0.000174,0.105000,0.105000,0.065137,83460.992188,1.030427,0.000000,0.000000,1.000000,1.000000,1.000000,1.000000,0.000000,0.000000,0.000000,-0.140548,8.061825
57.008748,3.000000,392.109100,-5.390003,701.793888,2.863904,5.659387,207.934357,207.968292,216.849236,8.539689,0.440083,8.610647,-0.746978,-0.383643,-0.583093,-10.820280,0.030398,0.003681,-0.000175,0.105000,0.105000,0.070413,83460.992188,1.028630,0.000000,0.000000,1.000000,1.000000,1.000000,1.000000,0.000000,0.000000,0.000000,-0.138449,7.904385
57.065125,3.000000,398.316864,-5.398378,701.751855,2.823926,5.522937,207.677383,207.723160,216.593220,8.543853,0.439911,8.614205,-0.744678,-0.382914,-0.581044,-10.982848,0.031182,0.003709,-0.000175,0.105000,0.105000,0.077076,83460.992188,1.027021,0.000000,0.000000,1.000000,1.000000,1.000000,1.000000,0.000000,0.000000,0.000000,-0.137110,7.767935
57.118097,3.000000,404.319977,-5.406435,701.712450,2.795728,5.391160,207.436813,207.486389,216.345938,8.548131,0.439748,8.618335,-0.743265,-0.382624,-0.579060,-11.140058,0.031997,0.003738,-0.000176,0.105000,0.105000,0.084283,83460.992188,1.025184,0.000000,0.000000,1.000000,1.000000,1.000000,1.000000,0.000000,0.000000,0.000000,-0.136671,7.636158
57.171619,3.000000,410.197754,-5.414284,701.672678,2.745618,5.262156,207.194412,207.254822,216.104070,8.552868,0.439586,8.623304,-0.742701,-0.382762,-0.577112,-11.293983,0.032714,0.003764,-0.000177,0.105000,0.105000,0.092375,83460.992188,1.024279,0.000000,0.000000,1.000000,1.000000,1.000000,1.000000,0.000000,0.000000,0.000000,-0.136972,7.507154
57.223959,3.000000,416.080048,-5.422099,701.633799,2.697401,5.132977,206.958038,207.023300,215.862276,8.557935,0.439425,8.628776,-0.742504,-0.383089,-0.575157,-11.448028,0.033408,0.003795,-0.000178,0.105000,0.105000,0.100863,83460.992188,1.023587,0.000000,0.000000,1.000000,1.000000,1.000000,1.000000,0.000000,0.000000,0.000000,-0.137609,7.407428
57.278600,3.000000,422.162231,-5.430138,701.593212,2.652357,4.999271,206.711731,206.784164,215.612533,8.563710,0.439253,8.635084,-0.742547,-0.383555,-0.573127,-11.607306,0.033999,0.003830,-0.000179,0.105000,0.105000,0.110018,83460.992188,1.023120,0.000000,0.000000,1.000000,1.000000,1.000000,1.000000,0.000000,0.000000,0.000000,-0.138487,7.273723
57.333460,3.000000,428.159882,-5.438025,701.552448,2.624891,4.867245,206.464905,206.548660,215.366482,8.570020,0.439077,8.642138,-0.742932,-0.384192,-0.571117,-11.764370,0.034471,0.003857,-0.000180,0.105000,0.105000,0.119395,83460.992188,1.022132,0.000000,0.000000,1.000000,1.000000,1.000000,1.000000,0.000000,0.000000,0.000000,-0.139766,7.141696
57.384641,3.000000,433.923553,-5.445565,701.514381,2.599317,4.740126,206.235214,206.322418,215.130190,8.576373,0.438915,8.649425,-0.743772,-0.385049,-0.569175,-11.915307,0.035040,0.003882,-0.000180,0.105000,0.105000,0.128320,83460.992188,1.021142,0.000000,0.000000,1.000000,1.000000,1.000000,1.000000,0.000000,0.000000,0.000000,-0.141423,7.014577
57.439161,3.000000,440.030853,-5.453515,701.473767,2.567640,4.605082,205.991150,206.082947,214.880046,8.583650,0.438744,8.657903,-0.745115,-0.386193,-0.567105,-12.075242,0.035619,0.003908,-0.000181,0.105000,0.105000,0.138063,83460.992188,1.020540,0.000000,0.000000,1.000000,1.000000,1.000000,1.000000,0.000000,0.000000,0.000000,-0.143586,6.857454
57.494052,3.000000,445.843658,-5.461041,701.432794,2.532117,4.476156,205.745453,205.855164,214.642123,8.591517,0.438571,8.667104,-0.746646,-0.387416,-0.565122,-12.227465,0.035937,0.003934,-0.000182,0.105000,0.105000,0.147731,83460.992188,1.020364,0.000000,0.000000,1.000000,1.000000,1.000000,1.000000,0.000000,0.000000,0.000000,-0.145994,6.728528
57.551116,3.000000,452.264496,-5.469311,701.390104,2.477430,4.333277,205.490707,205.603760,214.379507,8.600248,0.438383,8.677231,-0.748368,-0.388785,-0.562917,-12.395610,0.036453,0.003970,-0.000183,0.105000,0.105000,0.157825,83460.992188,1.020408,0.000000,0.000000,1.000000,1.000000,1.000000,1.000000,0.000000,0.000000,0.000000,-0.148506,6.585649
57.602732,3.000000,457.953491,-5.476600,701.351413,2.437391,4.206282,205.260498,205.381149,214.146997,8.608639,0.438209,8.686777,-0.749717,-0.389908,-0.560950,-12.544590,0.036730,0.003999,-0.000183,0.105000,0.105000,0.166617,83460.992188,1.020754,0.000000,0.000000,1.000000,1.000000,1.000000,1.000000,0.000000,0.000000,0.000000,-0.150571,6.481223
57.661128,3.000000,464.240356,-5.484613,701.307566,2.368970,4.065548,205.000412,205.135376,213.890254,8.618660,0.438002,8.697924,-0.750922,-0.391004,-0.558762,-12.709227,0.036814,0.004037,-0.000183,0.105000,0.105000,0.176101,83460.992188,1.021838,0.000000,0.000000,1.000000,1.000000,1.000000,1.000000,0.000000,0.000000,0.000000,-0.152552,6.340489
57.716523,3.000000,470.348480,-5.492355,701.265936,2.295362,3.928516,204.753723,204.896744,213.640985,8.628651,0.437790,8.708536,-0.751296,-0.391655,-0.556626,-12.869182,0.036815,0.004082,-0.000184,0.105000,0.105000,0.184082,83460.992188,1.023502,0.000000,0.000000,1.000000,1.000000,1.000000,1.000000,0.000000,0.000000,0.000000,-0.153571,6.203457
57.772593,3.000000,476.470001,-5.500071,701.223818,2.209363,3.791061,204.504242,204.657745,213.391375,8.639182,0.437558,8.719128,-0.750621,-0.391761,-0.554476,-13.029488,0.036548,0.004129,-0.000184,0.105000,0.105000,0.190963,83460.992188,1.025674,0.000000,0.000000,1.000000,1.000000,1.000000,1.000000,0.000000,0.000000,0.000000,-0.153510,6.066002
57.827320,3.000000,482.551453,-5.507695,701.182796,2.127454,3.654605,204.260986,204.420441,213.143560,8.649788,0.437311,8.729090,-0.748621,-0.391172,-0.552338,-13.188744,0.036111,0.004179,-0.000183,0.105000,0.105000,0.196133,83460.992188,1.028154,0.000000,0.000000,1.000000,1.000000,1.000000,1.000000,0.000000,0.000000,0.000000,-0.152104,5.610445
57.878243,3.000000,488.223816,-5.514768,701.144771,2.042371,3.527643,204.034973,204.199280,212.912607,8.659863,0.437059,8.737843,-0.745364,-0.389892,-0.550344,-13.337287,0.035477,0.004230,-0.000183,0.105000,0.105000,0.199289,83460.992188,1.030912,0.000000,0.000000,1.000000,1.000000,1.000000,1.000000,0.000000,0.000000,0.000000,-0.149417,5.483484
57.928444,3.000000,493.600647,-5.521438,701.107494,1.982679,3.407807,203.812378,203.989792,212.693829,8.669901,0.436790,8.745855,-0.740899,-0.387955,-0.548461,-13.478090,0.034552,0.004277,-0.000182,0.105000,0.105000,0.200548,83460.992188,1.033161,0.000000,0.000000,1.000000,1.000000,1.000000,1.000000,0.000000,0.000000,0.000000,-0.145397,5.363647
57.980386,3.000000,499.271637,-5.528437,701.069203,1.928724,3.282161,203.582153,203.768906,212.463173,8.680299,0.436497,8.753652,-0.735202,-0.385390,-0.546485,-13.626597,0.033619,0.004317,-0.000181,0.105000,0.105000,0.199807,83460.992188,1.035130,0.000000,0.000000,1.000000,1.000000,1.000000,1.000000,0.000000,0.000000,0.000000,-0.140280,5.238001
58.030539,3.000000,504.668854,-5.535064,701.032546,1.852308,3.163440,203.360077,203.558762,212.243802,8.690256,0.436197,8.760534,-0.728790,-0.382424,-0.544618,-13.767935,0.032645,0.004361,-0.000181,0.105000,0.105000,0.197266,83460.992188,1.037622,0.000000,0.000000,1.000000,1.000000,1.000000,1.000000,0.000000,0.000000,0.000000,-0.134278,4.693770
58.087482,3.000000,510.975922,-5.542767,700.991386,1.774976,3.026033,203.108307,203.313354,211.987637,8.701331,0.435830,8.767215,-0.719554,-0.378034,-0.542458,-13.933098,0.031404,0.004420,-0.000179,0.105000,0.105000,0.192047,83460.992188,1.040417,0.000000,0.000000,1.000000,1.000000,1.000000,1.000000,0.000000,0.000000,0.000000,-0.125757,4.556363
58.138847,3.000000,516.319641,-5.549257,700.954754,1.708448,2.910980,202.880981,203.105560,211.770699,8.711007,0.435479,8.772278,-0.710546,-0.373684,-0.540651,-14.073034,0.030175,0.004471,-0.000178,0.105000,0.105000,0.185192,83460.992188,1.042622,0.000000,0.000000,1.000000,1.000000,1.000000,1.000000,0.000000,0.000000,0.000000,-0.116858,4.441310
58.198082,3.000000,522.776062,-5.557054,700.913163,1.648206,2.773880,202.619370,202.854660,211.508839,8.721658,0.435053,8.776945,-0.698355,-0.367727,-0.538503,-14.242108,0.028787,0.004526,-0.000177,0.105000,0.105000,0.174919,83460.992188,1.044370,0.000000,0.000000,1.000000,1.000000,1.000000,1.000000,0.000000,0.000000,0.000000,-0.105354,4.304209
58.253627,3.000000,528.858337,-5.564356,700.874857,1.563734,2.646836,202.374603,202.618484,211.262300,8.731025,0.434633,8.780100,-0.685798,-0.361537,-0.536516,-14.401384,0.027510,0.004581,-0.000175,0.105000,0.105000,0.163207,83460.992188,1.046894,0.000000,0.000000,1.000000,1.000000,1.000000,1.000000,0.000000,0.000000,0.000000,-0.093453,3.770788
58.306517,3.000000,534.791199,-5.571438,700.839075,1.508863,2.525120,202.142090,202.388245,211.022033,8.739287,0.434209,8.781771,-0.672169,-0.354756,-0.534620,-14.556747,0.026189,0.004637,-0.000173,0.105000,0.105000,0.150211,83460.992188,1.048523,0.000000,0.000000,1.000000,1.000000,1.000000,1.000000,0.000000,0.000000,0.000000,-0.080869,3.649072
58.365930,3.000000,540.722351,-5.578477,700.799755,1.420362,2.405825,201.881165,202.158279,210.782078,8.747683,0.433710,8.782208,-0.657644,-0.347485,-0.532768,-14.712066,0.024825,0.004699,-0.000171,0.105000,0.105000,0.133700,83460.992188,1.050705,0.000000,0.000000,1.000000,1.000000,1.000000,1.000000,0.000000,0.000000,0.000000,-0.065714,3.529777
58.421925,3.000000,547.162903,-5.586074,700.763608,1.337110,2.279233,201.636063,201.908813,210.521805,8.754645,0.433210,8.780905,-0.640393,-0.338788,-0.530812,-14.880724,0.023330,0.004767,-0.000170,0.105000,0.105000,0.116281,83460.992188,1.053091,0.000000,0.000000,1.000000,1.000000,1.000000,1.000000,0.000000,0.000000,0.000000,-0.050019,2.977015
58.476372,3.000000,553.092346,-5.593027,700.729377,1.276929,2.165630,201.398392,201.679443,210.282473,8.760426,0.432698,8.778086,-0.623329,-0.330136,-0.529067,-15.035996,0.021896,0.004831,-0.000168,0.105000,0.105000,0.097625,83460.992188,1.054365,0.000000,0.000000,1.000000,1.000000,1.000000,1.000000,0.000000,0.000000,0.000000,-0.033733,2.863412
58.530860,3.000000,559.027649,-5.599946,700.696066,1.217237,2.054912,201.161224,201.450089,210.043185,8.765155,0.432167,8.773924,-0.605667,-0.321148,-0.527378,-15.191423,0.020564,0.004889,-0.000166,0.105000,0.105000,0.077576,83460.992188,1.055149,0.000000,0.000000,1.000000,1.000000,1.000000,1.000000,0.000000,0.000000,0.000000,-0.016932,2.752694
58.589403,3.000000,565.180664,-5.607077,700.661358,1.141065,1.943389,200.907455,201.212677,209.795459,8.768982,0.431575,8.767833,-0.586754,-0.311487,-0.525690,-15.352551,0.019303,0.004955,-0.000164,0.105000,0.105000,0.054730,83460.992188,1.056365,0.000000,0.000000,1.000000,1.000000,1.000000,1.000000,0.000000,0.000000,0.000000,0.001764,2.641171
58.645908,3.000000,571.437744,-5.614285,700.628960,1.068006,1.833535,200.663498,200.971527,209.543921,8.771377,0.430981,8.760301,-0.566826,-0.301269,-0.524041,-15.516403,0.017995,0.005025,-0.000162,0.105000,0.105000,0.031665,83460.992188,1.057269,0.000000,0.000000,1.000000,1.000000,1.000000,1.000000,0.000000,0.000000,0.000000,0.020436,2.064795
58.700435,3.000000,577.336792,-5.621039,700.598755,0.992933,1.733358,200.429031,200.744568,209.307169,8.772424,0.430383,8.751416,-0.547412,-0.291280,-0.522553,-15.670880,0.016803,0.005097,-0.000160,0.105000,0.105000,0.008530,83460.992188,1.058469,0.000000,0.000000,1.000000,1.000000,1.000000,1.000000,0.000000,0.000000,0.000000,0.039074,1.964618
58.752873,3.000000,583.020508,-5.627511,700.570710,0.940809,1.640054,200.204544,200.526245,209.079434,8.772225,0.429788,8.741592,-0.528461,-0.281502,-0.521182,-15.819717,0.015742,0.005160,-0.000158,0.105000,0.105000,-0.014322,83460.992188,1.057985,0.000000,0.000000,1.000000,1.000000,1.000000,1.000000,0.000000,0.000000,0.000000,0.057094,1.871314
58.803465,3.000000,588.225281,-5.633405,700.544587,0.901746,1.557395,199.988663,200.326675,208.871246,8.770885,0.429201,8.731009,-0.511171,-0.272564,-0.519981,-15.956014,0.014976,0.005215,-0.000157,0.105000,0.105000,-0.036559,83460.992188,1.057010,0.000000,0.000000,1.000000,1.000000,1.000000,1.000000,0.000000,0.000000,0.000000,0.074359,1.788655
58.857728,3.000000,594.050049,-5.639965,700.517562,0.832654,1.467997,199.758041,200.103668,208.638632,8.768199,0.428565,8.718694,-0.492400,-0.262848,-0.518698,-16.108545,0.014265,0.005274,-0.000155,0.105000,0.105000,-0.060181,83460.992188,1.056647,0.000000,0.000000,1.000000,1.000000,1.000000,1.000000,0.000000,0.000000,0.000000,0.092313,1.352908
58.916492,3.000000,600.073120,-5.646709,700.489442,0.771558,1.378947,199.509369,199.873550,208.398617,8.763853,0.427859,8.703965,-0.473072,-0.252821,-0.517437,-16.266268,0.013684,0.005349,-0.000154,0.105000,0.105000,-0.085437,83460.992188,1.055693,0.000000,0.000000,1.000000,1.000000,1.000000,1.000000,0.000000,0.000000,0.000000,0.111622,1.263858
58.968813,3.000000,606.039001,-5.653350,700.465385,0.703992,1.294104,199.289444,199.646133,208.161391,8.758750,0.427213,8.689760,-0.454265,-0.243047,-0.516255,-16.422495,0.012980,0.005420,-0.000152,0.105000,0.105000,-0.107547,83460.992188,1.055301,0.000000,0.000000,1.000000,1.000000,1.000000,1.000000,0.000000,0.000000,0.000000,0.128509,1.179014
59.027394,3.000000,612.127014,-5.660088,700.439537,0.641187,1.210929,199.044373,199.414581,207.919863,8.751673,0.426474,8.672693,-0.435420,-0.233235,-0.515116,-16.581919,0.012550,0.005495,-0.000151,0.105000,0.105000,-0.131719,83460.992188,1.054250,0.000000,0.000000,1.000000,1.000000,1.000000,1.000000,0.000000,0.000000,0.000000,0.146997,1.095840
59.083493,3.000000,618.250183,-5.666824,700.415824,0.587781,1.130661,198.811218,199.182297,207.677550,8.743593,0.425750,8.655326,-0.416979,-0.223618,-0.514036,-16.742264,0.012100,0.005569,-0.000150,0.105000,0.105000,-0.154172,83460.992188,1.052748,0.000000,0.000000,1.000000,1.000000,1.000000,1.000000,0.000000,0.000000,0.000000,0.164140,0.591846
59.137454,3.000000,623.916199,-5.673022,700.393936,0.539258,1.059294,198.588425,198.967834,207.453834,8.734659,0.425043,8.637941,-0.400773,-0.215159,-0.513095,-16.890636,0.011949,0.005632,-0.000149,0.105000,0.105000,-0.174924,83460.992188,1.050804,0.000000,0.000000,1.000000,1.000000,1.000000,1.000000,0.000000,0.000000,0.000000,0.179697,0.520480
59.193253,3.000000,629.919250,-5.679552,700.372192,0.502943,0.986564,198.359390,198.741165,207.217438,8.724279,0.424310,8.619487,-0.384782,-0.206810,-0.512154,-17.047836,0.011934,0.005693,-0.000149,0.105000,0.105000,-0.195064,83460.992188,1.047781,0.000000,0.000000,1.000000,1.000000,1.000000,1.000000,0.000000,0.000000,0.000000,0.194512,0.447749
59.245688,3.000000,635.465027,-5.685552,700.352495,0.497877,0.921751,198.145630,198.532333,206.999566,8.713550,0.423629,8.602242,-0.371826,-0.200057,-0.511332,-17.193060,0.012300,0.005729,-0.000149,0.105000,0.105000,-0.212288,83460.992188,1.042816,0.000000,0.000000,1.000000,1.000000,1.000000,1.000000,0.000000,0.000000,0.000000,0.206406,0.012556
59.303058,3.000000,641.485840,-5.692030,700.331614,0.473707,0.853531,197.913147,198.306107,206.763570,8.700850,0.422913,8.583950,-0.360599,-0.194237,-0.510481,-17.350723,0.013211,0.005761,-0.000149,0.105000,0.105000,-0.228333,83460.992188,1.037990,0.000000,0.000000,1.000000,1.000000,1.000000,1.000000,0.000000,0.000000,0.000000,0.216550,0.000000
59.355612,3.000000,647.307739,-5.698260,700.312953,0.488782,0.789195,197.701736,198.087936,206.535939,8.688500,0.422284,8.568100,-0.352708,-0.190196,-0.509689,-17.503180,0.014469,0.005775,-0.000150,0.105000,0.105000,-0.239846,83460.992188,1.030622,0.000000,0.000000,1.000000,1.000000,1.000000,1.000000,0.000000,0.000000,0.000000,0.222807,0.000000
59.412796,3.000000,653.282532,-5.704619,700.292939,0.478040,0.724153,197.473297,197.864578,206.302880,8.674510,0.421644,8.552437,-0.348648,-0.188219,-0.508894,-17.659637,0.016443,0.005787,-0.000152,0.105000,0.105000,-0.247969,83460.992188,1.024055,0.000000,0.000000,1.000000,1.000000,1.000000,1.000000,0.000000,0.000000,0.000000,0.225648,0.000000
59.466573,4.000000,658.901917,-5.710630,700.274863,0.490980,0.665116,197.259659,197.640991,206.069688,8.659731,0.411899,8.533710,-0.333150,-0.180056,-0.508225,-17.806789,0.075175,-0.002468,0.073547,1.000000,0.166655,-0.257700,83460.992188,0.938700,0.000000,0.000000,1.000000,1.000000,1.000000,1.000000,1.000000,0.000000,0.000000,0.232752,0.000000
59.519002,4.000000,664.558228,-5.717015,700.255943,0.495130,0.602576,197.052505,197.424515,205.843554,8.649207,0.389574,8.542539,-0.371168,-0.200824,-0.507462,-17.954908,0.059106,0.003943,0.066252,1.000000,0.249959,-0.155987,83460.992188,0.964067,0.000000,0.000000,1.000000,1.000000,1.000000,1.000000,1.000000,0.000000,0.000000,0.196858,0.000000
59.569692,4.000000,669.904114,-5.723359,700.236208,0.487257,0.538412,196.853073,197.214615,205.624302,8.643410,0.367486,8.549582,-0.395807,-0.214384,-0.506646,-18.094898,0.046415,0.004180,0.059779,1.000000,0.322563,-0.081379,83460.992188,0.984396,0.000000,0.000000,1.000000,1.000000,1.000000,1.000000,1.000000,0.000000,0.000000,0.173063,0.000000
59.627871,4.000000,675.961792,-5.730868,700.212451,0.468824,0.461846,196.624771,196.971054,205.370021,8.640692,0.344294,8.555746,-0.412792,-0.223860,-0.505653,-18.253527,0.034548,0.003174,0.053193,1.000000,0.397271,-0.018499,83460.992188,1.003531,0.000000,0.000000,1.000000,1.000000,1.000000,1.000000,1.000000,0.000000,0.000000,0.156604,0.000000
59.678033,4.000000,681.121765,-5.737503,700.191551,0.467420,0.000000,196.427750,196.755615,205.145178,8.640725,0.324895,8.554222,-0.416418,-0.226074,-0.496419,-18.388647,0.028312,0.010907,0.046883,1.000000,0.455081,0.008427,83460.992188,1.081851,1.000000,0.000000,1.000000,1.000000,1.000000,1.000000,1.000000,0.000000,0.000000,0.159405,0.000000
59.733883,4.000000,687.035400,-5.745340,700.169413,0.444227,0.000000,196.208450,196.472382,204.849831,8.641137,0.293205,8.539910,-0.388108,-0.211008,-0.497134,-18.543503,0.026386,0.020297,0.037086,1.000000,0.512929,0.008294,83460.992188,1.082143,1.000000,0.000000,1.000000,1.000000,1.000000,1.000000,1.000000,0.000000,0.000000,0.186376,0.000000
59.785660,4.000000,692.516052,-5.752777,700.150292,0.444349,0.000000,196.004791,196.205460,204.571525,8.641557,0.262674,8.526819,-0.362115,-0.197144,-0.497811,-18.687021,0.023698,0.020596,0.028847,1.000000,0.561042,0.010654,83460.992188,1.078928,1.000000,0.000000,1.000000,1.000000,1.000000,1.000000,1.000000,0.000000,0.000000,0.211041,0.000000
59.836640,4.000000,697.844604,-5.760118,700.132694,0.442579,0.000000,195.803497,195.944824,204.299729,8.642159,0.235528,8.515766,-0.339078,-0.184848,-0.498473,-18.826557,0.019987,0.017373,0.022101,1.000000,0.603765,0.016522,83460.992188,1.064871,1.000000,0.000000,1.000000,1.000000,1.000000,1.000000,1.000000,0.000000,0.000000,0.232222,0.000000
59.890785,4.000000,703.808411,-5.768421,700.115120,0.435926,0.000000,195.588699,195.654053,203.996537,8.643189,0.216961,8.504720,-0.315679,-0.172348,-0.499214,-18.982727,0.016003,0.001816,0.018970,1.000000,0.644582,0.020478,83460.992188,1.070512,1.000000,0.000000,1.000000,1.000000,1.000000,1.000000,1.000000,0.000000,0.000000,0.254094,0.000000
59.944227,4.000000,709.320618,-5.776154,700.098653,0.456434,0.000000,195.374939,195.396881,203.728286,8.644753,0.206616,8.502894,-0.306105,-0.167341,-0.499871,-19.127071,0.008666,0.000097,0.016585,1.000000,0.680766,0.040761,83460.992188,1.025616,1.000000,0.000000,1.000000,1.000000,1.000000,1.000000,1.000000,0.000000,0.000000,0.260041,0.000000
59.994644,4.000000,714.532349,-5.783501,700.083228,0.464368,0.033951,195.172028,195.162979,203.484282,8.647324,0.200784,8.505042,-0.305223,-0.167059,-0.501196,-19.263548,0.001264,-0.003967,0.015648,1.000000,0.711510,0.059845,83460.992188,1.032495,0.000000,0.000000,1.000000,1.000000,1.000000,1.000000,1.000000,0.000000,0.000000,0.260579,0.000000
60.045910,4.000000,719.968018,-5.791193,700.067737,0.455030,0.000000,194.964050,194.914246,203.224795,8.650656,0.196513,8.505016,-0.299736,-0.164265,-0.501109,-19.405888,-0.004718,-0.003389,0.014582,1.000000,0.739749,0.068859,83460.992188,1.051954,1.000000,0.000000,1.000000,1.000000,1.000000,1.000000,1.000000,0.000000,0.000000,0.266461,0.000000
60.104418,4.000000,725.951599,-5.799683,700.050748,0.441053,0.000000,194.725067,194.628952,202.927268,8.654617,0.189662,8.501672,-0.285497,-0.156691,-0.501844,-19.562576,-0.010031,-0.002125,0.012931,1.000000,0.768602,0.069549,83460.992188,1.042907,1.000000,0.000000,1.000000,1.000000,1.000000,1.000000,1.000000,0.000000,0.000000,0.279455,0.000000
60.155760,4.000000,731.158691,-5.807077,700.036349,0.457593,0.000000,194.513565,194.383881,202.671667,8.658324,0.186116,8.501586,-0.278163,-0.152858,-0.502477,-19.698929,-0.015870,-0.005695,0.012435,1.000000,0.791277,0.075646,83460.992188,1.042773,0.000000,0.000000,1.000000,1.000000,1.000000,1.000000,1.000000,0.000000,0.000000,0.286067,0.000000
60.210181,4.000000,737.010315,-5.815386,700.021522,0.466505,0.000000,194.287552,194.104828,202.380577,8.662512,0.184608,8.501447,-0.269564,-0.148346,-0.503200,-19.852161,-0.021692,-0.007413,0.011971,1.000000,0.812896,0.079234,83460.992188,1.045175,0.000000,0.000000,1.000000,1.000000,1.000000,1.000000,1.000000,0.000000,0.000000,0.293617,0.000000
60.261760,4.000000,742.423157,-5.823062,700.007926,0.449171,0.000000,194.071671,193.842728,202.107209,8.666570,0.184217,8.500664,-0.260381,-0.143486,-0.503880,-19.993904,-0.026771,-0.008288,0.011562,1.000000,0.831310,0.079777,83460.992188,1.048752,0.000000,0.000000,1.000000,1.000000,1.000000,1.000000,1.000000,0.000000,0.000000,0.302094,0.000000
60.316830,4.000000,748.009888,-5.830969,699.994094,0.445631,0.000000,193.839050,193.568222,201.820954,8.670700,0.182590,8.484849,-0.249552,-0.137714,-0.504595,-20.140200,-0.024726,0.017505,0.007157,1.000000,0.848980,0.039240,83460.992188,1.702426,1.000000,0.000000,1.000000,1.000000,1.000000,1.000000,1.000000,0.000000,0.000000,0.337815,0.000000
60.368458,4.000000,753.180359,-5.838211,699.994805,0.434400,0.000000,193.618927,193.029129,201.259254,8.662576,0.167289,8.251477,0.122667,0.067882,-0.506003,-20.275595,0.025160,-0.005831,0.034379,1.000000,0.863858,-0.250649,83460.992188,1.654230,1.000000,0.000000,1.000000,1.000000,1.000000,1.000000,1.000000,0.000000,0.000000,0.743618,0.000000
60.427450,4.000000,759.206970,-5.846475,700.013766,0.423597,0.000000,193.364624,192.674072,200.887961,8.651474,0.159848,8.113666,0.383094,0.212390,-0.506938,-20.433409,0.001244,0.001397,0.031804,1.000000,0.879071,-0.142010,83460.992188,1.302449,1.000000,0.000000,1.000000,1.000000,1.000000,1.000000,1.000000,0.000000,0.000000,0.970872,0.000000
60.484893,4.000000,765.287720,-5.854704,700.041364,0.403638,0.000000,193.115021,192.361084,200.560788,8.645314,0.152804,8.042719,0.513933,0.285392,-0.507765,-20.592640,-0.016134,-0.002311,0.029367,1.000000,0.892255,-0.081542,83460.992188,1.195698,1.000000,0.000000,1.000000,1.000000,1.000000,1.000000,1.000000,0.000000,0.000000,1.085968,0.000000
60.536549,4.000000,770.687805,-5.861969,700.070664,0.385755,0.000000,192.889816,192.080200,200.267429,8.642087,0.149622,8.003102,0.585879,0.325820,-0.508509,-20.734049,-0.028960,-0.005193,0.027379,1.000000,0.902874,-0.047687,83460.992188,1.128476,1.000000,0.000000,1.000000,1.000000,1.000000,1.000000,1.000000,0.000000,0.000000,1.149844,0.000000
60.587654,4.000000,775.872986,-5.868927,700.101987,0.407423,0.000000,192.666214,191.807541,199.983042,8.640230,0.149720,7.985339,0.620559,0.345596,-0.509232,-20.869829,-0.039546,-0.007835,0.025474,1.000000,0.912350,-0.027497,83460.992188,1.046985,1.000000,0.000000,1.000000,1.000000,1.000000,1.000000,1.000000,0.000000,0.000000,1.176787,0.066735
60.638176,4.000000,781.248352,-5.876145,700.133339,0.418531,0.000000,192.444138,191.522247,199.685872,8.639122,0.149836,7.985987,0.619103,0.345299,-0.509990,-21.010590,-0.048072,-0.006915,0.023948,1.000000,0.920808,-0.017394,83460.992188,1.022883,1.000000,0.000000,1.000000,1.000000,1.000000,1.000000,1.000000,0.000000,0.000000,1.172001,0.173455
60.688876,4.000000,786.338867,-5.882995,700.164516,0.422376,0.000000,192.220016,191.248611,199.400936,8.638330,0.147828,7.988458,0.613169,0.342477,-0.510719,-21.143890,-0.055020,-0.002203,0.022868,1.000000,0.928475,-0.013936,83460.992188,1.015849,1.000000,0.000000,1.000000,1.000000,1.000000,1.000000,1.000000,0.000000,0.000000,1.164485,0.000000
60.744865,4.000000,792.081421,-5.890723,700.198744,0.409254,0.000000,191.970901,190.935791,199.075128,8.637494,0.142996,7.986027,0.612312,0.342558,-0.511554,-21.294266,-0.061207,-0.000579,0.021928,1.000000,0.936081,-0.015255,83460.992188,1.052522,1.000000,0.000000,1.000000,1.000000,1.000000,1.000000,1.000000,0.000000,0.000000,1.165445,0.067572
60.798930,4.000000,797.503357,-5.898000,700.232116,0.414014,0.000000,191.728058,190.636795,198.763557,8.636519,0.138053,7.980971,0.619192,0.346950,-0.512356,-21.436245,-0.066041,-0.001926,0.021093,1.000000,0.942660,-0.019787,83460.992188,1.043311,1.000000,0.000000,1.000000,1.000000,1.000000,1.000000,1.000000,0.000000,0.000000,1.170868,0.174867
60.853014,4.000000,803.001099,-5.905354,700.265616,0.416273,0.000000,191.482986,190.330887,198.444956,8.635225,0.136543,7.980241,0.618945,0.347369,-0.513179,-21.580210,-0.069826,-0.006939,0.020072,1.000000,0.948564,-0.026730,83460.992188,1.027237,1.000000,0.000000,1.000000,1.000000,1.000000,1.000000,1.000000,0.000000,0.000000,1.168012,0.284442
60.903374,4.000000,808.171082,-5.912242,700.296868,0.407789,0.000000,191.252869,190.040771,198.142699,8.633663,0.138300,7.974503,0.623327,0.350362,-0.513962,-21.715591,-0.072648,-0.009383,0.019123,1.000000,0.953512,-0.033741,83460.992188,1.049214,1.000000,0.000000,1.000000,1.000000,1.000000,1.000000,1.000000,0.000000,0.000000,1.173733,0.000000
60.958469,4.000000,813.720703,-5.919587,700.331209,0.425855,0.000000,190.998505,189.727676,197.816564,8.631525,0.142954,7.976013,0.620855,0.349547,-0.514809,-21.860914,-0.074975,-0.012483,0.018054,1.000000,0.958384,-0.042104,83460.992188,0.998491,1.000000,0.000000,1.000000,1.000000,1.000000,1.000000,1.000000,0.000000,0.000000,1.165401,0.097907
61.012159,4.000000,819.180115,-5.926776,700.363759,0.455945,0.927398,190.748154,189.418991,197.495265,8.628995,0.148171,7.984797,0.600519,0.338649,-0.536062,-22.003876,-0.076983,-0.012503,0.017209,1.000000,0.962639,-0.050095,83460.992188,0.993175,0.000000,0.000000,1.000000,1.000000,1.000000,1.000000,1.000000,0.000000,0.000000,1.143554,0.205506
61.066725,4.000000,824.751282,-5.934074,700.395633,0.476087,1.033418,190.490952,189.102478,197.165823,8.625996,0.153285,7.994270,0.577667,0.326306,-0.539296,-22.149763,-0.078777,-0.012830,0.016462,1.000000,0.966519,-0.057937,83460.992188,0.991194,0.000000,0.000000,1.000000,1.000000,1.000000,1.000000,1.000000,0.000000,0.000000,1.119692,0.311526
61.121325,4.000000,830.195435,-5.941154,700.426239,0.500501,1.133079,190.230698,188.791702,196.842299,8.622581,0.158551,8.004150,0.553999,0.313451,-0.542383,-22.292324,-0.080276,-0.013385,0.015805,1.000000,0.969997,-0.065228,83460.992188,0.988885,0.000000,0.000000,1.000000,1.000000,1.000000,1.000000,1.000000,0.000000,0.000000,1.094449,0.177472
61.171405,4.000000,835.237549,-5.947658,700.453099,0.536512,1.221643,189.989197,188.502563,196.541317,8.619117,0.163594,8.013827,0.530586,0.300664,-0.545173,-22.424358,-0.081468,-0.013952,0.015271,1.000000,0.972871,-0.071099,83460.992188,0.985430,0.000000,0.000000,1.000000,1.000000,1.000000,1.000000,1.000000,0.000000,0.000000,1.069691,0.266036
61.223808,4.000000,840.653198,-5.954576,700.479890,0.557935,1.312486,189.734146,188.190674,196.216680,8.615205,0.169097,8.024602,0.503688,0.285895,-0.548088,-22.566174,-0.082552,-0.014547,0.014780,1.000000,0.975581,-0.076368,83460.992188,0.982765,0.000000,0.000000,1.000000,1.000000,1.000000,1.000000,1.000000,0.000000,0.000000,1.042216,0.356879
61.277571,4.000000,846.023315,-5.961356,700.505898,0.566297,1.397898,189.469482,187.880203,195.893468,8.610925,0.174965,8.036041,0.475809,0.270516,-0.550887,-22.706795,-0.083496,-0.015136,0.014330,1.000000,0.978081,-0.080931,83460.992188,0.981073,0.000000,0.000000,1.000000,1.000000,1.000000,1.000000,1.000000,0.000000,0.000000,1.012970,0.442291
61.331464,4.000000,851.608521,-5.968313,700.530407,0.597730,1.481563,189.201294,187.556000,195.555914,8.606418,0.181036,8.048135,0.445438,0.253687,-0.553698,-22.853050,-0.084326,-0.015714,0.013938,1.000000,0.980331,-0.084474,83460.992188,0.977994,0.000000,0.000000,1.000000,1.000000,1.000000,1.000000,1.000000,0.000000,0.000000,0.982265,0.476222
61.389268,4.000000,857.234863,-5.975214,700.554862,0.630689,1.560222,188.910599,187.228134,195.214549,8.601411,0.187739,8.062121,0.412892,0.235562,-0.556418,-23.000381,-0.085136,-0.016327,0.013564,1.000000,0.982487,-0.086982,83460.992188,0.974678,0.000000,0.000000,1.000000,1.000000,1.000000,1.000000,1.000000,0.000000,0.000000,0.947364,0.554881
61.445770,4.000000,862.858643,-5.981994,700.576817,0.645643,1.632779,188.622925,186.899124,194.871953,8.596410,0.194456,8.076614,0.378731,0.216453,-0.559015,-23.147648,-0.085838,-0.016904,0.013250,1.000000,0.984366,-0.088335,83460.992188,0.972534,0.000000,0.000000,1.000000,1.000000,1.000000,1.000000,1.000000,0.000000,0.000000,0.911736,0.627438
61.500272,4.000000,868.349243,-5.988491,700.596109,0.664197,1.697539,188.342545,186.577744,194.537291,8.591522,0.201061,8.091344,0.344058,0.196975,-0.561424,-23.291424,-0.086278,-0.017439,0.012983,1.000000,0.985988,-0.089525,83460.992188,0.969855,0.000000,0.000000,1.000000,1.000000,1.000000,1.000000,1.000000,0.000000,0.000000,0.876078,0.684513
61.551316,4.000000,873.596741,-5.994578,700.612447,0.677137,1.753607,188.077927,186.271103,194.217934,8.586883,0.207333,8.105823,0.309604,0.177542,-0.563602,-23.428835,-0.086463,-0.017920,0.012761,1.000000,0.987352,-0.090610,83460.992188,0.967410,0.000000,0.000000,1.000000,1.000000,1.000000,1.000000,1.000000,0.000000,0.000000,0.841492,0.740581
61.606571,4.000000,878.991211,-6.000703,700.628159,0.691053,1.805014,187.788467,185.956390,193.890153,8.581803,0.214194,8.122136,0.273033,0.156835,-0.565708,-23.570095,-0.086454,-0.018420,0.012545,1.000000,0.988681,-0.091613,83460.992188,0.965051,0.000000,0.000000,1.000000,1.000000,1.000000,1.000000,1.000000,0.000000,0.000000,0.802969,0.791989
61.660471,4.000000,884.473511,-6.006783,700.641450,0.702772,1.850539,187.503555,185.637161,193.557642,8.576805,0.220942,8.138885,0.234394,0.134872,-0.567702,-23.713655,-0.086284,-0.018898,0.012360,1.000000,0.989842,-0.092168,83460.992188,0.962543,0.000000,0.000000,1.000000,1.000000,1.000000,1.000000,1.000000,0.000000,0.000000,0.763993,0.837514
61.716928,4.000000,890.040955,-6.012798,700.653131,0.724012,1.889544,187.202286,185.313705,193.220622,8.571553,0.228052,8.157303,0.193711,0.111657,-0.569570,-23.859446,-0.085966,-0.019386,0.012186,1.000000,0.990930,-0.092207,83460.992188,0.959423,0.000000,0.000000,1.000000,1.000000,1.000000,1.000000,1.000000,0.000000,0.000000,0.721769,0.874210
61.772273,4.000000,895.387329,-6.018417,700.662285,0.734937,1.919880,186.904510,185.003677,192.897632,8.566421,0.235049,8.176264,0.153186,0.088446,-0.571207,-23.999445,-0.085537,-0.019850,0.012034,1.000000,0.991884,-0.091615,83460.992188,0.957045,0.000000,0.000000,1.000000,1.000000,1.000000,1.000000,1.000000,0.000000,0.000000,0.678981,0.904546
61.827579,4.000000,901.061523,-6.024201,700.669070,0.752820,1.944068,186.604218,184.675385,192.555495,8.561336,0.242056,8.196075,0.108769,0.062912,-0.572768,-24.148031,-0.086007,-0.020308,0.011904,1.000000,0.992738,-0.090563,83460.992188,0.954829,0.000000,0.000000,1.000000,1.000000,1.000000,1.000000,1.000000,0.000000,1.000000,0.634953,0.928734
61.887294,4.000000,906.697266,-6.029758,700.673712,0.755262,1.959809,186.277710,184.349777,192.216132,8.555874,0.249638,8.217812,0.063978,0.037070,-0.574135,-24.295609,-0.089231,-0.020806,0.011773,1.000000,0.993559,-0.091132,83460.992188,0.955353,0.000000,0.000000,1.000000,1.000000,1.000000,1.000000,1.000000,0.000000,1.000000,0.587045,0.944475
61.938078,4.000000,911.773804,-6.034596,700.675485,0.743665,1.966863,185.998260,184.056595,191.910508,8.551112,0.256106,8.235721,0.024332,0.014121,-0.575210,-24.428543,-0.093803,-0.021235,0.011676,1.000000,0.994183,-0.095185,83460.992188,0.957746,0.000000,0.000000,1.000000,1.000000,1.000000,1.000000,1.000000,0.000000,1.000000,0.547231,0.950741
61.992291,4.000000,917.196350,-6.039579,700.675237,0.751600,1.967119,185.697998,183.743286,191.583825,8.545652,0.263030,8.253653,-0.016538,-0.009614,-0.576196,-24.570538,-0.100208,-0.021706,0.011582,1.000000,0.994784,-0.104599,83460.992188,0.960488,0.000000,0.000000,1.000000,1.000000,1.000000,1.000000,1.000000,0.000000,1.000000,0.506257,0.950998
62.042738,4.000000,922.152100,-6.043964,700.673106,0.753797,1.961025,185.417221,183.456619,191.284875,8.539957,0.269507,8.268899,-0.052452,-0.030540,-0.576958,-24.700310,-0.107318,-0.022160,0.011501,1.000000,0.995286,-0.119000,83460.992188,0.963712,0.000000,0.000000,1.000000,1.000000,1.000000,1.000000,1.000000,0.000000,1.000000,0.469671,0.944904
62.099003,4.000000,927.593323,-6.048583,700.668656,0.737379,1.947606,185.102249,183.141418,190.956116,8.532539,0.276778,8.283679,-0.089967,-0.052473,-0.577646,-24.842794,-0.116307,-0.022673,0.011415,1.000000,0.995790,-0.142155,83460.992188,0.968442,0.000000,0.000000,1.000000,1.000000,1.000000,1.000000,1.000000,0.000000,1.000000,0.430987,0.953828
62.150624,4.000000,932.798279,-6.052805,700.662790,0.731885,1.928588,184.812241,182.839340,190.641045,8.524387,0.283484,8.294492,-0.123299,-0.072032,-0.578167,-24.979092,-0.125268,-0.023136,0.011344,1.000000,0.996205,-0.170609,83460.992188,0.972702,0.000000,0.000000,1.000000,1.000000,1.000000,1.000000,1.000000,0.000000,1.000000,0.398013,0.934809
62.204089,4.000000,937.836182,-6.056704,700.655027,0.730421,1.904774,184.510651,182.546463,190.335510,8.514187,0.290467,8.302805,-0.153610,-0.089884,-0.578551,-25.111013,-0.135118,-0.023624,0.011271,1.000000,0.996591,-0.207273,83460.992188,0.976334,0.000000,0.000000,1.000000,1.000000,1.000000,1.000000,1.000000,0.000000,1.000000,0.365894,0.910996
62.262729,4.000000,943.571167,-6.060909,700.644677,0.710584,1.871568,184.178864,182.212357,189.986952,8.500486,0.298167,8.308035,-0.185795,-0.108916,-0.578852,-25.261190,-0.146341,-0.024153,0.011197,1.000000,0.996970,-0.256007,83460.992188,0.981096,0.000000,0.000000,1.000000,1.000000,1.000000,1.000000,1.000000,0.000000,1.000000,0.333140,0.877789
62.319407,4.000000,949.150818,-6.064756,700.632989,0.702161,1.833467,183.857330,181.886703,189.647188,8.484278,0.305634,8.308729,-0.214564,-0.126007,-0.579016,-25.407299,-0.157394,-0.024649,0.011131,1.000000,0.997296,-0.311390,83460.992188,0.984758,0.000000,0.000000,1.000000,1.000000,1.000000,1.000000,1.000000,0.000000,1.000000,0.303967,0.805748
62.371415,4.000000,954.225281,-6.068038,700.620904,0.686903,1.794165,183.561554,181.590073,189.337679,8.466438,0.312500,8.305520,-0.239125,-0.140660,-0.579060,-25.540178,-0.167580,-0.025099,0.011074,1.000000,0.997564,-0.368869,83460.992188,0.987665,0.000000,0.000000,1.000000,1.000000,1.000000,1.000000,1.000000,0.000000,1.000000,0.278784,0.766445
62.423041,4.000000,959.202026,-6.071052,700.607703,0.669508,1.751560,183.267593,181.298828,189.033760,8.445604,0.319317,8.298399,-0.261786,-0.154237,-0.579011,-25.670500,-0.177568,-0.025527,0.011019,1.000000,0.997804,-0.431930,83460.992188,0.990176,0.000000,0.000000,1.000000,1.000000,1.000000,1.000000,1.000000,0.000000,1.000000,0.255239,0.723840
62.480944,4.000000,964.830505,-6.074208,700.591546,0.643323,1.698759,182.937408,180.969131,188.689741,8.418145,0.326940,8.285537,-0.286000,-0.168811,-0.578850,-25.817888,-0.188471,-0.025981,0.010963,1.000000,0.998046,-0.509131,83460.992188,0.992527,0.000000,0.000000,1.000000,1.000000,1.000000,1.000000,1.000000,0.000000,1.000000,0.230252,0.671040
62.533741,4.000000,969.967285,-6.076850,700.575637,0.644361,1.646515,182.636658,180.668106,188.375604,8.389065,0.333852,8.269400,-0.307256,-0.181660,-0.578609,-25.952400,-0.197980,-0.026381,0.010917,1.000000,0.998242,-0.584886,83460.992188,0.992556,0.000000,0.000000,1.000000,1.000000,1.000000,1.000000,1.000000,0.000000,1.000000,0.208164,0.610265
62.589243,4.000000,975.535034,-6.079451,700.557710,0.634229,1.585539,182.320938,180.341873,188.035129,8.354057,0.341073,8.248155,-0.330471,-0.195739,-0.578247,-26.098196,-0.207408,-0.026793,0.010874,1.000000,0.998428,-0.669134,83460.992188,0.992117,0.000000,0.000000,1.000000,1.000000,1.000000,1.000000,1.000000,0.000000,1.000000,0.184761,0.549288
62.646987,4.000000,980.829712,-6.081663,700.537728,0.618665,1.523291,181.992905,180.031845,187.711590,8.312535,0.348522,8.221229,-0.352899,-0.209383,-0.577802,-26.236843,-0.216432,-0.027188,0.010829,1.000000,0.998600,-0.760971,83460.992188,0.990668,0.000000,0.000000,1.000000,1.000000,1.000000,1.000000,1.000000,0.000000,1.000000,0.160028,0.487040
62.696990,4.000000,985.742004,-6.083483,700.519304,0.594678,1.461707,181.709549,179.744690,187.411838,8.272214,0.354888,8.193913,-0.374283,-0.222426,-0.577297,-26.365477,-0.223456,-0.027492,0.010797,1.000000,0.998734,-0.843259,83460.992188,0.989371,0.000000,0.000000,1.000000,1.000000,1.000000,1.000000,1.000000,0.000000,1.000000,0.138067,0.425456
62.753489,4.000000,991.199646,-6.085237,700.497195,0.567335,1.388834,181.390366,179.426361,187.079535,8.221639,0.361954,8.158662,-0.398974,-0.237520,-0.576629,-26.508390,-0.230366,-0.027791,0.010769,1.000000,0.998869,-0.938443,83460.992188,0.986644,0.000000,0.000000,1.000000,1.000000,1.000000,1.000000,1.000000,0.000000,1.000000,0.112276,0.396044
62.811860,4.000000,996.777283,-6.086730,700.472828,0.537061,1.309231,181.061905,179.102066,186.740972,8.163691,0.369080,8.117716,-0.426010,-0.254075,-0.575821,-26.654448,-0.236228,-0.028058,0.010747,1.000000,0.998994,-1.038056,83460.992188,0.982551,0.000000,0.000000,1.000000,1.000000,1.000000,1.000000,1.000000,0.000000,1.000000,0.083764,0.316441
62.862944,4.000000,1001.796631,-6.087813,700.450149,0.485914,1.232861,180.776001,178.811447,186.437514,8.108212,0.375131,8.078053,-0.451984,-0.270004,-0.574978,-26.785883,-0.240136,-0.028226,0.010740,1.000000,0.999092,-1.125532,83460.992188,0.979544,0.000000,0.000000,1.000000,1.000000,1.000000,1.000000,1.000000,0.000000,1.000000,0.057324,0.240071
62.919879,4.000000,1007.109192,-6.088368,700.432243,0.438001,0.000000,180.458984,178.486496,186.100197,8.041365,0.293485,7.805057,-0.193859,-0.116017,-0.547218,-26.924997,-0.245937,0.075172,0.018751,1.000000,0.999191,-1.210281,83460.992188,1.972690,1.000000,0.000000,1.000000,1.000000,1.000000,1.000000,1.000000,0.000000,1.000000,0.400056,0.000000
62.969902,4.000000,1011.949158,-6.087582,700.436381,0.427381,0.000000,180.183517,178.182388,185.783213,7.978671,0.254035,7.548100,0.174941,0.104874,-0.548152,-27.051737,-0.251020,0.010162,0.018989,1.000000,0.999268,-1.290703,83460.992188,1.488872,1.000000,0.000000,1.000000,1.000000,1.000000,1.000000,1.000000,0.000000,1.000000,0.722571,0.000000
63.027288,4.000000,1017.349426,-6.085549,700.454506,0.425062,0.000000,179.872833,177.856354,185.442308,7.901531,0.241966,7.366055,0.367320,0.220606,-0.549159,-27.193150,-0.255420,-0.006569,0.018910,1.000000,0.999348,-1.389957,83460.992188,1.245082,1.000000,0.000000,1.000000,1.000000,1.000000,1.000000,1.000000,0.000000,1.000000,0.895605,0.012249
63.080962,4.000000,1022.461731,-6.082865,700.477921,0.411634,0.000000,179.587463,177.553268,185.125709,7.824200,0.237272,7.236880,0.461468,0.277623,-0.550098,-27.327019,-0.257903,-0.009584,0.018799,1.000000,0.999415,-1.482466,83460.992188,1.144417,1.000000,0.000000,1.000000,1.000000,1.000000,1.000000,1.000000,0.000000,1.000000,0.980142,0.085760
63.134403,4.000000,1027.597900,-6.079595,700.504332,0.398878,0.000000,179.308578,177.252731,184.812136,7.742340,0.233586,7.132227,0.504929,0.304284,-0.551032,-27.461515,-0.258346,-0.008626,0.018744,1.000000,0.999474,-1.572220,83460.992188,1.076644,1.000000,0.000000,1.000000,1.000000,1.000000,1.000000,1.000000,0.000000,1.000000,1.016253,0.000000
63.188392,4.000000,1032.667603,-6.075887,700.532540,0.392469,0.000000,179.031784,176.958542,184.505400,7.654882,0.231212,7.029224,0.530300,0.320105,-0.551948,-27.594271,-0.256481,-0.012195,0.018491,1.000000,0.999528,-1.658600,83460.992188,1.066504,1.000000,0.000000,1.000000,1.000000,1.000000,1.000000,1.000000,0.000000,1.000000,1.040257,0.000000
63.242357,4.000000,1037.817993,-6.071644,700.561567,0.388441,0.000000,178.759705,176.662506,184.196840,7.562973,0.227537,6.932478,0.539689,0.326318,-0.552872,-27.729139,-0.252238,-0.006090,0.018582,1.000000,0.999577,-1.738730,83460.992188,1.042967,1.000000,0.000000,1.000000,1.000000,1.000000,1.000000,1.000000,0.000000,1.000000,1.046470,0.056974
63.294073,4.000000,1042.668457,-6.067225,700.589596,0.391553,0.000000,178.503204,176.386063,183.908834,7.471049,0.219535,6.840078,0.541734,0.328067,-0.553738,-27.856153,-0.245954,-0.003787,0.018835,1.000000,0.999619,-1.808144,83460.992188,1.014822,1.000000,0.000000,1.000000,1.000000,1.000000,1.000000,1.000000,0.000000,1.000000,1.045476,0.147311
63.348388,4.000000,1047.856201,-6.062057,700.618490,0.405775,0.000000,178.238037,176.093765,183.604471,7.370932,0.213611,6.751201,0.525191,0.318576,-0.554656,-27.991999,-0.239022,-0.007211,0.018781,1.000000,0.999658,-1.871531,83460.992188,0.975920,1.000000,0.000000,1.000000,1.000000,1.000000,1.000000,1.000000,0.000000,1.000000,1.025145,0.000000
63.403094,4.000000,1052.963013,-6.056550,700.646041,0.421644,0.000000,177.974472,175.809265,183.308412,7.266872,0.210530,6.665547,0.493537,0.299859,-0.555552,-28.125727,-0.232389,-0.008406,0.018619,1.000000,0.999694,-1.926002,83460.992188,0.988684,1.000000,0.000000,1.000000,1.000000,1.000000,1.000000,1.000000,0.000000,1.000000,0.993145,0.000000
63.453834,4.000000,1057.708862,-6.051032,700.670526,0.410902,0.000000,177.733307,175.546249,183.034525,7.167910,0.205115,6.572631,0.479970,0.292053,-0.556383,-28.250000,-0.226486,-0.003192,0.018782,1.000000,0.999723,-1.969448,83460.992188,1.022063,1.000000,0.000000,1.000000,1.000000,1.000000,1.000000,1.000000,0.000000,1.000000,0.981622,0.000000
63.505695,4.000000,1062.572021,-6.044900,700.695345,0.396436,0.000000,177.489777,175.278214,182.755284,7.064663,0.198332,6.469613,0.478550,0.291633,-0.557233,-28.377348,-0.220853,-0.003770,0.018867,1.000000,0.999751,-2.007369,83460.992188,1.024958,1.000000,0.000000,1.000000,1.000000,1.000000,1.000000,1.000000,0.000000,1.000000,0.979625,0.063811
63.564173,4.000000,1068.060303,-6.037354,700.723397,0.387159,0.000000,177.218781,174.977951,182.442394,6.946115,0.189430,6.348523,0.481445,0.293901,-0.558188,-28.521063,-0.215101,0.000159,0.019125,1.000000,0.999778,-2.042691,83460.992188,1.028327,1.000000,0.000000,1.000000,1.000000,1.000000,1.000000,1.000000,0.000000,1.000000,0.981951,0.000000
63.616885,4.000000,1072.908936,-6.030110,700.748648,0.387342,0.000000,176.977539,174.714951,182.168447,6.837677,0.178389,6.243043,0.477212,0.291755,-0.559028,-28.648029,-0.210528,0.002159,0.019464,1.000000,0.999801,-2.068013,83460.992188,1.015259,1.000000,0.000000,1.000000,1.000000,1.000000,1.000000,1.000000,0.000000,1.000000,0.975417,0.000000
63.670541,4.000000,1077.995361,-6.021923,700.774204,0.384290,0.000000,176.734955,174.440750,181.882785,6.726074,0.169319,6.130835,0.476740,0.291924,-0.559906,-28.781223,-0.206267,-0.002890,0.019497,1.000000,0.999821,-2.088958,83460.992188,1.019411,1.000000,0.000000,1.000000,1.000000,1.000000,1.000000,1.000000,0.000000,1.000000,0.974729,0.013835
63.723885,4.000000,1082.981812,-6.013285,700.799389,0.383314,0.000000,176.496643,174.174103,181.605027,6.614143,0.166668,6.024720,0.468951,0.287594,-0.560762,-28.911798,-0.202510,-0.009749,0.019123,1.000000,0.999839,-2.104973,83460.992188,0.990925,1.000000,0.000000,1.000000,1.000000,1.000000,1.000000,1.000000,0.000000,1.000000,0.963708,0.096263
63.777726,4.000000,1087.889771,-6.004202,700.824040,0.375013,0.000000,176.259018,173.912781,181.332890,6.500477,0.168276,5.918379,0.454526,0.279166,-0.561604,-29.040318,-0.199353,-0.010992,0.018664,1.000000,0.999856,-2.115492,83460.992188,1.017131,1.000000,0.000000,1.000000,1.000000,1.000000,1.000000,1.000000,0.000000,1.000000,0.950326,0.000000
63.833080,4.000000,1093.134521,-5.993789,700.849443,0.350294,0.000000,176.017456,173.633713,181.042067,6.383090,0.168987,5.793793,0.463072,0.284872,-0.562506,-29.177656,-0.196266,-0.009488,0.018580,1.000000,0.999871,-2.124189,83460.992188,1.042164,1.000000,0.000000,1.000000,1.000000,1.000000,1.000000,1.000000,0.000000,1.000000,0.960520,0.000000
63.886403,4.000000,1098.128418,-5.983097,700.874537,0.353162,0.000000,175.787521,173.369324,180.766474,6.269630,0.168149,5.673943,0.474307,0.292228,-0.563363,-29.308426,-0.193703,-0.008436,0.018828,1.000000,0.999884,-2.129936,83460.992188,1.023362,1.000000,0.000000,1.000000,1.000000,1.000000,1.000000,1.000000,0.000000,1.000000,0.969408,0.000000
63.941170,4.000000,1103.061890,-5.971777,700.900402,0.368543,0.000000,175.553955,173.109970,180.496250,6.152871,0.162191,5.567540,0.475312,0.293286,-0.564207,-29.437614,-0.191680,0.011703,0.019642,1.000000,0.999896,-2.132061,83460.992188,0.834855,1.000000,0.000000,1.000000,1.000000,1.000000,1.000000,1.000000,0.000000,1.000000,0.951027,0.000000
63.992907,4.000000,1107.949829,-5.960082,700.918745,0.415662,2.735523,175.335663,172.863556,180.240931,6.042861,0.154424,5.573980,0.300530,0.185702,-0.630989,-29.565609,-0.191771,-0.007068,0.019641,1.000000,0.999906,-2.121350,83460.992188,0.647845,0.000000,0.000000,1.000000,1.000000,1.000000,1.000000,1.000000,0.000000,1.000000,0.761194,0.000000
64.043560,4.000000,1112.610718,-5.948770,700.927201,0.442640,2.768413,175.123505,172.631638,180.000012,5.935691,0.156555,5.582009,0.115373,0.071386,-0.632628,-29.687660,-0.190778,-0.014133,0.019312,1.000000,0.999915,-2.110518,83460.992188,0.644587,0.000000,0.000000,1.000000,1.000000,1.000000,1.000000,1.000000,0.000000,1.000000,0.574094,0.000000
64.100274,4.000000,1117.874634,-5.935812,700.925378,0.438550,2.768473,174.886963,172.372421,179.729803,5.816397,0.163056,5.592819,-0.095328,-0.059072,-0.633580,-29.825500,-0.188646,-0.017235,0.018833,1.000000,0.999924,-2.096777,83460.992188,0.642256,0.000000,0.000000,1.000000,1.000000,1.000000,1.000000,1.000000,0.000000,1.000000,0.363465,0.000000
64.159243,4.000000,1123.297607,-5.922247,700.911254,0.442579,0.000000,174.642059,172.107712,179.452831,5.693227,0.167853,5.590840,-0.299445,-0.185844,-0.567487,-29.967506,-0.184840,-0.007912,0.018732,1.000000,0.999933,-2.081958,83460.992188,0.760734,1.000000,0.000000,1.000000,1.000000,1.000000,1.000000,1.000000,0.000000,1.000000,0.167777,0.000000
64.216185,4.000000,1128.707764,-5.908338,700.888621,0.439283,0.000000,174.406021,171.843033,179.175592,5.575093,0.147882,5.546471,-0.436613,-0.271393,-0.568365,-30.109177,-0.180036,0.018757,0.020303,1.000000,0.999940,-2.068380,83460.992188,0.955884,1.000000,0.000000,1.000000,1.000000,1.000000,1.000000,1.000000,0.000000,1.000000,0.048542,0.000000
64.266280,4.000000,1133.331665,-5.895907,700.865955,0.425855,0.000000,174.198639,171.613541,178.935919,5.471722,0.131900,5.453947,-0.456960,-0.284421,-0.569126,-30.230257,-0.175388,0.006735,0.020929,1.000000,0.999946,-2.059007,83460.992188,0.999714,1.000000,0.000000,1.000000,1.000000,1.000000,1.000000,1.000000,0.000000,1.000000,0.030769,0.000000
64.324316,4.000000,1138.291504,-5.881855,700.839030,0.421339,0.000000,173.959061,171.368134,178.679739,5.352617,0.119740,5.340539,-0.466253,-0.290621,-0.569942,-30.360136,-0.170923,0.005568,0.021479,1.000000,0.999952,-2.045871,83460.992188,1.015307,1.000000,0.000000,1.000000,1.000000,1.000000,1.000000,1.000000,0.000000,1.000000,0.021362,0.000000
64.378675,4.000000,1143.451294,-5.866399,700.813702,0.412244,0.000000,173.735565,171.113724,178.414261,5.241809,0.108482,5.228048,-0.464656,-0.290056,-0.570790,-30.495249,-0.167642,0.004465,0.021906,1.000000,0.999957,-2.031822,83460.992188,1.030086,1.000000,0.000000,1.000000,1.000000,1.000000,1.000000,1.000000,0.000000,1.000000,0.023821,0.000000
64.432953,4.000000,1148.496826,-5.850437,700.788765,0.391431,0.000000,173.513931,170.865875,178.155694,5.131953,0.100413,5.112373,-0.456111,-0.285136,-0.571618,-30.627371,-0.165123,0.001275,0.022082,1.000000,0.999961,-2.017026,83460.992188,1.051781,1.000000,0.000000,1.000000,1.000000,1.000000,1.000000,1.000000,0.000000,1.000000,0.032941,0.000000
64.486624,4.000000,1153.370483,-5.834177,700.765019,0.383375,0.000000,173.295853,170.625595,177.905150,5.024123,0.093621,4.992708,-0.436602,-0.273324,-0.572423,-30.754993,-0.169962,0.003716,0.022268,1.000000,0.999965,-2.001796,83460.992188,1.049827,1.000000,0.000000,1.000000,1.000000,1.000000,1.000000,1.000000,0.000000,1.000000,0.051666,0.000000
64.539956,4.000000,1158.209106,-5.817208,700.742482,0.363355,0.000000,173.080688,170.375076,177.643943,4.917818,0.083956,4.872990,-0.415889,-0.260740,-0.573265,-30.881697,-0.191025,0.006446,0.022635,1.000000,0.999968,-1.986046,83460.992188,1.061904,1.000000,0.000000,1.000000,1.000000,1.000000,1.000000,1.000000,0.000000,1.000000,0.072805,0.000000
64.594915,4.000000,1163.241211,-5.798699,700.720560,0.357374,0.000000,172.860428,170.087036,177.343628,4.809115,0.075074,4.749294,-0.391037,-0.245575,-0.574236,-31.013468,-0.225189,0.005763,0.022984,1.000000,0.999972,-1.971368,83460.992188,1.059853,1.000000,0.000000,1.000000,1.000000,1.000000,1.000000,1.000000,0.000000,1.000000,0.096390,0.000000
64.647232,4.000000,1168.012695,-5.780376,700.700798,0.358533,0.000000,172.651917,169.778793,177.022210,4.706347,0.066606,4.634901,-0.371821,-0.233931,-0.575278,-31.138412,-0.265392,0.005313,0.023419,1.000000,0.999975,-1.958663,83460.992188,1.064429,1.000000,0.000000,1.000000,1.000000,1.000000,1.000000,1.000000,0.000000,1.000000,0.114542,0.000000
64.697987,4.000000,1172.693970,-5.761707,700.682651,0.350782,0.000000,172.449966,169.437500,176.666355,4.607255,0.058748,4.524048,-0.351381,-0.221517,-0.576437,-31.260998,-0.307915,0.005552,0.023935,1.000000,0.999977,-1.946833,83460.992188,1.056641,1.000000,0.000000,1.000000,1.000000,1.000000,1.000000,1.000000,0.000000,1.000000,0.132829,0.000000
64.751771,4.000000,1177.462646,-5.742029,700.664308,0.354871,0.000000,172.235214,169.048859,176.261101,4.502964,0.050843,4.411660,-0.336880,-0.212863,-0.577762,-31.385870,-0.353288,0.004240,0.024550,1.000000,0.999979,-1.932027,83460.992188,1.046911,1.000000,0.000000,1.000000,1.000000,1.000000,1.000000,1.000000,0.000000,1.000000,0.145191,0.000000
64.804253,4.000000,1182.200073,-5.721871,700.647109,0.345289,0.000000,172.023895,168.623856,175.817911,4.402009,0.047946,4.301127,-0.322816,-0.204491,-0.579219,-31.509924,-0.393737,-0.001851,0.024920,1.000000,0.999981,-1.916339,83460.992188,1.073197,1.000000,0.000000,1.000000,1.000000,1.000000,1.000000,1.000000,0.000000,1.000000,0.159884,0.000000
64.856715,4.000000,1186.915039,-5.701215,700.631056,0.336317,0.000000,171.809448,168.167648,175.342227,4.301942,0.046315,4.185624,-0.298514,-0.189609,-0.580790,-31.633389,-0.426485,-0.000053,0.025373,1.000000,0.999983,-1.899750,83460.992188,1.082574,1.000000,0.000000,1.000000,1.000000,1.000000,1.000000,1.000000,0.000000,1.000000,0.183701,0.000000
64.914619,4.000000,1192.201782,-5.677368,700.614818,0.329542,0.000000,171.567627,167.629257,174.780913,4.192527,0.044497,4.062070,-0.273030,-0.173980,-0.582655,-31.771828,-0.449021,-0.001194,0.025819,1.000000,0.999985,-1.880752,83460.992188,1.061172,1.000000,0.000000,1.000000,1.000000,1.000000,1.000000,1.000000,0.000000,1.000000,0.205261,0.000000
64.966053,4.000000,1196.836182,-5.655899,700.601235,0.338148,0.000000,171.346741,167.148560,174.279647,4.096222,0.042465,3.959075,-0.260280,-0.166333,-0.584331,-31.893185,-0.454620,0.000258,0.026199,1.000000,0.999986,-1.865722,83460.992188,1.041261,1.000000,0.000000,1.000000,1.000000,1.000000,1.000000,1.000000,0.000000,1.000000,0.215106,0.000000
65.017238,4.000000,1201.273438,-5.634873,700.587994,0.340467,0.000000,171.120255,166.689590,173.800982,4.001092,0.040511,3.864051,-0.258262,-0.165497,-0.585940,-32.009377,-0.457884,-0.000327,0.026478,1.000000,0.999988,-1.852872,83460.992188,1.025402,1.000000,0.000000,1.000000,1.000000,1.000000,1.000000,1.000000,0.000000,1.000000,0.214298,0.000000
65.073815,4.000000,1206.395630,-5.610054,700.573106,0.351514,0.000000,170.861526,166.161987,173.250702,3.896630,0.038463,3.766929,-0.266969,-0.171620,-0.587801,-32.143509,-0.461333,0.001310,0.026698,1.000000,0.999989,-1.840940,83460.992188,1.003008,1.000000,0.000000,1.000000,1.000000,1.000000,1.000000,1.000000,0.000000,1.000000,0.202182,0.000000
65.127393,4.000000,1211.136230,-5.586577,700.558353,0.339429,0.000000,170.607300,165.675446,172.743222,3.798248,0.034856,3.674652,-0.277429,-0.178868,-0.589527,-32.267643,-0.464122,0.000854,0.026933,1.000000,0.999990,-1.833053,83460.992188,1.023556,1.000000,0.000000,1.000000,1.000000,1.000000,1.000000,1.000000,0.000000,1.000000,0.192071,0.000000
65.183505,4.000000,1216.171997,-5.561087,700.542701,0.334913,0.000000,170.331589,165.160004,172.205636,3.695530,0.034803,3.574308,-0.279524,-0.180782,-0.591368,-32.399509,-0.466474,-0.004217,0.026914,1.000000,0.999991,-1.828721,83460.992188,1.013789,1.000000,0.000000,1.000000,1.000000,1.000000,1.000000,1.000000,0.000000,1.000000,0.187806,0.000000
65.241416,4.000000,1221.272217,-5.534679,700.526409,0.326795,0.000000,170.036301,164.639969,171.663260,3.589681,0.038586,3.456371,-0.282301,-0.183154,-0.593236,-32.533066,-0.467789,-0.024073,0.026653,1.000000,0.999992,-1.830987,83460.992188,1.557321,1.000000,0.000000,1.000000,1.000000,1.000000,1.000000,1.000000,0.000000,1.000000,0.205877,0.000000
65.297722,4.000000,1226.196411,-5.508101,700.523742,0.299207,0.000000,169.738678,164.115402,171.117088,3.484598,0.063594,3.101542,0.077453,0.050412,-0.595129,-32.662010,-0.458765,-0.008498,0.026228,1.000000,0.999993,-1.895059,83460.992188,1.569634,1.000000,0.000000,1.000000,1.000000,1.000000,1.000000,1.000000,0.000000,1.000000,0.589017,0.000000
65.349600,4.000000,1230.714722,-5.482446,700.536223,0.286939,0.000000,169.456253,163.642639,170.623326,3.385276,0.061990,2.874800,0.294715,0.192374,-0.596851,-32.780327,-0.456789,0.001135,0.026503,1.000000,0.999994,-1.927444,83460.992188,1.293608,1.000000,0.000000,1.000000,1.000000,1.000000,1.000000,1.000000,0.000000,1.000000,0.782374,0.000000
65.404443,4.000000,1235.473755,-5.454518,700.556808,0.292249,0.000000,169.149109,163.152924,170.112079,3.279052,0.057779,2.707626,0.400334,0.262101,-0.598645,-32.904945,-0.458743,0.001506,0.026605,1.000000,0.999994,-1.943061,83460.992188,1.137217,1.000000,0.000000,1.000000,1.000000,1.000000,1.000000,1.000000,0.000000,1.000000,0.872994,0.000000
65.458255,4.000000,1240.269043,-5.425644,700.580118,0.296400,0.000000,168.839630,162.664108,169.602152,3.174228,0.052787,2.579273,0.443188,0.291030,-0.600445,-33.030514,-0.462017,0.002747,0.026593,1.000000,0.999995,-1.951454,83460.992188,1.051417,1.000000,0.000000,1.000000,1.000000,1.000000,1.000000,1.000000,0.000000,1.000000,0.906183,0.000000
65.512207,4.000000,1244.900146,-5.397160,700.604470,0.293043,0.000000,168.521408,162.194824,169.112899,3.068737,0.047191,2.465652,0.454668,0.299432,-0.602182,-33.151783,-0.465236,0.002886,0.026547,1.000000,0.999996,-1.959082,83460.992188,1.046910,1.000000,0.000000,1.000000,1.000000,1.000000,1.000000,1.000000,0.000000,1.000000,0.915802,0.000000
65.562864,4.000000,1249.441284,-5.368680,700.627884,0.283521,0.000000,168.215714,161.735992,168.634575,2.969231,0.044333,2.358919,0.465289,0.307296,-0.603890,-33.270699,-0.467474,-0.001781,0.026336,1.000000,0.999996,-1.969051,83460.992188,1.038646,1.000000,0.000000,1.000000,1.000000,1.000000,1.000000,1.000000,0.000000,1.000000,0.924197,0.000000
65.615007,4.000000,1253.882935,-5.340307,700.652368,0.279493,0.000000,167.894424,161.288818,168.168442,2.866234,0.043656,2.251811,0.471283,0.312117,-0.605564,-33.387009,-0.469180,-0.001810,0.026017,1.000000,0.999996,-1.980865,83460.992188,1.022747,1.000000,0.000000,1.000000,1.000000,1.000000,1.000000,1.000000,0.000000,1.000000,0.927794,0.000000
65.666144,4.000000,1258.223022,-5.312089,700.676418,0.288038,0.000000,167.572388,160.853485,167.714767,2.764605,0.043623,2.151988,0.469339,0.311670,-0.607201,-33.500656,-0.470424,-0.003400,0.025655,1.000000,0.999997,-1.992767,83460.992188,0.999113,1.000000,0.000000,1.000000,1.000000,1.000000,1.000000,1.000000,0.000000,1.000000,0.922529,0.000000
65.723889,4.000000,1263.177124,-5.279308,700.703102,0.275709,0.000000,167.201370,160.358582,167.199071,2.649093,0.043419,2.041345,0.459673,0.306193,-0.609074,-33.630383,-0.471074,-0.001191,0.025243,1.000000,0.999997,-2.007566,83460.992188,1.010143,1.000000,0.000000,1.000000,1.000000,1.000000,1.000000,1.000000,0.000000,1.000000,0.912370,0.000000
65.775811,4.000000,1267.628784,-5.249328,700.726796,0.271741,0.000000,166.861145,159.915314,166.737061,2.544426,0.043598,1.938852,0.455446,0.304218,-0.610762,-33.746956,-0.470808,-0.003414,0.024859,1.000000,0.999997,-2.023016,83460.992188,1.006073,1.000000,0.000000,1.000000,1.000000,1.000000,1.000000,1.000000,0.000000,1.000000,0.906594,0.000000
65.830914,4.000000,1272.396851,-5.216647,700.751668,0.273084,0.000000,166.491394,159.367035,166.165662,2.430422,0.042425,1.827655,0.450367,0.301860,-0.612862,-33.871811,-0.443305,0.002394,0.025261,1.000000,0.999997,-2.184149,83460.992188,1.006911,1.000000,0.000000,1.000000,1.000000,1.000000,1.000000,1.000000,0.307991,1.000000,0.899099,0.000000
65.882157,4.000000,1276.648315,-5.187078,700.774125,0.280530,0.000000,166.143402,158.723129,165.494618,2.310604,0.035897,1.721698,0.431851,0.290624,-0.615347,-33.983139,-0.391055,0.006807,0.030090,1.000000,0.999997,-2.456493,83460.992188,0.965426,1.000000,0.000000,1.000000,1.000000,1.000000,1.000000,1.000000,0.311578,1.000000,0.874753,0.000000
65.937750,4.000000,1281.242798,-5.154680,700.796849,0.270093,0.000000,165.756653,158.054535,164.797947,2.166977,0.026798,1.598669,0.400569,0.270712,-0.617948,-34.103451,-0.342108,0.007647,0.039062,1.000000,0.999997,-2.682593,83460.992188,0.962461,1.000000,0.000000,1.000000,1.000000,1.000000,1.000000,1.000000,0.315469,1.000000,0.840447,0.000000
65.990136,4.000000,1285.845215,-5.121785,700.816529,0.260328,0.000000,165.382858,157.398270,164.114164,2.021585,0.019694,1.474420,0.366464,0.248695,-0.620522,-34.223969,-0.300961,0.006766,0.048850,1.000000,0.999997,-2.847677,83460.992188,0.962645,1.000000,0.000000,1.000000,1.000000,1.000000,1.000000,1.000000,0.319136,1.000000,0.805900,0.000000
66.047043,4.000000,1290.659668,-5.086932,700.836250,0.262769,0.000000,164.965775,156.721893,163.409262,1.855202,0.010595,1.324733,0.338680,0.230831,-0.623199,-34.350040,-0.260912,0.009031,0.060157,1.000000,0.999997,-2.983407,83460.992188,0.980013,1.000000,0.000000,1.000000,1.000000,1.000000,1.000000,1.000000,0.323120,1.000000,0.777899,0.000000
66.102239,4.000000,1295.380127,-5.052354,700.854174,0.247449,0.000000,164.549713,156.063812,162.723388,1.687537,0.002479,1.169680,0.318226,0.217805,-0.625825,-34.473652,-0.225962,0.006977,0.070982,1.000000,0.999997,-3.079758,83460.992188,0.981928,1.000000,0.000000,1.000000,1.000000,1.000000,1.000000,1.000000,0.326984,1.000000,0.756217,0.000000
66.156521,4.000000,1299.933105,-5.018671,700.870972,0.230665,0.000000,164.129486,155.430206,162.062933,1.518263,-0.004625,1.006250,0.307038,0.211004,-0.628376,-34.592873,-0.194509,0.007824,0.081058,1.000000,0.999997,-3.148280,83460.992188,0.997201,1.000000,0.000000,1.000000,1.000000,1.000000,1.000000,1.000000,0.330783,1.000000,0.744612,0.000000
66.213636,4.000000,1304.611694,-4.983772,700.888052,0.225233,0.000000,163.675217,154.778030,161.383169,1.336913,-0.011870,0.832750,0.294793,0.203442,-0.631022,-34.715389,-0.164479,0.007903,0.090777,1.000000,0.999997,-3.195433,83460.992188,0.993375,1.000000,0.000000,1.000000,1.000000,1.000000,1.000000,1.000000,0.334781,1.000000,0.730028,0.000000
66.267313,4.000000,1309.066040,-4.950351,700.903426,0.225111,0.000000,163.237762,154.152817,160.731493,1.164538,-0.019780,0.668660,0.282014,0.195413,-0.633580,-34.832027,-0.138337,0.010178,0.098729,1.000000,0.999997,-3.222562,83460.992188,0.986162,1.000000,0.000000,1.000000,1.000000,1.000000,1.000000,1.000000,0.338539,1.000000,0.715093,0.000000
66.324586,4.000000,1313.679443,-4.915615,700.918974,0.213575,0.000000,162.759354,153.498962,160.049905,0.979462,-0.030247,0.494035,0.266534,0.185473,-0.636278,-34.952835,-0.112238,0.013682,0.105631,1.000000,0.999997,-3.237007,83460.992188,0.979335,1.000000,0.000000,1.000000,1.000000,1.000000,1.000000,1.000000,0.342548,1.000000,0.696928,0.000000
66.377900,4.000000,1317.997925,-4.883059,700.932694,0.200696,0.000000,162.303375,152.876724,159.401284,0.806661,-0.041867,0.328713,0.254643,0.177919,-0.638867,-35.065918,-0.088597,0.016687,0.110244,1.000000,0.999997,-3.243612,83460.992188,0.979643,1.000000,0.000000,1.000000,1.000000,1.000000,1.000000,1.000000,0.346280,1.000000,0.683319,0.000000
66.432990,4.000000,1322.540894,-4.848841,700.946285,0.198865,0.000000,161.821884,152.208603,158.704821,0.627840,-0.056125,0.154753,0.244803,0.171795,-0.641671,-35.184879,-0.064323,0.017740,0.113237,1.000000,0.999997,-3.246983,83460.992188,0.998501,1.000000,0.000000,1.000000,1.000000,1.000000,1.000000,1.000000,0.350136,1.000000,0.673387,0.000000
66.488936,4.000000,1327.050903,-4.814967,700.959942,0.175672,0.000000,161.322266,151.535400,158.002974,0.446147,-0.066826,-0.027975,0.244600,0.172415,-0.644521,-35.302979,-0.040000,0.013463,0.115522,1.000000,0.999997,-3.246637,83460.992188,1.002815,1.000000,0.000000,1.000000,1.000000,1.000000,1.000000,1.000000,0.354052,1.000000,0.671833,0.000000
66.545898,4.000000,1331.642822,-4.780632,700.974044,0.156080,0.000000,160.802750,150.843903,157.282012,0.261278,-0.075223,-0.219683,0.250727,0.177543,-0.647475,-35.423222,-0.015593,0.012196,0.117722,1.000000,0.999997,-3.243019,83460.992188,1.027990,1.000000,0.000000,1.000000,1.000000,1.000000,1.000000,1.000000,0.358040,1.000000,0.678411,0.000000
66.602004,4.000000,1336.120605,-4.747364,700.988753,0.140272,0.000000,160.280655,150.168976,156.578281,0.079678,-0.082982,-0.413644,0.267239,0.190086,-0.650384,-35.540478,0.006363,0.014948,0.120622,1.000000,0.999997,-3.227861,83460.992188,1.020005,1.000000,0.000000,1.000000,1.000000,1.000000,1.000000,1.000000,0.361967,1.000000,0.692729,0.000000
66.655499,4.000000,1340.480347,-4.715255,701.003378,0.125989,0.000000,159.773605,149.514420,155.895848,-0.092190,-0.093008,-0.591530,0.275624,0.196909,-0.653231,-35.654640,0.023955,0.017870,0.124336,1.000000,0.999997,-3.196227,83460.992188,1.008530,1.000000,0.000000,1.000000,1.000000,1.000000,1.000000,1.000000,0.365712,1.000000,0.698194,0.000000
66.707814,4.000000,1344.652100,-4.684874,701.017967,0.125806,0.000000,159.269150,148.894119,155.249140,-0.258183,-0.103282,-0.761368,0.280228,0.201032,-0.655952,-35.763882,0.037948,0.017425,0.129446,1.000000,0.999997,-3.149984,83460.992188,1.003504,1.000000,0.000000,1.000000,1.000000,1.000000,1.000000,1.000000,0.369374,1.000000,0.700677,0.000000
66.760234,4.000000,1348.871582,-4.654569,701.032889,0.109571,0.000000,158.755432,148.272171,154.600683,-0.421810,-0.110392,-0.930983,0.287326,0.206988,-0.658703,-35.874374,0.049628,0.011496,0.135860,1.000000,0.999997,-3.094290,83460.992188,1.003351,1.000000,0.000000,1.000000,1.000000,1.000000,1.000000,1.000000,0.373043,1.000000,0.706135,0.000000
66.811124,4.000000,1353.010010,-4.625330,701.046383,0.108778,0.000000,158.249313,147.671356,153.974679,-0.577205,-0.091909,-1.035838,0.233271,0.168731,-0.661381,-35.982742,0.054205,-0.061376,0.144449,1.000000,0.999997,-3.006997,83460.992188,0.769847,1.000000,0.000000,1.000000,1.000000,1.000000,1.000000,1.000000,0.376606,1.000000,0.633602,0.000000
66.866633,4.000000,1357.199585,-4.596192,701.054700,0.113477,0.000000,157.688980,147.074753,153.353198,-0.740777,-0.012650,-1.093230,0.103534,0.075192,-0.664061,-36.092449,0.054305,-0.061850,0.154499,1.000000,0.999997,-2.887777,83460.992188,0.648039,1.000000,0.000000,1.000000,1.000000,1.000000,1.000000,1.000000,0.380491,1.000000,0.484938,0.000000
66.917893,4.000000,1361.285034,-4.568255,701.054685,0.115430,0.000000,157.165573,146.498672,152.752657,-0.885828,0.017758,-1.152147,-0.032315,-0.023561,-0.666672,-36.199432,0.070152,-0.019397,0.162938,1.000000,0.999997,-2.784008,83460.992188,0.813700,1.000000,0.000000,1.000000,1.000000,1.000000,1.000000,1.000000,0.384079,1.000000,0.365017,0.000000
66.969772,4.000000,1365.270508,-4.541596,701.050318,0.113416,0.000000,156.630112,145.933212,152.162914,-1.027749,0.024534,-1.250170,-0.099494,-0.072824,-0.669255,-36.303795,0.089398,-0.000698,0.171366,1.000000,0.999997,-2.697841,83460.992188,0.904479,1.000000,0.000000,1.000000,1.000000,1.000000,1.000000,1.000000,0.387711,1.000000,0.303636,0.000000
67.020866,4.000000,1369.303833,-4.515352,701.043908,0.119825,0.000000,156.097900,145.351059,151.555774,-1.163592,0.017890,-1.364333,-0.132903,-0.097667,-0.671936,-36.409412,0.110675,0.011896,0.178236,1.000000,0.999997,-2.627992,83460.992188,0.942143,1.000000,0.000000,1.000000,1.000000,1.000000,1.000000,1.000000,0.391287,1.000000,0.272948,0.000000
67.071347,4.000000,1373.328979,-4.490028,701.036449,0.116407,0.000000,155.567551,144.756744,150.935939,-1.294616,0.008071,-1.480562,-0.153607,-0.113345,-0.674695,-36.514812,0.133364,0.011214,0.183267,1.000000,0.999997,-2.570373,83460.992188,0.948699,1.000000,0.000000,1.000000,1.000000,1.000000,1.000000,1.000000,0.394821,1.000000,0.251825,0.000000
67.125751,4.000000,1377.629639,-4.464036,701.027640,0.099256,0.000000,154.991501,144.099792,150.250851,-1.433130,0.000660,-1.613752,-0.163204,-0.120975,-0.677771,-36.627430,0.161422,0.007279,0.185648,1.000000,0.999997,-2.529694,83460.992188,0.987115,1.000000,0.000000,1.000000,1.000000,1.000000,1.000000,1.000000,0.398629,1.000000,0.243535,0.000000
67.180527,4.000000,1381.786621,-4.440052,701.018899,0.083875,0.000000,154.406418,143.431595,149.554120,-1.571297,-0.002954,-1.757281,-0.156470,-0.116524,-0.680929,-36.736286,0.195795,0.003259,0.183012,1.000000,0.999997,-2.522452,83460.992188,0.998838,1.000000,0.000000,1.000000,1.000000,1.000000,1.000000,1.000000,0.402464,1.000000,0.249584,0.000000
67.235592,4.000000,1385.942871,-4.417260,701.010568,0.083509,0.000000,153.812759,142.713120,148.804935,-1.711151,-0.002506,-1.900713,-0.149474,-0.111875,-0.684356,-36.845119,0.239146,-0.001219,0.172811,1.000000,0.999997,-2.560094,83460.992188,0.974594,1.000000,0.000000,1.000000,1.000000,1.000000,1.000000,1.000000,0.406318,1.000000,0.253081,0.000000
67.287698,4.000000,1389.795776,-4.397216,701.002707,0.076795,0.000000,153.244904,142.025223,148.087621,-1.845587,0.000495,-2.032139,-0.151615,-0.114027,-0.687671,-36.946011,0.281190,-0.002993,0.161781,1.000000,0.999997,-2.595185,83460.992188,0.960032,1.000000,0.000000,1.000000,1.000000,1.000000,1.000000,1.000000,0.409966,1.000000,0.247813,0.000000
67.341994,4.000000,1393.992920,-4.376577,700.994136,0.081739,0.000000,152.646591,141.268921,147.298942,-1.987285,0.003190,-2.165713,-0.160689,-0.121498,-0.691353,-37.055920,0.324082,-0.000356,0.150769,1.000000,0.999997,-2.620679,83460.992188,0.946664,1.000000,0.000000,1.000000,1.000000,1.000000,1.000000,1.000000,0.413766,1.000000,0.235771,0.000000
67.400815,4.000000,1398.384033,-4.356320,700.984390,0.069227,0.000000,151.990860,140.469238,146.465016,-2.142163,0.003073,-2.318580,-0.165452,-0.125812,-0.695289,-37.170902,0.370841,-0.000164,0.139519,1.000000,0.999997,-2.643700,83460.992188,0.979003,1.000000,0.000000,1.000000,1.000000,1.000000,1.000000,1.000000,0.417884,1.000000,0.231778,0.000000
67.450915,4.000000,1402.124146,-4.340161,700.976320,0.059644,0.000000,151.425400,139.780869,145.747212,-2.275028,0.007692,-2.456299,-0.158856,-0.121391,-0.698713,-37.268841,0.410723,-0.009452,0.130667,1.000000,0.999997,-2.659333,83460.992188,0.979533,1.000000,0.000000,1.000000,1.000000,1.000000,1.000000,1.000000,0.421391,1.000000,0.236960,0.000000
67.505543,4.000000,1406.187866,-4.323725,700.968009,0.049329,0.000000,150.800766,139.027466,144.961648,-2.421019,0.018496,-2.610641,-0.148439,-0.114046,-0.702499,-37.375256,0.456726,-0.012308,0.121298,1.000000,0.999997,-2.685787,83460.992188,0.990743,1.000000,0.000000,1.000000,1.000000,1.000000,1.000000,1.000000,0.425215,1.000000,0.246494,0.000000
67.557819,4.000000,1410.168335,-4.308727,700.960786,0.021375,0.000000,150.195694,138.284241,144.186703,-2.562387,0.027589,-2.763600,-0.133105,-0.102814,-0.706274,-37.479488,0.503646,-0.010482,0.112759,1.000000,0.999997,-2.721923,83460.992188,0.998001,1.000000,0.000000,1.000000,1.000000,1.000000,1.000000,1.000000,0.428874,1.000000,0.260162,0.000000
67.614988,4.000000,1414.363525,-4.294082,700.953970,0.018018,0.000000,149.525742,137.495163,143.363959,-2.719491,0.037334,-2.935673,-0.112794,-0.087626,-0.710327,-37.589340,0.558154,-0.013183,0.104126,1.000000,0.999997,-2.772315,83460.992188,0.987651,1.000000,0.000000,1.000000,1.000000,1.000000,1.000000,1.000000,0.432876,1.000000,0.277881,0.000000
67.668037,4.000000,1418.345093,-4.281258,700.948400,0.018690,0.000000,148.895401,136.741211,142.577817,-2.868043,0.047345,-3.089709,-0.102690,-0.080216,-0.714243,-37.693604,0.611151,-0.014030,0.096578,1.000000,0.999997,-2.824868,83460.992188,0.955669,1.000000,0.000000,1.000000,1.000000,1.000000,1.000000,1.000000,0.436589,1.000000,0.283367,0.000000
67.724626,4.000000,1422.349854,-4.269360,700.945405,0.019483,0.000000,148.213776,135.852020,141.650786,-3.003896,0.059906,-3.323441,0.002421,0.001903,-0.718917,-37.798470,0.438599,-0.017045,0.088520,1.000000,0.999997,-1.649503,83460.992188,1.141669,1.000000,1.000000,1.000000,1.000000,1.000000,1.000000,1.000000,0.440551,1.000000,0.405697,0.000000
67.781036,4.000000,1426.520874,-4.257916,700.947927,0.033948,0.000000,147.524902,134.978394,140.739831,-3.062885,0.075829,-3.403290,0.049735,0.039358,-0.723570,-37.907692,0.272736,-0.025107,0.081636,1.000000,0.999997,-0.648429,83460.992188,0.934312,1.000000,1.000000,1.000000,1.000000,1.000000,1.000000,1.000000,0.444499,1.000000,0.429527,0.000000
67.833255,4.000000,1430.209595,-4.248522,700.950047,0.037061,0.000000,146.877502,134.287003,140.018972,-3.084802,0.095754,-3.413764,0.036499,0.029032,-0.727294,-38.004284,0.208887,-0.027758,0.076167,1.000000,0.999997,-0.275118,83460.992188,0.922443,1.000000,1.000000,1.000000,1.000000,1.000000,1.000000,1.000000,0.448155,1.000000,0.412849,0.000000
67.885588,4.000000,1434.084351,-4.239353,700.951341,0.036573,0.000000,146.220718,133.561798,139.262847,-3.094077,0.113805,-3.409450,0.019226,0.015376,-0.731243,-38.105751,0.179464,-0.025981,0.071141,1.000000,0.999997,-0.113536,83460.992188,0.916484,1.000000,1.000000,1.000000,1.000000,1.000000,1.000000,1.000000,0.451818,1.000000,0.393661,0.000000
67.936386,4.000000,1437.594238,-4.231639,700.951777,0.037000,0.000000,145.577057,132.903381,138.576349,-3.097466,0.129570,-3.402788,0.005183,0.004165,-0.734865,-38.197659,0.163245,-0.025704,0.066719,1.000000,0.999997,-0.033938,83460.992188,0.939756,1.000000,1.000000,1.000000,1.000000,1.000000,1.000000,1.000000,0.455374,1.000000,0.379129,0.000000
67.988087,4.000000,1441.301636,-4.224086,700.951797,0.037855,0.000000,144.916138,132.205048,137.848179,-3.098066,0.143597,-3.399477,-0.001010,-0.000816,-0.738746,-38.294743,0.154399,-0.022089,0.062469,1.000000,0.999997,-0.000004,83460.992188,0.954584,1.000000,1.000000,1.000000,1.000000,1.000000,1.000000,1.000000,0.458993,1.000000,0.372297,0.000000
68.041495,4.000000,1445.155151,-4.216855,700.951687,0.037611,0.000000,144.229034,131.475494,137.087471,-3.098010,0.153251,-3.397899,-0.002708,-0.002200,-0.742845,-38.395649,0.150745,-0.019664,0.058410,1.000000,0.999997,0.003389,83460.992188,0.951368,1.000000,1.000000,1.000000,1.000000,1.000000,1.000000,1.000000,0.462732,1.000000,0.368413,0.000000
68.099707,4.000000,1449.068848,-4.210134,700.951572,0.032606,0.000000,143.474411,130.730331,136.310523,-3.097404,0.163371,-3.400481,-0.000455,-0.000372,-0.747079,-38.498135,0.145643,-0.020565,0.054466,1.000000,0.999997,0.012083,83460.992188,0.970977,1.000000,1.000000,1.000000,1.000000,1.000000,1.000000,1.000000,0.466806,1.000000,0.370134,0.000000
68.151137,4.000000,1452.651855,-4.204502,700.951801,0.032667,0.000000,142.802414,130.044235,135.595136,-3.097246,0.172041,-3.405888,0.006344,0.005211,-0.751020,-38.591957,0.145920,-0.019047,0.051201,1.000000,0.999997,-0.006636,83460.992188,0.970339,1.000000,1.000000,1.000000,1.000000,1.000000,1.000000,1.000000,0.470406,1.000000,0.374965,0.000000
68.203705,4.000000,1456.436279,-4.199051,700.952475,0.031995,0.000000,142.113907,129.315247,134.835036,-3.098084,0.178154,-3.414204,0.015761,0.013019,-0.755253,-38.691055,0.145758,-0.016507,0.048095,1.000000,0.999997,-0.022279,83460.992188,0.967255,1.000000,1.000000,1.000000,1.000000,1.000000,1.000000,1.000000,0.474086,1.000000,0.382002,0.000000
68.255094,4.000000,1459.900024,-4.194484,700.953404,0.031873,0.000000,141.438385,128.644470,134.135636,-3.099543,0.182560,-3.417129,0.018341,0.015229,-0.759190,-38.781757,0.144910,-0.016150,0.045346,1.000000,0.999997,-0.033141,83460.992188,0.956451,1.000000,1.000000,1.000000,1.000000,1.000000,1.000000,1.000000,0.477683,1.000000,0.381760,0.000000
68.309772,4.000000,1463.781494,-4.189809,700.954463,0.035779,0.000000,140.717819,127.888405,133.347314,-3.101668,0.186243,-3.421433,0.020441,0.017073,-0.763678,-38.883396,0.143386,-0.015277,0.042650,1.000000,0.999997,-0.040468,83460.992188,0.962125,1.000000,1.000000,1.000000,1.000000,1.000000,1.000000,1.000000,0.481511,1.000000,0.382225,0.000000
68.361490,4.000000,1467.215942,-4.186031,700.955722,0.031019,0.000000,140.033707,127.215401,132.645586,-3.103476,0.191566,-3.429057,0.026708,0.022425,-0.767718,-38.973331,0.139593,-0.019395,0.040471,1.000000,0.999997,-0.035074,83460.992188,0.967006,1.000000,1.000000,1.000000,1.000000,1.000000,1.000000,1.000000,0.485131,1.000000,0.387103,0.000000
68.418039,4.000000,1471.016846,-4.182194,700.957280,0.033826,0.000000,139.284210,126.466515,131.864723,-3.106608,0.199625,-3.429719,0.026146,0.022083,-0.772263,-39.072861,0.143521,-0.020503,0.038230,1.000000,0.999997,-0.072338,83460.992188,0.938735,1.000000,1.000000,1.000000,1.000000,1.000000,1.000000,1.000000,0.489090,1.000000,0.381906,0.000000
68.468568,4.000000,1474.450439,-4.179000,700.958410,0.032362,0.000000,138.612869,125.785896,131.155076,-3.109997,0.206631,-3.430239,0.021529,0.018282,-0.776441,-39.162773,0.139181,-0.021832,0.036405,1.000000,0.999997,-0.060849,83460.992188,0.952325,1.000000,1.000000,1.000000,1.000000,1.000000,1.000000,1.000000,0.492627,1.000000,0.376514,0.000000
68.520100,4.000000,1477.846558,-4.176065,700.959521,0.030164,0.000000,137.927002,125.108734,130.449003,-3.113455,0.215088,-3.435295,0.022254,0.019000,-0.780643,-39.251705,0.139467,-0.023025,0.034709,1.000000,0.999997,-0.075243,83460.992188,0.963500,1.000000,1.000000,1.000000,1.000000,1.000000,1.000000,1.000000,0.496234,1.000000,0.376344,0.000000
68.575652,4.000000,1481.598267,-4.173047,700.960950,0.031202,0.000000,137.186218,124.355705,129.663839,-3.118341,0.221756,-3.444682,0.027495,0.023617,-0.785370,-39.349945,0.141054,-0.017700,0.032826,1.000000,0.999997,-0.096143,83460.992188,0.961915,1.000000,1.000000,1.000000,1.000000,1.000000,1.000000,1.000000,0.500122,1.000000,0.379373,0.000000
68.633922,4.000000,1485.478394,-4.170146,700.962734,0.021924,0.000000,136.407883,123.571602,128.846271,-3.124343,0.223702,-3.454822,0.032363,0.027974,-0.790353,-39.451550,0.141012,-0.014547,0.031028,1.000000,0.999997,-0.107448,83460.992188,0.961036,1.000000,1.000000,1.000000,1.000000,1.000000,1.000000,1.000000,0.504201,1.000000,0.381810,0.000000
68.684193,4.000000,1488.892822,-4.167760,700.964402,0.032362,0.000000,135.736526,122.877235,128.122283,-3.129907,0.223244,-3.460256,0.033191,0.028853,-0.794818,-39.540962,0.140127,-0.012803,0.029589,1.000000,0.999997,-0.112022,83460.992188,0.945441,1.000000,1.000000,1.000000,1.000000,1.000000,1.000000,1.000000,0.507720,1.000000,0.379612,0.000000
68.736328,4.000000,1492.235474,-4.165551,700.965992,0.029676,0.000000,135.040466,122.193565,127.409417,-3.135748,0.222869,-3.463167,0.029677,0.025942,-0.799265,-39.628490,0.138379,-0.013978,0.028275,1.000000,0.999997,-0.111896,83460.992188,0.947948,1.000000,1.000000,1.000000,1.000000,1.000000,1.000000,1.000000,0.511370,1.000000,0.374137,0.000000
68.793339,4.000000,1495.906006,-4.163237,700.967581,0.035108,0.000000,134.278061,121.437935,126.621569,-3.142282,0.223690,-3.467822,0.027522,0.024208,-0.804237,-39.724606,0.137519,-0.015318,0.026963,1.000000,0.999997,-0.117146,83460.992188,0.946283,1.000000,1.000000,1.000000,1.000000,1.000000,1.000000,1.000000,0.515361,1.000000,0.369697,0.000000
68.847685,4.000000,1499.505981,-4.161047,700.968907,0.037611,0.000000,133.550186,120.691910,125.843717,-3.149031,0.224986,-3.470803,0.023107,0.020450,-0.809208,-39.818874,0.138807,-0.014506,0.025742,1.000000,0.999997,-0.132736,83460.992188,0.947396,1.000000,1.000000,1.000000,1.000000,1.000000,1.000000,1.000000,0.519165,1.000000,0.363254,0.000000
68.898798,4.000000,1502.812622,-4.159075,700.970013,0.035718,0.000000,132.865601,120.001915,125.124267,-3.156372,0.227004,-3.478132,0.021869,0.019466,-0.813860,-39.905464,0.141585,-0.018051,0.024800,1.000000,0.999997,-0.154159,83460.992188,0.961960,1.000000,1.000000,1.000000,1.000000,1.000000,1.000000,1.000000,0.522743,1.000000,0.361204,0.000000
68.953471,4.000000,1506.180176,-4.157075,700.971307,0.035291,0.000000,132.132599,119.294266,124.386405,-3.165474,0.231246,-3.488965,0.024274,0.021735,-0.818687,-39.993645,0.144356,-0.020043,0.023819,1.000000,0.999997,-0.173883,83460.992188,0.954101,1.000000,1.000000,1.000000,1.000000,1.000000,1.000000,1.000000,0.526570,1.000000,0.360951,0.000000
69.010216,4.000000,1509.904297,-4.154835,700.972849,0.035169,0.000000,131.372284,118.505951,123.564447,-3.174826,0.237150,-3.504689,0.030098,0.027129,-0.824132,-40.091164,0.139955,-0.020373,0.022806,1.000000,0.999997,-0.154342,83460.992188,0.968413,1.000000,1.000000,1.000000,1.000000,1.000000,1.000000,1.000000,0.530542,1.000000,0.365732,0.000000
69.060773,4.000000,1513.076416,-4.152881,700.975313,0.039136,0.000000,130.694336,117.828743,122.858277,-3.175112,0.240560,-3.543151,0.065769,0.059621,-0.828869,-40.174229,0.064822,-0.017494,0.022037,1.000000,0.999997,0.242652,83460.992188,1.034167,1.000000,1.000000,1.000000,1.000000,1.000000,1.000000,1.000000,0.534081,1.000000,0.405724,0.000000
69.112184,4.000000,1516.391357,-4.150791,700.979586,0.045667,0.000000,130.004517,117.121902,122.121246,-3.153667,0.240973,-3.533123,0.085838,0.078284,-0.833870,-40.261036,0.004940,-0.014272,0.021292,1.000000,0.999997,0.514250,83460.992188,0.946168,1.000000,1.000000,1.000000,1.000000,1.000000,1.000000,1.000000,0.537680,1.000000,0.415890,0.000000
69.168777,4.000000,1519.938599,-4.148496,700.984168,0.055799,0.000000,129.245209,116.363365,121.330387,-3.121015,0.240953,-3.492415,0.077642,0.071271,-0.839305,-40.353924,-0.029195,-0.016607,0.020491,1.000000,0.999997,0.620409,83460.992188,0.933772,1.000000,1.000000,1.000000,1.000000,1.000000,1.000000,1.000000,0.541641,1.000000,0.404468,0.000000
69.224465,4.000000,1523.421265,-4.146157,700.988044,0.065382,0.000000,128.498856,115.614975,120.550095,-3.084613,0.244374,-3.445830,0.065905,0.060889,-0.844737,-40.445118,-0.055719,-0.019143,0.020020,1.000000,0.999997,0.678008,83460.992188,0.937980,1.000000,1.000000,1.000000,1.000000,1.000000,1.000000,1.000000,0.545539,1.000000,0.390903,0.000000
69.280719,4.000000,1526.768921,-4.143798,700.991515,0.065565,0.000000,127.744217,114.889671,119.793859,-3.045774,0.247114,-3.404272,0.061294,0.056986,-0.850069,-40.532780,-0.076347,-0.018042,0.019353,1.000000,0.999997,0.697772,83460.992188,0.958407,1.000000,1.000000,1.000000,1.000000,1.000000,1.000000,1.000000,0.549477,1.000000,0.385466,0.000000
69.331960,4.000000,1529.886475,-4.141486,700.994791,0.062025,0.000000,127.056694,114.207428,119.082498,-3.009889,0.248294,-3.381463,0.063922,0.059785,-0.855146,-40.614418,-0.092021,-0.006903,0.018202,1.000000,0.999997,0.696437,83460.992188,1.201929,1.000000,1.000000,1.000000,1.000000,1.000000,1.000000,1.000000,0.553064,1.000000,0.397146,0.000000
69.384348,4.000000,1533.094971,-4.139032,701.001370,0.054395,0.000000,126.353882,113.493477,118.337807,-2.976835,0.200233,-3.427203,0.148554,0.139812,-0.860526,-40.698433,-0.085654,0.071787,0.015571,1.000000,0.999997,0.572702,83460.992188,1.063219,1.000000,1.000000,1.000000,1.000000,1.000000,1.000000,1.000000,0.556731,1.000000,0.478274,0.000000
69.441734,4.000000,1536.556885,-4.136544,701.013799,0.053174,0.000000,125.583267,112.714844,117.525311,-2.949447,0.136442,-3.505824,0.254812,0.241474,-0.866475,-40.789089,-0.066073,0.030933,0.017079,1.000000,0.999997,0.376303,83460.992188,1.108018,1.000000,1.000000,1.000000,1.000000,1.000000,1.000000,1.000000,0.560748,1.000000,0.586657,0.000000
69.492021,4.000000,1539.704102,-4.134379,701.028802,0.048231,0.000000,124.908798,112.003159,116.782792,-2.936318,0.116155,-3.540593,0.312681,0.298197,-0.871983,-40.871502,-0.038714,0.007832,0.017378,1.000000,0.999997,0.164752,83460.992188,1.025178,1.000000,1.000000,1.000000,1.000000,1.000000,1.000000,1.000000,0.564268,1.000000,0.633258,0.000000
69.543063,4.000000,1542.646484,-4.132311,701.045770,0.048353,0.000000,124.223801,111.334686,116.085572,-2.933316,0.107095,-3.563019,0.339366,0.325589,-0.877219,-40.948551,-0.012655,0.001613,0.016965,1.000000,0.999997,-0.022716,83460.992188,0.985676,1.000000,1.000000,1.000000,1.000000,1.000000,1.000000,1.000000,0.567841,1.000000,0.655807,0.000000
69.594106,4.000000,1545.678711,-4.130090,701.063520,0.048719,0.000000,123.538414,110.642197,115.363497,-2.938541,0.101060,-3.579964,0.350433,0.338311,-0.882709,-41.027950,0.006964,-0.001089,0.016222,1.000000,0.999997,-0.160095,83460.992188,0.975183,1.000000,1.000000,1.000000,1.000000,1.000000,1.000000,1.000000,0.571414,1.000000,0.663850,0.000000
69.645823,4.000000,1548.706909,-4.127756,701.081951,0.048597,0.000000,122.843430,109.949371,114.641073,-2.949018,0.097831,-3.600148,0.358807,0.348578,-0.888271,-41.107246,0.016513,-0.004362,0.014491,1.000000,0.999997,-0.232758,83460.992188,0.967199,1.000000,1.000000,1.000000,1.000000,1.000000,1.000000,1.000000,0.575034,1.000000,0.669645,0.000000
69.703395,4.000000,1552.175781,-4.124903,701.102765,0.047987,0.000000,122.069695,109.161583,113.819709,-2.963007,0.097712,-3.619458,0.362547,0.354752,-0.894680,-41.198082,0.014128,-0.006943,0.010285,1.000000,0.999997,-0.237057,83460.992188,0.961335,1.000000,1.000000,1.000000,1.000000,1.000000,1.000000,1.000000,0.579064,1.000000,0.670429,0.000000
69.755923,4.000000,1555.178345,-4.122243,701.121957,0.038587,0.000000,121.363144,108.494835,113.124529,-2.974548,0.097655,-3.639335,0.367619,0.361926,-0.900177,-41.276707,0.005099,-0.004672,0.002960,1.000000,0.999997,-0.204749,83460.992188,0.975975,1.000000,1.000000,1.000000,1.000000,1.000000,1.000000,1.000000,0.582741,1.000000,0.674739,0.000000
69.807717,4.000000,1557.816284,-4.119738,701.141280,0.043775,0.000000,120.665131,107.921097,112.526272,-2.984429,0.094389,-3.657303,0.374386,0.370548,-0.904962,-41.345787,-0.003270,-0.002470,-0.006950,1.000000,0.999998,-0.178191,83460.992188,0.962643,1.000000,1.000000,1.000000,1.000000,1.000000,1.000000,1.000000,0.586367,1.000000,0.678861,0.000000
69.863689,4.000000,1561.359253,-4.116088,701.162076,0.062025,0.000000,119.912743,107.162346,111.735317,-2.993732,0.093691,-3.659294,0.368656,0.367459,-0.911367,-41.438560,-0.011757,-0.010046,-0.019393,1.000000,0.999998,-0.154681,83460.992188,0.925063,1.000000,1.000000,1.000000,1.000000,1.000000,1.000000,1.000000,0.590285,1.000000,0.667226,0.000000
69.917234,4.000000,1564.450073,-4.112572,701.181074,0.078748,0.000000,119.194443,106.516693,111.062419,-3.001435,0.100752,-3.649569,0.349373,0.350349,-0.916888,-41.519497,-0.019805,-0.018279,-0.034087,1.000000,0.999998,-0.134433,83460.992188,0.922125,1.000000,1.000000,1.000000,1.000000,1.000000,1.000000,1.000000,0.594033,1.000000,0.645933,0.000000
69.970068,4.000000,1567.458252,-4.108762,701.198765,0.081556,0.000000,118.487442,105.894455,110.413932,-3.008033,0.111424,-3.638102,0.329021,0.331879,-0.922272,-41.598270,-0.027860,-0.020545,-0.049431,1.000000,0.999998,-0.115374,83460.992188,0.930331,1.000000,1.000000,1.000000,1.000000,1.000000,1.000000,1.000000,0.597732,1.000000,0.624326,0.000000
70.026060,4.000000,1570.653931,-4.104208,701.216643,0.076795,0.000000,117.741432,105.226303,109.717484,-3.014201,0.120448,-3.635417,0.316165,0.320936,-0.928125,-41.681950,-0.033867,-0.014131,-0.064472,1.000000,0.999998,-0.110465,83460.992188,0.954309,1.000000,1.000000,1.000000,1.000000,1.000000,1.000000,1.000000,0.601651,1.000000,0.611759,0.000000
70.077443,4.000000,1573.504028,-4.099647,701.232821,0.070081,0.000000,117.059090,104.611763,109.076783,-3.020376,0.120101,-3.643841,0.315284,0.321921,-0.933576,-41.756584,-0.035423,-0.004184,-0.074783,1.000000,0.999998,-0.126837,83460.992188,0.968658,1.000000,1.000000,1.000000,1.000000,1.000000,1.000000,1.000000,0.605248,1.000000,0.610351,0.000000
70.136340,4.000000,1576.708618,-4.093912,701.251619,0.066236,0.000000,116.279106,103.882553,108.316460,-3.028868,0.113060,-3.660423,0.320993,0.330050,-0.940128,-41.840500,-0.033961,-0.000519,-0.079347,1.000000,0.999998,-0.160889,83460.992188,0.964254,1.000000,1.000000,1.000000,1.000000,1.000000,1.000000,1.000000,0.609371,1.000000,0.613810,0.000000
70.192030,4.000000,1579.854492,-4.087618,701.269672,0.063489,0.000000,115.544853,103.111252,107.512232,-3.039446,0.104860,-3.679257,0.326038,0.337745,-0.947159,-41.922874,-0.029165,0.001334,-0.075556,1.000000,0.999998,-0.207294,83460.992188,0.970638,1.000000,1.000000,1.000000,1.000000,1.000000,1.000000,1.000000,0.613269,1.000000,0.617263,0.000000
70.247052,4.000000,1582.874634,-4.080917,701.287948,0.072706,0.000000,114.821312,102.352806,106.721389,-3.050571,0.095973,-3.701506,0.334850,0.349444,-0.954177,-42.001961,-0.035485,0.001526,-0.071187,1.000000,0.999998,-0.190335,83460.992188,0.961892,1.000000,1.000000,1.000000,1.000000,1.000000,1.000000,1.000000,0.617121,1.000000,0.623344,0.000000
70.304615,4.000000,1586.000732,-4.073261,701.307304,0.082838,0.000000,114.065147,101.566162,105.901203,-3.060351,0.089914,-3.712899,0.336236,0.353608,-0.961565,-42.083820,-0.045354,-0.002759,-0.066094,1.000000,0.999998,-0.157426,83460.992188,0.937108,1.000000,1.000000,1.000000,1.000000,1.000000,1.000000,1.000000,0.621150,1.000000,0.620057,0.000000
70.357577,4.000000,1588.986450,-4.065222,701.324643,0.088209,0.000000,113.370361,100.821396,105.124893,-3.068348,0.087572,-3.707766,0.322585,0.341758,-0.968665,-42.162006,-0.051032,-0.004686,-0.061415,1.000000,0.999998,-0.147537,83460.992188,0.921004,1.000000,1.000000,1.000000,1.000000,1.000000,1.000000,1.000000,0.624857,1.000000,0.603326,0.000000
70.411053,4.000000,1591.864624,-4.056767,701.341305,0.092786,0.000000,112.668907,100.097282,104.370088,-3.076257,0.084739,-3.703333,0.307481,0.328112,-0.975669,-42.237373,-0.056333,-0.002860,-0.058046,1.000000,0.999998,-0.140005,83460.992188,0.940461,1.000000,1.000000,1.000000,1.000000,1.000000,1.000000,1.000000,0.628601,1.000000,0.587429,0.000000
70.467049,4.000000,1594.766968,-4.047509,701.358360,0.088819,0.000000,111.934097,99.360741,103.602209,-3.083285,0.079713,-3.709935,0.304053,0.326859,-0.982899,-42.313374,-0.065404,0.000854,-0.055201,1.000000,0.999998,-0.114546,83460.992188,0.951074,1.000000,1.000000,1.000000,1.000000,1.000000,1.000000,1.000000,0.632520,1.000000,0.582567,0.000000
70.518247,4.000000,1597.506104,-4.038083,701.373898,0.088514,0.000000,111.262489,98.662529,102.874246,-3.088932,0.072349,-3.717958,0.303712,0.328802,-0.989853,-42.385101,-0.070428,0.004111,-0.052289,1.000000,0.999998,-0.110572,83460.992188,0.957083,1.000000,1.000000,1.000000,1.000000,1.000000,1.000000,1.000000,0.636104,1.000000,0.580667,0.000000
70.568404,4.000000,1600.131836,-4.028405,701.389251,0.082471,0.000000,110.604210,97.985992,102.168833,-3.094440,0.064010,-3.730491,0.307662,0.335378,-0.996685,-42.453857,-0.074592,0.005429,-0.049275,1.000000,0.999998,-0.110774,83460.992188,0.959924,1.000000,1.000000,1.000000,1.000000,1.000000,1.000000,1.000000,0.639615,1.000000,0.583070,0.000000
70.622018,4.000000,1602.933105,-4.017373,701.405884,0.071058,0.000000,109.899567,97.262489,101.414472,-3.100924,0.054369,-3.744866,0.311742,0.342353,-1.004098,-42.527210,-0.075939,0.006394,-0.046383,1.000000,0.999998,-0.126991,83460.992188,0.971141,1.000000,1.000000,1.000000,1.000000,1.000000,1.000000,1.000000,0.643368,1.000000,0.585889,0.000000
70.677925,4.000000,1605.822388,-4.005216,701.423675,0.070020,0.000000,109.163788,96.512634,100.632541,-3.107984,0.044119,-3.764256,0.321093,0.355362,-1.011898,-42.602871,-0.080428,0.006505,-0.043677,1.000000,0.999998,-0.126069,83460.992188,0.963082,1.000000,1.000000,1.000000,1.000000,1.000000,1.000000,1.000000,0.647282,1.000000,0.592433,0.000000
70.732812,4.000000,1608.615723,-3.992699,701.441410,0.081800,0.000000,108.440819,95.790855,99.879960,-3.115328,0.037907,-3.775637,0.323519,0.360745,-1.019521,-42.676014,-0.082375,0.000990,-0.038792,1.000000,0.999998,-0.137878,83460.992188,0.952113,1.000000,1.000000,1.000000,1.000000,1.000000,1.000000,1.000000,0.651124,1.000000,0.591557,0.000000
70.785173,4.000000,1611.271362,-3.980089,701.458178,0.083692,0.000000,107.750816,95.113411,99.173723,-3.122375,0.034382,-3.778341,0.318600,0.357790,-1.026780,-42.745556,-0.087890,0.001102,-0.035404,1.000000,0.999998,-0.128576,83460.992188,0.942134,1.000000,1.000000,1.000000,1.000000,1.000000,1.000000,1.000000,0.654789,1.000000,0.583479,0.000000
70.842574,4.000000,1614.195068,-3.965396,701.476184,0.082166,0.000000,106.993378,94.370972,98.399712,-3.130213,0.031626,-3.781954,0.312299,0.353472,-1.034855,-42.822117,-0.088249,-0.000375,-0.031380,1.000000,0.999998,-0.149487,83460.992188,0.941703,1.000000,1.000000,1.000000,1.000000,1.000000,1.000000,1.000000,0.658807,1.000000,0.575184,0.000000
70.894245,4.000000,1616.910400,-3.950987,701.492069,0.085828,0.000000,106.312080,93.678497,97.677822,-3.137983,0.031022,-3.784128,0.305278,0.348079,-1.042501,-42.893219,-0.092854,-0.003468,-0.028465,1.000000,0.999998,-0.143113,83460.992188,0.939398,1.000000,1.000000,1.000000,1.000000,1.000000,1.000000,1.000000,0.662424,1.000000,0.566257,0.000000
70.951903,4.000000,1619.677002,-3.935548,701.509316,0.085157,0.000000,105.552261,92.974167,96.943549,-3.146171,0.031925,-3.786283,0.297335,0.341591,-1.050395,-42.965664,-0.096906,-0.002720,-0.025241,1.000000,0.999998,-0.142615,83460.992188,0.946332,1.000000,1.000000,1.000000,1.000000,1.000000,1.000000,1.000000,0.666460,1.000000,0.556561,0.000000
71.007742,4.000000,1622.467285,-3.919196,701.525726,0.086622,0.000000,104.816109,92.258171,96.197093,-3.153955,0.031611,-3.791381,0.292704,0.338880,-1.058544,-43.038731,-0.102273,-0.002244,-0.023985,1.000000,0.999998,-0.134163,83460.992188,0.950125,1.000000,1.000000,1.000000,1.000000,1.000000,1.000000,1.000000,0.670369,1.000000,0.549996,0.000000
71.063154,4.000000,1625.282349,-3.901922,701.541812,0.080335,0.000000,104.087234,91.529480,95.437378,-3.161169,0.030999,-3.797352,0.289343,0.337655,-1.066969,-43.112446,-0.108049,-0.000739,-0.022559,1.000000,0.999998,-0.123948,83460.992188,0.949787,1.000000,1.000000,1.000000,1.000000,1.000000,1.000000,1.000000,0.674248,1.000000,0.544708,0.000000
71.120370,4.000000,1628.065796,-3.884085,701.558310,0.085645,0.000000,103.335274,90.800659,94.677493,-3.167668,0.028017,-3.805985,0.288580,0.339468,-1.075530,-43.185333,-0.115768,0.001475,-0.021267,1.000000,0.999998,-0.105105,83460.992188,0.952436,1.000000,1.000000,1.000000,1.000000,1.000000,1.000000,1.000000,0.678253,1.000000,0.542152,0.000000
71.177019,4.000000,1630.801514,-3.865839,701.574639,0.086622,0.000000,102.591660,90.077698,93.923718,-3.173321,0.024728,-3.814502,0.288615,0.342234,-1.084160,-43.256969,-0.121580,0.001125,-0.019875,1.000000,0.999998,-0.097778,83460.992188,0.952839,1.000000,1.000000,1.000000,1.000000,1.000000,1.000000,1.000000,0.682218,1.000000,0.540206,0.000000
71.229187,4.000000,1633.234131,-3.849028,701.589620,0.096570,0.000000,101.907310,89.432114,93.250620,-3.178088,0.021785,-3.817921,0.286577,0.342270,-1.091983,-43.320671,-0.128241,0.002219,-0.019628,1.000000,0.999998,-0.084375,83460.992188,0.941251,1.000000,1.000000,1.000000,1.000000,1.000000,1.000000,1.000000,0.685870,1.000000,0.535089,0.000000
71.286406,4.000000,1635.969360,-3.829485,701.605575,0.096876,0.000000,101.158134,88.714867,92.502947,-3.182596,0.017357,-3.809997,0.274779,0.330832,-1.100807,-43.392296,-0.134802,0.003189,-0.019812,1.000000,0.999998,-0.074937,83460.992188,0.934737,1.000000,1.000000,1.000000,1.000000,1.000000,1.000000,1.000000,0.689875,1.000000,0.520485,0.000000
71.339743,4.000000,1638.505981,-3.810770,701.619903,0.101087,0.000000,100.460457,88.042435,91.801939,-3.186387,0.013759,-3.807547,0.266894,0.323792,-1.109211,-43.458721,-0.140947,0.001754,-0.019249,1.000000,0.999998,-0.066575,83460.992188,0.941423,1.000000,1.000000,1.000000,1.000000,1.000000,1.000000,1.000000,0.693609,1.000000,0.511404,0.000000
71.394145,4.000000,1641.021973,-3.791645,701.634085,0.103040,0.000000,99.749985,87.374626,91.105728,-3.189984,0.011610,-3.802554,0.258173,0.315606,-1.117685,-43.524605,-0.146146,0.000716,-0.018024,1.000000,0.999998,-0.064337,83460.992188,0.940504,1.000000,1.000000,1.000000,1.000000,1.000000,1.000000,1.000000,0.697417,1.000000,0.500429,0.000000
71.444666,4.000000,1643.439819,-3.772744,701.646899,0.100843,0.000000,99.091972,86.728409,90.432022,-3.192883,0.010596,-3.802130,0.252487,0.310954,-1.126010,-43.587917,-0.153535,-0.000096,-0.017780,1.000000,0.999998,-0.048738,83460.992188,0.952218,1.000000,1.000000,1.000000,1.000000,1.000000,1.000000,1.000000,0.700953,1.000000,0.494123,0.000000
71.496523,4.000000,1645.825195,-3.753594,701.659934,0.096509,0.000000,98.417747,86.084862,89.761037,-3.194915,0.009369,-3.806462,0.251675,0.312271,-1.134425,-43.650379,-0.161211,0.002008,-0.017728,1.000000,0.999998,-0.033806,83460.992188,0.962555,1.000000,1.000000,1.000000,1.000000,1.000000,1.000000,1.000000,0.704583,1.000000,0.492290,0.000000
71.549606,4.000000,1648.310303,-3.733123,701.673444,0.094923,0.000000,97.728882,85.410431,89.057781,-3.196584,0.004526,-3.817045,0.256450,0.320708,-1.143381,-43.715454,-0.166512,0.006126,-0.017955,1.000000,0.999998,-0.033355,83460.992188,0.969255,1.000000,1.000000,1.000000,1.000000,1.000000,1.000000,1.000000,0.708299,1.000000,0.495596,0.000000
71.603381,4.000000,1650.722656,-3.712767,701.687475,0.092908,0.000000,97.032463,84.743095,88.361897,-3.198908,-0.002048,-3.829969,0.263106,0.331624,-1.152383,-43.778625,-0.169472,0.006386,-0.017447,1.000000,0.999998,-0.045092,83460.992188,0.966661,1.000000,1.000000,1.000000,1.000000,1.000000,1.000000,1.000000,0.712063,1.000000,0.500055,0.000000
71.662621,4.000000,1653.254150,-3.690903,701.703170,0.092969,0.000000,96.266228,84.051178,87.640467,-3.201389,-0.005142,-3.835427,0.264766,0.336462,-1.161866,-43.844913,-0.176092,0.000154,-0.015852,1.000000,0.999998,-0.039470,83460.992188,0.950163,1.000000,1.000000,1.000000,1.000000,1.000000,1.000000,1.000000,0.716210,1.000000,0.498079,0.000000
71.715802,4.000000,1655.709839,-3.669191,701.717091,0.100172,0.000000,95.579636,83.388535,86.949609,-3.203533,-0.004579,-3.834651,0.260720,0.333953,-1.171095,-43.909218,-0.180097,-0.000799,-0.014116,1.000000,0.999998,-0.045240,83460.992188,0.946504,1.000000,1.000000,1.000000,1.000000,1.000000,1.000000,1.000000,0.719933,1.000000,0.491986,0.000000
71.773741,4.000000,1658.331299,-3.645477,701.732003,0.101087,0.000000,94.835236,82.669846,86.200320,-3.206805,-0.002118,-3.834557,0.255973,0.330723,-1.181272,-43.977863,-0.181209,-0.004237,-0.012192,1.000000,0.999998,-0.067853,83460.992188,0.947319,1.000000,1.000000,1.000000,1.000000,1.000000,1.000000,1.000000,0.723989,1.000000,0.485229,0.000000
71.824482,4.000000,1660.555542,-3.624919,701.744844,0.104566,0.000000,94.185600,82.059731,85.564209,-3.210709,0.002645,-3.836266,0.252449,0.328595,-1.190052,-44.036106,-0.181800,-0.007033,-0.009959,1.000000,0.999998,-0.087874,83460.992188,0.945942,1.000000,1.000000,1.000000,1.000000,1.000000,1.000000,1.000000,0.727541,1.000000,0.479949,0.000000
71.878103,4.000000,1662.914795,-3.602667,701.758160,0.101087,0.000000,93.499802,81.413635,84.890622,-3.215543,0.008626,-3.836660,0.246905,0.323928,-1.199492,-44.097885,-0.185978,-0.006749,-0.008089,1.000000,0.999998,-0.087947,83460.992188,0.949420,1.000000,1.000000,1.000000,1.000000,1.000000,1.000000,1.000000,0.731294,1.000000,0.472829,0.000000
71.928651,4.000000,1665.212158,-3.580575,701.770518,0.100477,0.000000,92.855392,80.784721,84.234920,-3.219412,0.013595,-3.839912,0.244132,0.322783,-1.208826,-44.158047,-0.193930,-0.006599,-0.006781,1.000000,0.999998,-0.066848,83460.992188,0.954828,1.000000,1.000000,1.000000,1.000000,1.000000,1.000000,1.000000,0.734832,1.000000,0.468878,0.000000
71.978752,4.000000,1667.291870,-3.560227,701.782715,0.097608,0.000000,92.218590,80.207840,83.633423,-3.222290,0.017427,-3.844890,0.243565,0.324351,-1.217517,-44.212505,-0.200854,-0.004740,-0.005841,1.000000,0.999998,-0.052836,83460.992188,0.961578,1.000000,1.000000,1.000000,1.000000,1.000000,1.000000,1.000000,0.738339,1.000000,0.466986,0.000000
72.033219,4.000000,1669.586548,-3.537414,701.796024,0.097425,0.000000,91.527954,79.565819,82.963995,-3.225324,0.018557,-3.851672,0.244779,0.328597,-1.227338,-44.272594,-0.204544,-0.000845,-0.006239,1.000000,0.999998,-0.058958,83460.992188,0.956664,1.000000,1.000000,1.000000,1.000000,1.000000,1.000000,1.000000,0.742152,1.000000,0.465992,0.000000
72.086557,4.000000,1671.891235,-3.514147,701.808996,0.093458,0.000000,90.853897,78.925438,82.296310,-3.228718,0.016446,-3.853496,0.242260,0.327855,-1.237293,-44.332943,-0.208232,0.003331,-0.006725,1.000000,0.999998,-0.063719,83460.992188,0.951508,1.000000,1.000000,1.000000,1.000000,1.000000,1.000000,1.000000,0.745886,1.000000,0.461150,0.000000
72.140089,4.000000,1674.072266,-3.491837,701.821864,0.097852,0.000000,90.179611,78.318649,81.663677,-3.232046,0.011949,-3.857032,0.240078,0.327419,-1.246875,-44.390057,-0.214332,0.003965,-0.006837,1.000000,0.999998,-0.055231,83460.992188,0.956182,1.000000,1.000000,1.000000,1.000000,1.000000,1.000000,1.000000,0.749633,1.000000,0.457613,0.000000
72.190714,4.000000,1676.251587,-3.469275,701.834010,0.100904,0.000000,89.544357,77.708778,81.027774,-3.234061,0.007785,-3.862179,0.240198,0.330153,-1.256657,-44.447124,-0.225118,0.004673,-0.007387,1.000000,0.999998,-0.021273,83460.992188,0.959417,1.000000,1.000000,1.000000,1.000000,1.000000,1.000000,1.000000,0.753177,1.000000,0.456419,0.000000
72.245387,4.000000,1678.484131,-3.445898,701.847090,0.107557,0.000000,88.861031,77.079460,80.371634,-3.233690,0.002095,-3.860997,0.238528,0.330534,-1.266913,-44.505585,-0.240769,0.007118,-0.008349,1.000000,0.999998,0.033168,83460.992188,0.952646,1.000000,1.000000,1.000000,1.000000,1.000000,1.000000,1.000000,0.757004,1.000000,0.452091,0.000000
72.302517,4.000000,1680.851685,-3.420841,701.860498,0.113904,0.000000,88.149483,76.420486,79.684611,-3.230577,-0.006220,-3.851354,0.232562,0.325045,-1.277832,-44.567581,-0.253653,0.010346,-0.010293,1.000000,0.999998,0.066023,83460.992188,0.943493,1.000000,1.000000,1.000000,1.000000,1.000000,1.000000,1.000000,0.761003,1.000000,0.443579,0.000000
72.356191,4.000000,1682.994751,-3.397942,701.872767,0.111219,0.000000,87.483162,75.821342,79.059941,-3.226351,-0.016627,-3.844577,0.227905,0.321053,-1.287925,-44.623699,-0.265479,0.013204,-0.012638,1.000000,0.999998,0.092958,83460.992188,0.956201,1.000000,1.000000,1.000000,1.000000,1.000000,1.000000,1.000000,0.764760,1.000000,0.438209,0.000000
72.414246,4.000000,1685.375977,-3.372279,701.885962,0.107313,0.000000,86.765930,75.162903,78.373422,-3.220042,-0.027298,-3.841188,0.227666,0.323525,-1.299203,-44.686054,-0.278871,0.010666,-0.016354,1.000000,0.999998,0.122231,83460.992188,0.960751,1.000000,1.000000,1.000000,1.000000,1.000000,1.000000,1.000000,0.768824,1.000000,0.436493,0.000000
72.470631,4.000000,1687.686523,-3.347149,701.898774,0.108228,0.000000,86.072754,74.522125,77.705292,-3.212643,-0.033646,-3.835723,0.227156,0.325577,-1.310370,-44.746559,-0.288601,0.005289,-0.018593,1.000000,0.999998,0.130071,83460.992188,0.959491,1.000000,1.000000,1.000000,1.000000,1.000000,1.000000,1.000000,0.772771,1.000000,0.434172,0.000000
72.525607,4.000000,1689.839111,-3.323511,701.911157,0.110364,0.000000,85.400200,73.898155,77.054714,-3.207014,-0.032994,-3.816798,0.225845,0.326431,-1.321430,-44.802925,-0.274486,-0.002006,-0.016529,1.000000,0.999998,0.009406,83460.992188,0.845108,1.000000,1.000000,1.000000,1.000000,1.000000,1.000000,1.000000,0.776619,1.000000,0.421309,0.000000
72.576666,4.000000,1691.875488,-3.300914,701.921199,0.111524,0.000000,84.777824,73.299377,76.430764,-3.217395,-0.028178,-3.787106,0.188915,0.275283,-1.332214,-44.856251,-0.214496,-0.005413,-0.014226,1.000000,0.999998,-0.335332,83460.992188,0.933286,1.000000,1.000000,1.000000,1.000000,1.000000,1.000000,1.000000,0.780193,1.000000,0.390456,0.000000
72.626844,4.000000,1693.838379,-3.278893,701.930389,0.104627,0.000000,84.168770,72.707520,75.813695,-3.239072,-0.020953,-3.803849,0.182092,0.267500,-1.343053,-44.907650,-0.183424,-0.009436,-0.012679,1.000000,0.999998,-0.499078,83460.992188,0.958107,1.000000,1.000000,1.000000,1.000000,1.000000,1.000000,1.000000,0.783706,1.000000,0.383951,0.000000
72.681372,4.000000,1695.863892,-3.255900,701.940479,0.093153,0.000000,83.508789,72.081909,75.161322,-3.270077,-0.011119,-3.848250,0.187520,0.277865,-1.354706,-44.960690,-0.156760,-0.009700,-0.010490,1.000000,0.999998,-0.623874,83460.992188,0.980286,1.000000,1.000000,1.000000,1.000000,1.000000,1.000000,1.000000,0.787523,1.000000,0.389532,0.000000
72.734659,4.000000,1697.971924,-3.231682,701.950924,0.083021,0.000000,82.865959,71.417732,74.468670,-3.305952,-0.003722,-3.903593,0.199553,0.298445,-1.367302,-45.015892,-0.135708,-0.006579,-0.009555,1.000000,0.999998,-0.707409,83460.992188,0.974436,1.000000,1.000000,1.000000,1.000000,1.000000,1.000000,1.000000,0.791253,1.000000,0.399064,0.000000
72.790022,4.000000,1700.074829,-3.207256,701.962349,0.081190,0.000000,82.199448,70.756653,73.779266,-3.347126,0.002123,-3.963118,0.209667,0.316502,-1.380073,-45.070957,-0.116485,-0.006839,-0.007915,1.000000,0.999998,-0.771556,83460.992188,0.975559,1.000000,1.000000,1.000000,1.000000,1.000000,1.000000,1.000000,0.795128,1.000000,0.407507,0.000000
72.843527,4.000000,1702.127930,-3.183166,701.973964,0.077650,0.000000,81.556679,70.100700,73.095187,-3.389996,0.008247,-4.025874,0.220780,0.336396,-1.392984,-45.124718,-0.099472,-0.006897,-0.005774,1.000000,0.999998,-0.818309,83460.992188,0.978886,1.000000,1.000000,1.000000,1.000000,1.000000,1.000000,1.000000,0.798874,1.000000,0.416830,0.000000
72.899975,4.000000,1704.211670,-3.158485,701.986797,0.074171,0.000000,80.880066,69.433609,72.399524,-3.436304,0.013009,-4.087921,0.229848,0.353577,-1.406363,-45.179283,-0.090822,-0.004830,-0.003644,1.000000,0.999998,-0.812888,83460.992188,0.962988,1.000000,1.000000,1.000000,1.000000,1.000000,1.000000,1.000000,0.800000,1.000000,0.423039,0.000000
72.952966,4.000000,1706.138184,-3.135483,701.999066,0.069776,0.000000,80.245033,68.823898,71.763762,-3.478377,0.015055,-4.134413,0.231784,0.359713,-1.418817,-45.229733,-0.089078,-0.001332,-0.003109,1.000000,0.999998,-0.773632,83460.992188,0.950935,1.000000,1.000000,1.000000,1.000000,1.000000,1.000000,1.000000,0.800000,1.000000,0.422115,0.000000
73.009686,4.000000,1708.269165,-3.109868,702.012066,0.073072,0.000000,79.566429,68.151413,71.062605,-3.520850,0.014594,-4.168106,0.228887,0.358723,-1.432810,-45.285534,-0.089249,-0.004138,-0.001719,1.000000,0.999998,-0.723497,83460.992188,0.812914,1.000000,1.000000,1.000000,1.000000,1.000000,1.000000,1.000000,0.800000,1.000000,0.412503,0.000000
73.060295,4.000000,1710.050781,-3.088297,702.021828,0.079725,0.000000,78.961533,67.644943,70.535037,-3.553101,0.040276,-4.121423,0.179103,0.282799,-1.443523,-45.332188,-0.111059,-0.049898,0.011039,1.000000,0.999998,-0.567484,83460.992188,0.877868,1.000000,1.000000,1.000000,1.000000,1.000000,1.000000,1.000000,0.800000,1.000000,0.359464,0.000000
73.114696,4.000000,1711.775269,-3.067118,702.030137,0.096754,0.000000,78.311058,67.144119,70.013127,-3.579737,0.096323,-4.099043,0.147332,0.234369,-1.454279,-45.377342,-0.130945,-0.075801,0.019190,1.000000,0.999998,-0.432735,83460.992188,0.910307,1.000000,1.000000,1.000000,1.000000,1.000000,1.000000,1.000000,0.800000,1.000000,0.325722,0.000000
73.165480,4.000000,1713.871460,-3.040855,702.035552,0.111158,0.000000,77.707794,66.562195,69.406736,-3.597044,0.143434,-4.014304,0.084517,0.135621,-1.466979,-45.432236,-0.161830,-0.047266,0.013020,1.000000,0.999998,-0.251137,83460.992188,0.842005,1.000000,1.000000,1.000000,1.000000,1.000000,1.000000,1.000000,0.800000,1.000000,0.259804,0.000000
73.223311,4.000000,1715.901978,-3.015012,702.038154,0.125684,0.000000,77.024300,65.994446,68.814908,-3.606270,0.169717,-3.939196,0.028779,0.046578,-1.479590,-45.485405,-0.191760,-0.030665,0.007989,1.000000,0.999998,-0.088543,83460.992188,0.885668,1.000000,1.000000,1.000000,1.000000,1.000000,1.000000,1.000000,0.800000,1.000000,0.205492,0.000000
73.274517,4.000000,1717.668213,-2.992329,702.038382,0.130994,0.000000,76.422462,65.479950,68.278457,-3.607722,0.184809,-3.888987,-0.004346,-0.007089,-1.491209,-45.531654,-0.212210,-0.026404,0.006322,1.000000,0.999998,0.013522,83460.992188,0.906758,1.000000,1.000000,1.000000,1.000000,1.000000,1.000000,1.000000,0.800000,1.000000,0.172209,0.000000
73.329722,4.000000,1719.601929,-2.967333,702.037142,0.136732,0.000000,75.777237,64.899643,67.673312,-3.604580,0.197349,-3.847082,-0.029305,-0.048228,-1.496553,-45.582291,-0.228591,-0.023841,0.004415,1.000000,0.999998,0.085817,83460.992188,0.923388,1.000000,1.000000,1.000000,1.000000,1.000000,1.000000,1.000000,0.800000,1.000000,0.147163,0.000000
73.380258,4.000000,1721.431763,-2.943558,702.035126,0.138319,0.000000,75.190613,64.335220,67.084740,-3.599121,0.205941,-3.822710,-0.043080,-0.071522,-1.496553,-45.630207,-0.239048,-0.020169,0.003291,1.000000,0.999998,0.123761,83460.992188,0.950393,1.000000,1.000000,1.000000,1.000000,1.000000,1.000000,1.000000,0.800000,1.000000,0.134547,0.000000
73.432295,4.000000,1723.131592,-2.921398,702.032854,0.129346,0.000000,74.589859,63.798389,66.524953,-3.591862,0.209954,-3.816137,-0.043133,-0.072213,-1.496553,-45.674721,-0.248432,-0.014247,0.000538,1.000000,0.999998,0.152165,83460.992188,0.959295,1.000000,1.000000,1.000000,1.000000,1.000000,1.000000,1.000000,0.800000,1.000000,0.133758,0.000000
73.489918,4.000000,1725.051514,-2.896331,702.030493,0.119886,0.000000,73.927849,63.180035,65.880166,-3.582580,0.209357,-3.814330,-0.039545,-0.066852,-1.496553,-45.724995,-0.255479,-0.010255,-0.001342,1.000000,0.999998,0.161683,83460.992188,0.973064,1.000000,1.000000,1.000000,1.000000,1.000000,1.000000,1.000000,0.800000,1.000000,0.136839,0.000000
73.549418,4.000000,1727.047363,-2.870272,702.028586,0.113966,0.000000,73.247879,62.525120,65.197273,-3.572872,0.206083,-3.824101,-0.028491,-0.048670,-1.496553,-45.777256,-0.259863,-0.007620,-0.003838,1.000000,0.999998,0.153256,83460.992188,0.978844,1.000000,1.000000,1.000000,1.000000,1.000000,1.000000,1.000000,0.800000,1.000000,0.146792,0.000000
73.607372,4.000000,1729.041382,-2.844265,702.027406,0.109510,0.000000,72.588974,61.866669,64.510694,-3.564811,0.200148,-3.833630,-0.017101,-0.029525,-1.496553,-45.829472,-0.258844,-0.004264,-0.007083,1.000000,0.999998,0.115872,83460.992188,0.971612,1.000000,1.000000,1.000000,1.000000,1.000000,1.000000,1.000000,0.800000,1.000000,0.155467,0.000000
73.658638,4.000000,1730.777710,-2.821662,702.026801,0.105115,0.000000,72.008980,61.276997,63.895835,-3.560369,0.192884,-3.841844,-0.009259,-0.016139,-1.496553,-45.874939,-0.253616,-0.002521,-0.007321,1.000000,0.999998,0.062019,83460.992188,0.968762,1.000000,1.000000,1.000000,1.000000,1.000000,1.000000,1.000000,0.800000,1.000000,0.161279,0.000000
73.714788,4.000000,1732.571167,-2.798374,702.026505,0.100416,0.000000,71.376099,60.670399,63.263305,-3.557972,0.184678,-3.848926,-0.003430,-0.006038,-1.496553,-45.921902,-0.251869,-0.003272,-0.007574,1.000000,0.999998,0.028229,83460.992188,0.963286,1.000000,1.000000,1.000000,1.000000,1.000000,1.000000,1.000000,0.800000,1.000000,0.165027,0.000000
73.772747,4.000000,1734.434326,-2.774234,702.026425,0.102186,0.000000,70.724640,60.050789,62.617228,-3.556980,0.178690,-3.852055,-0.000601,-0.001069,-1.496553,-45.970692,-0.252079,-0.006365,-0.009596,1.000000,0.999998,0.006372,83460.992188,0.958889,1.000000,1.000000,1.000000,1.000000,1.000000,1.000000,1.000000,0.800000,1.000000,0.165657,0.000000
73.826572,4.000000,1736.208130,-2.751282,702.026359,0.099256,0.000000,70.118057,59.471119,62.012773,-3.557541,0.177220,-3.849594,-0.001711,-0.003072,-1.496553,-46.017139,-0.251306,-0.010886,-0.011556,1.000000,0.999998,-0.016753,83460.992188,0.953847,1.000000,1.000000,1.000000,1.000000,1.000000,1.000000,1.000000,0.800000,1.000000,0.162439,0.000000
73.883028,4.000000,1737.960205,-2.728606,702.026122,0.099378,0.000000,69.487961,58.918537,61.436572,-3.558543,0.178566,-3.845349,-0.004894,-0.008872,-1.496553,-46.063019,-0.254390,-0.012621,-0.016349,1.000000,0.999998,-0.018378,83460.992188,0.959805,1.000000,1.000000,1.000000,1.000000,1.000000,1.000000,1.000000,0.800000,1.000000,0.158008,0.000000
73.937603,4.000000,1739.702026,-2.706043,702.025864,0.102735,0.000000,68.881302,58.377022,60.871914,-3.559069,0.179026,-3.847193,-0.004470,-0.008179,-1.496553,-46.108631,-0.261083,-0.010247,-0.026877,1.000000,0.999998,-0.000072,83460.992188,0.964849,1.000000,1.000000,1.000000,1.000000,1.000000,1.000000,1.000000,0.800000,1.000000,0.157304,0.000000
73.988927,4.000000,1741.271362,-2.685712,702.025709,0.100599,0.000000,68.312813,57.900417,60.374949,-3.558498,0.177532,-3.852174,-0.001910,-0.003523,-1.496553,-46.149727,-0.268290,-0.009548,-0.038000,1.000000,0.999998,0.020094,83460.992188,0.971712,1.000000,1.000000,1.000000,1.000000,1.000000,1.000000,1.000000,0.800000,1.000000,0.159015,0.000000
74.041209,4.000000,1742.866577,-2.665039,702.025787,0.094129,0.000000,67.736473,57.418598,59.872530,-3.557043,0.178093,-3.860183,0.003074,0.005719,-1.496553,-46.191498,0.058407,-0.013495,-0.049453,1.000000,0.999998,0.034581,83460.992188,0.976908,1.000000,1.000000,1.000000,1.000000,1.000000,1.000000,0.000000,0.800000,1.000000,0.162793,0.000000
74.099370,4.000000,1744.642334,-2.641989,702.025913,0.092359,0.000000,67.099510,56.928425,59.361416,-3.554032,0.180544,-3.852507,0.001541,0.002892,-1.496553,-46.237999,0.047321,-0.014306,-0.061077,1.000000,0.999998,0.068499,83460.992188,0.965599,1.000000,1.000000,1.000000,1.000000,1.000000,1.000000,0.000000,0.800000,1.000000,0.158935,0.000000
74.152399,4.000000,1746.258423,-2.620945,702.026014,0.087781,0.000000,66.522797,56.481888,58.895795,-3.549697,0.183591,-3.851584,0.002540,0.004803,-1.496553,-46.280315,0.038328,-0.016437,-0.070514,1.000000,0.999998,0.090463,83460.992188,0.975796,1.000000,1.000000,1.000000,1.000000,1.000000,1.000000,0.000000,0.800000,1.000000,0.159516,0.000000
74.205535,4.000000,1747.876587,-2.599775,702.026298,0.089307,0.000000,65.949768,56.040474,58.435509,-3.544394,0.189573,-3.853254,0.006619,0.012615,-1.496553,-46.322689,0.029253,-0.021811,-0.076969,1.000000,0.999998,0.110578,83460.992188,0.971375,1.000000,1.000000,1.000000,1.000000,1.000000,1.000000,0.000000,0.800000,1.000000,0.161962,0.000000
74.260654,4.000000,1749.531006,-2.577964,702.026607,0.094862,0.000000,65.361504,55.607056,57.983572,-3.537493,0.198857,-3.839009,0.004171,0.008012,-1.496553,-46.366013,0.018213,-0.022525,-0.079535,1.000000,0.999998,0.137724,83460.992188,0.955429,1.000000,1.000000,1.000000,1.000000,1.000000,1.000000,0.000000,0.800000,1.000000,0.156931,0.000000
74.318158,4.000000,1751.194214,-2.555822,702.026505,0.097486,0.000000,64.754425,55.197426,57.556432,-3.528922,0.206112,-3.812332,-0.004619,-0.008938,-1.496553,-46.409565,0.007198,-0.019817,-0.077241,1.000000,0.999998,0.161661,83460.992188,0.953722,1.000000,1.000000,1.000000,1.000000,1.000000,1.000000,0.000000,0.800000,1.000000,0.146434,0.000000
74.372821,4.000000,1752.862549,-2.533376,702.025898,0.098402,0.000000,64.184807,54.810043,57.152487,-3.519107,0.210643,-3.785831,-0.013714,-0.026725,-1.496553,-46.453251,-0.006341,-0.017022,-0.070506,1.000000,0.999998,0.199564,83460.992188,0.959214,1.000000,1.000000,1.000000,1.000000,1.000000,1.000000,0.000000,0.800000,1.000000,0.136911,0.000000
74.428439,4.000000,1754.426270,-2.512111,702.024825,0.104444,0.000000,63.613277,54.466354,56.794104,-3.506866,0.212625,-3.756395,-0.021793,-0.042737,-1.496553,-46.494198,-0.019988,-0.014696,-0.060175,1.000000,0.999998,0.234230,83460.992188,0.957342,1.000000,1.000000,1.000000,1.000000,1.000000,1.000000,0.000000,0.800000,1.000000,0.127274,0.000000
74.482467,4.000000,1756.044800,-2.489859,702.023287,0.109632,0.000000,63.066837,54.112778,56.425387,-3.494304,0.213639,-3.726224,-0.031280,-0.061741,-1.496553,-46.536583,-0.026149,-0.014517,-0.049937,1.000000,0.999998,0.228154,83460.992188,0.964490,1.000000,1.000000,1.000000,1.000000,1.000000,1.000000,0.000000,0.800000,1.000000,0.117559,0.000000
74.537639,4.000000,1757.591187,-2.468358,702.021407,0.108961,0.000000,62.518013,53.766449,56.064253,-3.482211,0.213920,-3.707175,-0.034867,-0.069266,-1.496553,-46.577076,-0.029986,-0.012123,-0.041765,1.000000,0.999998,0.209907,83460.992188,0.968311,1.000000,1.000000,1.000000,1.000000,1.000000,1.000000,0.000000,0.800000,1.000000,0.113277,0.000000
74.593053,4.000000,1759.171875,-2.446145,702.019380,0.104749,0.000000,61.975887,53.386375,55.667916,-3.471617,0.211142,-3.693054,-0.036865,-0.073755,-1.496553,-46.618469,-0.030393,-0.008603,-0.037377,1.000000,0.999998,0.174952,83460.992188,0.972355,1.000000,1.000000,1.000000,1.000000,1.000000,1.000000,0.000000,0.800000,1.000000,0.110689,0.000000
74.645716,4.000000,1760.684448,-2.424697,702.017573,0.101453,0.000000,61.469711,52.980728,55.244947,-3.463834,0.207767,-3.696485,-0.032397,-0.065312,-1.496553,-46.658077,-0.026167,-0.010115,-0.038398,1.000000,0.999998,0.119429,83460.992188,0.985548,1.000000,1.000000,1.000000,1.000000,1.000000,1.000000,0.000000,0.800000,1.000000,0.115387,0.000000
74.699082,4.000000,1762.206665,-2.402929,702.016160,0.095533,0.000000,60.965408,52.524967,54.769715,-3.459892,0.207256,-3.708417,-0.023971,-0.048745,-1.496553,-46.697937,-0.014935,-0.014686,-0.048227,1.000000,0.999998,0.030004,83460.992188,0.978659,1.000000,1.000000,1.000000,1.000000,1.000000,1.000000,0.000000,0.800000,1.000000,0.122176,0.000000
74.754535,4.000000,1763.803833,-2.379865,702.015122,0.089796,0.000000,60.448730,52.015339,54.238318,-3.460413,0.212083,-3.725129,-0.015756,-0.032353,-1.496553,-46.739761,-0.006437,-0.021044,-0.061446,1.000000,0.999998,-0.038622,83460.992188,0.981275,1.000000,1.000000,1.000000,1.000000,1.000000,1.000000,0.000000,0.800000,1.000000,0.128907,0.000000
74.808999,4.000000,1765.270386,-2.358459,702.014550,0.084058,0.000000,59.947521,51.546562,53.749502,-3.463844,0.219845,-3.744740,-0.007868,-0.016304,-1.496553,-46.778164,-0.002268,-0.022798,-0.075818,1.000000,0.999998,-0.078985,83460.992188,0.978315,1.000000,1.000000,1.000000,1.000000,1.000000,1.000000,0.000000,0.800000,1.000000,0.135513,0.000000
74.865823,4.000000,1766.837158,-2.335330,702.014385,0.080518,0.000000,59.429893,51.040310,53.221623,-3.469075,0.227484,-3.765448,-0.000547,-0.001145,-1.496553,-46.819191,-0.001195,-0.022308,-0.089869,1.000000,0.999998,-0.101077,83460.992188,0.982169,1.000000,1.000000,1.000000,1.000000,1.000000,1.000000,0.000000,0.800000,1.000000,0.141594,0.000000
74.916390,4.000000,1768.217529,-2.314735,702.014676,0.075880,0.000000,58.973042,50.589233,52.751267,-3.474740,0.233461,-3.791667,0.008822,0.018626,-1.496553,-46.855335,-0.000655,-0.022052,-0.101951,1.000000,0.999998,-0.117165,83460.992188,0.988631,1.000000,1.000000,1.000000,1.000000,1.000000,1.000000,0.000000,0.800000,1.000000,0.150088,0.000000
74.974168,4.000000,1769.735718,-2.291841,702.015654,0.080335,0.000000,58.454815,50.091709,52.232471,-3.482023,0.238902,-3.823440,0.020389,0.043476,-1.496553,-46.895092,-0.001008,-0.020300,-0.114919,1.000000,0.999998,-0.128595,83460.992188,0.983129,1.000000,1.000000,1.000000,1.000000,1.000000,1.000000,0.000000,0.800000,1.000000,0.160072,0.000000
75.026514,4.000000,1771.136841,-2.270480,702.016960,0.083570,0.000000,57.987915,49.621895,51.742573,-3.489425,0.241876,-3.840803,0.026241,0.056483,-1.496553,-46.931782,0.000652,-0.018559,-0.126865,1.000000,0.999998,-0.148307,83460.992188,0.967669,1.000000,1.000000,1.000000,1.000000,1.000000,1.000000,0.000000,0.800000,1.000000,0.163224,0.000000
75.076701,4.000000,1772.466431,-2.250001,702.018207,0.081922,0.000000,57.542473,49.181305,51.283158,-3.497203,0.242261,-3.841616,0.023883,0.051867,-1.496553,-46.966599,0.000177,-0.015071,-0.136618,1.000000,0.999998,-0.154393,83460.992188,0.956098,1.000000,1.000000,1.000000,1.000000,1.000000,1.000000,0.000000,0.800000,1.000000,0.158605,0.000000
75.131698,4.000000,1773.935181,-2.227145,702.019347,0.082960,0.000000,57.056442,48.688911,50.769724,-3.505165,0.238907,-3.841948,0.019804,0.043444,-1.496553,-47.005058,-0.007429,-0.011078,-0.146951,1.000000,0.999998,-0.122517,83460.992188,0.961886,1.000000,1.000000,1.000000,1.000000,1.000000,1.000000,0.000000,0.800000,1.000000,0.153611,0.000000
75.187326,4.000000,1775.399292,-2.204118,702.020362,0.090589,0.000000,56.566456,48.202866,50.262915,-3.510668,0.232719,-3.842168,0.017405,0.038567,-1.496553,-47.043396,-0.018350,-0.008647,-0.157513,1.000000,0.999998,-0.076624,83460.992188,0.958707,1.000000,1.000000,1.000000,1.000000,1.000000,1.000000,0.000000,0.800000,1.000000,0.149750,0.000000
75.241609,4.000000,1776.769897,-2.182317,702.021151,0.092603,0.000000,56.089912,47.745338,49.785841,-3.514049,0.224926,-3.835891,0.013152,0.029421,-1.496553,-47.079288,-0.026947,-0.005985,-0.167586,1.000000,0.999998,-0.046603,83460.992188,0.958547,1.000000,1.000000,1.000000,1.000000,1.000000,1.000000,0.000000,0.800000,1.000000,0.144026,0.000000
75.297645,4.000000,1778.198730,-2.159299,702.021737,0.094678,0.000000,55.599213,47.266026,49.286046,-3.516267,0.214709,-3.831802,0.009663,0.021837,-1.496553,-47.116703,-0.034098,-0.004089,-0.179089,1.000000,0.999998,-0.027043,83460.992188,0.966043,1.000000,1.000000,1.000000,1.000000,1.000000,1.000000,0.000000,0.800000,1.000000,0.139812,0.000000
75.350505,4.000000,1779.525269,-2.137626,702.022207,0.092969,0.000000,55.137722,46.819851,48.820803,-3.516999,0.205379,-3.828149,0.008216,0.018743,-1.496553,-47.151440,-0.043344,-0.005263,-0.189331,1.000000,0.999998,0.003281,83460.992188,0.959161,1.000000,1.000000,1.000000,1.000000,1.000000,1.000000,0.000000,0.800000,1.000000,0.136592,0.000000
75.405959,4.000000,1780.892822,-2.114917,702.022545,0.095899,0.000000,54.654572,46.363472,48.344931,-3.515818,0.198317,-3.820616,0.005301,0.012211,-1.496553,-47.187252,-0.054779,-0.009344,-0.199136,1.000000,0.999998,0.041806,83460.992188,0.963393,1.000000,1.000000,1.000000,1.000000,1.000000,1.000000,0.000000,0.800000,1.000000,0.132520,0.000000
75.456875,4.000000,1782.153687,-2.093568,702.022738,0.101026,0.000000,54.211849,45.942429,47.905885,-3.513310,0.196115,-3.814602,0.003479,0.008088,-1.496553,-47.220268,-0.062670,-0.014569,-0.207555,1.000000,0.999998,0.060560,83460.992188,0.966372,1.000000,1.000000,1.000000,1.000000,1.000000,1.000000,0.000000,0.800000,1.000000,0.129831,0.000000
75.508561,4.000000,1783.400879,-2.071974,702.022887,0.104810,0.000000,53.763508,45.517372,47.462676,-3.510004,0.198344,-3.807636,0.002436,0.005715,-1.496553,-47.252926,-0.068674,-0.019337,-0.215876,1.000000,0.999998,0.067208,83460.992188,0.960528,1.000000,1.000000,1.000000,1.000000,1.000000,1.000000,0.000000,0.800000,1.000000,0.127081,0.000000
75.559703,4.000000,1784.635132,-2.050055,702.022866,0.105299,0.000000,53.321045,45.093254,47.020424,-3.507030,0.202481,-3.794600,-0.001648,-0.003904,-1.496553,-47.285248,-0.070521,-0.019619,-0.223024,1.000000,0.999998,0.051957,83460.992188,0.961798,1.000000,1.000000,1.000000,1.000000,1.000000,1.000000,0.000000,0.800000,1.000000,0.121681,0.000000
75.611445,4.000000,1785.897461,-2.027014,702.022677,0.105909,0.000000,52.874458,44.650642,46.558900,-3.505247,0.205656,-3.787436,-0.004189,-0.010021,-1.496553,-47.318302,-0.070207,-0.018934,-0.229743,1.000000,0.999998,0.027004,83460.992188,0.964383,1.000000,1.000000,1.000000,1.000000,1.000000,1.000000,0.000000,0.800000,1.000000,0.118284,0.000000
75.662036,4.000000,1787.074951,-2.004932,702.022434,0.105726,0.000000,52.438866,44.237232,46.127807,-3.504202,0.209056,-3.784338,-0.004946,-0.011941,-1.496553,-47.349136,-0.073238,-0.020268,-0.234288,1.000000,0.999998,0.022424,83460.992188,0.967064,1.000000,1.000000,1.000000,1.000000,1.000000,1.000000,0.000000,0.800000,1.000000,0.116349,0.000000
75.715553,4.000000,1788.290894,-1.981473,702.022199,0.104017,0.000000,51.978111,43.802601,45.674610,-3.503419,0.213001,-3.787433,-0.003726,-0.009085,-1.496553,-47.380978,-0.075596,-0.019707,-0.238069,1.000000,0.999998,0.013301,83460.992188,0.969247,1.000000,1.000000,1.000000,1.000000,1.000000,1.000000,0.000000,0.800000,1.000000,0.116771,0.000000
75.767431,4.000000,1789.585327,-1.955744,702.022080,0.102735,0.000000,51.533298,43.322517,45.174008,-3.503558,0.215630,-3.792821,-0.001488,-0.003668,-1.496553,-47.414871,-0.075005,-0.018441,-0.240507,1.000000,0.999998,-0.010366,83460.992188,0.971810,1.000000,1.000000,1.000000,1.000000,1.000000,1.000000,0.000000,0.800000,1.000000,0.117723,0.000000
75.821064,4.000000,1790.846191,-1.929898,702.022062,0.105115,0.000000,51.074581,42.854187,44.685666,-3.504951,0.217089,-3.796274,-0.000058,-0.000146,-1.496553,-47.447887,-0.075230,-0.017539,-0.243064,1.000000,0.999998,-0.028424,83460.992188,0.965364,1.000000,1.000000,1.000000,1.000000,1.000000,1.000000,0.000000,0.800000,1.000000,0.117319,0.000000
75.876520,4.000000,1792.052490,-1.904419,702.022024,0.107008,0.000000,50.600746,42.413788,44.226444,-3.506497,0.219035,-3.795293,-0.000876,-0.002207,-1.496553,-47.479477,-0.080261,-0.019038,-0.245057,1.000000,0.999998,-0.020251,83460.992188,0.965416,1.000000,1.000000,1.000000,1.000000,1.000000,1.000000,0.000000,0.800000,1.000000,0.115077,0.000000
75.932748,4.000000,1793.356323,-1.875994,702.021926,0.100904,0.000000,50.120975,41.931496,43.723543,-3.507771,0.223449,-3.794517,-0.001982,-0.005049,-1.496553,-47.513618,-0.084340,-0.023068,-0.246835,1.000000,0.999998,-0.017918,83460.992188,0.970493,1.000000,1.000000,1.000000,1.000000,1.000000,1.000000,0.000000,0.800000,1.000000,0.113013,0.000000
75.988934,4.000000,1794.609741,-1.847733,702.021948,0.095716,0.000000,49.642204,41.453060,43.224657,-3.508866,0.230674,-3.806215,0.001965,0.005064,-1.496553,-47.546440,-0.088196,-0.025204,-0.246818,1.000000,0.999998,-0.017436,83460.992188,0.972895,1.000000,1.000000,1.000000,1.000000,1.000000,1.000000,0.000000,0.800000,1.000000,0.115853,0.000000
76.040014,4.000000,1795.703125,-1.822283,702.022168,0.095472,0.000000,49.207214,41.014587,42.767445,-3.510458,0.237633,-3.816424,0.005339,0.013904,-1.496553,-47.575073,-0.087716,-0.024990,-0.244542,1.000000,0.999998,-0.038719,83460.992188,0.970346,1.000000,1.000000,1.000000,1.000000,1.000000,1.000000,0.000000,0.800000,1.000000,0.117901,0.000000
76.092157,4.000000,1796.855591,-1.794641,702.022577,0.096021,0.000000,48.763306,40.524254,42.256153,-3.513534,0.242748,-3.829052,0.009071,0.023909,-1.496553,-47.605251,-0.084413,-0.021589,-0.238134,1.000000,0.999998,-0.074053,83460.992188,0.967306,1.000000,1.000000,1.000000,1.000000,1.000000,1.000000,0.000000,0.800000,1.000000,0.120120,0.000000
76.143986,4.000000,1797.966187,-1.767223,702.023149,0.094251,0.000000,48.321812,40.011917,41.721916,-3.518786,0.244435,-3.842110,0.011879,0.031709,-1.496553,-47.634331,-0.079094,-0.016525,-0.227440,1.000000,0.999998,-0.116793,83460.992188,0.967447,1.000000,1.000000,1.000000,1.000000,1.000000,1.000000,0.000000,0.800000,1.000000,0.121508,0.000000
76.195034,4.000000,1799.080688,-1.738982,702.023851,0.091383,0.000000,47.886597,39.490585,41.178305,-3.525250,0.241126,-3.856197,0.014659,0.039648,-1.496553,-47.663517,-0.078817,-0.010288,-0.216929,1.000000,0.999998,-0.128952,83460.992188,0.967532,1.000000,1.000000,1.000000,1.000000,1.000000,1.000000,0.000000,0.800000,1.000000,0.122763,0.000000
76.247808,4.000000,1800.137451,-1.711556,702.024729,0.087720,0.000000,47.434402,38.989399,40.655691,-3.532403,0.232644,-3.870807,0.017406,0.047682,-1.496553,-47.691189,-0.079680,-0.004209,-0.207118,1.000000,0.999998,-0.134127,83460.992188,0.964262,1.000000,1.000000,1.000000,1.000000,1.000000,1.000000,0.000000,0.800000,1.000000,0.123819,0.000000
76.305544,4.000000,1801.358643,-1.679119,702.025820,0.087842,0.000000,46.937798,38.402805,40.044031,-3.540264,0.218862,-3.885577,0.019710,0.054819,-1.496553,-47.723167,-0.081793,0.001321,-0.196333,1.000000,0.999998,-0.132997,83460.992188,0.963591,1.000000,1.000000,1.000000,1.000000,1.000000,1.000000,0.000000,0.800000,1.000000,0.124418,0.000000
76.361445,4.000000,1802.503296,-1.648132,702.026964,0.084669,0.000000,46.454399,37.841633,39.458866,-3.547138,0.203228,-3.895067,0.020697,0.058418,-1.496553,-47.753139,-0.088148,0.002924,-0.177944,1.000000,0.999998,-0.109045,83460.992188,0.958639,1.000000,1.000000,1.000000,1.000000,1.000000,1.000000,0.000000,0.800000,1.000000,0.123500,0.000000
76.416226,4.000000,1803.623657,-1.617465,702.028035,0.089368,0.000000,45.977951,37.289200,38.882837,-3.552315,0.188643,-3.895361,0.018953,0.054289,-1.496553,-47.782478,-0.095428,0.002863,-0.157927,1.000000,0.999998,-0.082262,83460.992188,0.955947,1.000000,1.000000,1.000000,1.000000,1.000000,1.000000,0.000000,0.800000,1.000000,0.119992,0.000000
76.471952,4.000000,1804.697998,-1.587758,702.028983,0.096265,0.000000,45.490158,36.752075,38.322757,-3.556267,0.175435,-3.891975,0.016198,0.047074,-1.496553,-47.810612,-0.102136,0.001847,-0.137765,1.000000,0.999998,-0.061011,83460.992188,0.956951,1.000000,1.000000,1.000000,1.000000,1.000000,1.000000,0.000000,0.800000,1.000000,0.115657,0.000000
76.527916,4.000000,1805.803955,-1.556817,702.029808,0.099866,0.000000,44.996510,36.191734,37.738478,-3.559292,0.164185,-3.890789,0.014340,0.042319,-1.496553,-47.839573,-0.106766,0.001539,-0.119158,1.000000,0.999998,-0.052881,83460.992188,0.958883,1.000000,1.000000,1.000000,1.000000,1.000000,1.000000,0.000000,0.800000,1.000000,0.112453,0.000000
76.579542,4.000000,1806.809692,-1.528325,702.030501,0.099988,0.000000,44.538689,35.667988,37.192354,-3.562407,0.154142,-3.891416,0.013177,0.039458,-1.496553,-47.865910,-0.107321,0.002145,-0.104669,1.000000,0.999998,-0.065161,83460.992188,0.959578,1.000000,1.000000,1.000000,1.000000,1.000000,1.000000,0.000000,0.800000,1.000000,0.109971,0.000000
76.632191,4.000000,1807.781860,-1.500440,702.031144,0.099073,0.000000,44.068920,35.156425,36.658928,-3.566102,0.145038,-3.889346,0.011537,0.035050,-1.496553,-47.891365,-0.108257,0.001085,-0.090810,1.000000,0.999998,-0.074404,83460.992188,0.955506,1.000000,1.000000,1.000000,1.000000,1.000000,1.000000,0.000000,0.800000,1.000000,0.106425,0.000000
76.682590,4.000000,1808.697266,-1.473860,702.031626,0.102003,0.000000,43.616722,34.667477,36.149087,-3.570008,0.137425,-3.886449,0.009064,0.027924,-1.496553,-47.915337,-0.109831,0.000803,-0.080101,1.000000,0.999998,-0.078197,83460.992188,0.956675,1.000000,1.000000,1.000000,1.000000,1.000000,1.000000,0.000000,0.800000,1.000000,0.102660,0.000000
76.736919,4.000000,1809.744995,-1.443049,702.031993,0.105665,0.000000,43.126755,34.102036,35.559484,-3.574017,0.129303,-3.878307,0.005380,0.016849,-1.496553,-47.942772,-0.113444,0.002371,-0.070171,1.000000,0.999998,-0.071304,83460.992188,0.950534,1.000000,1.000000,1.000000,1.000000,1.000000,1.000000,0.000000,0.800000,1.000000,0.097154,0.000000
76.792085,4.000000,1810.706055,-1.414448,702.032097,0.107008,0.000000,42.625561,33.576866,35.011869,-3.577477,0.119878,-3.865952,0.000561,0.001785,-1.496553,-47.967937,-0.118567,0.004115,-0.062108,1.000000,0.999998,-0.056190,83460.992188,0.949578,1.000000,1.000000,1.000000,1.000000,1.000000,1.000000,0.000000,0.800000,1.000000,0.090603,0.000000
76.844864,4.000000,1811.655151,-1.385922,702.031922,0.106580,0.000000,42.143639,33.051014,34.463539,-3.580063,0.110793,-3.852278,-0.004743,-0.015326,-1.496553,-47.992790,-0.122439,0.004412,-0.055049,1.000000,0.999998,-0.047573,83460.992188,0.954171,1.000000,1.000000,1.000000,1.000000,1.000000,1.000000,0.000000,0.800000,1.000000,0.084147,0.000000
76.903038,4.000000,1812.677002,-1.354920,702.031570,0.106336,0.000000,41.609879,32.467941,33.855550,-3.582605,0.100974,-3.852530,-0.006047,-0.019893,-1.496553,-48.019550,-0.126247,0.004987,-0.048583,1.000000,0.999998,-0.040451,83460.992188,0.961565,1.000000,1.000000,1.000000,1.000000,1.000000,1.000000,0.000000,0.800000,1.000000,0.081939,0.000000
76.962719,4.000000,1813.690552,-1.323904,702.031251,0.103101,0.000000,41.059124,31.876488,33.238818,-3.584747,0.092177,-3.859802,-0.004732,-0.015856,-1.496553,-48.046089,-0.129818,0.003147,-0.042992,1.000000,0.999998,-0.036135,83460.992188,0.963951,1.000000,1.000000,1.000000,1.000000,1.000000,1.000000,0.000000,0.800000,1.000000,0.081919,0.000000
77.015819,4.000000,1814.612183,-1.295486,702.031058,0.101881,0.000000,40.566437,31.330658,32.669663,-3.586511,0.086589,-3.865947,-0.003182,-0.010849,-1.496553,-48.070225,-0.132557,0.001571,-0.038560,1.000000,0.999998,-0.035472,83460.992188,0.961925,1.000000,1.000000,1.000000,1.000000,1.000000,1.000000,0.000000,0.800000,1.000000,0.081818,0.000000
77.069976,4.000000,1815.510010,-1.267618,702.030952,0.101942,0.000000,40.061489,30.787039,32.102809,-3.588604,0.081998,-3.874888,-0.001301,-0.004514,-1.496553,-48.093735,-0.133515,0.000943,-0.035914,1.000000,0.999998,-0.044924,83460.992188,0.962319,1.000000,1.000000,1.000000,1.000000,1.000000,1.000000,0.000000,0.800000,1.000000,0.082338,0.000000
77.121919,4.000000,1816.348511,-1.241454,702.030943,0.101270,0.000000,39.575169,30.264364,31.557801,-3.591149,0.078162,-3.881417,0.000173,0.000609,-1.496553,-48.115692,-0.134445,0.000799,-0.033588,1.000000,0.999998,-0.053489,83460.992188,0.959079,1.000000,1.000000,1.000000,1.000000,1.000000,1.000000,0.000000,0.800000,1.000000,0.082041,0.000000
77.172594,4.000000,1817.175049,-1.215571,702.030949,0.103162,0.000000,39.098782,29.750092,31.021545,-3.593771,0.074430,-3.885090,0.000224,0.000804,-1.496553,-48.137333,-0.137205,0.001532,-0.032715,1.000000,0.999998,-0.051395,83460.992188,0.963240,1.000000,1.000000,1.000000,1.000000,1.000000,1.000000,0.000000,0.800000,1.000000,0.080945,0.000000
77.222814,4.000000,1817.986084,-1.190131,702.031036,0.102674,0.000000,38.624802,29.232546,30.481879,-3.596255,0.070798,-3.897820,0.002723,0.009949,-1.496553,-48.158573,-0.139240,0.000582,-0.030927,1.000000,0.999998,-0.053714,83460.992188,0.967128,1.000000,1.000000,1.000000,1.000000,1.000000,1.000000,0.000000,0.800000,1.000000,0.082350,0.000000
77.274339,4.000000,1818.756958,-1.165938,702.031331,0.103040,0.000000,38.136494,28.721888,29.949395,-3.599147,0.068797,-3.919946,0.007285,0.027092,-1.496553,-48.178757,-0.141276,-0.001460,-0.029453,1.000000,0.999998,-0.056647,83460.992188,0.972126,1.000000,1.000000,1.000000,1.000000,1.000000,1.000000,0.000000,0.800000,1.000000,0.086014,0.000000
77.325553,4.000000,1819.530151,-1.141667,702.031896,0.104017,0.000000,37.649208,28.207415,29.412929,-3.601758,0.068074,-3.939933,0.012259,0.046418,-1.496553,-48.199005,-0.145617,-0.002553,-0.027855,1.000000,0.999998,-0.047722,83460.992188,0.965936,1.000000,1.000000,1.000000,1.000000,1.000000,1.000000,0.000000,0.800000,1.000000,0.089021,0.000000
77.379582,4.000000,1820.335571,-1.116389,702.032619,0.104627,0.000000,37.132950,27.666697,28.849101,-3.603847,0.069050,-3.945627,0.013505,0.052138,-1.496553,-48.220097,-0.151979,-0.004961,-0.027021,1.000000,0.999998,-0.029487,83460.992188,0.959360,1.000000,1.000000,1.000000,1.000000,1.000000,1.000000,0.000000,0.800000,1.000000,0.088236,0.000000
77.430469,4.000000,1821.087524,-1.092798,702.033269,0.103345,0.000000,36.645226,27.154991,28.315527,-3.604907,0.071721,-3.942504,0.012390,0.048732,-1.496553,-48.239784,-0.158593,-0.007041,-0.025924,1.000000,0.999998,-0.010411,83460.992188,0.959042,1.000000,1.000000,1.000000,1.000000,1.000000,1.000000,0.000000,0.800000,1.000000,0.085553,0.000000
77.482485,4.000000,1821.837646,-1.069281,702.033840,0.100660,0.000000,36.145031,26.642744,27.781392,-3.604980,0.076011,-3.935251,0.010411,0.041738,-1.496553,-48.259430,-0.164571,-0.008669,-0.025448,1.000000,0.999998,0.002986,83460.992188,0.955150,1.000000,1.000000,1.000000,1.000000,1.000000,1.000000,0.000000,0.800000,1.000000,0.082106,0.000000
77.534496,4.000000,1822.579468,-1.046052,702.034294,0.097364,0.000000,35.643505,26.123972,27.240451,-3.604352,0.080598,-3.924619,0.007972,0.032594,-1.496553,-48.278854,-0.171686,-0.008789,-0.024808,1.000000,0.999998,0.021603,83460.992188,0.954361,1.000000,1.000000,1.000000,1.000000,1.000000,1.000000,0.000000,0.800000,1.000000,0.078082,0.000000
77.587296,4.000000,1823.297485,-1.023619,702.034565,0.097059,0.000000,35.133110,25.618744,26.713639,-3.602799,0.085355,-3.906643,0.003931,0.016387,-1.496553,-48.297657,-0.177658,-0.009469,-0.023812,1.000000,0.999998,0.032872,83460.992188,0.955214,1.000000,1.000000,1.000000,1.000000,1.000000,1.000000,0.000000,0.800000,1.000000,0.072607,0.000000
77.638878,4.000000,1824.006958,-1.001529,702.034689,0.096448,0.000000,34.633625,25.107307,26.180347,-3.600906,0.090433,-3.899390,0.002091,0.008895,-1.496553,-48.316235,-0.182539,-0.010085,-0.023251,1.000000,0.999998,0.038735,83460.992188,0.960677,1.000000,1.000000,1.000000,1.000000,1.000000,1.000000,0.000000,0.800000,1.000000,0.069912,0.000000
77.693352,4.000000,1824.716309,-0.979529,702.034831,0.095899,0.000000,34.105053,24.586237,25.637002,-3.598644,0.095559,-3.903257,0.003160,0.013728,-1.496553,-48.334808,-0.187605,-0.009764,-0.022654,1.000000,0.999998,0.043883,83460.992188,0.962944,1.000000,1.000000,1.000000,1.000000,1.000000,1.000000,0.000000,0.800000,1.000000,0.069833,0.000000
77.749861,4.000000,1825.457275,-0.956682,702.035009,0.097364,0.000000,33.555855,24.035717,25.062952,-3.596091,0.100574,-3.898762,0.002944,0.013084,-1.496553,-48.354214,-0.191589,-0.010431,-0.023334,1.000000,0.999998,0.041407,83460.992188,0.961115,1.000000,1.000000,1.000000,1.000000,1.000000,1.000000,0.000000,0.800000,1.000000,0.067837,0.000000
77.800312,4.000000,1826.112305,-0.936617,702.035128,0.099683,0.000000,33.065571,23.540300,24.546363,-3.594171,0.105437,-3.892712,0.002110,0.009573,-1.496553,-48.371365,-0.194775,-0.010675,-0.022095,1.000000,0.999998,0.037885,83460.992188,0.959103,1.000000,1.000000,1.000000,1.000000,1.000000,1.000000,0.000000,0.800000,1.000000,0.065558,0.000000
77.855902,4.000000,1826.798096,-0.915753,702.035143,0.101697,0.000000,32.524548,23.044321,24.029189,-3.591327,0.110019,-3.874891,-0.000788,-0.003651,-1.496553,-48.389324,-0.203931,-0.009473,-0.017286,1.000000,0.999998,0.064512,83460.992188,0.957839,1.000000,1.000000,1.000000,1.000000,1.000000,1.000000,0.000000,0.800000,1.000000,0.060952,0.000000
77.906390,4.000000,1827.431152,-0.896620,702.034962,0.104627,0.000000,32.033997,22.612270,23.578674,-3.586960,0.112489,-3.851794,-0.004837,-0.022846,-1.496553,-48.405899,-0.215743,-0.007174,-0.007930,1.000000,0.999998,0.105980,83460.992188,0.961130,1.000000,1.000000,1.000000,1.000000,1.000000,1.000000,0.000000,0.800000,1.000000,0.055889,0.000000
77.960561,4.000000,1828.053589,-0.877896,702.034550,0.105115,0.000000,31.508434,22.207279,23.156369,-3.579829,0.113657,-3.825288,-0.008688,-0.041787,-1.496553,-48.422199,-0.228661,-0.006162,0.002965,1.000000,0.999998,0.148660,83460.992188,0.962541,1.000000,1.000000,1.000000,1.000000,1.000000,1.000000,0.000000,0.800000,1.000000,0.050827,0.000000
78.011025,4.000000,1828.660278,-0.859692,702.033998,0.104566,0.000000,31.020899,21.808270,22.740300,-3.571916,0.114459,-3.803699,-0.011622,-0.056922,-1.496553,-48.438084,-0.236119,-0.006087,0.011432,1.000000,0.999998,0.161575,83460.992188,0.965705,1.000000,1.000000,1.000000,1.000000,1.000000,1.000000,0.000000,0.800000,1.000000,0.047136,0.000000
78.063549,4.000000,1829.253662,-0.841893,702.033318,0.104444,0.000000,30.515810,21.411003,22.326049,-3.563236,0.115507,-3.786027,-0.013367,-0.066682,-1.496553,-48.453625,-0.241281,-0.006317,0.017393,1.000000,0.999998,0.160111,83460.992188,0.966555,1.000000,1.000000,1.000000,1.000000,1.000000,1.000000,0.000000,0.800000,1.000000,0.044439,0.000000
78.123683,4.000000,1829.792725,-0.825731,702.032476,0.104688,0.000000,29.938438,21.032528,21.931396,-3.554256,0.117302,-3.770887,-0.014041,-0.071303,-1.496553,-48.467739,-0.242786,-0.007478,0.018125,1.000000,0.999998,0.135589,83460.992188,0.965375,1.000000,1.000000,1.000000,1.000000,1.000000,1.000000,0.000000,0.800000,1.000000,0.042218,0.000000
78.175460,4.000000,1830.522827,-0.803870,702.031732,0.103467,0.000000,29.447544,20.468317,21.343071,-3.548814,0.119906,-3.765827,-0.014202,-0.074110,-1.496553,-48.486858,-0.236587,-0.009136,0.015168,1.000000,0.999998,0.076692,83460.992188,0.966924,1.000000,1.000000,1.000000,1.000000,1.000000,1.000000,0.000000,0.800000,1.000000,0.041358,0.000000
78.229560,4.000000,1831.090454,-0.786944,702.031034,0.104993,0.000000,28.937551,19.985840,20.839977,-3.546415,0.124439,-3.775009,-0.012143,-0.064894,-1.496553,-48.501720,-0.229147,-0.012211,0.007145,1.000000,0.999998,0.014785,83460.992188,0.968964,1.000000,1.000000,1.000000,1.000000,1.000000,1.000000,0.000000,0.800000,1.000000,0.042488,0.000000
78.286771,4.000000,1831.687866,-0.769255,702.030496,0.105787,0.000000,28.400902,19.436783,20.267462,-3.547459,0.132560,-3.796463,-0.008165,-0.044866,-1.496553,-48.517365,-0.222191,-0.016920,-0.004457,1.000000,0.999998,-0.040955,83460.992188,0.969279,1.000000,1.000000,1.000000,1.000000,1.000000,1.000000,0.000000,0.800000,1.000000,0.044990,0.000000
78.343945,4.000000,1832.273438,-0.752111,702.030128,0.104627,0.000000,27.866873,18.893604,19.701070,-3.550470,0.144017,-3.808234,-0.005955,-0.033663,-1.496553,-48.532700,-0.221383,-0.020686,-0.013948,1.000000,0.999998,-0.060524,83460.992188,0.963688,1.000000,1.000000,1.000000,1.000000,1.000000,1.000000,0.000000,0.800000,1.000000,0.045265,0.000000
78.402477,4.000000,1832.867920,-0.734967,702.029811,0.104017,0.000000,27.322565,18.344885,19.128902,-3.553652,0.158190,-3.814753,-0.005157,-0.029547,-1.496553,-48.548267,-0.226592,-0.024167,-0.023106,1.000000,0.999998,-0.047347,83460.992188,0.964634,1.000000,1.000000,1.000000,1.000000,1.000000,1.000000,0.000000,0.800000,1.000000,0.044548,0.000000
78.455145,4.000000,1833.372192,-0.720678,702.029519,0.102735,0.000000,26.833916,17.887024,18.651472,-3.555246,0.172975,-3.810208,-0.005820,-0.033345,-1.496553,-48.561470,-0.235129,-0.027225,-0.031267,1.000000,0.999998,-0.016336,83460.992188,0.963525,1.000000,1.000000,1.000000,1.000000,1.000000,1.000000,0.000000,0.800000,1.000000,0.042405,0.000000
78.508006,4.000000,1833.869629,-0.706846,702.029165,0.102491,0.000000,26.344799,17.438747,18.184036,-3.555324,0.188953,-3.802434,-0.006996,-0.040084,-1.496553,-48.574497,-0.242896,-0.028994,-0.039144,1.000000,0.999998,0.008138,83460.992188,0.965159,1.000000,1.000000,1.000000,1.000000,1.000000,1.000000,0.000000,0.800000,1.000000,0.040061,0.000000
78.565750,4.000000,1834.408203,-0.692201,702.028712,0.104200,0.000000,25.812550,16.949760,17.674146,-3.554292,0.206443,-3.793695,-0.008143,-0.046658,-1.496553,-48.588600,-0.250254,-0.029819,-0.047207,1.000000,0.999998,0.027123,83460.992188,0.967526,1.000000,1.000000,1.000000,1.000000,1.000000,1.000000,0.000000,0.800000,1.000000,0.037747,0.000000
78.622281,4.000000,1834.914429,-0.678791,702.028235,0.104200,0.000000,25.293575,16.497145,17.202187,-3.552113,0.223120,-3.789050,-0.008441,-0.048362,-1.496553,-48.601856,-0.257931,-0.030334,-0.054642,1.000000,0.999998,0.046444,83460.992188,0.969257,1.000000,1.000000,1.000000,1.000000,1.000000,1.000000,0.000000,0.800000,1.000000,0.036373,0.000000
78.676022,4.000000,1835.396606,-0.666373,702.027785,0.103406,0.000000,24.802658,16.061932,16.748374,-3.549142,0.237942,-3.785566,-0.008335,-0.047757,-1.496553,-48.614483,-0.264813,-0.029844,-0.061259,1.000000,0.999998,0.060754,83460.992188,0.969582,1.000000,1.000000,1.000000,1.000000,1.000000,1.000000,0.000000,0.800000,1.000000,0.035384,0.000000
78.727318,4.000000,1835.810913,-0.656002,702.027363,0.104017,0.000000,24.336010,15.685989,16.356363,-3.545767,0.250709,-3.781792,-0.008174,-0.046833,-1.496553,-48.625332,-0.270553,-0.029042,-0.067048,1.000000,0.999998,0.068651,83460.992188,0.969605,1.000000,1.000000,1.000000,1.000000,1.000000,1.000000,0.000000,0.800000,1.000000,0.034479,0.000000
78.784639,4.000000,1836.292969,-0.644305,702.026893,0.104932,0.000000,23.817814,15.244481,15.895986,-3.541785,0.263409,-3.775338,-0.008244,-0.047233,-1.496553,-48.637955,-0.275692,-0.028378,-0.072147,1.000000,0.999998,0.069809,83460.992188,0.970143,1.000000,1.000000,1.000000,1.000000,1.000000,1.000000,0.000000,0.800000,1.000000,0.033198,0.000000
78.839396,4.000000,1836.729736,-0.634050,702.026443,0.105299,0.000000,23.326281,14.837251,15.471351,-3.538082,0.274422,-3.772494,-0.008071,-0.046246,-1.496553,-48.649391,-0.279599,-0.028008,-0.077109,1.000000,0.999998,0.065388,83460.992188,0.972289,1.000000,1.000000,1.000000,1.000000,1.000000,1.000000,0.000000,0.800000,1.000000,0.032448,0.000000
78.893561,4.000000,1837.149048,-0.624498,702.026033,0.103773,0.000000,22.842993,14.439247,15.056340,-3.534783,0.284191,-3.773118,-0.007334,-0.042020,-1.496553,-48.660374,-0.282728,-0.027431,-0.080676,1.000000,0.999998,0.057153,83460.992188,0.972351,1.000000,1.000000,1.000000,1.000000,1.000000,1.000000,0.000000,0.800000,1.000000,0.032119,0.000000
78.947895,4.000000,1837.574341,-0.615093,702.025656,0.103040,0.000000,22.361881,14.024356,14.623716,-3.531893,0.292750,-3.771582,-0.006828,-0.039123,-1.496553,-48.671509,-0.285878,-0.026316,-0.081549,1.000000,0.999998,0.049290,83460.992188,0.969891,1.000000,1.000000,1.000000,1.000000,1.000000,1.000000,0.000000,0.800000,1.000000,0.031420,0.000000
79.002879,4.000000,1837.968750,-0.606605,702.025282,0.102491,0.000000,21.878878,13.620543,14.202646,-3.529588,0.299726,-3.767764,-0.006803,-0.038979,-1.496553,-48.681835,-0.287645,-0.024788,-0.080163,1.000000,0.999998,0.034377,83460.992188,0.969502,1.000000,1.000000,1.000000,1.000000,1.000000,1.000000,0.000000,0.800000,1.000000,0.030315,0.000000
79.058477,4.000000,1838.373413,-0.598106,702.024909,0.101942,0.000000,21.394375,13.180812,13.744122,-3.528140,0.305034,-3.767462,-0.006576,-0.037676,-1.496553,-48.692432,-0.288887,-0.023186,-0.074830,1.000000,0.999998,0.017721,83460.992188,0.970520,1.000000,1.000000,1.000000,1.000000,1.000000,1.000000,0.000000,0.800000,1.000000,0.029496,0.000000
79.110866,4.000000,1838.734741,-0.590662,702.024600,0.099256,0.000000,20.941486,12.750538,13.295457,-3.527745,0.308369,-3.774998,-0.005531,-0.031691,-1.496553,-48.701893,-0.288960,-0.021127,-0.066949,1.000000,0.999998,-0.002669,83460.992188,0.969926,1.000000,1.000000,1.000000,1.000000,1.000000,1.000000,0.000000,0.800000,1.000000,0.029466,0.000000
79.166689,4.000000,1839.110840,-0.583000,702.024360,0.096693,0.000000,20.462337,12.246558,12.769942,-3.528857,0.309688,-3.793735,-0.003588,-0.020559,-1.496553,-48.711742,-0.285992,-0.018460,-0.054914,1.000000,0.999998,-0.039204,83460.992188,0.969950,1.000000,1.000000,1.000000,1.000000,1.000000,1.000000,0.000000,0.800000,1.000000,0.030300,0.000000
79.217502,4.000000,1839.440186,-0.576306,702.024300,0.095411,0.000000,20.028000,11.754638,12.257001,-3.531804,0.308760,-3.828573,-0.000022,-0.000126,-1.496553,-48.720367,-0.282948,-0.015774,-0.042141,1.000000,0.999998,-0.071960,83460.992188,0.969295,1.000000,1.000000,1.000000,1.000000,1.000000,1.000000,0.000000,0.800000,1.000000,0.032558,0.000000
79.268803,4.000000,1839.752686,-0.569888,702.024421,0.094923,0.000000,19.590494,11.269228,11.750846,-3.535773,0.306035,-3.863180,0.003297,0.018890,-1.496553,-48.728550,-0.284254,-0.013584,-0.033123,1.000000,0.999998,-0.079308,83460.992188,0.969072,1.000000,1.000000,1.000000,1.000000,1.000000,1.000000,0.000000,0.800000,1.000000,0.034392,0.000000
79.324916,4.000000,1840.089844,-0.562849,702.024674,0.094190,0.000000,19.112627,10.744297,11.203477,-3.539738,0.301545,-3.878594,0.004760,0.027271,-1.496553,-48.737381,-0.290698,-0.011763,-0.023915,1.000000,0.999998,-0.060043,83460.992188,0.964294,1.000000,1.000000,1.000000,1.000000,1.000000,1.000000,0.000000,0.800000,1.000000,0.033955,0.000000
79.379442,4.000000,1840.397339,-0.556293,702.024876,0.092298,0.000000,18.648457,10.285102,10.724660,-3.541734,0.296096,-3.861530,0.002969,0.017008,-1.496553,-48.745430,-0.301529,-0.010190,-0.013316,1.000000,0.999998,-0.019132,83460.992188,0.963690,1.000000,1.000000,1.000000,1.000000,1.000000,1.000000,0.000000,0.800000,1.000000,0.030664,0.000000
79.436588,4.000000,1840.692261,-0.549845,702.024936,0.091810,0.000000,18.161997,9.861233,10.282679,-3.541200,0.289776,-3.827876,0.000086,0.000492,-1.496553,-48.753155,-0.314362,-0.009450,-0.002370,1.000000,0.999998,0.027637,83460.992188,0.962630,1.000000,1.000000,1.000000,1.000000,1.000000,1.000000,0.000000,0.800000,1.000000,0.026287,0.000000
79.493770,4.000000,1840.987183,-0.543205,702.024818,0.091077,0.000000,17.676050,9.431544,9.834624,-3.538632,0.283849,-3.795619,-0.002801,-0.016047,-1.496553,-48.760876,-0.324362,-0.009862,0.005702,1.000000,0.999998,0.056486,83460.992188,0.967139,1.000000,1.000000,1.000000,1.000000,1.000000,1.000000,0.000000,0.800000,1.000000,0.022513,0.000000
79.544669,4.000000,1841.246460,-0.537190,702.024631,0.090284,0.000000,17.244480,9.046831,9.433467,-3.535093,0.279574,-3.780349,-0.003905,-0.022372,-1.496553,-48.767666,-0.332188,-0.010878,0.010320,1.000000,0.999998,0.074631,83460.992188,0.969702,1.000000,1.000000,1.000000,1.000000,1.000000,1.000000,0.000000,0.800000,1.000000,0.020607,0.000000
79.597073,4.000000,1841.487061,-0.531462,702.024419,0.090345,0.000000,16.801508,8.678639,9.049539,-3.530685,0.276521,-3.773463,-0.004023,-0.023052,-1.496553,-48.773968,-0.339356,-0.012354,0.012788,1.000000,0.999998,0.087107,83460.992188,0.971274,1.000000,1.000000,1.000000,1.000000,1.000000,1.000000,0.000000,0.800000,1.000000,0.019519,0.000000
79.651611,4.000000,1841.738037,-0.525347,702.024207,0.089796,0.000000,16.342474,8.274287,8.627906,-3.525821,0.274896,-3.770502,-0.003765,-0.021570,-1.496553,-48.780540,-0.344448,-0.013999,0.013961,1.000000,0.999998,0.086268,83460.992188,0.971716,1.000000,1.000000,1.000000,1.000000,1.000000,1.000000,0.000000,0.800000,1.000000,0.018741,0.000000
79.709822,4.000000,1841.981079,-0.519295,702.024016,0.088880,0.000000,15.854826,7.861627,8.197610,-3.520816,0.275053,-3.773893,-0.003058,-0.017524,-1.496553,-48.786903,-0.349198,-0.016206,0.013307,1.000000,0.999998,0.081459,83460.992188,0.973435,1.000000,1.000000,1.000000,1.000000,1.000000,1.000000,0.000000,0.800000,1.000000,0.018360,0.000000
79.765326,4.000000,1842.209595,-0.513498,702.023895,0.087720,0.000000,15.392733,7.448873,7.767218,-3.516420,0.276998,-3.787509,-0.001774,-0.010162,-1.496553,-48.792889,-0.353267,-0.017952,0.011314,1.000000,0.999998,0.074411,83460.992188,0.973803,1.000000,1.000000,1.000000,1.000000,1.000000,1.000000,0.000000,0.800000,1.000000,0.018626,0.000000
79.817252,4.000000,1842.420288,-0.508083,702.023858,0.086256,0.000000,14.963099,7.046645,7.347800,-3.512745,0.279821,-3.804192,-0.000255,-0.001464,-1.496553,-48.798405,-0.356712,-0.019132,0.009552,1.000000,0.999998,0.065900,83460.992188,0.973392,1.000000,1.000000,1.000000,1.000000,1.000000,1.000000,0.000000,0.800000,1.000000,0.018979,0.000000
79.874301,4.000000,1842.623901,-0.502807,702.023880,0.086439,0.000000,14.494044,6.638469,6.922179,-3.509105,0.283793,-3.813801,0.000625,0.003579,-1.496553,-48.803738,-0.360938,-0.020279,0.008386,1.000000,0.999998,0.059112,83460.992188,0.972965,1.000000,1.000000,1.000000,1.000000,1.000000,1.000000,0.000000,0.800000,1.000000,0.018648,0.000000
79.925698,4.000000,1842.803101,-0.498136,702.023934,0.086988,0.000000,14.073735,6.255377,6.522714,-3.506176,0.287953,-3.824160,0.001293,0.007407,-1.496553,-48.808430,-0.364549,-0.021068,0.006600,1.000000,0.999998,0.052259,83460.992188,0.973336,1.000000,1.000000,1.000000,1.000000,1.000000,1.000000,0.000000,0.800000,1.000000,0.018341,0.000000
79.980839,4.000000,1842.979858,-0.493520,702.024046,0.087354,0.000000,13.625646,5.850400,6.100429,-3.503596,0.292621,-3.844895,0.002412,0.013820,-1.496553,-48.813057,-0.367342,-0.021454,0.003926,1.000000,0.999998,0.039505,83460.992188,0.972824,1.000000,1.000000,1.000000,1.000000,1.000000,1.000000,0.000000,0.800000,1.000000,0.018384,0.000000
80.033015,4.000000,1843.134644,-0.489489,702.024220,0.087720,0.000000,13.203630,5.460290,5.693644,-3.501950,0.297031,-3.874555,0.003753,0.021504,-1.496553,-48.817112,-0.368886,-0.021842,-0.000309,1.000000,0.999998,0.022502,83460.992188,0.971984,1.000000,1.000000,1.000000,1.000000,1.000000,1.000000,0.000000,0.800000,1.000000,0.018690,0.000000
80.085064,4.000000,1843.281860,-0.485690,702.024472,0.088331,0.000000,12.784749,5.043178,5.258700,-3.501371,0.301534,-3.914862,0.005306,0.030401,-1.496553,-48.820965,-0.368851,-0.022383,-0.006727,1.000000,0.999998,-0.001374,83460.992188,0.971160,1.000000,1.000000,1.000000,1.000000,1.000000,1.000000,0.000000,0.800000,1.000000,0.019147,0.000000
80.140559,4.000000,1843.425171,-0.482052,702.024844,0.088941,0.000000,12.340337,4.573243,4.768670,-3.502416,0.306418,-3.980249,0.007418,0.042504,-1.496553,-48.824718,-0.366608,-0.022953,-0.014800,1.000000,0.999998,-0.036186,83460.992188,0.969722,1.000000,1.000000,1.000000,1.000000,1.000000,1.000000,0.000000,0.800000,1.000000,0.020041,0.000000
80.198352,4.000000,1843.555420,-0.478824,702.025378,0.089185,0.000000,11.878626,4.057596,4.230962,-3.505938,0.311702,-4.087131,0.010114,0.057952,-1.496553,-48.828129,-0.360898,-0.023705,-0.024979,1.000000,0.999998,-0.086841,83460.992188,0.968008,1.000000,1.000000,1.000000,1.000000,1.000000,1.000000,0.000000,0.800000,1.000000,0.021497,0.000000
80.252198,4.000000,1843.669678,-0.476083,702.026055,0.089551,0.000000,11.448954,3.501688,3.651244,-3.511843,0.316733,-4.244701,0.013754,0.078802,-1.496553,-48.831120,-0.356496,-0.023885,-0.033018,1.000000,0.999998,-0.124267,83460.992188,0.967768,1.000000,1.000000,1.000000,1.000000,1.000000,1.000000,0.000000,0.800000,1.000000,0.023517,0.000000
80.302546,4.000000,1843.754028,-0.474143,702.026824,0.090101,0.000000,11.046132,3.030800,3.160179,-3.518319,0.320719,-4.391267,0.015791,0.090474,-1.496553,-48.833328,-0.356953,-0.023034,-0.036924,1.000000,0.999998,-0.132075,83460.992188,0.964929,1.000000,1.000000,1.000000,1.000000,1.000000,1.000000,0.000000,0.800000,1.000000,0.024050,0.000000
80.358188,4.000000,1843.836792,-0.472330,702.027735,0.090955,0.000000,10.599525,2.479273,2.585032,-3.525730,0.323830,-4.553432,0.016531,0.094714,-1.496553,-48.835495,-0.358654,-0.021750,-0.040235,1.000000,0.999998,-0.133417,83460.992188,0.961583,1.000000,1.000000,1.000000,1.000000,1.000000,1.000000,0.000000,0.800000,1.000000,0.023123,0.000000
80.411524,4.000000,1843.898193,-0.471073,702.028610,0.091810,0.000000,10.168795,1.973386,2.057481,-3.532705,0.325415,-4.740194,0.016278,0.093266,-1.496553,-48.837105,-0.361685,-0.020394,-0.043025,1.000000,0.999998,-0.126961,83460.992188,0.960069,1.000000,1.000000,1.000000,1.000000,1.000000,1.000000,0.000000,0.800000,1.000000,0.021323,0.000000
80.469266,4.000000,1843.953125,-0.470048,702.029326,0.092542,0.000000,9.700414,1.574911,1.642118,-3.533527,0.325523,-3.555990,0.009367,0.053666,-1.496553,-48.838543,-0.390053,-0.018051,-0.044362,1.000000,0.999998,0.007202,83460.992188,0.953069,1.000000,1.000000,1.000000,1.000000,1.000000,1.000000,0.000000,0.800000,1.000000,0.012379,0.000000
80.526987,4.000000,1843.994751,-0.469340,702.029620,0.092847,0.000000,9.231029,1.124699,1.172749,-3.531877,0.323495,-2.334328,0.003272,0.018746,-1.496553,-48.839634,-0.400652,-0.016470,-0.045598,1.000000,0.999998,0.040337,83460.992188,0.956705,1.000000,1.000000,1.000000,1.000000,1.000000,1.000000,0.000000,0.800000,1.000000,0.005549,0.000000
80.577151,4.000000,1844.019775,-0.468977,702.029660,0.092847,0.000000,8.822666,0.742295,0.774019,-3.529301,0.320984,-1.377020,-0.000203,-0.001166,-1.496553,-48.840286,-0.407938,-0.015954,-0.047712,1.000000,0.999998,0.058171,83460.992188,0.967827,1.000000,1.000000,1.000000,1.000000,1.000000,1.000000,0.000000,0.800000,1.000000,0.001326,0.000000
