time,phase,along_m,cross_m,elevation_m,agl_m,height_ft,ias,eas,groundspeed_kt,pitch,bank,alpha,vy,gamma,gamma_cmd,h_cmd,yoke,roll,rudder,speedbrake,speedbrake_actual,Q,mass,nz,main_wow,nose_wow,gear_cmd,gear0,gear1,gear2,chute,brakes,derotating,local_vy,radar_height_ft
0.004412,1.000000,-8483.588867,-11.120764,2965.360783,2265.447510,7433.715820,0.005759,0.000000,325.841886,-12.000011,-0.000029,7.993370,-62.312748,-20.391779,-20.544558,2255.737793,-0.025171,0.048182,-0.000003,0.000000,0.000000,-0.004514,102530.015625,1.392094,0.000000,0.000000,0.000000,0.000000,0.000000,0.000000,0.000000,0.000000,0.000000,-61.146168,7434.578125
0.054663,1.000000,-8482.850586,-11.119118,2962.238095,2262.324219,7432.850098,2.290090,298.625732,325.858437,-12.004109,0.027554,7.918787,-62.293861,-20.385156,-20.544794,2255.469238,-0.017213,0.005290,0.000461,0.025126,0.000000,-0.107140,102530.015625,1.411964,0.000000,0.000000,0.000000,0.000000,0.000000,0.000000,0.000000,0.000000,0.000000,-60.943005,7433.712402
0.111428,1.000000,-8466.184570,-11.082413,2958.720627,2258.806152,7412.584473,7.033382,298.748810,326.191705,-12.014695,0.059260,7.826543,-61.887310,-20.243944,-20.538256,2249.403320,-0.068026,0.014653,0.000208,0.053508,0.004004,-0.270637,102530.015625,1.440059,0.000000,0.000000,0.000000,0.000000,0.000000,0.000000,0.000000,0.000000,0.000000,-60.706676,7411.610352
0.167471,1.000000,-8456.659180,-11.061749,2955.261349,2255.345947,7401.068848,14.053025,298.812592,326.379576,-12.036034,0.085920,7.722321,-61.643032,-20.159815,-20.535631,2245.936279,-0.087434,0.015671,0.000121,0.081530,0.010560,-0.479444,102530.015625,1.441458,0.000000,0.000000,0.000000,0.000000,0.000000,0.000000,0.000000,0.000000,0.000000,-60.465282,7400.095215
0.224318,1.000000,-8447.177734,-11.041395,2951.766109,2251.850098,7389.658691,22.969303,298.871918,326.562137,-12.070184,0.111488,7.604985,-61.401199,-20.076727,-20.533884,2242.485352,-0.101790,0.015505,0.000062,0.109953,0.019582,-0.708748,102530.015625,1.429542,0.000000,0.000000,0.000000,0.000000,0.000000,0.000000,0.000000,0.000000,0.000000,-60.222534,7388.684570
0.281299,1.000000,-8437.650391,-11.021142,2948.276305,2248.359619,7378.245117,33.290443,298.932312,326.740220,-12.117665,0.136127,7.476724,-61.165565,-19.995762,-20.532997,2239.017578,-0.112923,0.015151,0.000006,0.138444,0.030701,-0.940687,102530.015625,1.412790,0.000000,0.000000,0.000000,0.000000,0.000000,0.000000,0.000000,0.000000,0.000000,-59.986847,7377.266602
0.337379,1.000000,-8428.395508,-11.001639,2944.854488,2244.937012,7367.206543,44.396027,298.992310,326.907447,-12.177240,0.159536,7.340903,-60.945930,-19.920230,-20.532932,2235.649170,-0.120333,0.014779,-0.000046,0.166484,0.043483,-1.166092,102530.015625,1.392243,0.000000,0.000000,0.000000,0.000000,0.000000,0.000000,0.000000,0.000000,0.000000,-59.764606,7366.227539
0.391827,1.000000,-8419.180664,-10.982372,2941.543804,2241.625244,7356.260742,55.778511,299.054169,327.067823,-12.246906,0.181512,7.201070,-60.738819,-19.848859,-20.533623,2232.295166,-0.126390,0.014414,-0.000095,0.193708,0.057453,-1.376149,102530.015625,1.368501,0.000000,0.000000,0.000000,0.000000,0.000000,0.000000,0.000000,0.000000,0.000000,-59.560539,7355.282227
0.444543,1.000000,-8410.440430,-10.964220,2938.348641,2238.437744,7345.917480,67.137238,299.114929,327.213902,-12.324924,0.202117,7.059241,-60.554527,-19.785169,-20.534918,2229.114014,-0.129580,0.014065,-0.000142,0.220066,0.072292,-1.567722,102530.015625,1.342471,0.000000,0.000000,0.000000,0.000000,0.000000,0.000000,0.000000,0.000000,0.000000,-59.375504,7344.938477
0.495176,1.000000,-8401.930664,-10.946650,2935.288535,2235.389893,7335.881348,78.194000,299.176819,327.350163,-12.408971,0.221311,6.918118,-60.387829,-19.727334,-20.536753,2226.016602,-0.131826,0.013733,-0.000185,0.245382,0.087641,-1.737698,102530.015625,1.315663,0.000000,0.000000,0.000000,0.000000,0.000000,0.000000,0.000000,0.000000,0.000000,-59.210667,7334.877930
0.549732,1.000000,-8392.656250,-10.927604,2932.000250,2232.114502,7324.979492,90.130714,299.247101,327.491645,-12.508662,0.241361,6.761959,-60.221653,-19.669374,-20.539352,2222.641113,-0.133585,0.013380,-0.000230,0.272660,0.105245,-1.902105,102530.015625,1.284111,0.000000,0.000000,0.000000,0.000000,0.000000,0.000000,0.000000,0.000000,0.000000,-59.048454,7323.976074
0.602219,1.000000,-8383.592773,-10.909080,2928.844570,2228.971436,7314.357910,101.510460,299.319946,327.622538,-12.612514,0.260066,6.608755,-60.075249,-19.617971,-20.542429,2219.342285,-0.134737,0.013048,-0.000271,0.298904,0.123134,-2.042136,102530.015625,1.254181,0.000000,0.000000,0.000000,0.000000,0.000000,0.000000,0.000000,0.000000,0.000000,-58.907612,7313.354492
0.653948,1.000000,-8375.135742,-10.891866,2925.741277,2225.880615,7304.473633,112.536934,299.389618,327.738066,-12.721576,0.277958,6.455914,-59.952942,-19.574694,-20.545744,2216.264160,-0.133372,0.012730,-0.000309,0.324768,0.141584,-2.162162,102530.015625,1.222866,0.000000,0.000000,0.000000,0.000000,0.000000,0.000000,0.000000,0.000000,0.000000,-58.783665,7303.470215
0.704601,1.000000,-8366.648438,-10.874648,2922.708331,2222.860107,7294.576660,123.083229,299.463501,327.847277,-12.833876,0.294975,6.305495,-59.844578,-19.535979,-20.549459,2213.175049,-0.132248,0.012424,-0.000345,0.350095,0.160362,-2.261822,102530.015625,1.194215,0.000000,0.000000,0.000000,0.000000,0.000000,0.000000,0.000000,0.000000,0.000000,-58.676788,7293.758301
0.756888,1.000000,-8357.742188,-10.856633,2919.582804,2219.747070,7284.214355,133.659363,299.542480,327.954589,-12.954562,0.312042,6.150397,-59.746033,-19.500339,-20.553730,2209.933350,-0.131177,0.012112,-0.000379,0.376238,0.180407,-2.345745,102530.015625,1.162719,0.000000,0.000000,0.000000,0.000000,0.000000,0.000000,0.000000,0.000000,0.000000,-58.581532,7283.395996
0.807112,1.000000,-8349.161133,-10.839318,2916.584892,2216.761475,7274.247559,143.478378,299.621765,328.050838,-13.074155,0.327968,6.002348,-59.665588,-19.470776,-20.558149,2206.810059,-0.129801,0.011821,-0.000410,0.401350,0.200237,-2.409522,102530.015625,1.134428,0.000000,0.000000,0.000000,0.000000,0.000000,0.000000,0.000000,0.000000,0.000000,-58.503994,7273.429199
0.857624,1.000000,-8340.605469,-10.822087,2913.573347,2213.761719,7264.325684,152.992111,299.702148,328.139731,-13.197221,0.343542,5.855121,-59.599087,-19.445831,-20.562805,2203.696289,-0.127998,0.011539,-0.000439,0.426606,0.220690,-2.457144,102530.015625,1.105977,0.000000,0.000000,0.000000,0.000000,0.000000,0.000000,0.000000,0.000000,0.000000,-58.439518,7263.507324
0.911798,1.000000,-8331.738281,-10.804259,2910.346675,2210.548096,7254.056641,162.766022,299.786591,328.223820,-13.331384,0.359759,5.699797,-59.543926,-19.424578,-20.567875,2200.468750,-0.125312,0.011247,-0.000469,0.442531,0.242947,-2.490939,102530.015625,1.077130,0.000000,0.000000,0.000000,0.000000,0.000000,0.000000,0.000000,0.000000,0.000000,-58.384628,7253.394531
0.966461,1.000000,-8322.370117,-10.785450,2907.093469,2207.308105,7243.218262,172.174286,299.876923,328.304289,-13.468098,0.375575,5.546623,-59.500561,-19.407087,-20.573420,2197.059082,-0.123462,0.011051,-0.000521,0.445692,0.263834,-2.507386,102530.015625,1.048526,0.000000,0.000000,0.000000,0.000000,0.000000,0.000000,0.000000,0.000000,0.000000,-58.343956,7242.556152
1.022861,1.000000,-8312.959961,-10.766584,2903.738785,2203.967041,7232.340820,181.389099,299.970032,328.377017,-13.609634,0.391360,5.392911,-59.471531,-19.394350,-20.579163,2193.634033,-0.120943,0.010768,-0.000570,0.448952,0.283455,-2.509394,102530.015625,1.021518,0.000000,0.000000,0.000000,0.000000,0.000000,0.000000,0.000000,0.000000,0.000000,-58.316486,7231.679199
1.075963,1.000000,-8304.072266,-10.748787,2900.581303,2200.822021,7222.074219,189.602066,300.058929,328.438800,-13.742641,0.405773,5.252697,-59.456783,-19.386524,-20.584703,2190.399170,-0.118490,0.010494,-0.000611,0.452063,0.300329,-2.499083,102530.015625,0.996743,0.000000,0.000000,0.000000,0.000000,0.000000,0.000000,0.000000,0.000000,0.000000,-58.303474,7221.412598
1.133925,1.000000,-8294.445313,-10.729522,2897.135222,2197.390137,7210.956055,198.072281,300.156891,328.498567,-13.886813,0.421031,5.105132,-59.454082,-19.382446,-20.590752,2186.895264,-0.115672,0.010198,-0.000651,0.455492,0.317173,-2.475359,102530.015625,0.971258,0.000000,0.000000,0.000000,0.000000,0.000000,0.000000,0.000000,0.000000,0.000000,-58.302814,7210.446777
1.185570,1.000000,-8285.348633,-10.711324,2894.064419,2194.331787,7200.451660,205.173782,300.250671,328.548575,-14.013837,0.434224,4.978855,-59.463608,-19.382589,-20.596495,2183.584229,-0.113379,0.009944,-0.000681,0.458773,0.330937,-2.444650,102530.015625,0.948744,0.000000,0.000000,0.000000,0.000000,0.000000,0.000000,0.000000,0.000000,0.000000,-58.313641,7199.942383
1.238317,1.000000,-8276.548828,-10.693724,2890.927221,2191.207520,7190.288574,212.014694,300.342285,328.591197,-14.141699,0.447312,4.855209,-59.483414,-19.386236,-20.602043,2180.381348,-0.110573,0.009690,-0.000708,0.461980,0.343920,-2.404913,102530.015625,0.927671,0.000000,0.000000,0.000000,0.000000,0.000000,0.000000,0.000000,0.000000,0.000000,-58.335140,7189.779297
1.291225,1.000000,-8267.669922,-10.675962,2887.779027,2188.072021,7180.031738,218.469864,300.436829,328.628866,-14.267625,0.460058,4.736823,-59.513367,-19.393212,-20.607609,2177.149902,-0.107734,0.009445,-0.000732,0.465289,0.355963,-2.357438,102530.015625,0.907890,0.000000,0.000000,0.000000,0.000000,0.000000,0.000000,0.000000,0.000000,0.000000,-58.366741,7179.676270
1.346066,1.000000,-8258.422852,-10.657458,2884.513762,2184.820068,7169.343262,224.747681,300.536163,328.662709,-14.395280,0.472877,4.620271,-59.554527,-19.403773,-20.613308,2173.784180,-0.104727,0.009198,-0.000753,0.468766,0.367519,-2.301147,102530.015625,0.888496,0.000000,0.000000,0.000000,0.000000,0.000000,0.000000,0.000000,0.000000,0.000000,-58.409447,7168.987793
1.400228,1.000000,-8249.317383,-10.639226,2881.286359,2181.605713,7158.810547,230.550095,300.635437,328.691005,-14.518144,0.485152,4.511441,-59.604382,-19.417255,-20.618797,2170.469971,-0.101697,0.008960,-0.000770,0.472240,0.378108,-2.239364,102530.015625,0.870577,0.000000,0.000000,0.000000,0.000000,0.000000,0.000000,0.000000,0.000000,0.000000,-58.460934,7158.455078
1.452111,1.000000,-8240.522461,-10.621603,2878.191924,2178.523926,7148.628906,235.753189,300.731720,328.713874,-14.632561,0.496563,4.413141,-59.660744,-19.432989,-20.623976,2167.269043,-0.098736,0.008740,-0.000783,0.475611,0.387566,-2.175110,102530.015625,0.854643,0.000000,0.000000,0.000000,0.000000,0.000000,0.000000,0.000000,0.000000,0.000000,-58.518356,7148.273438
1.506500,1.000000,-8231.264648,-10.603038,2874.944615,2175.289795,7137.901855,240.851624,300.834320,328.733539,-14.748796,0.508167,4.316415,-59.728176,-19.452229,-20.629278,2163.899414,-0.095588,0.008517,-0.000795,0.479201,0.396841,-2.103043,102530.015625,0.839072,0.000000,0.000000,0.000000,0.000000,0.000000,0.000000,0.000000,0.000000,0.000000,-58.586483,7137.741699
1.557607,1.000000,-8222.654297,-10.585750,2871.889692,2172.247070,7127.912109,245.330154,300.930267,328.748073,-14.854338,0.518739,4.231408,-59.797672,-19.472364,-20.634005,2160.765381,-0.092638,0.008316,-0.000803,0.482560,0.405016,-2.031897,102530.015625,0.825869,0.000000,0.000000,0.000000,0.000000,0.000000,0.000000,0.000000,0.000000,0.000000,-58.657177,7127.751953
1.610134,1.000000,-8213.589844,-10.567527,2868.745955,2169.115967,7117.382813,249.633133,301.033173,328.759700,-14.958933,0.529278,4.149976,-59.877274,-19.495694,-20.638781,2157.466309,-0.089404,0.008109,-0.000809,0.486161,0.412928,-1.955830,102530.015625,0.812596,0.000000,0.000000,0.000000,0.000000,0.000000,0.000000,0.000000,0.000000,0.000000,-58.736061,7117.222656
1.673234,1.000000,-8204.393555,-10.549016,2864.963678,2165.348877,7106.686523,254.426056,301.137634,328.767945,-15.079155,0.541512,4.060110,-59.964417,-19.521470,-20.643404,2154.119141,-0.087493,0.007886,-0.000815,0.489817,0.421863,-1.860740,102530.015625,0.800200,0.000000,0.000000,0.000000,0.000000,0.000000,0.000000,0.000000,0.000000,0.000000,-58.838493,7106.525879
1.723297,1.000000,-8194.822266,-10.529716,2861.958150,2162.355713,7095.534668,257.946960,301.246735,328.773136,-15.170262,0.550893,3.994802,-60.060879,-19.550209,-20.647913,2150.635498,-0.083321,0.007697,-0.000817,0.493636,0.428542,-1.783826,102530.015625,0.789552,0.000000,0.000000,0.000000,0.000000,0.000000,0.000000,0.000000,0.000000,0.000000,-58.924953,7095.564453
1.776460,1.000000,-8185.868652,-10.511632,2858.761642,2159.171875,7085.086426,261.434723,301.349548,328.775064,-15.262723,0.560542,3.931267,-60.156155,-19.578759,-20.651871,2147.376465,-0.080378,0.007512,-0.000819,0.497235,0.435295,-1.700470,102530.015625,0.780282,0.000000,0.000000,0.000000,0.000000,0.000000,0.000000,0.000000,0.000000,0.000000,-59.021393,7085.116211
1.830065,1.000000,-8176.788086,-10.493259,2855.533254,2155.956299,7074.471680,264.704376,301.454224,328.774411,-15.351439,0.569955,3.873104,-60.257069,-19.609135,-20.655596,2144.071533,-0.077371,0.007330,-0.000818,0.500898,0.441782,-1.615446,102530.015625,0.772072,0.000000,0.000000,0.000000,0.000000,0.000000,0.000000,0.000000,0.000000,0.000000,-59.122822,7074.501953
1.887154,1.000000,-8167.221191,-10.473866,2852.088933,2152.525635,7063.268555,267.932465,301.564636,328.771178,-15.440878,0.579638,3.817517,-60.367420,-19.642479,-20.659199,2140.589355,-0.074381,0.007143,-0.000817,0.504762,0.448370,-1.524431,102530.015625,0.764792,0.000000,0.000000,0.000000,0.000000,0.000000,0.000000,0.000000,0.000000,0.000000,-59.234814,7063.298828
1.939368,1.000000,-8158.299316,-10.455742,2848.933078,2149.382324,7052.801758,270.666595,301.668243,328.766047,-15.518127,0.588188,3.772309,-60.473694,-19.674689,-20.662247,2137.342041,-0.071449,0.006974,-0.000815,0.508389,0.454146,-1.440605,102530.015625,0.758903,0.000000,0.000000,0.000000,0.000000,0.000000,0.000000,0.000000,0.000000,0.000000,-59.340504,7052.988770
1.995310,1.000000,-8148.860840,-10.436528,2845.545697,2146.008057,7041.707520,273.383392,301.778564,328.758750,-15.596043,0.597033,3.729609,-60.588814,-19.709663,-20.665136,2133.906738,-0.068583,0.006804,-0.000812,0.512250,0.460089,-1.351289,102530.015625,0.753012,0.000000,0.000000,0.000000,0.000000,0.000000,0.000000,0.000000,0.000000,0.000000,-59.456398,7041.895020
2.047230,1.000000,-8139.979004,-10.418407,2842.396020,2142.870850,7031.247559,275.719421,301.882660,328.750297,-15.663896,0.604958,3.695172,-60.699471,-19.743348,-20.667530,2130.674072,-0.065793,0.006648,-0.000808,0.515893,0.465410,-1.268495,102530.015625,0.748520,0.000000,0.000000,0.000000,0.000000,0.000000,0.000000,0.000000,0.000000,0.000000,-59.566166,7031.435059
2.102257,1.000000,-8130.627930,-10.399284,2839.051614,2139.539551,7020.213379,278.014038,301.991974,328.739916,-15.731140,0.613058,3.663955,-60.817944,-19.779472,-20.669701,2127.270508,-0.063064,0.006488,-0.000804,0.519719,0.470867,-1.181129,102530.015625,0.745271,0.000000,0.000000,0.000000,0.000000,0.000000,0.000000,0.000000,0.000000,0.000000,-59.684341,7020.490723
2.157972,1.000000,-8121.393066,-10.380352,2835.658658,2136.159912,7009.293457,280.165894,302.098938,328.728764,-15.794338,0.620950,3.637485,-60.935726,-19.815419,-20.671476,2123.909424,-0.060708,0.006332,-0.000799,0.523463,0.476196,-1.095803,102530.015625,0.743709,0.000000,0.000000,0.000000,0.000000,0.000000,0.000000,0.000000,0.000000,0.000000,-59.804680,7009.570801
2.209058,1.000000,-8112.684082,-10.362453,2832.541770,2133.055420,6998.975098,281.990387,302.201111,328.717166,-15.848167,0.627917,3.617743,-61.048019,-19.849730,-20.672825,2120.739502,-0.058292,0.006192,-0.000794,0.527039,0.480959,-1.017214,102530.015625,0.741744,0.000000,0.000000,0.000000,0.000000,0.000000,0.000000,0.000000,0.000000,0.000000,-59.916260,6999.252441
2.261600,1.000000,-8103.742188,-10.344030,2829.330103,2129.856201,6988.360840,283.732910,302.306091,328.704590,-15.899387,0.634824,3.601678,-61.163639,-19.885081,-20.673880,2117.485107,-0.055912,0.006052,-0.000789,0.530714,0.485729,-0.938203,102530.015625,0.740713,0.000000,0.000000,0.000000,0.000000,0.000000,0.000000,0.000000,0.000000,0.000000,-60.031277,6988.638184
2.316163,1.000000,-8094.612305,-10.325171,2825.988510,2126.527588,6977.501465,285.408844,302.412445,328.691183,-15.948236,0.641722,3.589331,-61.281727,-19.921204,-20.674610,2114.161865,-0.053861,0.005912,-0.000783,0.534435,0.490562,-0.858202,102530.015625,0.741236,0.000000,0.000000,0.000000,0.000000,0.000000,0.000000,0.000000,0.000000,0.000000,-60.150639,6977.934570
2.372071,1.000000,-8085.034668,-10.305328,2822.557805,2123.110107,6966.086426,286.995270,302.524078,328.676828,-15.993809,0.648503,3.581000,-61.405056,-19.958936,-20.674992,2110.676025,-0.051353,0.005771,-0.000778,0.538343,0.495394,-0.778811,102530.015625,0.741782,0.000000,0.000000,0.000000,0.000000,0.000000,0.000000,0.000000,0.000000,0.000000,-60.272396,6966.519531
2.422335,1.000000,-8076.486816,-10.287570,2819.467677,2120.031982,6955.877930,288.315674,302.623505,328.663747,-16.031052,0.654358,3.577130,-61.514820,-19.992522,-20.674999,2107.564941,-0.049412,0.005649,-0.000772,0.541822,0.499657,-0.708362,102530.015625,0.743285,0.000000,0.000000,0.000000,0.000000,0.000000,0.000000,0.000000,0.000000,0.000000,-60.381500,6956.311035
2.475603,1.000000,-8067.840820,-10.269558,2816.186914,2116.763916,6945.533203,289.614868,302.723694,328.650430,-16.066713,0.660320,3.576493,-61.624817,-20.026179,-20.674698,2104.417969,-0.048379,0.005527,-0.000767,0.545330,0.504088,-0.636223,102530.015625,0.745261,0.000000,0.000000,0.000000,0.000000,0.000000,0.000000,0.000000,0.000000,0.000000,-60.496010,6945.966309
2.526930,1.000000,-8059.071289,-10.251236,2813.019984,2113.609131,6935.020996,290.775543,302.824463,328.637142,-16.097511,0.665827,3.579031,-61.735184,-20.059934,-20.674070,2101.226074,-0.046479,0.005410,-0.000762,0.548857,0.508281,-0.569119,102530.015625,0.748414,0.000000,0.000000,0.000000,0.000000,0.000000,0.000000,0.000000,0.000000,0.000000,-60.605049,6935.631836
2.582754,1.000000,-8049.627441,-10.231442,2809.569306,2110.171631,6923.678711,291.943878,302.933350,328.623053,-16.127176,0.671564,3.585133,-61.852413,-20.095773,-20.673038,2097.788818,-0.044797,0.005286,-0.000756,0.552667,0.512768,-0.498290,102530.015625,0.751265,0.000000,0.000000,0.000000,0.000000,0.000000,0.000000,0.000000,0.000000,0.000000,-60.722080,6924.289551
2.637450,1.000000,-8040.490234,-10.212227,2806.182092,2106.797119,6912.683594,293.001038,303.037994,328.609794,-16.152479,0.676930,3.594247,-61.963963,-20.129856,-20.671696,2094.463135,-0.043538,0.005171,-0.000751,0.556330,0.517094,-0.431551,102530.015625,0.754721,0.000000,0.000000,0.000000,0.000000,0.000000,0.000000,0.000000,0.000000,0.000000,-60.834778,6913.294434
2.692984,1.000000,-8031.077637,-10.192367,2802.736739,2103.364990,6901.335938,293.993530,303.143921,328.596744,-16.174547,0.682123,3.606288,-62.076351,-20.164165,-20.669970,2091.037354,-0.041947,0.005055,-0.000745,0.560037,0.521405,-0.367969,102530.015625,0.760106,0.000000,0.000000,0.000000,0.000000,0.000000,0.000000,0.000000,0.000000,0.000000,-60.946552,6901.946777
2.746989,1.000000,-8021.968750,-10.173077,2799.380382,2100.021240,6890.333984,294.885590,303.247192,328.584761,-16.192690,0.686938,3.620579,-62.182705,-20.196599,-20.667959,2087.721924,-0.040670,0.004947,-0.000740,0.563652,0.525539,-0.308463,102530.015625,0.763757,0.000000,0.000000,0.000000,0.000000,0.000000,0.000000,0.000000,0.000000,0.000000,-61.052948,6891.034180
2.801622,1.000000,-8012.791992,-10.153577,2795.979254,2096.633057,6879.230957,295.720184,303.349915,328.573252,-16.207844,0.691574,3.637479,-62.287598,-20.228560,-20.665623,2084.381836,-0.039643,0.004839,-0.000736,0.567247,0.529673,-0.250214,102530.015625,0.769061,0.000000,0.000000,0.000000,0.000000,0.000000,0.000000,0.000000,0.000000,0.000000,-61.158192,6879.930664
2.853272,1.000000,-8003.765625,-10.134325,2792.758641,2093.424561,6868.290527,296.451599,303.450897,328.562812,-16.219326,0.695744,3.655468,-62.387985,-20.259105,-20.663013,2081.096436,-0.038019,0.004741,-0.000731,0.570782,0.533532,-0.197815,102530.015625,0.773559,0.000000,0.000000,0.000000,0.000000,0.000000,0.000000,0.000000,0.000000,0.000000,-61.255074,6868.990723
2.909861,1.000000,-7994.293945,-10.114048,2789.224407,2089.903564,6856.791504,297.194153,303.555145,328.552727,-16.228895,0.700078,3.677153,-62.490147,-20.290149,-20.659958,2077.649170,-0.037218,0.004635,-0.000727,0.574430,0.537702,-0.143925,102530.015625,0.779619,0.000000,0.000000,0.000000,0.000000,0.000000,0.000000,0.000000,0.000000,0.000000,-61.357967,6857.707031
2.963959,1.000000,-7985.123535,-10.094338,2785.840416,2086.532227,6845.639648,297.850555,303.655396,328.543977,-16.235273,0.704000,3.699652,-62.585926,-20.319204,-20.656700,2074.311279,-0.036332,0.004542,-0.000723,0.577939,0.541640,-0.095171,102530.015625,0.785596,0.000000,0.000000,0.000000,0.000000,0.000000,0.000000,0.000000,0.000000,0.000000,-61.453190,6846.555664
3.019169,1.000000,-7976.020020,-10.074695,2782.381649,2083.086426,6834.552246,298.471466,303.753204,328.536295,-16.239159,0.707786,3.724098,-62.677578,-20.346958,-20.653189,2070.997803,-0.035983,0.004447,-0.000719,0.581363,0.545601,-0.049262,102530.015625,0.792431,0.000000,0.000000,0.000000,0.000000,0.000000,0.000000,0.000000,0.000000,0.000000,-61.546780,6835.468262
3.071884,1.000000,-7967.168457,-10.055519,2779.074478,2079.791504,6823.755859,299.021240,303.848114,328.529829,-16.240580,0.711199,3.748733,-62.763615,-20.372963,-20.649513,2067.776123,-0.035444,0.004359,-0.000716,0.584684,0.549340,-0.007743,102530.015625,0.798608,0.000000,0.000000,0.000000,0.000000,0.000000,0.000000,0.000000,0.000000,0.000000,-61.633018,6824.671875
3.123800,1.000000,-7959.203613,-10.038199,2775.813063,2076.542236,6814.027832,299.525177,303.932404,328.524816,-16.239901,0.714367,3.774054,-62.838249,-20.395480,-20.645994,2064.877197,-0.036463,0.004282,-0.000713,0.587634,0.552977,0.030347,102530.015625,0.804723,0.000000,0.000000,0.000000,0.000000,0.000000,0.000000,0.000000,0.000000,0.000000,-61.714725,6815.115234
3.178336,1.000000,-7949.024902,-10.015972,2772.382637,2073.124512,6801.579590,300.016815,304.039063,328.519685,-16.237177,0.717500,3.801524,-62.929672,-20.422997,-20.641214,2061.172607,-0.033991,0.004184,-0.000710,0.591367,0.556751,0.067289,102530.015625,0.811792,0.000000,0.000000,0.000000,0.000000,0.000000,0.000000,0.000000,0.000000,0.000000,-61.796963,6802.666504
3.230335,1.000000,-7940.328613,-9.996901,2769.107717,2069.861572,6790.929688,300.452576,304.129791,328.516333,-16.232725,0.720312,3.828606,-63.004585,-20.445490,-20.636904,2058.007324,-0.033844,0.004107,-0.000707,0.594542,0.560319,0.101180,102530.015625,0.818009,0.000000,0.000000,0.000000,0.000000,0.000000,0.000000,0.000000,0.000000,0.000000,-61.872356,6792.016602
3.283692,1.000000,-7931.429199,-9.977300,2765.743305,2066.509766,6780.017578,300.869049,304.221344,328.514020,-16.226406,0.723013,3.857028,-63.077824,-20.467419,-20.632261,2054.768066,-0.033781,0.004029,-0.000705,0.597747,0.563939,0.133174,102530.015625,0.824661,0.000000,0.000000,0.000000,0.000000,0.000000,0.000000,0.000000,0.000000,0.000000,-61.946194,6781.104492
3.334469,1.000000,-7922.778320,-9.958167,2762.538025,2063.316162,6769.398438,301.238678,304.309296,328.512834,-16.218872,0.725414,3.884557,-63.145737,-20.487693,-20.627562,2051.619629,-0.033482,0.003956,-0.000703,0.600826,0.567348,0.161385,102530.015625,0.831250,0.000000,0.000000,0.000000,0.000000,0.000000,0.000000,0.000000,0.000000,0.000000,-62.013191,6770.637695
3.391157,1.000000,-7913.261230,-9.937024,2758.955723,2059.747070,6757.703125,301.622894,304.405029,328.512685,-16.208843,0.727906,3.915723,-63.216682,-20.508804,-20.622173,2048.155518,-0.033500,0.003877,-0.000700,0.604176,0.571114,0.190368,102530.015625,0.838496,0.000000,0.000000,0.000000,0.000000,0.000000,0.000000,0.000000,0.000000,0.000000,-62.084213,6758.942383
3.448692,1.000000,-7903.549316,-9.915344,2755.315920,2056.120605,6745.754883,301.984711,304.501434,328.513783,-16.197081,0.730235,3.947611,-63.284893,-20.529025,-20.616453,2044.620728,-0.033490,0.003795,-0.000698,0.607550,0.574887,0.216792,102530.015625,0.845780,0.000000,0.000000,0.000000,0.000000,0.000000,0.000000,0.000000,0.000000,0.000000,-62.152103,6746.994141
3.499599,1.000000,-7894.801758,-9.895725,2752.092274,2052.908691,6734.982910,302.283142,304.586670,328.515889,-16.185472,0.732135,3.975916,-63.342758,-20.546108,-20.611130,2041.436890,-0.033281,0.003728,-0.000697,0.610533,0.578186,0.237729,102530.015625,0.852707,0.000000,0.000000,0.000000,0.000000,0.000000,0.000000,0.000000,0.000000,0.000000,-62.208664,6736.222168
3.556337,1.000000,-7885.495605,-9.874757,2748.496116,2049.325439,6723.512207,302.593597,304.676727,328.519270,-16.171345,0.734079,4.007478,-63.400677,-20.563129,-20.605291,2038.049683,-0.033877,0.003656,-0.000695,0.613685,0.581823,0.258980,102530.015625,0.859720,0.000000,0.000000,0.000000,0.000000,0.000000,0.000000,0.000000,0.000000,0.000000,-62.267975,6724.901855
3.612057,1.000000,-7875.775879,-9.852747,2744.961341,2045.803711,6711.520508,302.877502,304.769073,328.523986,-16.156374,0.735815,4.038322,-63.457088,-20.579622,-20.599007,2034.512085,-0.033583,0.003585,-0.000693,0.616917,0.585349,0.277178,102530.015625,0.866989,0.000000,0.000000,0.000000,0.000000,0.000000,0.000000,0.000000,0.000000,0.000000,-62.322262,6712.910156
3.663940,1.000000,-7867.136230,-9.833088,2741.667361,2042.521729,6700.853516,303.124817,304.849670,328.529236,-16.141581,0.737281,4.066807,-63.503792,-20.593196,-20.593287,2031.367432,-0.033996,0.003524,-0.000692,0.619739,0.588591,0.291971,102530.015625,0.873846,0.000000,0.000000,0.000000,0.000000,0.000000,0.000000,0.000000,0.000000,0.000000,-62.369354,6702.242676
3.717148,1.000000,-7858.248535,-9.812767,2738.286829,2039.153320,6689.871582,303.362732,304.932465,328.535613,-16.125666,0.738638,4.095699,-63.548458,-20.606097,-20.587267,2028.132568,-0.034417,0.003461,-0.000691,0.622637,0.591874,0.305124,102530.015625,0.879889,0.000000,0.000000,0.000000,0.000000,0.000000,0.000000,0.000000,0.000000,0.000000,-62.414261,6691.361328
3.769139,1.000000,-7849.561523,-9.792810,2734.981414,2035.859863,6679.130859,303.580872,305.011902,328.542702,-16.109493,0.739824,4.123541,-63.588970,-20.617721,-20.581266,2024.970825,-0.034873,0.003405,-0.000690,0.625416,0.595045,0.316302,102530.015625,0.886031,0.000000,0.000000,0.000000,0.000000,0.000000,0.000000,0.000000,0.000000,0.000000,-62.454918,6680.620605
3.822219,1.000000,-7840.562012,-9.772036,2731.604687,2032.495361,6667.997559,303.790222,305.092224,328.551007,-16.092430,0.740900,4.151483,-63.627678,-20.628738,-20.574944,2021.695190,-0.035187,0.003346,-0.000689,0.628227,0.598241,0.325771,102530.015625,0.892911,0.000000,0.000000,0.000000,0.000000,0.000000,0.000000,0.000000,0.000000,0.000000,-62.493122,6669.486816
3.874066,1.000000,-7831.660645,-9.751387,2728.304540,2029.207031,6656.979492,303.982422,305.171783,328.560172,-16.075329,0.741819,4.178238,-63.662708,-20.638610,-20.568592,2018.455444,-0.035428,0.003289,-0.000688,0.631012,0.601324,0.333460,102530.015625,0.898757,0.000000,0.000000,0.000000,0.000000,0.000000,0.000000,0.000000,0.000000,0.000000,-62.527351,6658.468750
3.927611,1.000000,-7822.507813,-9.730045,2724.894548,2025.809326,6645.643555,304.169403,305.251801,328.570464,-16.057295,0.742633,4.205248,-63.695484,-20.647748,-20.561956,2015.124023,-0.035753,0.003231,-0.000687,0.633813,0.604470,0.339666,102530.015625,0.905193,0.000000,0.000000,0.000000,0.000000,0.000000,0.000000,0.000000,0.000000,0.000000,-62.559505,6647.435059
3.980176,1.000000,-7813.949219,-9.709992,2721.545390,2022.472412,6635.039551,304.342377,305.326202,328.580786,-16.039303,0.743310,4.231124,-63.723244,-20.655393,-20.555679,2012.008911,-0.036637,0.003182,-0.000687,0.636417,0.607522,0.344505,102530.015625,0.910736,0.000000,0.000000,0.000000,0.000000,0.000000,0.000000,0.000000,0.000000,0.000000,-62.588097,6636.831543
4.034775,1.000000,-7804.739258,-9.688305,2718.065148,2019.004639,6623.623535,304.511810,305.404236,328.592739,-16.020403,0.743882,4.257213,-63.750004,-20.662646,-20.548843,2008.656860,-0.037175,0.003130,-0.000686,0.639148,0.610649,0.347745,102530.015625,0.916935,0.000000,0.000000,0.000000,0.000000,0.000000,0.000000,0.000000,0.000000,0.000000,-62.614590,6625.415527
4.087634,1.000000,-7795.875977,-9.667326,2714.694528,2015.645996,6612.634277,304.666718,305.478882,328.604960,-16.001978,0.744313,4.281657,-63.772701,-20.668677,-20.542206,2005.430908,-0.037751,0.003079,-0.000686,0.641761,0.613628,0.349182,102530.015625,0.922207,0.000000,0.000000,0.000000,0.000000,0.000000,0.000000,0.000000,0.000000,0.000000,-62.637215,6614.425781
4.138714,1.000000,-7787.064453,-9.646363,2711.436299,2012.399414,6601.705566,304.808380,305.551544,328.617832,-15.984131,0.744622,4.304508,-63.792603,-20.673840,-20.535557,2002.223755,-0.038105,0.003029,-0.000685,0.644304,0.616473,0.349549,102530.015625,0.927565,0.000000,0.000000,0.000000,0.000000,0.000000,0.000000,0.000000,0.000000,0.000000,-62.656471,6603.503418
4.189532,1.000000,-7778.641602,-9.626224,2708.193868,2009.168701,6591.255859,304.942474,305.620728,328.630676,-15.966388,0.744825,4.326452,-63.809101,-20.677995,-20.529150,1999.158081,-0.038768,0.002984,-0.000685,0.646726,0.619259,0.348754,102530.015625,0.932132,0.000000,0.000000,0.000000,0.000000,0.000000,0.000000,0.000000,0.000000,0.000000,-62.673119,6593.053711
4.241931,1.000000,-7769.691895,-9.604721,2704.849776,2005.836548,6580.150879,305.073303,305.693115,328.644794,-15.948150,0.744930,4.348300,-63.824261,-20.681679,-20.522314,1995.900635,-0.039342,0.002937,-0.000685,0.649259,0.622113,0.347614,102530.015625,0.937000,0.000000,0.000000,0.000000,0.000000,0.000000,0.000000,0.000000,0.000000,0.000000,-62.687923,6581.948730
4.294083,1.000000,-7760.858887,-9.583390,2701.520758,2002.519287,6569.188477,305.197083,305.762726,328.659298,-15.930089,0.744935,4.369174,-63.836704,-20.684534,-20.515528,1992.685669,-0.039985,0.002894,-0.000684,0.651695,0.624917,0.345356,102530.015625,0.942087,0.000000,0.000000,0.000000,0.000000,0.000000,0.000000,0.000000,0.000000,0.000000,-62.700150,6570.986328
4.345317,1.000000,-7752.026855,-9.561955,2698.249793,1999.260010,6558.226074,305.312744,305.831940,328.674277,-15.912485,0.744838,4.388840,-63.846760,-20.686653,-20.508722,1989.471069,-0.040541,0.002850,-0.000684,0.654118,0.627641,0.342375,102530.015625,0.946650,0.000000,0.000000,0.000000,0.000000,0.000000,0.000000,0.000000,0.000000,0.000000,-62.709885,6560.158203
4.395350,1.000000,-7743.704102,-9.541656,2695.055091,1996.076782,6547.894531,305.420593,305.895569,328.688870,-15.895467,0.744658,4.407188,-63.854057,-20.687977,-20.502291,1986.441895,-0.041301,0.002811,-0.000684,0.656345,0.630263,0.338349,102530.015625,0.951103,0.000000,0.000000,0.000000,0.000000,0.000000,0.000000,0.000000,0.000000,0.000000,-62.717178,6549.826660
4.447318,1.000000,-7735.163086,-9.520723,2691.736518,1992.770020,6537.291992,305.527771,305.959869,328.704204,-15.878031,0.744374,4.425339,-63.859455,-20.688694,-20.495684,1983.333130,-0.042150,0.002772,-0.000684,0.658595,0.632948,0.333252,102530.015625,0.955479,0.000000,0.000000,0.000000,0.000000,0.000000,0.000000,0.000000,0.000000,0.000000,-62.722580,6539.224121
4.500463,1.000000,-7726.002441,-9.498156,2688.342568,1989.387939,6525.919922,305.632507,306.029114,328.721022,-15.860497,0.743994,4.442931,-63.862938,-20.688758,-20.488600,1979.999023,-0.042727,0.002728,-0.000683,0.661019,0.635651,0.327139,102530.015625,0.959295,0.000000,0.000000,0.000000,0.000000,0.000000,0.000000,0.000000,0.000000,0.000000,-62.725895,6527.852539
4.553368,1.000000,-7717.120117,-9.476160,2684.963838,1986.021362,6514.893555,305.732239,306.094299,328.737632,-15.843390,0.743528,4.459477,-63.864285,-20.688200,-20.481724,1976.766113,-0.043456,0.002692,-0.000683,0.663300,0.638307,0.320444,102530.015625,0.963245,0.000000,0.000000,0.000000,0.000000,0.000000,0.000000,0.000000,0.000000,0.000000,-62.727154,6517.020996
4.608252,1.000000,-7707.929688,-9.453286,2681.458722,1982.528564,6503.485840,305.831268,306.160645,328.755132,-15.826027,0.742951,4.475617,-63.863613,-20.686993,-20.474630,1973.421021,-0.044228,0.002652,-0.000683,0.665622,0.641021,0.312791,102530.015625,0.967108,0.000000,0.000000,0.000000,0.000000,0.000000,0.000000,0.000000,0.000000,0.000000,-62.726376,6505.613281
4.665777,1.000000,-7698.303711,-9.429198,2677.785064,1978.851563,6491.537598,305.930725,306.229370,328.773729,-15.808311,0.742250,4.491395,-63.860752,-20.685074,-20.467207,1969.917480,-0.045020,0.002612,-0.000683,0.668028,0.643820,0.304090,102530.015625,0.970821,0.000000,0.000000,0.000000,0.000000,0.000000,0.000000,0.000000,0.000000,0.000000,-62.723400,6493.665039
4.722544,1.000000,-7688.708984,-9.405059,2674.160056,1975.203247,6479.629883,306.024902,306.296722,328.792445,-15.791323,0.741468,4.505872,-63.855896,-20.682556,-20.459837,1966.425293,-0.045753,0.002572,-0.000683,0.670386,0.646541,0.295023,102530.015625,0.974338,0.000000,0.000000,0.000000,0.000000,0.000000,0.000000,0.000000,0.000000,0.000000,-62.718460,6481.757324
4.778049,1.000000,-7679.656738,-9.382165,2670.615972,1971.636230,6468.397461,306.113281,306.359589,328.810271,-15.775228,0.740617,4.518971,-63.849594,-20.679662,-20.452909,1963.130493,-0.046626,0.002537,-0.000682,0.672586,0.649165,0.285833,102530.015625,0.977432,0.000000,0.000000,0.000000,0.000000,0.000000,0.000000,0.000000,0.000000,0.000000,-62.711842,6470.554688
4.834668,1.000000,-7669.680664,-9.356798,2667.001203,1967.998291,6456.020508,306.200012,306.428314,328.830114,-15.759356,0.739665,4.531240,-63.840748,-20.675897,-20.445314,1959.499512,-0.047170,0.002495,-0.000682,0.674991,0.651797,0.275934,102530.015625,0.980401,0.000000,0.000000,0.000000,0.000000,0.000000,0.000000,0.000000,0.000000,0.000000,-62.703297,6458.178223
4.886775,1.000000,-7660.558594,-9.333479,2663.674973,1964.650635,6444.705566,306.277100,306.488861,328.848178,-15.745243,0.738722,4.541625,-63.831135,-20.672007,-20.438398,1956.179321,-0.047709,0.002460,-0.000682,0.677110,0.654189,0.266672,102530.015625,0.983272,0.000000,0.000000,0.000000,0.000000,0.000000,0.000000,0.000000,0.000000,0.000000,-62.694016,6446.862793
4.938880,1.000000,-7651.808594,-9.311002,2660.349401,1961.303467,6433.854492,306.351776,306.546661,328.865559,-15.731617,0.737705,4.551139,-63.820580,-20.667878,-20.431808,1952.994629,-0.048403,0.002429,-0.000682,0.679133,0.656550,0.257217,102530.015625,0.985764,0.000000,0.000000,0.000000,0.000000,0.000000,0.000000,0.000000,0.000000,0.000000,-62.683430,6435.759766
4.995113,1.000000,-7642.652344,-9.287364,2656.761040,1957.691895,6422.502441,306.429993,306.603546,328.883681,-15.717482,0.736535,4.560408,-63.808205,-20.663166,-20.424961,1949.661987,-0.049199,0.002396,-0.000682,0.681124,0.659051,0.246593,102530.015625,0.988660,0.000000,0.000000,0.000000,0.000000,0.000000,0.000000,0.000000,0.000000,0.000000,-62.670578,6424.407715
5.048609,1.000000,-7633.575195,-9.263815,2653.348044,1954.256958,6411.251465,306.502014,306.665863,328.901715,-15.704585,0.735357,4.568336,-63.794693,-20.658123,-20.418219,1946.358154,-0.049863,0.002365,-0.000681,0.683306,0.661402,0.236586,102530.015625,0.990136,0.000000,0.000000,0.000000,0.000000,0.000000,0.000000,0.000000,0.000000,0.000000,-62.657200,6413.156738
5.105545,1.000000,-7623.999023,-9.238845,2649.716415,1950.601563,6399.385254,306.576447,306.725983,328.920520,-15.691450,0.734033,4.575830,-63.779263,-20.652467,-20.411167,1942.872803,-0.050563,0.002334,-0.000681,0.685409,0.663868,0.225762,102530.015625,0.992352,0.000000,0.000000,0.000000,0.000000,0.000000,0.000000,0.000000,0.000000,0.000000,-62.641727,6401.291016
5.156602,1.000000,-7615.321777,-9.216106,2646.460564,1947.324707,6388.636230,306.641479,306.780731,328.937486,-15.680201,0.732788,4.581732,-63.764275,-20.647048,-20.404825,1939.714478,-0.051148,0.002302,-0.000681,0.687326,0.666046,0.215981,102530.015625,0.994031,0.000000,0.000000,0.000000,0.000000,0.000000,0.000000,0.000000,0.000000,0.000000,-62.626873,6390.321289
5.209445,1.000000,-7606.305176,-9.192368,2643.091650,1943.933838,6377.470215,306.707001,306.836823,328.954837,-15.669080,0.731443,4.587080,-63.747803,-20.641167,-20.398293,1936.432739,-0.051745,0.002273,-0.000681,0.689289,0.668275,0.205968,102530.015625,0.995646,0.000000,0.000000,0.000000,0.000000,0.000000,0.000000,0.000000,0.000000,0.000000,-62.610634,6379.155273
5.260130,1.000000,-7598.101563,-9.170671,2639.861158,1940.682495,6367.313965,306.768585,306.886383,328.970587,-15.658913,0.730102,4.591479,-63.732067,-20.635597,-20.392399,1933.446899,-0.052397,0.002249,-0.000680,0.691024,0.670382,0.196339,102530.015625,0.997103,0.000000,0.000000,0.000000,0.000000,0.000000,0.000000,0.000000,0.000000,0.000000,-62.594261,6368.999023
5.315948,1.000000,-7588.468262,-9.145072,2636.304505,1937.102783,6355.392090,306.834869,306.945190,328.988710,-15.648284,0.728573,4.595528,-63.712723,-20.628820,-20.385548,1929.940674,-0.052960,0.002216,-0.000680,0.693082,0.672662,0.185719,102530.015625,0.998444,0.000000,0.000000,0.000000,0.000000,0.000000,0.000000,0.000000,0.000000,0.000000,-62.575401,6357.077148
5.372761,1.000000,-7578.660645,-9.118878,2632.685562,1933.460327,6343.258789,306.900848,307.003967,329.006892,-15.638056,0.726955,4.598854,-63.692242,-20.621703,-20.378643,1926.370972,-0.053536,0.002184,-0.000680,0.695138,0.674959,0.175159,102530.015625,0.999726,0.000000,0.000000,0.000000,0.000000,0.000000,0.000000,0.000000,0.000000,0.000000,-62.555466,6344.693359
5.424182,1.000000,-7570.208496,-9.096198,2629.411091,1930.164551,6332.806641,306.959412,307.053528,329.022256,-15.629325,0.725442,4.601174,-63.674000,-20.615412,-20.372759,1923.294556,-0.054115,0.002162,-0.000680,0.696873,0.677010,0.165729,102530.015625,1.000726,0.000000,0.000000,0.000000,0.000000,0.000000,0.000000,0.000000,0.000000,0.000000,-62.536816,6334.240723
5.476401,1.000000,-7561.176270,-9.071854,2626.086805,1926.818726,6321.640137,307.017700,307.107300,329.038392,-15.620942,0.723860,4.602911,-63.653954,-20.608542,-20.366528,1920.007202,-0.054619,0.002133,-0.000679,0.698755,0.679070,0.156337,102530.015625,1.001611,0.000000,0.000000,0.000000,0.000000,0.000000,0.000000,0.000000,0.000000,0.000000,-62.517357,6323.074707
5.531110,1.000000,-7551.894531,-9.046722,2622.605122,1923.314331,6310.169922,307.077759,307.161316,329.054705,-15.612679,0.722158,4.604077,-63.632835,-20.601343,-20.360199,1916.628906,-0.055161,0.002105,-0.000679,0.700646,0.681201,0.146660,102530.015625,1.002447,0.000000,0.000000,0.000000,0.000000,0.000000,0.000000,0.000000,0.000000,0.000000,-62.496460,6311.604492
5.582051,1.000000,-7543.364746,-9.023525,2619.364282,1920.052246,6299.633301,307.132782,307.210052,329.069269,-15.605456,0.720528,4.604590,-63.613022,-20.594632,-20.354454,1913.524292,-0.055669,0.002084,-0.000679,0.702352,0.683165,0.137857,102530.015625,1.003134,0.000000,0.000000,0.000000,0.000000,0.000000,0.000000,0.000000,0.000000,0.000000,-62.476597,6300.713867
5.640124,1.000000,-7533.753906,-8.997269,2615.670966,1916.334717,6287.765137,307.194672,307.264557,329.085345,-15.597764,0.718622,4.604534,-63.590271,-20.586963,-20.348043,1910.026245,-0.056232,0.002057,-0.000678,0.704259,0.685376,0.128054,102530.015625,1.003755,0.000000,0.000000,0.000000,0.000000,0.000000,0.000000,0.000000,0.000000,0.000000,-62.453526,6288.845703
5.691828,1.000000,-7524.913574,-8.973009,2612.383853,1913.026123,6276.853027,307.248932,307.314728,329.099700,-15.591383,0.716880,4.603938,-63.569004,-20.579833,-20.342226,1906.808594,-0.056691,0.002031,-0.000678,0.706016,0.687317,0.119541,102530.015625,1.004191,0.000000,0.000000,0.000000,0.000000,0.000000,0.000000,0.000000,0.000000,0.000000,-62.432659,6277.933594
5.749495,1.000000,-7515.357910,-8.946668,2608.718938,1909.337402,6265.062988,307.308807,307.368469,329.114798,-15.584785,0.714897,4.602693,-63.545719,-20.572061,-20.336014,1903.330566,-0.057208,0.002009,-0.000677,0.707896,0.689452,0.110307,102530.015625,1.004554,0.000000,0.000000,0.000000,0.000000,0.000000,0.000000,0.000000,0.000000,0.000000,-62.409092,6265.972656
5.799754,1.000000,-7506.334961,-8.921685,2605.525944,1906.123291,6253.934570,307.360229,307.418152,329.128649,-15.579461,0.713130,4.601148,-63.523518,-20.564683,-20.330231,1900.046509,-0.057600,0.001980,-0.000677,0.709636,0.691294,0.102522,102530.015625,1.004839,0.000000,0.000000,0.000000,0.000000,0.000000,0.000000,0.000000,0.000000,0.000000,-62.388351,6254.844238
5.855453,1.000000,-7497.116699,-8.896051,2601.988579,1902.562744,6242.569824,307.416626,307.467926,329.142352,-15.574007,0.711137,4.598958,-63.500645,-20.557113,-20.324390,1896.691406,-0.058071,0.001955,-0.000676,0.711378,0.693311,0.094179,102530.015625,1.005042,0.000000,0.000000,0.000000,0.000000,0.000000,0.000000,0.000000,0.000000,0.000000,-62.365189,6243.479492
5.909691,1.000000,-7488.012695,-8.870627,2598.545255,1899.096802,6231.350586,307.471100,307.517151,329.155344,-15.569130,0.709159,4.596382,-63.477928,-20.549630,-20.318695,1893.377808,-0.058499,0.001931,-0.000676,0.713100,0.695253,0.086359,102530.015625,1.005131,0.000000,0.000000,0.000000,0.000000,0.000000,0.000000,0.000000,0.000000,0.000000,-62.342510,6232.260254
5.966201,1.000000,-7478.537598,-8.844052,2594.959018,1895.487061,6219.678223,307.527344,307.567841,329.168424,-15.564496,0.707061,4.593258,-63.454189,-20.541839,-20.312838,1889.929077,-0.058922,0.001907,-0.000675,0.714875,0.697251,0.078530,102530.015625,1.005139,0.000000,0.000000,0.000000,0.000000,0.000000,0.000000,0.000000,0.000000,0.000000,-62.318787,6220.202637
6.021845,1.000000,-7469.061523,-8.817365,2591.429062,1891.933838,6208.010742,307.582123,307.617767,329.180971,-15.560357,0.704958,4.589764,-63.430393,-20.534061,-20.307079,1886.480103,-0.059332,0.001882,-0.000675,0.716622,0.699195,0.071155,102530.015625,1.005085,0.000000,0.000000,0.000000,0.000000,0.000000,0.000000,0.000000,0.000000,0.000000,-62.295383,6208.534668
6.077368,1.000000,-7459.781738,-8.791118,2587.908092,1888.389893,6196.588379,307.636292,307.667023,329.192776,-15.556621,0.702827,4.585916,-63.407078,-20.526469,-20.301498,1883.102539,-0.059718,0.001858,-0.000674,0.718346,0.701115,0.064125,102530.015625,1.004946,0.000000,0.000000,0.000000,0.000000,0.000000,0.000000,0.000000,0.000000,0.000000,-62.272022,6197.112305
6.134160,1.000000,-7450.210938,-8.763936,2584.308005,1884.766113,6184.813477,307.691193,307.717041,329.204343,-15.553194,0.700615,4.581623,-63.383045,-20.518676,-20.295837,1879.619019,-0.060106,0.001836,-0.000673,0.720097,0.703054,0.057278,102530.015625,1.004739,0.000000,0.000000,0.000000,0.000000,0.000000,0.000000,0.000000,0.000000,0.000000,-62.248150,6185.337402
6.186169,1.000000,-7441.356445,-8.738687,2581.012323,1881.448486,6173.923828,307.741272,307.762512,329.214606,-15.550393,0.698556,4.577400,-63.360870,-20.511509,-20.290667,1876.396240,-0.060439,0.001813,-0.000673,0.721688,0.704810,0.051317,102530.015625,1.004503,0.000000,0.000000,0.000000,0.000000,0.000000,0.000000,0.000000,0.000000,0.000000,-62.226349,6174.274414
6.237114,1.000000,-7432.802246,-8.714202,2577.785166,1878.199951,6163.407715,307.789825,307.805786,329.224008,-15.547941,0.696516,4.573018,-63.339516,-20.504635,-20.285740,1873.282837,-0.060760,0.001791,-0.000672,0.723202,0.706514,0.045747,102530.015625,1.004233,0.000000,0.000000,0.000000,0.000000,0.000000,0.000000,0.000000,0.000000,0.000000,-62.205067,6163.758301
6.290785,1.000000,-7423.575195,-8.687691,2574.386505,1874.779663,6152.068359,307.840698,307.853424,329.233589,-15.545656,0.694340,4.568168,-63.316582,-20.497281,-20.280485,1869.924438,-0.061070,0.001771,-0.000671,0.724870,0.708294,0.040186,102530.015625,1.003868,0.000000,0.000000,0.000000,0.000000,0.000000,0.000000,0.000000,0.000000,0.000000,-62.182755,6152.418457
6.345020,1.000000,-7414.279297,-8.660882,2570.953354,1871.324341,6140.649414,307.891815,307.899658,329.242754,-15.543640,0.692107,4.563038,-63.293610,-20.489940,-20.275280,1866.541016,-0.061387,0.001745,-0.000670,0.726488,0.710075,0.034877,102530.015625,1.003498,0.000000,0.000000,0.000000,0.000000,0.000000,0.000000,0.000000,0.000000,0.000000,-62.160336,6141.000000
6.400875,1.000000,-7405.005371,-8.634033,2567.418935,1867.767090,6129.261719,307.944153,307.946320,329.251207,-15.541850,0.689785,4.557557,-63.270847,-20.482701,-20.270153,1863.165527,-0.061696,0.001724,-0.000669,0.728121,0.711890,0.029733,102530.015625,1.003050,0.000000,0.000000,0.000000,0.000000,0.000000,0.000000,0.000000,0.000000,0.000000,-62.137413,6129.323730
6.455452,1.000000,-7395.531738,-8.606502,2563.966630,1864.292236,6117.632813,307.994934,307.992706,329.259364,-15.540370,0.687491,4.552016,-63.247776,-20.475387,-20.264986,1859.717407,-0.061976,0.001700,-0.000668,0.729745,0.713646,0.025020,102530.015625,1.002598,0.000000,0.000000,0.000000,0.000000,0.000000,0.000000,0.000000,0.000000,0.000000,-62.115196,6117.695313
6.506358,1.000000,-7387.223633,-8.582273,2560.747639,1861.052368,6107.438965,308.042114,308.032684,329.265978,-15.539216,0.685327,4.546695,-63.227707,-20.469052,-20.260517,1856.693604,-0.062238,0.001684,-0.000668,0.731144,0.715266,0.020902,102530.015625,1.002141,0.000000,0.000000,0.000000,0.000000,0.000000,0.000000,0.000000,0.000000,0.000000,-62.094643,6107.500977
6.559823,1.000000,-7378.000488,-8.555284,2557.367961,1857.650757,6096.125977,308.091339,308.078247,329.272830,-15.538222,0.683032,4.540978,-63.205620,-20.462103,-20.255629,1853.336670,-0.062499,0.001659,-0.000667,0.732739,0.716954,0.016848,102530.015625,1.001635,0.000000,0.000000,0.000000,0.000000,0.000000,0.000000,0.000000,0.000000,0.000000,-62.073250,6096.188477
6.611267,1.000000,-7369.198730,-8.529438,2554.117120,1854.378906,6085.333984,308.138489,308.120789,329.278851,-15.537465,0.680800,4.535361,-63.184742,-20.455561,-20.251024,1850.133057,-0.062740,0.001638,-0.000666,0.734227,0.718566,0.013212,102530.015625,1.001120,0.000000,0.000000,0.000000,0.000000,0.000000,0.000000,0.000000,0.000000,0.000000,-62.052864,6085.027832
6.663570,1.000000,-7360.537109,-8.503919,2550.813079,1851.053223,6074.717773,308.186188,308.162598,329.284338,-15.536878,0.678510,4.529558,-63.164391,-20.449206,-20.246557,1846.980469,-0.062988,0.001620,-0.000665,0.735691,0.720190,0.009764,102530.015625,1.000587,0.000000,0.000000,0.000000,0.000000,0.000000,0.000000,0.000000,0.000000,0.000000,-62.032337,6074.411621
6.721067,1.000000,-7351.022461,-8.475789,2547.182177,1847.398682,6063.059082,308.238525,308.207275,329.289737,-15.536424,0.675974,4.523093,-63.142273,-20.442330,-20.241705,1843.517456,-0.063235,0.001599,-0.000663,0.737254,0.721956,0.006250,102530.015625,0.999994,0.000000,0.000000,0.000000,0.000000,0.000000,0.000000,0.000000,0.000000,0.000000,-62.010025,6062.753418
6.775314,1.000000,-7341.750488,-8.448282,2543.757690,1843.951782,6051.702637,308.287628,308.252045,329.294482,-15.536186,0.673564,4.516906,-63.120960,-20.435731,-20.237055,1840.142700,-0.063466,0.001580,-0.000662,0.738822,0.723607,0.003206,102530.015625,0.999400,0.000000,0.000000,0.000000,0.000000,0.000000,0.000000,0.000000,0.000000,0.000000,-61.989220,6051.133789
6.832608,1.000000,-7332.147461,-8.419695,2540.142087,1840.312744,6039.945313,308.339142,308.296753,329.298813,-15.536099,0.670993,4.510322,-63.099159,-20.429009,-20.232307,1836.647461,-0.063701,0.001557,-0.000661,0.740386,0.725334,0.000253,102530.015625,0.998787,0.000000,0.000000,0.000000,0.000000,0.000000,0.000000,0.000000,0.000000,0.000000,-61.967518,6039.375977
6.885315,1.000000,-7323.258789,-8.393145,2536.817058,1836.966064,6029.065918,308.386383,308.337555,329.302253,-15.536164,0.668605,4.504226,-63.079224,-20.422892,-20.227972,1833.412231,-0.063906,0.001536,-0.000660,0.741814,0.726906,-0.002226,102530.015625,0.998201,0.000000,0.000000,0.000000,0.000000,0.000000,0.000000,0.000000,0.000000,0.000000,-61.947800,6028.496582
6.937564,1.000000,-7314.432129,-8.366699,2533.521954,1833.656250,6018.265625,308.432953,308.378143,329.305190,-15.536344,0.666224,4.498160,-63.059658,-20.416914,-20.223726,1830.199585,-0.064104,0.001515,-0.000658,0.743235,0.728452,-0.004475,102530.015625,0.997627,0.000000,0.000000,0.000000,0.000000,0.000000,0.000000,0.000000,0.000000,0.000000,-61.928493,6017.696777
6.988988,1.000000,-7305.739258,-8.340572,2530.279868,1830.405640,6007.632813,308.478485,308.418213,329.307622,-15.536631,0.663864,4.492181,-63.040630,-20.411123,-20.219595,1827.035645,-0.064288,0.001497,-0.000657,0.744637,0.729962,-0.006485,102530.015625,0.997042,0.000000,0.000000,0.000000,0.000000,0.000000,0.000000,0.000000,0.000000,0.000000,-61.909729,6006.809082
7.040373,1.000000,-7296.887207,-8.313890,2527.041205,1827.179443,5996.808594,308.523834,308.458191,329.309520,-15.537018,0.661492,4.486204,-63.021484,-20.405327,-20.215450,1823.813843,-0.064467,0.001480,-0.000656,0.746036,0.731464,-0.008299,102530.015625,0.996463,0.000000,0.000000,0.000000,0.000000,0.000000,0.000000,0.000000,0.000000,0.000000,-61.891209,5995.984863
7.092570,1.000000,-7287.984863,-8.286974,2523.752344,1823.978271,5985.925293,308.569611,308.499359,329.310974,-15.537501,0.659064,4.480135,-63.002476,-20.399597,-20.211323,1820.573608,-0.064635,0.001459,-0.000654,0.747477,0.732978,-0.009955,102530.015625,0.995876,0.000000,0.000000,0.000000,0.000000,0.000000,0.000000,0.000000,0.000000,0.000000,-61.872635,5985.102051
7.146613,1.000000,-7278.972656,-8.259647,2520.348198,1820.662354,5974.912109,308.616882,308.539612,329.311982,-15.538094,0.656533,4.473864,-62.983475,-20.393894,-20.207211,1817.293457,-0.064820,0.001440,-0.000653,0.748887,0.734534,-0.011481,102530.015625,0.995287,0.000000,0.000000,0.000000,0.000000,0.000000,0.000000,0.000000,0.000000,0.000000,-61.853653,5974.088379
7.198367,1.000000,-7270.007813,-8.232385,2517.089201,1817.487793,5963.960449,308.661926,308.580536,329.312457,-15.538733,0.654091,4.467883,-62.964821,-20.388324,-20.203178,1814.030518,-0.064984,0.001419,-0.000652,0.750319,0.736014,-0.012779,102530.015625,0.994712,0.000000,0.000000,0.000000,0.000000,0.000000,0.000000,0.000000,0.000000,0.000000,-61.835716,5963.685059
7.251543,1.000000,-7260.946289,-8.204747,2513.741634,1814.227295,5952.893066,308.707886,308.620911,329.312397,-15.539452,0.651570,4.461778,-62.946209,-20.382797,-20.199148,1810.732422,-0.065142,0.001397,-0.000650,0.751732,0.737522,-0.013953,102530.015625,0.994131,0.000000,0.000000,0.000000,0.000000,0.000000,0.000000,0.000000,0.000000,0.000000,-61.817524,5952.617676
7.302011,1.000000,-7252.967285,-8.180346,2510.565447,1811.133301,5943.150879,308.751312,308.655457,329.311952,-15.540186,0.649166,4.456023,-62.930019,-20.378011,-20.195646,1807.828247,-0.065315,0.001384,-0.000648,0.752941,0.738942,-0.014921,102530.015625,0.993608,0.000000,0.000000,0.000000,0.000000,0.000000,0.000000,0.000000,0.000000,0.000000,-61.800484,5942.875488
7.354432,1.000000,-7243.720215,-8.151993,2507.267261,1807.920776,5931.863770,308.796295,308.697601,329.310885,-15.540998,0.646654,4.450089,-62.911491,-20.372565,-20.191643,1804.462646,-0.065458,0.001361,-0.000647,0.754416,0.740407,-0.015780,102530.015625,0.993011,0.000000,0.000000,0.000000,0.000000,0.000000,0.000000,0.000000,0.000000,0.000000,-61.783009,5931.588379
7.407905,1.000000,-7234.706543,-8.124277,2503.903838,1804.644531,5920.864258,308.841888,308.735626,329.309431,-15.541869,0.644074,4.444086,-62.893673,-20.367351,-20.187786,1801.181885,-0.065611,0.001340,-0.000645,0.755747,0.741893,-0.016522,102530.015625,0.992484,0.000000,0.000000,0.000000,0.000000,0.000000,0.000000,0.000000,0.000000,0.000000,-61.765415,5921.769531
7.459715,1.000000,-7226.140137,-8.097867,2500.645925,1801.471191,5910.413086,308.885895,308.773041,329.307592,-15.542748,0.641567,4.438326,-62.876934,-20.362480,-20.184164,1798.063965,-0.065763,0.001323,-0.000643,0.757056,0.743318,-0.017125,102530.015625,0.991943,0.000000,0.000000,0.000000,0.000000,0.000000,0.000000,0.000000,0.000000,0.000000,-61.748581,5911.318848
7.513979,1.000000,-7216.763184,-8.068883,2497.234638,1798.148438,5898.976563,308.931763,308.813232,329.305012,-15.543701,0.638926,4.432356,-62.858852,-20.357251,-20.180252,1794.651001,-0.065900,0.001301,-0.000642,0.758463,0.744802,-0.017627,102530.015625,0.991400,0.000000,0.000000,0.000000,0.000000,0.000000,0.000000,0.000000,0.000000,0.000000,-61.731182,5899.881836
7.567010,1.000000,-7207.912598,-8.041455,2493.901782,1794.902100,5888.185059,308.976227,308.851044,329.302164,-15.544649,0.636331,4.426597,-62.842007,-20.352405,-20.176611,1791.429688,-0.066049,0.001281,-0.000640,0.759787,0.746244,-0.018000,102530.015625,0.990883,0.000000,0.000000,0.000000,0.000000,0.000000,0.000000,0.000000,0.000000,0.000000,-61.714405,5889.090332
7.617838,1.000000,-7199.369629,-8.014915,2490.708224,1791.791504,5877.771484,309.018646,308.887360,329.298991,-15.545576,0.633834,4.421141,-62.825939,-20.347807,-20.173143,1788.320313,-0.066189,0.001265,-0.000638,0.761057,0.747612,-0.018273,102530.015625,0.990387,0.000000,0.000000,0.000000,0.000000,0.000000,0.000000,0.000000,0.000000,0.000000,-61.698517,5879.694824
7.671064,1.000000,-7190.249512,-7.986513,2487.364868,1788.443481,5866.656738,309.062866,308.926514,329.295164,-15.546561,0.631208,4.415498,-62.808994,-20.342986,-20.169481,1785.000854,-0.066322,0.001244,-0.000636,0.762428,0.749037,-0.018454,102530.015625,0.989858,0.000000,0.000000,0.000000,0.000000,0.000000,0.000000,0.000000,0.000000,0.000000,-61.682091,5868.580566
7.724271,1.000000,-7181.242676,-7.958394,2484.023588,1785.103882,5855.682617,309.106903,308.964661,329.290893,-15.547554,0.628571,4.409934,-62.792461,-20.338312,-20.165911,1781.722656,-0.066457,0.001224,-0.000634,0.763763,0.750453,-0.018549,102530.015625,0.989364,0.000000,0.000000,0.000000,0.000000,0.000000,0.000000,0.000000,0.000000,0.000000,-61.665871,5857.606445
7.776960,1.000000,-7172.196777,-7.930083,2480.715696,1781.797363,5844.664063,309.150116,309.001709,329.286207,-15.548541,0.625950,4.404503,-62.776054,-20.333699,-20.162367,1778.430176,-0.066581,0.001202,-0.000632,0.765060,0.751845,-0.018569,102530.015625,0.988897,0.000000,0.000000,0.000000,0.000000,0.000000,0.000000,0.000000,0.000000,0.000000,-61.649998,5846.587891
7.830784,1.000000,-7163.110352,-7.901577,2477.337419,1778.420898,5833.598633,309.193939,309.039246,329.281016,-15.549546,0.623256,4.399036,-62.759769,-20.329150,-20.158857,1775.123047,-0.066716,0.001182,-0.000629,0.766373,0.753256,-0.018516,102530.015625,0.988426,0.000000,0.000000,0.000000,0.000000,0.000000,0.000000,0.000000,0.000000,0.000000,-61.633976,5835.850098
7.883473,1.000000,-7154.399902,-7.874188,2474.031225,1775.116455,5822.994141,309.236603,309.074402,329.275618,-15.550523,0.620615,4.393775,-62.744335,-20.324866,-20.155533,1771.952637,-0.066856,0.001166,-0.000627,0.767604,0.754628,-0.018389,102530.015625,0.987992,0.000000,0.000000,0.000000,0.000000,0.000000,0.000000,0.000000,0.000000,0.000000,-61.618481,5825.245117
7.933727,1.000000,-7145.810547,-7.847118,2470.878597,1771.965332,5812.538574,309.277100,309.109314,329.269894,-15.551452,0.618082,4.388826,-62.729267,-20.320708,-20.152288,1768.826416,-0.066968,0.001145,-0.000625,0.768826,0.755922,-0.018234,102530.015625,0.987572,0.000000,0.000000,0.000000,0.000000,0.000000,0.000000,0.000000,0.000000,0.000000,-61.603851,5814.789551
7.990344,1.000000,-7136.056152,-7.816306,2467.327683,1768.416138,5800.667969,309.322449,309.148468,329.262953,-15.552488,0.615221,4.383339,-62.712349,-20.316069,-20.148653,1765.276123,-0.067092,0.001122,-0.000622,0.770196,0.757372,-0.017994,102530.015625,0.987131,0.000000,0.000000,0.000000,0.000000,0.000000,0.000000,0.000000,0.000000,0.000000,-61.587559,5802.919434
8.045428,1.000000,-7126.810547,-7.787033,2463.873810,1764.963867,5789.419434,309.366180,309.185272,329.255894,-15.553480,0.612426,4.378098,-62.696499,-20.311753,-20.145252,1761.910889,-0.067225,0.001104,-0.000620,0.771485,0.758773,-0.017695,102530.015625,0.986703,0.000000,0.000000,0.000000,0.000000,0.000000,0.000000,0.000000,0.000000,0.000000,-61.571896,5791.747559
8.102060,1.000000,-7117.346680,-7.757000,2460.323786,1761.415527,5777.907715,309.410767,309.223328,329.248241,-15.554482,0.609537,4.372807,-62.680439,-20.307409,-20.141808,1758.466431,-0.067359,0.001083,-0.000617,0.772817,0.760202,-0.017345,102530.015625,0.986262,0.000000,0.000000,0.000000,0.000000,0.000000,0.000000,0.000000,0.000000,0.000000,-61.555962,5780.235840
8.154883,1.000000,-7108.569824,-7.729087,2457.013358,1758.106934,5767.234375,309.452148,309.257446,329.240796,-15.555393,0.606837,4.367957,-62.665699,-20.303445,-20.138655,1755.271851,-0.067487,0.001064,-0.000615,0.774010,0.761521,-0.016992,102530.015625,0.985899,0.000000,0.000000,0.000000,0.000000,0.000000,0.000000,0.000000,0.000000,0.000000,-61.541256,5769.562500
8.209718,1.000000,-7099.354004,-7.699716,2453.577672,1754.672729,5756.029297,309.494781,309.292908,329.232491,-15.556314,0.604028,4.363018,-62.650372,-20.299354,-20.135389,1751.917603,-0.067614,0.001044,-0.000612,0.775251,0.762880,-0.016606,102530.015625,0.985537,0.000000,0.000000,0.000000,0.000000,0.000000,0.000000,0.000000,0.000000,0.000000,-61.526138,5758.314941
8.262623,1.000000,-7090.151855,-7.670327,2450.263706,1751.360352,5744.843750,309.535492,309.329407,329.223830,-15.557189,0.601309,4.358328,-62.635204,-20.295331,-20.132172,1748.568237,-0.067723,0.001023,-0.000610,0.776529,0.764180,-0.016204,102530.015625,0.985147,0.000000,0.000000,0.000000,0.000000,0.000000,0.000000,0.000000,0.000000,0.000000,-61.511696,5747.129395
8.316202,1.000000,-7081.472168,-7.642548,2446.908310,1748.006470,5734.295410,309.576416,309.362427,329.215229,-15.558046,0.598542,4.353674,-62.621029,-20.291600,-20.129162,1745.409180,-0.067859,0.001008,-0.000607,0.777685,0.765491,-0.015762,102530.015625,0.984815,0.000000,0.000000,0.000000,0.000000,0.000000,0.000000,0.000000,0.000000,0.000000,-61.497200,5736.580566
8.371885,1.000000,-7071.741699,-7.611345,2443.421987,1744.521729,5722.472168,309.618683,309.399933,329.205204,-15.558916,0.595658,4.348920,-62.605278,-20.287479,-20.125835,1741.867554,-0.067964,0.000980,-0.000604,0.778998,0.766838,-0.015293,102530.015625,0.984431,0.000000,0.000000,0.000000,0.000000,0.000000,0.000000,0.000000,0.000000,0.000000,-61.482281,5724.757813
8.423318,1.000000,-7063.093750,-7.583557,2440.202503,1741.303711,5711.966309,309.657379,309.432556,329.195890,-15.559690,0.592988,4.344613,-62.591408,-20.283878,-20.122908,1738.719971,-0.068076,0.000963,-0.000601,0.780000,0.768078,-0.014820,102530.015625,0.984125,0.000000,0.000000,0.000000,0.000000,0.000000,0.000000,0.000000,0.000000,0.000000,-61.468620,5714.294434
8.475626,1.000000,-7054.008301,-7.554310,2436.928976,1738.031738,5700.931152,309.696442,309.467560,329.185776,-15.560456,0.590264,4.340313,-62.576958,-20.280149,-20.119871,1735.413086,-0.068177,0.000945,-0.000599,0.780000,0.769266,-0.014322,102530.015625,0.983794,0.000000,0.000000,0.000000,0.000000,0.000000,0.000000,0.000000,0.000000,0.000000,-61.454849,5703.259277
8.527664,1.000000,-7045.199219,-7.525901,2433.673072,1734.777344,5690.234375,309.735046,309.500214,329.175572,-15.561190,0.587549,4.336115,-62.563057,-20.276588,-20.116962,1732.206909,-0.068287,0.000927,-0.000596,0.780000,0.770331,-0.013842,102530.015625,0.983504,0.000000,0.000000,0.000000,0.000000,0.000000,0.000000,0.000000,0.000000,0.000000,-61.441257,5692.562500
8.580089,1.000000,-7036.557617,-7.497983,2430.393681,1731.499512,5679.742676,309.773621,309.531799,329.165369,-15.561907,0.584807,4.331950,-62.549530,-20.273138,-20.114140,1729.061523,-0.068410,0.000909,-0.000593,0.780000,0.771297,-0.013395,102530.015625,0.983226,0.000000,0.000000,0.000000,0.000000,0.000000,0.000000,0.000000,0.000000,0.000000,-61.427677,5682.070313
8.630260,1.000000,-7027.948730,-7.470121,2427.255963,1728.363037,5669.292480,309.810242,309.563446,329.154810,-15.562575,0.582174,4.328042,-62.536163,-20.269756,-20.111361,1725.928223,-0.068496,0.000890,-0.000590,0.780000,0.772131,-0.013012,102530.015625,0.982940,0.000000,0.000000,0.000000,0.000000,0.000000,0.000000,0.000000,0.000000,0.000000,-61.414799,5671.573242
8.681468,1.000000,-7019.290039,-7.442051,2424.054067,1725.162598,5658.783691,309.847351,309.595795,329.143895,-15.563232,0.579479,4.324126,-62.522839,-20.266406,-20.108597,1722.776733,-0.068585,0.000870,-0.000587,0.780000,0.772900,-0.012655,102530.015625,0.982620,0.000000,0.000000,0.000000,0.000000,0.000000,0.000000,0.000000,0.000000,0.000000,-61.401768,5661.064453
8.735549,1.000000,-7010.139648,-7.412337,2420.673270,1721.783447,5647.680664,309.886353,309.629272,329.132120,-15.563913,0.576634,4.320052,-62.508877,-20.262914,-20.105715,1719.446167,-0.068675,0.000850,-0.000584,0.780000,0.773630,-0.012323,102530.015625,0.982303,0.000000,0.000000,0.000000,0.000000,0.000000,0.000000,0.000000,0.000000,0.000000,-61.388126,5649.961914
8.792647,1.000000,-7000.625000,-7.381385,2417.104679,1718.216309,5636.136719,309.927063,309.664703,329.119543,-15.564609,0.573627,4.315836,-62.494503,-20.259344,-20.102737,1715.983154,-0.068758,0.000832,-0.000581,0.780000,0.774320,-0.011988,102530.015625,0.981929,0.000000,0.000000,0.000000,0.000000,0.000000,0.000000,0.000000,0.000000,0.000000,-61.373878,5638.417969
8.846226,1.000000,-6991.553223,-7.351824,2413.756777,1714.869873,5625.133301,309.964905,309.697235,329.107323,-15.565248,0.570795,4.311949,-62.480938,-20.255995,-20.099943,1712.681274,-0.068826,0.000812,-0.000577,0.780000,0.774900,-0.011722,102530.015625,0.981627,0.000000,0.000000,0.000000,0.000000,0.000000,0.000000,0.000000,0.000000,0.000000,-61.360645,5627.520996
8.898775,1.000000,-6982.452637,-7.322120,2410.473934,1711.588379,5614.096680,310.001740,309.730286,329.094777,-15.565866,0.568015,4.308207,-62.467476,-20.252695,-20.097176,1709.369019,-0.068872,0.000789,-0.000574,0.780000,0.775411,-0.011472,102530.015625,0.981292,0.000000,0.000000,0.000000,0.000000,0.000000,0.000000,0.000000,0.000000,0.000000,-61.347813,5616.484375
8.953218,1.000000,-6973.256348,-7.292053,2407.073493,1708.189453,5602.945313,310.039490,309.763550,329.081815,-15.566494,0.565129,4.304392,-62.454021,-20.249420,-20.094404,1706.021851,-0.068920,0.000770,-0.000571,0.780000,0.775886,-0.011215,102530.015625,0.980933,0.000000,0.000000,0.000000,0.000000,0.000000,0.000000,0.000000,0.000000,0.000000,-61.334663,5605.333008
9.008033,1.000000,-6964.004395,-7.261755,2403.650552,1704.768066,5591.728516,310.077271,309.797394,329.068586,-15.567105,0.562217,4.300638,-62.440643,-20.246182,-20.091642,1702.654297,-0.068958,0.000751,-0.000568,0.780000,0.776314,-0.010946,102530.015625,0.980563,0.000000,0.000000,0.000000,0.000000,0.000000,0.000000,0.000000,0.000000,0.000000,-61.321590,5594.116211
9.059648,1.000000,-6955.437012,-7.233658,2400.428100,1701.546631,5581.344238,310.112549,309.827698,329.056069,-15.567669,0.559472,4.297174,-62.428406,-20.243244,-20.089125,1699.536133,-0.069006,0.000735,-0.000564,0.780000,0.776677,-0.010662,102530.015625,0.980256,0.000000,0.000000,0.000000,0.000000,0.000000,0.000000,0.000000,0.000000,0.000000,-61.309433,5583.706543
9.116242,1.000000,-6945.690430,-7.201644,2396.895530,1698.015625,5569.531738,310.150909,309.863159,329.041476,-15.568268,0.556457,4.293461,-62.414646,-20.239969,-20.086279,1695.988647,-0.069012,0.000713,-0.000561,0.780000,0.777034,-0.010327,102530.015625,0.979862,0.000000,0.000000,0.000000,0.000000,0.000000,0.000000,0.000000,0.000000,0.000000,-61.296261,5571.894043
9.171878,1.000000,-6936.250488,-7.170591,2393.423496,1694.545166,5558.092773,310.188354,309.896912,329.027239,-15.568843,0.553488,4.289879,-62.401485,-20.236852,-20.083563,1692.552734,-0.069035,0.000693,-0.000557,0.780000,0.777348,-0.009965,102530.015625,0.979514,0.000000,0.000000,0.000000,0.000000,0.000000,0.000000,0.000000,0.000000,0.000000,-61.283482,5560.455566
9.225996,1.000000,-6927.443359,-7.141578,2390.046890,1691.169800,5547.422852,310.224487,309.927673,329.013684,-15.569380,0.550595,4.286480,-62.389362,-20.234005,-20.081055,1689.347168,-0.069070,0.000677,-0.000554,0.780000,0.777621,-0.009597,102530.015625,0.979187,0.000000,0.000000,0.000000,0.000000,0.000000,0.000000,0.000000,0.000000,0.000000,-61.271210,5549.875488
9.277180,1.000000,-6919.082031,-7.113996,2386.853971,1687.978271,5537.293945,310.258484,309.955902,329.000663,-15.569862,0.547858,4.283341,-62.377975,-20.231347,-20.078695,1686.303955,-0.069094,0.000661,-0.000550,0.780000,0.777853,-0.009236,102530.015625,0.978934,0.000000,0.000000,0.000000,0.000000,0.000000,0.000000,0.000000,0.000000,0.000000,-61.259735,5539.747070
9.328512,1.000000,-6910.177246,-7.084584,2383.652421,1684.777832,5526.509277,310.292267,309.988342,328.986604,-15.570335,0.545112,4.280256,-62.365982,-20.228567,-20.076216,1683.062866,-0.069083,0.000638,-0.000547,0.780000,0.778064,-0.008843,102530.015625,0.978569,0.000000,0.000000,0.000000,0.000000,0.000000,0.000000,0.000000,0.000000,0.000000,-61.248367,5528.961914
9.379330,1.000000,-6901.258301,-7.055086,2380.483509,1681.610107,5515.708496,310.325439,310.019470,328.972278,-15.570776,0.542389,4.277282,-62.354122,-20.225841,-20.073753,1679.816650,-0.069058,0.000617,-0.000544,0.780000,0.778252,-0.008380,102530.015625,0.978272,0.000000,0.000000,0.000000,0.000000,0.000000,0.000000,0.000000,0.000000,0.000000,-61.237251,5518.161133
9.429965,1.000000,-6892.999512,-7.027740,2377.326585,1678.454590,5505.708496,310.358246,310.047821,328.958871,-15.571199,0.539671,4.274378,-62.343262,-20.223361,-20.071499,1676.810669,-0.069077,0.000600,-0.000540,0.780000,0.778421,-0.007909,102530.015625,0.978015,0.000000,0.000000,0.000000,0.000000,0.000000,0.000000,0.000000,0.000000,0.000000,-61.226295,5508.159668
9.485842,1.000000,-6883.358887,-6.995777,2373.843495,1674.972778,5494.037109,310.394196,310.082458,328.943033,-15.571629,0.536672,4.271263,-62.330727,-20.220519,-20.068890,1673.301758,-0.069053,0.000578,-0.000537,0.780000,0.778588,-0.007347,102530.015625,0.977663,0.000000,0.000000,0.000000,0.000000,0.000000,0.000000,0.000000,0.000000,0.000000,-61.214355,5496.487793
9.543967,1.000000,-6873.687500,-6.963669,2370.220998,1671.351563,5482.329590,310.431396,310.115570,328.926986,-15.572046,0.533550,4.268105,-62.318302,-20.217721,-20.066296,1669.781738,-0.069048,0.000558,-0.000532,0.780000,0.778744,-0.006727,102530.015625,0.977377,0.000000,0.000000,0.000000,0.000000,0.000000,0.000000,0.000000,0.000000,0.000000,-61.202080,5484.780273
9.596565,1.000000,-6864.498047,-6.933126,2366.943582,1668.075439,5471.208008,310.464691,310.147797,328.911562,-15.572381,0.530724,4.265341,-62.306637,-20.215114,-20.063868,1666.437012,-0.069018,0.000542,-0.000529,0.780000,0.778870,-0.006110,102530.015625,0.977094,0.000000,0.000000,0.000000,0.000000,0.000000,0.000000,0.000000,0.000000,0.000000,-61.191116,5473.658691
9.647656,1.000000,-6855.894043,-6.904495,2363.760632,1664.893799,5460.795898,310.496887,310.177887,328.896969,-15.572679,0.527976,4.262729,-62.295826,-20.212715,-20.061611,1663.305420,-0.069009,0.000524,-0.000525,0.780000,0.778980,-0.005483,102530.015625,0.976842,0.000000,0.000000,0.000000,0.000000,0.000000,0.000000,0.000000,0.000000,0.000000,-61.180573,5463.173340
9.701069,1.000000,-6847.074219,-6.875113,2360.433611,1661.567871,5450.124023,310.530334,310.208221,328.881813,-15.572951,0.525103,4.260079,-62.284866,-20.210303,-20.059320,1660.095215,-0.069006,0.000506,-0.000522,0.780000,0.779084,-0.004811,102530.015625,0.976592,0.000000,0.000000,0.000000,0.000000,0.000000,0.000000,0.000000,0.000000,0.000000,-61.169674,5452.501465
9.755280,1.000000,-6837.922852,-6.844595,2357.057493,1658.192871,5439.052246,310.563934,310.240021,328.866004,-15.573189,0.522183,4.257464,-62.273594,-20.207834,-20.056971,1656.764404,-0.068992,0.000488,-0.000518,0.780000,0.779178,-0.004114,102530.015625,0.976348,0.000000,0.000000,0.000000,0.000000,0.000000,0.000000,0.000000,0.000000,0.000000,-61.158710,5441.429688
9.810287,1.000000,-6828.468262,-6.813031,2353.632423,1654.769043,5427.615723,310.597839,310.271942,328.849512,-15.573391,0.519217,4.254888,-62.262051,-20.205322,-20.054567,1653.323242,-0.068963,0.000464,-0.000514,0.780000,0.779264,-0.003399,102530.015625,0.976139,0.000000,0.000000,0.000000,0.000000,0.000000,0.000000,0.000000,0.000000,0.000000,-61.147686,5429.993164
9.864711,1.000000,-6819.507813,-6.783085,2350.244264,1651.382324,5416.777832,310.631256,310.302856,328.833703,-15.573553,0.516282,4.252419,-62.251225,-20.202986,-20.052311,1650.061890,-0.068963,0.000449,-0.000510,0.780000,0.779341,-0.002660,102530.015625,0.975917,0.000000,0.000000,0.000000,0.000000,0.000000,0.000000,0.000000,0.000000,0.000000,-61.136902,5419.257813
9.922284,1.000000,-6809.762695,-6.750480,2346.660720,1647.799927,5404.992676,310.666199,310.336029,328.816322,-15.573683,0.513177,4.249887,-62.239536,-20.200480,-20.049879,1646.515015,-0.068936,0.000428,-0.000506,0.780000,0.779412,-0.001892,102530.015625,0.975702,0.000000,0.000000,0.000000,0.000000,0.000000,0.000000,0.000000,0.000000,0.000000,-61.125576,5407.472656
9.978037,1.000000,-6800.199219,-6.718451,2343.191094,1644.331665,5393.428711,310.699890,310.368774,328.799148,-15.573763,0.510168,4.247524,-62.228180,-20.198062,-20.047523,1643.034180,-0.068905,0.000405,-0.000502,0.780000,0.779475,-0.001121,102530.015625,0.975496,0.000000,0.000000,0.000000,0.000000,0.000000,0.000000,0.000000,0.000000,0.000000,-61.114719,5395.908691
10.032346,1.000000,-6790.864746,-6.687160,2339.811924,1640.953613,5382.143066,310.732483,310.401001,328.782153,-15.573806,0.507229,4.245294,-62.217186,-20.195741,-20.045246,1639.636719,-0.068874,0.000383,-0.000498,0.780000,0.779529,-0.000317,102530.015625,0.975286,0.000000,0.000000,0.000000,0.000000,0.000000,0.000000,0.000000,0.000000,0.000000,-61.104240,5384.623047
10.087962,1.000000,-6781.566895,-6.655961,2336.352036,1637.494873,5370.902832,310.765594,310.432556,328.765217,-15.573804,0.504218,4.243082,-62.206326,-20.193457,-20.042990,1636.252563,-0.068858,0.000365,-0.000494,0.780000,0.779579,0.000503,102530.015625,0.975122,0.000000,0.000000,0.000000,0.000000,0.000000,0.000000,0.000000,0.000000,0.000000,-61.093590,5373.368164
10.140511,1.000000,-6772.887207,-6.626812,2333.083512,1634.227417,5360.411621,310.796783,310.462006,328.749289,-15.573759,0.501377,4.241051,-62.196217,-20.191340,-20.040913,1633.093384,-0.068857,0.000347,-0.000490,0.780000,0.779621,0.001215,102530.015625,0.974965,0.000000,0.000000,0.000000,0.000000,0.000000,0.000000,0.000000,0.000000,0.000000,-61.083565,5362.876953
10.191437,1.000000,-6764.443848,-6.598434,2329.916448,1631.061523,5350.206543,310.826752,310.490356,328.733598,-15.573685,0.498620,4.239148,-62.186462,-20.189315,-20.038912,1630.020264,-0.068855,0.000332,-0.000486,0.780000,0.779657,0.001954,102530.015625,0.974838,0.000000,0.000000,0.000000,0.000000,0.000000,0.000000,0.000000,0.000000,0.000000,-61.073925,5352.672363
10.249234,1.000000,-6754.620605,-6.565392,2326.322690,1627.468994,5338.335938,310.860718,310.522919,328.715327,-15.573554,0.495488,4.237057,-62.175182,-20.186980,-20.036606,1626.444946,-0.068835,0.000308,-0.000481,0.780000,0.779695,0.002766,102530.015625,0.974725,0.000000,0.000000,0.000000,0.000000,0.000000,0.000000,0.000000,0.000000,0.000000,-61.063053,5340.750977
10.299639,1.000000,-6746.175781,-6.536965,2323.189089,1624.336426,5328.131836,310.890137,310.551117,328.699459,-15.573400,0.492764,4.235295,-62.165531,-20.184995,-20.034641,1623.371216,-0.068820,0.000290,-0.000477,0.780000,0.779724,0.003431,102530.015625,0.974607,0.000000,0.000000,0.000000,0.000000,0.000000,0.000000,0.000000,0.000000,0.000000,-61.053623,5330.546875
10.354927,1.000000,-6736.437012,-6.504156,2319.752479,1620.900757,5316.365723,310.922150,310.584381,328.681010,-15.573201,0.489774,4.233414,-62.154461,-20.182732,-20.032396,1619.826660,-0.068765,0.000265,-0.000473,0.780000,0.779753,0.004168,102530.015625,0.974471,0.000000,0.000000,0.000000,0.000000,0.000000,0.000000,0.000000,0.000000,0.000000,-61.043335,5318.780273
10.408826,1.000000,-6727.384766,-6.473639,2316.402767,1617.552246,5305.430176,310.953156,310.615021,328.663777,-15.572966,0.486858,4.231650,-62.144230,-20.180650,-20.030331,1616.531860,-0.068756,0.000249,-0.000469,0.780000,0.779778,0.004931,102530.015625,0.974379,0.000000,0.000000,0.000000,0.000000,0.000000,0.000000,0.000000,0.000000,0.000000,-61.033363,5307.845215
10.464091,1.000000,-6718.207520,-6.442678,2312.968735,1614.119141,5294.344727,310.984802,310.645355,328.646188,-15.572680,0.483866,4.229896,-62.133892,-20.178557,-20.028259,1613.191650,-0.068757,0.000234,-0.000465,0.780000,0.779802,0.005684,102530.015625,0.974312,0.000000,0.000000,0.000000,0.000000,0.000000,0.000000,0.000000,0.000000,0.000000,-61.023170,5296.826172
10.518252,1.000000,-6709.164551,-6.412150,2309.603868,1610.755371,5283.422852,311.015686,310.675781,328.628807,-15.572351,0.480935,4.228240,-62.123726,-20.176502,-20.026232,1609.900269,-0.068749,0.000215,-0.000460,0.780000,0.779822,0.006360,102530.015625,0.974239,0.000000,0.000000,0.000000,0.000000,0.000000,0.000000,0.000000,0.000000,0.000000,-61.013199,5285.903809
10.575641,1.000000,-6699.573242,-6.379750,2306.039062,1607.191650,5271.839844,311.048279,310.708282,328.610121,-15.571963,0.477835,4.226540,-62.112961,-20.174343,-20.024107,1606.409302,-0.068741,0.000196,-0.000456,0.780000,0.779842,0.007045,102530.015625,0.974136,0.000000,0.000000,0.000000,0.000000,0.000000,0.000000,0.000000,0.000000,0.000000,-61.002666,5274.321289
10.631044,1.000000,-6689.942871,-6.347198,2302.598209,1603.751709,5260.211426,311.079559,310.740234,328.591316,-15.571548,0.474838,4.224948,-62.102188,-20.172187,-20.021994,1602.904175,-0.068707,0.000170,-0.000451,0.780000,0.779859,0.007697,102530.015625,0.974069,0.000000,0.000000,0.000000,0.000000,0.000000,0.000000,0.000000,0.000000,0.000000,-60.992519,5262.692383
10.682905,1.000000,-6681.405273,-6.318325,2299.377858,1600.532471,5249.903320,311.108612,310.768738,328.574528,-15.571128,0.472029,4.223515,-62.092670,-20.170292,-20.020142,1599.796631,-0.068716,0.000155,-0.000447,0.780000,0.779872,0.008301,102530.015625,0.974015,0.000000,0.000000,0.000000,0.000000,0.000000,0.000000,0.000000,0.000000,0.000000,-60.983059,5252.409180
10.739042,1.000000,-6671.968750,-6.286391,2295.892557,1597.048218,5238.511230,311.139984,310.799805,328.555931,-15.570643,0.468993,4.221982,-62.082138,-20.168196,-20.018106,1596.362061,-0.068708,0.000134,-0.000443,0.780000,0.779886,0.008899,102530.015625,0.973978,0.000000,0.000000,0.000000,0.000000,0.000000,0.000000,0.000000,0.000000,0.000000,-60.972805,5241.017090
10.793507,1.000000,-6662.518066,-6.254393,2292.511630,1593.668335,5227.103027,311.170166,310.831970,328.537274,-15.570147,0.466054,4.220532,-62.071606,-20.166103,-20.016096,1592.922363,-0.068688,0.000111,-0.000438,0.780000,0.779898,0.009442,102530.015625,0.973908,0.000000,0.000000,0.000000,0.000000,0.000000,0.000000,0.000000,0.000000,0.000000,-60.962879,5229.608887
10.844761,1.000000,-6653.906250,-6.225221,2289.330533,1590.488037,5216.708984,311.198486,310.859955,328.520189,-15.569651,0.463281,4.219218,-62.062038,-20.164209,-20.014284,1589.787842,-0.068691,0.000094,-0.000434,0.780000,0.779908,0.009940,102530.015625,0.973894,0.000000,0.000000,0.000000,0.000000,0.000000,0.000000,0.000000,0.000000,0.000000,-60.953564,5219.214844
10.898476,1.000000,-6644.990234,-6.195004,2285.997223,1587.155762,5205.949219,311.227966,310.888855,328.502304,-15.569104,0.460380,4.217865,-62.052128,-20.162258,-20.012426,1586.542725,-0.068699,0.000076,-0.000430,0.780000,0.779917,0.010424,102530.015625,0.973875,0.000000,0.000000,0.000000,0.000000,0.000000,0.000000,0.000000,0.000000,0.000000,-60.943794,5208.569336
10.952787,1.000000,-6635.704590,-6.163520,2282.627478,1583.786865,5194.743652,311.257690,310.919983,328.483618,-15.568527,0.457443,4.216530,-62.041813,-20.160230,-20.010504,1583.162964,-0.068684,0.000056,-0.000425,0.780000,0.779926,0.010877,102530.015625,0.973819,0.000000,0.000000,0.000000,0.000000,0.000000,0.000000,0.000000,0.000000,0.000000,-60.933929,5197.364258
11.003157,1.000000,-6627.151855,-6.134511,2279.502746,1580.662964,5184.424316,311.285095,310.947815,328.466355,-15.567971,0.454724,4.215316,-62.032326,-20.158370,-20.008755,1580.050049,-0.068682,0.000037,-0.000421,0.780000,0.779933,0.011289,102530.015625,0.973808,0.000000,0.000000,0.000000,0.000000,0.000000,0.000000,0.000000,0.000000,0.000000,-60.924789,5187.044434
11.055618,1.000000,-6618.333496,-6.104587,2276.248801,1577.409912,5173.785156,311.313507,310.977234,328.448470,-15.567373,0.451890,4.214077,-62.022537,-20.156454,-20.006966,1576.840454,-0.068686,0.000021,-0.000416,0.780000,0.779940,0.011696,102530.015625,0.973774,0.000000,0.000000,0.000000,0.000000,0.000000,0.000000,0.000000,0.000000,0.000000,-60.915268,5176.295898
11.111808,1.000000,-6609.054688,-6.073090,2272.764136,1573.926270,5162.591797,311.343842,311.006134,328.429546,-15.566708,0.448861,4.212771,-62.012222,-20.154440,-20.005106,1573.463257,-0.068700,0.000001,-0.000412,0.780000,0.779946,0.012049,102530.015625,0.973797,0.000000,0.000000,0.000000,0.000000,0.000000,0.000000,0.000000,0.000000,0.000000,-60.905045,5165.102539
11.163752,1.000000,-6600.146973,-6.042841,2269.543321,1570.706177,5151.847168,311.371796,311.032257,328.411364,-15.566082,0.446063,4.211580,-62.002323,-20.152507,-20.003336,1570.221069,-0.068689,-0.000023,-0.000407,0.780000,0.779951,0.012329,102530.015625,0.973887,0.000000,0.000000,0.000000,0.000000,0.000000,0.000000,0.000000,0.000000,0.000000,-60.895599,5154.357910
11.215787,1.000000,-6591.366211,-6.013015,2266.317365,1567.481201,5141.256836,311.399628,311.063568,328.393390,-15.565440,0.443259,4.210405,-61.992569,-20.150606,-20.001610,1567.025146,-0.068695,-0.000040,-0.000403,0.780000,0.779956,0.012617,102530.015625,0.973781,0.000000,0.000000,0.000000,0.000000,0.000000,0.000000,0.000000,0.000000,0.000000,-60.886147,5143.767578
11.268838,1.000000,-6582.218750,-5.981934,2263.028945,1564.193726,5130.225586,311.427856,311.093903,328.374496,-15.564769,0.440403,4.209229,-61.982388,-20.148628,-19.999838,1563.695801,-0.068693,-0.000062,-0.000398,0.780000,0.779961,0.012867,102530.015625,0.973739,0.000000,0.000000,0.000000,0.000000,0.000000,0.000000,0.000000,0.000000,0.000000,-60.876495,5132.758789
11.326832,1.000000,-6572.951172,-5.950436,2259.434733,1560.600342,5119.050293,311.458588,311.123291,328.355276,-15.564021,0.437289,4.207961,-61.972073,-20.146629,-19.998056,1560.322632,-0.068729,-0.000072,-0.000393,0.780000,0.779965,0.013101,102530.015625,0.973738,0.000000,0.000000,0.000000,0.000000,0.000000,0.000000,0.000000,0.000000,0.000000,-60.865944,5121.583496
11.378159,1.000000,-6564.137207,-5.920471,2256.254237,1557.420532,5108.423340,311.485626,311.151703,328.336916,-15.563352,0.434528,4.206849,-61.962269,-20.144734,-19.996378,1557.114624,-0.068724,-0.000092,-0.000389,0.780000,0.779968,0.013298,102530.015625,0.973731,0.000000,0.000000,0.000000,0.000000,0.000000,0.000000,0.000000,0.000000,0.000000,-60.856606,5110.956543
11.434275,1.000000,-6554.482910,-5.887644,2252.777557,1553.945190,5096.784180,311.515106,311.181946,328.316658,-15.562608,0.431517,4.205655,-61.951527,-20.142666,-19.994562,1553.600708,-0.068717,-0.000116,-0.000384,0.780000,0.779971,0.013470,102530.015625,0.973735,0.000000,0.000000,0.000000,0.000000,0.000000,0.000000,0.000000,0.000000,0.000000,-60.846397,5099.317383
11.491008,1.000000,-6544.899414,-5.855051,2249.263251,1550.431885,5085.231934,311.544708,311.212219,328.296488,-15.561837,0.428473,4.204464,-61.940849,-20.140611,-19.992777,1550.112671,-0.068722,-0.000135,-0.000379,0.780000,0.779974,0.013624,102530.015625,0.973743,0.000000,0.000000,0.000000,0.000000,0.000000,0.000000,0.000000,0.000000,0.000000,-60.836060,5087.800781
11.543347,1.000000,-6536.048828,-5.824946,2246.021664,1547.191406,5074.564453,311.571930,311.240997,328.277861,-15.561125,0.425672,4.203370,-61.930981,-20.138711,-19.991152,1546.891235,-0.068735,-0.000152,-0.000375,0.780000,0.779977,0.013748,102530.015625,0.973717,0.000000,0.000000,0.000000,0.000000,0.000000,0.000000,0.000000,0.000000,0.000000,-60.826523,5077.133301
11.599673,1.000000,-6526.861816,-5.793694,2242.533723,1543.704590,5063.492188,311.601105,311.269867,328.258404,-15.560349,0.422661,4.202194,-61.920715,-20.136738,-19.989483,1543.547485,-0.068765,-0.000167,-0.000370,0.780000,0.779979,0.013835,102530.015625,0.973729,0.000000,0.000000,0.000000,0.000000,0.000000,0.000000,0.000000,0.000000,0.000000,-60.816231,5066.061523
11.651664,1.000000,-6517.813477,-5.762908,2239.314752,1540.486572,5052.588379,311.627838,311.298431,328.239184,-15.559631,0.419880,4.201118,-61.910610,-20.134800,-19.987854,1540.254150,-0.068760,-0.000188,-0.000365,0.780000,0.779982,0.013886,102530.015625,0.973730,0.000000,0.000000,0.000000,0.000000,0.000000,0.000000,0.000000,0.000000,0.000000,-60.806740,5055.157227
11.704980,1.000000,-6508.876953,-5.732502,2236.014274,1537.187012,5041.820801,311.655243,311.326263,328.220053,-15.558897,0.417033,4.200017,-61.900612,-20.132889,-19.986267,1537.001465,-0.068776,-0.000205,-0.000361,0.780000,0.779983,0.013922,102530.015625,0.973732,0.000000,0.000000,0.000000,0.000000,0.000000,0.000000,0.000000,0.000000,0.000000,-60.796989,5044.372559
11.759968,1.000000,-6499.948242,-5.702123,2232.610854,1533.784668,5031.063477,311.683411,311.354187,328.200862,-15.558135,0.414103,4.198887,-61.890629,-20.130985,-19.984701,1533.751709,-0.068806,-0.000220,-0.000356,0.780000,0.779985,0.013935,102530.015625,0.973724,0.000000,0.000000,0.000000,0.000000,0.000000,0.000000,0.000000,0.000000,0.000000,-60.786942,5033.615723
11.811108,1.000000,-6491.095703,-5.672002,2229.446113,1530.620850,5020.398926,311.709381,311.382690,328.181820,-15.557425,0.411382,4.197834,-61.880707,-20.129091,-19.983162,1530.529663,-0.068810,-0.000240,-0.000352,0.780000,0.779986,0.013921,102530.015625,0.973704,0.000000,0.000000,0.000000,0.000000,0.000000,0.000000,0.000000,0.000000,0.000000,-60.777573,5022.951172
11.868243,1.000000,-6481.390625,-5.638981,2225.910962,1527.086670,5008.708496,311.738342,311.412689,328.160820,-15.556629,0.408347,4.196672,-61.869839,-20.127024,-19.981499,1526.997314,-0.068823,-0.000259,-0.000347,0.780000,0.779988,0.013880,102530.015625,0.973702,0.000000,0.000000,0.000000,0.000000,0.000000,0.000000,0.000000,0.000000,0.000000,-60.767117,5011.270508
11.925934,1.000000,-6471.832520,-5.606462,2222.342034,1523.518921,4997.196289,311.767487,311.442627,328.140058,-15.555834,0.405283,4.195486,-61.859127,-20.124990,-19.979874,1523.518433,-0.068841,-0.000275,-0.000342,0.780000,0.779989,0.013817,102530.015625,0.973694,0.000000,0.000000,0.000000,0.000000,0.000000,0.000000,0.000000,0.000000,0.000000,-60.756550,4999.758301
11.979070,1.000000,-6462.916016,-5.576129,2219.055449,1520.233276,4986.458496,311.794250,311.470215,328.120660,-15.555106,0.402465,4.194396,-61.849129,-20.123093,-19.978384,1520.273071,-0.068860,-0.000294,-0.000337,0.780000,0.779990,0.013728,102530.015625,0.973704,0.000000,0.000000,0.000000,0.000000,0.000000,0.000000,0.000000,0.000000,0.000000,-60.746815,4989.020508
12.030572,1.000000,-6454.152344,-5.546319,2215.870439,1517.049072,4975.905273,311.820099,311.497314,328.101499,-15.554406,0.399739,4.193333,-61.839302,-20.121233,-19.976936,1517.083374,-0.068873,-0.000312,-0.000332,0.780000,0.779991,0.013627,102530.015625,0.973699,0.000000,0.000000,0.000000,0.000000,0.000000,0.000000,0.000000,0.000000,0.000000,-60.737377,4978.467285
12.084958,1.000000,-6444.991699,-5.515163,2212.507621,1513.687256,4964.875488,311.847321,311.525848,328.081359,-15.553665,0.396866,4.192216,-61.829010,-20.119288,-19.975441,1513.749146,-0.068891,-0.000330,-0.000328,0.780000,0.779993,0.013496,102530.015625,0.973700,0.000000,0.000000,0.000000,0.000000,0.000000,0.000000,0.000000,0.000000,0.000000,-60.727390,4967.481934
12.141691,1.000000,-6435.456055,-5.482736,2209.000280,1510.180908,4953.395508,311.875488,311.555176,328.060211,-15.552905,0.393874,4.191046,-61.818287,-20.117271,-19.973902,1510.278442,-0.068905,-0.000349,-0.000323,0.780000,0.779993,0.013331,102530.015625,0.973689,0.000000,0.000000,0.000000,0.000000,0.000000,0.000000,0.000000,0.000000,0.000000,-60.716969,4956.001953
12.199526,1.000000,-6425.702637,-5.449574,2205.425440,1506.607178,4941.654297,311.904175,311.585419,328.038559,-15.552138,0.390827,4.189841,-61.807320,-20.115210,-19.972347,1506.728516,-0.068921,-0.000372,-0.000317,0.780000,0.779994,0.013153,102530.015625,0.973664,0.000000,0.000000,0.000000,0.000000,0.000000,0.000000,0.000000,0.000000,0.000000,-60.706341,4944.260742
12.257353,1.000000,-6416.049805,-5.416762,2201.851728,1503.034424,4930.035645,311.932770,311.615509,328.017144,-15.551385,0.387790,4.188627,-61.796455,-20.113165,-19.970831,1503.215210,-0.068946,-0.000386,-0.000312,0.780000,0.779995,0.012948,102530.015625,0.973659,0.000000,0.000000,0.000000,0.000000,0.000000,0.000000,0.000000,0.000000,0.000000,-60.695713,4932.641602
12.307362,1.000000,-6407.604492,-5.388064,2198.761680,1499.945068,4919.871582,311.957367,311.641388,327.998250,-15.550740,0.385169,4.187573,-61.786949,-20.111385,-19.969532,1500.141357,-0.068970,-0.000402,-0.000308,0.780000,0.779995,0.012753,102530.015625,0.973642,0.000000,0.000000,0.000000,0.000000,0.000000,0.000000,0.000000,0.000000,0.000000,-60.686520,4922.491211
12.364023,1.000000,-6397.817871,-5.354813,2195.261178,1496.445557,4908.094238,311.985077,311.671234,327.976242,-15.550023,0.382203,4.186369,-61.775936,-20.109328,-19.968029,1496.579346,-0.068975,-0.000425,-0.000303,0.780000,0.779995,0.012516,102530.015625,0.973621,0.000000,0.000000,0.000000,0.000000,0.000000,0.000000,0.000000,0.000000,0.000000,-60.676098,4910.713867
12.421187,1.000000,-6388.349609,-5.322655,2191.730218,1492.915405,4896.701660,312.013000,311.699677,327.954886,-15.549314,0.379220,4.185154,-61.765282,-20.107342,-19.966604,1493.133179,-0.069002,-0.000441,-0.000298,0.780000,0.779996,0.012270,102530.015625,0.973609,0.000000,0.000000,0.000000,0.000000,0.000000,0.000000,0.000000,0.000000,0.000000,-60.665600,4899.320801
12.478431,1.000000,-6378.646973,-5.289713,2188.194937,1489.380859,4885.027832,312.040863,311.729431,327.932967,-15.548611,0.376236,4.183928,-61.754368,-20.105310,-19.965166,1489.601685,-0.069025,-0.000460,-0.000293,0.780000,0.779996,0.012007,102530.015625,0.973588,0.000000,0.000000,0.000000,0.000000,0.000000,0.000000,0.000000,0.000000,0.000000,-60.655079,4887.661621
12.528756,1.000000,-6370.327148,-5.261474,2185.087474,1486.274170,4875.018555,312.065216,311.754730,327.914043,-15.548008,0.373623,4.182844,-61.745007,-20.103574,-19.963942,1486.573486,-0.069044,-0.000473,-0.000288,0.780000,0.779997,0.011761,102530.015625,0.973554,0.000000,0.000000,0.000000,0.000000,0.000000,0.000000,0.000000,0.000000,0.000000,-60.645840,4877.652344
12.581699,1.000000,-6361.232910,-5.230620,2181.818870,1483.006470,4864.079590,312.090790,311.782959,327.893251,-15.547390,0.370875,4.181693,-61.734783,-20.101684,-19.962633,1483.263428,-0.069064,-0.000492,-0.000284,0.780000,0.779997,0.011498,102530.015625,0.973528,0.000000,0.000000,0.000000,0.000000,0.000000,0.000000,0.000000,0.000000,0.000000,-60.636120,4866.713379
12.636711,1.000000,-6351.964355,-5.199185,2178.423092,1479.611572,4852.931641,312.117279,311.810059,327.872073,-15.546760,0.368021,4.180485,-61.724365,-20.099758,-19.961308,1479.890015,-0.069084,-0.000510,-0.000279,0.780000,0.779997,0.011214,102530.015625,0.973503,0.000000,0.000000,0.000000,0.000000,0.000000,0.000000,0.000000,0.000000,0.000000,-60.626026,4855.564941
12.691332,1.000000,-6342.911133,-5.168495,2175.052017,1476.241211,4842.043945,312.143524,311.837982,327.851251,-15.546152,0.365194,4.179274,-61.714199,-20.097886,-19.960039,1476.594849,-0.069112,-0.000525,-0.000274,0.780000,0.779998,0.010915,102530.015625,0.973472,0.000000,0.000000,0.000000,0.000000,0.000000,0.000000,0.000000,0.000000,0.000000,-60.616016,4844.611816
12.741518,1.000000,-6334.286133,-5.139268,2171.955154,1473.145020,4831.671875,312.167480,311.863373,327.831349,-15.545609,0.362599,4.178158,-61.704517,-20.096108,-19.958841,1473.455688,-0.069126,-0.000545,-0.000270,0.780000,0.779998,0.010632,102530.015625,0.973444,0.000000,0.000000,0.000000,0.000000,0.000000,0.000000,0.000000,0.000000,0.000000,-60.606823,4834.239746
12.792513,1.000000,-6325.721680,-5.110260,2168.808858,1469.999512,4821.374023,312.191772,311.889618,327.811565,-15.545076,0.359966,4.177003,-61.694916,-20.094347,-19.957672,1470.338501,-0.069150,-0.000563,-0.000265,0.780000,0.779998,0.010338,102530.015625,0.973401,0.000000,0.000000,0.000000,0.000000,0.000000,0.000000,0.000000,0.000000,0.000000,-60.597492,4823.941895
12.842747,1.000000,-6317.272461,-5.081655,2165.709992,1466.901367,4811.215332,312.215698,311.914795,327.791841,-15.544563,0.357378,4.175871,-61.685455,-20.092624,-19.956526,1467.263184,-0.069160,-0.000579,-0.000261,0.780000,0.779998,0.010042,102530.015625,0.973360,0.000000,0.000000,0.000000,0.000000,0.000000,0.000000,0.000000,0.000000,0.000000,-60.588314,4813.782715
12.895160,1.000000,-6308.394043,-5.051612,2162.477215,1463.669312,4800.541504,312.240601,311.941040,327.771138,-15.544042,0.354685,4.174679,-61.675526,-20.090816,-19.955345,1464.031738,-0.069181,-0.000598,-0.000256,0.780000,0.779998,0.009734,102530.015625,0.973326,0.000000,0.000000,0.000000,0.000000,0.000000,0.000000,0.000000,0.000000,0.000000,-60.578754,4803.190430
12.945501,1.000000,-6299.888672,-5.022845,2159.372722,1460.565430,4790.317383,312.264343,311.966370,327.751265,-15.543558,0.352100,4.173525,-61.666023,-20.089089,-19.954229,1460.936035,-0.069201,-0.000616,-0.000252,0.780000,0.779998,0.009433,102530.015625,0.973284,0.000000,0.000000,0.000000,0.000000,0.000000,0.000000,0.000000,0.000000,0.000000,-60.569576,4792.966309
12.995523,1.000000,-6291.721680,-4.995239,2156.288378,1457.481689,4780.501953,312.288025,311.986877,327.731986,-15.543098,0.349540,4.172365,-61.656910,-20.087444,-19.953180,1457.963501,-0.069226,-0.000631,-0.000247,0.780000,0.779998,0.009122,102530.015625,0.973270,0.000000,0.000000,0.000000,0.000000,0.000000,0.000000,0.000000,0.000000,0.000000,-60.560471,4783.150391
13.046197,1.000000,-6282.960449,-4.965636,2153.164306,1454.358398,4769.971680,312.311859,312.015900,327.711371,-15.542645,0.346952,4.171184,-61.647144,-20.085679,-19.952055,1454.774658,-0.069239,-0.000651,-0.000243,0.780000,0.779999,0.008813,102530.015625,0.973203,0.000000,0.000000,0.000000,0.000000,0.000000,0.000000,0.000000,0.000000,0.000000,-60.551262,4772.620117
13.103996,1.000000,-6273.433594,-4.933467,2149.601566,1450.796387,4758.522949,312.338959,312.044128,327.688800,-15.542146,0.344004,4.169828,-61.636539,-20.083773,-19.950859,1451.307129,-0.069265,-0.000670,-0.000237,0.780000,0.779999,0.008453,102530.015625,0.973150,0.000000,0.000000,0.000000,0.000000,0.000000,0.000000,0.000000,0.000000,0.000000,-60.540771,4761.187012
13.159548,1.000000,-6263.845215,-4.901113,2146.177919,1447.373413,4747.001465,312.364868,312.072327,327.665991,-15.541685,0.341180,4.168514,-61.625881,-20.081864,-19.949677,1447.817261,-0.069286,-0.000691,-0.000232,0.780000,0.779999,0.008101,102530.015625,0.973086,0.000000,0.000000,0.000000,0.000000,0.000000,0.000000,0.000000,0.000000,0.000000,-60.530708,4749.666016
13.212425,1.000000,-6254.933594,-4.871061,2142.919666,1444.115723,4736.294434,312.389404,312.097900,327.644635,-15.541263,0.338496,4.167264,-61.616005,-20.080107,-19.948591,1444.573730,-0.069302,-0.000708,-0.000228,0.780000,0.779999,0.007772,102530.015625,0.973038,0.000000,0.000000,0.000000,0.000000,0.000000,0.000000,0.000000,0.000000,0.000000,-60.521156,4738.958496
13.264314,1.000000,-6246.843262,-4.843798,2139.722801,1440.919678,4726.575195,312.413544,312.120300,327.625207,-15.540865,0.335870,4.166031,-61.607059,-20.078520,-19.947628,1441.629028,-0.069331,-0.000717,-0.000223,0.780000,0.779999,0.007453,102530.015625,0.972989,0.000000,0.000000,0.000000,0.000000,0.000000,0.000000,0.000000,0.000000,0.000000,-60.511803,4729.239258
13.318463,1.000000,-6237.247070,-4.811480,2136.387233,1437.584473,4715.047363,312.438507,312.148560,327.602161,-15.540471,0.333136,4.164726,-61.596462,-20.076641,-19.946489,1438.136353,-0.069344,-0.000743,-0.000218,0.780000,0.779999,0.007115,102530.015625,0.972922,0.000000,0.000000,0.000000,0.000000,0.000000,0.000000,0.000000,0.000000,0.000000,-60.502064,4717.664551
13.374762,1.000000,-6227.613281,-4.779063,2132.919799,1434.117798,4703.476074,312.464447,312.177155,327.578877,-15.540081,0.330305,4.163368,-61.585854,-20.074772,-19.945377,1434.629883,-0.069368,-0.000762,-0.000213,0.780000,0.779999,0.006768,102530.015625,0.972854,0.000000,0.000000,0.000000,0.000000,0.000000,0.000000,0.000000,0.000000,0.000000,-60.491962,4706.093262
13.431197,1.000000,-6218.413086,-4.748128,2129.444577,1430.643555,4692.426270,312.490326,312.203247,327.556542,-15.539709,0.327469,4.161999,-61.575741,-20.072999,-19.944330,1431.281372,-0.069392,-0.000776,-0.000208,0.780000,0.779999,0.006419,102530.015625,0.972794,0.000000,0.000000,0.000000,0.000000,0.000000,0.000000,0.000000,0.000000,0.000000,-60.481861,4695.043457
13.486412,1.000000,-6208.879883,-4.716099,2126.045051,1427.244873,4680.978027,312.515625,312.230927,327.533348,-15.539366,0.324703,4.160651,-61.565289,-20.071171,-19.943260,1427.811523,-0.069411,-0.000796,-0.000203,0.780000,0.779999,0.006075,102530.015625,0.972727,0.000000,0.000000,0.000000,0.000000,0.000000,0.000000,0.000000,0.000000,0.000000,-60.471996,4683.595215
13.542265,1.000000,-6199.808105,-4.685644,2122.606815,1423.807373,4670.084473,312.541168,312.256317,327.511162,-15.539038,0.321915,4.159278,-61.555370,-20.069447,-19.942253,1424.509644,-0.069427,-0.000811,-0.000198,0.780000,0.779999,0.005733,102530.015625,0.972659,0.000000,0.000000,0.000000,0.000000,0.000000,0.000000,0.000000,0.000000,0.000000,-60.462055,4672.825195
13.592993,1.000000,-6191.167969,-4.656662,2119.484564,1420.685791,4659.710449,312.564240,312.281097,327.490043,-15.538753,0.319394,4.158030,-61.545944,-20.067809,-19.941320,1421.364868,-0.069452,-0.000828,-0.000194,0.780000,0.779999,0.005420,102530.015625,0.972602,0.000000,0.000000,0.000000,0.000000,0.000000,0.000000,0.000000,0.000000,0.000000,-60.453045,4662.451660
13.646302,1.000000,-6182.216797,-4.626662,2116.203962,1417.405762,4648.963867,312.588348,312.307251,327.468035,-15.538473,0.316747,4.156707,-61.536205,-20.066128,-19.940367,1418.106934,-0.069473,-0.000841,-0.000189,0.780000,0.779999,0.005092,102530.015625,0.972534,0.000000,0.000000,0.000000,0.000000,0.000000,0.000000,0.000000,0.000000,0.000000,-60.443607,4651.705078
13.698235,1.000000,-6173.589355,-4.597770,2113.008539,1414.211060,4638.606934,312.611786,312.332031,327.446768,-15.538218,0.314177,4.155414,-61.526840,-20.064517,-19.939461,1414.966797,-0.069492,-0.000856,-0.000185,0.780000,0.779999,0.004765,102530.015625,0.972467,0.000000,0.000000,0.000000,0.000000,0.000000,0.000000,0.000000,0.000000,0.000000,-60.434433,4641.253418
13.750711,1.000000,-6164.439941,-4.567156,2109.780202,1410.983398,4627.624512,312.635406,312.358978,327.424048,-15.537985,0.311586,4.154100,-61.516933,-20.062825,-19.938515,1411.636719,-0.069507,-0.000874,-0.000180,0.780000,0.779999,0.004437,102530.015625,0.972397,0.000000,0.000000,0.000000,0.000000,0.000000,0.000000,0.000000,0.000000,0.000000,-60.425186,4630.270996
13.806798,1.000000,-6155.021973,-4.535676,2106.330270,1407.534180,4616.320801,312.660675,312.385620,327.400527,-15.537742,0.308819,4.152700,-61.506767,-20.061100,-19.937567,1408.208862,-0.069529,-0.000893,-0.000176,0.780000,0.779999,0.004095,102530.015625,0.972325,0.000000,0.000000,0.000000,0.000000,0.000000,0.000000,0.000000,0.000000,0.000000,-60.415337,4618.967285
13.862653,1.000000,-6145.670898,-4.504447,2102.895175,1404.099854,4605.097656,312.685730,312.412170,327.377184,-15.537527,0.306074,4.151293,-61.496708,-20.059397,-19.936628,1404.805298,-0.069543,-0.000909,-0.000171,0.780000,0.779999,0.003763,102530.015625,0.972247,0.000000,0.000000,0.000000,0.000000,0.000000,0.000000,0.000000,0.000000,0.000000,-60.405563,4607.744141
13.913674,1.000000,-6136.960449,-4.475387,2099.757862,1400.963013,4594.645508,312.708588,312.437683,327.355265,-15.537350,0.303573,4.150004,-61.487362,-20.057827,-19.935781,1401.635010,-0.069562,-0.000926,-0.000166,0.780000,0.779999,0.003462,102530.015625,0.972165,0.000000,0.000000,0.000000,0.000000,0.000000,0.000000,0.000000,0.000000,0.000000,-60.396667,4597.337891
13.970346,1.000000,-6127.458496,-4.443716,2096.273614,1397.479492,4583.243652,312.733887,312.464203,327.331358,-15.537169,0.300802,4.148570,-61.477207,-20.056127,-19.934864,1398.176514,-0.069577,-0.000944,-0.000162,0.780000,0.779999,0.003138,102530.015625,0.972087,0.000000,0.000000,0.000000,0.000000,0.000000,0.000000,0.000000,0.000000,0.000000,-60.386818,4585.936035
14.027911,1.000000,-6117.961914,-4.412097,2092.735053,1393.941650,4571.849609,312.759460,312.491211,327.307392,-15.537009,0.297993,4.147105,-61.467102,-20.054444,-19.933973,1394.720093,-0.069599,-0.000959,-0.000157,0.780000,0.779999,0.002813,102530.015625,0.972007,0.000000,0.000000,0.000000,0.000000,0.000000,0.000000,0.000000,0.000000,0.000000,-60.376858,4574.542480
14.084553,1.000000,-6108.436035,-4.380416,2089.253809,1390.461060,4560.421875,312.784668,312.518066,327.283278,-15.536864,0.295241,4.145667,-61.456989,-20.052767,-19.933096,1391.252930,-0.069622,-0.000976,-0.000152,0.780000,0.779999,0.002498,102530.015625,0.971923,0.000000,0.000000,0.000000,0.000000,0.000000,0.000000,0.000000,0.000000,0.000000,-60.367092,4563.114258
14.140335,1.000000,-6099.110840,-4.349436,2085.825980,1387.033691,4549.235352,312.809326,312.544586,327.259461,-15.536743,0.292539,4.144248,-61.447121,-20.051146,-19.932251,1387.858887,-0.069639,-0.000993,-0.000147,0.780000,0.779999,0.002191,102530.015625,0.971844,0.000000,0.000000,0.000000,0.000000,0.000000,0.000000,0.000000,0.000000,0.000000,-60.357502,4551.883301
14.194114,1.000000,-6089.879883,-4.318801,2082.521757,1383.730103,4538.162598,312.833160,312.570068,327.235881,-15.536642,0.289937,4.142870,-61.437389,-20.049554,-19.931423,1384.499023,-0.069652,-0.001013,-0.000142,0.780000,0.779999,0.001905,102530.015625,0.971752,0.000000,0.000000,0.000000,0.000000,0.000000,0.000000,0.000000,0.000000,0.000000,-60.348289,4540.810059
14.249920,1.000000,-6080.574707,-4.287956,2079.093533,1380.302490,4527.001953,312.857697,312.596497,327.212093,-15.536549,0.287244,4.141443,-61.427608,-20.047957,-19.930611,1381.112305,-0.069672,-0.001031,-0.000138,0.780000,0.779999,0.001602,102530.015625,0.971672,0.000000,0.000000,0.000000,0.000000,0.000000,0.000000,0.000000,0.000000,0.000000,-60.338764,4529.649902
14.304955,1.000000,-6071.304688,-4.257262,2075.713211,1376.922607,4515.884766,312.881866,312.622253,327.188245,-15.536473,0.284600,4.140043,-61.417912,-20.046389,-19.929821,1377.738281,-0.069692,-0.001048,-0.000133,0.780000,0.780000,0.001311,102530.015625,0.971586,0.000000,0.000000,0.000000,0.000000,0.000000,0.000000,0.000000,0.000000,0.000000,-60.329422,4518.573730
14.356094,1.000000,-6062.943848,-4.229612,2072.572664,1373.782715,4505.858887,312.904297,312.645050,327.166563,-15.536415,0.282153,4.138746,-61.409195,-20.044993,-19.929121,1374.695190,-0.069705,-0.001062,-0.000128,0.780000,0.780000,0.001052,102530.015625,0.971508,0.000000,0.000000,0.000000,0.000000,0.000000,0.000000,0.000000,0.000000,0.000000,-60.320766,4508.547852
14.409048,1.000000,-6053.900391,-4.199738,2069.321134,1370.531616,4495.014648,312.927460,312.671234,327.143042,-15.536371,0.279626,4.137397,-61.399799,-20.043497,-19.928373,1371.403564,-0.069718,-0.001080,-0.000124,0.780000,0.780000,0.000792,102530.015625,0.971426,0.000000,0.000000,0.000000,0.000000,0.000000,0.000000,0.000000,0.000000,0.000000,-60.311840,4497.703613
14.461920,1.000000,-6044.890137,-4.170009,2066.075126,1367.286255,4484.211426,312.950470,312.695404,327.119581,-15.536340,0.277110,4.136056,-61.390476,-20.042018,-19.927643,1368.124146,-0.069730,-0.001099,-0.000119,0.780000,0.780000,0.000531,102530.015625,0.971343,0.000000,0.000000,0.000000,0.000000,0.000000,0.000000,0.000000,0.000000,0.000000,-60.302959,4486.900391
14.517501,1.000000,-6035.654785,-4.139576,2062.663324,1363.874878,4473.139648,312.974609,312.721161,327.095467,-15.536316,0.274475,4.134647,-61.380947,-20.040515,-19.926918,1364.762695,-0.069753,-0.001114,-0.000114,0.780000,0.780000,0.000268,102530.015625,0.971258,0.000000,0.000000,0.000000,0.000000,0.000000,0.000000,0.000000,0.000000,0.000000,-60.293652,4475.870117
14.567742,1.000000,-6027.117188,-4.111477,2059.579775,1360.791870,4462.904785,312.996429,312.745331,327.073103,-15.536315,0.272096,4.133365,-61.372166,-20.039137,-19.926254,1361.655273,-0.069770,-0.001131,-0.000110,0.780000,0.780000,0.000036,102530.015625,0.971176,0.000000,0.000000,0.000000,0.000000,0.000000,0.000000,0.000000,0.000000,0.000000,-60.285278,4465.635254
14.625599,1.000000,-6017.666016,-4.080408,2056.029330,1357.241821,4451.575684,313.021454,312.771057,327.048188,-15.536318,0.269370,4.131910,-61.362499,-20.037637,-19.925533,1358.215332,-0.069779,-0.001146,-0.000105,0.780000,0.779999,-0.000231,102530.015625,0.971092,0.000000,0.000000,0.000000,0.000000,0.000000,0.000000,0.000000,0.000000,0.000000,-60.275681,4454.306152
14.682983,1.000000,-6008.012207,-4.048717,2052.508482,1353.721680,4440.004395,313.046234,312.796753,327.022650,-15.536337,0.266675,4.130460,-61.352642,-20.036114,-19.924810,1354.701660,-0.069795,-0.001165,-0.000100,0.780000,0.779999,-0.000477,102530.015625,0.970993,0.000000,0.000000,0.000000,0.000000,0.000000,0.000000,0.000000,0.000000,0.000000,-60.266186,4442.734863
14.739775,1.000000,-5998.325195,-4.016962,2049.024509,1350.237915,4428.394043,313.070709,312.823608,326.996963,-15.536376,0.264019,4.129024,-61.342800,-20.034604,-19.924101,1351.175903,-0.069809,-0.001185,-0.000095,0.780000,0.780000,-0.000728,102530.015625,0.970910,0.000000,0.000000,0.000000,0.000000,0.000000,0.000000,0.000000,0.000000,0.000000,-60.256836,4431.169434
14.797631,1.000000,-5988.906250,-3.986131,2045.475829,1346.689819,4417.106445,313.095520,312.848877,326.971930,-15.536419,0.261320,4.127571,-61.333271,-20.033151,-19.923433,1347.747681,-0.069827,-0.001199,-0.000090,0.780000,0.780000,-0.000972,102530.015625,0.970823,0.000000,0.000000,0.000000,0.000000,0.000000,0.000000,0.000000,0.000000,0.000000,-60.247353,4419.881836
14.854114,1.000000,-5979.286621,-3.954687,2042.011910,1343.226318,4405.579102,313.119690,312.874847,326.946273,-15.536482,0.258700,4.126149,-61.323578,-20.031684,-19.922760,1344.246338,-0.069843,-0.001217,-0.000085,0.780000,0.779999,-0.001209,102530.015625,0.970735,0.000000,0.000000,0.000000,0.000000,0.000000,0.000000,0.000000,0.000000,0.000000,-60.238132,4408.354004
14.907453,1.000000,-5970.373535,-3.925595,2038.741296,1339.956177,4394.899414,313.142426,312.899353,326.922367,-15.536549,0.256230,4.124816,-61.314629,-20.030341,-19.922153,1341.002319,-0.069857,-0.001231,-0.000080,0.780000,0.780000,-0.001435,102530.015625,0.970652,0.000000,0.000000,0.000000,0.000000,0.000000,0.000000,0.000000,0.000000,0.000000,-60.229458,4397.674316
14.963061,1.000000,-5960.676758,-3.893991,2035.332063,1336.547363,4383.281250,313.166107,312.925842,326.896325,-15.536633,0.253662,4.123425,-61.304928,-20.028892,-19.921505,1337.472900,-0.069877,-0.001256,-0.000076,0.780000,0.780000,-0.001657,102530.015625,0.970563,0.000000,0.000000,0.000000,0.000000,0.000000,0.000000,0.000000,0.000000,0.000000,-60.220455,4386.078613
15.019197,1.000000,-5951.386230,-3.863754,2031.890984,1333.106689,4372.150879,313.189819,312.950348,326.871321,-15.536733,0.251078,4.122020,-61.295673,-20.027519,-19.920893,1334.091431,-0.069888,-0.001270,-0.000071,0.780000,0.780000,-0.001882,102530.015625,0.970471,0.000000,0.000000,0.000000,0.000000,0.000000,0.000000,0.000000,0.000000,0.000000,-60.211403,4374.947754
15.072082,1.000000,-5942.499023,-3.834872,2028.649668,1329.865723,4361.504395,313.212158,312.974884,326.847296,-15.536832,0.248653,4.120708,-61.286858,-20.026223,-19.920324,1330.856812,-0.069900,-0.001286,-0.000066,0.780000,0.780000,-0.002100,102530.015625,0.970396,0.000000,0.000000,0.000000,0.000000,0.000000,0.000000,0.000000,0.000000,0.000000,-60.202908,4364.301270
15.124645,1.000000,-5933.510254,-3.805702,2025.428547,1326.645020,4350.736816,313.234314,312.998962,326.822885,-15.536946,0.246247,4.119405,-61.277966,-20.024925,-19.919764,1327.585205,-0.069915,-0.001306,-0.000062,0.780000,0.780000,-0.002312,102530.015625,0.970320,0.000000,0.000000,0.000000,0.000000,0.000000,0.000000,0.000000,0.000000,0.000000,-60.194500,4353.533691
15.181097,1.000000,-5924.228516,-3.775629,2021.969615,1323.186279,4339.619629,313.258057,313.023010,326.797554,-15.537083,0.243672,4.118002,-61.268822,-20.023603,-19.919201,1324.206909,-0.069930,-0.001322,-0.000057,0.780000,0.780000,-0.002522,102530.015625,0.970218,0.000000,0.000000,0.000000,0.000000,0.000000,0.000000,0.000000,0.000000,0.000000,-60.185501,4342.381836
15.231853,1.000000,-5915.859863,-3.748556,2018.860136,1320.077148,4329.596680,313.279205,313.045624,326.774656,-15.537216,0.241364,4.116748,-61.260601,-20.022421,-19.918703,1321.160889,-0.069944,-0.001334,-0.000052,0.780000,0.780000,-0.002708,102530.015625,0.970134,0.000000,0.000000,0.000000,0.000000,0.000000,0.000000,0.000000,0.000000,0.000000,-60.177444,4332.358887
15.284799,1.000000,-5906.908203,-3.719638,2015.616942,1316.834229,4318.875488,313.301361,313.069214,326.750097,-15.537367,0.238961,4.115439,-61.251858,-20.021175,-19.918171,1317.902832,-0.069950,-0.001354,-0.000048,0.780000,0.780000,-0.002890,102530.015625,0.970045,0.000000,0.000000,0.000000,0.000000,0.000000,0.000000,0.000000,0.000000,0.000000,-60.169083,4321.637695
15.335672,1.000000,-5898.250977,-3.691717,2012.501160,1313.718872,4308.508301,313.322540,313.093079,326.726339,-15.537519,0.236663,4.114192,-61.243427,-20.019979,-19.917686,1314.751831,-0.069975,-0.001373,-0.000043,0.780000,0.780000,-0.003062,102530.015625,0.969983,0.000000,0.000000,0.000000,0.000000,0.000000,0.000000,0.000000,0.000000,0.000000,-60.161072,4311.254395
15.388371,1.000000,-5889.642578,-3.663994,2009.273988,1310.491943,4298.199707,313.344452,313.115540,326.702581,-15.537684,0.234290,4.112900,-61.235081,-20.018807,-19.917200,1311.618652,-0.069981,-0.001386,-0.000038,0.780000,0.780000,-0.003232,102530.015625,0.969895,0.000000,0.000000,0.000000,0.000000,0.000000,0.000000,0.000000,0.000000,0.000000,-60.152817,4300.945801
15.443374,1.000000,-5880.070801,-3.633219,2005.906205,1307.124512,4286.738770,313.367218,313.141602,326.676094,-15.537864,0.231823,4.111566,-61.225842,-20.017520,-19.916676,1308.134766,-0.069996,-0.001408,-0.000033,0.780000,0.780000,-0.003406,102530.015625,0.969813,0.000000,0.000000,0.000000,0.000000,0.000000,0.000000,0.000000,0.000000,0.000000,-60.144241,4289.484863
15.495935,1.000000,-5871.595215,-3.606013,2002.688402,1303.906738,4276.590820,313.388916,313.163757,326.652662,-15.538046,0.229479,4.110291,-61.217693,-20.016390,-19.916224,1305.049927,-0.070007,-0.001418,-0.000028,0.780000,0.780000,-0.003569,102530.015625,0.969739,0.000000,0.000000,0.000000,0.000000,0.000000,0.000000,0.000000,0.000000,0.000000,-60.136078,4279.336914
15.551529,1.000000,-5862.044434,-3.575406,1999.285399,1300.504150,4265.156250,313.411835,313.189423,326.626116,-15.538251,0.227009,4.108941,-61.208530,-20.015129,-19.915728,1301.573730,-0.070026,-0.001436,-0.000023,0.780000,0.780000,-0.003744,102530.015625,0.969662,0.000000,0.000000,0.000000,0.000000,0.000000,0.000000,0.000000,0.000000,0.000000,-60.127464,4267.865723
15.601924,1.000000,-5853.679688,-3.548645,1996.201063,1297.419922,4255.142578,313.432556,313.211853,326.602743,-15.538447,0.224774,4.107724,-61.200542,-20.014043,-19.915308,1298.529175,-0.070040,-0.001451,-0.000018,0.780000,0.780000,-0.003904,102530.015625,0.969580,0.000000,0.000000,0.000000,0.000000,0.000000,0.000000,0.000000,0.000000,0.000000,-60.119698,4257.852051
15.657318,1.000000,-5844.424316,-3.519081,1992.811242,1294.030518,4244.062988,313.455261,313.236359,326.576849,-15.538670,0.222325,4.106391,-61.191746,-20.012855,-19.914845,1295.160522,-0.070049,-0.001467,-0.000013,0.780000,0.780000,-0.004066,102530.015625,0.969492,0.000000,0.000000,0.000000,0.000000,0.000000,0.000000,0.000000,0.000000,0.000000,-60.111195,4246.772461
15.710152,1.000000,-5835.529297,-3.490720,1989.578533,1290.797852,4233.416016,313.476929,313.260498,326.551875,-15.538891,0.219993,4.105131,-61.183311,-20.011725,-19.914419,1291.922974,-0.070066,-0.001481,-0.000009,0.780000,0.780000,-0.004220,102530.015625,0.969427,0.000000,0.000000,0.000000,0.000000,0.000000,0.000000,0.000000,0.000000,0.000000,-60.103115,4236.125000
15.764838,1.000000,-5826.115723,-3.460757,1986.232974,1287.452637,4222.147949,313.499207,313.285248,326.525328,-15.539128,0.217594,4.103830,-61.174435,-20.010549,-19.913971,1288.496704,-0.070076,-0.001500,-0.000004,0.780000,0.780000,-0.004371,102530.015625,0.969343,0.000000,0.000000,0.000000,0.000000,0.000000,0.000000,0.000000,0.000000,0.000000,-60.094791,4224.894531
15.815790,1.000000,-5817.721680,-3.434088,1983.116276,1284.336182,4212.101563,313.519958,313.307007,326.501630,-15.539355,0.215359,4.102622,-61.166538,-20.009508,-19.913584,1285.441528,-0.070086,-0.001514,-0.000000,0.780000,0.780000,-0.004506,102530.015625,0.969266,0.000000,0.000000,0.000000,0.000000,0.000000,0.000000,0.000000,0.000000,0.000000,-60.087063,4214.847656
15.867105,1.000000,-5809.154785,-3.406915,1979.977788,1281.197754,4201.849121,313.540741,313.328949,326.477397,-15.539590,0.213119,4.101410,-61.158516,-20.008459,-19.913206,1282.323486,-0.070104,-0.001528,0.000004,0.780000,0.780000,-0.004640,102530.015625,0.969189,0.000000,0.000000,0.000000,0.000000,0.000000,0.000000,0.000000,0.000000,0.000000,-60.079311,4204.595215
15.924416,1.000000,-5799.648926,-3.376817,1976.473065,1277.693115,4190.473145,313.563934,313.353882,326.450465,-15.539865,0.210627,4.100060,-61.149643,-20.007306,-19.912790,1278.863647,-0.070117,-0.001545,0.000009,0.780000,0.780000,-0.004796,102530.015625,0.969116,0.000000,0.000000,0.000000,0.000000,0.000000,0.000000,0.000000,0.000000,0.000000,-60.070690,4193.219238
15.976668,1.000000,-5790.795898,-3.348837,1973.278161,1274.498535,4179.879395,313.585083,313.376617,326.425313,-15.540113,0.208367,4.098836,-61.141396,-20.006241,-19.912413,1275.641357,-0.070133,-0.001561,0.000013,0.780000,0.780000,-0.004946,102530.015625,0.969050,0.000000,0.000000,0.000000,0.000000,0.000000,0.000000,0.000000,0.000000,0.000000,-60.062840,4182.573242
16.026839,1.000000,-5782.515625,-3.322715,1970.210898,1271.431396,4169.971680,313.605316,313.398438,326.401673,-15.540365,0.206201,4.097666,-61.133713,-20.005260,-19.912079,1272.627563,-0.070150,-0.001575,0.000018,0.780000,0.780000,-0.005086,102530.015625,0.968982,0.000000,0.000000,0.000000,0.000000,0.000000,0.000000,0.000000,0.000000,0.000000,-60.055344,4172.665527
16.082943,1.000000,-5772.951660,-3.292598,1966.781376,1268.001953,4158.527832,313.627869,313.423431,326.374266,-15.540659,0.203784,4.096359,-61.124866,-20.004141,-19.911690,1269.146606,-0.070161,-0.001594,0.000022,0.780000,0.780000,-0.005247,102530.015625,0.968904,0.000000,0.000000,0.000000,0.000000,0.000000,0.000000,0.000000,0.000000,0.000000,-60.046982,4161.221680
16.136872,1.000000,-5764.052734,-3.264629,1963.485265,1264.705811,4147.880859,313.649414,313.446320,326.348699,-15.540953,0.201472,4.095107,-61.116676,-20.003116,-19.911339,1265.907715,-0.070167,-0.001608,0.000027,0.780000,0.780000,-0.005395,102530.015625,0.968814,0.000000,0.000000,0.000000,0.000000,0.000000,0.000000,0.000000,0.000000,0.000000,-60.038986,4150.574707
16.187966,1.000000,-5755.522949,-3.237872,1960.362843,1261.583496,4137.676270,313.669861,313.468292,326.324081,-15.541234,0.199294,4.093931,-61.108852,-20.002148,-19.911018,1262.803101,-0.070180,-0.001623,0.000031,0.780000,0.780000,-0.005523,102530.015625,0.968748,0.000000,0.000000,0.000000,0.000000,0.000000,0.000000,0.000000,0.000000,0.000000,-60.031441,4140.369629
16.239251,1.000000,-5746.899414,-3.210870,1957.229150,1258.449951,4127.359863,313.690308,313.490906,326.299225,-15.541519,0.197115,4.092758,-61.100979,-20.001178,-19.910700,1259.664429,-0.070193,-0.001638,0.000036,0.780000,0.780000,-0.005648,102530.015625,0.968683,0.000000,0.000000,0.000000,0.000000,0.000000,0.000000,0.000000,0.000000,0.000000,-60.023903,4130.053223
16.292579,1.000000,-5738.121582,-3.183438,1953.971049,1255.192017,4116.859375,313.711517,313.513275,326.273835,-15.541828,0.194868,4.091532,-61.092976,-20.000198,-19.910389,1256.469482,-0.070209,-0.001646,0.000040,0.780000,0.780000,-0.005780,102530.015625,0.968615,0.000000,0.000000,0.000000,0.000000,0.000000,0.000000,0.000000,0.000000,0.000000,-60.016075,4119.552734
16.350396,1.000000,-5728.223633,-3.152566,1950.439179,1251.660156,4105.020020,313.734436,313.538208,326.245153,-15.542168,0.192438,4.090214,-61.083984,-19.999107,-19.910046,1252.866943,-0.070229,-0.001665,0.000045,0.780000,0.780000,-0.005928,102530.015625,0.968530,0.000000,0.000000,0.000000,0.000000,0.000000,0.000000,0.000000,0.000000,0.000000,-60.007626,4107.713379
16.404927,1.000000,-5718.994629,-3.123839,1947.108506,1248.329590,4093.980469,313.755951,313.561554,326.218310,-15.542500,0.190151,4.088968,-61.075626,-19.998102,-19.909727,1249.507813,-0.070238,-0.001679,0.000050,0.780000,0.780000,-0.006072,102530.015625,0.968457,0.000000,0.000000,0.000000,0.000000,0.000000,0.000000,0.000000,0.000000,0.000000,-59.999683,4096.647461
16.458028,1.000000,-5710.207031,-3.096541,1943.865607,1245.086670,4083.470215,313.776855,313.584625,326.192743,-15.542832,0.187936,4.087762,-61.067703,-19.997157,-19.909441,1246.309448,-0.070250,-0.001691,0.000054,0.780000,0.780000,-0.006218,102530.015625,0.968394,0.000000,0.000000,0.000000,0.000000,0.000000,0.000000,0.000000,0.000000,0.000000,-59.991985,4086.137207
16.512283,1.000000,-5701.223145,-3.068689,1940.552671,1241.773682,4072.725586,313.798096,313.607300,326.166463,-15.543179,0.185682,4.086541,-61.059635,-19.996208,-19.909157,1243.039551,-0.070259,-0.001701,0.000059,0.780000,0.780000,-0.006361,102530.015625,0.968315,0.000000,0.000000,0.000000,0.000000,0.000000,0.000000,0.000000,0.000000,0.000000,-59.984150,4075.392578
16.569624,1.000000,-5691.453613,-3.038468,1937.051778,1238.272949,4061.042236,313.820557,313.632355,326.137841,-15.543552,0.183313,4.085250,-61.050896,-19.995188,-19.908863,1239.483765,-0.070279,-0.001718,0.000063,0.780000,0.780000,-0.006501,102530.015625,0.968241,0.000000,0.000000,0.000000,0.000000,0.000000,0.000000,0.000000,0.000000,0.000000,-59.975903,4063.747803
16.624099,1.000000,-5682.320313,-3.010275,1933.726320,1234.947510,4050.119873,313.841827,313.655365,326.110968,-15.543917,0.181068,4.084030,-61.042744,-19.994246,-19.908592,1236.159546,-0.070290,-0.001733,0.000068,0.780000,0.780000,-0.006639,102530.015625,0.968174,0.000000,0.000000,0.000000,0.000000,0.000000,0.000000,0.000000,0.000000,0.000000,-59.968086,4052.825439
16.678341,1.000000,-5673.087891,-2.981837,1930.415526,1231.636597,4039.079834,313.862854,313.677979,326.083799,-15.544282,0.178840,4.082819,-61.034534,-19.993304,-19.908327,1232.799194,-0.070305,-0.001751,0.000072,0.780000,0.779999,-0.006770,102530.015625,0.968085,0.000000,0.000000,0.000000,0.000000,0.000000,0.000000,0.000000,0.000000,0.000000,-59.960342,4041.785400
16.729827,1.000000,-5664.624023,-2.955822,1927.273354,1228.494385,4028.959473,313.882843,313.700043,326.058765,-15.544641,0.176735,4.081677,-61.027050,-19.992460,-19.908100,1229.718628,-0.070315,-0.001760,0.000076,0.780000,0.780000,-0.006900,102530.015625,0.968031,0.000000,0.000000,0.000000,0.000000,0.000000,0.000000,0.000000,0.000000,0.000000,-59.953026,4031.665039
16.787700,1.000000,-5655.097168,-2.926602,1923.741855,1224.962891,4017.568359,313.905273,313.723480,326.030617,-15.545051,0.174379,4.080391,-61.018639,-19.991512,-19.907846,1226.251099,-0.070328,-0.001773,0.000081,0.780000,0.780000,-0.007030,102530.015625,0.967946,0.000000,0.000000,0.000000,0.000000,0.000000,0.000000,0.000000,0.000000,0.000000,-59.944820,4020.326172
16.838294,1.000000,-5646.502930,-2.900301,1920.654937,1221.875854,4007.292725,313.924774,313.745056,326.005109,-15.545411,0.172332,4.079281,-61.011086,-19.990673,-19.907625,1223.123047,-0.070340,-0.001786,0.000085,0.780000,0.779999,-0.007147,102530.015625,0.967885,0.000000,0.000000,0.000000,0.000000,0.000000,0.000000,0.000000,0.000000,0.000000,-59.937679,4010.050781
16.892737,1.000000,-5637.194824,-2.871879,1917.333596,1218.554443,3996.164795,313.945740,313.768341,325.977376,-15.545811,0.170133,4.078084,-61.002926,-19.989777,-19.907400,1219.735107,-0.070358,-0.001802,0.000089,0.780000,0.780000,-0.007273,102530.015625,0.967808,0.000000,0.000000,0.000000,0.000000,0.000000,0.000000,0.000000,0.000000,0.000000,-59.930019,3998.922607
16.943536,1.000000,-5628.894043,-2.846586,1914.234950,1215.455811,3986.240479,313.965332,313.789551,325.952639,-15.546193,0.168090,4.076972,-60.995686,-19.988990,-19.907196,1216.713867,-0.070358,-0.001812,0.000093,0.780000,0.780000,-0.007394,102530.015625,0.967752,0.000000,0.000000,0.000000,0.000000,0.000000,0.000000,0.000000,0.000000,0.000000,-59.922909,3988.998535
16.994751,1.000000,-5620.264160,-2.820348,1911.111313,1212.332031,3975.924316,313.984924,313.809784,325.926835,-15.546574,0.166045,4.075870,-60.988186,-19.988183,-19.907007,1213.572876,-0.070377,-0.001828,0.000097,0.780000,0.780000,-0.007494,102530.015625,0.967667,0.000000,0.000000,0.000000,0.000000,0.000000,0.000000,0.000000,0.000000,0.000000,-59.915768,3978.603760
17.044848,1.000000,-5611.962891,-2.795161,1908.056231,1209.276855,3966.000488,314.004059,313.831818,325.901979,-15.546958,0.164048,4.074780,-60.980980,-19.987412,-19.906815,1210.551514,-0.070380,-0.001837,0.000101,0.780000,0.780000,-0.007598,102530.015625,0.967623,0.000000,0.000000,0.000000,0.000000,0.000000,0.000000,0.000000,0.000000,0.000000,-59.908791,3968.679932
17.098618,1.000000,-5602.846680,-2.767565,1904.777561,1205.998047,3955.103516,314.024536,313.855469,325.874543,-15.547378,0.161920,4.073627,-60.973095,-19.986582,-19.906624,1207.233521,-0.070393,-0.001850,0.000106,0.780000,0.780000,-0.007714,102530.015625,0.967567,0.000000,0.000000,0.000000,0.000000,0.000000,0.000000,0.000000,0.000000,0.000000,-59.901337,3957.782959
17.152503,1.000000,-5593.895508,-2.740531,1901.492297,1202.712646,3944.404541,314.045044,313.877594,325.847552,-15.547799,0.159797,4.072474,-60.965382,-19.985778,-19.906448,1203.975464,-0.070408,-0.001860,0.000110,0.780000,0.780000,-0.007821,102530.015625,0.967488,0.000000,0.000000,0.000000,0.000000,0.000000,0.000000,0.000000,0.000000,0.000000,-59.893890,3947.083984
17.207429,1.000000,-5584.766113,-2.713023,1898.143996,1199.364258,3933.492188,314.065887,313.899719,325.819997,-15.548242,0.157644,4.071298,-60.957539,-19.984967,-19.906265,1200.652710,-0.070414,-0.001872,0.000114,0.780000,0.780000,-0.007933,102530.015625,0.967428,0.000000,0.000000,0.000000,0.000000,0.000000,0.000000,0.000000,0.000000,0.000000,-59.886330,3936.200928
17.259216,1.000000,-5576.206543,-2.687294,1894.987446,1196.207520,3923.261963,314.085449,313.920807,325.794162,-15.548652,0.155628,4.070206,-60.950214,-19.984215,-19.906107,1197.537231,-0.070426,-0.001882,0.000118,0.780000,0.780000,-0.008027,102530.015625,0.967358,0.000000,0.000000,0.000000,0.000000,0.000000,0.000000,0.000000,0.000000,0.000000,-59.879227,3925.970703
17.309715,1.000000,-5567.473633,-2.661102,1891.909772,1193.129761,3912.824707,314.104492,313.943573,325.767705,-15.549054,0.153671,4.069148,-60.942760,-19.983458,-19.905951,1194.358765,-0.070441,-0.001895,0.000122,0.780000,0.780000,-0.008129,102530.015625,0.967319,0.000000,0.000000,0.000000,0.000000,0.000000,0.000000,0.000000,0.000000,0.000000,-59.872322,3915.533447
17.366607,1.000000,-5558.140625,-2.633178,1888.442910,1189.662598,3901.671387,314.125946,313.966553,325.739409,-15.549519,0.151474,4.067952,-60.934822,-19.982660,-19.905798,1190.961792,-0.070456,-0.001905,0.000126,0.780000,0.780000,-0.008244,102530.015625,0.967251,0.000000,0.000000,0.000000,0.000000,0.000000,0.000000,0.000000,0.000000,0.000000,-59.864571,3904.379883
17.419624,1.000000,-5549.308105,-2.606815,1885.212596,1186.432251,3891.115967,314.145874,313.988281,325.712506,-15.549953,0.149441,4.066855,-60.927334,-19.981918,-19.905655,1187.747070,-0.070465,-0.001916,0.000130,0.780000,0.780000,-0.008348,102530.015625,0.967191,0.000000,0.000000,0.000000,0.000000,0.000000,0.000000,0.000000,0.000000,0.000000,-59.857368,3893.922119
17.471641,1.000000,-5540.735840,-2.581290,1882.043598,1183.262939,3880.871826,314.165344,314.009094,325.686286,-15.550386,0.147452,4.065779,-60.920086,-19.981210,-19.905518,1184.626953,-0.070466,-0.001928,0.000134,0.780000,0.780001,-0.008454,102530.015625,0.967135,0.000000,0.000000,0.000000,0.000000,0.000000,0.000000,0.000000,0.000000,0.000000,-59.850327,3883.677979
17.521889,1.000000,-5532.204590,-2.555947,1878.982734,1180.201904,3870.677246,314.184113,314.030670,325.660185,-15.550808,0.145539,4.064746,-60.912891,-19.980512,-19.905394,1181.521851,-0.070480,-0.001940,0.000138,0.780000,0.780001,-0.008543,102530.015625,0.967079,0.000000,0.000000,0.000000,0.000000,0.000000,0.000000,0.000000,0.000000,0.000000,-59.843548,3873.483398
17.576355,1.000000,-5523.089844,-2.528939,1875.665332,1176.884277,3859.786377,314.204437,314.052704,325.632185,-15.551272,0.143474,4.063632,-60.905228,-19.979779,-19.905272,1178.204346,-0.070494,-0.001952,0.000142,0.780000,0.780001,-0.008643,102530.015625,0.967018,0.000000,0.000000,0.000000,0.000000,0.000000,0.000000,0.000000,0.000000,0.000000,-59.836216,3862.505859
17.632669,1.000000,-5513.662109,-2.501074,1872.235809,1173.454590,3848.521729,314.225311,314.075348,325.603207,-15.551756,0.141355,4.062483,-60.897320,-19.979027,-19.905151,1174.772949,-0.070508,-0.001962,0.000146,0.780000,0.780001,-0.008755,102530.015625,0.966952,0.000000,0.000000,0.000000,0.000000,0.000000,0.000000,0.000000,0.000000,0.000000,-59.828663,3851.241211
17.682745,1.000000,-5505.516113,-2.477055,1869.186553,1170.405029,3838.788330,314.243866,314.095825,325.578143,-15.552198,0.139475,4.061453,-60.890507,-19.978385,-19.905046,1171.807983,-0.070511,-0.001972,0.000150,0.780000,0.780000,-0.008857,102530.015625,0.966903,0.000000,0.000000,0.000000,0.000000,0.000000,0.000000,0.000000,0.000000,0.000000,-59.821960,3841.507813
17.737265,1.000000,-5496.153809,-2.449520,1865.867088,1167.085205,3827.602539,314.263977,314.118774,325.549283,-15.552681,0.137438,4.060345,-60.882698,-19.977656,-19.904938,1168.400391,-0.070527,-0.001986,0.000154,0.780000,0.780000,-0.008965,102530.015625,0.966840,0.000000,0.000000,0.000000,0.000000,0.000000,0.000000,0.000000,0.000000,0.000000,-59.814690,3830.322021
17.795524,1.000000,-5486.493164,-2.421186,1862.320431,1163.538330,3816.061035,314.285492,314.141724,325.519415,-15.553203,0.135276,4.059164,-60.874668,-19.976918,-19.904839,1164.884277,-0.070542,-0.001998,0.000158,0.780000,0.780000,-0.009077,102530.015625,0.966776,0.000000,0.000000,0.000000,0.000000,0.000000,0.000000,0.000000,0.000000,0.000000,-59.806946,3818.749756
17.854222,1.000000,-5476.724609,-2.392614,1858.747524,1159.965088,3804.390625,314.307098,314.165527,325.489191,-15.553735,0.133107,4.057980,-60.866573,-19.976180,-19.904739,1161.328735,-0.070553,-0.002011,0.000163,0.780000,0.780000,-0.009192,102530.015625,0.966715,0.000000,0.000000,0.000000,0.000000,0.000000,0.000000,0.000000,0.000000,0.000000,-59.799171,3807.079346
17.907423,1.000000,-5467.760254,-2.366468,1855.509628,1156.726929,3793.681885,314.326569,314.186920,325.461339,-15.554221,0.131157,4.056911,-60.859165,-19.975515,-19.904659,1158.066040,-0.070567,-0.002021,0.000166,0.780000,0.780000,-0.009296,102530.015625,0.966659,0.000000,0.000000,0.000000,0.000000,0.000000,0.000000,0.000000,0.000000,0.000000,-59.792145,3796.370361
17.963330,1.000000,-5458.377441,-2.339175,1852.107460,1153.324341,3782.473389,314.347076,314.210327,325.432183,-15.554748,0.129113,4.055783,-60.851429,-19.974824,-19.904583,1154.651001,-0.070582,-0.002033,0.000170,0.780000,0.780001,-0.009419,102530.015625,0.966608,0.000000,0.000000,0.000000,0.000000,0.000000,0.000000,0.000000,0.000000,0.000000,-59.784779,3785.162109
18.013677,1.000000,-5449.736328,-2.314106,1849.044007,1150.260742,3772.150879,314.365387,314.231476,325.405221,-15.555223,0.127281,4.054776,-60.844330,-19.974202,-19.904509,1151.505859,-0.070588,-0.002046,0.000174,0.780000,0.780001,-0.009531,102530.015625,0.966550,0.000000,0.000000,0.000000,0.000000,0.000000,0.000000,0.000000,0.000000,0.000000,-59.778172,3774.937988
18.065869,1.000000,-5441.249023,-2.289548,1845.868659,1147.084961,3762.012695,314.384369,314.251312,325.378734,-15.555722,0.125392,4.053737,-60.837379,-19.973598,-19.904449,1148.416748,-0.070595,-0.002055,0.000178,0.780000,0.780000,-0.009637,102530.015625,0.966488,0.000000,0.000000,0.000000,0.000000,0.000000,0.000000,0.000000,0.000000,0.000000,-59.771351,3764.799805
18.119746,1.000000,-5432.030273,-2.262945,1842.591186,1143.807129,3751.001465,314.403931,314.273438,325.349904,-15.556240,0.123451,4.052671,-60.829861,-19.972954,-19.904392,1145.061401,-0.070610,-0.002068,0.000182,0.780000,0.780001,-0.009738,102530.015625,0.966435,0.000000,0.000000,0.000000,0.000000,0.000000,0.000000,0.000000,0.000000,0.000000,-59.764332,3753.788574
18.174188,1.000000,-5423.092285,-2.237223,1839.279743,1140.495361,3740.325928,314.423645,314.294312,325.321875,-15.556769,0.121499,4.051600,-60.822598,-19.972343,-19.904343,1141.808228,-0.070617,-0.002077,0.000186,0.780000,0.780000,-0.009837,102530.015625,0.966363,0.000000,0.000000,0.000000,0.000000,0.000000,0.000000,0.000000,0.000000,0.000000,-59.757275,3743.113037
18.229921,1.000000,-5413.777832,-2.210494,1835.890192,1137.105225,3729.200928,314.443756,314.316742,325.292540,-15.557319,0.119514,4.050508,-60.815044,-19.971717,-19.904295,1138.418091,-0.070625,-0.002088,0.000190,0.780000,0.780000,-0.009927,102530.015625,0.966301,0.000000,0.000000,0.000000,0.000000,0.000000,0.000000,0.000000,0.000000,0.000000,-59.750061,3731.910156
18.284917,1.000000,-5404.479492,-2.183887,1832.545875,1133.760742,3718.095459,314.463715,314.338806,325.263295,-15.557869,0.117569,4.049429,-60.807529,-19.971098,-19.904251,1135.033691,-0.070635,-0.002101,0.000194,0.780000,0.780001,-0.010017,102530.015625,0.966252,0.000000,0.000000,0.000000,0.000000,0.000000,0.000000,0.000000,0.000000,0.000000,-59.742970,3720.804443
18.342662,1.000000,-5395.090820,-2.157100,1829.034830,1130.249146,3706.882813,314.484497,314.360046,325.233664,-15.558446,0.115536,4.048304,-60.799961,-19.970484,-19.904222,1131.616455,-0.070647,-0.002111,0.000198,0.780000,0.780000,-0.010105,102530.015625,0.966185,0.000000,0.000000,0.000000,0.000000,0.000000,0.000000,0.000000,0.000000,0.000000,-59.735546,3709.592041
18.399671,1.000000,-5385.518555,-2.129872,1825.568975,1126.782837,3695.451172,314.504852,314.383667,325.203469,-15.559022,0.113540,4.047194,-60.792263,-19.969863,-19.904194,1128.132446,-0.070661,-0.002121,0.000202,0.780000,0.780000,-0.010204,102530.015625,0.966141,0.000000,0.000000,0.000000,0.000000,0.000000,0.000000,0.000000,0.000000,0.000000,-59.728230,3698.214844
18.453136,1.000000,-5376.330566,-2.103815,1822.318972,1123.532471,3684.478516,314.523926,314.405792,325.174342,-15.559569,0.111679,4.046165,-60.784904,-19.969284,-19.904165,1124.788330,-0.070668,-0.002135,0.000205,0.780000,0.780000,-0.010288,102530.015625,0.966077,0.000000,0.000000,0.000000,0.000000,0.000000,0.000000,0.000000,0.000000,0.000000,-59.721409,3687.242188
18.503852,1.000000,-5368.157227,-2.080702,1819.236427,1120.449463,3674.718262,314.541901,314.424225,325.148360,-15.560092,0.109922,4.045197,-60.778385,-19.968781,-19.904158,1121.813477,-0.070675,-0.002143,0.000209,0.780000,0.780000,-0.010362,102530.015625,0.966016,0.000000,0.000000,0.000000,0.000000,0.000000,0.000000,0.000000,0.000000,0.000000,-59.714962,3677.482178
18.558382,1.000000,-5359.051758,-2.055024,1815.922446,1117.135010,3663.844727,314.561218,314.445740,325.119351,-15.560660,0.108045,4.044157,-60.771130,-19.968226,-19.904140,1118.499390,-0.070678,-0.002153,0.000213,0.780000,0.780000,-0.010440,102530.015625,0.965973,0.000000,0.000000,0.000000,0.000000,0.000000,0.000000,0.000000,0.000000,0.000000,-59.708035,3666.608398
18.610836,1.000000,-5350.287598,-2.030383,1812.735005,1113.947021,3653.379639,314.579834,314.466492,325.091381,-15.561202,0.106240,4.043166,-60.764164,-19.967700,-19.904137,1115.309448,-0.070689,-0.002165,0.000217,0.780000,0.780000,-0.010505,102530.015625,0.965918,0.000000,0.000000,0.000000,0.000000,0.000000,0.000000,0.000000,0.000000,0.000000,-59.701393,3656.058105
18.666259,1.000000,-5340.969238,-2.004261,1809.367544,1110.579102,3642.252686,314.599335,314.488647,325.061602,-15.561788,0.104350,4.042117,-60.756779,-19.967150,-19.904137,1111.917847,-0.070700,-0.002177,0.000220,0.780000,0.780000,-0.010581,102530.015625,0.965857,0.000000,0.000000,0.000000,0.000000,0.000000,0.000000,0.000000,0.000000,0.000000,-59.694397,3644.931152
18.723223,1.000000,-5331.472168,-1.977721,1805.906875,1107.117920,3630.912598,314.619415,314.511749,325.031229,-15.562390,0.102417,4.041045,-60.749279,-19.966598,-19.904139,1108.461182,-0.070706,-0.002187,0.000224,0.780000,0.780000,-0.010658,102530.015625,0.965821,0.000000,0.000000,0.000000,0.000000,0.000000,0.000000,0.000000,0.000000,0.000000,-59.687233,3633.591064
18.780278,1.000000,-5322.034180,-1.951430,1802.441105,1103.651611,3619.644043,314.639465,314.533295,325.000975,-15.562997,0.100492,4.039979,-60.741844,-19.966059,-19.904158,1105.026123,-0.070722,-0.002198,0.000228,0.780000,0.780000,-0.010730,102530.015625,0.965753,0.000000,0.000000,0.000000,0.000000,0.000000,0.000000,0.000000,0.000000,0.000000,-59.680077,3622.322510
18.834384,1.000000,-5312.891113,-1.926042,1799.154865,1100.364868,3608.727539,314.658386,314.555206,324.971522,-15.563581,0.098680,4.038971,-60.734650,-19.965547,-19.904173,1101.698242,-0.070731,-0.002210,0.000232,0.780000,0.780000,-0.010800,102530.015625,0.965705,0.000000,0.000000,0.000000,0.000000,0.000000,0.000000,0.000000,0.000000,0.000000,-59.673306,3611.446289
18.889310,1.000000,-5303.681152,-1.900550,1795.819213,1097.028687,3597.731445,314.677612,314.576874,324.941891,-15.564170,0.096847,4.037959,-60.727436,-19.965040,-19.904192,1098.346069,-0.070739,-0.002220,0.000236,0.780000,0.780000,-0.010867,102530.015625,0.965655,0.000000,0.000000,0.000000,0.000000,0.000000,0.000000,0.000000,0.000000,0.000000,-59.666462,3600.449951
18.941163,1.000000,-5295.002930,-1.876603,1792.670546,1093.879395,3587.370117,314.695618,314.596832,324.913862,-15.564730,0.095132,4.037009,-60.720661,-19.964575,-19.904211,1095.187500,-0.070742,-0.002230,0.000240,0.780000,0.780000,-0.010923,102530.015625,0.965615,0.000000,0.000000,0.000000,0.000000,0.000000,0.000000,0.000000,0.000000,0.000000,-59.660015,3590.088623
18.996224,1.000000,-5285.810547,-1.851319,1789.327462,1090.535889,3576.395996,314.714691,314.618835,324.884142,-15.565332,0.093320,4.035998,-60.713493,-19.964086,-19.904249,1091.841797,-0.070757,-0.002239,0.000243,0.780000,0.780001,-0.010986,102530.015625,0.965564,0.000000,0.000000,0.000000,0.000000,0.000000,0.000000,0.000000,0.000000,0.000000,-59.653187,3579.127686
19.051003,1.000000,-5276.716797,-1.826385,1786.001893,1087.209717,3565.539551,314.733643,314.639801,324.854718,-15.565933,0.091527,4.035001,-60.706425,-19.963611,-19.904282,1088.531860,-0.070763,-0.002249,0.000247,0.780000,0.780001,-0.011045,102530.015625,0.965518,0.000000,0.000000,0.000000,0.000000,0.000000,0.000000,0.000000,0.000000,0.000000,-59.646416,3568.271240
19.101600,1.000000,-5268.302734,-1.803385,1782.930550,1084.137695,3555.494141,314.751068,314.659546,324.827490,-15.566496,0.089881,4.034076,-60.699890,-19.963172,-19.904312,1085.469482,-0.070769,-0.002254,0.000251,0.780000,0.780000,-0.011107,102530.015625,0.965474,0.000000,0.000000,0.000000,0.000000,0.000000,0.000000,0.000000,0.000000,0.000000,-59.640171,3558.225830
19.155816,1.000000,-5259.012207,-1.778071,1779.639894,1080.846436,3544.403809,314.769775,314.681549,324.797295,-15.567100,0.088127,4.033096,-60.692703,-19.962705,-19.904362,1082.087891,-0.070783,-0.002268,0.000254,0.780000,0.780000,-0.011171,102530.015625,0.965433,0.000000,0.000000,0.000000,0.000000,0.000000,0.000000,0.000000,0.000000,0.000000,-59.633503,3547.135498
19.212670,1.000000,-5249.595703,-1.752500,1776.189532,1077.395508,3533.163086,314.789337,314.703186,324.766567,-15.567737,0.086300,4.032077,-60.685432,-19.962241,-19.904415,1078.660645,-0.070792,-0.002280,0.000258,0.780000,0.780000,-0.011228,102530.015625,0.965375,0.000000,0.000000,0.000000,0.000000,0.000000,0.000000,0.000000,0.000000,0.000000,-59.626530,3535.842285
19.265479,1.000000,-5240.954590,-1.729110,1772.985024,1074.190308,3522.847412,314.807495,314.723297,324.738419,-15.568333,0.084612,4.031126,-60.678780,-19.961819,-19.904459,1075.515503,-0.070792,-0.002286,0.000262,0.780000,0.780000,-0.011284,102530.015625,0.965331,0.000000,0.000000,0.000000,0.000000,0.000000,0.000000,0.000000,0.000000,0.000000,-59.620064,3525.526855
19.318278,1.000000,-5232.084473,-1.705179,1769.781481,1070.986206,3512.259521,314.825653,314.743408,324.709500,-15.568935,0.082934,4.030177,-60.671967,-19.961392,-19.904516,1072.287109,-0.070804,-0.002297,0.000265,0.780000,0.780000,-0.011337,102530.015625,0.965286,0.000000,0.000000,0.000000,0.000000,0.000000,0.000000,0.000000,0.000000,0.000000,-59.613628,3514.938721
19.373324,1.000000,-5222.725586,-1.680013,1766.441981,1067.645996,3501.088135,314.844482,314.765594,324.678890,-15.569566,0.081196,4.029196,-60.664787,-19.960950,-19.904581,1068.880737,-0.070817,-0.002309,0.000269,0.780000,0.780000,-0.011401,102530.015625,0.965247,0.000000,0.000000,0.000000,0.000000,0.000000,0.000000,0.000000,0.000000,0.000000,-59.606915,3503.767578
19.429324,1.000000,-5213.436035,-1.655120,1763.045001,1064.248413,3489.999756,314.863708,314.786682,324.648428,-15.570206,0.079435,4.028207,-60.657681,-19.960521,-19.904646,1065.499634,-0.070822,-0.002319,0.000273,0.780000,0.780000,-0.011459,102530.015625,0.965192,0.000000,0.000000,0.000000,0.000000,0.000000,0.000000,0.000000,0.000000,0.000000,-59.600117,3492.728271
19.484731,1.000000,-5204.301270,-1.630727,1759.684388,1060.887085,3479.096191,314.882538,314.807434,324.618441,-15.570843,0.077707,4.027231,-60.650715,-19.960108,-19.904713,1062.174805,-0.070826,-0.002331,0.000276,0.780000,0.780000,-0.011510,102530.015625,0.965148,0.000000,0.000000,0.000000,0.000000,0.000000,0.000000,0.000000,0.000000,0.000000,-59.593410,3481.824707
19.539864,1.000000,-5194.977051,-1.605915,1756.340780,1057.542725,3467.967041,314.901215,314.828430,324.587802,-15.571482,0.075997,4.026265,-60.643616,-19.959691,-19.904791,1058.781006,-0.070840,-0.002340,0.000280,0.780000,0.780000,-0.011556,102530.015625,0.965097,0.000000,0.000000,0.000000,0.000000,0.000000,0.000000,0.000000,0.000000,0.000000,-59.586750,3470.695557
19.597391,1.000000,-5185.752441,-1.581456,1752.852396,1054.053589,3456.957031,314.920685,314.849518,324.557310,-15.572152,0.074226,4.025264,-60.636608,-19.959294,-19.904869,1055.423584,-0.070840,-0.002344,0.000284,0.780000,0.780000,-0.011606,102530.015625,0.965051,0.000000,0.000000,0.000000,0.000000,0.000000,0.000000,0.000000,0.000000,0.000000,-59.579815,3459.643311
19.653265,1.000000,-5176.244629,-1.556336,1749.464649,1050.665039,3445.609375,314.939514,314.870300,324.525900,-15.572798,0.072517,4.024305,-60.629410,-19.958890,-19.904957,1051.963013,-0.070852,-0.002356,0.000288,0.780000,0.780000,-0.011647,102530.015625,0.965011,0.000000,0.000000,0.000000,0.000000,0.000000,0.000000,0.000000,0.000000,0.000000,-59.573101,3448.295654
19.705410,1.000000,-5167.421387,-1.533108,1746.303352,1047.502930,3435.078857,314.957092,314.890594,324.496743,-15.573407,0.070933,4.023410,-60.622742,-19.958520,-19.905041,1048.751587,-0.070863,-0.002366,0.000291,0.780000,0.780000,-0.011687,102530.015625,0.964964,0.000000,0.000000,0.000000,0.000000,0.000000,0.000000,0.000000,0.000000,0.000000,-59.566853,3437.765137
19.758147,1.000000,-5158.934570,-1.510840,1743.106514,1044.305420,3424.949707,314.974792,314.909149,324.468714,-15.574026,0.069345,4.022503,-60.616348,-19.958169,-19.905123,1045.662720,-0.070866,-0.002372,0.000295,0.780000,0.780000,-0.011728,102530.015625,0.964933,0.000000,0.000000,0.000000,0.000000,0.000000,0.000000,0.000000,0.000000,0.000000,-59.560551,3427.635986
19.816145,1.000000,-5149.272461,-1.485580,1739.591165,1040.789185,3413.418701,314.994202,314.931274,324.436621,-15.574705,0.067606,4.021524,-60.609085,-19.957785,-19.905226,1042.145996,-0.070875,-0.002380,0.000298,0.780000,0.780000,-0.011772,102530.015625,0.964885,0.000000,0.000000,0.000000,0.000000,0.000000,0.000000,0.000000,0.000000,0.000000,-59.553638,3416.105225
19.868710,1.000000,-5140.621094,-1.463044,1736.405482,1037.602661,3403.093750,315.011749,314.951233,324.407909,-15.575325,0.066042,4.020636,-60.602585,-19.957440,-19.905313,1038.997070,-0.070879,-0.002387,0.000302,0.780000,0.780000,-0.011811,102530.015625,0.964847,0.000000,0.000000,0.000000,0.000000,0.000000,0.000000,0.000000,0.000000,0.000000,-59.547379,3405.780273
19.923930,1.000000,-5131.091797,-1.438310,1733.059265,1034.255493,3391.721436,315.030121,314.972595,324.376202,-15.575973,0.064410,4.019709,-60.595444,-19.957071,-19.905422,1035.528687,-0.070896,-0.002399,0.000306,0.780000,0.780000,-0.011849,102530.015625,0.964814,0.000000,0.000000,0.000000,0.000000,0.000000,0.000000,0.000000,0.000000,0.000000,-59.540825,3394.408203
19.981933,1.000000,-5121.532227,-1.413591,1729.544812,1030.740112,3380.313232,315.049286,314.993652,324.344406,-15.576669,0.062701,4.018730,-60.588299,-19.956705,-19.905531,1032.049316,-0.070903,-0.002407,0.000309,0.780000,0.780000,-0.011893,102530.015625,0.964764,0.000000,0.000000,0.000000,0.000000,0.000000,0.000000,0.000000,0.000000,0.000000,-59.533951,3383.000000
20.035237,1.000000,-5112.831055,-1.391174,1726.315447,1027.509888,3369.929688,315.066895,315.012512,324.315368,-15.577297,0.061147,4.017844,-60.581795,-19.956378,-19.905634,1028.882324,-0.070909,-0.002415,0.000313,0.780000,0.780000,-0.011938,102530.015625,0.964735,0.000000,0.000000,0.000000,0.000000,0.000000,0.000000,0.000000,0.000000,0.000000,-59.527641,3372.615479
20.087463,1.000000,-5104.195313,-1.369005,1723.151733,1024.345337,3359.624023,315.084167,315.031830,324.286419,-15.577917,0.059636,4.016989,-60.575363,-19.956067,-19.905735,1025.739258,-0.070910,-0.002421,0.000316,0.780000,0.780000,-0.011972,102530.015625,0.964689,0.000000,0.000000,0.000000,0.000000,0.000000,0.000000,0.000000,0.000000,0.000000,-59.521484,3362.309814
20.144633,1.000000,-5094.352051,-1.343832,1719.688912,1020.881592,3347.877930,315.102936,315.053864,324.253525,-15.578602,0.057990,4.016045,-60.568047,-19.955711,-19.905859,1022.156555,-0.070926,-0.002433,0.000320,0.780000,0.780000,-0.012008,102530.015625,0.964647,0.000000,0.000000,0.000000,0.000000,0.000000,0.000000,0.000000,0.000000,0.000000,-59.514755,3350.563721
20.196181,1.000000,-5087.979980,-1.327590,1716.566972,1017.758789,3340.274414,315.119904,315.067932,324.232110,-15.579217,0.056516,4.015201,-60.563305,-19.955486,-19.905945,1019.837280,-0.070905,-0.002418,0.000323,0.780000,0.780000,-0.012044,102530.015625,0.964617,0.000000,0.000000,0.000000,0.000000,0.000000,0.000000,0.000000,0.000000,0.000000,-59.508690,3342.960205
20.252311,1.000000,-5076.304199,-1.297943,1713.167894,1014.358643,3326.341553,315.138184,315.093811,324.192899,-15.579889,0.054922,4.014295,-60.554665,-19.955087,-19.906092,1015.587646,-0.070940,-0.002451,0.000327,0.780000,0.780000,-0.012075,102530.015625,0.964577,0.000000,0.000000,0.000000,0.000000,0.000000,0.000000,0.000000,0.000000,0.000000,-59.502113,3328.946045
20.313258,1.000000,-5067.140137,-1.274775,1709.477553,1010.667297,3315.406738,315.158020,315.114502,324.162081,-15.580630,0.053205,4.013298,-60.547890,-19.954777,-19.906221,1012.252197,-0.070938,-0.002446,0.000331,0.780000,0.780000,-0.012120,102530.015625,0.964545,0.000000,0.000000,0.000000,0.000000,0.000000,0.000000,0.000000,0.000000,0.000000,-59.494984,3318.011230
20.368150,1.000000,-5057.184082,-1.249707,1706.154230,1007.342957,3303.526611,315.175812,315.136597,324.128506,-15.581297,0.051672,4.012410,-60.540539,-19.954450,-19.906357,1008.628540,-0.070955,-0.002464,0.000334,0.780000,0.780000,-0.012154,102530.015625,0.964510,0.000000,0.000000,0.000000,0.000000,0.000000,0.000000,0.000000,0.000000,0.000000,-59.488575,3306.131104
20.423733,1.000000,-5047.976074,-1.226618,1702.789450,1003.977173,3292.539795,315.193878,315.157776,324.097480,-15.581971,0.050128,4.011518,-60.533756,-19.954150,-19.906490,1005.277100,-0.070964,-0.002471,0.000338,0.780000,0.780000,-0.012196,102530.015625,0.964486,0.000000,0.000000,0.000000,0.000000,0.000000,0.000000,0.000000,0.000000,0.000000,-59.482098,3295.209473
20.482510,1.000000,-5038.954590,-1.204085,1699.231730,1000.418396,3281.775146,315.212982,315.176361,324.066960,-15.582690,0.048503,4.010575,-60.527126,-19.953868,-19.906620,1001.993530,-0.070958,-0.002472,0.000341,0.780000,0.780000,-0.012231,102530.015625,0.964437,0.000000,0.000000,0.000000,0.000000,0.000000,0.000000,0.000000,0.000000,0.000000,-59.475262,3284.444824
20.537239,1.000000,-5029.015625,-1.179363,1695.919410,997.105103,3269.916260,315.230591,315.199738,324.033235,-15.583356,0.047007,4.009713,-60.519829,-19.953564,-19.906767,998.376038,-0.070974,-0.002490,0.000345,0.780000,0.780000,-0.012261,102530.015625,0.964404,0.000000,0.000000,0.000000,0.000000,0.000000,0.000000,0.000000,0.000000,0.000000,-59.468914,3272.585938
20.595816,1.000000,-5019.438965,-1.155644,1692.374605,993.559204,3258.489746,315.249420,315.220978,324.000727,-15.584084,0.045410,4.008773,-60.512806,-19.953275,-19.906916,994.890442,-0.070981,-0.002493,0.000348,0.780000,0.780000,-0.012295,102530.015625,0.964367,0.000000,0.000000,0.000000,0.000000,0.000000,0.000000,0.000000,0.000000,0.000000,-59.462116,3261.159668
20.652758,1.000000,-5009.969238,-1.132288,1688.929147,990.112671,3247.191162,315.267731,315.240295,323.968575,-15.584780,0.043874,4.007879,-60.505863,-19.952991,-19.907061,991.443726,-0.070990,-0.002505,0.000352,0.780000,0.780000,-0.012324,102530.015625,0.964332,0.000000,0.000000,0.000000,0.000000,0.000000,0.000000,0.000000,0.000000,0.000000,-59.455517,3249.751221
20.707103,1.000000,-5000.785645,-1.109731,1685.641195,986.823669,3236.234131,315.285034,315.261841,323.937283,-15.585447,0.042421,4.007025,-60.499142,-19.952724,-19.907207,988.101196,-0.071000,-0.002509,0.000355,0.780000,0.780000,-0.012363,102530.015625,0.964313,0.000000,0.000000,0.000000,0.000000,0.000000,0.000000,0.000000,0.000000,0.000000,-59.449230,3238.794189
20.763246,1.000000,-4991.579102,-1.087211,1682.244838,983.426208,3225.249756,315.302979,315.281860,323.905961,-15.586139,0.040938,4.006143,-60.492413,-19.952457,-19.907358,984.750244,-0.071010,-0.002516,0.000359,0.780000,0.780000,-0.012401,102530.015625,0.964280,0.000000,0.000000,0.000000,0.000000,0.000000,0.000000,0.000000,0.000000,0.000000,-59.442745,3227.809814
20.817166,1.000000,-4982.469238,-1.065018,1678.983322,980.163574,3214.380859,315.320129,315.301605,323.874906,-15.586806,0.039521,4.005303,-60.485764,-19.952199,-19.907507,981.434570,-0.071020,-0.002524,0.000362,0.780000,0.780000,-0.012447,102530.015625,0.964249,0.000000,0.000000,0.000000,0.000000,0.000000,0.000000,0.000000,0.000000,0.000000,-59.436527,3216.986084
20.873911,1.000000,-4973.088379,-1.042262,1675.551308,976.730408,3203.188477,315.338135,315.322144,323.842784,-15.587508,0.038039,4.004426,-60.478931,-19.951946,-19.907658,978.020203,-0.071019,-0.002532,0.000366,0.780000,0.780000,-0.012491,102530.015625,0.964215,0.000000,0.000000,0.000000,0.000000,0.000000,0.000000,0.000000,0.000000,0.000000,-59.430000,3205.793701
20.932019,1.000000,-4963.542969,-1.019208,1672.037262,973.215210,3191.800781,315.356598,315.342255,323.810098,-15.588227,0.036531,4.003535,-60.471985,-19.951690,-19.907825,974.545959,-0.071030,-0.002538,0.000369,0.780000,0.780000,-0.012527,102530.015625,0.964173,0.000000,0.000000,0.000000,0.000000,0.000000,0.000000,0.000000,0.000000,0.000000,-59.423325,3194.406006
20.984330,1.000000,-4955.020020,-0.998710,1668.874136,970.051025,3181.632568,315.373138,315.360504,323.780912,-15.588880,0.035187,4.002732,-60.465801,-19.951467,-19.907972,971.443848,-0.071035,-0.002543,0.000372,0.780000,0.780000,-0.012557,102530.015625,0.964144,0.000000,0.000000,0.000000,0.000000,0.000000,0.000000,0.000000,0.000000,0.000000,-59.417328,3184.237793
21.038574,1.000000,-4945.800781,-0.976628,1665.594474,966.770264,3170.633545,315.390259,315.380768,323.749264,-15.589560,0.033801,4.001900,-60.459118,-19.951232,-19.908129,968.088318,-0.071042,-0.002552,0.000375,0.780000,0.780000,-0.012586,102530.015625,0.964110,0.000000,0.000000,0.000000,0.000000,0.000000,0.000000,0.000000,0.000000,0.000000,-59.411125,3173.237793
21.095654,1.000000,-4936.077637,-0.953443,1662.143725,963.318237,3159.034180,315.408264,315.402344,323.715866,-15.590277,0.032361,4.001027,-60.452084,-19.950990,-19.908310,964.549377,-0.071059,-0.002560,0.000379,0.780000,0.780000,-0.012624,102530.015625,0.964085,0.000000,0.000000,0.000000,0.000000,0.000000,0.000000,0.000000,0.000000,0.000000,-59.404606,3161.638428
21.152286,1.000000,-4926.733398,-0.931261,1658.720447,959.893860,3147.886719,315.426056,315.422424,323.683743,-15.590987,0.030942,4.000170,-60.445324,-19.950758,-19.908478,961.148376,-0.071066,-0.002565,0.000382,0.780000,0.780000,-0.012664,102530.015625,0.964052,0.000000,0.000000,0.000000,0.000000,0.000000,0.000000,0.000000,0.000000,0.000000,-59.398144,3150.490967
21.208780,1.000000,-4917.298340,-0.908962,1655.305894,956.478088,3136.630371,315.443787,315.443207,323.651205,-15.591699,0.029538,3.999320,-60.438519,-19.950536,-19.908642,957.714294,-0.071065,-0.002571,0.000385,0.780000,0.780000,-0.012703,102530.015625,0.964028,0.000000,0.000000,0.000000,0.000000,0.000000,0.000000,0.000000,0.000000,0.000000,-59.391712,3139.234619
21.261832,1.000000,-4908.580566,-0.888448,1652.099726,953.270752,3126.230469,315.460388,315.462036,323.621070,-15.592370,0.028230,3.998520,-60.432232,-19.950336,-19.908806,954.541260,-0.071070,-0.002576,0.000388,0.780000,0.780000,-0.012738,102530.015625,0.964003,0.000000,0.000000,0.000000,0.000000,0.000000,0.000000,0.000000,0.000000,0.000000,-59.385674,3128.804443
21.312791,1.000000,-4899.997559,-0.868336,1649.020365,950.190308,3115.991455,315.476196,315.480164,323.591409,-15.593017,0.026982,3.997751,-60.426041,-19.950138,-19.908964,951.417297,-0.071078,-0.002584,0.000391,0.780000,0.780000,-0.012769,102530.015625,0.963968,0.000000,0.000000,0.000000,0.000000,0.000000,0.000000,0.000000,0.000000,0.000000,-59.379875,3118.565186
21.366754,1.000000,-4891.051270,-0.847462,1645.759817,946.928467,3105.319580,315.492981,315.498810,323.560444,-15.593701,0.025672,3.996945,-60.419613,-19.949941,-19.909142,948.161133,-0.071089,-0.002591,0.000394,0.780000,0.780000,-0.012800,102530.015625,0.963931,0.000000,0.000000,0.000000,0.000000,0.000000,0.000000,0.000000,0.000000,0.000000,-59.373764,3107.893311
21.418563,1.000000,-4882.359863,-0.827270,1642.629744,943.797302,3094.951172,315.509064,315.517487,323.530308,-15.594353,0.024425,3.996184,-60.413376,-19.949756,-19.909307,944.997681,-0.071094,-0.002598,0.000397,0.780000,0.780000,-0.012826,102530.015625,0.963904,0.000000,0.000000,0.000000,0.000000,0.000000,0.000000,0.000000,0.000000,0.000000,-59.367897,3097.525146
21.474720,1.000000,-4873.191406,-0.806062,1639.237346,940.403564,3084.014160,315.526428,315.536682,323.498482,-15.595068,0.023083,3.995360,-60.406807,-19.949565,-19.909485,941.660645,-0.071098,-0.002602,0.000401,0.780000,0.780000,-0.012849,102530.015625,0.963872,0.000000,0.000000,0.000000,0.000000,0.000000,0.000000,0.000000,0.000000,0.000000,-59.361557,3086.550537
21.529145,1.000000,-4864.020996,-0.784945,1635.949934,937.114990,3073.074707,315.543182,315.556305,323.466656,-15.595759,0.021788,3.994562,-60.400246,-19.949377,-19.909664,938.322876,-0.071105,-0.002611,0.000404,0.780000,0.780000,-0.012876,102530.015625,0.963852,0.000000,0.000000,0.000000,0.000000,0.000000,0.000000,0.000000,0.000000,0.000000,-59.355423,3075.611328
21.580590,1.000000,-4855.383789,-0.765144,1632.842845,934.006714,3062.771240,315.559021,315.574707,323.436580,-15.596420,0.020578,3.993807,-60.394070,-19.949207,-19.909830,935.179199,-0.071107,-0.002615,0.000407,0.780000,0.780000,-0.012896,102530.015625,0.963820,0.000000,0.000000,0.000000,0.000000,0.000000,0.000000,0.000000,0.000000,0.000000,-59.349625,3065.307617
21.632881,1.000000,-4846.812012,-0.745579,1629.684982,930.847534,3052.546387,315.574982,315.592712,323.406712,-15.597086,0.019358,3.993046,-60.387951,-19.949042,-19.910006,932.059326,-0.071115,-0.002621,0.000410,0.780000,0.780000,-0.012914,102530.015625,0.963796,0.000000,0.000000,0.000000,0.000000,0.000000,0.000000,0.000000,0.000000,0.000000,-59.343742,3055.067383
21.689026,1.000000,-4837.750488,-0.724988,1626.294737,927.455994,3041.737305,315.592163,315.611145,323.375094,-15.597809,0.018055,3.992231,-60.381493,-19.948873,-19.910189,928.761230,-0.071117,-0.002625,0.000413,0.780000,0.780000,-0.012931,102530.015625,0.963763,0.000000,0.000000,0.000000,0.000000,0.000000,0.000000,0.000000,0.000000,0.000000,-59.337440,3044.258301
21.742371,1.000000,-4828.570801,-0.704225,1623.073911,924.233887,3030.787109,315.608429,315.630676,323.343060,-15.598492,0.016830,3.991466,-60.374962,-19.948706,-19.910372,925.420105,-0.071124,-0.002632,0.000416,0.780000,0.780000,-0.012943,102530.015625,0.963733,0.000000,0.000000,0.000000,0.000000,0.000000,0.000000,0.000000,0.000000,0.000000,-59.331467,3033.308105
21.799609,1.000000,-4819.317383,-0.683395,1619.618410,920.777039,3019.749756,315.625793,315.649567,323.310730,-15.599222,0.015529,3.990649,-60.368385,-19.948542,-19.910570,922.052124,-0.071135,-0.002636,0.000419,0.780000,0.780000,-0.012955,102530.015625,0.963701,0.000000,0.000000,0.000000,0.000000,0.000000,0.000000,0.000000,0.000000,0.000000,-59.325054,3022.270752
21.854754,1.000000,-4810.142578,-0.662839,1616.289631,917.447021,3008.805664,315.642548,315.669525,323.278607,-15.599936,0.014281,3.989853,-60.361858,-19.948381,-19.910759,918.712769,-0.071141,-0.002642,0.000422,0.780000,0.780000,-0.012974,102530.015625,0.963679,0.000000,0.000000,0.000000,0.000000,0.000000,0.000000,0.000000,0.000000,0.000000,-59.318874,3011.350830
21.905273,1.000000,-4801.528809,-0.643629,1613.240411,914.396484,2998.530762,315.657867,315.687286,323.248413,-15.600585,0.013151,3.989136,-60.355743,-19.948236,-19.910934,915.577637,-0.071145,-0.002651,0.000425,0.773015,0.779951,-0.012994,102530.015625,0.963659,0.000000,0.000000,0.000000,0.000000,0.000000,0.000000,0.000000,0.000000,0.000000,-59.313229,3001.075928
21.961781,1.000000,-4792.072754,-0.622641,1609.830062,910.985168,2987.251709,315.674927,315.707397,323.215312,-15.601324,0.011898,3.988325,-60.349052,-19.948080,-19.911139,912.135864,-0.071127,-0.002657,0.000428,0.744761,0.777855,-0.013253,102530.015625,0.963557,0.000000,0.000000,0.000000,0.000000,0.000000,0.000000,0.000000,0.000000,0.000000,-59.306950,2989.796875
22.017105,1.000000,-4782.992676,-0.602585,1606.491528,907.645691,2976.420654,315.691528,315.726349,323.184019,-15.602084,0.010680,3.987525,-60.342800,-19.947955,-19.911325,908.830994,-0.070997,-0.002660,0.000431,0.717099,0.773082,-0.014255,102530.015625,0.963241,0.000000,0.000000,0.000000,0.000000,0.000000,0.000000,0.000000,0.000000,0.000000,-59.300991,2978.965820
22.072513,1.000000,-4773.679688,-0.582117,1603.148262,904.301514,2965.312744,315.708130,315.747742,323.152668,-15.602924,0.009470,3.986724,-60.336769,-19.947901,-19.911533,905.441345,-0.070722,-0.002668,0.000433,0.689395,0.765889,-0.016232,102530.015625,0.962579,0.000000,0.000000,0.000000,0.000000,0.000000,0.000000,0.000000,0.000000,0.000000,-59.295433,2967.782959
22.129562,1.000000,-4764.306152,-0.561617,1599.706302,900.858459,2954.131592,315.725281,315.770813,323.122236,-15.603938,0.008234,3.985888,-60.331341,-19.947979,-19.911728,902.029663,-0.070225,-0.002672,0.000436,0.660871,0.756234,-0.019290,102530.015625,0.961495,0.000000,0.000000,0.000000,0.000000,0.000000,0.000000,0.000000,0.000000,0.000000,-59.290386,2956.601807
22.189972,1.000000,-4754.887207,-0.541123,1596.061864,897.213013,2942.896973,315.743500,315.794739,323.093109,-15.605233,0.006936,3.985018,-60.326824,-19.948259,-19.911934,898.601440,-0.069472,-0.002672,0.000439,0.630666,0.743805,-0.023522,102530.015625,0.959980,0.000000,0.000000,0.000000,0.000000,0.000000,0.000000,0.000000,0.000000,0.000000,-59.286114,2945.367188
22.247647,1.000000,-4744.886719,-0.519476,1592.582644,893.732727,2930.967773,315.760895,315.823303,323.064012,-15.606724,0.005710,3.984244,-60.323376,-19.948864,-19.912136,894.961548,-0.068478,-0.002677,0.000442,0.601828,0.730029,-0.028188,102530.015625,0.957924,0.000000,0.000000,0.000000,0.000000,0.000000,0.000000,0.000000,0.000000,0.000000,-59.283386,2933.428955
22.299771,1.000000,-4736.194336,-0.500757,1589.438399,890.587463,2920.598877,315.776764,315.850922,323.040491,-15.608318,0.004609,3.983622,-60.321766,-19.949712,-19.912313,891.797791,-0.067379,-0.002681,0.000445,0.575766,0.716161,-0.032698,102530.015625,0.955738,0.000000,0.000000,0.000000,0.000000,0.000000,0.000000,0.000000,0.000000,0.000000,-59.282291,2923.060059
22.350535,1.000000,-4727.514648,-0.482154,1586.376223,887.524414,2910.245117,315.792358,315.880585,323.018750,-15.610094,0.003545,3.983131,-60.321648,-19.950912,-19.912489,888.638672,-0.066102,-0.002685,0.000447,0.550384,0.701487,-0.037111,102530.015625,0.953232,0.000000,0.000000,0.000000,0.000000,0.000000,0.000000,0.000000,0.000000,0.000000,-59.282669,2912.706299
22.403489,1.000000,-4718.809570,-0.463586,1583.181890,884.329102,2899.859619,315.808838,315.912201,322.998937,-15.612187,0.002442,3.982785,-60.323215,-19.952517,-19.912643,885.470276,-0.064590,-0.002685,0.000449,0.523907,0.685080,-0.041555,102530.015625,0.950490,0.000000,0.000000,0.000000,0.000000,0.000000,0.000000,0.000000,0.000000,0.000000,-59.284756,2902.320801
22.457502,1.000000,-4710.031250,-0.444949,1579.923520,881.069641,2889.385498,315.825928,315.947845,322.981081,-15.614548,0.001322,3.982679,-60.326672,-19.954586,-19.912777,882.275208,-0.062863,-0.002685,0.000452,0.496901,0.667302,-0.045651,102530.015625,0.947418,0.000000,0.000000,0.000000,0.000000,0.000000,0.000000,0.000000,0.000000,0.000000,-59.288845,2891.842529
22.516690,1.000000,-4700.506836,-0.424832,1576.352655,877.497681,2878.020264,315.845306,315.989960,322.964293,-15.617377,0.000109,3.982906,-60.332695,-19.957377,-19.912909,878.808594,-0.060788,-0.002684,0.000454,0.467307,0.646750,-0.049473,102530.015625,0.943846,0.000000,0.000000,0.000000,0.000000,0.000000,0.000000,0.000000,0.000000,0.000000,-59.295746,2880.477295
22.572724,1.000000,-4690.978027,-0.404810,1572.971637,874.115662,2866.647705,315.864227,316.035767,322.950234,-15.620234,-0.001039,3.983559,-60.341290,-19.960796,-19.913008,875.340393,-0.058527,-0.002685,0.000456,0.439290,0.626349,-0.052069,102530.015625,0.940132,0.000000,0.000000,0.000000,0.000000,0.000000,0.000000,0.000000,0.000000,0.000000,-59.304802,2869.104736
22.630876,1.000000,-4681.365234,-0.384717,1569.462218,870.604980,2855.172363,315.884674,316.086914,322.939141,-15.623318,-0.002218,3.984769,-60.352665,-19.964893,-19.913065,871.841675,-0.056045,-0.002687,0.000459,0.410214,0.604327,-0.053605,102530.015625,0.936120,0.000000,0.000000,0.000000,0.000000,0.000000,0.000000,0.000000,0.000000,0.000000,-59.316902,2857.629395
22.685268,1.000000,-4672.227051,-0.365715,1566.179014,867.320679,2844.261475,315.904694,316.139648,322.931518,-15.626241,-0.003313,3.986486,-60.366112,-19.969424,-19.913082,868.515625,-0.053529,-0.002684,0.000461,0.383018,0.583015,-0.053725,102530.015625,0.932244,0.000000,0.000000,0.000000,0.000000,0.000000,0.000000,0.000000,0.000000,0.000000,-59.330803,2846.688965
22.737144,1.000000,-4663.527832,-0.347713,1563.046923,864.187561,2833.871582,315.924652,316.193512,322.927039,-15.629001,-0.004349,3.988724,-60.381351,-19.974322,-19.913048,865.349365,-0.050993,-0.002683,0.000463,0.357080,0.562114,-0.052581,102530.015625,0.928569,0.000000,0.000000,0.000000,0.000000,0.000000,0.000000,0.000000,0.000000,0.000000,-59.346436,2836.299072
22.792417,1.000000,-4654.289551,-0.328692,1559.708780,860.848328,2822.834961,315.947083,316.255280,322.925348,-15.631833,-0.005451,3.991835,-60.400166,-19.980149,-19.912966,861.986877,-0.048179,-0.002683,0.000465,0.329443,0.539290,-0.049929,102530.015625,0.924616,0.000000,0.000000,0.000000,0.000000,0.000000,0.000000,0.000000,0.000000,0.000000,-59.365681,2825.262451
22.850356,1.000000,-4644.952637,-0.309566,1556.208409,857.346741,2811.676270,315.971893,316.321259,322.927069,-15.634616,-0.006602,3.995920,-60.421860,-19.986660,-19.912813,858.588562,-0.045209,-0.002680,0.000467,0.300473,0.514845,-0.046035,102530.015625,0.920841,0.000000,0.000000,0.000000,0.000000,0.000000,0.000000,0.000000,0.000000,0.000000,-59.388607,2814.103760
22.900541,1.000000,-4636.638672,-0.292619,1553.175363,854.312744,2801.737061,315.994751,316.384613,322.931488,-15.636804,-0.007595,4.000227,-60.443485,-19.992994,-19.912624,855.562500,-0.042447,-0.002680,0.000468,0.275381,0.493270,-0.041397,102530.015625,0.917372,0.000000,0.000000,0.000000,0.000000,0.000000,0.000000,0.000000,0.000000,0.000000,-59.410816,2804.190430
22.952981,1.000000,-4627.612793,-0.274308,1550.004795,851.140991,2790.942383,316.019867,316.458618,322.939497,-15.638789,-0.008623,4.005603,-60.469536,-20.000472,-19.912350,852.277344,-0.039338,-0.002682,0.000470,0.250000,0.470339,-0.034721,102530.015625,0.913490,0.000000,0.000000,0.000000,0.000000,0.000000,0.000000,0.000000,0.000000,0.000000,-59.436462,2793.395752
23.004500,1.000000,-4619.096680,-0.257117,1546.888544,848.023682,2780.753662,316.046112,316.531708,322.950263,-15.640370,-0.009623,4.011735,-60.496353,-20.008024,-19.912029,849.177734,-0.036383,-0.002680,0.000471,0.250000,0.448690,-0.027130,102530.015625,0.910245,0.000000,0.000000,0.000000,0.000000,0.000000,0.000000,0.000000,0.000000,0.000000,-59.463821,2783.207275
23.057397,1.000000,-4610.392090,-0.239627,1543.687423,844.821350,2770.334473,316.074646,316.610138,322.964204,-15.641545,-0.010644,4.018960,-60.525898,-20.016224,-19.911615,846.009521,-0.033368,-0.002677,0.000473,0.250000,0.428671,-0.017592,102530.015625,0.907289,0.000000,0.000000,0.000000,0.000000,0.000000,0.000000,0.000000,0.000000,0.000000,-59.494038,2772.787842
23.111850,1.000000,-4601.459961,-0.221768,1540.390423,841.523193,2759.637695,316.105865,316.695038,322.981348,-15.642155,-0.011690,4.027468,-60.558289,-20.025106,-19.911108,842.758484,-0.030396,-0.002675,0.000475,0.250000,0.410174,-0.005305,102530.015625,0.904549,0.000000,0.000000,0.000000,0.000000,0.000000,0.000000,0.000000,0.000000,0.000000,-59.527225,2762.019531
23.167431,1.000000,-4592.027832,-0.203005,1537.023219,838.155212,2748.336670,316.139832,316.787598,323.002377,-15.642027,-0.012750,4.037256,-60.594307,-20.034868,-19.910480,839.325500,-0.027270,-0.002676,0.000476,0.250000,0.393267,0.009289,102530.015625,0.902519,0.000000,0.000000,0.000000,0.000000,0.000000,0.000000,0.000000,0.000000,0.000000,-59.562786,2750.718506
23.217736,1.000000,-4583.702637,-0.186527,1533.973911,835.105225,2738.356934,316.172485,316.872437,323.023199,-15.641161,-0.013699,4.047095,-60.627323,-20.043727,-19.909843,836.295349,-0.024731,-0.002676,0.000478,0.250000,0.379505,0.024234,102530.015625,0.901148,0.000000,0.000000,0.000000,0.000000,0.000000,0.000000,0.000000,0.000000,0.000000,-59.596157,2740.738770
23.268107,1.000000,-4575.377441,-0.170126,1530.918905,832.049622,2728.371826,316.206970,316.959229,323.046097,-15.639502,-0.014641,4.057877,-60.661221,-20.052732,-19.909119,833.265259,-0.022354,-0.002674,0.000479,0.250000,0.367051,0.040664,102530.015625,0.900526,0.000000,0.000000,0.000000,0.000000,0.000000,0.000000,0.000000,0.000000,0.000000,-59.630398,2730.870850
23.321093,1.000000,-4566.608398,-0.152934,1527.703425,828.833252,2717.849854,316.245331,317.053223,323.072258,-15.636829,-0.015629,4.070188,-60.697483,-20.062269,-19.908279,830.073547,-0.020029,-0.002676,0.000480,0.250000,0.355239,0.059042,102530.015625,0.900240,0.000000,0.000000,0.000000,0.000000,0.000000,0.000000,0.000000,0.000000,0.000000,-59.666946,2720.348877
23.377228,1.000000,-4557.596191,-0.135353,1524.294728,825.423828,2707.029053,316.288269,317.151581,323.101296,-15.632907,-0.016660,4.084270,-60.735054,-20.072035,-19.907301,826.793396,-0.017963,-0.002676,0.000482,0.250000,0.344020,0.079445,102530.015625,0.900778,0.000000,0.000000,0.000000,0.000000,0.000000,0.000000,0.000000,0.000000,0.000000,-59.705925,2709.528076
23.434673,1.000000,-4548.060059,-0.116850,1520.804226,821.932495,2695.573730,316.334839,317.257446,323.134278,-15.627684,-0.017704,4.099715,-60.774734,-20.082215,-19.906174,823.322510,-0.015840,-0.002678,0.000484,0.250000,0.333776,0.100837,102530.015625,0.901926,0.000000,0.000000,0.000000,0.000000,0.000000,0.000000,0.000000,0.000000,0.000000,-59.745674,2698.072754
23.489633,1.000000,-4538.763184,-0.098907,1517.462602,818.590149,2684.399414,316.381805,317.363922,323.168566,-15.621531,-0.018687,4.115417,-60.813034,-20.091897,-19.904970,819.938721,-0.013914,-0.002681,0.000485,0.250000,0.325022,0.121706,102530.015625,0.902935,0.000000,0.000000,0.000000,0.000000,0.000000,0.000000,0.000000,0.000000,0.000000,-59.783333,2686.861816
23.541588,1.000000,-4530.349121,-0.082751,1514.301808,815.428467,2674.281494,316.428253,317.459747,323.201312,-15.614656,-0.019612,4.131028,-60.847206,-20.100410,-19.903801,816.876282,-0.012566,-0.002682,0.000486,0.250000,0.317591,0.141492,102530.015625,0.905253,0.000000,0.000000,0.000000,0.000000,0.000000,0.000000,0.000000,0.000000,0.000000,-59.818310,2676.743652
23.592710,1.000000,-4521.812012,-0.066440,1511.189941,812.315918,2664.010742,316.475922,317.558319,323.236193,-15.606915,-0.020506,4.146968,-60.880886,-20.108648,-19.902534,813.769043,-0.011184,-0.002687,0.000487,0.250000,0.310995,0.160044,102530.015625,0.907560,0.000000,0.000000,0.000000,0.000000,0.000000,0.000000,0.000000,0.000000,0.000000,-59.851734,2666.472900
23.649965,1.000000,-4512.293457,-0.048349,1507.702765,808.827881,2652.553223,316.531616,317.669922,323.276946,-15.597125,-0.021499,4.165467,-60.917267,-20.117368,-19.901024,810.304565,-0.009871,-0.002690,0.000489,0.250000,0.304370,0.180262,102530.015625,0.910447,0.000000,0.000000,0.000000,0.000000,0.000000,0.000000,0.000000,0.000000,0.000000,-59.887966,2655.015381
23.702604,1.000000,-4504.282715,-0.033203,1504.494938,805.619263,2642.906738,316.584869,317.764252,323.312717,-15.587130,-0.022396,4.182960,-60.946720,-20.124266,-19.899689,807.388855,-0.009321,-0.002688,0.000490,0.250000,0.298913,0.197896,102530.015625,0.913530,0.000000,0.000000,0.000000,0.000000,0.000000,0.000000,0.000000,0.000000,0.000000,-59.919910,2645.343262
23.757651,1.000000,-4494.286621,-0.014407,1501.138632,802.262085,2630.865234,316.642731,317.883209,323.359225,-15.575733,-0.023322,4.201603,-60.981701,-20.132226,-19.897951,803.750610,-0.007863,-0.002700,0.000491,0.250000,0.293795,0.215073,102530.015625,0.916823,0.000000,0.000000,0.000000,0.000000,0.000000,0.000000,0.000000,0.000000,0.000000,-59.951698,2633.301758
23.814243,1.000000,-4485.125000,0.002720,1497.686344,798.808899,2619.823730,316.704529,317.989044,323.403538,-15.563056,-0.024266,4.221061,-61.011986,-20.138883,-19.896275,800.416016,-0.007186,-0.002706,0.000492,0.250000,0.289086,0.231041,102530.015625,0.921757,0.000000,0.000000,0.000000,0.000000,0.000000,0.000000,0.000000,0.000000,0.000000,-59.982471,2622.260254
23.869804,1.000000,-4475.542480,0.020531,1494.295331,795.416870,2608.270996,316.767151,318.105499,323.451589,-15.549779,-0.025171,4.240330,-61.041553,-20.145105,-19.894451,796.928284,-0.006406,-0.002711,0.000493,0.250000,0.284960,0.245591,102530.015625,0.924904,0.000000,0.000000,0.000000,0.000000,0.000000,0.000000,0.000000,0.000000,0.000000,-60.010822,2610.707520
23.923223,1.000000,-4466.716797,0.036840,1491.033625,792.154297,2597.627686,316.829102,318.211029,323.497266,-15.536296,-0.026033,4.258920,-61.066944,-20.150194,-19.892723,793.716003,-0.006010,-0.002716,0.000494,0.250000,0.281405,0.258105,102530.015625,0.928810,0.000000,0.000000,0.000000,0.000000,0.000000,0.000000,0.000000,0.000000,0.000000,-60.036175,2600.020508
23.975964,1.000000,-4457.929199,0.052989,1487.812049,788.931824,2587.027588,316.891937,318.316193,323.544160,-15.522374,-0.026871,4.277208,-61.090267,-20.154584,-19.890957,790.517578,-0.005697,-0.002724,0.000495,0.250000,0.278249,0.268810,102530.015625,0.932761,0.000000,0.000000,0.000000,0.000000,0.000000,0.000000,0.000000,0.000000,0.000000,-60.059250,2589.420410
24.030605,1.000000,-4449.025879,0.069256,1484.473194,785.592041,2576.285156,316.958801,318.421661,323.592981,-15.507399,-0.027727,4.295990,-61.111877,-20.158343,-19.889126,787.277039,-0.005557,-0.002730,0.000496,0.250000,0.275314,0.278088,102530.015625,0.937151,0.000000,0.000000,0.000000,0.000000,0.000000,0.000000,0.000000,0.000000,0.000000,-60.081047,2578.677734
24.081669,1.000000,-4440.585938,0.084590,1481.351891,782.469971,2566.100342,317.022766,318.522766,323.640439,-15.493005,-0.028517,4.313275,-61.130405,-20.161243,-19.887363,784.205139,-0.005454,-0.002734,0.000497,0.250000,0.272846,0.285056,102530.015625,0.940901,0.000000,0.000000,0.000000,0.000000,0.000000,0.000000,0.000000,0.000000,0.000000,-60.099453,2568.471436
24.132011,1.000000,-4432.017090,0.100072,1478.273855,779.390930,2555.758057,317.087006,318.624176,323.689735,-15.478502,-0.029280,4.330013,-61.147350,-20.163558,-19.885546,781.086365,-0.005339,-0.002743,0.000498,0.250000,0.270649,0.290464,102530.015625,0.944947,0.000000,0.000000,0.000000,0.000000,0.000000,0.000000,0.000000,0.000000,0.000000,-60.115768,2558.129150
24.185109,1.000000,-4423.203125,0.115905,1475.026481,776.142700,2545.118896,317.156219,318.729187,323.741493,-15.462950,-0.030073,4.347279,-61.162811,-20.165281,-19.883659,777.878296,-0.005402,-0.002749,0.000499,0.250000,0.268561,0.294781,102530.015625,0.948911,0.000000,0.000000,0.000000,0.000000,0.000000,0.000000,0.000000,0.000000,0.000000,-60.131042,2547.490234
24.241925,1.000000,-4413.770020,0.132746,1471.550889,772.666077,2533.731689,317.231628,318.840302,323.798145,-15.446112,-0.030912,4.365192,-61.177128,-20.166376,-19.881632,774.444946,-0.005545,-0.002755,0.000500,0.250000,0.266560,0.297587,102530.015625,0.953289,0.000000,0.000000,0.000000,0.000000,0.000000,0.000000,0.000000,0.000000,0.000000,-60.145138,2536.103027
24.299244,1.000000,-4404.453613,0.149273,1468.043791,769.157959,2522.484863,317.309021,318.949615,323.855212,-15.429012,-0.031746,4.382618,-61.189037,-20.166718,-19.879616,771.054077,-0.005801,-0.002761,0.000501,0.250000,0.264759,0.298658,102530.015625,0.957553,0.000000,0.000000,0.000000,0.000000,0.000000,0.000000,0.000000,0.000000,0.000000,-60.157055,2524.920898
24.354152,1.000000,-4395.327637,0.165358,1464.683634,765.796753,2511.468018,317.384552,319.056091,323.912071,-15.412626,-0.032529,4.398617,-61.198601,-20.166360,-19.877651,767.732483,-0.006056,-0.002767,0.000503,0.250000,0.263217,0.298048,102530.015625,0.961538,0.000000,0.000000,0.000000,0.000000,0.000000,0.000000,0.000000,0.000000,0.000000,-60.166351,2513.904053
24.412527,1.000000,-4385.596191,0.182397,1461.110824,762.222900,2499.720459,317.466003,319.169739,323.973766,-15.395293,-0.033350,4.414818,-61.206589,-20.165249,-19.875555,764.190491,-0.006389,-0.002777,0.000504,0.250000,0.261755,0.295872,102530.015625,0.965586,0.000000,0.000000,0.000000,0.000000,0.000000,0.000000,0.000000,0.000000,0.000000,-60.174042,2502.156494
24.467162,1.000000,-4376.472168,0.198266,1457.766575,758.877686,2488.707275,317.543121,319.276245,324.032464,-15.379227,-0.034101,4.429172,-61.212067,-20.163549,-19.873611,760.869629,-0.006760,-0.002781,0.000505,0.250000,0.260533,0.292452,102530.015625,0.969220,0.000000,0.000000,0.000000,0.000000,0.000000,0.000000,0.000000,0.000000,0.000000,-60.179249,2491.143311
24.523950,1.000000,-4366.954590,0.214708,1454.290300,755.400269,2477.220459,317.624542,319.386047,324.094514,-15.362766,-0.034874,4.443216,-61.215790,-20.161127,-19.871605,757.405518,-0.007184,-0.002788,0.000506,0.250000,0.259398,0.287523,102530.015625,0.972877,0.000000,0.000000,0.000000,0.000000,0.000000,0.000000,0.000000,0.000000,0.000000,-60.182705,2479.709473
24.579026,1.000000,-4358.037598,0.230010,1450.918692,752.027588,2466.459961,317.704498,319.488739,324.153480,-15.347105,-0.035609,4.455944,-61.217537,-20.158284,-19.869753,754.160034,-0.007635,-0.002795,0.000507,0.250000,0.258414,0.281551,102530.015625,0.976155,0.000000,0.000000,0.000000,0.000000,0.000000,0.000000,0.000000,0.000000,0.000000,-60.184265,2468.948975
24.635271,1.000000,-4348.208984,0.246760,1447.475488,748.583252,2454.601563,317.786835,319.602448,324.219119,-15.331481,-0.036343,4.468006,-61.217590,-20.154548,-19.867752,750.582703,-0.008147,-0.002802,0.000509,0.250000,0.257515,0.274313,102530.015625,0.979498,0.000000,0.000000,0.000000,0.000000,0.000000,0.000000,0.000000,0.000000,0.000000,-60.184105,2457.090820
24.686885,1.000000,-4339.635742,0.261273,1444.315837,745.422546,2444.260010,317.863190,319.699982,324.276928,-15.317532,-0.037012,4.478213,-61.216118,-20.150798,-19.866043,747.462280,-0.008627,-0.002806,0.000510,0.250000,0.256775,0.266721,102530.015625,0.982267,0.000000,0.000000,0.000000,0.000000,0.000000,0.000000,0.000000,0.000000,0.000000,-60.182480,2446.641357
24.738838,1.000000,-4330.916016,0.275938,1441.135556,742.241211,2433.743896,317.940613,319.799622,324.336220,-15.303907,-0.037673,4.487638,-61.213264,-20.146547,-19.864336,744.288574,-0.009130,-0.002809,0.000511,0.250000,0.256104,0.258291,102530.015625,0.984944,0.000000,0.000000,0.000000,0.000000,0.000000,0.000000,0.000000,0.000000,0.000000,-60.179512,2436.125000
24.796526,1.000000,-4321.745605,0.291256,1437.604438,738.709045,2422.687012,318.027435,319.902802,324.399011,-15.289316,-0.038393,4.497101,-61.208881,-20.141634,-19.862595,740.950806,-0.009629,-0.002811,0.000512,0.250000,0.255437,0.248087,102530.015625,0.987498,0.000000,0.000000,0.000000,0.000000,0.000000,0.000000,0.000000,0.000000,0.000000,-60.174759,2425.068359
24.848143,1.000000,-4312.977051,0.305801,1434.445197,735.548645,2412.117920,318.105682,320.001526,324.459430,-15.276777,-0.039030,4.504671,-61.203476,-20.136550,-19.860983,737.759338,-0.010172,-0.002818,0.000513,0.250000,0.254902,0.238336,102530.015625,0.989747,0.000000,0.000000,0.000000,0.000000,0.000000,0.000000,0.000000,0.000000,0.000000,-60.169304,2414.499268
24.903320,1.000000,-4303.733398,0.321026,1431.068412,732.170715,2400.979248,318.190155,320.105194,324.523438,-15.263952,-0.039695,4.511826,-61.196617,-20.130822,-19.859333,734.394897,-0.010733,-0.002824,0.000515,0.250000,0.254388,0.227372,102530.015625,0.991946,0.000000,0.000000,0.000000,0.000000,0.000000,0.000000,0.000000,0.000000,0.000000,-60.162342,2403.304688
24.957095,1.000000,-4294.863281,0.335532,1427.777833,728.879028,2390.294189,318.273071,320.203552,324.585162,-15.252046,-0.040337,4.517880,-61.189018,-20.125002,-19.857813,731.166443,-0.011266,-0.002827,0.000516,0.250000,0.253938,0.216327,102530.015625,0.993772,0.000000,0.000000,0.000000,0.000000,0.000000,0.000000,0.000000,0.000000,0.000000,-60.154549,2392.619873
25.012479,1.000000,-4285.550293,0.350654,1424.389263,725.489319,2379.078857,318.358917,320.308167,324.650326,-15.240420,-0.040987,4.523151,-61.179996,-20.118558,-19.856272,727.776794,-0.011841,-0.002831,0.000517,0.250000,0.253524,0.204359,102530.015625,0.995699,0.000000,0.000000,0.000000,0.000000,0.000000,0.000000,0.000000,0.000000,0.000000,-60.145485,2381.404541
25.064259,1.000000,-4277.049805,0.364358,1421.221677,722.322998,2368.846436,318.439758,320.401581,324.709885,-15.230158,-0.041587,4.527234,-61.170975,-20.112435,-19.854935,724.682861,-0.012330,-0.002835,0.000519,0.250000,0.253176,0.192954,102530.015625,0.997015,0.000000,0.000000,0.000000,0.000000,0.000000,0.000000,0.000000,0.000000,0.000000,-60.136246,2371.172119
25.118109,1.000000,-4267.950684,0.378926,1417.927990,719.038147,2357.896484,318.524292,320.502686,324.773804,-15.220118,-0.042198,4.530607,-61.160542,-20.105639,-19.853558,721.371033,-0.012889,-0.002836,0.000520,0.250000,0.252850,0.180723,102530.015625,0.998462,0.000000,0.000000,0.000000,0.000000,0.000000,0.000000,0.000000,0.000000,0.000000,-60.125854,2360.229248
25.175791,1.000000,-4258.458496,0.394007,1414.400568,715.520142,2346.478516,318.615417,320.606873,324.840570,-15.210107,-0.042840,4.533262,-61.148949,-20.098332,-19.852207,717.916199,-0.013414,-0.002840,0.000522,0.250000,0.252539,0.167527,102530.015625,0.999635,0.000000,0.000000,0.000000,0.000000,0.000000,0.000000,0.000000,0.000000,0.000000,-60.114037,2348.811279
25.229141,1.000000,-4249.501953,0.408131,1411.138685,712.267029,2335.708740,318.700378,320.706146,324.903599,-15.201523,-0.043429,4.534865,-61.137413,-20.091258,-19.850996,714.656250,-0.013928,-0.002844,0.000523,0.250000,0.252281,0.155104,102530.015625,1.000829,0.000000,0.000000,0.000000,0.000000,0.000000,0.000000,0.000000,0.000000,0.000000,-60.102497,2338.041504
25.283990,1.000000,-4240.333496,0.422479,1407.785808,708.923157,2324.688965,318.788086,320.805481,324.968111,-15.193393,-0.044023,4.535684,-61.125111,-20.083869,-19.849834,711.319214,-0.014445,-0.002846,0.000525,0.250000,0.252043,0.142396,102530.015625,1.001380,0.000000,0.000000,0.000000,0.000000,0.000000,0.000000,0.000000,0.000000,0.000000,-60.090199,2327.021729
25.338701,1.000000,-4231.123047,0.436784,1404.442052,705.588379,2313.623047,318.876099,320.906342,325.032861,-15.185975,-0.044607,4.535695,-61.112366,-20.076336,-19.848745,707.966919,-0.014972,-0.002849,0.000526,0.250000,0.251830,0.129764,102530.015625,1.002040,0.000000,0.000000,0.000000,0.000000,0.000000,0.000000,0.000000,0.000000,0.000000,-60.077538,2315.988770
25.393281,1.000000,-4221.903320,0.450992,1401.107004,702.262329,2302.550537,318.964233,321.007629,325.097699,-15.179259,-0.045177,4.534933,-61.099297,-20.068701,-19.847727,704.611206,-0.015493,-0.002850,0.000528,0.250000,0.251640,0.117250,102530.015625,1.002673,0.000000,0.000000,0.000000,0.000000,0.000000,0.000000,0.000000,0.000000,0.000000,-60.064602,2304.916016
25.446140,1.000000,-4213.261230,0.464209,1397.877796,699.041687,2292.176514,319.050079,321.101929,325.158296,-15.173407,-0.045723,4.533481,-61.086800,-20.061483,-19.846849,701.465698,-0.015862,-0.002851,0.000529,0.250000,0.251475,0.105178,102530.015625,1.002996,0.000000,0.000000,0.000000,0.000000,0.000000,0.000000,0.000000,0.000000,0.000000,-60.051838,2294.541992
25.498794,1.000000,-4204.450195,0.477584,1394.661792,695.834229,2281.603271,319.136200,321.197174,325.219931,-15.168206,-0.046258,4.531402,-61.073994,-20.054114,-19.846020,698.258789,-0.016316,-0.002854,0.000531,0.250000,0.251327,0.093624,102530.015625,1.003089,0.000000,0.000000,0.000000,0.000000,0.000000,0.000000,0.000000,0.000000,0.000000,-60.039078,2283.968750
25.555431,1.000000,-4194.815430,0.492094,1391.203264,692.384949,2270.046875,319.229156,321.301300,325.287112,-15.163283,-0.046824,4.528450,-61.059792,-20.046011,-19.845201,694.752014,-0.016826,-0.002858,0.000533,0.250000,0.251184,0.081054,102530.015625,1.003003,0.000000,0.000000,0.000000,0.000000,0.000000,0.000000,0.000000,0.000000,0.000000,-60.025166,2272.634766
25.608960,1.000000,-4186.088379,0.505133,1387.935252,689.125732,2259.583252,319.317535,321.395844,325.347887,-15.159282,-0.047349,4.525028,-61.046959,-20.038688,-19.844526,691.575623,-0.017129,-0.002858,0.000534,0.250000,0.251064,0.069549,102530.015625,1.002896,0.000000,0.000000,0.000000,0.000000,0.000000,0.000000,0.000000,0.000000,0.000000,-60.012047,2262.171143
25.659993,1.000000,-4177.514160,0.517847,1384.820280,686.019043,2249.307617,319.402374,321.487946,325.407298,-15.156023,-0.047845,4.521261,-61.034451,-20.031542,-19.843941,688.454834,-0.017536,-0.002860,0.000536,0.250000,0.250960,0.059071,102530.015625,1.002594,0.000000,0.000000,0.000000,0.000000,0.000000,0.000000,0.000000,0.000000,0.000000,-59.999660,2251.895508
25.716884,1.000000,-4167.840820,0.532077,1381.348487,682.556458,2237.718750,319.497375,321.592987,325.474004,-15.153018,-0.048389,4.516482,-61.020458,-20.023536,-19.843349,684.934021,-0.017993,-0.002861,0.000538,0.250000,0.250856,0.047602,102530.015625,1.002479,0.000000,0.000000,0.000000,0.000000,0.000000,0.000000,0.000000,0.000000,0.000000,-59.985943,2240.298828
25.772460,1.000000,-4158.721680,0.545379,1377.957693,679.174622,2226.799072,319.590576,321.691345,325.536678,-15.150706,-0.048910,4.511250,-61.007397,-20.016042,-19.842876,681.614929,-0.018277,-0.002858,0.000540,0.250000,0.250766,0.036677,102530.015625,1.002058,0.000000,0.000000,0.000000,0.000000,0.000000,0.000000,0.000000,0.000000,0.000000,-59.972698,2229.379150
25.828809,1.000000,-4149.320801,0.558979,1374.520482,675.746582,2215.546875,319.685577,321.792725,325.600893,-15.148961,-0.049427,4.505449,-60.994190,-20.008419,-19.842468,678.193298,-0.018613,-0.002858,0.000541,0.250000,0.250684,0.026050,102530.015625,1.001608,0.000000,0.000000,0.000000,0.000000,0.000000,0.000000,0.000000,0.000000,0.000000,-59.959526,2218.126709
25.883837,1.000000,-4140.068848,0.572252,1371.164561,672.399536,2204.477295,319.778809,321.891937,325.663803,-15.147827,-0.049925,4.499320,-60.981457,-20.001016,-19.842138,674.825867,-0.018952,-0.002858,0.000543,0.250000,0.250612,0.016059,102530.015625,1.000922,0.000000,0.000000,0.000000,0.000000,0.000000,0.000000,0.000000,0.000000,0.000000,-59.946949,2207.057129
25.937242,1.000000,-4131.165527,0.584921,1367.908273,669.151917,2193.828857,319.869659,321.987305,325.723985,-15.147236,-0.050403,4.492972,-60.969501,-19.994003,-19.841892,671.585327,-0.019223,-0.002860,0.000545,0.250000,0.250550,0.006710,102530.015625,1.000181,0.000000,0.000000,0.000000,0.000000,0.000000,0.000000,0.000000,0.000000,0.000000,-59.935047,2196.656494
25.987758,1.000000,-4122.531738,0.597109,1364.828715,666.080444,2183.506592,319.956024,322.079620,325.782001,-15.147129,-0.050849,4.486628,-60.958237,-19.987324,-19.841715,668.442871,-0.019552,-0.002862,0.000547,0.250000,0.250497,-0.001770,102530.015625,0.999381,0.000000,0.000000,0.000000,0.000000,0.000000,0.000000,0.000000,0.000000,0.000000,-59.924107,2186.334229
26.042498,1.000000,-4113.720215,0.609446,1361.492270,662.752869,2172.976074,320.050140,322.173737,325.840848,-15.147486,-0.051322,4.479440,-60.947136,-19.980649,-19.841604,665.235779,-0.019660,-0.002859,0.000549,0.250000,0.250445,-0.010436,102530.015625,0.998474,0.000000,0.000000,0.000000,0.000000,0.000000,0.000000,0.000000,0.000000,0.000000,-59.912678,2175.803711
26.096292,1.000000,-4104.870605,0.621737,1358.214084,659.483276,2162.403320,320.143036,322.268555,325.899606,-15.148274,-0.051773,4.472102,-60.936466,-19.974110,-19.841547,662.014771,-0.019845,-0.002857,0.000550,0.250000,0.250400,-0.018293,102530.015625,0.997683,0.000000,0.000000,0.000000,0.000000,0.000000,0.000000,0.000000,0.000000,0.000000,-59.901932,2165.230957
26.154148,1.000000,-4094.932861,0.635419,1354.688992,655.967407,2150.535645,320.243195,322.375000,325.965186,-15.149588,-0.052259,4.463906,-60.924950,-19.966933,-19.841566,658.397705,-0.020204,-0.002859,0.000552,0.250000,0.250356,-0.026423,102530.015625,0.996733,0.000000,0.000000,0.000000,0.000000,0.000000,0.000000,0.000000,0.000000,0.000000,-59.890835,2153.329346
26.205323,1.000000,-4086.345459,0.647140,1351.571491,652.858215,2140.284180,320.332214,322.466370,326.021423,-15.151126,-0.052678,4.456441,-60.915440,-19.960891,-19.841642,655.272156,-0.020417,-0.002859,0.000554,0.250000,0.250321,-0.033206,102530.015625,0.995705,0.000000,0.000000,0.000000,0.000000,0.000000,0.000000,0.000000,0.000000,0.000000,-59.881466,2143.077881
26.261814,1.000000,-4076.821045,0.660032,1348.130691,649.426453,2128.917969,320.430878,322.569031,326.083413,-15.153223,-0.053134,4.447967,-60.905403,-19.954368,-19.841789,651.805542,-0.020638,-0.002857,0.000556,0.250000,0.250287,-0.040376,102530.015625,0.994897,0.000000,0.000000,0.000000,0.000000,0.000000,0.000000,0.000000,0.000000,0.000000,-59.871605,2131.711670
26.313143,1.000000,-4068.302002,0.671464,1345.004775,646.308716,2118.754883,320.520905,322.659180,326.138493,-15.155459,-0.053538,4.440116,-60.896904,-19.948699,-19.841980,648.704895,-0.020783,-0.002856,0.000558,0.250000,0.250259,-0.046383,102530.015625,0.993690,0.000000,0.000000,0.000000,0.000000,0.000000,0.000000,0.000000,0.000000,0.000000,-59.863163,2121.548828
26.363414,1.000000,-4059.921387,0.682621,1341.943700,643.255676,2108.760254,320.609375,322.748840,326.192357,-15.157949,-0.053935,4.432282,-60.889000,-19.943280,-19.842218,645.654602,-0.020921,-0.002857,0.000559,0.250000,0.250234,-0.051975,102530.015625,0.992755,0.000000,0.000000,0.000000,0.000000,0.000000,0.000000,0.000000,0.000000,0.000000,-59.855343,2111.696533
26.422452,1.000000,-4050.077881,0.695613,1338.349276,639.670654,2097.024658,320.713531,322.853455,326.255208,-15.161209,-0.054389,4.422946,-60.880291,-19.937113,-19.842560,642.071838,-0.021072,-0.002856,0.000561,0.250000,0.250208,-0.058080,102530.015625,0.991415,0.000000,0.000000,0.000000,0.000000,0.000000,0.000000,0.000000,0.000000,0.000000,-59.846752,2099.960938
26.474476,1.000000,-4041.324707,0.707064,1335.182294,636.511902,2086.592041,320.805756,322.947418,326.310615,-15.164373,-0.054782,4.414624,-60.873127,-19.931834,-19.842915,638.885925,-0.021218,-0.002855,0.000563,0.250000,0.250187,-0.063023,102530.015625,0.990519,0.000000,0.000000,0.000000,0.000000,0.000000,0.000000,0.000000,0.000000,0.000000,-59.839737,2089.528320
26.524911,1.000000,-4032.887695,0.718008,1332.112381,633.450134,2076.539063,320.895447,323.036896,326.363589,-15.167674,-0.055156,4.406492,-60.866676,-19.926908,-19.843304,635.815125,-0.021325,-0.002855,0.000565,0.250000,0.250169,-0.067529,102530.015625,0.989349,0.000000,0.000000,0.000000,0.000000,0.000000,0.000000,0.000000,0.000000,0.000000,-59.833416,2079.564941
26.579097,1.000000,-4023.755615,0.729752,1328.814491,630.160767,2065.661133,320.992126,323.133972,326.420567,-15.171454,-0.055546,4.397720,-60.860279,-19.921774,-19.843777,632.491333,-0.021469,-0.002854,0.000567,0.250000,0.250152,-0.071869,102530.015625,0.988183,0.000000,0.000000,0.000000,0.000000,0.000000,0.000000,0.000000,0.000000,0.000000,-59.827202,2068.687012
26.629395,1.000000,-4015.420166,0.740381,1325.753524,627.107849,2055.734375,321.082184,323.223694,326.472236,-15.175172,-0.055898,4.389524,-60.854919,-19.917253,-19.844248,629.457458,-0.021516,-0.002850,0.000569,0.250000,0.250137,-0.075746,102530.015625,0.987329,0.000000,0.000000,0.000000,0.000000,0.000000,0.000000,0.000000,0.000000,0.000000,-59.821899,2058.760498
26.683688,1.000000,-4005.951904,0.752348,1322.449721,623.812622,2044.462036,321.179443,323.324493,326.530489,-15.179401,-0.056281,4.380648,-60.849377,-19.912308,-19.844837,626.011292,-0.021740,-0.002852,0.000570,0.250000,0.250123,-0.079582,102530.015625,0.986119,0.000000,0.000000,0.000000,0.000000,0.000000,0.000000,0.000000,0.000000,0.000000,-59.816715,2047.488037
26.737867,1.000000,-3997.450928,0.762995,1319.153123,620.524536,2034.343506,321.276917,323.414917,326.582485,-15.183825,-0.056657,4.371775,-60.844902,-19.908037,-19.845404,622.917175,-0.021594,-0.002847,0.000572,0.250000,0.250110,-0.083156,102530.015625,0.984923,0.000000,0.000000,0.000000,0.000000,0.000000,0.000000,0.000000,0.000000,0.000000,-59.812088,2037.606445
26.795118,1.000000,-3987.429443,0.775430,1315.669860,617.050354,2022.418213,321.380157,323.521606,326.643289,-15.188685,-0.057040,4.362441,-60.840336,-19.903246,-19.846123,619.269653,-0.021828,-0.002848,0.000574,0.250000,0.250098,-0.086312,102530.015625,0.983719,0.000000,0.000000,0.000000,0.000000,0.000000,0.000000,0.000000,0.000000,0.000000,-59.807880,2025.681152
26.850992,1.000000,-3977.781006,0.787285,1312.270595,613.659973,2010.939941,321.481110,323.624939,326.701394,-15.193600,-0.057404,4.353347,-60.836529,-19.898837,-19.846863,615.757935,-0.021971,-0.002848,0.000576,0.250000,0.250088,-0.089297,102530.015625,0.982620,0.000000,0.000000,0.000000,0.000000,0.000000,0.000000,0.000000,0.000000,0.000000,-59.804310,2014.202881
26.903642,1.000000,-3969.243652,0.797677,1309.067642,610.465271,2000.785400,321.576508,323.714813,326.752352,-15.198374,-0.057745,4.344833,-60.833683,-19.895119,-19.847553,612.650574,-0.021915,-0.002843,0.000578,0.250000,0.250079,-0.091710,102530.015625,0.981308,0.000000,0.000000,0.000000,0.000000,0.000000,0.000000,0.000000,0.000000,0.000000,-59.801517,2004.048462
26.956337,2.000000,-3960.575439,0.808136,1305.862086,607.268005,1990.477539,321.672302,323.807220,326.803783,-15.203260,-0.058074,4.336400,-60.831371,-19.891537,-19.848289,609.495605,-0.021915,-0.002841,0.000579,0.250000,0.250071,-0.093647,102530.015625,0.980264,0.000000,0.000000,0.000000,0.000000,0.000000,0.000000,0.000000,0.000000,0.000000,-59.799305,1993.746460
27.010488,2.000000,-3951.113037,0.819446,1302.568068,603.982605,1979.227295,321.770905,323.909210,326.859605,-15.208380,-0.058403,4.327810,-60.829422,-19.887819,-19.849127,606.051575,-0.022092,-0.002841,0.000581,0.250000,0.250064,-0.095324,102530.015625,0.979395,0.000000,0.000000,0.000000,0.000000,0.000000,0.000000,0.000000,0.000000,0.000000,-59.797562,1982.496216
27.061961,2.000000,-3942.439697,0.829718,1299.437032,600.859558,1968.917480,321.864563,324.002625,326.910354,-15.213337,-0.058708,4.319690,-60.828026,-19.884553,-19.849932,602.894714,-0.022121,-0.002838,0.000583,0.250000,0.250058,-0.097040,102530.015625,0.978484,0.000000,0.000000,0.000000,0.000000,0.000000,0.000000,0.000000,0.000000,0.000000,-59.796288,1972.186401
27.113332,2.000000,-3933.875000,0.839770,1296.312256,597.742859,1958.738159,321.958282,324.093689,326.960184,-15.218366,-0.059008,4.311669,-60.827106,-19.881483,-19.850748,599.777466,-0.022118,-0.002834,0.000584,0.250000,0.250052,-0.098492,102530.015625,0.977380,0.000000,0.000000,0.000000,0.000000,0.000000,0.000000,0.000000,0.000000,0.000000,-59.795494,1962.007080
27.167074,2.000000,-3925.117188,0.849955,1293.043290,594.482361,1948.331421,322.056549,324.187531,327.010785,-15.223692,-0.059311,4.303377,-60.826649,-19.878510,-19.851620,596.589844,-0.022060,-0.002830,0.000586,0.250000,0.250047,-0.099742,102530.015625,0.976420,0.000000,0.000000,0.000000,0.000000,0.000000,0.000000,0.000000,0.000000,0.000000,-59.795158,1951.662231
27.222963,2.000000,-3915.673584,0.860834,1289.643736,591.091431,1937.111450,322.159058,324.287598,327.065005,-15.229294,-0.059622,4.294881,-60.826675,-19.875481,-19.852583,593.152649,-0.022103,-0.002829,0.000588,0.250000,0.250042,-0.100727,102530.015625,0.975237,0.000000,0.000000,0.000000,0.000000,0.000000,0.000000,0.000000,0.000000,0.000000,-59.795349,1940.442261
27.281015,2.000000,-3905.904297,0.871973,1286.112589,587.569397,1925.506348,322.265564,324.392426,327.120738,-15.235165,-0.059929,4.286180,-60.827278,-19.872541,-19.853613,589.596924,-0.022131,-0.002824,0.000589,0.250000,0.250037,-0.101516,102530.015625,0.974295,0.000000,0.000000,0.000000,0.000000,0.000000,0.000000,0.000000,0.000000,0.000000,-59.796093,1928.837158
27.334146,2.000000,-3896.749023,0.882308,1282.880727,584.379395,1914.632446,322.363251,324.491028,327.172644,-15.240576,-0.060203,4.278332,-60.828293,-19.869941,-19.854603,586.264709,-0.022202,-0.002823,0.000591,0.250000,0.250034,-0.102157,102530.015625,0.973500,0.000000,0.000000,0.000000,0.000000,0.000000,0.000000,0.000000,0.000000,0.000000,-59.797207,1918.057861
27.385176,2.000000,-3888.444092,0.891595,1279.776600,581.364746,1904.769531,322.457123,324.579041,327.219359,-15.245805,-0.060463,4.270908,-60.829613,-19.867723,-19.855522,583.241943,-0.022142,-0.002818,0.000592,0.250000,0.250030,-0.102549,102530.015625,0.972536,0.000000,0.000000,0.000000,0.000000,0.000000,0.000000,0.000000,0.000000,0.000000,-59.798706,1908.194946
27.440909,2.000000,-3878.772461,0.902304,1276.386296,577.659973,1893.285156,322.559723,324.682312,327.273461,-15.251528,-0.060734,4.262942,-60.831604,-19.865295,-19.856615,579.721741,-0.022228,-0.002817,0.000594,0.250000,0.250027,-0.102863,102530.015625,0.971610,0.000000,0.000000,0.000000,0.000000,0.000000,0.000000,0.000000,0.000000,0.000000,-59.800774,1896.710571
27.497830,2.000000,-3869.529785,0.912433,1272.923598,574.157043,1882.311768,322.664612,324.781281,327.324863,-15.257385,-0.061001,4.254933,-60.833935,-19.863121,-19.857687,576.357727,-0.022152,-0.002810,0.000595,0.250000,0.250024,-0.103079,102530.015625,0.970761,0.000000,0.000000,0.000000,0.000000,0.000000,0.000000,0.000000,0.000000,0.000000,-59.803326,1885.737183
27.548055,2.000000,-3860.824463,0.921878,1269.868106,571.061096,1871.977173,322.757660,324.875000,327.373032,-15.262564,-0.061230,4.248002,-60.836571,-19.861220,-19.858711,573.189209,-0.022244,-0.002808,0.000596,0.250000,0.250022,-0.102975,102530.015625,0.970160,0.000000,0.000000,0.000000,0.000000,0.000000,0.000000,0.000000,0.000000,0.000000,-59.805992,1874.684570
27.598118,2.000000,-3852.482910,0.930845,1266.822337,567.974915,1862.075806,322.850037,324.962830,327.418857,-15.267721,-0.061452,4.241195,-60.839348,-19.859494,-19.859713,570.153137,-0.022226,-0.002804,0.000598,0.250000,0.250020,-0.103003,102530.015625,0.969227,0.000000,0.000000,0.000000,0.000000,0.000000,0.000000,0.000000,0.000000,0.000000,-59.808933,1864.783203
27.650025,2.000000,-3843.631836,0.940269,1263.664221,564.774780,1851.570068,322.945831,325.058716,327.467175,-15.273070,-0.061672,4.234251,-60.842655,-19.857788,-19.860783,566.931641,-0.022231,-0.002801,0.000599,0.250000,0.250018,-0.103019,102530.015625,0.968668,0.000000,0.000000,0.000000,0.000000,0.000000,0.000000,0.000000,0.000000,0.000000,-59.812302,1854.277466
27.701681,2.000000,-3835.001221,0.949367,1260.521197,561.590149,1841.327271,323.041168,325.150696,327.514098,-15.278399,-0.061883,4.227448,-60.846210,-19.856234,-19.861847,563.790344,-0.022206,-0.002797,0.000600,0.250000,0.250016,-0.102909,102530.015625,0.967904,0.000000,0.000000,0.000000,0.000000,0.000000,0.000000,0.000000,0.000000,0.000000,-59.816002,1844.034668
27.759277,2.000000,-3825.541504,0.959235,1257.016518,558.155396,1830.101440,323.147644,325.250793,327.565263,-15.284313,-0.062108,4.220035,-60.850494,-19.854664,-19.863028,560.347290,-0.022155,-0.002792,0.000601,0.250000,0.250014,-0.102565,102530.015625,0.967025,0.000000,0.000000,0.000000,0.000000,0.000000,0.000000,0.000000,0.000000,0.000000,-59.820538,1832.438110
27.810935,2.000000,-3817.038818,0.968014,1253.872934,555.060364,1820.012085,323.243042,325.341370,327.610940,-15.289601,-0.062301,4.213515,-60.854671,-19.853368,-19.864103,557.252563,-0.022115,-0.002788,0.000603,0.250000,0.250013,-0.102163,102530.015625,0.966372,0.000000,0.000000,0.000000,0.000000,0.000000,0.000000,0.000000,0.000000,0.000000,-59.824936,1822.348877
27.861515,2.000000,-3808.343750,0.976902,1250.794726,552.029663,1809.695068,323.336517,325.434479,327.657448,-15.294753,-0.062484,4.207254,-60.859234,-19.852142,-19.865211,554.087830,-0.022152,-0.002784,0.000604,0.250000,0.250012,-0.101713,102530.015625,0.965810,0.000000,0.000000,0.000000,0.000000,0.000000,0.000000,0.000000,0.000000,0.000000,-59.829521,1812.031860
27.919767,2.000000,-3798.500244,0.986856,1247.249322,548.538940,1798.016357,323.444092,325.539673,327.709770,-15.300665,-0.062682,4.200175,-60.864723,-19.850871,-19.866478,550.505066,-0.022153,-0.002780,0.000605,0.250000,0.250010,-0.101180,102530.015625,0.965167,0.000000,0.000000,0.000000,0.000000,0.000000,0.000000,0.000000,0.000000,0.000000,-59.835125,1800.353027
27.978385,2.000000,-3788.750000,0.996603,1243.681307,545.026001,1786.448853,323.552368,325.643707,327.761439,-15.306578,-0.062873,4.193204,-60.870491,-19.849720,-19.867746,546.956299,-0.022128,-0.002772,0.000606,0.250000,0.250009,-0.100615,102530.015625,0.964522,0.000000,0.000000,0.000000,0.000000,0.000000,0.000000,0.000000,0.000000,0.000000,-59.841099,1789.465210
28.028595,2.000000,-3780.354980,1.004905,1240.624797,542.016663,1776.489746,323.645081,325.733002,327.805692,-15.311613,-0.063028,4.187351,-60.875713,-19.848819,-19.868845,543.900757,-0.022113,-0.002768,0.000607,0.250000,0.250008,-0.100092,102530.015625,0.963954,0.000000,0.000000,0.000000,0.000000,0.000000,0.000000,0.000000,0.000000,0.000000,-59.846481,1779.506104
28.086873,2.000000,-3770.384766,1.014656,1237.076807,538.523376,1764.662476,323.752747,325.839142,327.857895,-15.317426,-0.063199,4.180696,-60.882217,-19.847860,-19.870159,540.271851,-0.022135,-0.002765,0.000608,0.250000,0.250007,-0.099440,102530.015625,0.963352,0.000000,0.000000,0.000000,0.000000,0.000000,0.000000,0.000000,0.000000,0.000000,-59.853020,1767.678711
28.141548,2.000000,-3761.123291,1.023609,1233.747821,535.245728,1753.676636,323.853577,325.938232,327.906242,-15.322850,-0.063349,4.174563,-60.888523,-19.847057,-19.871391,536.900940,-0.022138,-0.002761,0.000609,0.250000,0.250007,-0.098856,102530.015625,0.962854,0.000000,0.000000,0.000000,0.000000,0.000000,0.000000,0.000000,0.000000,0.000000,-59.859406,1756.692993
28.192788,2.000000,-3752.490967,1.031862,1230.627664,532.173706,1743.437622,323.948059,326.030579,327.951000,-15.327905,-0.063481,4.168930,-60.894615,-19.846391,-19.872547,533.759033,-0.022126,-0.002756,0.000610,0.250000,0.250006,-0.098322,102530.015625,0.962417,0.000000,0.000000,0.000000,0.000000,0.000000,0.000000,0.000000,0.000000,0.000000,-59.865608,1746.974854
28.243526,2.000000,-3743.924316,1.039963,1227.537760,529.131287,1733.276489,324.041504,326.121582,327.995254,-15.332879,-0.063608,4.163452,-60.900867,-19.845800,-19.873693,530.641052,-0.022117,-0.002751,0.000611,0.250000,0.250005,-0.097755,102530.015625,0.961928,0.000000,0.000000,0.000000,0.000000,0.000000,0.000000,0.000000,0.000000,0.000000,-59.871964,1736.813721
28.296375,2.000000,-3734.965088,1.048342,1224.318952,525.961975,1722.650269,324.138916,326.216888,328.041347,-15.338027,-0.063729,4.157857,-60.907635,-19.845262,-19.874903,527.380188,-0.022121,-0.002747,0.000612,0.250000,0.250005,-0.097105,102530.015625,0.961479,0.000000,0.000000,0.000000,0.000000,0.000000,0.000000,0.000000,0.000000,0.000000,-59.878803,1726.187622
28.349864,2.000000,-3725.937988,1.056691,1221.060795,522.753845,1711.943726,324.237549,326.313354,328.087618,-15.343206,-0.063843,4.152294,-60.914658,-19.844791,-19.876122,524.094543,-0.022119,-0.002743,0.000613,0.250000,0.250004,-0.096433,102530.015625,0.961078,0.000000,0.000000,0.000000,0.000000,0.000000,0.000000,0.000000,0.000000,0.000000,-59.885929,1716.112305
28.402180,2.000000,-3717.181152,1.064699,1217.873717,519.615662,1701.558105,324.333984,326.405457,328.132405,-15.348227,-0.063944,4.146972,-60.921677,-19.844402,-19.877312,520.907349,-0.022117,-0.002737,0.000613,0.250000,0.250004,-0.095711,102530.015625,0.960590,0.000000,0.000000,0.000000,0.000000,0.000000,0.000000,0.000000,0.000000,0.000000,-59.893112,1705.726685
28.456032,2.000000,-3708.036377,1.072965,1214.592672,516.385010,1690.712524,324.433136,326.500885,328.178884,-15.353361,-0.064041,4.141594,-60.929180,-19.844064,-19.866276,517.579102,-0.011910,-0.002734,0.000614,0.250000,0.250003,-0.094976,102530.015625,0.960016,0.000000,0.000000,0.000000,0.000000,0.000000,0.000000,0.000000,0.000000,0.000000,-59.900684,1694.881104
28.512396,2.000000,-3698.742188,1.081271,1211.157378,513.002380,1679.688110,324.536926,326.606384,328.214654,-15.355926,-0.064257,4.149426,-60.961468,-19.851764,-19.795626,514.205078,0.036041,-0.002480,0.000680,0.250000,0.250003,0.024764,102530.015625,0.865172,0.000000,0.000000,0.000000,0.000000,0.000000,0.000000,0.000000,0.000000,0.000000,-59.941208,1683.856689
28.562681,2.000000,-3689.961182,1.089039,1208.089683,509.981812,1669.262939,324.629150,326.706085,328.223731,-15.348631,-0.064524,4.177166,-61.029064,-19.871547,-19.728092,511.029388,0.070782,-0.002435,0.000745,0.250000,0.250003,0.262745,102530.015625,0.814236,0.000000,0.000000,0.000000,0.000000,0.000000,0.000000,0.000000,0.000000,0.000000,-60.010395,1674.175659
28.618316,2.000000,-3680.753662,1.097112,1204.691026,506.635132,1658.315186,324.730988,326.809662,328.219578,-15.324244,-0.064808,4.229539,-61.117985,-19.898461,-19.656359,507.711975,0.096719,-0.002399,0.000806,0.250000,0.250003,0.598107,102530.015625,0.793568,0.000000,0.000000,0.000000,0.000000,0.000000,0.000000,0.000000,0.000000,0.000000,-60.102650,1663.227905
28.669694,2.000000,-3671.892090,1.104813,1201.547729,503.539856,1647.760986,324.824097,326.909241,328.210146,-15.284117,-0.065045,4.297143,-61.209305,-19.926382,-19.586397,504.531281,0.117422,-0.002368,0.000854,0.250000,0.250002,0.942871,102530.015625,0.789023,0.000000,0.000000,0.000000,0.000000,0.000000,0.000000,0.000000,0.000000,0.000000,-60.192444,1652.673706
28.724576,2.000000,-3663.066162,1.112416,1198.185053,500.228455,1637.231201,324.922516,327.006165,328.201129,-15.221273,-0.065271,4.387861,-61.297314,-19.953278,-19.515806,501.375183,0.129403,-0.002334,0.000897,0.250000,0.250002,1.318755,102530.015625,0.805524,0.000000,0.000000,0.000000,0.000000,0.000000,0.000000,0.000000,0.000000,0.000000,-60.283741,1642.143921
28.777431,2.000000,-3654.705322,1.119551,1194.942136,497.034851,1627.241333,325.015594,327.096436,328.197066,-15.141475,-0.065462,4.490913,-61.371555,-19.975763,-19.448122,498.396179,0.136538,-0.002303,0.000931,0.250000,0.250002,1.669393,102530.015625,0.829447,0.000000,0.000000,0.000000,0.000000,0.000000,0.000000,0.000000,0.000000,0.000000,-60.360710,1632.671021
28.830377,2.000000,-3645.282471,1.127510,1191.690008,493.759949,1615.967041,325.106445,327.195496,328.200210,-15.043646,-0.065621,4.607059,-61.440540,-19.996261,-19.370926,495.051422,0.150058,-0.002277,0.000959,0.250000,0.250002,1.998410,102530.015625,0.863525,0.000000,0.000000,0.000000,0.000000,0.000000,0.000000,0.000000,0.000000,0.000000,-60.422695,1621.396729
28.886559,2.000000,-3635.551270,1.135631,1188.236054,490.306091,1604.310547,325.199554,327.295319,328.213824,-14.921509,-0.065756,4.741744,-61.491867,-20.010877,-19.290249,491.611206,0.139595,-0.002250,0.000983,0.250000,0.250002,2.311963,102530.015625,0.929645,0.000000,0.000000,0.000000,0.000000,0.000000,0.000000,0.000000,0.000000,0.000000,-60.467560,1609.740234
28.941383,2.000000,-3626.035645,1.143461,1184.864506,486.934753,1592.906494,325.286469,327.389801,328.255764,-14.789073,-0.065853,4.870981,-61.495079,-20.009485,-19.210554,488.260925,0.121429,-0.002220,0.001000,0.250000,0.250002,2.487968,102530.015625,1.015596,0.000000,0.000000,0.000000,0.000000,0.000000,0.000000,0.000000,0.000000,0.000000,-60.464981,1598.336182
28.997798,2.000000,-3616.904785,1.150854,1181.396391,483.466919,1581.967896,325.371277,327.474457,328.316094,-14.645562,-0.065918,4.999629,-61.462505,-19.996343,-19.133486,485.058899,0.112705,-0.002190,0.001014,0.250000,0.250001,2.583068,102530.015625,1.069144,0.000000,0.000000,0.000000,0.000000,0.000000,0.000000,0.000000,0.000000,0.000000,-60.427269,1587.513306
29.054232,2.000000,-3607.371582,1.158435,1177.930000,480.000916,1570.558228,325.450714,327.558502,328.391195,-14.498096,-0.065945,5.124426,-61.403919,-19.974583,-19.052505,481.729065,0.109003,-0.002163,0.001025,0.250000,0.250001,2.634727,102530.015625,1.107931,0.000000,0.000000,0.000000,0.000000,0.000000,0.000000,0.000000,0.000000,0.000000,-60.365623,1576.103516
29.104712,2.000000,-3598.993408,1.164975,1174.832724,476.903870,1560.543579,325.517029,327.628967,328.463686,-14.364282,-0.065938,5.233080,-61.337021,-19.950483,-18.980957,478.813904,0.107787,-0.002145,0.001032,0.250000,0.250001,2.662694,102530.015625,1.134960,0.000000,0.000000,0.000000,0.000000,0.000000,0.000000,0.000000,0.000000,0.000000,-60.295307,1566.088989
29.155342,2.000000,-3590.269775,1.171659,1171.730142,473.801514,1550.130859,325.578827,327.698608,328.543562,-14.228908,-0.065876,5.339417,-61.254848,-19.921397,-18.906115,475.789673,0.107537,-0.002192,0.001024,0.250000,0.250001,2.682192,102530.015625,1.158643,0.000000,0.000000,0.000000,0.000000,0.000000,0.000000,0.000000,0.000000,0.000000,-60.212833,1555.676147
29.212135,2.000000,-3580.643555,1.178879,1168.255232,470.326904,1538.661255,325.642242,327.769836,328.635599,-14.076052,-0.065719,5.455695,-61.151089,-19.885167,-18.823175,472.465698,0.107833,-0.002233,0.001000,0.250000,0.250001,2.698843,102530.015625,1.182568,0.000000,0.000000,0.000000,0.000000,0.000000,0.000000,0.000000,0.000000,0.000000,-60.107613,1544.173950
29.264571,2.000000,-3571.660889,1.185468,1165.052519,467.124573,1527.980225,325.694946,327.832184,328.724611,-13.934175,-0.065530,5.560317,-61.042850,-19.847766,-18.745483,469.376404,0.108395,-0.002177,0.000968,0.250000,0.250001,2.711504,102530.015625,1.203331,0.000000,0.000000,0.000000,0.000000,0.000000,0.000000,0.000000,0.000000,0.000000,-59.999397,1533.492920
29.315561,2.000000,-3563.755859,1.191136,1161.943866,464.016418,1518.599243,325.741089,327.883911,328.805436,-13.795612,-0.065415,5.659648,-60.939068,-19.812159,-18.676897,466.667664,0.109103,-0.002092,0.000907,0.250000,0.250001,2.722223,102530.015625,1.221768,0.000000,0.000000,0.000000,0.000000,0.000000,0.000000,0.000000,0.000000,0.000000,-59.884628,1524.111938
29.369558,2.000000,-3554.228027,1.197796,1158.658555,460.731628,1507.318115,325.784241,327.943085,328.905719,-13.648331,-0.065297,5.762297,-60.803940,-19.766075,-18.594002,463.415161,0.110009,-0.002069,0.000858,0.250000,0.250001,2.732038,102530.015625,1.241394,0.000000,0.000000,0.000000,0.000000,0.000000,0.000000,0.000000,0.000000,0.000000,-59.753338,1512.830811
29.425884,2.000000,-3544.312500,1.204528,1155.239373,457.312988,1495.609253,325.822937,328.001282,329.012913,-13.494139,-0.065167,5.866676,-60.652004,-19.714568,-18.507496,460.044647,0.110941,-0.002043,0.000825,0.250000,0.250001,2.742162,102530.015625,1.261320,0.000000,0.000000,0.000000,0.000000,0.000000,0.000000,0.000000,0.000000,0.000000,-59.605953,1501.071533
29.482724,2.000000,-3534.810547,1.210788,1151.797684,453.871826,1484.421021,325.855621,328.050812,329.117526,-13.337962,-0.065028,5.969303,-60.495766,-19.661912,-18.424406,456.828369,0.111847,-0.002013,0.000806,0.250000,0.250001,2.752421,102530.015625,1.280462,0.000000,0.000000,0.000000,0.000000,0.000000,0.000000,0.000000,0.000000,0.000000,-59.446629,1489.883179
29.533717,2.000000,-3526.052734,1.216387,1148.717991,450.792603,1474.138306,325.879486,328.093170,329.215377,-13.197353,-0.064887,6.059152,-60.342838,-19.610621,-18.347687,453.875824,0.112627,-0.002011,0.000794,0.250000,0.250001,2.761695,102530.015625,1.297411,0.000000,0.000000,0.000000,0.000000,0.000000,0.000000,0.000000,0.000000,0.000000,-59.294895,1479.600586
29.587816,2.000000,-3517.295898,1.221819,1145.459441,447.534485,1463.886597,325.899139,328.130554,329.314414,-13.047664,-0.064705,6.152253,-60.181553,-19.556753,-18.270868,450.934906,0.113427,-0.002010,0.000782,0.250000,0.250001,2.771539,102530.015625,1.314540,0.000000,0.000000,0.000000,0.000000,0.000000,0.000000,0.000000,0.000000,0.000000,-59.125042,1469.365234
29.645085,2.000000,-3507.620605,1.227624,1142.020274,444.095520,1452.596436,325.913757,328.167572,329.424960,-12.888618,-0.064480,6.248392,-59.993858,-19.494318,-18.185907,447.698730,0.114252,-0.002008,0.000772,0.250000,0.250001,2.781909,102530.015625,1.332572,0.000000,0.000000,0.000000,0.000000,0.000000,0.000000,0.000000,0.000000,0.000000,-58.935471,1458.075073
29.698884,2.000000,-3498.724854,1.232776,1138.799784,440.875061,1442.251465,325.921722,328.194183,329.527497,-12.738671,-0.064241,6.336539,-59.812778,-19.434301,-18.107733,444.735474,0.115012,-0.002008,0.000764,0.250000,0.250001,2.791542,102530.015625,1.348927,0.000000,0.000000,0.000000,0.000000,0.000000,0.000000,0.000000,0.000000,0.000000,-58.748566,1447.730103
29.755226,2.000000,-3488.843750,1.238292,1135.437952,437.513245,1430.801880,325.924408,328.226685,329.642136,-12.581088,-0.063962,6.426596,-59.602131,-19.364728,-18.020863,441.457642,0.115784,-0.002007,0.000757,0.250000,0.250001,2.801602,102530.015625,1.366085,0.000000,0.000000,0.000000,0.000000,0.000000,0.000000,0.000000,0.000000,0.000000,-58.543655,1436.280518
29.809862,2.000000,-3479.325439,1.243395,1132.189179,434.264404,1419.815308,325.921356,328.249390,329.753096,-12.427736,-0.063662,6.511828,-59.390057,-19.294914,-17.937166,438.313751,0.116519,-0.002004,0.000752,0.250000,0.250001,2.811253,102530.015625,1.382239,0.000000,0.000000,0.000000,0.000000,0.000000,0.000000,0.000000,0.000000,0.000000,-58.336304,1425.324951
29.865247,2.000000,-3470.057129,1.248164,1128.907684,430.983093,1409.159302,325.912750,328.266815,329.861447,-12.271752,-0.063333,6.596178,-59.175148,-19.224376,-17.855690,435.265198,0.117250,-0.002001,0.000747,0.250000,0.250001,2.820927,102530.015625,1.397907,0.000000,0.000000,0.000000,0.000000,0.000000,0.000000,0.000000,0.000000,0.000000,-58.117638,1414.668945
29.921352,2.000000,-3460.865234,1.252695,1125.596133,427.671631,1398.633545,325.898499,328.279297,329.969056,-12.113193,-0.062972,6.679596,-58.954048,-19.151998,-17.774929,432.254242,0.117977,-0.001998,0.000743,0.250000,0.250001,2.830616,102530.015625,1.413228,0.000000,0.000000,0.000000,0.000000,0.000000,0.000000,0.000000,0.000000,0.000000,-57.887665,1404.143188
29.974429,2.000000,-3451.608643,1.257057,1122.475377,424.550903,1388.077881,325.880005,328.288849,330.077406,-11.962697,-0.062610,6.756680,-58.723591,-19.076744,-17.693666,429.234619,0.118651,-0.001995,0.000740,0.250000,0.250001,2.839690,102530.015625,1.427754,0.000000,0.000000,0.000000,0.000000,0.000000,0.000000,0.000000,0.000000,0.000000,-57.662434,1393.587402
30.028900,2.000000,-3442.280762,1.261245,1119.285313,421.360901,1377.486938,325.856049,328.292419,330.186261,-11.807748,-0.062214,6.834012,-58.483627,-18.998577,-17.611874,426.204407,0.119330,-0.001991,0.000737,0.250000,0.250001,2.848897,102530.015625,1.442166,0.000000,0.000000,0.000000,0.000000,0.000000,0.000000,0.000000,0.000000,0.000000,-57.423744,1383.093262
30.079726,2.000000,-3433.906738,1.264827,1116.320599,418.396240,1368.019409,325.829346,328.293304,330.283697,-11.662721,-0.061823,6.904572,-58.261734,-18.926449,-17.538540,423.494934,0.119951,-0.001988,0.000735,0.250000,0.250001,2.857402,102530.015625,1.455060,0.000000,0.000000,0.000000,0.000000,0.000000,0.000000,0.000000,0.000000,0.000000,-57.194267,1373.625732
30.137688,2.000000,-3424.040527,1.268826,1112.954163,415.029968,1356.915527,325.793762,328.288269,330.397920,-11.496799,-0.061356,6.983246,-57.992718,-18.839184,-17.452284,420.315735,0.120648,-0.001985,0.000733,0.250000,0.250001,2.866982,102530.015625,1.469599,0.000000,0.000000,0.000000,0.000000,0.000000,0.000000,0.000000,0.000000,0.000000,-56.924866,1362.521851
30.188138,2.000000,-3415.526611,1.272087,1110.036924,412.112610,1347.378540,325.758423,328.280151,330.495889,-11.351940,-0.060933,7.050192,-57.754105,-18.761932,-17.377993,417.583740,0.121243,-0.001983,0.000732,0.250000,0.250001,2.875229,102530.015625,1.481887,0.000000,0.000000,0.000000,0.000000,0.000000,0.000000,0.000000,0.000000,0.000000,-56.683823,1352.895874
30.241031,2.000000,-3406.193115,1.275455,1106.991604,409.067383,1336.972534,325.717194,328.267853,330.602312,-11.199615,-0.060467,7.118908,-57.485794,-18.675232,-17.296724,414.600861,0.121855,-0.001982,0.000731,0.250000,0.250001,2.883793,102530.015625,1.494712,0.000000,0.000000,0.000000,0.000000,0.000000,0.000000,0.000000,0.000000,0.000000,-56.424686,1342.489868
30.292887,2.000000,-3397.837402,1.278286,1104.019457,406.095215,1327.700806,325.672729,328.252594,330.696693,-11.049841,-0.059993,7.184853,-57.239777,-18.595874,-17.224133,411.941254,0.122444,-0.001978,0.000730,0.250000,0.250001,2.892095,102530.015625,1.506493,0.000000,0.000000,0.000000,0.000000,0.000000,0.000000,0.000000,0.000000,0.000000,-56.164436,1333.218262
30.350162,2.000000,-3387.849121,1.281437,1100.752787,402.828613,1316.675049,325.618744,328.228943,330.808276,-10.883914,-0.059448,7.256131,-56.938774,-18.498944,-17.137608,408.775299,0.123085,-0.001973,0.000729,0.250000,0.250001,2.901135,102530.015625,1.519623,0.000000,0.000000,0.000000,0.000000,0.000000,0.000000,0.000000,0.000000,0.000000,-55.870094,1322.192383
30.405637,2.000000,-3378.721436,1.284096,1097.604999,399.680786,1306.653564,325.561951,328.203674,330.908974,-10.722710,-0.058898,7.323620,-56.657158,-18.408409,-17.058769,405.894775,0.123692,-0.001971,0.000728,0.250000,0.250001,2.909802,102530.015625,1.531692,0.000000,0.000000,0.000000,0.000000,0.000000,0.000000,0.000000,0.000000,0.000000,-55.578178,1312.280029
30.459299,2.000000,-3369.406006,1.286591,1094.575566,396.651306,1296.480469,325.502869,328.174744,331.010236,-10.566326,-0.058349,7.387491,-56.363480,-18.314146,-16.978559,402.967499,0.124267,-0.001967,0.000728,0.250000,0.250001,2.918103,102530.015625,1.543341,0.000000,0.000000,0.000000,0.000000,0.000000,0.000000,0.000000,0.000000,0.000000,-55.289570,1302.106934
30.516839,2.000000,-3359.627197,1.288971,1091.344655,393.420349,1285.862427,325.434937,328.137726,331.115057,-10.398185,-0.057742,7.454168,-56.048225,-18.213107,-16.894659,399.908112,0.120432,-0.001961,0.000727,0.250000,0.250001,2.923516,102530.015625,1.562195,0.000000,0.000000,0.000000,0.000000,0.000000,0.000000,0.000000,0.000000,0.000000,-54.972599,1291.488892
30.571411,2.000000,-3350.287109,1.291013,1088.297596,390.373291,1275.780762,325.366364,328.098663,331.216793,-10.239180,-0.057091,7.512757,-55.734314,-18.112581,-16.814842,396.998901,0.113100,-0.002171,0.000695,0.250000,0.250001,2.900874,102530.015625,1.586683,0.000000,0.000000,0.000000,0.000000,0.000000,0.000000,0.000000,0.000000,0.000000,-54.658680,1281.407227
30.624772,2.000000,-3341.114746,1.292794,1085.335019,387.410522,1265.939697,325.295502,328.054108,331.316779,-10.085507,-0.056204,7.564987,-55.414913,-18.010421,-16.736803,394.154205,0.106768,-0.002364,0.000617,0.250000,0.250001,2.859483,102530.015625,1.604796,0.000000,0.000000,0.000000,0.000000,0.000000,0.000000,0.000000,0.000000,0.000000,-54.341129,1271.515137
30.677014,2.000000,-3332.252441,1.294304,1082.451209,384.526672,1256.488525,325.222626,328.005524,331.411545,-9.937557,-0.055255,7.611137,-55.097893,-17.909193,-16.661747,391.417206,0.101034,-0.002430,0.000547,0.250000,0.250001,2.806798,102530.015625,1.619482,0.000000,0.000000,0.000000,0.000000,0.000000,0.000000,0.000000,0.000000,0.000000,-54.021954,1262.064087
30.732895,2.000000,-3322.662354,1.295703,1079.385250,381.460632,1246.326416,325.140991,327.946747,331.511888,-9.782660,-0.054202,7.654890,-54.747093,-17.797338,-16.580940,388.468201,0.095426,-0.002487,0.000481,0.250000,0.250001,2.740342,102530.015625,1.632660,0.000000,0.000000,0.000000,0.000000,0.000000,0.000000,0.000000,0.000000,0.000000,-53.672993,1251.901978
30.784057,2.000000,-3314.333984,1.296721,1076.595506,378.670776,1237.557617,325.063019,327.891449,331.596895,-9.644311,-0.053215,7.689807,-54.437065,-17.698608,-16.511135,385.917908,0.090665,-0.002535,0.000426,0.250000,0.250001,2.672757,102530.015625,1.642014,0.000000,0.000000,0.000000,0.000000,0.000000,0.000000,0.000000,0.000000,0.000000,-53.347862,1243.133057
30.842491,2.000000,-3304.291260,1.297705,1073.429731,375.504822,1227.053711,324.970612,327.820679,331.696436,-9.490704,-0.052063,7.723726,-54.057858,-17.577988,-16.427425,382.855957,0.085657,-0.002586,0.000372,0.250000,0.250001,2.589871,102530.015625,1.650942,0.000000,0.000000,0.000000,0.000000,0.000000,0.000000,0.000000,0.000000,0.000000,-52.971203,1232.663086
30.898901,2.000000,-3294.573242,1.298406,1070.394595,372.469788,1216.963257,324.878265,327.747955,331.789541,-9.347131,-0.050932,7.750535,-53.686527,-17.460004,-16.346926,379.906799,0.081149,-0.002633,0.000325,0.250000,0.250001,2.505942,102530.015625,1.657500,0.000000,0.000000,0.000000,0.000000,0.000000,0.000000,0.000000,0.000000,0.000000,-52.603367,1222.572632
30.953166,2.000000,-3285.394287,1.298842,1067.494515,369.569702,1207.499268,324.787018,327.676300,331.874341,-9.213549,-0.049835,7.770972,-53.332821,-17.347730,-16.271347,377.133667,0.077171,-0.002677,0.000285,0.250000,0.250001,2.422948,102530.015625,1.662069,0.000000,0.000000,0.000000,0.000000,0.000000,0.000000,0.000000,0.000000,0.000000,-52.246593,1213.108765
31.004079,2.000000,-3276.886475,1.299050,1064.791294,366.866455,1198.786133,324.699219,327.605743,331.950184,-9.092356,-0.048799,7.785534,-53.003208,-17.243187,-16.201706,374.574097,0.073744,-0.002718,0.000252,0.250000,0.250001,2.344310,102530.015625,1.664555,0.000000,0.000000,0.000000,0.000000,0.000000,0.000000,0.000000,0.000000,0.000000,-51.910107,1204.395508
31.059935,2.000000,-3267.147461,1.299059,1061.845322,363.920532,1188.880981,324.601044,327.523651,332.033560,-8.963995,-0.047657,7.796602,-52.624607,-17.123201,-16.122465,371.656860,0.070088,-0.002757,0.000220,0.250000,0.250001,2.257872,102530.015625,1.666414,0.000000,0.000000,0.000000,0.000000,0.000000,0.000000,0.000000,0.000000,0.000000,-51.539696,1194.333984
31.111030,2.000000,-3258.418945,1.298862,1059.168638,361.243774,1180.066650,324.509827,327.447418,332.105161,-8.850798,-0.046611,7.802435,-52.284790,-17.015581,-16.051891,369.053833,0.067051,-0.002791,0.000194,0.250000,0.250001,2.179528,102530.015625,1.666691,0.000000,0.000000,0.000000,0.000000,0.000000,0.000000,0.000000,0.000000,0.000000,-51.200420,1185.519531
31.161721,2.000000,-3249.890381,1.298484,1056.530245,358.605469,1171.511353,324.418182,327.371033,332.172224,-8.742429,-0.045576,7.804382,-51.952835,-16.910515,-15.983334,366.520935,0.064331,-0.002823,0.000172,0.250000,0.250001,2.102904,102530.015625,1.665865,0.000000,0.000000,0.000000,0.000000,0.000000,0.000000,0.000000,0.000000,0.000000,-50.863926,1176.964355
31.219288,2.000000,-3239.862793,1.297807,1053.554610,355.629700,1161.524658,324.313293,327.279327,332.247266,-8.624012,-0.044408,7.802252,-51.563278,-16.787297,-15.903231,363.556152,0.061299,-0.002859,0.000149,0.250000,0.250001,2.017826,102530.015625,1.663818,0.000000,0.000000,0.000000,0.000000,0.000000,0.000000,0.000000,0.000000,0.000000,-50.482544,1167.107300
31.270303,2.000000,-3231.371094,1.297039,1050.935988,353.011169,1153.128174,324.219666,327.200195,332.307595,-8.523110,-0.043379,7.796756,-51.234512,-16.683369,-15.835818,361.056702,0.059062,-0.002889,0.000131,0.250000,0.250001,1.944588,102530.015625,1.661023,0.000000,0.000000,0.000000,0.000000,0.000000,0.000000,0.000000,0.000000,0.000000,-50.145741,1158.710938
31.324245,2.000000,-3222.142090,1.296003,1048.185808,350.260986,1144.065674,324.120453,327.113068,332.369853,-8.420408,-0.042296,7.787553,-50.878914,-16.571014,-15.762989,358.351868,0.056751,-0.002918,0.000115,0.250000,0.250001,1.869895,102530.015625,1.657350,0.000000,0.000000,0.000000,0.000000,0.000000,0.000000,0.000000,0.000000,0.000000,-49.791340,1149.648315
31.379211,2.000000,-3212.473633,1.294697,1045.402928,347.478210,1134.640869,324.019440,327.021088,332.431310,-8.319804,-0.041201,7.774863,-50.508617,-16.454079,-15.687165,355.531219,0.054472,-0.002946,0.000100,0.250000,0.250001,1.796526,102530.015625,1.652980,0.000000,0.000000,0.000000,0.000000,0.000000,0.000000,0.000000,0.000000,0.000000,-49.432346,1140.223511
31.430719,2.000000,-3203.908447,1.293352,1042.813026,344.888245,1126.350586,323.924988,326.937683,332.482534,-8.229115,-0.040185,7.760190,-50.182888,-16.351269,-15.620395,353.043579,0.052806,-0.002975,0.000088,0.250000,0.250001,1.730890,102530.015625,1.647799,0.000000,0.000000,0.000000,0.000000,0.000000,0.000000,0.000000,0.000000,0.000000,-49.098347,1131.878906
31.487152,2.000000,-3194.062012,1.291592,1039.995110,342.070435,1116.887817,323.822235,326.841766,332.537792,-8.133526,-0.039080,7.741346,-49.811535,-16.234110,-15.544089,350.196655,0.050920,-0.002998,0.000077,0.250000,0.250001,1.662479,102530.015625,1.641734,0.000000,0.000000,0.000000,0.000000,0.000000,0.000000,0.000000,0.000000,0.000000,-48.735424,1122.416138
31.545493,2.000000,-3184.347900,1.289635,1037.103382,339.178772,1107.622803,323.716858,326.746521,332.588423,-8.038645,-0.037952,7.719133,-49.448742,-16.119709,-15.469277,347.401489,0.049432,-0.003023,0.000068,0.250000,0.250001,1.595825,102530.015625,1.634966,0.000000,0.000000,0.000000,0.000000,0.000000,0.000000,0.000000,0.000000,0.000000,-48.363895,1113.151001
31.596155,2.000000,-3175.840820,1.287742,1034.609764,336.685120,1099.565674,323.626373,326.662231,332.629652,-7.959307,-0.036983,7.697868,-49.134186,-16.020562,-15.404132,344.964600,0.048248,-0.003043,0.000061,0.250000,0.250001,1.541416,102530.015625,1.628512,0.000000,0.000000,0.000000,0.000000,0.000000,0.000000,0.000000,0.000000,0.000000,-48.044559,1105.093872
31.653707,2.000000,-3165.870850,1.285315,1031.796514,333.871887,1090.189209,323.524902,326.563110,332.674380,-7.872400,-0.035892,7.671774,-48.769524,-15.905668,-15.328204,342.121735,0.046927,-0.003061,0.000054,0.250000,0.250001,1.483562,102530.015625,1.620718,0.000000,0.000000,0.000000,0.000000,0.000000,0.000000,0.000000,0.000000,0.000000,-47.685741,1095.682983
31.707108,2.000000,-3156.566895,1.282851,1029.204489,331.279846,1081.503052,323.432251,326.471313,332.712553,-7.794626,-0.034893,7.645976,-48.433296,-15.799782,-15.257750,339.481445,0.045856,-0.003079,0.000049,0.250000,0.250001,1.433547,102530.015625,1.613444,0.000000,0.000000,0.000000,0.000000,0.000000,0.000000,0.000000,0.000000,0.000000,-47.356705,1086.996826
31.761785,2.000000,-3147.261963,1.280195,1026.568636,328.643982,1072.876953,323.338867,326.377686,332.747434,-7.717653,-0.033882,7.618220,-48.101105,-15.695210,-15.187663,336.853119,0.044984,-0.003097,0.000045,0.250000,0.250001,1.386142,102530.015625,1.605352,0.000000,0.000000,0.000000,0.000000,0.000000,0.000000,0.000000,0.000000,0.000000,-47.023884,1078.370728
31.816228,2.000000,-3137.867188,1.277323,1023.962027,326.037415,1064.228394,323.247650,326.283813,332.779290,-7.643473,-0.032889,7.589495,-47.770012,-15.591028,-15.117266,334.211792,0.044212,-0.003111,0.000042,0.250000,0.250001,1.342709,102530.015625,1.597287,0.000000,0.000000,0.000000,0.000000,0.000000,0.000000,0.000000,0.000000,0.000000,-46.696720,1069.722168
31.872529,2.000000,-3128.317383,1.274208,1021.285099,323.360352,1055.498901,323.155121,326.188141,332.808298,-7.569136,-0.031874,7.558874,-47.437943,-15.486582,-15.046069,331.539642,0.043590,-0.003127,0.000040,0.250000,0.250001,1.301682,102530.015625,1.588845,0.000000,0.000000,0.000000,0.000000,0.000000,0.000000,0.000000,0.000000,0.000000,-46.362896,1060.977051
31.926961,2.000000,-3119.024170,1.270992,1018.714919,320.789978,1047.063354,323.067688,326.095032,332.832560,-7.499321,-0.030896,7.528625,-47.119061,-15.386361,-14.977129,328.951630,0.042954,-0.003153,0.000042,0.250000,0.250001,1.266652,102530.015625,1.581064,0.000000,0.000000,0.000000,0.000000,0.000000,0.000000,0.000000,0.000000,0.000000,-46.044392,1052.541504
31.979438,2.000000,-3109.919434,1.267667,1016.253186,318.328430,1038.853760,322.985016,326.002838,332.853204,-7.433733,-0.029959,7.499040,-46.810730,-15.289501,-14.909886,326.427887,0.042453,-0.003165,0.000044,0.250000,0.250001,1.235750,102530.015625,1.573200,0.000000,0.000000,0.000000,0.000000,0.000000,0.000000,0.000000,0.000000,0.000000,-45.741348,1044.331909
32.030763,2.000000,-3101.245850,1.264341,1013.860765,315.936157,1031.083008,322.905975,325.914978,332.870170,-7.371078,-0.029055,7.469858,-46.520821,-15.198464,-14.846096,324.034485,0.042095,-0.003175,0.000047,0.250000,0.250001,1.208248,102530.015625,1.565556,0.000000,0.000000,0.000000,0.000000,0.000000,0.000000,0.000000,0.000000,0.000000,-45.448811,1036.561157
32.085759,2.000000,-3091.936768,1.260603,1011.313821,313.389282,1022.797180,322.823059,325.820404,332.885416,-7.305425,-0.028100,7.438480,-46.213840,-15.102108,-14.777922,321.477478,0.041801,-0.003185,0.000049,0.250000,0.250001,1.181751,102530.015625,1.557381,0.000000,0.000000,0.000000,0.000000,0.000000,0.000000,0.000000,0.000000,0.000000,-45.139591,1028.392456
32.137375,2.000000,-3082.841064,1.256782,1008.938741,311.014221,1014.754028,322.747009,325.728668,332.897488,-7.245052,-0.027213,7.409072,-45.918056,-15.009305,-14.711576,318.990814,0.041624,-0.003192,0.000052,0.250000,0.250001,1.159604,102530.015625,1.549607,0.000000,0.000000,0.000000,0.000000,0.000000,0.000000,0.000000,0.000000,0.000000,-44.853378,1020.349304
32.193698,2.000000,-3073.506836,1.252691,1006.363866,308.439514,1006.553711,322.665802,325.633789,332.906979,-7.180396,-0.026257,7.377162,-45.618736,-14.915434,-14.643758,316.451019,0.041476,-0.003202,0.000055,0.250000,0.250001,1.138309,102530.015625,1.541474,0.000000,0.000000,0.000000,0.000000,0.000000,0.000000,0.000000,0.000000,0.000000,-44.545406,1012.148987
32.246054,2.000000,-3064.701172,1.248676,1003.985842,306.061462,998.867004,322.591980,325.544495,332.913356,-7.121301,-0.025380,7.347787,-45.340229,-14.828125,-14.580016,314.066223,0.041402,-0.003209,0.000058,0.250000,0.250001,1.121065,102530.015625,1.533965,0.000000,0.000000,0.000000,0.000000,0.000000,0.000000,0.000000,0.000000,0.000000,-44.263142,1004.431152
32.304374,2.000000,-3054.715576,1.243942,1001.354181,303.429871,990.207031,322.511505,325.443695,332.917568,-7.056444,-0.024418,7.315557,-45.028904,-14.730573,-14.507994,311.375000,0.041405,-0.003197,0.000064,0.250000,0.250001,1.104743,102530.015625,1.525569,0.000000,0.000000,0.000000,0.000000,0.000000,0.000000,0.000000,0.000000,0.000000,-43.953251,995.771118
32.354868,2.000000,-3045.968506,1.239641,999.090172,301.165894,982.669922,322.443359,325.355408,332.918606,-7.000994,-0.023629,7.288167,-44.760040,-14.646367,-14.445119,309.028992,0.041479,-0.003153,0.000079,0.250000,0.250001,1.093020,102530.015625,1.518377,0.000000,0.000000,0.000000,0.000000,0.000000,0.000000,0.000000,0.000000,0.000000,-43.688713,988.234070
32.409509,2.000000,-3036.844482,1.235002,996.655131,298.730896,974.855591,322.371002,325.262512,332.917034,-6.941582,-0.022832,7.259193,-44.483398,-14.559768,-14.379731,306.593292,0.041482,-0.003102,0.000104,0.250000,0.250001,1.082771,102530.015625,1.511230,0.000000,0.000000,0.000000,0.000000,0.000000,0.000000,0.000000,0.000000,0.000000,-43.406334,980.419678
32.461463,2.000000,-3027.876465,1.230292,994.354030,296.429749,967.221558,322.303497,325.171753,332.913060,-6.885552,-0.022123,7.232344,-44.215069,-14.475808,-14.315650,304.210541,0.041611,-0.003052,0.000135,0.250000,0.250001,1.075088,102530.015625,1.504316,0.000000,0.000000,0.000000,0.000000,0.000000,0.000000,0.000000,0.000000,0.000000,-43.141438,972.778259
32.516920,2.000000,-3018.123047,1.225003,991.912902,293.988647,958.971252,322.232758,325.072510,332.905911,-6.826127,-0.021408,7.204490,-43.927101,-14.385749,-14.246163,301.631836,0.041895,-0.003002,0.000172,0.250000,0.250001,1.068707,102530.015625,1.497113,0.000000,0.000000,0.000000,0.000000,0.000000,0.000000,0.000000,0.000000,0.000000,-42.862347,964.527954
32.567577,2.000000,-3009.700928,1.220295,989.696542,291.772217,951.889954,322.169006,324.985809,332.897488,-6.772110,-0.020793,7.179828,-43.681644,-14.309021,-14.186319,299.415771,0.041956,-0.002962,0.000208,0.250000,0.250001,1.064472,102530.015625,1.491386,0.000000,0.000000,0.000000,0.000000,0.000000,0.000000,0.000000,0.000000,0.000000,-42.610649,957.446655
32.626351,2.000000,-2999.668945,1.214520,987.140921,289.216553,943.506348,322.096100,324.883240,332.884763,-6.709653,-0.020117,7.152217,-43.392918,-14.218810,-14.115217,296.789001,0.042173,-0.002907,0.000252,0.250000,0.250001,1.061335,102530.015625,1.484374,0.000000,0.000000,0.000000,0.000000,0.000000,0.000000,0.000000,0.000000,0.000000,-42.322380,949.063049
32.676567,2.000000,-2990.800049,1.209263,984.970768,287.046326,936.140320,322.034698,324.792450,332.871119,-6.656401,-0.019565,7.129508,-43.140862,-14.140095,-14.052510,294.478394,0.042574,-0.002858,0.000290,0.250000,0.250001,1.059993,102530.015625,1.478334,0.000000,0.000000,0.000000,0.000000,0.000000,0.000000,0.000000,0.000000,0.000000,-42.079151,941.669067
32.727393,2.000000,-2982.337891,1.204117,982.786631,284.862122,929.151611,321.973267,324.704926,332.856081,-6.602531,-0.019036,7.107400,-42.903156,-14.065894,-13.992805,292.283966,0.042657,-0.002816,0.000329,0.250000,0.250001,1.059950,102530.015625,1.473062,0.000000,0.000000,0.000000,0.000000,0.000000,0.000000,0.000000,0.000000,0.000000,-41.835777,934.680359
32.779079,2.000000,-2973.306396,1.198484,980.578091,282.653503,921.734497,321.911316,324.611816,332.837840,-6.547716,-0.018518,7.085878,-42.652317,-13.987630,-13.929208,289.952820,0.043018,-0.002762,0.000370,0.250000,0.250001,1.061298,102530.015625,1.467375,0.000000,0.000000,0.000000,0.000000,0.000000,0.000000,0.000000,0.000000,0.000000,-41.591133,927.263306
32.830871,2.000000,-2964.561035,1.192889,978.377727,280.453125,914.593445,321.849609,324.520325,332.818116,-6.492699,-0.018008,7.065212,-42.411983,-13.912676,-13.867746,287.706329,0.043217,-0.002731,0.000406,0.250000,0.250001,1.063136,102530.015625,1.462688,0.000000,0.000000,0.000000,0.000000,0.000000,0.000000,0.000000,0.000000,0.000000,-41.348499,920.122192
32.883277,2.000000,-2955.695068,1.187078,976.164014,278.239258,907.394226,321.787415,324.427979,332.796107,-6.436906,-0.017498,7.045269,-42.170818,-13.837493,-13.805543,285.439636,0.043423,-0.002692,0.000442,0.250000,0.250001,1.065900,102530.015625,1.457501,0.000000,0.000000,0.000000,0.000000,0.000000,0.000000,0.000000,0.000000,0.000000,-41.105595,912.833252
32.933477,2.000000,-2947.055176,1.181280,974.055354,276.130493,900.417603,321.728119,324.337341,332.772705,-6.383303,-0.017018,7.027095,-41.938232,-13.765016,-13.745029,283.241211,0.043738,-0.002650,0.000475,0.250000,0.250001,1.069435,102530.015625,1.452928,0.000000,0.000000,0.000000,0.000000,0.000000,0.000000,0.000000,0.000000,0.000000,-40.875305,905.856628
32.985318,2.000000,-2938.110107,1.175139,971.889786,273.964905,893.234070,321.667053,324.243469,332.746426,-6.327733,-0.016528,7.009333,-41.699856,-13.690768,-13.682468,280.976013,0.044052,-0.002595,0.000509,0.250000,0.250001,1.074174,102530.015625,1.448092,0.000000,0.000000,0.000000,0.000000,0.000000,0.000000,0.000000,0.000000,0.000000,-40.639912,898.673096
33.036288,2.000000,-2929.483398,1.169081,969.772525,271.847717,886.344360,321.606903,324.151550,332.719286,-6.272857,-0.016043,6.992750,-41.471985,-13.619817,-13.622223,278.801880,0.044266,-0.002572,0.000537,0.250000,0.250001,1.078799,102530.015625,1.444354,0.000000,0.000000,0.000000,0.000000,0.000000,0.000000,0.000000,0.000000,0.000000,-40.410465,891.783447
33.092697,2.000000,-2919.934814,1.162222,967.442992,269.518188,878.761963,321.540070,324.050018,332.687164,-6.211849,-0.015491,6.975415,-41.221931,-13.541988,-13.555637,276.407410,0.044520,-0.002534,0.000563,0.250000,0.250001,1.084149,102530.015625,1.439462,0.000000,0.000000,0.000000,0.000000,0.000000,0.000000,0.000000,0.000000,0.000000,-40.158829,884.266724
33.150948,2.000000,-2909.902832,1.154843,965.052134,267.127319,870.843689,321.470886,323.941925,332.651007,-6.148489,-0.014925,6.958733,-40.961971,-13.461114,-13.485772,273.905243,0.044920,-0.002498,0.000591,0.250000,0.250001,1.090731,102530.015625,1.435694,0.000000,0.000000,0.000000,0.000000,0.000000,0.000000,0.000000,0.000000,0.000000,-39.901627,876.348450
33.201929,2.000000,-2900.910645,1.148078,962.971935,265.047119,863.787781,321.409943,323.844849,332.616601,-6.092721,-0.014415,6.945071,-40.730896,-13.389254,-13.423226,271.674225,0.045504,-0.002465,0.000612,0.250000,0.250001,1.096645,102530.015625,1.431828,0.000000,0.000000,0.000000,0.000000,0.000000,0.000000,0.000000,0.000000,0.000000,-39.678444,869.292480
33.256201,2.000000,-2891.955566,1.141199,960.769948,262.845154,856.799744,321.344482,323.747284,332.580504,-6.033005,-0.013862,6.931490,-40.502621,-13.318288,-13.361006,269.463440,0.045469,-0.002442,0.000631,0.250000,0.250001,1.103204,102530.015625,1.428426,0.000000,0.000000,0.000000,0.000000,0.000000,0.000000,0.000000,0.000000,0.000000,-39.442753,862.304504
33.312392,2.000000,-2882.244385,1.133581,958.503492,260.578613,849.264832,321.276184,323.641602,332.539275,-5.970798,-0.013270,6.918490,-40.257092,-13.241988,-13.293596,267.078461,0.045852,-0.002381,0.000652,0.250000,0.250001,1.110755,102530.015625,1.424127,0.000000,0.000000,0.000000,0.000000,0.000000,0.000000,0.000000,0.000000,0.000000,-39.200836,854.761414
33.367232,2.000000,-2873.024902,1.126195,956.304655,258.379822,842.152954,321.208740,323.539001,332.498225,-5.909679,-0.012677,6.906729,-40.025703,-13.170104,-13.229665,264.826233,0.046012,-0.002378,0.000665,0.250000,0.250001,1.117534,102530.015625,1.422013,0.000000,0.000000,0.000000,0.000000,0.000000,0.000000,0.000000,0.000000,0.000000,-38.966343,847.649536
33.420705,2.000000,-2863.695313,1.118570,954.172974,256.248291,834.996765,321.142212,323.435059,332.454713,-5.849722,-0.012072,6.896163,-39.793148,-13.097884,-13.165024,262.558990,0.046541,-0.002348,0.000676,0.250000,0.250001,1.124363,102530.015625,1.419140,0.000000,0.000000,0.000000,0.000000,0.000000,0.000000,0.000000,0.000000,0.000000,-38.739357,840.493347
33.473114,2.000000,-2854.752930,1.111119,952.095450,254.170853,828.175598,321.076202,323.335114,332.411319,-5.790590,-0.011464,6.886665,-39.571743,-13.029144,-13.103113,260.397003,0.046789,-0.002321,0.000687,0.250000,0.250001,1.131327,102530.015625,1.416185,0.000000,0.000000,0.000000,0.000000,0.000000,0.000000,0.000000,0.000000,0.000000,-38.518417,833.694275
33.529508,2.000000,-2845.252686,1.103053,949.872823,251.948257,820.969238,321.004181,323.228516,332.363239,-5.726548,-0.010795,6.877411,-39.338120,-12.956635,-13.037381,258.112183,0.046840,-0.002275,0.000699,0.250000,0.250001,1.139413,102530.015625,1.412593,0.000000,0.000000,0.000000,0.000000,0.000000,0.000000,0.000000,0.000000,0.000000,-38.282375,826.487915
33.585282,2.000000,-2835.740234,1.094819,947.687701,249.763138,813.795227,320.931793,323.119965,332.313261,-5.662770,-0.010111,6.869142,-39.105663,-12.884507,-12.971609,255.836792,0.047060,-0.002255,0.000707,0.250000,0.250001,1.147096,102530.015625,1.410639,0.000000,0.000000,0.000000,0.000000,0.000000,0.000000,0.000000,0.000000,0.000000,-38.050312,819.313904
33.635578,2.000000,-2826.954346,1.087075,945.728307,247.803848,807.205933,320.865509,323.019226,332.265418,-5.604905,-0.009462,6.862370,-38.891933,-12.818203,-12.910897,253.746201,0.047550,-0.002245,0.000709,0.250000,0.250001,1.153427,102530.015625,1.408289,0.000000,0.000000,0.000000,0.000000,0.000000,0.000000,0.000000,0.000000,0.000000,-37.842068,812.724609
33.687124,2.000000,-2818.169434,1.079200,943.731085,245.806595,800.652466,320.796478,322.917267,332.215974,-5.545266,-0.008775,6.856111,-38.679344,-12.752269,-12.850224,251.666367,0.047773,-0.002233,0.000711,0.250000,0.250001,1.159856,102530.015625,1.406540,0.000000,0.000000,0.000000,0.000000,0.000000,0.000000,0.000000,0.000000,0.000000,-37.629730,806.236328
33.745513,2.000000,-2808.481201,1.070363,941.481910,243.557449,793.465332,320.716858,322.804596,332.159618,-5.477304,-0.007972,6.849875,-38.446121,-12.679951,-12.783339,249.384903,0.047615,-0.002199,0.000713,0.250000,0.250001,1.167465,102530.015625,1.403932,0.000000,0.000000,0.000000,0.000000,0.000000,0.000000,0.000000,0.000000,0.000000,-37.390594,799.049133
33.799529,2.000000,-2798.969727,1.061531,939.413571,241.489090,786.450134,320.641937,322.692352,332.102343,-5.414044,-0.007208,6.844841,-38.218300,-12.609327,-12.717701,247.157516,0.048209,-0.002184,0.000714,0.250000,0.250001,1.174248,102530.015625,1.402462,0.000000,0.000000,0.000000,0.000000,0.000000,0.000000,0.000000,0.000000,0.000000,-37.170441,792.033997
33.856462,2.000000,-2789.282959,1.052378,937.246428,239.321915,779.347412,320.561493,322.577301,332.042221,-5.346986,-0.006368,6.840243,-37.987244,-12.537709,-12.650883,244.901749,0.048379,-0.002167,0.000712,0.250000,0.250001,1.181009,102530.015625,1.400577,0.000000,0.000000,0.000000,0.000000,0.000000,0.000000,0.000000,0.000000,0.000000,-36.939415,784.931274
33.910718,2.000000,-2780.246338,1.043696,935.193393,237.268875,772.758667,320.483368,322.469116,331.984383,-5.282718,-0.005546,6.836564,-37.772675,-12.471216,-12.588564,242.808899,0.048234,-0.002146,0.000711,0.250000,0.250001,1.187595,102530.015625,1.398862,0.000000,0.000000,0.000000,0.000000,0.000000,0.000000,0.000000,0.000000,0.000000,-36.720314,778.227783
33.961496,2.000000,-2771.467773,1.035130,933.282777,235.358170,766.392944,320.408875,322.362396,331.926693,-5.222270,-0.004746,6.833593,-37.564816,-12.406807,-12.528049,240.786453,0.048616,-0.002155,0.000704,0.250000,0.250001,1.192705,102530.015625,1.398106,0.000000,0.000000,0.000000,0.000000,0.000000,0.000000,0.000000,0.000000,0.000000,-36.515804,771.862122
34.016632,2.000000,-2761.895752,1.025641,931.219905,233.295242,759.490295,320.326630,322.245972,331.862032,-5.156333,-0.003849,6.830990,-37.339066,-12.336866,-12.462074,238.593155,0.049017,-0.002124,0.000699,0.250000,0.250001,1.198686,102530.015625,1.396082,0.000000,0.000000,0.000000,0.000000,0.000000,0.000000,0.000000,0.000000,0.000000,-36.294750,764.959412
34.068389,2.000000,-2753.084717,1.016771,929.294518,231.370010,753.171936,320.248016,322.137543,331.800872,-5.094131,-0.002995,6.829117,-37.132095,-12.272753,-12.401359,236.585220,0.049115,-0.002105,0.000696,0.250000,0.250001,1.204432,102530.015625,1.394878,0.000000,0.000000,0.000000,0.000000,0.000000,0.000000,0.000000,0.000000,0.000000,-36.088062,758.641052
34.119264,2.000000,-2744.575439,1.008081,927.412364,229.487930,747.101990,320.169342,322.031982,331.740334,-5.032704,-0.002133,6.827761,-36.932789,-12.211021,-12.342730,234.656067,0.048983,-0.002091,0.000692,0.250000,0.250001,1.209853,102530.015625,1.393638,0.000000,0.000000,0.000000,0.000000,0.000000,0.000000,0.000000,0.000000,0.000000,-35.885540,752.704712
34.176648,2.000000,-2734.850098,0.998001,925.301838,227.377457,740.203369,320.078796,321.910004,331.669534,-4.963126,-0.001119,6.826664,-36.705410,-12.140594,-12.275737,232.463226,0.049089,-0.002094,0.000682,0.250000,0.250001,1.214779,102530.015625,1.392447,0.000000,0.000000,0.000000,0.000000,0.000000,0.000000,0.000000,0.000000,0.000000,-35.657555,745.806152
34.234355,2.000000,-2725.027832,0.987661,923.192631,225.268387,733.277649,319.986176,321.785370,331.596154,-4.892875,-0.000070,6.826074,-36.476471,-12.069688,-12.208084,230.261551,0.049258,-0.002089,0.000672,0.250000,0.250001,1.219495,102530.015625,1.391645,0.000000,0.000000,0.000000,0.000000,0.000000,0.000000,0.000000,0.000000,0.000000,-35.429028,738.880432
34.289747,2.000000,-2715.709961,0.977705,921.180430,223.256180,726.746155,319.895477,321.666595,331.524760,-4.825186,0.000960,6.826014,-36.259949,-12.002635,-12.143912,228.184998,0.049199,-0.002062,0.000665,0.250000,0.250001,1.224283,102530.015625,1.390065,0.000000,0.000000,0.000000,0.000000,0.000000,0.000000,0.000000,0.000000,0.000000,-35.210457,732.341309
34.341960,2.000000,-2706.942139,0.968206,919.294850,221.370682,720.634460,319.808319,321.552979,331.456125,-4.761157,0.001954,6.826286,-36.056618,-11.939667,-12.083535,226.241760,0.049193,-0.002075,0.000654,0.250000,0.250001,1.227895,102530.015625,1.389969,0.000000,0.000000,0.000000,0.000000,0.000000,0.000000,0.000000,0.000000,0.000000,-35.004776,726.229614
34.398347,2.000000,-2697.455078,0.957785,917.270643,219.346451,714.058777,319.712372,321.429443,331.380164,-4.691816,0.003064,6.826928,-35.836964,-11.871644,-12.018210,224.150833,0.049230,-0.002071,0.000641,0.250000,0.250001,1.231288,102530.015625,1.389045,0.000000,0.000000,0.000000,0.000000,0.000000,0.000000,0.000000,0.000000,0.000000,-34.783154,719.653931
34.453222,2.000000,-2687.556152,0.946757,915.312634,217.388443,707.238647,319.617554,321.299744,331.299072,-4.624134,0.004155,6.828024,-35.608582,-11.800922,-11.950050,221.982071,0.050155,-0.002027,0.000636,0.250000,0.250001,1.235511,102530.015625,1.387419,0.000000,0.000000,0.000000,0.000000,0.000000,0.000000,0.000000,0.000000,0.000000,-34.568340,712.833801
34.507748,2.000000,-2678.724609,0.936782,913.378832,215.454666,701.189148,319.521454,321.182220,331.225128,-4.556650,0.005253,6.829445,-35.405212,-11.737945,-11.889239,220.058350,0.049632,-0.002047,0.000627,0.250000,0.250001,1.238935,102530.015625,1.387386,0.000000,0.000000,0.000000,0.000000,0.000000,0.000000,0.000000,0.000000,0.000000,-34.355221,706.738220
34.564828,2.000000,-2668.646973,0.925248,911.366861,213.442703,694.326843,319.419250,321.047852,331.138993,-4.485821,0.006430,6.831316,-35.173618,-11.666226,-11.819848,217.876022,0.050272,-0.002009,0.000620,0.250000,0.250001,1.242799,102530.015625,1.385614,0.000000,0.000000,0.000000,0.000000,0.000000,0.000000,0.000000,0.000000,0.000000,-34.132774,699.875916
34.617487,2.000000,-2659.728760,0.914905,909.521953,211.597733,688.289978,319.323303,320.927216,331.061074,-4.420260,0.007512,6.833444,-34.969345,-11.602971,-11.758437,215.956192,0.050253,-0.001998,0.000617,0.250000,0.250001,1.246751,102530.015625,1.385538,0.000000,0.000000,0.000000,0.000000,0.000000,0.000000,0.000000,0.000000,0.000000,-33.928154,693.839050
34.675282,2.000000,-2650.130371,0.903631,907.509574,209.585342,681.830200,319.216217,320.796173,330.975563,-4.348090,0.008731,6.836048,-34.749603,-11.534918,-11.692337,213.901917,0.050004,-0.002012,0.000609,0.250000,0.250001,1.250009,102530.015625,1.385206,0.000000,0.000000,0.000000,0.000000,0.000000,0.000000,0.000000,0.000000,0.000000,-33.703777,687.379272
34.728625,2.000000,-2640.912598,0.892665,905.663799,207.739517,675.663696,319.115601,320.669769,330.891830,-4.281355,0.009898,6.838653,-34.538666,-11.469584,-11.628861,211.940750,0.050352,-0.001988,0.000599,0.250000,0.250001,1.252384,102530.015625,1.383356,0.000000,0.000000,0.000000,0.000000,0.000000,0.000000,0.000000,0.000000,0.000000,-33.496956,681.235840
34.784694,2.000000,-2631.226807,0.881000,903.735525,205.811172,669.222656,319.008270,320.535217,330.802136,-4.211047,0.011120,6.841742,-34.317715,-11.401147,-11.562154,209.892334,0.050662,-0.001970,0.000593,0.250000,0.250001,1.255463,102530.015625,1.382868,0.000000,0.000000,0.000000,0.000000,0.000000,0.000000,0.000000,0.000000,0.000000,-33.280186,674.794739
34.841505,2.000000,-2621.955078,0.869696,901.794150,203.869644,663.093811,318.897705,320.404816,330.714578,-4.139623,0.012367,6.845178,-34.106621,-11.335759,-11.498289,207.943283,0.050136,-0.001974,0.000587,0.250000,0.250001,1.258474,102530.015625,1.383421,0.000000,0.000000,0.000000,0.000000,0.000000,0.000000,0.000000,0.000000,0.000000,-33.060963,668.665894
34.892172,2.000000,-2613.368896,0.859107,900.073275,202.148758,657.450623,318.797516,320.283447,330.632062,-4.075803,0.013504,6.848406,-33.911171,-11.275208,-11.439145,206.148636,0.050190,-0.001975,0.000579,0.250000,0.250001,1.260476,102530.015625,1.382998,0.000000,0.000000,0.000000,0.000000,0.000000,0.000000,0.000000,0.000000,0.000000,-32.865620,662.963257
34.949023,2.000000,-2603.610840,0.846935,898.154147,200.229507,651.074585,318.683441,320.144958,330.536673,-4.004076,0.014799,6.852275,-33.689342,-11.206475,-11.371917,204.121063,0.050401,-0.001947,0.000573,0.250000,0.250001,1.262921,102530.015625,1.381563,0.000000,0.000000,0.000000,0.000000,0.000000,0.000000,0.000000,0.000000,0.000000,-32.646885,656.587219
35.002666,2.000000,-2594.222900,0.835086,896.354785,198.430008,644.978516,318.574097,320.009460,330.443212,-3.936295,0.016042,6.856042,-33.476112,-11.140396,-11.307237,202.182434,0.050988,-0.001959,0.000563,0.250000,0.250001,1.264246,102530.015625,1.381812,0.000000,0.000000,0.000000,0.000000,0.000000,0.000000,0.000000,0.000000,0.000000,-32.440578,650.491150
35.053404,2.000000,-2585.819092,0.824364,894.663032,196.738113,639.552551,318.469299,319.887756,330.358086,-3.872086,0.017219,6.859861,-33.285614,-11.081357,-11.249326,200.457031,0.050709,-0.001942,0.000559,0.250000,0.250001,1.266225,102530.015625,1.381089,0.000000,0.000000,0.000000,0.000000,0.000000,0.000000,0.000000,0.000000,0.000000,-32.245975,645.065247
35.110922,2.000000,-2575.998779,0.811699,892.757164,194.832230,633.249634,318.348877,319.744232,330.257002,-3.799186,0.018565,6.864391,-33.063278,-11.012439,-11.181647,198.452805,0.050857,-0.001926,0.000554,0.250000,0.250001,1.268334,102530.015625,1.380363,0.000000,0.000000,0.000000,0.000000,0.000000,0.000000,0.000000,0.000000,0.000000,-32.025692,638.812805
35.162123,2.000000,-2567.553467,0.800689,891.071307,193.146378,627.861328,318.240051,319.619232,330.168584,-3.734191,0.019773,6.868587,-32.872318,-10.953239,-11.123434,196.739502,0.050550,-0.001932,0.000549,0.250000,0.250001,1.269935,102530.015625,1.380750,0.000000,0.000000,0.000000,0.000000,0.000000,0.000000,0.000000,0.000000,0.000000,-31.829840,633.424500
35.215698,2.000000,-2558.293945,0.788493,889.318062,191.393204,621.987854,318.124725,319.481659,330.070169,-3.666124,0.021063,6.873066,-32.662918,-10.888306,-11.059600,194.871979,0.050925,-0.001919,0.000541,0.250000,0.250001,1.271045,102530.015625,1.379777,0.000000,0.000000,0.000000,0.000000,0.000000,0.000000,0.000000,0.000000,0.000000,-31.625055,627.550964
35.272067,2.000000,-2548.474854,0.775422,887.485196,189.560318,615.798340,318.001892,319.334290,329.964014,-3.594417,0.022415,6.878026,-32.441406,-10.819609,-10.991897,192.904114,0.051390,-0.001895,0.000539,0.250000,0.250001,1.272937,102530.015625,1.379367,0.000000,0.000000,0.000000,0.000000,0.000000,0.000000,0.000000,0.000000,0.000000,-31.410135,621.361511
35.322334,2.000000,-2540.237549,0.764345,885.860990,187.936111,610.636963,317.890930,319.209656,329.873578,-3.530382,0.023625,6.882608,-32.255775,-10.762029,-10.935090,191.263184,0.050969,-0.001886,0.000537,0.250000,0.250001,1.274538,102530.015625,1.379056,0.000000,0.000000,0.000000,0.000000,0.000000,0.000000,0.000000,0.000000,0.000000,-31.218737,616.167053
35.372585,2.000000,-2531.550293,0.752554,884.246941,186.322037,605.224243,317.778717,319.077026,329.776854,-3.466306,0.024850,6.887276,-32.060081,-10.701313,-10.875172,189.542419,0.051316,-0.001883,0.000533,0.250000,0.250001,1.275674,102530.015625,1.378833,0.000000,0.000000,0.000000,0.000000,0.000000,0.000000,0.000000,0.000000,0.000000,-31.027525,610.754333
35.427787,2.000000,-2522.199951,0.739739,882.484935,184.560135,599.433105,317.653839,318.933380,329.671144,-3.395834,0.026197,6.892601,-31.849766,-10.636050,-10.810664,187.701569,0.051334,-0.001860,0.000532,0.250000,0.250001,1.277400,102530.015625,1.378164,0.000000,0.000000,0.000000,0.000000,0.000000,0.000000,0.000000,0.000000,0.000000,-30.817898,604.963196
35.486234,2.000000,-2512.526855,0.726348,880.632019,182.707352,593.480469,317.519806,318.783142,329.560124,-3.321125,0.027633,6.898361,-31.632317,-10.568553,-10.743920,185.809418,0.051035,-0.001867,0.000528,0.250000,0.250001,1.278646,102530.015625,1.378088,0.000000,0.000000,0.000000,0.000000,0.000000,0.000000,0.000000,0.000000,0.000000,-30.596102,599.010559
35.540730,2.000000,-2503.092285,0.713151,878.916331,180.991714,587.712585,317.392761,318.635162,329.450171,-3.251451,0.029010,6.903454,-31.419827,-10.502569,-10.678821,183.975906,0.047459,-0.001960,0.000511,0.250000,0.250001,1.275997,102530.015625,1.384843,0.000000,0.000000,0.000000,0.000000,0.000000,0.000000,0.000000,0.000000,0.000000,-30.388470,593.253357
35.598932,2.000000,-2493.493164,0.699594,877.096296,179.171768,581.881775,317.256104,318.482697,329.336541,-3.177501,0.030647,6.907911,-31.201279,-10.434644,-10.612569,182.122589,0.048173,-0.002077,0.000460,0.250000,0.250001,1.266554,102530.015625,1.381384,0.000000,0.000000,0.000000,0.000000,0.000000,0.000000,0.000000,0.000000,0.000000,-30.165205,587.422485
35.657054,2.000000,-2483.620605,0.685513,875.291715,177.367203,575.924866,317.117981,318.324921,329.218017,-3.104072,0.032302,6.912461,-30.978134,-10.365290,-10.544420,180.229248,0.049112,-0.002017,0.000428,0.250000,0.250001,1.261320,102530.015625,1.378607,0.000000,0.000000,0.000000,0.000000,0.000000,0.000000,0.000000,0.000000,0.000000,-29.943922,581.465637
35.708310,2.000000,-2474.983643,0.673081,873.710988,175.786575,570.746948,316.994781,318.186096,329.112751,-3.039488,0.033708,6.916649,-30.784023,-10.304960,-10.484795,178.583481,0.049688,-0.001952,0.000419,0.250000,0.250001,1.259294,102530.015625,1.376740,0.000000,0.000000,0.000000,0.000000,0.000000,0.000000,0.000000,0.000000,0.000000,-29.749903,576.302063
35.765295,2.000000,-2465.251709,0.658948,871.965235,174.040787,564.949219,316.856445,318.028503,328.992447,-2.967735,0.035212,6.921588,-30.566370,-10.237308,-10.417592,176.740921,0.050392,-0.001882,0.000425,0.250000,0.250001,1.259447,102530.015625,1.375208,0.000000,0.000000,0.000000,0.000000,0.000000,0.000000,0.000000,0.000000,0.000000,-29.535288,570.504333
35.823228,2.000000,-2455.482178,0.644627,870.202990,172.278580,559.168457,316.714172,317.868835,328.869919,-2.894725,0.036695,6.926911,-30.348713,-10.169645,-10.350115,174.903885,0.050821,-0.001839,0.000439,0.250000,0.250001,1.261020,102530.015625,1.374808,0.000000,0.000000,0.000000,0.000000,0.000000,0.000000,0.000000,0.000000,0.000000,-29.317921,564.723572
35.879020,2.000000,-2446.207031,0.630908,868.517850,170.593399,553.716431,316.575500,317.715973,328.751988,-2.824308,0.038107,6.932262,-30.142466,-10.105510,-10.286035,173.171524,0.051010,-0.001825,0.000451,0.250000,0.250001,1.262781,102530.015625,1.374835,0.000000,0.000000,0.000000,0.000000,0.000000,0.000000,0.000000,0.000000,0.000000,-29.109035,559.271545
35.934139,2.000000,-2436.792725,0.616862,866.864496,168.940018,548.218689,316.437134,317.560944,328.630705,-2.754636,0.039494,6.937830,-29.933393,-10.040475,-10.220976,171.424820,0.051490,-0.001760,0.000468,0.250000,0.250001,1.265455,102530.015625,1.371844,0.000000,0.000000,0.000000,0.000000,0.000000,0.000000,0.000000,0.000000,0.000000,-28.903288,553.746582
35.989971,2.000000,-2427.315430,0.602600,865.201260,167.276749,542.720520,316.295746,317.402710,328.506812,-2.683856,0.040854,6.943910,-29.723911,-9.975310,-10.155458,169.678284,0.051783,-0.001710,0.000492,0.250000,0.250001,1.269777,102530.015625,1.371912,0.000000,0.000000,0.000000,0.000000,0.000000,0.000000,0.000000,0.000000,0.000000,-28.695667,548.248413
36.040149,2.000000,-2418.741943,0.589592,863.716391,165.791824,537.778198,316.167358,317.259003,328.393419,-2.620051,0.042076,6.949583,-29.534367,-9.916319,-10.096169,168.108536,0.052139,-0.001690,0.000508,0.250000,0.250001,1.273188,102530.015625,1.370697,0.000000,0.000000,0.000000,0.000000,0.000000,0.000000,0.000000,0.000000,0.000000,-28.509205,543.306091
36.093796,2.000000,-2409.770752,0.575872,862.139268,164.214676,532.638611,316.028748,317.106537,328.273294,-2.551643,0.043386,6.955858,-29.336281,-9.854652,-10.034111,166.476364,0.052241,-0.001690,0.000522,0.250000,0.250001,1.276413,102530.015625,1.371855,0.000000,0.000000,0.000000,0.000000,0.000000,0.000000,0.000000,0.000000,0.000000,-28.309992,538.166504
36.147882,2.000000,-2400.778076,0.562010,860.560086,162.635452,527.519592,315.887604,316.953308,328.151447,-2.482505,0.044714,6.962427,-29.137800,-9.792838,-9.971884,164.850967,0.052196,-0.001657,0.000535,0.250000,0.250001,1.279824,102530.015625,1.371187,0.000000,0.000000,0.000000,0.000000,0.000000,0.000000,0.000000,0.000000,0.000000,-28.109453,533.069397
36.199877,2.000000,-2392.045166,0.548444,859.052188,161.127701,522.579895,315.750824,316.803345,328.031677,-2.415863,0.045987,6.968985,-28.945276,-9.732858,-9.911435,163.282745,0.052274,-0.001632,0.000547,0.250000,0.250001,1.283241,102530.015625,1.370794,0.000000,0.000000,0.000000,0.000000,0.000000,0.000000,0.000000,0.000000,0.000000,-27.916946,528.129700
36.254154,2.000000,-2382.913086,0.534146,857.488837,159.564407,517.447388,315.606628,316.645203,327.904937,-2.346118,0.047325,6.976004,-28.743967,-9.670115,-9.848201,161.653595,0.052410,-0.001620,0.000556,0.250000,0.250001,1.286292,102530.015625,1.370615,0.000000,0.000000,0.000000,0.000000,0.000000,0.000000,0.000000,0.000000,0.000000,-27.716074,522.997192
36.307713,2.000000,-2373.820557,0.519799,855.956882,158.032608,512.370850,315.463135,316.486145,327.777248,-2.277128,0.048648,6.983134,-28.543776,-9.607696,-9.785222,160.042435,0.052697,-0.001612,0.000564,0.250000,0.250001,1.289224,102530.015625,1.371838,0.000000,0.000000,0.000000,0.000000,0.000000,0.000000,0.000000,0.000000,0.000000,-27.518057,517.920715
36.361729,2.000000,-2364.421631,0.504852,854.422553,156.498306,507.158325,315.317200,316.321777,327.643567,-2.207377,0.049983,6.990616,-28.336920,-9.543174,-9.720094,158.388428,0.053240,-0.001554,0.000575,0.250000,0.250001,1.292985,102530.015625,1.369665,0.000000,0.000000,0.000000,0.000000,0.000000,0.000000,0.000000,0.000000,0.000000,-27.318794,512.665161
36.418561,2.000000,-2355.061523,0.489848,852.819910,154.895645,502.002747,315.162170,316.155762,327.508818,-2.133778,0.051389,6.998679,-28.131083,-9.478942,-9.655210,156.752808,0.052955,-0.001546,0.000583,0.250000,0.250001,1.296358,102530.015625,1.370116,0.000000,0.000000,0.000000,0.000000,0.000000,0.000000,0.000000,0.000000,0.000000,-27.109186,507.509583
36.468704,2.000000,-2346.635498,0.476240,851.415833,153.491653,497.392151,315.024170,316.005615,327.386142,-2.068711,0.052651,7.005896,-27.945625,-9.421040,-9.596784,155.290283,0.053008,-0.001527,0.000587,0.250000,0.250001,1.298762,102530.015625,1.369291,0.000000,0.000000,0.000000,0.000000,0.000000,0.000000,0.000000,0.000000,0.000000,-26.924259,502.898956
36.524383,2.000000,-2337.181885,0.460861,849.867610,151.943436,492.253510,314.869690,315.835480,327.246974,-1.996314,0.054057,7.014089,-27.737789,-9.356124,-9.531211,153.660507,0.053233,-0.001506,0.000591,0.250000,0.250001,1.301486,102530.015625,1.369821,0.000000,0.000000,0.000000,0.000000,0.000000,0.000000,0.000000,0.000000,0.000000,-26.719118,497.811584
36.577446,2.000000,-2328.181641,0.446108,848.402770,150.478592,487.394806,314.721161,315.672180,327.112937,-1.927177,0.055401,7.022063,-27.540016,-9.294321,-9.468760,152.119827,0.053418,-0.001484,0.000595,0.250000,0.250001,1.304069,102530.015625,1.370542,0.000000,0.000000,0.000000,0.000000,0.000000,0.000000,0.000000,0.000000,0.000000,-26.523788,492.952881
36.634040,2.000000,-2318.694336,0.430441,846.851944,148.927750,482.308716,314.561279,315.499451,326.970032,-1.853314,0.056857,7.030648,-27.331268,-9.229051,-9.402907,150.507278,0.053438,-0.001467,0.000595,0.250000,0.250001,1.306077,102530.015625,1.369168,0.000000,0.000000,0.000000,0.000000,0.000000,0.000000,0.000000,0.000000,0.000000,-26.315434,487.866821
36.684319,2.000000,-2310.623779,0.417020,845.484098,147.559891,478.010803,314.417908,315.350555,326.847118,-1.787593,0.058160,7.038365,-27.153847,-9.173551,-9.346869,149.144836,0.052877,-0.001468,0.000594,0.250000,0.250001,1.307594,102530.015625,1.370253,0.000000,0.000000,0.000000,0.000000,0.000000,0.000000,0.000000,0.000000,0.000000,-26.130402,483.568878
36.740909,2.000000,-2300.938477,0.400800,843.955706,146.031448,472.888000,314.255219,315.171143,326.698043,-1.713549,0.059644,7.047136,-26.940874,-9.106894,-9.279604,147.521088,0.053275,-0.001441,0.000592,0.250000,0.250001,1.309172,102530.015625,1.370076,0.000000,0.000000,0.000000,0.000000,0.000000,0.000000,0.000000,0.000000,0.000000,-25.922289,478.415405
36.792772,2.000000,-2292.327393,0.386275,842.565381,144.641129,468.365234,314.104675,315.010498,326.564036,-1.645620,0.061016,7.055226,-26.751493,-9.047589,-9.219777,146.087753,0.053211,-0.001430,0.000590,0.250000,0.250001,1.310223,102530.015625,1.370041,0.000000,0.000000,0.000000,0.000000,0.000000,0.000000,0.000000,0.000000,0.000000,-25.731609,473.892639
36.848729,2.000000,-2283.091064,0.370589,841.076468,143.152176,463.547668,313.940887,314.836639,326.418758,-1.572283,0.062514,7.063972,-26.548323,-8.983931,-9.155591,144.561157,0.053096,-0.001423,0.000585,0.250000,0.250001,1.310840,102530.015625,1.370244,0.000000,0.000000,0.000000,0.000000,0.000000,0.000000,0.000000,0.000000,0.000000,-25.525908,469.075043
36.899311,2.000000,-2274.352295,0.355645,839.740465,141.816055,459.021332,313.791840,314.671295,326.279827,-1.505951,0.063870,7.071992,-26.356281,-8.923730,-9.094843,143.127090,0.053610,-0.001383,0.000584,0.250000,0.250001,1.311980,102530.015625,1.369775,0.000000,0.000000,0.000000,0.000000,0.000000,0.000000,0.000000,0.000000,0.000000,-25.340292,464.548706
36.954638,2.000000,-2265.041992,0.339614,838.289885,140.365372,454.232910,313.627350,314.493835,326.130159,-1.433308,0.065345,7.080923,-26.151945,-8.859646,-9.030100,141.610229,0.053697,-0.001351,0.000587,0.250000,0.250001,1.313761,102530.015625,1.369586,0.000000,0.000000,0.000000,0.000000,0.000000,0.000000,0.000000,0.000000,0.000000,-25.137587,459.720886
37.006743,2.000000,-2256.247070,0.324367,836.934110,139.009537,449.741852,313.471069,314.324860,325.987372,-1.364831,0.066749,7.089318,-25.958721,-8.799005,-8.968923,140.187759,0.053906,-0.001353,0.000585,0.250000,0.250001,1.314447,102530.015625,1.369538,0.000000,0.000000,0.000000,0.000000,0.000000,0.000000,0.000000,0.000000,0.000000,-24.946569,455.229828
37.060356,2.000000,-2247.314697,0.308781,835.549459,137.624771,445.212555,313.309235,314.152618,325.840878,-1.294311,0.068195,7.098131,-25.762777,-8.737482,-8.906769,138.753418,0.053815,-0.001302,0.000589,0.250000,0.250001,1.316169,102530.015625,1.368611,0.000000,0.000000,0.000000,0.000000,0.000000,0.000000,0.000000,0.000000,0.000000,-24.750477,450.700531
37.112264,2.000000,-2238.811035,0.293849,834.218942,136.294144,440.930847,313.151062,313.986633,325.700019,-1.225971,0.069603,7.106644,-25.576153,-8.678849,-8.847585,137.397598,0.053583,-0.001312,0.000587,0.250000,0.250001,1.316790,102530.015625,1.369568,0.000000,0.000000,0.000000,0.000000,0.000000,0.000000,0.000000,0.000000,0.000000,-24.560482,446.418823
37.164217,2.000000,-2230.229004,0.278686,832.897182,134.972244,436.639343,312.991486,313.818665,325.556461,-1.157547,0.071028,7.115208,-25.387737,-8.619618,-8.787838,136.038864,0.053450,-0.001284,0.000585,0.250000,0.250001,1.317441,102530.015625,1.368675,0.000000,0.000000,0.000000,0.000000,0.000000,0.000000,0.000000,0.000000,0.000000,-24.370499,442.222748
37.218912,2.000000,-2221.022705,0.262316,831.516382,133.591446,432.068939,312.822144,313.636658,325.400920,-1.085488,0.072539,7.124210,-25.185682,-8.556063,-8.723728,134.591980,0.053691,-0.001280,0.000581,0.250000,0.250001,1.317557,102530.015625,1.369296,0.000000,0.000000,0.000000,0.000000,0.000000,0.000000,0.000000,0.000000,0.000000,-24.170506,437.652374
37.271898,2.000000,-2211.811035,0.245829,830.189109,132.264236,427.530029,312.657196,313.453888,325.243719,-1.015642,0.073993,7.133110,-24.983858,-8.492545,-8.659558,133.155334,0.054317,-0.001223,0.000585,0.250000,0.250001,1.318944,102530.015625,1.368655,0.000000,0.000000,0.000000,0.000000,0.000000,0.000000,0.000000,0.000000,0.000000,-23.977301,433.113434
37.324769,2.000000,-2203.303955,0.230508,828.874947,130.950027,423.368683,312.491302,313.283600,325.097076,-0.945858,0.075434,7.142104,-24.797661,-8.433913,-8.600279,131.838409,0.053738,-0.001209,0.000590,0.250000,0.250001,1.320404,102530.015625,1.369132,0.000000,0.000000,0.000000,0.000000,0.000000,0.000000,0.000000,0.000000,0.000000,-23.784708,428.952118
37.375179,2.000000,-2194.656250,0.214842,827.631455,129.706619,419.168518,312.332031,313.109589,324.946667,-0.879271,0.076821,7.150713,-24.608295,-8.374244,-8.540002,130.509369,0.054146,-0.001185,0.000592,0.250000,0.250001,1.321456,102530.015625,1.368940,0.000000,0.000000,0.000000,0.000000,0.000000,0.000000,0.000000,0.000000,0.000000,-23.601151,424.731140
37.429274,2.000000,-2185.910400,0.198904,826.307418,128.382523,414.951599,312.159729,312.932098,324.793054,-0.807759,0.078315,7.159982,-24.416828,-8.313876,-8.479026,129.175171,0.053696,-0.001183,0.000592,0.250000,0.250001,1.322158,102530.015625,1.369589,0.000000,0.000000,0.000000,0.000000,0.000000,0.000000,0.000000,0.000000,0.000000,-23.404226,420.514221
37.482196,2.000000,-2177.114258,0.182777,825.022491,127.097672,410.741760,311.989777,312.752594,324.637127,-0.737801,0.079808,7.168966,-24.223919,-8.253006,-8.417684,127.843338,0.053757,-0.001180,0.000587,0.250000,0.250001,1.321778,102530.015625,1.368934,0.000000,0.000000,0.000000,0.000000,0.000000,0.000000,0.000000,0.000000,0.000000,-23.211454,416.304382
37.535399,2.000000,-2168.193359,0.166324,823.741059,125.816360,406.504395,311.817688,312.569336,324.477464,-0.667487,0.081315,7.178020,-24.028467,-8.191296,-8.355458,126.502907,0.053965,-0.001155,0.000584,0.250000,0.250001,1.321570,102530.015625,1.368732,0.000000,0.000000,0.000000,0.000000,0.000000,0.000000,0.000000,0.000000,0.000000,-23.017902,412.067017
37.587434,2.000000,-2159.536621,0.150265,822.497738,124.573074,402.423218,311.648224,312.390320,324.321093,-0.598715,0.082786,7.186935,-23.839003,-8.131441,-8.295059,125.212067,0.054022,-0.001124,0.000584,0.250000,0.250001,1.321798,102530.015625,1.368421,0.000000,0.000000,0.000000,0.000000,0.000000,0.000000,0.000000,0.000000,0.000000,-22.828911,408.001373
37.638814,2.000000,-2150.936035,0.134219,821.279743,123.355118,398.398651,311.479767,312.211426,324.164395,-0.530794,0.084238,7.195787,-23.650923,-8.071983,-8.235037,123.939255,0.054171,-0.001099,0.000585,0.250000,0.250001,1.322173,102530.015625,1.368251,0.000000,0.000000,0.000000,0.000000,0.000000,0.000000,0.000000,0.000000,0.000000,-22.642530,403.976807
37.693447,2.000000,-2141.965576,0.117387,819.995198,122.070633,394.232910,311.299194,312.023560,323.999392,-0.458556,0.085787,7.205212,-23.454769,-8.009933,-8.172416,122.621941,0.054061,-0.001082,0.000585,0.250000,0.250001,1.322254,102530.015625,1.368070,0.000000,0.000000,0.000000,0.000000,0.000000,0.000000,0.000000,0.000000,0.000000,-22.444473,399.811035
37.747931,2.000000,-2132.708252,0.099914,818.724968,120.800491,389.968079,311.117920,311.828491,323.827568,-0.386518,0.087340,7.214609,-23.252413,-7.945872,-8.108581,121.273445,0.053869,-0.001066,0.000584,0.250000,0.250001,1.322105,102530.015625,1.368175,0.000000,0.000000,0.000000,0.000000,0.000000,0.000000,0.000000,0.000000,0.000000,-22.247107,395.537598
37.806030,2.000000,-2123.149658,0.081766,817.382340,119.457901,385.600922,310.923401,311.625275,323.648358,-0.309847,0.089091,7.223868,-23.042234,-7.879261,-8.048647,119.892136,0.048839,-0.001261,0.000548,0.250000,0.250001,1.315249,102530.015625,1.374486,0.000000,0.000000,0.000000,0.000000,0.000000,0.000000,0.000000,0.000000,0.000000,-22.034986,391.170441
37.860176,2.000000,-2114.201904,0.064678,816.142362,118.217911,381.547119,310.740814,311.431702,323.478194,-0.239211,0.090898,7.230150,-22.841293,-7.815459,-7.998185,118.608337,0.041090,-0.001357,0.000493,0.250000,0.250001,1.292824,102530.015625,1.383803,0.000000,0.000000,0.000000,0.000000,0.000000,0.000000,0.000000,0.000000,0.000000,-21.832867,387.116638
37.914464,2.000000,-2105.068604,0.047137,814.910334,116.985916,377.444275,310.556427,311.230499,323.301476,-0.170172,0.092764,7.232850,-22.630772,-7.748486,-7.951571,117.306282,0.031374,-0.001390,0.000442,0.250000,0.250001,1.250876,102530.015625,1.394517,0.000000,0.000000,0.000000,0.000000,0.000000,0.000000,0.000000,0.000000,0.000000,-21.624907,383.013794
37.967038,2.000000,-2096.455322,0.030506,813.728126,115.803726,373.608246,310.376831,311.036591,323.131698,-0.106058,0.094599,7.230904,-22.426851,-7.683490,-7.911540,116.085449,0.021038,-0.001422,0.000398,0.250000,0.250001,1.189969,102530.015625,1.404282,0.000000,0.000000,0.000000,0.000000,0.000000,0.000000,0.000000,0.000000,0.000000,-21.418211,379.078217
38.021010,2.000000,-2087.400391,0.012928,812.525979,114.601578,369.611511,310.191193,310.828552,322.950026,-0.044149,0.096507,7.223372,-22.207449,-7.613438,-7.872989,114.808876,0.009913,-0.001448,0.000357,0.250000,0.250001,1.107816,102530.015625,1.412852,0.000000,0.000000,0.000000,0.000000,0.000000,0.000000,0.000000,0.000000,0.000000,-21.201307,375.081451
38.076739,2.000000,-2077.988037,-0.005444,811.297180,113.372696,365.497040,309.998474,310.608490,322.757854,0.014550,0.098497,7.209038,-21.975098,-7.539135,-7.836165,113.488838,-0.001571,-0.001475,0.000319,0.250000,0.250001,1.004463,102530.015625,1.419433,0.000000,0.000000,0.000000,0.000000,0.000000,0.000000,0.000000,0.000000,0.000000,-20.973522,370.967010
38.132350,2.000000,-2068.872803,-0.023333,810.083679,112.159195,361.551605,309.805573,310.392303,322.568649,0.066894,0.100499,7.187521,-21.746990,-7.466090,-7.803113,112.216782,-0.011898,-0.001502,0.000285,0.250000,0.250001,0.884327,102530.015625,1.423020,0.000000,0.000000,0.000000,0.000000,0.000000,0.000000,0.000000,0.000000,0.000000,-20.743458,367.021545
38.186835,2.000000,-2059.890869,-0.041054,808.907286,110.982742,357.702362,309.615723,310.176453,322.379799,0.111331,0.102471,7.159447,-21.521481,-7.393810,-7.772585,110.969086,-0.021228,-0.001520,0.000255,0.250000,0.250001,0.756310,102530.015625,1.421945,0.000000,0.000000,0.000000,0.000000,0.000000,0.000000,0.000000,0.000000,0.000000,-20.517805,363.307129
38.243670,2.000000,-2050.467773,-0.059739,807.693167,109.768570,353.704620,309.417786,309.949005,322.179411,0.150014,0.104535,7.122664,-21.285313,-7.318056,-7.742250,109.666000,-0.029676,-0.001538,0.000226,0.250000,0.250001,0.612906,102530.015625,1.418975,0.000000,0.000000,0.000000,0.000000,0.000000,0.000000,0.000000,0.000000,0.000000,-20.283134,359.309387
38.299105,2.000000,-2041.215576,-0.078179,806.521806,108.597244,349.820068,309.224365,309.724762,321.981070,0.179762,0.106549,7.079890,-21.056416,-7.244612,-7.713725,108.392250,-0.036757,-0.001549,0.000202,0.250000,0.250001,0.470440,102530.015625,1.411600,0.000000,0.000000,0.000000,0.000000,0.000000,0.000000,0.000000,0.000000,0.000000,-20.057688,355.424835
38.353913,2.000000,-2032.314331,-0.096006,805.375955,107.451492,346.120270,309.033142,309.509338,321.789313,0.201380,0.108536,7.031429,-20.840744,-7.175414,-7.687082,107.172043,-0.041884,-0.001556,0.000180,0.250000,0.250001,0.330848,102530.015625,1.401089,0.000000,0.000000,0.000000,0.000000,0.000000,0.000000,0.000000,0.000000,0.000000,-19.839827,351.656158
38.407537,2.000000,-2023.163574,-0.114416,804.266215,106.341873,342.353668,308.846954,309.289368,321.591536,0.215248,0.110473,6.978607,-20.624783,-7.106145,-7.660150,105.922943,-0.046288,-0.001559,0.000162,0.250000,0.250001,0.196788,102530.015625,1.389235,0.000000,0.000000,0.000000,0.000000,0.000000,0.000000,0.000000,0.000000,0.000000,-19.632448,347.889557
38.461212,2.000000,-2014.428833,-0.132065,803.166390,105.242081,338.792267,308.661377,309.080688,321.402597,0.222101,0.112402,6.921123,-20.425564,-7.042293,-7.634576,104.735649,-0.048445,-0.001559,0.000146,0.250000,0.250001,0.069200,102530.015625,1.373659,0.000000,0.000000,0.000000,0.000000,0.000000,0.000000,0.000000,0.000000,0.000000,-19.432241,344.328156
38.511729,2.000000,-2006.353516,-0.148447,802.140951,104.216690,335.528320,308.487885,308.889740,321.228103,0.222513,0.114205,6.863604,-20.248686,-6.985669,-7.610820,103.642403,-0.049065,-0.001553,0.000133,0.250000,0.250001,-0.041799,102530.015625,1.357363,0.000000,0.000000,0.000000,0.000000,0.000000,0.000000,0.000000,0.000000,0.000000,-19.251762,341.064209
38.567111,2.000000,-1996.979980,-0.167539,801.026972,103.102798,331.772278,308.299377,308.671509,321.026173,0.216882,0.116166,6.797677,-20.053127,-6.923170,-7.582842,102.378799,-0.049225,-0.001541,0.000121,0.250000,0.250001,-0.151604,102530.015625,1.338383,0.000000,0.000000,0.000000,0.000000,0.000000,0.000000,0.000000,0.000000,0.000000,-19.063604,337.229889
38.620688,2.000000,-1988.454468,-0.184972,799.958955,102.034805,328.384827,308.118958,308.475708,320.843315,0.206035,0.118047,6.731943,-19.884958,-6.869543,-7.556796,101.234673,-0.047420,-0.001530,0.000111,0.250000,0.250001,-0.244211,102530.015625,1.318114,0.000000,0.000000,0.000000,0.000000,0.000000,0.000000,0.000000,0.000000,0.000000,-18.891956,333.842438
38.674174,2.000000,-1979.396240,-0.203561,798.901652,100.977554,324.814087,307.940948,308.271667,320.650164,0.190699,0.119907,6.665464,-19.717340,-6.816248,-7.528280,100.024582,-0.045085,-0.001512,0.000103,0.250000,0.250001,-0.321107,102530.015625,1.296708,0.000000,0.000000,0.000000,0.000000,0.000000,0.000000,0.000000,0.000000,0.000000,-18.731554,330.271698
38.729753,2.000000,-1970.410034,-0.222071,797.811821,99.887650,321.298645,307.758331,308.072876,320.459861,0.170893,0.121819,6.596493,-19.562681,-6.767259,-7.498934,98.829926,-0.041253,-0.001494,0.000096,0.250000,0.250001,-0.383409,102530.015625,1.274342,0.000000,0.000000,0.000000,0.000000,0.000000,0.000000,0.000000,0.000000,0.000000,-18.576796,326.756256
38.783405,2.000000,-1961.373169,-0.240747,796.767624,98.843460,317.788177,307.584808,307.877350,320.269943,0.149009,0.123646,6.531064,-19.419039,-6.721972,-7.468175,97.634575,-0.036702,-0.001473,0.000092,0.250000,0.250001,-0.425931,102530.015625,1.252143,0.000000,0.000000,0.000000,0.000000,0.000000,0.000000,0.000000,0.000000,0.000000,-18.439091,323.411896
38.835716,2.000000,-1952.957275,-0.258194,795.756356,97.832169,314.539337,307.418335,307.699097,320.094471,0.125966,0.125409,6.469285,-19.296076,-6.683423,-7.438256,96.527008,-0.031474,-0.001456,0.000089,0.250000,0.250001,-0.450190,102530.015625,1.231073,0.000000,0.000000,0.000000,0.000000,0.000000,0.000000,0.000000,0.000000,0.000000,-18.315916,320.163055
38.892143,2.000000,-1943.291992,-0.278295,794.672406,96.748184,310.830231,307.241974,307.498444,319.894617,0.100262,0.127290,6.405878,-19.167589,-6.643429,-7.402224,95.261993,-0.024754,-0.001431,0.000087,0.250000,0.250001,-0.456980,102530.015625,1.207872,0.000000,0.000000,0.000000,0.000000,0.000000,0.000000,0.000000,0.000000,0.000000,-18.195190,316.453949
38.949978,2.000000,-1934.128296,-0.297410,793.568137,95.643814,307.333130,307.064453,307.312378,319.706805,0.074166,0.129196,6.345387,-19.058033,-6.609640,-7.366274,94.069786,-0.017781,-0.001387,0.000089,0.250000,0.250001,-0.443364,102530.015625,1.186434,0.000000,0.000000,0.000000,0.000000,0.000000,0.000000,0.000000,0.000000,0.000000,-18.084072,312.956848
39.007026,2.000000,-1924.765869,-0.316996,792.484855,94.560501,303.777588,306.892761,307.125885,319.515760,0.049856,0.130892,6.291383,-18.958220,-6.579224,-7.327624,92.859207,-0.010315,-0.001125,0.000148,0.250000,0.250001,-0.407425,102530.015625,1.164169,0.000000,0.000000,0.000000,0.000000,0.000000,0.000000,0.000000,0.000000,0.000000,-17.986938,309.389709
39.059413,2.000000,-1916.015991,-0.335348,791.494679,93.570267,300.468475,306.737915,306.953369,319.336669,0.029936,0.132350,6.247792,-18.875805,-6.554514,-7.289652,91.734947,-0.003067,-0.001069,0.000200,0.250000,0.250001,-0.353870,102530.015625,1.144944,0.000000,0.000000,0.000000,0.000000,0.000000,0.000000,0.000000,0.000000,0.000000,-17.908264,306.080597
39.113456,2.000000,-1907.100098,-0.354097,790.477338,92.552811,297.108490,306.580902,306.750488,319.124209,0.012722,0.133816,6.209357,-18.799746,-6.532640,-7.249044,90.596695,0.005309,-0.001032,0.000140,0.250000,0.250001,-0.287466,102530.015625,1.134532,0.000000,0.000000,1.000000,0.029716,0.027779,0.033542,0.000000,0.000000,0.000000,-17.834303,302.720612
39.165919,2.000000,-1898.570801,-0.372073,789.493401,91.568802,293.903839,306.430450,306.521606,318.882326,-0.000208,0.135266,6.179139,-18.734169,-6.514945,-7.208330,89.514969,0.013735,-0.001034,0.000161,0.250000,0.250001,-0.208475,102530.015625,1.116758,0.000000,0.000000,1.000000,0.063836,0.059676,0.072057,0.000000,0.000000,0.000000,-17.770489,299.515961
39.217778,2.000000,-1889.941650,-0.390301,788.523906,90.599197,290.669617,306.282867,306.287262,318.632969,-0.008489,0.136705,6.156561,-18.676067,-6.499952,-7.165233,88.427971,0.022740,-0.001018,0.000179,0.250000,0.250001,-0.115074,102530.015625,1.101568,0.000000,0.000000,1.000000,0.097564,0.091205,0.110128,0.000000,0.000000,0.000000,-17.715357,296.194641
39.269030,2.000000,-1881.768066,-0.407602,787.568419,89.643570,287.612274,306.137329,306.063690,318.393755,-0.011517,0.138129,6.141785,-18.627808,-6.488129,-7.122612,87.405434,0.030414,-0.001002,0.000193,0.250000,0.250001,-0.009418,102530.015625,1.090029,0.000000,0.000000,1.000000,0.130897,0.122366,0.147754,0.000000,0.000000,0.000000,-17.667671,293.137299
39.320893,2.000000,-1873.337769,-0.425483,786.603956,88.678970,284.464233,305.989441,305.831696,318.144664,-0.008809,0.139570,6.134312,-18.582954,-6.477663,-7.076798,86.358215,0.038887,-0.000985,0.000205,0.250000,0.250001,0.105732,102530.015625,1.080865,0.000000,0.000000,1.000000,0.164627,0.153898,0.185828,0.000000,0.000000,0.000000,-17.624292,289.989258
39.373772,2.000000,-1864.546875,-0.444167,785.622803,87.697830,281.186188,305.837738,305.589081,317.882642,0.000400,0.141042,6.135066,-18.541731,-6.468698,-7.027005,85.274483,0.048066,-0.000969,0.000215,0.250000,0.250001,0.235441,102530.015625,1.070810,0.000000,0.000000,1.000000,0.199018,0.186047,0.224648,0.000000,0.000000,0.000000,-17.585571,286.788696
39.430147,2.000000,-1855.965210,-0.462441,784.578967,86.654007,277.989990,305.673920,305.351166,317.624979,0.018103,0.142615,6.145156,-18.505413,-6.461328,-6.976406,84.224937,0.054232,-0.000959,0.000223,0.250000,0.250001,0.382364,102530.015625,1.065171,0.000000,0.000000,1.000000,0.235683,0.220322,0.266035,0.000000,0.000000,0.000000,-17.548281,283.592499
39.481242,2.000000,-1847.178711,-0.481190,783.634726,85.709732,274.720917,305.523010,305.106140,317.359545,0.041358,0.144043,6.162086,-18.470177,-6.454477,-6.922569,83.159172,0.064557,-0.000941,0.000229,0.250000,0.250001,0.518469,102530.015625,1.062021,0.000000,0.000000,1.000000,0.268913,0.251387,0.303546,0.000000,0.000000,0.000000,-17.516096,280.323425
39.531989,2.000000,-1838.785156,-0.499135,782.698526,84.773575,271.600830,305.370300,304.870544,317.104285,0.071574,0.145465,6.186639,-18.438887,-6.448778,-6.869236,82.149635,0.073194,-0.000932,0.000233,0.250000,0.250001,0.659412,102530.015625,1.066855,0.000000,0.000000,1.000000,0.301918,0.282241,0.340801,0.000000,0.000000,0.000000,-17.485886,277.203339
39.585763,2.000000,-1830.047729,-0.517848,781.708174,83.783218,268.355652,305.205078,304.625427,316.837161,0.111488,0.146973,6.221001,-18.406433,-6.442905,-6.811766,81.107849,0.080899,-0.000925,0.000237,0.250000,0.250001,0.814841,102530.015625,1.057862,0.000000,0.000000,1.000000,0.336891,0.314935,0.380278,0.000000,0.000000,0.000000,-17.455107,273.892578
39.641256,2.000000,-1821.100098,-0.537048,780.687977,82.763138,265.035126,305.030060,304.371613,316.561939,0.161498,0.148531,6.264944,-18.373335,-6.436961,-6.750884,80.050858,0.088516,-0.000919,0.000239,0.250000,0.250001,0.975941,102530.015625,1.063829,0.000000,0.000000,1.000000,0.372982,0.348673,0.421017,0.000000,0.000000,0.000000,-17.422331,270.572052
39.693175,2.000000,-1813.175537,-0.554083,779.735240,81.810501,262.096832,304.861572,304.145660,316.317031,0.216410,0.149990,6.313588,-18.342234,-6.431090,-6.695284,79.123238,0.092863,-0.000917,0.000240,0.250000,0.250001,1.126554,102530.015625,1.066956,0.000000,0.000000,1.000000,0.406749,0.380239,0.459132,0.000000,0.000000,0.000000,-17.389935,267.633759
39.746833,2.000000,-1803.850220,-0.574165,778.752515,80.827835,258.642670,304.682312,303.877167,316.027305,0.281266,0.151498,6.370800,-18.302683,-6.423173,-6.627888,78.042114,0.103786,-0.000903,0.000239,0.250000,0.250001,1.278449,102530.015625,1.077771,0.000000,0.000000,1.000000,0.441646,0.412863,0.498524,0.000000,0.000000,0.000000,-17.353079,264.179596
39.797467,2.000000,-1795.932007,-0.591248,777.827069,79.902481,255.713074,304.508087,303.647858,315.779905,0.350049,0.152922,6.431706,-18.266708,-6.415633,-6.569036,77.133163,0.108381,-0.000905,0.000237,0.250000,0.250001,1.424469,102530.015625,1.081940,0.000000,0.000000,1.000000,0.474577,0.443647,0.535696,0.000000,0.000000,0.000000,-17.316347,261.208069
39.854652,2.000000,-1786.401855,-0.611846,776.784337,78.859879,252.191925,304.304932,303.369415,315.480539,0.436439,0.154531,6.507594,-18.218597,-6.404898,-6.496289,76.050407,0.116606,-0.000899,0.000234,0.250000,0.250001,1.586216,102530.015625,1.087341,0.000000,0.000000,1.000000,0.511769,0.478415,0.577677,0.000000,0.000000,0.000000,-17.270239,257.686920
39.904707,2.000000,-1778.358765,-0.629262,775.873952,77.949478,249.224930,304.121124,303.131836,315.226406,0.519605,0.155940,6.579956,-18.173731,-6.394364,-6.433322,75.146301,0.121780,-0.000900,0.000231,0.250000,0.250001,1.724607,102530.015625,1.097288,0.000000,0.000000,1.000000,0.544323,0.508848,0.614424,0.000000,0.000000,0.000000,-17.225241,254.719940
39.957922,2.000000,-1769.564575,-0.648339,774.908794,76.984390,245.986969,303.919067,302.869202,314.946973,0.615462,0.157435,6.662207,-18.118546,-6.380717,-6.362901,74.168098,0.128567,-0.000898,0.000226,0.250000,0.250001,1.865218,102530.015625,1.109672,0.000000,0.000000,1.000000,0.578933,0.541202,0.653491,0.000000,0.000000,0.000000,-17.171316,251.481964
40.009318,2.000000,-1761.568359,-0.665716,773.979535,76.055130,243.049118,303.717346,302.627777,314.691267,0.715101,0.158878,6.746905,-18.063622,-6.366660,-6.297501,73.288147,0.131628,-0.000904,0.000221,0.250000,0.250001,1.999060,102530.015625,1.124454,0.000000,0.000000,1.000000,0.611584,0.574758,0.689708,0.000000,0.000000,0.000000,-17.114079,248.595093
40.066302,2.000000,-1752.188110,-0.686138,772.952966,75.028519,239.611725,303.485931,302.341339,314.389381,0.833370,0.160476,6.845993,-17.991230,-6.347393,-6.219199,72.267578,0.137572,-0.000907,0.000217,0.250000,0.250001,2.141135,102530.015625,1.137334,0.000000,0.000000,1.000000,0.646229,0.616592,0.726826,0.000000,0.000000,0.000000,-17.043133,245.157700
40.119703,2.000000,-1743.366699,-0.705382,771.994873,74.070450,236.389267,303.261353,302.068451,314.103451,0.951393,0.161969,6.943456,-17.915588,-6.326630,-6.144086,71.319473,0.142834,-0.000910,0.000217,0.250000,0.250001,2.268836,102530.015625,1.151865,0.000000,0.000000,1.000000,0.678696,0.655795,0.761611,0.000000,0.000000,0.000000,-16.969278,241.935257
40.174574,2.000000,-1734.643311,-0.724448,771.014813,73.090408,233.213730,303.022247,301.794586,313.818620,1.079581,0.163500,7.047540,-17.832588,-6.303225,-6.068486,70.393150,0.145914,-0.000915,0.000219,0.250000,0.250001,2.392001,102530.015625,1.170658,0.000000,0.000000,1.000000,0.712057,0.696078,0.797352,0.000000,0.000000,0.000000,-16.884909,238.759705
40.226964,2.000000,-1726.088745,-0.743182,770.083670,72.159256,230.111862,302.786194,301.522491,313.537199,1.208061,0.164954,7.150134,-17.742754,-6.277310,-5.993153,69.495720,0.149722,-0.000916,0.000222,0.250000,0.250001,2.502509,102530.015625,1.187499,0.000000,0.000000,1.000000,0.743909,0.734539,0.831478,0.000000,0.000000,0.000000,-16.796200,235.651199
40.281219,2.000000,-1717.479004,-0.762073,769.124598,71.200089,227.003830,302.533264,301.244781,313.251744,1.346978,0.166447,7.259054,-17.643337,-6.248059,-5.916221,68.603584,0.151836,-0.000915,0.000226,0.250000,0.250001,2.608657,102530.015625,1.204573,0.000000,0.000000,1.000000,0.776895,0.774369,0.866819,0.000000,0.000000,0.000000,-16.695293,232.543167
40.332637,2.000000,-1709.348022,-0.779948,768.221034,70.296524,224.082733,302.285645,300.978607,312.980111,1.483682,0.167852,7.363883,-17.540579,-6.217303,-5.842615,67.771347,0.148618,-0.000916,0.000232,0.250000,0.250001,2.698372,102530.015625,1.229054,0.000000,0.000000,1.000000,0.808157,0.812117,0.900311,0.000000,0.000000,0.000000,-16.589931,229.622070
40.387281,2.000000,-1700.772949,-0.798837,767.267298,69.342728,221.019348,302.013367,300.693024,312.691928,1.633098,0.169330,7.473594,-17.416695,-6.179378,-5.764083,66.904564,0.143290,-0.000916,0.000238,0.250000,0.250001,2.760142,102530.015625,1.260005,0.000000,0.000000,1.000000,0.841379,0.852233,0.935905,0.000000,0.000000,0.000000,-16.461502,226.558670
40.441233,2.000000,-1691.764648,-0.818723,766.332955,68.408340,217.823074,301.736115,300.388977,312.387579,1.783144,0.170773,7.579569,-17.271458,-6.134167,-5.680690,66.006134,0.140839,-0.000907,0.000243,0.250000,0.250001,2.796701,102530.015625,1.283703,0.000000,0.000000,1.000000,0.874181,0.891841,0.971048,0.000000,0.000000,0.000000,-16.321047,223.273804
40.496711,2.000000,-1682.884399,-0.838372,765.380487,67.499710,214.696625,301.441803,300.083923,312.084773,1.939072,0.172242,7.686292,-17.116665,-6.085459,-5.597690,65.132729,0.139804,-0.000906,0.000250,0.250000,0.250001,2.821237,102530.015625,1.302998,0.000000,0.000000,1.000000,0.907911,0.932569,1.000000,0.000000,0.000000,0.000000,-16.165735,220.147354
40.548225,2.000000,-1674.846802,-0.856195,764.504113,66.669449,211.889374,301.160217,299.803955,311.808187,2.084877,0.173595,7.783435,-16.968298,-6.038413,-5.521965,64.352745,0.139578,-0.000909,0.000262,0.250000,0.250001,2.837478,102530.015625,1.318370,0.000000,0.000000,1.000000,0.939231,0.970387,1.000000,0.000000,0.000000,0.000000,-16.013254,217.340103
40.603652,2.000000,-1665.895508,-0.876091,763.570207,65.785172,208.789703,300.848816,299.488190,311.497194,2.242565,0.175042,7.885909,-16.794868,-5.983069,-5.437038,63.495941,0.139763,-0.000907,0.000285,0.250000,0.250001,2.851054,102530.015625,1.333644,0.000000,0.000000,1.000000,0.972930,1.000000,1.000000,0.000000,0.000000,0.000000,-15.841287,214.753601
40.656243,2.000000,-1657.591309,-0.894590,762.693196,64.955215,205.940674,300.544800,299.190826,311.205867,2.392822,0.176401,7.981262,-16.626913,-5.929169,-5.357765,62.712280,0.140143,-0.000896,0.000306,0.250000,0.250001,2.861969,102530.015625,1.347026,0.000000,0.000000,1.000000,1.000000,1.000000,1.000000,0.000000,0.000000,0.000000,-15.671208,211.904587
40.708646,2.000000,-1649.242188,-0.913233,761.828451,64.137222,203.103104,300.234283,298.888397,310.910238,2.543080,0.177740,8.074501,-16.451565,-5.872618,-5.277654,61.935284,0.140620,-0.000888,0.000323,0.250000,0.250001,2.871800,102530.015625,1.359778,0.000000,0.000000,1.000000,1.000000,1.000000,1.000000,0.000000,0.000000,0.000000,-15.495413,209.067001
40.764707,2.000000,-1640.241089,-0.933381,760.913833,63.272594,200.075531,299.893555,298.558411,310.588568,2.704369,0.179120,8.172352,-16.255600,-5.809115,-5.190904,61.109898,0.141214,-0.000808,0.000321,0.250000,0.250001,2.881392,102530.015625,1.372826,0.000000,0.000000,1.000000,1.000000,1.000000,1.000000,0.000000,0.000000,0.000000,-15.300725,206.039444
40.818330,2.000000,-1631.605713,-0.952764,760.049427,62.455944,197.202881,299.560059,298.237976,310.276923,2.859137,0.180404,8.264159,-16.061089,-5.745798,-5.107370,60.330040,0.141797,-0.000799,0.000314,0.250000,0.250001,2.890235,102530.015625,1.384919,0.000000,0.000000,1.000000,1.000000,1.000000,1.000000,0.000000,0.000000,0.000000,-15.108341,203.758698
40.873032,2.000000,-1622.938599,-0.972271,759.178443,61.633678,194.352066,299.212677,297.912506,309.961036,3.017498,0.181710,8.356059,-15.859627,-5.679944,-5.023289,59.559151,0.142390,-0.000799,0.000307,0.250000,0.250001,2.899077,102530.015625,1.396797,0.000000,0.000000,1.000000,1.000000,1.000000,1.000000,0.000000,0.000000,0.000000,-14.906074,200.907883
40.926782,2.000000,-1614.382080,-0.991581,758.333617,60.836559,191.570724,298.864136,297.587036,309.645921,3.173570,0.182991,8.444698,-15.654804,-5.612729,-4.940109,58.809731,0.142966,-0.000798,0.000302,0.250000,0.250001,2.907626,102530.015625,1.408151,0.000000,0.000000,1.000000,1.000000,1.000000,1.000000,0.000000,0.000000,0.000000,-14.701628,198.126541
40.980320,2.000000,-1605.580078,-1.011498,757.503265,60.053661,188.745132,298.510101,297.248444,309.318467,3.329482,0.184264,8.531401,-15.438143,-5.541359,-4.854428,58.050877,0.143530,-0.000792,0.000296,0.250000,0.250001,2.916029,102530.015625,1.419303,0.000000,0.000000,1.000000,1.000000,1.000000,1.000000,0.000000,0.000000,0.000000,-14.492558,195.300949
41.030394,2.000000,-1597.614380,-1.029571,756.736990,59.331799,186.220047,298.172821,296.938324,309.019101,3.475710,0.185452,8.611104,-15.236996,-5.474867,-4.776839,57.374668,0.144049,-0.000791,0.000292,0.250000,0.250001,2.923795,102530.015625,1.429294,0.000000,0.000000,1.000000,1.000000,1.000000,1.000000,0.000000,0.000000,0.000000,-14.292276,193.396866
41.086994,2.000000,-1589.054565,-1.049041,755.883134,58.528027,183.541336,297.784821,296.601379,308.694227,3.641462,0.186790,8.699622,-15.015595,-5.401432,-4.693462,56.659187,0.144623,-0.000795,0.000287,0.250000,0.250001,2.932482,102530.015625,1.440028,0.000000,0.000000,1.000000,1.000000,1.000000,1.000000,0.000000,0.000000,0.000000,-14.060525,190.718155
41.142371,2.000000,-1579.840332,-1.070057,755.060583,57.754406,180.699173,297.399292,296.234711,308.340701,3.804103,0.188095,8.784646,-14.771358,-5.320140,-4.603766,55.901909,0.145172,-0.000790,0.000282,0.250000,0.250001,2.940899,102530.015625,1.450676,0.000000,0.000000,1.000000,1.000000,1.000000,1.000000,0.000000,0.000000,0.000000,-13.828427,187.875992
41.201680,2.000000,-1570.897461,-1.090512,754.194167,56.940319,177.982864,296.979156,295.874237,307.993701,3.978807,0.189487,8.874047,-14.528624,-5.239068,-4.516828,55.179710,0.145745,-0.000792,0.000278,0.250000,0.250001,2.949809,102530.015625,1.461253,0.000000,0.000000,1.000000,1.000000,1.000000,1.000000,0.000000,0.000000,0.000000,-13.574215,185.159683
41.255433,2.000000,-1562.260498,-1.110320,753.422164,56.215710,175.400040,296.592346,295.522278,307.654975,4.137596,0.190740,8.953634,-14.289037,-5.158784,-4.433025,54.494137,0.146253,-0.000789,0.000274,0.250000,0.250001,2.957796,102530.015625,1.470822,0.000000,0.000000,1.000000,1.000000,1.000000,1.000000,0.000000,0.000000,0.000000,-13.338945,183.212524
41.309624,2.000000,-1553.864624,-1.129626,752.656972,55.498241,172.928635,296.196472,295.176117,307.322241,4.298036,0.191997,9.032016,-14.050694,-5.078652,-4.351765,53.838902,0.142527,-0.000787,0.000270,0.250000,0.250001,2.961374,102530.015625,1.485194,0.000000,0.000000,1.000000,1.000000,1.000000,1.000000,0.000000,0.000000,0.000000,-13.096028,180.741119
41.365498,2.000000,-1544.971680,-1.150131,751.882146,54.772472,170.354431,295.782715,294.804901,306.966046,4.463213,0.193286,9.109292,-13.789316,-4.990412,-4.265963,53.156887,0.138562,-0.000782,0.000267,0.250000,0.250001,2.949939,102530.015625,1.501591,0.000000,0.000000,1.000000,1.000000,1.000000,1.000000,0.000000,0.000000,0.000000,-12.836861,178.166916
41.423997,2.000000,-1535.824707,-1.171280,751.086701,54.028393,167.754883,295.344299,294.418488,306.595672,4.635084,0.194625,9.186082,-13.512087,-4.896452,-4.178058,52.468243,0.134145,-0.000777,0.000262,0.250000,0.250001,2.925437,102530.015625,1.516464,0.000000,0.000000,1.000000,1.000000,1.000000,1.000000,0.000000,0.000000,0.000000,-12.557596,176.008911
41.481522,2.000000,-1526.574219,-1.192730,750.320724,53.312450,165.177536,294.907990,294.023468,306.217380,4.802316,0.195930,9.257024,-13.223804,-4.798370,-4.089583,51.785015,0.130531,-0.000770,0.000257,0.250000,0.250001,2.889846,102530.015625,1.529260,0.000000,0.000000,1.000000,1.000000,1.000000,1.000000,0.000000,0.000000,0.000000,-12.275816,173.431564
41.535644,2.000000,-1518.057007,-1.212533,749.615061,52.638561,162.851456,294.493164,293.655945,305.865188,4.957563,0.197150,9.319496,-12.952281,-4.705679,-4.008543,51.167648,0.126757,-0.000769,0.000253,0.250000,0.250001,2.848820,102530.015625,1.538901,0.000000,0.000000,1.000000,1.000000,1.000000,1.000000,0.000000,0.000000,0.000000,-12.005200,171.105484
41.588347,2.000000,-1509.959351,-1.231410,748.942248,52.008373,160.683029,294.084961,293.302734,305.526967,5.106389,0.198331,9.376079,-12.689256,-4.615618,-3.931914,50.591061,0.122932,-0.000766,0.000248,0.250000,0.250001,2.801966,102530.015625,1.548242,0.000000,0.000000,1.000000,1.000000,1.000000,1.000000,0.000000,0.000000,0.000000,-11.736954,168.937057
41.641191,2.000000,-1501.592896,-1.250963,748.282010,51.354565,158.487488,293.672150,292.934601,305.174094,5.252981,0.199508,9.428573,-12.413093,-4.520786,-3.853203,50.005901,0.119548,-0.000762,0.000244,0.250000,0.250001,2.749873,102530.015625,1.555763,0.000000,0.000000,1.000000,1.000000,1.000000,1.000000,0.000000,0.000000,0.000000,-11.464084,167.260300
41.696228,2.000000,-1492.830322,-1.271496,747.609807,50.687389,156.237473,293.239319,292.545563,304.800814,5.402630,0.200728,9.478786,-12.119967,-4.419843,-3.771296,49.404514,0.116058,-0.000757,0.000240,0.250000,0.250001,2.691718,102530.015625,1.562790,0.000000,0.000000,1.000000,1.000000,1.000000,1.000000,0.000000,0.000000,0.000000,-11.176528,165.010284
41.750439,2.000000,-1484.332642,-1.291461,746.963315,50.069042,154.104721,292.809998,292.164917,304.435186,5.546791,0.201922,9.523716,-11.832335,-4.320515,-3.692417,48.832462,0.112489,-0.000751,0.000236,0.250000,0.250001,2.630714,102530.015625,1.568800,0.000000,0.000000,1.000000,1.000000,1.000000,1.000000,0.000000,0.000000,0.000000,-10.890368,162.877533
41.803267,2.000000,-1476.270752,-1.310449,746.348455,49.405834,152.126923,292.388641,291.801117,304.085190,5.683978,0.203078,9.563129,-11.556715,-4.225081,-3.618113,48.299866,0.108884,-0.000748,0.000233,0.250000,0.250001,2.567986,102530.015625,1.573064,0.000000,0.000000,1.000000,1.000000,1.000000,1.000000,0.000000,0.000000,0.000000,-10.609147,160.899719
41.854173,2.000000,-1468.348022,-1.329154,745.770112,48.854137,150.226791,291.980713,291.441010,303.738278,5.812986,0.204189,9.597113,-11.283900,-4.130386,-3.545610,47.786015,0.105647,-0.000743,0.000229,0.250000,0.250001,2.505421,102530.015625,1.576743,0.000000,0.000000,1.000000,1.000000,1.000000,1.000000,0.000000,0.000000,0.000000,-10.336529,159.075836
41.911175,2.000000,-1459.376099,-1.350389,745.139067,48.213146,148.127548,291.522217,291.030518,303.342041,5.953609,0.205425,9.630590,-10.973109,-4.022231,-3.464147,47.215496,0.102155,-0.000737,0.000225,0.250000,0.250001,2.433565,102530.015625,1.579720,0.000000,0.000000,1.000000,1.000000,1.000000,1.000000,0.000000,0.000000,0.000000,-10.029923,156.976578
41.967700,2.000000,-1450.549561,-1.371335,744.530667,47.588940,146.117203,291.066132,290.624023,302.948769,6.088965,0.206645,9.659112,-10.665972,-3.915063,-3.384687,46.665962,0.098713,-0.000732,0.000222,0.250000,0.250001,2.360823,102530.015625,1.581557,0.000000,0.000000,1.000000,1.000000,1.000000,1.000000,0.000000,0.000000,0.000000,-9.725009,154.966232
42.018678,2.000000,-1442.536865,-1.390395,743.996858,47.067211,144.339737,290.653534,290.252808,302.588896,6.207476,0.207740,9.680905,-10.386365,-3.817258,-3.313158,46.177128,0.095720,-0.000725,0.000219,0.250000,0.250001,2.294269,102530.015625,1.582317,0.000000,0.000000,1.000000,1.000000,1.000000,1.000000,0.000000,0.000000,0.000000,-9.449656,153.188766
42.073535,2.000000,-1434.233154,-1.410195,743.438228,46.492626,142.545593,290.208710,289.866028,302.213213,6.331188,0.208913,9.700328,-10.096313,-3.715558,-3.239646,45.680565,0.092444,-0.000718,0.000216,0.250000,0.250001,2.222149,102530.015625,1.582561,0.000000,0.000000,1.000000,1.000000,1.000000,1.000000,0.000000,0.000000,0.000000,-9.153465,151.242950
42.125922,2.000000,-1425.958740,-1.429971,742.919859,45.982494,140.805984,289.784332,289.478943,301.836166,6.445663,0.210028,9.715170,-9.807400,-3.614017,-3.167017,45.195854,0.089532,-0.000709,0.000213,0.250000,0.250001,2.153383,102530.015625,1.581704,0.000000,0.000000,1.000000,1.000000,1.000000,1.000000,0.000000,0.000000,0.000000,-8.871181,149.503342
42.179262,2.000000,-1417.816406,-1.449476,742.407397,45.473522,139.141678,289.351593,289.096161,301.462649,6.558498,0.211164,9.726617,-9.523536,-3.514017,-3.096172,44.728676,0.086593,-0.000703,0.000210,0.250000,0.250001,2.083368,102530.015625,1.580486,0.000000,0.000000,1.000000,1.000000,1.000000,1.000000,0.000000,0.000000,0.000000,-8.584597,147.839035
42.230733,2.000000,-1409.621460,-1.469151,741.927402,45.023815,137.514038,288.934509,288.709534,301.084326,6.663854,0.212255,9.734339,-9.238658,-3.413427,-3.025494,44.268242,0.083954,-0.000693,0.000208,0.250000,0.250001,2.016308,102530.015625,1.578358,0.000000,0.000000,1.000000,1.000000,1.000000,1.000000,0.000000,0.000000,0.000000,-8.309268,146.211395
42.285753,2.000000,-1400.973145,-1.489962,741.429962,44.500988,135.847626,288.489777,288.300018,300.682542,6.772695,0.213416,9.739166,-8.939339,-3.307490,-2.951583,43.792904,0.081190,-0.000682,0.000205,0.250000,0.250001,1.945526,102530.015625,1.575607,0.000000,0.000000,1.000000,1.000000,1.000000,1.000000,0.000000,0.000000,0.000000,-8.016638,144.754028
42.341702,2.000000,-1392.504639,-1.510388,740.940654,44.033092,134.266861,288.038513,287.897583,300.286779,6.879413,0.214599,9.740607,-8.647856,-3.204080,-2.879884,43.337914,0.078435,-0.000677,0.000202,0.250000,0.250001,1.874655,102530.015625,1.571933,0.000000,0.000000,1.000000,1.000000,1.000000,1.000000,0.000000,0.000000,0.000000,-7.721170,143.173264
42.392711,2.000000,-1384.907227,-1.528751,740.508997,43.598034,132.891586,287.627991,287.535492,299.929872,6.973272,0.215673,9.739009,-8.387998,-3.111684,-2.816746,42.938477,0.075562,-0.000668,0.000200,0.250000,0.250001,1.810967,102530.015625,1.568634,0.000000,0.000000,1.000000,1.000000,1.000000,1.000000,0.000000,0.000000,0.000000,-7.453881,141.797989
42.444668,2.000000,-1376.929688,-1.548073,740.083369,43.158092,131.491013,287.211304,287.154266,299.553240,7.065495,0.216766,9.734268,-8.116329,-3.014871,-2.753346,42.527695,0.071181,-0.000659,0.000198,0.250000,0.250001,1.743985,102530.015625,1.567137,0.000000,0.000000,1.000000,1.000000,1.000000,1.000000,0.000000,0.000000,0.000000,-7.183020,140.361511
42.495303,2.000000,-1369.059448,-1.567174,739.682143,42.748791,130.152817,286.807007,286.777039,299.179782,7.151884,0.217853,9.726147,-7.848672,-2.919255,-2.693701,42.130753,0.065702,-0.000745,0.000186,0.250000,0.250001,1.673253,102530.015625,1.566608,0.000000,0.000000,1.000000,1.000000,1.000000,1.000000,0.000000,0.000000,0.000000,-6.919659,139.023315
42.551094,2.000000,-1360.276489,-1.588534,739.255523,42.336681,128.710495,286.363831,286.354309,298.760410,7.242738,0.219219,9.712885,-7.550349,-2.812413,-2.630438,41.697105,0.058386,-0.000910,0.000147,0.250000,0.250001,1.588785,102530.015625,1.565508,0.000000,0.000000,1.000000,1.000000,1.000000,1.000000,0.000000,0.000000,0.000000,-6.630265,137.580994
42.602241,2.000000,-1352.614868,-1.607205,738.878679,41.966991,127.496407,285.959473,285.983673,298.391934,7.321710,0.220544,9.696500,-7.290635,-2.719169,-2.578011,41.326511,0.051264,-0.000954,0.000112,0.250000,0.250001,1.505265,102530.015625,1.564252,0.000000,0.000000,1.000000,1.000000,1.000000,1.000000,0.000000,0.000000,0.000000,-6.365867,136.366913
42.660783,2.000000,-1343.808472,-1.628708,738.463989,41.517956,126.151649,285.499390,285.555695,297.965443,7.406621,0.222086,9.672367,-6.992740,-2.611949,-2.520830,40.909000,0.042530,-0.000974,0.000076,0.250000,0.250001,1.401511,102530.015625,1.562792,0.000000,0.000000,1.000000,1.000000,1.000000,1.000000,0.000000,0.000000,0.000000,-6.064308,134.910095
42.731523,2.000000,-1334.991211,-1.650279,737.986885,41.084301,124.859566,284.945648,285.124786,297.535155,7.500555,0.223963,9.634950,-6.695454,-2.504662,-2.466780,40.499634,0.034992,-0.001010,0.000037,0.250000,0.250000,1.264992,102530.015625,1.558456,0.000000,0.000000,1.000000,1.000000,1.000000,1.000000,0.000000,0.000000,0.000000,-5.702169,133.618027
42.782656,2.000000,-1325.109375,-1.674507,737.657696,40.709972,123.477257,284.550476,284.640167,297.049936,7.562376,0.225323,9.602451,-6.364789,-2.384996,-2.409915,40.050636,0.022976,-0.000998,0.000012,0.250000,0.250000,1.159829,102530.015625,1.556387,0.000000,0.000000,1.000000,1.000000,1.000000,1.000000,0.000000,0.000000,0.000000,-5.442858,132.235703
42.840621,2.000000,-1316.195679,-1.696405,737.300569,40.358227,122.287308,284.106171,284.200867,296.609118,7.625662,0.226869,9.559340,-6.068385,-2.277424,-2.361827,39.654079,0.013248,-0.001007,-0.000014,0.250000,0.250000,1.031876,102530.015625,1.550534,0.000000,0.000000,1.000000,1.000000,1.000000,1.000000,0.000000,0.000000,0.000000,-5.151097,131.045761
42.899776,2.000000,-1307.336304,-1.718209,736.953541,40.041698,121.158897,283.656860,283.763275,296.168805,7.682366,0.228448,9.508507,-5.776867,-2.171347,-2.316968,39.267498,0.004122,-0.001017,-0.000037,0.250000,0.250000,0.894159,102530.015625,1.543864,0.000000,0.000000,1.000000,1.000000,1.000000,1.000000,0.000000,0.000000,0.000000,-4.856996,129.951675
42.956138,2.000000,-1298.577026,-1.739804,736.639012,39.732983,120.095947,283.233185,283.329803,295.731724,7.728647,0.229952,9.453600,-5.492405,-2.067570,-2.275402,38.892353,-0.005161,-0.001020,-0.000058,0.250000,0.250000,0.757255,102530.015625,1.535873,0.000000,0.000000,1.000000,1.000000,1.000000,1.000000,0.000000,0.000000,0.000000,-4.580997,128.888733
43.012432,2.000000,-1290.035034,-1.760897,736.340327,39.401257,119.109161,282.814484,282.906952,295.304225,7.767033,0.231453,9.392501,-5.219524,-1.967771,-2.237447,38.532967,-0.013436,-0.001022,-0.000076,0.250000,0.250000,0.616259,102530.015625,1.526531,0.000000,0.000000,1.000000,1.000000,1.000000,1.000000,0.000000,0.000000,0.000000,-4.310327,127.901947
43.063933,2.000000,-1282.431396,-1.779701,736.080379,39.166515,118.271591,282.435242,282.530914,294.923173,7.795112,0.232823,9.331239,-4.981141,-1.880391,-2.205739,38.218189,-0.019972,-0.001024,-0.000091,0.250000,0.250000,0.484978,102530.015625,1.516872,0.000000,0.000000,1.000000,1.000000,1.000000,1.000000,0.000000,0.000000,0.000000,-4.067834,127.119019
43.120397,2.000000,-1273.806885,-1.801058,735.809671,38.879284,117.367401,282.024109,282.104889,294.490572,7.818092,0.234323,9.258477,-4.716837,-1.783296,-2.172068,37.866741,-0.027670,-0.001028,-0.000104,0.250000,0.250000,0.340909,102530.015625,1.504566,0.000000,0.000000,1.000000,1.000000,1.000000,1.000000,0.000000,0.000000,0.000000,-3.808576,126.214828
43.172579,2.000000,-1265.612671,-1.821375,735.572362,38.638927,116.552155,281.648987,281.700836,294.079385,7.832089,0.235710,9.186126,-4.471961,-1.693133,-2.142253,37.538105,-0.035014,-0.001023,-0.000115,0.250000,0.250000,0.206779,102530.015625,1.491654,0.000000,0.000000,1.000000,1.000000,1.000000,1.000000,0.000000,0.000000,0.000000,-3.575292,125.399582
43.228879,2.000000,-1257.351318,-1.841884,735.329877,38.415783,115.772514,281.249390,281.294952,293.665411,7.839313,0.237203,9.102836,-4.232180,-1.604656,-2.114269,37.211750,-0.040486,-0.001018,-0.000126,0.250000,0.250000,0.062529,102530.015625,1.476404,0.000000,0.000000,1.000000,1.000000,1.000000,1.000000,0.000000,0.000000,0.000000,-3.331320,124.619942
43.280289,2.000000,-1249.643433,-1.861042,735.120262,38.173229,115.082138,280.889862,280.918060,293.280148,7.838870,0.238561,9.022307,-4.015346,-1.524481,-2.089968,36.911572,-0.045407,-0.001011,-0.000134,0.250000,0.250000,-0.068552,102530.015625,1.461857,0.000000,0.000000,1.000000,1.000000,1.000000,1.000000,0.000000,0.000000,0.000000,-3.115931,123.924713
43.333793,2.000000,-1241.609863,-1.881030,734.913729,37.977917,114.399681,280.520935,280.527313,292.879995,7.831314,0.239966,8.934336,-3.797284,-1.443695,-2.066436,36.602955,-0.050045,-0.001000,-0.000142,0.250000,0.250000,-0.202348,102530.015625,1.445820,0.000000,0.000000,1.000000,1.000000,1.000000,1.000000,0.000000,0.000000,0.000000,-2.900118,123.242256
43.385243,2.000000,-1233.762695,-1.900574,734.725826,37.791882,113.768196,280.171631,280.147949,292.490758,7.817387,0.241315,8.846063,-3.592438,-1.367662,-2.045149,36.305515,-0.054331,-0.000986,-0.000148,0.250000,0.250000,-0.328080,102530.015625,1.428622,0.000000,0.000000,1.000000,1.000000,1.000000,1.000000,0.000000,0.000000,0.000000,-2.701001,122.610771
43.436234,2.000000,-1226.164307,-1.919515,734.549534,37.634716,113.188560,279.830750,279.783112,292.115817,7.797302,0.242647,8.755360,-3.402326,-1.296972,-2.026076,36.021133,-0.057454,-0.000972,-0.000154,0.250000,0.250000,-0.449081,102530.015625,1.410833,0.000000,0.000000,1.000000,1.000000,1.000000,1.000000,0.000000,0.000000,0.000000,-2.512240,122.031128
43.489248,2.000000,-1218.201660,-1.939382,734.376267,37.443005,112.613380,279.481995,279.403748,291.725244,7.770007,0.244028,8.658107,-3.212318,-1.226203,-2.007649,35.726788,-0.060406,-0.000955,-0.000158,0.250000,0.250000,-0.569718,102530.015625,1.390666,0.000000,0.000000,1.000000,1.000000,1.000000,1.000000,0.000000,0.000000,0.000000,-2.325605,121.402596
43.544016,2.000000,-1210.032227,-1.959780,734.207438,37.274914,112.055923,279.127716,279.018097,291.327435,7.735255,0.245450,8.554918,-3.027670,-1.157317,-1.990332,35.428543,-0.062720,-0.000936,-0.000162,0.250000,0.250000,-0.688369,102530.015625,1.369911,0.000000,0.000000,1.000000,1.000000,1.000000,1.000000,0.000000,0.000000,0.000000,-2.143374,120.845139
43.596365,2.000000,-1202.224121,-1.979292,734.055154,37.122204,111.552284,278.795319,278.652740,290.950091,7.696143,0.246807,8.454121,-2.861119,-1.095087,-1.975214,35.146885,-0.064385,-0.000916,-0.000165,0.250000,0.250000,-0.795965,102530.015625,1.349817,0.000000,0.000000,1.000000,1.000000,1.000000,1.000000,0.000000,0.000000,0.000000,-1.979427,120.341499
43.647023,2.000000,-1194.681763,-1.998151,733.915742,37.010632,111.091362,278.479431,278.303101,290.588468,7.653107,0.248117,8.355002,-2.709779,-1.038465,-1.961880,34.877842,-0.065483,-0.000897,-0.000167,0.250000,0.250000,-0.894013,102530.015625,1.329669,0.000000,0.000000,1.000000,1.000000,1.000000,1.000000,0.000000,0.000000,0.000000,-1.830620,119.880577
43.699056,2.000000,-1186.915161,-2.017582,733.780178,36.851208,110.641441,278.160767,277.946716,290.219311,7.603918,0.249462,8.252036,-2.564067,-0.983885,-1.949391,34.603779,-0.066240,-0.000873,-0.000169,0.250000,0.250000,-0.987630,102530.015625,1.308125,0.000000,0.000000,1.000000,1.000000,1.000000,1.000000,0.000000,0.000000,0.000000,-1.688158,119.410133
43.751124,2.000000,-1179.321777,-2.036588,733.651713,36.714367,110.224129,277.847687,277.601715,289.861513,7.550033,0.250829,8.148221,-2.431709,-0.934258,-1.938338,34.338638,-0.066128,-0.000900,-0.000160,0.250000,0.250000,-1.073897,102530.015625,1.287927,0.000000,0.000000,1.000000,1.000000,1.000000,1.000000,0.000000,0.000000,0.000000,-1.556085,118.992821
43.807250,2.000000,-1170.847168,-2.057807,733.520676,36.591808,109.782883,277.516571,277.220856,289.466106,7.487175,0.252323,8.036055,-2.295909,-0.883297,-1.927282,34.045872,-0.066361,-0.000880,-0.000149,0.250000,0.250000,-1.157717,102530.015625,1.263991,0.000000,0.000000,1.000000,1.000000,1.000000,1.000000,0.000000,0.000000,0.000000,-1.425840,118.551575
43.862978,2.000000,-1162.405884,-2.078949,733.397502,36.490795,109.366737,277.194611,276.846100,289.076543,7.420370,0.253806,7.924849,-2.173197,-0.837220,-1.917531,33.757416,-0.066143,-0.000843,-0.000140,0.250000,0.250000,-1.232181,102530.015625,1.240809,0.000000,0.000000,1.000000,1.000000,1.000000,1.000000,0.000000,0.000000,0.000000,-1.308720,118.135429
43.916391,2.000000,-1154.520630,-2.098703,733.285311,36.368908,108.997086,276.892181,276.500122,288.716491,7.352674,0.255223,7.818834,-2.069821,-0.798394,-1.909489,33.490685,-0.065120,-0.000812,-0.000131,0.250000,0.250000,-1.295547,102530.015625,1.219612,0.000000,0.000000,1.000000,1.000000,1.000000,1.000000,0.000000,0.000000,0.000000,-1.207748,117.840492
43.966803,2.000000,-1147.075195,-2.117357,733.184122,36.257641,108.663200,276.612457,276.177032,288.380020,7.285908,0.256558,7.719738,-1.982157,-0.765476,-1.902782,33.241146,-0.063806,-0.000780,-0.000123,0.250000,0.250000,-1.347779,102530.015625,1.198988,0.000000,0.000000,1.000000,1.000000,1.000000,1.000000,0.000000,0.000000,0.000000,-1.122629,117.506615
44.017952,2.000000,-1139.534180,-2.136253,733.085626,36.169262,108.338516,276.333740,275.853119,288.042422,7.215697,0.257913,7.620519,-1.903228,-0.735859,-1.896812,32.990608,-0.062275,-0.000751,-0.000114,0.250000,0.250000,-1.392386,102530.015625,1.178099,0.000000,0.000000,1.000000,1.000000,1.000000,1.000000,0.000000,0.000000,0.000000,-1.046293,117.181923
44.070087,2.000000,-1131.753906,-2.155750,732.989026,36.048962,108.016029,276.054932,275.522583,287.697557,7.142015,0.259297,7.521136,-1.832110,-0.709214,-1.891465,32.734356,-0.060606,-0.000718,-0.000105,0.250000,0.250000,-1.429769,102530.015625,1.157683,0.000000,0.000000,1.000000,1.000000,1.000000,1.000000,0.000000,0.000000,0.000000,-0.978673,116.859444
44.126895,2.000000,-1123.246948,-2.177068,732.887501,35.971020,107.675896,275.757111,275.165375,287.324692,7.059771,0.260800,7.415245,-1.766000,-0.684512,-1.886493,32.456657,-0.058507,-0.000648,-0.000092,0.250000,0.250000,-1.461851,102530.015625,1.135393,0.000000,0.000000,1.000000,1.000000,1.000000,1.000000,0.000000,0.000000,0.000000,-0.916422,116.439644
44.183279,2.000000,-1115.128296,-2.197413,732.789944,35.864819,107.361435,275.467194,274.828369,286.972590,6.976635,0.262184,7.313147,-1.714297,-0.665289,-1.882533,32.193954,-0.055955,-0.000461,-0.000053,0.250000,0.250000,-1.483571,102530.015625,1.113755,0.000000,0.000000,1.000000,1.000000,1.000000,1.000000,0.000000,0.000000,0.000000,-0.866415,116.125175
44.234417,2.000000,-1107.712158,-2.215998,732.703678,35.768688,107.081154,275.208832,274.523315,286.653737,6.900446,0.263385,7.223620,-1.676796,-0.651460,-1.879532,31.955883,-0.053714,-0.000401,-0.000020,0.250000,0.250000,-1.493894,102530.015625,1.094820,0.000000,0.000000,1.000000,1.000000,1.000000,1.000000,0.000000,0.000000,0.000000,-0.831118,115.844902
44.291159,2.000000,-1099.016846,-2.237786,732.609820,35.681896,106.758965,274.927185,274.169037,286.283097,6.815571,0.264719,7.128027,-1.644052,-0.639567,-1.876696,31.678961,-0.051389,-0.000351,0.000012,0.250000,0.250000,-1.496138,102530.015625,1.074438,0.000000,0.000000,1.000000,1.000000,1.000000,1.000000,0.000000,0.000000,0.000000,-0.802533,115.563789
44.349373,2.000000,-1090.680176,-2.258675,732.514947,35.586620,106.454567,274.643280,273.832520,285.930905,6.728640,0.266099,7.034296,-1.623406,-0.632314,-1.874605,31.415609,-0.048680,-0.000308,0.000041,0.250000,0.250000,-1.489563,102530.015625,1.055239,0.000000,0.000000,1.000000,1.000000,1.000000,1.000000,0.000000,0.000000,0.000000,-0.784069,115.259399
44.399552,2.000000,-1083.290161,-2.277190,732.433849,35.514538,106.186897,274.402283,273.536804,285.621159,6.654206,0.267302,6.957243,-1.613452,-0.629118,-1.873214,31.183847,-0.046359,-0.000268,0.000063,0.250000,0.250000,-1.477382,102530.015625,1.039436,0.000000,0.000000,1.000000,1.000000,1.000000,1.000000,0.000000,0.000000,0.000000,-0.776514,114.991722
44.455112,2.000000,-1074.894165,-2.298223,732.344310,35.414257,105.883591,274.139160,273.203644,285.272022,6.572687,0.268649,6.876155,-1.611179,-0.629001,-1.872108,30.922375,-0.043660,-0.000226,0.000084,0.250000,0.250000,-1.457600,102530.015625,1.022606,0.000000,0.000000,1.000000,1.000000,1.000000,1.000000,0.000000,0.000000,0.000000,-0.776702,114.688423
44.508228,2.000000,-1067.220825,-2.317444,732.258529,35.318981,105.605721,273.891052,272.901703,284.955424,6.495947,0.269957,6.802916,-1.617068,-0.632001,-1.871491,30.685051,-0.041089,-0.000190,0.000102,0.250000,0.250000,-1.433037,102530.015625,1.007946,0.000000,0.000000,1.000000,1.000000,1.000000,1.000000,0.000000,0.000000,0.000000,-0.784785,114.355797
44.564151,2.000000,-1059.354370,-2.337146,732.167582,35.243847,105.318817,273.632599,272.594452,284.633101,6.416722,0.271350,6.730379,-1.630365,-0.637919,-1.871205,30.443314,-0.038495,-0.000150,0.000118,0.250000,0.250000,-1.402314,102530.015625,0.993615,0.000000,0.000000,1.000000,1.000000,1.000000,1.000000,0.000000,0.000000,0.000000,-0.800956,114.068886
44.620215,2.000000,-1050.843018,-2.358459,732.075337,35.123547,105.004631,273.376617,272.264679,284.286960,6.339161,0.272765,6.662519,-1.652750,-0.647464,-1.871242,30.183466,-0.035484,-0.000108,0.000131,0.250000,0.250000,-1.366477,102530.015625,0.979554,0.000000,0.000000,1.000000,1.000000,1.000000,1.000000,0.000000,0.000000,0.000000,-0.824785,113.754700
44.673769,2.000000,-1042.879639,-2.378396,731.985842,35.051098,104.705795,273.134399,271.958557,283.965409,6.267072,0.274137,6.602295,-1.680725,-0.659168,-1.871558,29.941883,-0.032633,-0.000071,0.000143,0.250000,0.250000,-1.328144,102530.015625,0.967493,0.000000,0.000000,1.000000,1.000000,1.000000,1.000000,0.000000,0.000000,0.000000,-0.854122,113.455864
44.727349,2.000000,-1035.465454,-2.396955,731.894614,34.981335,104.422272,272.894012,271.675415,283.667882,6.197107,0.275528,6.546568,-1.712446,-0.672312,-1.872061,29.718241,-0.030329,-0.000041,0.000152,0.250000,0.250000,-1.286298,102530.015625,0.956367,0.000000,0.000000,1.000000,1.000000,1.000000,1.000000,0.000000,0.000000,0.000000,-0.889444,113.183281
44.785582,2.000000,-1026.888916,-2.418418,731.793195,34.861584,104.086716,272.634430,271.350189,283.325894,6.123700,0.277060,6.491044,-1.755212,-0.689932,-1.872852,29.461014,-0.027278,-0.000003,0.000161,0.250000,0.250000,-1.237940,102530.015625,0.944579,0.000000,0.000000,1.000000,1.000000,1.000000,1.000000,0.000000,0.000000,0.000000,-0.933876,112.847725
44.835824,2.000000,-1019.693665,-2.436420,731.703530,34.791943,103.798080,272.411743,271.079132,283.040677,6.062697,0.278399,6.447395,-1.795968,-0.706662,-1.873660,29.246384,-0.024895,0.000028,0.000167,0.250000,0.250000,-1.193680,102530.015625,0.935589,0.000000,0.000000,1.000000,1.000000,1.000000,1.000000,0.000000,0.000000,0.000000,-0.977027,112.559090
44.890326,2.000000,-1011.759399,-2.456267,731.603730,34.701550,103.471344,272.170929,270.781952,282.727845,5.999097,0.279867,6.404413,-1.845500,-0.726953,-1.874671,29.010897,-0.022106,0.000063,0.000172,0.250000,0.250000,-1.143964,102530.015625,0.926934,0.000000,0.000000,1.000000,1.000000,1.000000,1.000000,0.000000,0.000000,0.000000,-1.028288,112.335648
44.948553,2.000000,-1003.394287,-2.477185,731.493931,34.545727,103.116364,271.914337,270.470642,282.399886,5.934211,0.281456,6.363457,-1.902483,-0.750267,-1.875842,28.763916,-0.019309,0.000097,0.000177,0.250000,0.250000,-1.088928,102530.015625,0.918342,0.000000,0.000000,1.000000,1.000000,1.000000,1.000000,0.000000,0.000000,0.000000,-1.087763,111.980667
45.005373,2.000000,-994.875366,-2.498483,731.383393,34.448009,102.742935,271.665009,270.155579,282.067686,5.874040,0.283027,6.328502,-1.965408,-0.775991,-1.877111,28.513697,-0.016056,0.000129,0.000180,0.250000,0.250000,-1.032566,102530.015625,0.909982,0.000000,0.000000,1.000000,1.000000,1.000000,1.000000,0.000000,0.000000,0.000000,-1.150393,111.607239
45.055864,2.000000,-987.792053,-2.516187,731.282135,34.369823,102.422562,271.443481,269.895050,281.792821,5.823307,0.284440,6.301480,-2.021066,-0.798742,-1.878201,28.306602,-0.014016,0.000155,0.000183,0.250000,0.250000,-0.981340,102530.015625,0.904827,0.000000,0.000000,1.000000,1.000000,1.000000,1.000000,0.000000,0.000000,0.000000,-1.209232,111.286865
45.113464,2.000000,-979.392334,-2.537175,731.162962,34.234264,102.030350,271.190857,269.587616,281.468273,5.768602,0.286068,6.275167,-2.090270,-0.827041,-1.879509,28.062101,-0.011176,0.000186,0.000185,0.250000,0.250000,-0.921977,102530.015625,0.897634,0.000000,0.000000,1.000000,1.000000,1.000000,1.000000,0.000000,0.000000,0.000000,-1.279604,110.915688
45.169741,2.000000,-971.500122,-2.556888,731.042565,34.123363,101.649063,270.943359,269.300232,281.164666,5.718479,0.287683,6.253919,-2.158155,-0.854818,-1.880727,27.833397,-0.009004,0.000199,0.000185,0.250000,0.250000,-0.863907,102530.015625,0.892755,0.000000,0.000000,1.000000,1.000000,1.000000,1.000000,0.000000,0.000000,0.000000,-1.351081,110.534401
45.223035,2.000000,-963.594238,-2.576629,730.924841,33.988842,101.254265,270.708710,269.013672,280.861771,5.674026,0.289232,6.237798,-2.228684,-0.883701,-1.881920,27.605246,-0.006107,0.000224,0.000186,0.250000,0.250000,-0.808471,102530.015625,0.888196,0.000000,0.000000,1.000000,1.000000,1.000000,1.000000,0.000000,0.000000,0.000000,-1.421121,110.139603
45.274680,2.000000,-956.112610,-2.595304,730.807197,33.904369,100.868408,270.480774,268.743683,280.576168,5.633788,0.290747,6.225853,-2.297618,-0.911957,-1.883004,27.390177,-0.003714,0.000249,0.000185,0.250000,0.250000,-0.754183,102530.015625,0.885061,0.000000,0.000000,1.000000,1.000000,1.000000,1.000000,0.000000,0.000000,0.000000,-1.490965,109.753746
45.324724,2.000000,-948.852234,-2.613419,730.689745,33.765209,100.482140,270.258881,268.482697,280.299878,5.597468,0.292225,6.217457,-2.365754,-0.939922,-1.883999,27.182217,-0.001338,0.000274,0.000185,0.250000,0.250000,-0.702664,102530.015625,0.882051,0.000000,0.000000,1.000000,1.000000,1.000000,1.000000,0.000000,0.000000,0.000000,-1.559793,109.300385
45.378970,2.000000,-941.183716,-2.632547,730.558567,33.617931,100.061417,270.017700,268.208099,280.009025,5.561026,0.293838,6.212022,-2.439533,-0.970236,-1.884979,26.963333,0.000653,0.000295,0.000184,0.250000,0.250000,-0.645793,102530.015625,0.879611,0.000000,0.000000,1.000000,1.000000,1.000000,1.000000,0.000000,0.000000,0.000000,-1.636112,108.879662
45.429164,2.000000,-933.935669,-2.650619,730.433532,33.546215,99.651421,269.793701,267.949463,279.734901,5.530043,0.295341,6.210216,-2.510428,-0.999404,-1.885824,26.757145,0.002764,0.000316,0.000182,0.250000,0.250000,-0.593173,102530.015625,0.877406,0.000000,0.000000,1.000000,1.000000,1.000000,1.000000,0.000000,0.000000,0.000000,-1.707814,108.469673
45.485868,2.000000,-925.792908,-2.670913,730.287983,33.356213,99.176247,269.539398,267.659821,279.427764,5.498209,0.297050,6.211754,-2.591179,-1.032678,-1.886666,26.526276,0.005000,0.000336,0.000180,0.250000,0.250000,-0.534236,102530.015625,0.876638,0.000000,0.000000,1.000000,1.000000,1.000000,1.000000,0.000000,0.000000,0.000000,-1.789677,107.994492
45.537416,2.000000,-918.172119,-2.689898,730.151676,33.212963,98.717346,269.306946,267.389709,279.141064,5.472127,0.298611,6.216203,-2.667095,-1.064018,-1.887340,26.310913,0.007540,0.000358,0.000178,0.250000,0.250000,-0.482078,102530.015625,0.874883,0.000000,0.000000,1.000000,1.000000,1.000000,1.000000,0.000000,0.000000,0.000000,-1.864432,107.626915
45.592574,2.000000,-910.398865,-2.709255,730.001608,33.085461,98.235130,269.056793,267.114899,278.849291,5.447194,0.300289,6.224236,-2.745280,-1.096348,-1.887905,26.091913,0.009214,0.000374,0.000176,0.250000,0.250000,-0.426194,102530.015625,0.874083,0.000000,0.000000,1.000000,1.000000,1.000000,1.000000,0.000000,0.000000,0.000000,-1.945009,107.144699
45.643095,2.000000,-903.113281,-2.727389,729.860299,32.924816,97.770004,268.826202,266.857971,278.576383,5.427022,0.301830,6.234254,-2.818600,-1.126723,-1.888314,25.887243,0.011187,0.000395,0.000174,0.250000,0.250000,-0.376738,102530.015625,0.874957,0.000000,0.000000,1.000000,1.000000,1.000000,1.000000,0.000000,0.000000,0.000000,-2.018651,106.679573
45.698955,2.000000,-895.063599,-2.747414,729.699791,32.793957,97.241364,268.569672,266.574860,278.275446,5.407599,0.303540,6.248262,-2.899496,-1.160306,-1.888623,25.661743,0.013225,0.000414,0.000171,0.250000,0.250000,-0.322777,102530.015625,0.873890,0.000000,0.000000,1.000000,1.000000,1.000000,1.000000,0.000000,0.000000,0.000000,-2.100037,106.150925
45.755542,2.000000,-887.033508,-2.767381,729.532626,32.621166,96.698524,268.308044,266.293030,277.975724,5.390965,0.305275,6.265381,-2.980048,-1.193817,-1.888774,25.437424,0.014962,0.000430,0.000168,0.250000,0.250000,-0.269606,102530.015625,0.875679,0.000000,0.000000,1.000000,1.000000,1.000000,1.000000,0.000000,0.000000,0.000000,-2.182026,105.476997
45.811812,2.000000,-878.978027,-2.787399,729.361876,32.418652,96.138496,268.045959,266.010834,277.675528,5.377353,0.307006,6.285151,-3.060238,-1.227256,-1.888764,25.212999,0.016782,0.000446,0.000165,0.250000,0.250000,-0.218160,102530.015625,0.876408,0.000000,0.000000,1.000000,1.000000,1.000000,1.000000,0.000000,0.000000,0.000000,-2.262932,104.916969
45.866225,2.000000,-871.075867,-2.807025,729.192517,32.268261,95.574165,267.790802,265.734589,277.381442,5.366899,0.308679,6.306726,-3.138211,-1.259850,-1.888591,24.993408,0.018770,0.000464,0.000162,0.250000,0.250000,-0.169820,102530.015625,0.877519,0.000000,0.000000,1.000000,1.000000,1.000000,1.000000,0.000000,0.000000,0.000000,-2.340377,104.352638
45.925449,2.000000,-863.013977,-2.827036,729.003473,32.076672,94.983231,267.510834,265.453125,277.081780,5.358473,0.310500,6.332753,-3.216857,-1.292809,-1.888245,24.769920,0.019535,0.000479,0.000159,0.250000,0.250000,-0.119288,102530.015625,0.880714,0.000000,0.000000,1.000000,1.000000,1.000000,1.000000,0.000000,0.000000,0.000000,-2.423474,103.796852
45.983588,2.000000,-854.754211,-2.847526,728.813216,31.911879,94.362083,267.233917,265.165192,276.775029,5.353043,0.312287,6.360694,-3.296191,-1.326148,-1.887712,24.541491,0.021091,0.000496,0.000155,0.250000,0.250000,-0.071448,102530.015625,0.882992,0.000000,0.000000,1.000000,1.000000,1.000000,1.000000,0.000000,0.000000,0.000000,-2.503751,103.175713
46.034952,2.000000,-847.643494,-2.865155,728.641328,31.724562,93.814774,266.987457,264.917603,276.511226,5.350516,0.313865,6.387230,-3.363436,-1.354483,-1.887105,24.345255,0.021938,0.000507,0.000152,0.250000,0.250000,-0.030643,102530.015625,0.885238,0.000000,0.000000,1.000000,1.000000,1.000000,1.000000,0.000000,0.000000,0.000000,-2.573477,102.628403
46.088788,2.000000,-839.735107,-2.884749,728.457417,31.531446,93.192551,266.727295,264.642395,276.217941,5.350044,0.315515,6.416650,-3.436660,-1.385429,-1.886245,24.127438,0.023992,0.000525,0.000149,0.250000,0.250000,0.009855,102530.015625,0.887340,0.000000,0.000000,1.000000,1.000000,1.000000,1.000000,0.000000,0.000000,0.000000,-2.645008,102.006180
46.146360,2.000000,-831.415833,-2.905347,728.256593,31.336317,92.523003,266.447266,264.353119,275.909618,5.351938,0.317277,6.450037,-3.512452,-1.417552,-1.885123,23.898777,0.025740,0.000539,0.000145,0.250000,0.250000,0.052510,102530.015625,0.890548,0.000000,0.000000,1.000000,1.000000,1.000000,1.000000,0.000000,0.000000,0.000000,-2.720167,101.289856
46.201968,2.000000,-823.708740,-2.924415,728.058619,31.136610,91.889191,266.174805,264.085419,275.624045,5.356065,0.318976,6.484004,-3.581230,-1.446795,-1.883881,23.687353,0.026528,0.000551,0.000142,0.250000,0.250000,0.092502,102530.015625,0.894076,0.000000,0.000000,1.000000,1.000000,1.000000,1.000000,0.000000,0.000000,0.000000,-2.791172,100.656052
46.254741,2.000000,-816.051392,-2.943346,727.867184,30.930494,91.246765,265.914215,263.819336,275.340370,5.361964,0.320582,6.517487,-3.647559,-1.475097,-1.882456,23.477673,0.028159,0.000568,0.000138,0.250000,0.250000,0.127861,102530.015625,0.896724,0.000000,0.000000,1.000000,1.000000,1.000000,1.000000,0.000000,0.000000,0.000000,-2.856598,100.013618
46.313372,2.000000,-808.005188,-2.963224,727.650549,30.730299,90.558411,265.622345,263.539734,275.042339,5.370674,0.322360,6.556069,-3.715547,-1.504207,-1.880754,23.257734,0.028862,0.000578,0.000134,0.250000,0.250000,0.165131,102530.015625,0.902225,0.000000,0.000000,1.000000,1.000000,1.000000,1.000000,0.000000,0.000000,0.000000,-2.927222,99.325272
46.368066,2.000000,-800.167786,-2.982572,727.444854,30.531813,89.875214,265.348480,263.267578,274.751990,5.380715,0.324012,6.593315,-3.779755,-1.531805,-1.878901,23.043871,0.030182,0.000591,0.000130,0.250000,0.250000,0.198897,102530.015625,0.904076,0.000000,0.000000,1.000000,1.000000,1.000000,1.000000,0.000000,0.000000,0.000000,-2.991327,98.680664
46.421863,2.000000,-792.657593,-3.001099,727.239221,30.313246,89.209038,265.077332,263.006683,274.473713,5.392362,0.325630,6.631046,-3.839716,-1.557670,-1.876945,22.839264,0.030959,0.000604,0.000127,0.250000,0.250000,0.231010,102530.015625,0.907578,0.000000,0.000000,1.000000,1.000000,1.000000,1.000000,0.000000,0.000000,0.000000,-3.052587,98.014496
46.475194,2.000000,-785.134277,-3.019642,727.032225,30.098036,88.530685,264.806793,262.745239,274.194903,5.405568,0.327226,6.669382,-3.897948,-1.582888,-1.874812,22.634607,0.031880,0.000616,0.000123,0.250000,0.250000,0.261402,102530.015625,0.911308,0.000000,0.000000,1.000000,1.000000,1.000000,1.000000,0.000000,0.000000,0.000000,-3.111395,97.336136
46.525991,2.000000,-777.852966,-3.037575,726.832252,29.921522,87.863937,264.547699,262.492126,273.924931,5.419617,0.328740,6.706689,-3.952533,-1.606624,-1.872585,22.436815,0.032969,0.000627,0.000119,0.250000,0.250000,0.289201,102530.015625,0.914917,0.000000,0.000000,1.000000,1.000000,1.000000,1.000000,0.000000,0.000000,0.000000,-3.165625,96.663193
46.578324,2.000000,-770.622375,-3.055369,726.623450,29.694410,87.192177,264.279053,262.240570,273.656739,5.435537,0.330292,6.745835,-4.004936,-1.629508,-1.870218,22.240667,0.033424,0.000637,0.000116,0.250000,0.250000,0.316422,102530.015625,0.918989,0.000000,0.000000,1.000000,1.000000,1.000000,1.000000,0.000000,0.000000,0.000000,-3.219576,95.991432
46.635125,2.000000,-762.501587,-3.075336,726.393758,29.464796,86.426605,263.985962,261.958008,273.355356,5.454373,0.331967,6.789041,-4.061548,-1.654350,-1.867380,22.020674,0.034463,0.000649,0.000112,0.250000,0.250000,0.344616,102530.015625,0.922496,0.000000,0.000000,1.000000,1.000000,1.000000,1.000000,0.000000,0.000000,0.000000,-3.275947,95.225861
46.692816,2.000000,-754.440002,-3.095139,726.157321,29.219313,85.655380,263.686249,261.677124,273.055961,5.475100,0.333657,6.833563,-4.115446,-1.678128,-1.864379,21.802586,0.035076,0.000661,0.000107,0.250000,0.250000,0.371430,102530.015625,0.927621,0.000000,0.000000,1.000000,1.000000,1.000000,1.000000,0.000000,0.000000,0.000000,-3.330721,94.454636
46.747985,2.000000,-746.765503,-3.113972,725.928379,29.012526,84.911133,263.397675,261.409485,272.770714,5.496309,0.335262,6.876550,-4.164238,-1.699787,-1.861358,21.595240,0.035587,0.000673,0.000103,0.250000,0.250000,0.394786,102530.015625,0.931337,0.000000,0.000000,1.000000,1.000000,1.000000,1.000000,0.000000,0.000000,0.000000,-3.380591,93.819412
46.804323,2.000000,-738.961182,-3.133104,725.691889,28.786207,84.144768,263.101776,261.137085,272.480365,5.519259,0.336890,6.920939,-4.211931,-1.721074,-1.858128,21.384645,0.035934,0.000681,0.000099,0.250000,0.250000,0.418118,102530.015625,0.935730,0.000000,0.000000,1.000000,1.000000,1.000000,1.000000,0.000000,0.000000,0.000000,-3.429445,93.053040
46.854588,2.000000,-731.802917,-3.150636,725.478672,28.565443,83.433617,262.836273,260.886780,272.213834,5.540800,0.338333,6.960765,-4.253590,-1.739787,-1.855029,21.191704,0.036675,0.000694,0.000096,0.250000,0.250000,0.437156,102530.015625,0.940489,0.000000,0.000000,1.000000,1.000000,1.000000,1.000000,0.000000,0.000000,0.000000,-3.470880,92.341888
46.905209,2.000000,-724.826050,-3.167707,725.261939,28.344557,82.733269,262.567627,260.642700,271.953828,5.563429,0.339776,7.001068,-4.292236,-1.757261,-1.851889,21.003847,0.036864,0.000700,0.000092,0.250000,0.250000,0.455204,102530.015625,0.943825,0.000000,0.000000,1.000000,1.000000,1.000000,1.000000,0.000000,0.000000,0.000000,-3.510708,91.641541
46.960381,2.000000,-717.206787,-3.186331,725.023539,28.099623,81.960609,262.273193,260.375732,271.669560,5.589083,0.341336,7.045053,-4.332271,-1.775496,-1.848328,20.798906,0.037145,0.000713,0.000088,0.250000,0.250000,0.472944,102530.015625,0.948703,0.000000,0.000000,1.000000,1.000000,1.000000,1.000000,0.000000,0.000000,0.000000,-3.551747,90.761353
47.013799,2.000000,-709.666199,-3.204743,724.790678,27.899122,81.188278,261.986847,260.111115,271.387931,5.614817,0.342834,7.087704,-4.369719,-1.792691,-1.844677,20.596291,0.037688,0.000723,0.000084,0.250000,0.250000,0.488980,102530.015625,0.952647,0.000000,0.000000,1.000000,1.000000,1.000000,1.000000,0.000000,0.000000,0.000000,-3.589368,89.989021
47.064443,2.000000,-702.668762,-3.221812,724.568158,27.629225,80.465103,261.714355,259.865295,271.126354,5.639980,0.344244,7.128180,-4.402659,-1.807937,-1.841179,20.408451,0.037843,0.000732,0.000080,0.250000,0.250000,0.503456,102530.015625,0.956310,0.000000,0.000000,1.000000,1.000000,1.000000,1.000000,0.000000,0.000000,0.000000,-3.623183,89.265846
47.121820,2.000000,-694.805725,-3.240969,724.314105,27.418715,79.645340,261.403839,259.588562,270.832030,5.669321,0.345826,7.173870,-4.437295,-1.824130,-1.837129,20.197571,0.037936,0.000742,0.000076,0.250000,0.250000,0.517782,102530.015625,0.960855,0.000000,0.000000,1.000000,1.000000,1.000000,1.000000,0.000000,0.000000,0.000000,-3.658978,88.446083
47.175211,2.000000,-687.093628,-3.259737,724.075980,27.150343,78.834442,261.113922,259.316742,270.542957,5.697323,0.347283,7.216253,-4.469066,-1.839143,-1.833041,19.990934,0.038700,0.000753,0.000072,0.250000,0.250000,0.530126,102530.015625,0.964760,0.000000,0.000000,1.000000,1.000000,1.000000,1.000000,0.000000,0.000000,0.000000,-3.690188,87.665070
47.226971,2.000000,-679.742126,-3.277606,723.843647,26.925673,78.055489,260.832214,259.057281,270.267083,5.725093,0.348687,7.257284,-4.497533,-1.852738,-1.829044,19.794134,0.039086,0.000763,0.000068,0.250000,0.250000,0.541943,102530.015625,0.968205,0.000000,0.000000,1.000000,1.000000,1.000000,1.000000,0.000000,0.000000,0.000000,-3.718720,86.886116
47.279839,2.000000,-672.743774,-3.294596,723.604916,26.683119,77.308762,260.542969,258.809723,270.004111,5.754050,0.350106,7.298908,-4.522655,-1.864893,-1.825151,19.606939,0.038631,0.000771,0.000064,0.250000,0.250000,0.552180,102530.015625,0.972726,0.000000,0.000000,1.000000,1.000000,1.000000,1.000000,0.000000,0.000000,0.000000,-3.745661,86.139389
47.334950,2.000000,-664.923889,-3.313558,723.354663,26.419569,76.468834,260.240753,258.532806,269.709936,5.784772,0.351572,7.342025,-4.548599,-1.877627,-1.820707,19.397938,0.039004,0.000781,0.000060,0.250000,0.250000,0.561941,102530.015625,0.976166,0.000000,0.000000,1.000000,1.000000,1.000000,1.000000,0.000000,0.000000,0.000000,-3.771722,85.299461
47.388629,2.000000,-657.665466,-3.331137,723.109643,26.184156,75.684265,259.945343,258.275238,269.436494,5.815188,0.352985,7.383714,-4.570834,-1.888712,-1.816499,19.204094,0.038749,0.000789,0.000056,0.250000,0.250000,0.570533,102530.015625,0.980549,0.000000,0.000000,1.000000,1.000000,1.000000,1.000000,0.000000,0.000000,0.000000,-3.795102,84.527130
47.442705,2.000000,-650.244080,-3.349087,722.861655,25.924025,74.877502,259.646759,258.011444,269.156556,5.846259,0.354395,7.425309,-4.591554,-1.899240,-1.812120,19.006046,0.038676,0.000801,0.000052,0.250000,0.250000,0.577874,102530.015625,0.984739,0.000000,0.000000,1.000000,1.000000,1.000000,1.000000,0.000000,0.000000,0.000000,-3.816587,83.720375
47.493377,2.000000,-643.007202,-3.366567,722.628323,25.688978,74.086655,259.365997,257.753693,268.883144,5.875691,0.355703,7.463820,-4.609689,-1.908673,-1.807781,18.813057,0.039048,0.000812,0.000048,0.250000,0.250000,0.583325,102530.015625,0.988051,0.000000,0.000000,1.000000,1.000000,1.000000,1.000000,0.000000,0.000000,0.000000,-3.834775,82.929520
47.545019,2.000000,-635.871094,-3.383782,722.389669,25.482069,73.303123,259.078949,257.499084,268.613172,5.905957,0.357023,7.502653,-4.625875,-1.917294,-1.803440,18.622883,0.039041,0.000825,0.000044,0.250000,0.250000,0.588087,102530.015625,0.991611,0.000000,0.000000,1.000000,1.000000,1.000000,1.000000,0.000000,0.000000,0.000000,-3.851616,82.227165
47.603317,2.000000,-627.934937,-3.402899,722.119329,25.184034,72.427803,258.754181,257.215546,268.312560,5.940395,0.358498,7.545959,-4.641920,-1.926093,-1.798548,18.411531,0.038826,0.000835,0.000039,0.250000,0.250000,0.592674,102530.015625,0.995329,0.000000,0.000000,1.000000,1.000000,1.000000,1.000000,0.000000,0.000000,0.000000,-3.868635,81.351837
47.658566,2.000000,-620.469177,-3.420857,721.862330,24.934095,71.600883,258.445374,256.948120,268.029301,5.973238,0.359880,7.586372,-4.655075,-1.933587,-1.793890,18.212839,0.038591,0.000844,0.000035,0.250000,0.250000,0.595635,102530.015625,0.999136,0.000000,0.000000,1.000000,1.000000,1.000000,1.000000,0.000000,0.000000,0.000000,-3.882710,80.524925
47.713947,2.000000,-612.907471,-3.439019,721.604046,24.687574,70.760246,258.135101,256.677429,267.742571,6.006275,0.361249,7.626276,-4.666595,-1.940442,-1.789121,18.011719,0.038508,0.000857,0.000031,0.250000,0.250000,0.597308,102530.015625,1.002105,0.000000,0.000000,1.000000,1.000000,1.000000,1.000000,0.000000,0.000000,0.000000,-3.895049,79.684288
47.769777,2.000000,-605.159851,-3.457600,721.343086,24.414686,69.896019,257.821777,256.399567,267.448366,6.039657,0.362615,7.665867,-4.676684,-1.946772,-1.784188,17.805779,0.038580,0.000870,0.000026,0.250000,0.250000,0.598408,102530.015625,1.005525,0.000000,0.000000,1.000000,1.000000,1.000000,1.000000,0.000000,0.000000,0.000000,-3.905736,78.692696
47.827234,2.000000,-597.298889,-3.476423,721.074011,24.144606,69.016457,257.498444,256.117035,267.149386,6.074061,0.364006,7.705931,-4.685122,-1.952463,-1.779141,17.596951,0.038482,0.000880,0.000022,0.250000,0.250000,0.598961,102530.015625,1.008810,0.000000,0.000000,1.000000,1.000000,1.000000,1.000000,0.000000,0.000000,0.000000,-3.914947,77.813133
47.879225,2.000000,-590.172363,-3.493460,720.830172,23.902662,68.217003,257.205688,255.860519,266.877990,6.105212,0.365251,7.741625,-4.691346,-1.957041,-1.774535,17.407738,0.038357,0.000888,0.000018,0.250000,0.250000,0.599345,102530.015625,1.011558,0.000000,0.000000,1.000000,1.000000,1.000000,1.000000,0.000000,0.000000,0.000000,-3.921864,77.013672
47.935197,2.000000,-582.293213,-3.512268,720.567364,23.649916,67.331100,256.890289,255.576370,266.577498,6.138751,0.366578,7.779408,-4.696590,-1.961434,-1.769412,17.198654,0.038432,0.000899,0.000014,0.250000,0.250000,0.599265,102530.015625,1.014473,0.000000,0.000000,1.000000,1.000000,1.000000,1.000000,0.000000,0.000000,0.000000,-3.927738,76.127777
47.992479,2.000000,-574.480957,-3.530883,720.298172,23.371901,66.450928,256.567169,255.294128,266.279111,6.173060,0.367920,7.817378,-4.700140,-1.965113,-1.764307,16.991455,0.038205,0.000910,0.000010,0.250000,0.250000,0.598511,102530.015625,1.017600,0.000000,0.000000,1.000000,1.000000,1.000000,1.000000,0.000000,0.000000,0.000000,-3.932095,75.199875
48.045739,2.000000,-567.280579,-3.548013,720.047755,23.128431,65.638367,256.266083,255.033432,266.003682,6.204895,0.369152,7.851984,-4.701918,-1.967889,-1.759585,16.800579,0.037937,0.000920,0.000006,0.250000,0.250000,0.597009,102530.015625,1.020641,0.000000,0.000000,1.000000,1.000000,1.000000,1.000000,0.000000,0.000000,0.000000,-3.934610,74.387314
48.097326,2.000000,-560.211792,-3.564803,719.805162,22.863966,64.839676,255.974335,254.777191,265.732998,6.235640,0.370333,7.884881,-4.702342,-1.970070,-1.754937,16.613276,0.037755,0.000929,0.000002,0.250000,0.250000,0.595134,102530.015625,1.023162,0.000000,0.000000,1.000000,1.000000,1.000000,1.000000,0.000000,0.000000,0.000000,-3.935758,73.588615
48.147377,3.000000,-553.410156,-3.580935,719.567643,22.652113,64.065857,255.691025,254.535797,265.472962,6.272687,0.371469,7.962363,-4.776012,-2.002868,-0.671219,16.433126,0.211514,0.000941,-0.000002,0.250000,0.250000,0.907079,102530.015625,0.814637,0.000000,0.000000,1.000000,1.000000,1.000000,1.000000,0.000000,0.000000,0.000000,-4.028375,72.814804
48.198257,3.000000,-546.559570,-3.597163,719.321120,22.406813,63.269535,255.402359,254.294403,265.211385,6.327971,0.372619,8.057617,-4.869455,-2.044034,-0.671881,16.251753,0.193897,0.000942,-0.000006,0.250000,0.250000,1.228582,102530.015625,0.861955,0.000000,0.000000,1.000000,1.000000,1.000000,1.000000,0.000000,0.000000,0.000000,-4.119635,72.068008
48.254017,3.000000,-538.908630,-3.615263,719.046457,22.123304,62.363674,255.084808,254.022171,264.918248,6.405184,0.373868,8.167716,-4.947229,-2.078948,-0.672624,16.049273,0.176016,0.000937,-0.000010,0.250000,0.250000,1.509258,102530.015625,0.910854,0.000000,0.000000,1.000000,1.000000,1.000000,1.000000,0.000000,0.000000,0.000000,-4.193424,71.162148
48.305464,3.000000,-531.819214,-3.632009,718.790087,21.860365,61.512894,254.789810,253.767227,264.645280,6.488584,0.375007,8.271959,-4.995817,-2.101511,-0.673318,15.861728,0.160503,0.000932,-0.000011,0.250000,0.250000,1.707576,102530.015625,0.953458,0.000000,0.000000,1.000000,1.000000,1.000000,1.000000,0.000000,0.000000,0.000000,-4.238741,70.311363
48.360351,3.000000,-524.426270,-3.649443,718.514697,21.584059,60.618103,254.472366,253.498016,264.358698,6.587168,0.376199,8.383601,-5.024336,-2.115786,-0.674047,15.666227,0.144688,0.000926,-0.000012,0.250000,0.250000,1.862692,102530.015625,0.994189,0.000000,0.000000,1.000000,1.000000,1.000000,1.000000,0.000000,0.000000,0.000000,-4.265131,69.416573
48.416444,3.000000,-516.841614,-3.667298,718.232472,21.303480,59.696037,254.145142,253.217987,264.062210,6.695054,0.377386,8.495934,-5.032238,-2.121488,-0.674804,15.465734,0.129839,0.000920,-0.000013,0.250000,0.250000,1.968486,102530.015625,1.031660,0.000000,0.000000,1.000000,1.000000,1.000000,1.000000,0.000000,0.000000,0.000000,-4.270879,68.546875
48.474009,3.000000,-509.001251,-3.685719,717.943179,21.033278,58.742435,253.805283,252.924515,263.752938,6.810463,0.378567,8.607585,-5.020085,-2.118848,-0.675595,15.258557,0.115930,0.000916,-0.000014,0.250000,0.250000,2.029492,102530.015625,1.065474,0.000000,0.000000,1.000000,1.000000,1.000000,1.000000,0.000000,0.000000,0.000000,-4.256986,67.593269
48.524029,3.000000,-502.268982,-3.701505,717.692919,20.778578,57.926010,253.506561,252.669113,263.484983,6.912630,0.379559,8.700461,-4.995136,-2.110470,-0.676282,15.080722,0.104895,0.000913,-0.000014,0.250000,0.250000,2.049556,102530.015625,1.091313,0.000000,0.000000,1.000000,1.000000,1.000000,1.000000,0.000000,0.000000,0.000000,-4.230628,66.776840
48.575067,3.000000,-495.206238,-3.718034,717.439306,20.530409,57.074234,253.198364,252.398087,263.201456,7.017171,0.380539,8.790475,-4.956337,-2.096345,-0.677011,14.894215,0.094453,0.000913,-0.000014,0.250000,0.250000,2.043687,102530.015625,1.114830,0.000000,0.000000,1.000000,1.000000,1.000000,1.000000,0.000000,0.000000,0.000000,-4.191796,65.911560
48.630150,3.000000,-487.952667,-3.734975,717.168226,20.248304,56.206608,252.861572,252.116516,262.907756,7.128929,0.381557,8.881618,-4.904843,-2.076900,-0.677767,14.702727,0.084559,0.000911,-0.000015,0.250000,0.250000,2.012929,102530.015625,1.136053,0.000000,0.000000,1.000000,1.000000,1.000000,1.000000,0.000000,0.000000,0.000000,-4.138273,65.043938
48.682713,3.000000,-480.862579,-3.751498,716.912632,19.975782,55.367367,252.536652,251.838150,262.618237,7.233419,0.382485,8.962318,-4.844570,-2.053660,-0.678514,14.515612,0.075865,0.000947,-0.000012,0.250000,0.250000,1.964516,102530.015625,1.152390,0.000000,0.000000,1.000000,1.000000,1.000000,1.000000,0.000000,0.000000,0.000000,-4.077553,64.204689
48.739039,3.000000,-473.182098,-3.769356,716.642571,19.708998,54.469788,252.184753,251.532944,262.301105,7.342181,0.383379,9.042213,-4.770892,-2.024896,-0.679334,14.312975,0.067086,0.001009,-0.000001,0.250000,0.250000,1.900288,102530.015625,1.166703,0.000000,0.000000,1.000000,1.000000,1.000000,1.000000,0.000000,0.000000,0.000000,-4.004622,63.307117
48.796781,3.000000,-465.428619,-3.787341,716.370267,19.446241,53.577343,251.819824,251.220581,261.977210,7.449623,0.384223,9.117126,-4.689350,-1.992774,-0.680174,14.108474,0.058955,0.001041,0.000009,0.250000,0.250000,1.825314,102530.015625,1.178232,0.000000,0.000000,1.000000,1.000000,1.000000,1.000000,0.000000,0.000000,0.000000,-3.923063,62.408024
48.850062,3.000000,-458.342438,-3.803738,716.123401,19.209974,52.774784,251.479568,250.931931,261.678200,7.544721,0.384955,9.179995,-4.609611,-1.961152,-0.680951,13.921623,0.052209,0.001064,0.000019,0.250000,0.250000,1.749905,102530.015625,1.187226,0.000000,0.000000,1.000000,1.000000,1.000000,1.000000,0.000000,0.000000,0.000000,-3.842733,61.605465
48.902064,3.000000,-451.309296,-3.819974,715.886755,18.973036,51.991383,251.144730,250.642944,261.378983,7.633523,0.385627,9.235575,-4.526236,-1.927910,-0.681731,13.736219,0.045959,0.001084,0.000028,0.250000,0.250000,1.671334,102530.015625,1.194718,0.000000,0.000000,1.000000,1.000000,1.000000,1.000000,0.000000,0.000000,0.000000,-3.760324,60.822063
48.952451,3.000000,-444.280518,-3.836163,715.661678,18.744825,51.222218,250.817963,250.352142,261.078105,7.715571,0.386244,9.284055,-4.439442,-1.893145,-0.682516,13.550974,0.039896,0.001110,0.000038,0.250000,0.250000,1.591684,102530.015625,1.200979,0.000000,0.000000,1.000000,1.000000,1.000000,1.000000,0.000000,0.000000,0.000000,-3.677396,60.052898
49.007623,3.000000,-437.288574,-3.852228,715.420157,18.491163,50.471222,250.457870,250.060684,260.776693,7.800718,0.386881,9.331118,-4.350111,-1.857221,-0.683305,13.366743,0.035627,0.001136,0.000047,0.250000,0.250000,1.501540,102530.015625,1.205846,0.000000,0.000000,1.000000,1.000000,1.000000,1.000000,0.000000,0.000000,0.000000,-3.583662,59.300514
49.065034,3.000000,-429.583771,-3.869887,715.174486,18.235792,49.660732,250.080460,249.737717,260.442772,7.883998,0.387510,9.373863,-4.249577,-1.816653,-0.684181,13.163776,0.030615,0.001166,0.000057,0.250000,0.250000,1.407429,102530.015625,1.209432,0.000000,0.000000,1.000000,1.000000,1.000000,1.000000,0.000000,0.000000,0.000000,-3.484226,58.490028
49.117447,3.000000,-422.457855,-3.886178,714.955274,18.016859,48.927242,249.734543,249.437500,260.132314,7.955302,0.388052,9.407412,-4.154844,-1.778300,-0.684998,12.976102,0.026331,0.001196,0.000066,0.250000,0.250000,1.320616,102530.015625,1.212309,0.000000,0.000000,1.000000,1.000000,1.000000,1.000000,0.000000,0.000000,0.000000,-3.391891,57.756538
49.170726,3.000000,-415.352875,-3.902382,714.737482,17.807203,48.211620,249.381775,249.136810,259.821529,8.023125,0.388578,9.436447,-4.059358,-1.739534,-0.685817,12.789018,0.022819,0.001228,0.000075,0.250000,0.250000,1.232810,102530.015625,1.213285,0.000000,0.000000,1.000000,1.000000,1.000000,1.000000,0.000000,0.000000,0.000000,-3.297285,57.040913
49.221730,3.000000,-408.334778,-3.918349,714.533765,17.610731,47.520290,249.043564,248.838974,259.513532,8.083700,0.389060,9.459697,-3.964622,-1.700977,-0.686631,12.604259,0.019300,0.001259,0.000083,0.250000,0.250000,1.149707,102530.015625,1.213804,0.000000,0.000000,1.000000,1.000000,1.000000,1.000000,0.000000,0.000000,0.000000,-3.206460,56.273285
49.278253,3.000000,-400.796814,-3.935455,714.313465,17.389784,46.795002,248.668472,248.518265,259.181807,8.145927,0.389573,9.480512,-3.862817,-1.659443,-0.687510,12.405854,0.016576,0.001295,0.000092,0.250000,0.250000,1.059079,102530.015625,1.213591,0.000000,0.000000,1.000000,1.000000,1.000000,1.000000,0.000000,0.000000,0.000000,-3.105937,55.548000
49.334831,3.000000,-393.349182,-3.952312,714.098684,17.177198,46.095993,248.292984,248.200760,258.853373,8.203159,0.390064,9.496518,-3.762708,-1.618510,-0.688382,12.209865,0.014581,0.001329,0.000101,0.250000,0.250000,0.970883,102530.015625,1.211179,0.000000,0.000000,1.000000,1.000000,1.000000,1.000000,0.000000,0.000000,0.000000,-3.006085,54.848991
49.389504,3.000000,-386.155670,-3.968551,713.896521,16.971998,45.437298,247.930725,247.894012,258.535885,8.253815,0.390520,9.507723,-3.667083,-1.579334,-0.689227,12.020598,0.013116,0.001364,0.000109,0.250000,0.250000,0.888525,102530.015625,1.209675,0.000000,0.000000,1.000000,1.000000,1.000000,1.000000,0.000000,0.000000,0.000000,-2.910740,54.308895
49.443206,3.000000,-379.121399,-3.984392,713.703061,16.773268,44.808769,247.575363,247.593887,258.225249,8.299271,0.390952,9.515056,-3.574929,-1.541516,-0.690056,11.835554,0.012056,0.001401,0.000117,0.250000,0.250000,0.811439,102530.015625,1.205980,0.000000,0.000000,1.000000,1.000000,1.000000,1.000000,0.000000,0.000000,0.000000,-2.818766,53.680363
49.494699,3.000000,-372.271362,-3.999780,713.522196,16.598768,44.211182,247.235794,247.301849,257.922769,8.339070,0.391357,9.518914,-3.486743,-1.505270,-0.690865,11.655386,0.011093,0.001438,0.000124,0.250000,0.250000,0.740705,102530.015625,1.202711,0.000000,0.000000,1.000000,1.000000,1.000000,1.000000,0.000000,0.000000,0.000000,-2.732211,53.082779
49.554536,3.000000,-364.533997,-4.017117,713.317615,16.396864,43.553078,246.842865,246.972290,257.581196,8.380872,0.391817,9.519871,-3.389295,-1.465159,-0.691781,11.451913,0.010949,0.001478,0.000133,0.250000,0.250000,0.662695,102530.015625,1.198684,0.000000,0.000000,1.000000,1.000000,1.000000,1.000000,0.000000,0.000000,0.000000,-2.634010,52.424675
49.611974,3.000000,-356.871613,-4.034239,713.126737,16.212049,42.918625,246.467987,246.646332,257.243271,8.416761,0.392253,9.517634,-3.295302,-1.426414,-0.692690,11.250446,0.010504,0.001518,0.000141,0.250000,0.250000,0.592514,102530.015625,1.193501,0.000000,0.000000,1.000000,1.000000,1.000000,1.000000,0.000000,0.000000,0.000000,-2.542499,51.739555
49.665788,3.000000,-349.668823,-4.050293,712.952665,16.034376,42.337528,246.118683,246.340515,256.926109,8.446855,0.392659,9.513110,-3.209614,-1.391052,-0.693545,11.061092,0.010264,0.001558,0.000148,0.250000,0.250000,0.531487,102530.015625,1.187984,0.000000,0.000000,1.000000,1.000000,1.000000,1.000000,0.000000,0.000000,0.000000,-2.459523,51.158459
49.722440,3.000000,-342.267334,-4.066749,712.774222,15.838331,41.755348,245.753250,246.027008,256.600791,8.475118,0.393082,9.506108,-3.124386,-1.355844,-0.694424,10.866544,0.010695,0.001601,0.000155,0.250000,0.250000,0.471955,102530.015625,1.182297,0.000000,0.000000,1.000000,1.000000,1.000000,1.000000,0.000000,0.000000,0.000000,-2.375115,50.576275
49.778880,3.000000,-334.793671,-4.083322,712.601168,15.672071,41.182343,245.392029,245.711258,256.272951,8.500068,0.393502,9.497190,-3.041357,-1.321514,-0.695313,10.670127,0.011101,0.001645,0.000162,0.250000,0.250000,0.417408,102530.015625,1.176557,0.000000,0.000000,1.000000,1.000000,1.000000,1.000000,0.000000,0.000000,0.000000,-2.294150,50.003269
49.835915,3.000000,-327.409271,-4.099655,712.430895,15.517164,40.630306,245.030090,245.400192,255.949768,8.522300,0.393928,9.486543,-2.962432,-1.288856,-0.696190,10.476083,0.012089,0.001688,0.000169,0.250000,0.250000,0.367033,102530.015625,1.170492,0.000000,0.000000,1.000000,1.000000,1.000000,1.000000,0.000000,0.000000,0.000000,-2.215637,49.463791
49.889104,3.000000,-320.157593,-4.115654,712.276093,15.367140,40.101326,244.695679,245.095596,255.633140,8.540582,0.394334,9.475433,-2.888072,-1.258071,-0.697053,10.285551,0.012387,0.001707,0.000173,0.250000,0.250000,0.324414,102530.015625,1.164598,0.000000,0.000000,1.000000,1.000000,1.000000,1.000000,0.000000,0.000000,0.000000,-2.145520,48.934807
49.947399,3.000000,-312.654999,-4.132165,712.110661,15.189833,39.567116,244.332703,244.781219,255.306249,8.558169,0.394891,9.462271,-2.814501,-1.227602,-0.697945,10.088452,0.013750,0.001563,0.000156,0.250000,0.250000,0.283050,102530.015625,1.157535,0.000000,0.000000,1.000000,1.000000,1.000000,1.000000,0.000000,0.000000,0.000000,-2.072232,48.400597
49.998794,3.000000,-305.774536,-4.147269,711.968311,15.041945,39.088425,244.015640,244.493484,255.006883,8.571850,0.395497,9.450275,-2.750478,-1.201093,-0.698764,9.907719,0.014392,0.001533,0.000138,0.250000,0.250000,0.252553,102530.015625,1.151395,0.000000,0.000000,1.000000,1.000000,1.000000,1.000000,0.000000,0.000000,0.000000,-2.011054,47.908379
50.052123,3.000000,-298.673401,-4.162821,711.823898,14.876539,38.605061,243.689438,244.197006,254.698263,8.584531,0.396157,9.437664,-2.687707,-1.175112,-0.699611,9.721210,0.015116,0.001547,0.000120,0.250000,0.250000,0.226217,102530.015625,1.145315,0.000000,0.000000,1.000000,1.000000,1.000000,1.000000,0.000000,0.000000,0.000000,-1.950814,47.425014
50.105405,3.000000,-292.059265,-4.177273,711.682784,14.761122,38.164066,243.366714,243.921310,254.411207,8.595929,0.396831,9.425065,-2.631996,-1.152059,-0.700400,9.547510,0.016638,0.001564,0.000103,0.250000,0.250000,0.204335,102530.015625,1.139046,0.000000,0.000000,1.000000,1.000000,1.000000,1.000000,0.000000,0.000000,0.000000,-1.893684,46.984020
50.159745,3.000000,-284.757599,-4.193189,711.541963,14.629896,37.687107,243.040695,243.617554,254.094727,8.606500,0.397530,9.412521,-2.573811,-1.128000,-0.701272,9.355775,0.017223,0.001586,0.000087,0.250000,0.250000,0.186713,102530.015625,1.133391,0.000000,0.000000,1.000000,1.000000,1.000000,1.000000,0.000000,0.000000,0.000000,-1.838659,46.507061
50.214302,3.000000,-277.781799,-4.208356,711.403560,14.476210,37.240566,242.716537,243.327820,253.792781,8.616253,0.398243,9.400280,-2.521018,-1.106183,-0.702107,9.172615,0.018326,0.001605,0.000072,0.250000,0.250000,0.172747,102530.015625,1.128005,0.000000,0.000000,1.000000,1.000000,1.000000,1.000000,0.000000,0.000000,0.000000,-1.786303,46.040245
50.265281,3.000000,-271.112122,-4.222825,711.276787,14.346998,36.821537,242.416626,243.051239,253.504420,8.624776,0.398916,9.389277,-2.473010,-1.086357,-0.702905,8.997509,0.019103,0.001624,0.000059,0.250000,0.250000,0.162634,102530.015625,1.123724,0.000000,0.000000,1.000000,1.000000,1.000000,1.000000,0.000000,0.000000,0.000000,-1.739841,45.621216
50.316289,3.000000,-264.300629,-4.237566,711.152296,14.246412,36.401222,242.119171,242.769211,253.210334,8.632856,0.399594,9.378821,-2.426368,-1.067110,-0.703722,8.818697,0.019649,0.001646,0.000047,0.250000,0.250000,0.155256,102530.015625,1.118989,0.000000,0.000000,1.000000,1.000000,1.000000,1.000000,0.000000,0.000000,0.000000,-1.695735,45.200901
50.368154,3.000000,-257.859528,-4.251473,711.028010,14.110609,36.010487,241.819275,242.502792,252.932502,8.640749,0.400289,9.368814,-2.384328,-1.049777,-0.704494,8.649622,0.020777,0.001663,0.000036,0.250000,0.250000,0.150041,102530.015625,1.114150,0.000000,0.000000,1.000000,1.000000,1.000000,1.000000,0.000000,0.000000,0.000000,-1.653135,44.810165
50.422152,3.000000,-250.770859,-4.266741,710.900948,13.977980,35.587673,241.509766,242.210220,252.627204,8.648753,0.401018,9.359154,-2.340408,-1.031689,-0.705346,8.463565,0.021404,0.001684,0.000024,0.250000,0.250000,0.147082,102530.015625,1.110012,0.000000,0.000000,1.000000,1.000000,1.000000,1.000000,0.000000,0.000000,0.000000,-1.611097,44.391201
50.479683,3.000000,-243.295975,-4.282800,710.768062,13.850599,35.149582,241.182785,241.902054,252.305652,8.657175,0.401803,9.349780,-2.296502,-1.013628,-0.706245,8.267387,0.022093,0.001705,0.000013,0.250000,0.250000,0.146146,102530.015625,1.105733,0.000000,0.000000,1.000000,1.000000,1.000000,1.000000,0.000000,0.000000,0.000000,-1.568739,43.953106
50.532972,3.000000,-236.259155,-4.297877,710.647136,13.734938,34.744030,240.882660,241.612366,252.003261,8.664971,0.402533,9.341946,-2.257225,-0.997491,-0.707092,8.082723,0.022586,0.001724,0.000003,0.250000,0.250000,0.146718,102530.015625,1.101897,0.000000,0.000000,1.000000,1.000000,1.000000,1.000000,0.000000,0.000000,0.000000,-1.531534,43.547554
50.587551,3.000000,-229.257614,-4.312842,710.525329,13.585890,34.346771,240.577957,241.324539,251.702739,8.673018,0.403284,9.334750,-2.219959,-0.982197,-0.707936,7.898998,0.023273,0.001743,-0.000006,0.250000,0.250000,0.148378,102530.015625,1.098525,0.000000,0.000000,1.000000,1.000000,1.000000,1.000000,0.000000,0.000000,0.000000,-1.495248,43.150295
50.637797,3.000000,-222.691391,-4.326840,710.414951,13.472059,33.979675,240.299255,241.054901,251.421229,8.680542,0.403978,9.328932,-2.186638,-0.968540,-0.708729,7.726709,0.023714,0.001760,-0.000014,0.250000,0.250000,0.151142,102530.015625,1.095553,0.000000,0.000000,1.000000,1.000000,1.000000,1.000000,0.000000,0.000000,0.000000,-1.463474,42.782803
50.695074,3.000000,-215.433151,-4.342275,710.291077,13.361097,33.579712,239.983871,240.757278,251.110355,8.689318,0.404772,9.323230,-2.151478,-0.954149,-0.709606,7.536276,0.024366,0.001778,-0.000023,0.250000,0.250000,0.155148,102530.015625,1.092308,0.000000,0.000000,1.000000,1.000000,1.000000,1.000000,0.000000,0.000000,0.000000,-1.428997,42.382843
50.750294,3.000000,-208.199982,-4.357614,710.173525,13.246412,33.186939,239.681976,240.460648,250.800549,8.698033,0.405539,9.318711,-2.118136,-0.940525,-0.710482,7.346515,0.024693,0.001801,-0.000031,0.250000,0.250000,0.160294,102530.015625,1.089284,0.000000,0.000000,1.000000,1.000000,1.000000,1.000000,0.000000,0.000000,0.000000,-1.397466,41.990067
50.808631,3.000000,-200.962799,-4.372920,710.051252,13.140089,32.799492,239.364578,240.164063,250.490743,8.707582,0.406350,9.315000,-2.086372,-0.927569,-0.711361,7.156662,0.025250,0.001818,-0.000040,0.250000,0.250000,0.166595,102530.015625,1.086247,0.000000,0.000000,1.000000,1.000000,1.000000,1.000000,0.000000,0.000000,0.000000,-1.365853,41.602623
50.867422,3.000000,-193.270752,-4.389142,709.929899,12.962782,32.393425,239.047073,239.849197,250.161746,8.717576,0.407164,9.312239,-2.054111,-0.914430,-0.712297,6.954890,0.025496,0.001837,-0.000048,0.250000,0.250000,0.173013,102530.015625,1.083968,0.000000,0.000000,1.000000,1.000000,1.000000,1.000000,0.000000,0.000000,0.000000,-1.335447,41.232800
50.924732,3.000000,-185.824173,-4.404801,709.813358,12.783278,32.005760,238.738846,239.544586,249.843546,8.727690,0.407956,9.310444,-2.024093,-0.902216,-0.713204,6.759570,0.025562,0.001858,-0.000055,0.250000,0.250000,0.179580,102530.015625,1.081343,0.000000,0.000000,1.000000,1.000000,1.000000,1.000000,0.000000,0.000000,0.000000,-1.307058,40.845135
50.983984,3.000000,-178.343552,-4.420487,709.694598,12.603712,31.621441,238.422241,239.238983,249.524160,8.738524,0.408774,9.309363,-1.994968,-0.890374,-0.714116,6.563370,0.025843,0.001874,-0.000062,0.250000,0.250000,0.185793,102530.015625,1.080069,0.000000,0.000000,1.000000,1.000000,1.000000,1.000000,0.000000,0.000000,0.000000,-1.278672,40.460815
51.039533,3.000000,-171.524948,-4.434745,709.584821,12.424574,31.275501,238.126572,238.960571,249.233277,8.749016,0.409535,9.309092,-1.969279,-0.879936,-0.714950,6.384543,0.026122,0.001890,-0.000068,0.250000,0.250000,0.191537,102530.015625,1.078518,0.000000,0.000000,1.000000,1.000000,1.000000,1.000000,0.000000,0.000000,0.000000,-1.253041,39.602146
51.090345,3.000000,-164.604996,-4.449176,709.485676,12.268263,30.928541,237.857346,238.678299,248.938272,8.758888,0.410229,9.309415,-1.943960,-0.869654,-0.715797,6.203069,0.025922,0.001910,-0.000073,0.250000,0.250000,0.196552,102530.015625,1.077266,0.000000,0.000000,1.000000,1.000000,1.000000,1.000000,0.000000,0.000000,0.000000,-1.230306,39.255184
51.148365,3.000000,-157.397797,-4.464162,709.373921,12.082594,30.571463,237.550751,238.384460,248.631254,8.770459,0.411021,9.310396,-1.918302,-0.859237,-0.716681,6.014071,0.026018,0.001929,-0.000079,0.250000,0.250000,0.201908,102530.015625,1.075659,0.000000,0.000000,1.000000,1.000000,1.000000,1.000000,0.000000,0.000000,0.000000,-1.205112,38.898106
51.202441,3.000000,-150.412827,-4.478646,709.271111,11.928663,30.229443,237.266068,238.099930,248.333875,8.781507,0.411752,9.311841,-1.894092,-0.849410,-0.717539,5.830911,0.025924,0.001946,-0.000084,0.250000,0.250000,0.206358,102530.015625,1.074488,0.000000,0.000000,1.000000,1.000000,1.000000,1.000000,0.000000,0.000000,0.000000,-1.182282,38.556087
51.257019,3.000000,-143.432129,-4.493080,709.168633,11.776686,29.891518,236.979553,237.815735,248.036897,8.792887,0.412488,9.313797,-1.870513,-0.839842,-0.718398,5.647872,0.025831,0.001964,-0.000089,0.250000,0.250000,0.210352,102530.015625,1.073149,0.000000,0.000000,1.000000,1.000000,1.000000,1.000000,0.000000,0.000000,0.000000,-1.159891,37.447536
51.313196,3.000000,-136.171967,-4.508047,709.064461,11.621107,29.544060,236.685699,237.520401,247.728189,8.804809,0.413239,9.316258,-1.846598,-0.830139,-0.719293,5.457515,0.025688,0.001983,-0.000093,0.250000,0.250000,0.213797,102530.015625,1.072151,0.000000,0.000000,1.000000,1.000000,1.000000,1.000000,0.000000,0.000000,0.000000,-1.137431,37.100079
51.364705,3.000000,-129.669769,-4.521414,708.970090,11.470778,29.236273,236.416763,237.256027,247.451884,8.815894,0.413925,9.318904,-1.825709,-0.821666,-0.720096,5.287038,0.025619,0.001998,-0.000097,0.250000,0.250000,0.216413,102530.015625,1.071015,0.000000,0.000000,1.000000,1.000000,1.000000,1.000000,0.000000,0.000000,0.000000,-1.117406,36.792290
51.418550,3.000000,-122.761200,-4.535575,708.872581,11.295729,28.912680,236.136032,236.975693,247.158911,8.827599,0.414634,9.321988,-1.804009,-0.812863,-0.720950,5.105916,0.025499,0.002014,-0.000100,0.250000,0.250000,0.218394,102530.015625,1.070000,0.000000,0.000000,1.000000,1.000000,1.000000,1.000000,0.000000,0.000000,0.000000,-1.096974,36.468700
51.472584,3.000000,-115.908165,-4.549582,708.775869,11.152174,28.595081,235.855118,236.697739,246.868414,8.839440,0.415343,9.325372,-1.782932,-0.804312,-0.721798,4.926256,0.025396,0.002031,-0.000103,0.250000,0.250000,0.219891,102530.015625,1.068930,0.000000,0.000000,1.000000,1.000000,1.000000,1.000000,0.000000,0.000000,0.000000,-1.076943,35.492916
51.531096,3.000000,-108.598137,-4.564476,708.672405,10.986891,28.259964,235.551346,236.401505,246.558771,8.852343,0.416102,9.329367,-1.761031,-0.795431,-0.722704,4.734624,0.025304,0.002050,-0.000106,0.250000,0.250000,0.221194,102530.015625,1.067963,0.000000,0.000000,1.000000,1.000000,1.000000,1.000000,0.000000,0.000000,0.000000,-1.055857,35.157803
51.583495,3.000000,-101.923019,-4.578036,708.580837,10.835768,27.957178,235.279633,236.131104,246.276163,8.863955,0.416775,9.333197,-1.741489,-0.787508,-0.723534,4.559643,0.025136,0.002068,-0.000109,0.250000,0.250000,0.222068,102530.015625,1.067093,0.000000,0.000000,1.000000,1.000000,1.000000,1.000000,0.000000,0.000000,0.000000,-1.037452,34.855015
51.637304,3.000000,-95.171181,-4.591712,708.487848,10.699659,27.653965,235.000870,235.857803,245.990486,8.875914,0.417458,9.337354,-1.722149,-0.779668,-0.724374,4.382658,0.024987,0.002084,-0.000111,0.250000,0.250000,0.222609,102530.015625,1.066076,0.000000,0.000000,1.000000,1.000000,1.000000,1.000000,0.000000,0.000000,0.000000,-1.019014,33.773613
51.690975,3.000000,-88.376953,-4.605432,708.396124,10.520094,27.351877,234.723221,235.582870,245.703163,8.887862,0.418131,9.341678,-1.703092,-0.771943,-0.725221,4.204568,0.024798,0.002104,-0.000113,0.250000,0.250000,0.222802,102530.015625,1.065466,0.000000,0.000000,1.000000,1.000000,1.000000,1.000000,0.000000,0.000000,0.000000,-1.001013,33.471527
51.742581,3.000000,-81.874466,-4.618525,708.308870,10.390394,27.065527,234.456696,235.319931,245.428312,8.899354,0.418771,9.345963,-1.685129,-0.764657,-0.726033,4.034131,0.024600,0.002122,-0.000116,0.250000,0.250000,0.222595,102530.015625,1.064681,0.000000,0.000000,1.000000,1.000000,1.000000,1.000000,0.000000,0.000000,0.000000,-0.984014,33.185173
51.793762,3.000000,-75.380646,-4.631561,708.223245,10.281630,26.782267,234.192673,235.057480,245.153995,8.910729,0.419398,9.350364,-1.667583,-0.757543,-0.726845,3.863926,0.024394,0.002138,-0.000118,0.250000,0.250000,0.222053,102530.015625,1.063754,0.000000,0.000000,1.000000,1.000000,1.000000,1.000000,0.000000,0.000000,0.000000,-0.967576,32.901913
51.844634,3.000000,-69.065720,-4.644203,708.139001,10.205397,26.509312,233.930435,234.802414,244.887345,8.921997,0.420015,9.354925,-1.651011,-0.750832,-0.727636,3.698416,0.024277,0.002154,-0.000120,0.250000,0.250000,0.221219,102530.015625,1.062617,0.000000,0.000000,1.000000,1.000000,1.000000,1.000000,0.000000,0.000000,0.000000,-0.951773,32.023323
51.902122,3.000000,-62.108917,-4.658087,708.044808,10.121351,26.211378,233.634094,234.521530,244.593734,8.934676,0.420704,9.360355,-1.633426,-0.743728,-0.728510,3.516087,0.024243,0.002169,-0.000122,0.250000,0.250000,0.220165,102530.015625,1.061119,0.000000,0.000000,1.000000,1.000000,1.000000,1.000000,0.000000,0.000000,0.000000,-0.934672,31.725391
51.957382,3.000000,-54.884232,-4.672459,707.955222,10.035292,25.904907,233.349609,234.229965,244.288940,8.946804,0.421360,9.365829,-1.615915,-0.736673,-0.729419,3.326744,0.024092,0.002189,-0.000124,0.250000,0.250000,0.219106,102530.015625,1.059798,0.000000,0.000000,1.000000,1.000000,1.000000,1.000000,0.000000,0.000000,0.000000,-0.918960,31.418921
52.008476,3.000000,-48.445862,-4.685225,707.873190,9.944471,25.634188,233.087036,233.970230,244.017456,8.957964,0.421961,9.371096,-1.600923,-0.730651,-0.730230,3.158014,0.024068,0.002206,-0.000126,0.250000,0.250000,0.218082,102530.015625,1.058568,0.000000,0.000000,1.000000,1.000000,1.000000,1.000000,0.000000,0.000000,0.000000,-0.905044,31.148201
52.065636,3.000000,-41.351078,-4.699249,707.782299,9.873732,25.338388,232.793259,233.684158,243.718416,8.970398,0.422627,9.377265,-1.585102,-0.724319,-0.731126,2.972086,0.024089,0.002223,-0.000128,0.250000,0.250000,0.217105,102530.015625,1.057022,0.000000,0.000000,1.000000,1.000000,1.000000,1.000000,0.000000,0.000000,0.000000,-0.890218,30.912495
52.119090,3.000000,-34.437187,-4.712871,707.698091,9.779066,25.052523,232.519211,233.405563,243.427148,8.981976,0.423243,9.383299,-1.570447,-0.718482,-0.732001,2.790904,0.024102,0.002244,-0.000130,0.250000,0.250000,0.216265,102530.015625,1.055777,0.000000,0.000000,1.000000,1.000000,1.000000,1.000000,0.000000,0.000000,0.000000,-0.877080,30.626629
52.171587,3.000000,-27.803236,-4.725899,707.616106,9.686415,24.780352,232.250244,233.138397,243.147818,8.993306,0.423844,9.389440,-1.556981,-0.713140,-0.732841,2.617062,0.024156,0.002258,-0.000132,0.250000,0.250000,0.215649,102530.015625,1.054627,0.000000,0.000000,1.000000,1.000000,1.000000,1.000000,0.000000,0.000000,0.000000,-0.864761,30.354458
52.227810,3.000000,-21.051437,-4.739117,707.529054,9.614698,24.505379,231.962250,232.866669,242.863713,9.005411,0.424475,9.396298,-1.543916,-0.707983,-0.733699,2.440136,0.024287,0.002275,-0.000134,0.250000,0.250000,0.215224,102530.015625,1.053200,0.000000,0.000000,1.000000,1.000000,1.000000,1.000000,0.000000,0.000000,0.000000,-0.852273,30.079483
52.283853,3.000000,-13.890627,-4.753088,707.443010,9.531202,24.215860,231.675385,232.578568,242.562509,9.017464,0.425100,9.403468,-1.530850,-0.702864,-0.734610,2.252498,0.024378,0.002295,-0.000135,0.250000,0.250000,0.215081,102530.015625,1.051759,0.000000,0.000000,1.000000,1.000000,1.000000,1.000000,0.000000,0.000000,0.000000,-0.840617,29.760187
52.338970,3.000000,-7.050577,-4.766389,707.359058,9.438002,23.941206,231.393539,232.303513,242.274948,9.029312,0.425707,9.410803,-1.519034,-0.698267,-0.735482,2.073268,0.024506,0.002311,-0.000137,0.250000,0.250000,0.215213,102530.015625,1.050604,0.000000,0.000000,1.000000,1.000000,1.000000,1.000000,0.000000,0.000000,0.000000,-0.829805,29.485533
52.389576,3.000000,-0.739601,-4.778622,707.282535,9.361280,23.689356,231.134720,232.049866,242.009737,9.040207,0.426256,9.417789,-1.508651,-0.694255,-0.736287,1.907906,0.024611,0.002329,-0.000139,0.250000,0.250000,0.215571,102530.015625,1.049506,0.000000,0.000000,1.000000,1.000000,1.000000,1.000000,0.000000,0.000000,0.000000,-0.820408,29.233683
52.441723,3.000000,5.553791,-4.790783,707.204211,9.280165,23.439610,230.868134,231.797073,241.745430,9.051458,0.426816,9.425261,-1.498830,-0.690490,-0.737092,1.743008,0.024744,0.002346,-0.000140,0.250000,0.250000,0.216136,102530.015625,1.048406,0.000000,0.000000,1.000000,1.000000,1.000000,1.000000,0.000000,0.000000,0.000000,-0.811290,28.983936
52.493762,3.000000,11.995679,-4.803191,707.126554,9.202650,23.185335,230.602203,231.538422,241.474969,9.062723,0.427370,9.432988,-1.489285,-0.686861,-0.737918,1.574222,0.024861,0.002363,-0.000142,0.250000,0.250000,0.216894,102530.015625,1.047351,0.000000,0.000000,1.000000,1.000000,1.000000,1.000000,0.000000,0.000000,0.000000,-0.802713,28.752111
52.547286,3.000000,18.773436,-4.816201,707.047180,9.134047,22.919203,230.328857,231.266449,241.190567,9.074355,0.427931,9.441242,-1.479827,-0.683304,-0.738788,1.396640,0.024988,0.002382,-0.000144,0.250000,0.250000,0.217859,102530.015625,1.046162,0.000000,0.000000,1.000000,1.000000,1.000000,1.000000,0.000000,0.000000,0.000000,-0.794477,28.485979
52.598464,3.000000,25.007421,-4.828129,706.971729,9.041212,22.675596,230.067749,231.016418,240.929123,9.085530,0.428463,9.449393,-1.471607,-0.680247,-0.739589,1.233308,0.025117,0.002398,-0.000145,0.250000,0.250000,0.218951,102530.015625,1.045359,0.000000,0.000000,1.000000,1.000000,1.000000,1.000000,0.000000,0.000000,0.000000,-0.787068,28.242373
52.652924,3.000000,31.932890,-4.841335,706.891891,8.956190,22.406210,229.790222,230.738815,240.638819,9.097484,0.429020,9.458323,-1.462913,-0.677044,-0.740482,1.051862,0.025237,0.002417,-0.000147,0.250000,0.250000,0.220237,102530.015625,1.044428,0.000000,0.000000,1.000000,1.000000,1.000000,1.000000,0.000000,0.000000,0.000000,-0.779619,27.970774
52.704429,3.000000,38.250046,-4.853341,706.816792,8.880323,22.161556,229.527939,230.485703,240.374141,9.108862,0.429542,9.467047,-1.455431,-0.674323,-0.741297,0.886357,0.025355,0.002434,-0.000148,0.250000,0.250000,0.221547,102530.015625,1.043559,0.000000,0.000000,1.000000,1.000000,1.000000,1.000000,0.000000,0.000000,0.000000,-0.773029,27.726120
52.763345,3.000000,45.278896,-4.866653,706.731345,8.807447,21.890459,229.227798,230.204178,240.079744,9.121961,0.430130,9.477338,-1.447583,-0.671510,-0.742206,0.702210,0.025476,0.002452,-0.000150,0.250000,0.250000,0.223140,102530.015625,1.042533,0.000000,0.000000,1.000000,1.000000,1.000000,1.000000,0.000000,0.000000,0.000000,-0.766005,27.455023
52.815143,3.000000,51.758289,-4.878881,706.656599,8.746778,21.641520,228.963943,229.944778,239.808452,9.133556,0.430639,9.486686,-1.440829,-0.669133,-0.743045,0.532460,0.025607,0.002470,-0.000151,0.250000,0.250000,0.224624,102530.015625,1.041581,0.000000,0.000000,1.000000,1.000000,1.000000,1.000000,0.000000,0.000000,0.000000,-0.760319,27.206083
52.870877,3.000000,58.675034,-4.891890,706.576537,8.665480,21.376703,228.680374,229.667969,239.518978,9.146121,0.431178,9.497057,-1.434128,-0.666826,-0.743943,0.351256,0.025760,0.002491,-0.000153,0.250000,0.250000,0.226344,102530.015625,1.040709,0.000000,0.000000,1.000000,1.000000,1.000000,1.000000,0.000000,0.000000,0.000000,-0.754695,26.919519
52.922992,3.000000,65.102310,-4.903935,706.501996,8.596388,21.131414,228.415131,229.410889,239.250119,9.157958,0.431676,9.507010,-1.428278,-0.664852,-0.744779,0.182877,0.025891,0.002507,-0.000154,0.250000,0.250000,0.228034,102530.015625,1.039918,0.000000,0.000000,1.000000,1.000000,1.000000,1.000000,0.000000,0.000000,0.000000,-0.749811,26.674232
52.975266,3.000000,71.517632,-4.915917,706.427516,8.513197,20.887274,228.149567,229.154373,238.981838,9.169924,0.432170,9.517262,-1.422824,-0.663057,-0.745615,0.014814,0.026019,0.002526,-0.000156,0.250000,0.250000,0.229833,102530.015625,1.039271,0.000000,0.000000,1.000000,1.000000,1.000000,1.000000,0.000000,0.000000,0.000000,-0.745292,26.430090
53.025470,3.000000,77.717445,-4.927458,706.356246,8.432875,20.651943,227.894379,228.906525,238.722633,9.181504,0.432636,9.527308,-1.417817,-0.661441,-0.746425,-0.147602,0.026129,0.002543,-0.000157,0.250000,0.250000,0.231578,102530.015625,1.038713,0.000000,0.000000,1.000000,1.000000,1.000000,1.000000,0.000000,0.000000,0.000000,-0.741211,26.194759
53.079780,3.000000,84.468925,-4.939982,706.279416,8.367384,20.396299,227.618622,228.636810,238.440530,9.194134,0.433136,9.538426,-1.412678,-0.659824,-0.747308,-0.324466,0.026244,0.002562,-0.000158,0.250000,0.250000,0.233491,102530.015625,1.037958,0.000000,0.000000,1.000000,1.000000,1.000000,1.000000,0.000000,0.000000,0.000000,-0.737117,25.925823
53.135842,3.000000,91.230530,-4.952478,706.200383,8.283766,20.140867,227.333939,228.366760,238.158115,9.207277,0.433642,9.550179,-1.407905,-0.658375,-0.748194,-0.501594,0.026341,0.002581,-0.000160,0.250000,0.250000,0.235464,102530.015625,1.037388,0.000000,0.000000,1.000000,1.000000,1.000000,1.000000,0.000000,0.000000,0.000000,-0.733263,25.670391
53.191815,3.000000,97.971054,-4.964890,706.121735,8.183180,19.886768,227.049789,228.097641,237.876665,9.220513,0.434138,9.562140,-1.403402,-0.657045,-0.749079,-0.678166,0.026413,0.002601,-0.000161,0.250000,0.250000,0.237429,102530.015625,1.037012,0.000000,0.000000,1.000000,1.000000,1.000000,1.000000,0.000000,0.000000,0.000000,-0.729664,25.416292
53.247274,3.000000,104.875450,-4.977553,706.044058,8.084730,19.627020,226.767944,227.822113,237.588466,9.233731,0.434619,9.574138,-1.398901,-0.655732,-0.749987,-0.859029,0.026447,0.002622,-0.000162,0.250000,0.250000,0.239200,102530.015625,1.036763,0.000000,0.000000,1.000000,1.000000,1.000000,1.000000,0.000000,0.000000,0.000000,-0.726201,25.156546
53.298526,3.000000,111.051552,-4.988841,705.972486,7.990125,19.395102,226.507889,227.575699,237.330774,9.246027,0.435055,9.585357,-1.394985,-0.654607,-0.750802,-1.020813,0.026452,0.002641,-0.000163,0.250000,0.250000,0.240728,102530.015625,1.036557,0.000000,0.000000,1.000000,1.000000,1.000000,1.000000,0.000000,0.000000,0.000000,-0.723113,24.841621
53.349835,3.000000,117.336235,-5.000286,705.901036,7.888074,19.159513,226.247589,227.325150,237.068662,9.258414,0.435484,9.596685,-1.391057,-0.653486,-0.751632,-1.185438,0.026443,0.002661,-0.000164,0.250000,0.250000,0.242094,102530.015625,1.036501,0.000000,0.000000,1.000000,1.000000,1.000000,1.000000,0.000000,0.000000,0.000000,-0.720070,24.606031
53.404181,3.000000,124.007256,-5.012391,705.825575,7.759962,18.909887,225.972260,227.059174,236.790519,9.271605,0.435926,9.608723,-1.386842,-0.652271,-0.752514,-1.360182,0.026383,0.002685,-0.000165,0.250000,0.250000,0.243330,102530.015625,1.036659,0.000000,0.000000,1.000000,1.000000,1.000000,1.000000,0.000000,0.000000,0.000000,-0.716789,24.356405
53.454191,3.000000,129.815475,-5.022892,705.756340,7.653638,18.692938,225.718842,226.827713,236.548473,9.283794,0.436325,9.619798,-1.383069,-0.651162,-0.753284,-1.512324,0.026228,0.002702,-0.000166,0.250000,0.250000,0.244161,102530.015625,1.036858,0.000000,0.000000,1.000000,1.000000,1.000000,1.000000,0.000000,0.000000,0.000000,-0.713658,24.139456
53.505505,3.000000,136.169098,-5.034338,705.685508,7.558485,18.456053,225.458817,226.574615,236.283766,9.296334,0.436726,9.631161,-1.378857,-0.649907,-0.754128,-1.678750,0.026105,0.002724,-0.000167,0.250000,0.250000,0.244643,102530.015625,1.036858,0.000000,0.000000,1.000000,1.000000,1.000000,1.000000,0.000000,0.000000,0.000000,-0.710382,23.467251
53.564380,3.000000,143.183167,-5.046926,705.604503,7.440687,18.195084,225.160721,226.295273,235.991652,9.310738,0.437170,9.644163,-1.374122,-0.648477,-0.755062,-1.862474,0.025896,0.002747,-0.000168,0.250000,0.250000,0.244769,102530.015625,1.037027,0.000000,0.000000,1.000000,1.000000,1.000000,1.000000,0.000000,0.000000,0.000000,-0.706524,23.206282
53.620834,3.000000,150.066757,-5.059229,705.527101,7.328809,17.939545,224.874771,226.021240,235.705085,9.324538,0.437584,9.656568,-1.369369,-0.647019,-0.755979,-2.042778,0.025704,0.002773,-0.000169,0.250000,0.250000,0.244389,102530.015625,1.037187,0.000000,0.000000,1.000000,1.000000,1.000000,1.000000,0.000000,0.000000,0.000000,-0.702724,22.950743
53.675433,3.000000,156.750732,-5.071127,705.452500,7.207716,17.691978,224.598450,225.755280,235.426942,9.337856,0.437975,9.668462,-1.364610,-0.645533,-0.756872,-2.217852,0.025494,0.002798,-0.000170,0.250000,0.250000,0.243606,102530.015625,1.037502,0.000000,0.000000,1.000000,1.000000,1.000000,1.000000,0.000000,0.000000,0.000000,-0.698899,22.252563
53.729202,3.000000,163.026123,-5.082254,705.379295,7.087171,17.460091,224.326065,225.505615,235.165898,9.350917,0.438349,9.679998,-1.359913,-0.644025,-0.757713,-2.382223,0.025207,0.002819,-0.000170,0.250000,0.250000,0.242361,102530.015625,1.037880,0.000000,0.000000,1.000000,1.000000,1.000000,1.000000,0.000000,0.000000,0.000000,-0.694888,22.020676
53.786594,3.000000,170.086304,-5.094723,705.301453,6.963514,17.199875,224.035934,225.224899,234.872331,9.364768,0.438735,9.692123,-1.354408,-0.642220,-0.758659,-2.567147,0.024921,0.002847,-0.000171,0.250000,0.250000,0.240530,102530.015625,1.038199,0.000000,0.000000,1.000000,1.000000,1.000000,1.000000,0.000000,0.000000,0.000000,-0.690402,21.760458
53.839077,3.000000,176.343399,-5.105729,705.230549,6.867933,16.969889,223.770615,224.976212,234.612281,9.377331,0.439078,9.703021,-1.349343,-0.640527,-0.759500,-2.731035,0.024621,0.002872,-0.000171,0.250000,0.250000,0.238380,102530.015625,1.038382,0.000000,0.000000,1.000000,1.000000,1.000000,1.000000,0.000000,0.000000,0.000000,-0.686126,21.530472
53.894913,3.000000,183.107101,-5.117579,705.155411,6.780653,16.721970,223.488968,224.707474,234.331305,9.390562,0.439431,9.714466,-1.343814,-0.638668,-0.760411,-2.908192,0.024335,0.002895,-0.000172,0.250000,0.250000,0.235666,102530.015625,1.038290,0.000000,0.000000,1.000000,1.000000,1.000000,1.000000,0.000000,0.000000,0.000000,-0.681555,20.802006
53.951653,3.000000,189.900909,-5.129431,705.079371,6.653638,16.473671,223.202957,224.437637,234.049172,9.403835,0.439777,9.725889,-1.338230,-0.636781,-0.761327,-3.086135,0.024058,0.002920,-0.000172,0.250000,0.250000,0.232530,102530.015625,1.038576,0.000000,0.000000,1.000000,1.000000,1.000000,1.000000,0.000000,0.000000,0.000000,-0.676851,20.553707
54.005067,3.000000,196.650177,-5.141156,705.008087,6.542249,16.227751,222.934158,224.169754,233.769071,9.416158,0.440091,9.736360,-1.332442,-0.634786,-0.762240,-3.262910,0.023798,0.002947,-0.000173,0.250000,0.250000,0.229235,102530.015625,1.038850,0.000000,0.000000,1.000000,1.000000,1.000000,1.000000,0.000000,0.000000,0.000000,-0.672199,20.307787
54.055525,3.000000,202.466110,-5.151220,704.941023,6.457349,16.016468,222.680145,223.938995,233.527796,9.427630,0.440378,9.746047,-1.327363,-0.633020,-0.763027,-3.415238,0.023503,0.002969,-0.000173,0.250000,0.250000,0.225806,102530.015625,1.038828,0.000000,0.000000,1.000000,1.000000,1.000000,1.000000,0.000000,0.000000,0.000000,-0.667737,20.096504
54.108069,3.000000,208.714417,-5.161991,704.871468,6.354444,15.790129,222.416306,223.691208,233.268695,9.439381,0.440668,9.755935,-1.321912,-0.631121,-0.763874,-3.578890,0.023240,0.002992,-0.000173,0.250000,0.250000,0.221990,102530.015625,1.038879,0.000000,0.000000,1.000000,1.000000,1.000000,1.000000,0.000000,0.000000,0.000000,-0.663096,19.469704
54.167138,3.000000,215.788040,-5.174133,704.793625,6.231641,15.534724,222.120056,223.410812,232.975543,9.452344,0.440980,9.766713,-1.315576,-0.628887,-0.764835,-3.764157,0.022931,0.003019,-0.000173,0.250000,0.250000,0.217417,102530.015625,1.039134,0.000000,0.000000,1.000000,1.000000,1.000000,1.000000,0.000000,0.000000,0.000000,-0.657697,19.214300
54.224552,3.000000,222.547928,-5.185686,704.718330,6.115125,15.291512,221.832275,223.143036,232.695576,9.464676,0.441269,9.776852,-1.309379,-0.626677,-0.765756,-3.941205,0.022615,0.003048,-0.000173,0.250000,0.250000,0.212654,102530.015625,1.039318,0.000000,0.000000,1.000000,1.000000,1.000000,1.000000,0.000000,0.000000,0.000000,-0.652317,18.971087
54.283595,3.000000,229.687759,-5.197832,704.641282,5.982008,15.035575,221.536652,222.860352,232.400051,9.477066,0.441552,9.786890,-1.302652,-0.624251,-0.766729,-4.128203,0.022290,0.003079,-0.000173,0.250000,0.250000,0.207446,102530.015625,1.039662,0.000000,0.000000,1.000000,1.000000,1.000000,1.000000,0.000000,0.000000,0.000000,-0.646597,18.269173
54.339628,3.000000,236.370651,-5.209150,704.568520,5.878187,14.796914,221.256790,222.596039,232.123732,9.488572,0.441807,9.796433,-1.296618,-0.622099,-0.763189,-4.303232,0.025412,0.003106,-0.000174,0.250000,0.250000,0.204634,102530.015625,1.036671,0.000000,0.000000,1.000000,1.000000,1.000000,1.000000,0.000000,0.000000,0.000000,-0.641741,18.030512
54.397528,3.000000,243.202850,-5.220670,704.493599,5.787122,14.553561,220.968063,222.326279,231.841644,9.500521,0.442058,9.807466,-1.292656,-0.620953,-0.758775,-4.482171,0.028738,0.003134,-0.000174,0.250000,0.250000,0.208825,102530.015625,1.032706,0.000000,0.000000,1.000000,1.000000,1.000000,1.000000,0.000000,0.000000,0.000000,-0.639053,17.787159
54.449137,3.000000,249.326660,-5.230951,704.426950,5.680250,14.335668,220.710907,222.084808,231.589127,9.511527,0.442269,9.818361,-1.290693,-0.620686,-0.754814,-4.642555,0.031342,0.003162,-0.000174,0.250000,0.250000,0.217383,102530.015625,1.030504,0.000000,0.000000,1.000000,1.000000,1.000000,1.000000,0.000000,0.000000,0.000000,-0.638131,17.569265
54.506843,3.000000,256.234222,-5.242499,704.352498,5.561536,14.089888,220.424026,221.812744,231.304607,9.524487,0.442491,9.831742,-1.289695,-0.620969,-0.750334,-4.823465,0.033838,0.003191,-0.000174,0.250000,0.250000,0.231302,102530.015625,1.028821,0.000000,0.000000,1.000000,1.000000,1.000000,1.000000,0.000000,0.000000,0.000000,-0.638228,16.899242
54.560853,3.000000,262.643250,-5.253167,704.282837,5.434034,13.861691,220.156067,221.560669,231.040908,9.537434,0.442687,9.845375,-1.289442,-0.621556,-0.746163,-4.991318,0.035682,0.003222,-0.000174,0.250000,0.250000,0.247311,102530.015625,1.027873,0.000000,0.000000,1.000000,1.000000,1.000000,1.000000,0.000000,0.000000,0.000000,-0.638929,16.671047
54.614544,3.000000,268.992249,-5.263690,704.213592,5.341627,13.635414,219.890045,221.311157,230.779924,9.551212,0.442866,9.859918,-1.289414,-0.622245,-0.742016,-5.157598,0.037112,0.003250,-0.000174,0.250000,0.250000,0.264895,102530.015625,1.027523,0.000000,0.000000,1.000000,1.000000,1.000000,1.000000,0.000000,0.000000,0.000000,-0.639789,16.444769
54.673020,3.000000,275.968597,-5.275201,704.138177,5.228345,13.386505,219.600525,221.037079,230.493283,9.567332,0.443049,9.876821,-1.289368,-0.622996,-0.737443,-5.340307,0.038387,0.003283,-0.000175,0.250000,0.250000,0.284792,102530.015625,1.028015,0.000000,0.000000,1.000000,1.000000,1.000000,1.000000,0.000000,0.000000,0.000000,-0.640629,16.195860
54.729520,3.000000,282.650787,-5.286177,704.065323,5.140394,13.147862,219.321198,220.774704,230.218847,9.584023,0.443210,9.894121,-1.289024,-0.623573,-0.733046,-5.515311,0.039211,0.003313,-0.000174,0.250000,0.250000,0.304318,102530.015625,1.028564,0.000000,0.000000,1.000000,1.000000,1.000000,1.000000,0.000000,0.000000,0.000000,-0.641130,15.406900
54.779935,3.000000,288.364166,-5.295522,704.000344,5.075880,12.943690,219.071991,220.550400,229.984245,9.599840,0.443343,9.910336,-1.288448,-0.623930,-0.729275,-5.664941,0.039497,0.003336,-0.000174,0.250000,0.250000,0.321367,102530.015625,1.029125,0.000000,0.000000,1.000000,1.000000,1.000000,1.000000,0.000000,0.000000,0.000000,-0.641274,15.202728
54.832504,3.000000,294.803528,-5.306010,703.932638,5.002271,12.713495,218.812225,220.297531,229.719835,9.617225,0.443471,9.927899,-1.287341,-0.624111,-0.725014,-5.833584,0.040107,0.003364,-0.000174,0.250000,0.250000,0.338252,102530.015625,1.030125,0.000000,0.000000,1.000000,1.000000,1.000000,1.000000,0.000000,0.000000,0.000000,-0.640938,14.972532
54.888104,3.000000,301.398285,-5.316704,703.861110,4.917737,12.477751,218.537979,220.038605,229.449048,9.636554,0.443596,9.947153,-1.285671,-0.624038,-0.720640,-6.006296,0.040322,0.003390,-0.000174,0.250000,0.250000,0.355448,102530.015625,1.031482,0.000000,0.000000,1.000000,1.000000,1.000000,1.000000,0.000000,0.000000,0.000000,-0.640034,14.736788
54.938412,3.000000,307.327240,-5.326277,703.796493,4.859266,12.265911,218.290146,219.805786,229.205563,9.654831,0.443695,9.965044,-1.283495,-0.623643,-0.716702,-6.161571,0.040301,0.003416,-0.000174,0.250000,0.250000,0.369984,102530.015625,1.032523,0.000000,0.000000,1.000000,1.000000,1.000000,1.000000,0.000000,0.000000,0.000000,-0.638562,14.559829
54.990265,3.000000,313.521759,-5.336236,703.730032,4.794691,12.044810,218.034622,219.562439,228.951118,9.674397,0.443788,9.983850,-1.280505,-0.622882,-0.712583,-6.323799,0.040241,0.003440,-0.000173,0.250000,0.250000,0.383528,102530.015625,1.034061,0.000000,0.000000,1.000000,1.000000,1.000000,1.000000,0.000000,0.000000,0.000000,-0.636306,14.338727
55.046216,3.000000,320.133087,-5.346818,703.658521,4.728406,11.809230,217.759094,219.302612,228.679456,9.696246,0.443874,10.004480,-1.276471,-0.621657,-0.708186,-6.496943,0.039975,0.003467,-0.000172,0.250000,0.250000,0.396593,102530.015625,1.035590,0.000000,0.000000,1.000000,1.000000,1.000000,1.000000,0.000000,0.000000,0.000000,-0.633058,14.103147
55.100362,3.000000,326.353271,-5.356729,703.589560,4.660230,11.588101,217.492371,219.058044,228.423751,9.718041,0.443945,10.024684,-1.271881,-0.620115,-0.704051,-6.659842,0.039483,0.003494,-0.000172,0.250000,0.250000,0.407550,102530.015625,1.037320,0.000000,0.000000,1.000000,1.000000,1.000000,1.000000,0.000000,0.000000,0.000000,-0.629076,13.800688
55.156066,3.000000,333.091736,-5.367415,703.518921,4.595228,11.349298,217.217941,218.792969,228.146646,9.741023,0.444005,10.045511,-1.265809,-0.617904,-0.699579,-6.836315,0.039137,0.003524,-0.000171,0.250000,0.250000,0.416861,102530.015625,1.039112,0.000000,0.000000,1.000000,1.000000,1.000000,1.000000,0.000000,0.000000,0.000000,-0.623925,13.561884
55.214168,3.000000,339.697968,-5.377841,703.445628,4.522352,11.116117,216.931473,218.532913,227.874835,9.765490,0.444057,10.067250,-1.258906,-0.615268,-0.695205,-7.009323,0.038393,0.003548,-0.000170,0.250000,0.250000,0.424594,102530.015625,1.040957,0.000000,0.000000,1.000000,1.000000,1.000000,1.000000,0.000000,0.000000,0.000000,-0.617583,13.328704
55.265434,3.000000,345.842133,-5.387493,703.381339,4.450208,10.900257,216.678619,218.290894,227.621888,9.787398,0.444090,10.086245,-1.251451,-0.612305,-0.691151,-7.170230,0.037884,0.003576,-0.000169,0.250000,0.250000,0.429617,102530.015625,1.042811,0.000000,0.000000,1.000000,1.000000,1.000000,1.000000,0.000000,0.000000,0.000000,-0.610963,13.112844
55.318024,3.000000,351.899231,-5.396965,703.315813,4.383008,10.688575,216.419067,218.052139,227.372412,9.810094,0.444109,10.105465,-1.243121,-0.608896,-0.687170,-7.328856,0.037119,0.003607,-0.000168,0.250000,0.250000,0.433120,102530.015625,1.044661,0.000000,0.000000,1.000000,1.000000,1.000000,1.000000,0.000000,0.000000,0.000000,-0.603191,12.955626
55.375521,3.000000,358.698669,-5.407547,703.244719,4.319044,10.452473,216.135315,217.784027,227.092222,9.835059,0.444113,10.126149,-1.232758,-0.604566,-0.682726,-7.506923,0.036352,0.003639,-0.000167,0.250000,0.250000,0.435087,102530.015625,1.046360,0.000000,0.000000,1.000000,1.000000,1.000000,1.000000,0.000000,0.000000,0.000000,-0.593735,12.719524
55.433480,3.000000,365.323975,-5.417807,703.173686,4.249219,10.224144,215.849167,217.523621,226.820115,9.860255,0.444114,10.146557,-1.221719,-0.599871,-0.678422,-7.680429,0.035646,0.003633,-0.000160,0.250000,0.250000,0.433368,102530.015625,1.047297,0.000000,0.000000,1.000000,1.000000,1.000000,1.000000,0.000000,0.000000,0.000000,-0.583265,12.491195
55.483594,3.000000,371.095673,-5.426701,703.112818,4.169691,10.026750,215.601654,217.298859,226.585306,9.881854,0.444134,10.163680,-1.211466,-0.595454,-0.674690,-7.831579,0.035238,0.003636,-0.000147,0.250000,0.250000,0.429074,102530.015625,1.048674,0.000000,0.000000,1.000000,1.000000,1.000000,1.000000,0.000000,0.000000,0.000000,-0.573553,12.293800
55.534850,3.000000,377.232971,-5.436114,703.051123,4.115736,9.818524,215.348450,217.059769,226.335488,9.903707,0.444148,10.180676,-1.199925,-0.590432,-0.670753,-7.992303,0.034871,0.003664,-0.000134,0.250000,0.250000,0.424131,102530.015625,1.049462,0.000000,0.000000,1.000000,1.000000,1.000000,1.000000,0.000000,0.000000,0.000000,-0.563071,12.083787
55.589349,3.000000,383.305695,-5.445382,702.986174,4.057874,9.614268,215.079178,216.823090,226.088281,9.926650,0.444147,10.198219,-1.188072,-0.585240,-0.666888,-8.151337,0.034267,0.003696,-0.000120,0.250000,0.250000,0.418323,102530.015625,1.050350,0.000000,0.000000,1.000000,1.000000,1.000000,1.000000,0.000000,0.000000,0.000000,-0.551477,11.879532
55.641073,3.000000,389.620270,-5.454971,702.925171,3.994886,9.403845,214.823822,216.576965,225.831123,9.948112,0.444131,10.214315,-1.175235,-0.579576,-0.662904,-8.316703,0.033908,0.003731,-0.000108,0.250000,0.250000,0.412261,102530.015625,1.051189,0.000000,0.000000,1.000000,1.000000,1.000000,1.000000,0.000000,0.000000,0.000000,-0.540005,11.669108
55.691964,3.000000,395.428253,-5.463747,702.865776,3.934949,9.212133,214.573013,216.350479,225.594564,9.968919,0.444099,10.229647,-1.163039,-0.574163,-0.659274,-8.468802,0.033364,0.003766,-0.000096,0.250000,0.250000,0.405929,102530.015625,1.051926,0.000000,0.000000,1.000000,1.000000,1.000000,1.000000,0.000000,0.000000,0.000000,-0.528347,11.477396
55.745545,3.000000,401.533478,-5.472928,702.803944,3.881910,9.012606,214.308716,216.112274,225.345799,9.990455,0.444049,10.245182,-1.149767,-0.568238,-0.655495,-8.628685,0.032796,0.003803,-0.000085,0.250000,0.250000,0.398612,102530.015625,1.052665,0.000000,0.000000,1.000000,1.000000,1.000000,1.000000,0.000000,0.000000,0.000000,-0.515620,11.276869
55.797177,3.000000,407.486816,-5.481835,702.745054,3.828321,8.820065,214.054367,215.879944,225.103145,10.010826,0.443988,10.259650,-1.136558,-0.562316,-0.651848,-8.784591,0.032299,0.003836,-0.000074,0.250000,0.250000,0.391137,102530.015625,1.053025,0.000000,0.000000,1.000000,1.000000,1.000000,1.000000,0.000000,0.000000,0.000000,-0.503138,11.084328
55.852596,3.000000,413.880096,-5.491353,702.682623,3.752027,8.615584,213.781509,215.630386,224.842516,10.032246,0.443907,10.274486,-1.121950,-0.555732,-0.647974,-8.952016,0.031755,0.003878,-0.000063,0.250000,0.250000,0.382648,102530.015625,1.053997,0.000000,0.000000,1.000000,1.000000,1.000000,1.000000,0.000000,0.000000,0.000000,-0.489269,10.879847
55.903229,3.000000,419.878265,-5.500237,702.626305,3.682935,8.425970,213.532715,215.396271,224.597979,10.051396,0.443820,10.287405,-1.107791,-0.549317,-0.644383,-9.109095,0.031263,0.003918,-0.000053,0.250000,0.250000,0.374536,102530.015625,1.054784,0.000000,0.000000,1.000000,1.000000,1.000000,1.000000,0.000000,0.000000,0.000000,-0.476190,10.690232
55.958831,3.000000,426.337769,-5.509755,702.565279,3.632764,8.224270,213.259995,215.144043,224.334621,10.071939,0.443709,10.300923,-1.092142,-0.542193,-0.640563,-9.278254,0.030670,0.003960,-0.000043,0.250000,0.250000,0.365213,102530.015625,1.055077,0.000000,0.000000,1.000000,1.000000,1.000000,1.000000,0.000000,0.000000,0.000000,-0.461492,10.446660
56.012705,3.000000,432.444916,-5.518706,702.506980,3.590040,8.036016,212.995926,214.905548,224.085590,10.091339,0.443591,10.313462,-1.077244,-0.535392,-0.636999,-9.438186,0.030124,0.003997,-0.000033,0.250000,0.250000,0.355789,102530.015625,1.055158,0.000000,0.000000,1.000000,1.000000,1.000000,1.000000,0.000000,0.000000,0.000000,-0.447179,10.258406
56.067918,3.000000,438.902313,-5.528121,702.448073,3.538343,7.839540,212.726120,214.653397,223.822232,10.110690,0.443458,10.325776,-1.061482,-0.528179,-0.633280,-9.607288,0.029676,0.004039,-0.000024,0.250000,0.250000,0.345957,102530.015625,1.055119,0.000000,0.000000,1.000000,1.000000,1.000000,1.000000,0.000000,0.000000,0.000000,-0.432526,10.061931
56.120801,3.000000,445.013580,-5.536984,702.392453,3.492506,7.656046,212.468231,214.414688,223.573023,10.128715,0.443322,10.337064,-1.046580,-0.521345,-0.629808,-9.767327,0.029280,0.004079,-0.000015,0.250000,0.250000,0.336460,102530.015625,1.054990,0.000000,0.000000,1.000000,1.000000,1.000000,1.000000,0.000000,0.000000,0.000000,-0.418531,9.981098
56.179307,3.000000,451.402313,-5.546201,702.331836,3.418531,7.466781,212.183228,214.165161,223.312483,10.148071,0.443167,10.348911,-1.030949,-0.514158,-0.626229,-9.934632,0.028786,0.004122,-0.000006,0.250000,0.250000,0.325906,102530.015625,1.055270,0.000000,0.000000,1.000000,1.000000,1.000000,1.000000,0.000000,0.000000,0.000000,-0.402972,9.791833
56.233711,3.000000,457.940948,-5.555583,702.276336,3.361829,7.275819,211.919006,213.909851,223.045878,10.165513,0.443008,10.359277,-1.014751,-0.506685,-0.622620,-10.105862,0.028436,0.004170,0.000002,0.250000,0.250000,0.316032,102530.015625,1.055314,0.000000,0.000000,1.000000,1.000000,1.000000,1.000000,0.000000,0.000000,0.000000,-0.388346,9.600870
56.290943,3.000000,464.371246,-5.564757,702.218862,3.280591,7.090752,211.641663,213.658783,222.783766,10.183284,0.442832,10.369513,-0.998700,-0.499258,-0.619124,-10.274254,0.027973,0.004216,0.000010,0.250000,0.250000,0.305592,102530.015625,1.055886,0.000000,0.000000,1.000000,1.000000,1.000000,1.000000,0.000000,0.000000,0.000000,-0.372818,9.415803
56.342518,3.000000,470.137909,-5.572942,702.167885,3.198377,6.927142,211.392181,213.433716,222.548794,10.198776,0.442660,10.378013,-0.983958,-0.492408,-0.616036,-10.425267,0.027459,0.004266,0.000018,0.250000,0.250000,0.295998,102530.015625,1.056655,0.000000,0.000000,1.000000,1.000000,1.000000,1.000000,0.000000,0.000000,0.000000,-0.358454,9.124025
56.393467,3.000000,476.072479,-5.581324,702.118305,3.107984,6.761171,211.146408,213.202179,222.307089,10.213587,0.442474,10.385670,-0.968314,-0.485106,-0.612906,-10.580678,0.026939,0.004319,0.000025,0.250000,0.250000,0.286248,102530.015625,1.057564,0.000000,0.000000,1.000000,1.000000,1.000000,1.000000,0.000000,0.000000,0.000000,-0.343803,8.958055
56.447871,3.000000,482.380219,-5.590185,702.066246,3.013258,6.587533,210.884827,212.956207,222.050316,10.228848,0.442260,10.392956,-0.951026,-0.476996,-0.609634,-10.745860,0.026257,0.004378,0.000032,0.250000,0.250000,0.275399,102530.015625,1.058743,0.000000,0.000000,1.000000,1.000000,1.000000,1.000000,0.000000,0.000000,0.000000,-0.327517,8.784415
56.497923,3.000000,487.875366,-5.597865,702.019195,2.918165,6.438703,210.644760,212.742035,221.826749,10.242351,0.442044,10.398767,-0.935329,-0.469596,-0.606833,-10.889762,0.025507,0.004434,0.000039,0.250000,0.250000,0.264858,102530.015625,1.060063,0.000000,0.000000,1.000000,1.000000,1.000000,1.000000,0.000000,0.000000,0.000000,-0.311864,8.635585
56.552037,3.000000,493.963074,-5.606331,701.969273,2.843030,6.276621,210.385803,212.504898,221.579200,10.256331,0.441789,10.404058,-0.917193,-0.461006,-0.603788,-11.049182,0.024607,0.004497,0.000047,0.250000,0.250000,0.252692,102530.015625,1.060934,0.000000,0.000000,1.000000,1.000000,1.000000,1.000000,0.000000,0.000000,0.000000,-0.294232,8.053703
56.609360,3.000000,500.599274,-5.615510,701.917485,2.770887,6.103374,210.112625,212.246445,221.309481,10.270400,0.441504,10.408762,-0.897069,-0.451441,-0.600539,-11.222965,0.023686,0.004558,0.000054,0.250000,0.250000,0.238968,102530.015625,1.061368,0.000000,0.000000,1.000000,1.000000,1.000000,1.000000,0.000000,0.000000,0.000000,-0.275283,7.880457
56.661331,3.000000,506.489319,-5.623611,701.871527,2.677198,5.952680,209.865738,212.017227,221.070267,10.282455,0.441234,10.412076,-0.878796,-0.442724,-0.597720,-11.377208,0.022841,0.004617,0.000061,0.250000,0.250000,0.225863,102530.015625,1.062576,0.000000,0.000000,1.000000,1.000000,1.000000,1.000000,0.000000,0.000000,0.000000,-0.257640,7.729763
56.720418,3.000000,513.156311,-5.632732,701.820462,2.593091,5.785724,209.586136,211.758011,220.799732,10.295308,0.440908,10.414617,-0.857358,-0.432453,-0.594603,-11.551796,0.021799,0.004686,0.000068,0.250000,0.250000,0.210099,102530.015625,1.063317,0.000000,0.000000,1.000000,1.000000,1.000000,1.000000,0.000000,0.000000,0.000000,-0.236889,7.098414
56.773076,3.000000,519.388977,-5.641210,701.776041,2.520704,5.633234,209.337906,211.515778,220.547007,10.305953,0.440604,10.415875,-0.836910,-0.422624,-0.591765,-11.715012,0.020834,0.004747,0.000074,0.250000,0.250000,0.195325,102530.015625,1.063833,0.000000,0.000000,1.000000,1.000000,1.000000,1.000000,0.000000,0.000000,0.000000,-0.218054,6.945924
56.825439,3.000000,525.048889,-5.648869,701.732899,2.455457,5.497797,209.092010,211.296036,220.317671,10.315750,0.440290,10.416257,-0.818166,-0.413589,-0.589252,-11.863227,0.020005,0.004799,0.000081,0.250000,0.250000,0.180023,102530.015625,1.063868,0.000000,0.000000,1.000000,1.000000,1.000000,1.000000,0.000000,0.000000,0.000000,-0.199198,6.810488
56.882324,3.000000,531.472351,-5.657515,701.687209,2.364576,5.347665,208.825821,211.046799,220.057606,10.325470,0.439936,10.415534,-0.796586,-0.403156,-0.586476,-12.031438,0.019063,0.004869,0.000087,0.250000,0.250000,0.162861,102530.015625,1.064791,0.000000,0.000000,1.000000,1.000000,1.000000,1.000000,0.000000,0.000000,0.000000,-0.178341,6.660356
56.932870,3.000000,537.255920,-5.665258,701.647649,2.300733,5.215782,208.590576,210.822632,219.823701,10.333270,0.439607,10.413946,-0.776873,-0.393598,-0.584046,-12.182892,0.018217,0.004928,0.000093,0.250000,0.250000,0.147071,102530.015625,1.064804,0.000000,0.000000,1.000000,1.000000,1.000000,1.000000,0.000000,0.000000,0.000000,-0.159630,6.126997
56.983197,3.000000,542.922424,-5.672806,701.609243,2.215711,5.089640,208.357407,210.603210,219.594750,10.340237,0.439269,10.411405,-0.757327,-0.384095,-0.581731,-12.331280,0.017395,0.004991,0.000099,0.250000,0.250000,0.130933,102530.015625,1.065471,0.000000,0.000000,1.000000,1.000000,1.000000,1.000000,0.000000,0.000000,0.000000,-0.140723,6.000855
57.033882,3.000000,548.679565,-5.680437,701.571575,2.137830,4.964668,208.123550,210.380569,219.362433,10.346416,0.438910,10.407790,-0.737050,-0.374207,-0.579447,-12.482040,0.016502,0.005061,0.000105,0.250000,0.250000,0.114215,102530.015625,1.065996,0.000000,0.000000,1.000000,1.000000,1.000000,1.000000,0.000000,0.000000,0.000000,-0.121295,5.875883
57.086328,3.000000,554.501282,-5.688113,701.533681,2.074476,4.841621,207.882660,210.155624,219.127772,10.351911,0.438525,10.403069,-0.716344,-0.364085,-0.577210,-12.634493,0.015632,0.005129,0.000110,0.250000,0.250000,0.096455,102530.015625,1.065777,0.000000,0.000000,1.000000,1.000000,1.000000,1.000000,0.000000,0.000000,0.000000,-0.101080,5.752836
57.138371,3.000000,560.496582,-5.695977,701.497162,2.009656,4.718415,207.644806,209.924301,218.886423,10.356426,0.438130,10.397492,-0.695126,-0.353690,-0.574981,-12.791491,0.014785,0.005194,0.000116,0.250000,0.250000,0.078518,102530.015625,1.065566,0.000000,0.000000,1.000000,1.000000,1.000000,1.000000,0.000000,0.000000,0.000000,-0.081144,5.126291
57.189363,3.000000,566.184753,-5.703399,701.462424,1.936048,4.604798,207.413040,209.705139,218.657768,10.359939,0.437735,10.391089,-0.674983,-0.343801,-0.572937,-12.940445,0.014048,0.005263,0.000121,0.250000,0.250000,0.060696,102530.015625,1.065544,0.000000,0.000000,1.000000,1.000000,1.000000,1.000000,0.000000,0.000000,0.000000,-0.061602,5.012674
57.242230,3.000000,572.030701,-5.710988,701.427505,1.864332,4.491382,207.173935,209.480148,218.423063,10.362619,0.437317,10.383456,-0.654230,-0.333589,-0.570910,-13.093532,0.013315,0.005332,0.000126,0.250000,0.250000,0.042034,102530.015625,1.065421,0.000000,0.000000,1.000000,1.000000,1.000000,1.000000,0.000000,0.000000,0.000000,-0.041314,4.899258
57.295092,3.000000,578.005310,-5.718704,701.393703,1.788221,4.378996,206.936142,209.250595,218.183612,10.364305,0.436882,10.374751,-0.632918,-0.323076,-0.568915,-13.249987,0.012530,0.005409,0.000132,0.250000,0.250000,0.023181,102530.015625,1.065505,0.000000,0.000000,1.000000,1.000000,1.000000,1.000000,0.000000,0.000000,0.000000,-0.020925,4.786872
57.348951,3.000000,583.946472,-5.726336,701.360409,1.723157,4.270783,206.695236,209.022736,217.945867,10.364991,0.436429,10.364980,-0.611912,-0.312695,-0.567008,-13.405566,0.011855,0.005482,0.000137,0.250000,0.250000,0.003855,102530.015625,1.064752,0.000000,0.000000,1.000000,1.000000,1.000000,1.000000,0.000000,0.000000,0.000000,-0.000447,4.313534
57.406510,3.000000,590.586792,-5.734820,701.326077,1.672742,4.153953,206.439514,208.768448,217.680596,10.364582,0.435938,10.353638,-0.588899,-0.301301,-0.564967,-13.579453,0.011147,0.005552,0.000142,0.250000,0.250000,-0.016757,102530.015625,1.063199,0.000000,0.000000,1.000000,1.000000,1.000000,1.000000,0.000000,0.000000,0.000000,0.020909,4.196703
57.457341,3.000000,595.979614,-5.741673,701.296813,1.601758,4.062212,206.214706,208.562317,217.465556,10.363228,0.435494,10.342846,-0.570683,-0.292270,-0.563378,-13.720674,0.010782,0.005621,0.000146,0.250000,0.250000,-0.034623,102530.015625,1.062512,0.000000,0.000000,1.000000,1.000000,1.000000,1.000000,0.000000,0.000000,0.000000,0.039308,4.104962
57.510019,3.000000,601.798706,-5.749031,701.267505,1.537061,3.966319,205.983078,208.340271,217.233935,10.360872,0.435026,10.330859,-0.551319,-0.282655,-0.561732,-13.873056,0.010352,0.005695,0.000151,0.250000,0.250000,-0.052847,102530.015625,1.061734,0.000000,0.000000,1.000000,1.000000,1.000000,1.000000,0.000000,0.000000,0.000000,0.058037,4.009070
57.565735,3.000000,607.821533,-5.756607,701.237616,1.470289,3.870403,205.739563,208.110947,216.994662,10.357347,0.434520,10.317310,-0.531598,-0.272845,-0.560101,-14.030773,0.009969,0.005779,0.000156,0.250000,0.250000,-0.071783,102530.015625,1.060827,0.000000,0.000000,1.000000,1.000000,1.000000,1.000000,0.000000,0.000000,0.000000,0.077492,3.505621
57.623232,3.000000,614.493530,-5.764953,701.207940,1.397230,3.768047,205.490005,207.857437,216.730208,10.352612,0.433986,10.302472,-0.510259,-0.262212,-0.558381,-14.205490,0.009462,0.005867,0.000160,0.250000,0.250000,-0.090891,102530.015625,1.059773,0.000000,0.000000,1.000000,1.000000,1.000000,1.000000,0.000000,0.000000,0.000000,0.097044,3.403266
57.681522,3.000000,621.056335,-5.773115,701.179024,1.342481,3.671222,205.239304,207.608643,216.470691,10.346708,0.433437,10.286633,-0.489844,-0.252023,-0.556774,-14.377347,0.009104,0.005950,0.000164,0.250000,0.250000,-0.109949,102530.015625,1.058061,0.000000,0.000000,1.000000,1.000000,1.000000,1.000000,0.000000,0.000000,0.000000,0.116233,3.306441
57.737196,3.000000,627.229248,-5.780750,701.152465,1.290052,3.583535,205.001694,207.375214,216.227132,10.340048,0.432909,10.270935,-0.471511,-0.242864,-0.555337,-14.538995,0.008926,0.006024,0.000168,0.250000,0.250000,-0.127533,102530.015625,1.056048,0.000000,0.000000,1.000000,1.000000,1.000000,1.000000,0.000000,0.000000,0.000000,0.133635,3.218753
57.789274,3.000000,632.866272,-5.787687,701.128512,1.265638,3.506196,204.780746,207.162476,216.005211,10.332952,0.432421,10.255996,-0.455824,-0.235025,-0.554085,-14.686608,0.008959,0.006086,0.000171,0.250000,0.250000,-0.143119,102530.015625,1.053125,0.000000,0.000000,1.000000,1.000000,1.000000,1.000000,0.000000,0.000000,0.000000,0.148700,2.705141
57.840180,3.000000,638.677490,-5.794804,701.105842,1.249708,3.428954,204.566238,206.943619,215.776883,10.325267,0.431959,10.241574,-0.441440,-0.227850,-0.552849,-14.838783,0.009237,0.006131,0.000174,0.250000,0.250000,-0.157138,102530.015625,1.049419,0.000000,0.000000,1.000000,1.000000,1.000000,1.000000,0.000000,0.000000,0.000000,0.161587,2.627899
57.898766,3.000000,644.953613,-5.802450,701.080537,1.244153,3.347968,204.321518,206.707733,215.530788,10.315609,0.431457,10.225294,-0.427979,-0.221154,-0.551567,-15.003133,0.009934,0.006178,0.000176,0.250000,0.250000,-0.171360,102530.015625,1.044577,0.000000,0.000000,1.000000,1.000000,1.000000,1.000000,0.000000,0.000000,0.000000,0.174200,2.546913
57.950168,3.000000,650.763977,-5.809493,701.058909,1.243543,3.274904,204.107986,206.489853,215.303453,10.306501,0.431045,10.211779,-0.418181,-0.216319,-0.550422,-15.155286,0.010935,0.006205,0.000177,0.250000,0.250000,-0.181552,102530.015625,1.039444,0.000000,0.000000,1.000000,1.000000,1.000000,1.000000,0.000000,0.000000,0.000000,0.182535,2.475878
58.006017,3.000000,657.106201,-5.817142,701.035858,1.242322,3.196687,203.877716,206.252625,215.055890,10.296096,0.430629,10.197938,-0.410291,-0.212483,-0.549205,-15.321366,0.012386,0.006245,0.000178,0.250000,0.250000,-0.189767,102530.015625,1.033978,0.000000,0.000000,1.000000,1.000000,1.000000,1.000000,0.000000,0.000000,0.000000,0.188954,2.397661
58.058461,3.000000,662.674500,-5.823824,701.014495,1.247694,3.128905,203.662582,206.044769,214.839026,10.285996,0.430275,10.186131,-0.406130,-0.210539,-0.548153,-15.467180,0.014004,0.006267,0.000179,0.250000,0.250000,-0.194490,102530.015625,1.028576,0.000000,0.000000,1.000000,1.000000,1.000000,1.000000,0.000000,0.000000,0.000000,0.192043,2.329879
58.113867,3.000000,668.961731,-5.831334,700.992055,1.242811,3.052815,203.437088,205.808319,214.592204,10.275250,0.429900,10.175074,-0.404433,-0.209901,-0.546979,-15.631820,0.015776,0.006373,0.000161,0.250000,0.250000,-0.192775,102530.015625,1.023813,0.000000,0.000000,1.000000,1.000000,1.000000,1.000000,0.000000,0.000000,0.000000,0.192419,2.253789
58.171872,3.000000,675.187622,-5.838737,700.968547,1.224866,2.977422,203.202377,205.573883,214.347533,10.264216,0.429504,10.165074,-0.405417,-0.210652,-0.545813,-15.794854,0.017640,0.006427,0.000140,0.250000,0.250000,-0.187690,102530.015625,1.019513,0.000000,0.000000,1.000000,1.000000,1.000000,1.000000,0.000000,0.000000,0.000000,0.190198,2.411858
58.223245,3.000000,680.641113,-5.845193,700.947598,1.222852,2.910973,202.993546,205.368927,214.133649,10.254765,0.429175,10.157423,-0.407983,-0.212197,-0.544778,-15.937661,0.018895,0.006463,0.000122,0.250000,0.250000,-0.181593,102530.015625,1.016753,0.000000,0.000000,1.000000,1.000000,1.000000,1.000000,0.000000,0.000000,0.000000,0.186535,2.345409
58.284021,3.000000,687.414795,-5.853179,700.922539,1.198194,2.827558,202.750351,205.115097,213.868616,10.244065,0.428822,10.150340,-0.413778,-0.215478,-0.543468,-16.115040,0.021287,0.006495,0.000102,0.250000,0.250000,-0.170974,102530.015625,1.011437,0.000000,0.000000,1.000000,1.000000,1.000000,1.000000,0.000000,0.000000,0.000000,0.179359,2.261994
58.337034,3.000000,693.535950,-5.860363,700.900308,1.196485,2.750854,202.539368,204.886261,213.629744,10.235341,0.428542,10.145915,-0.421423,-0.219704,-0.542248,-16.275330,0.023680,0.006524,0.000085,0.250000,0.250000,-0.158764,102530.015625,1.006718,0.000000,0.000000,1.000000,1.000000,1.000000,1.000000,0.000000,0.000000,0.000000,0.170920,2.185289
58.387853,3.000000,699.109375,-5.866879,700.878555,1.188795,2.679537,202.337921,204.678406,213.412716,10.227658,0.428302,10.143408,-0.430534,-0.224682,-0.541099,-16.421278,0.025823,0.006547,0.000069,0.250000,0.250000,-0.144524,102530.015625,1.003279,0.000000,0.000000,1.000000,1.000000,1.000000,1.000000,0.000000,0.000000,0.000000,0.160827,2.248993
58.438403,3.000000,704.537476,-5.873199,700.856397,1.182020,2.608411,202.137802,204.476334,213.201739,10.220797,0.428087,10.142506,-0.440940,-0.230341,-0.539936,-16.563419,0.027849,0.006573,0.000054,0.250000,0.250000,-0.128444,102530.015625,1.000190,0.000000,0.000000,1.000000,1.000000,1.000000,1.000000,0.000000,0.000000,0.000000,0.149253,2.177867
58.490766,3.000000,710.280884,-5.879860,700.832812,1.195814,2.531103,201.931320,204.263031,212.978958,10.214609,0.427886,10.143590,-0.453875,-0.237346,-0.538653,-16.713818,0.030133,0.006589,0.000039,0.250000,0.250000,-0.109200,102530.015625,0.995390,0.000000,0.000000,1.000000,1.000000,1.000000,1.000000,0.000000,0.000000,0.000000,0.135189,2.100559
58.541351,3.000000,716.019104,-5.886489,700.809310,1.197095,2.451370,201.732285,204.050247,212.756740,10.209650,0.427725,10.146701,-0.468995,-0.245508,-0.537308,-16.864080,0.032766,0.006603,0.000025,0.250000,0.250000,-0.088364,102530.015625,0.991675,0.000000,0.000000,1.000000,1.000000,1.000000,1.000000,0.000000,0.000000,0.000000,0.119635,2.020826
58.592805,3.000000,721.496643,-5.892792,700.784589,1.172132,2.372631,201.529999,203.847504,212.544977,10.205747,0.427584,10.151742,-0.484938,-0.254107,-0.535958,-17.007517,0.034903,0.006625,0.000011,0.250000,0.250000,-0.065013,102530.015625,0.989937,0.000000,0.000000,1.000000,1.000000,1.000000,1.000000,0.000000,0.000000,0.000000,0.102444,2.244622
58.646100,3.000000,727.291016,-5.899435,700.758064,1.155958,2.286342,201.320648,203.633438,212.321365,10.203022,0.427448,10.158749,-0.502643,-0.263662,-0.534453,-17.159250,0.037118,0.006658,-0.000002,0.250000,0.250000,-0.039150,102530.015625,0.987808,0.000000,0.000000,1.000000,1.000000,1.000000,1.000000,0.000000,0.000000,0.000000,0.083782,2.158332
58.703587,3.000000,733.632019,-5.906674,700.728344,1.162061,2.188183,201.095078,203.399628,212.077050,10.201679,0.427315,10.168708,-0.523466,-0.274900,-0.532713,-17.325298,0.039598,0.006680,-0.000015,0.250000,0.250000,-0.009284,102530.015625,0.984599,0.000000,0.000000,1.000000,1.000000,1.000000,1.000000,0.000000,0.000000,0.000000,0.062165,2.060173
58.753936,3.000000,739.166931,-5.912966,700.701292,1.144727,2.099058,200.897369,203.196976,211.865332,10.201928,0.427231,10.179469,-0.542947,-0.285416,-0.531104,-17.470236,0.041977,0.006649,-0.000017,0.250000,0.250000,0.016412,102530.015625,0.982848,0.000000,0.000000,1.000000,1.000000,1.000000,1.000000,0.000000,0.000000,0.000000,0.042106,1.971048
58.812301,3.000000,745.418640,-5.920041,700.668691,1.115430,1.994340,200.667969,202.970352,211.628461,10.203824,0.427191,10.193885,-0.565610,-0.297662,-0.529180,-17.633945,0.044349,0.006651,-0.000009,0.250000,0.250000,0.046573,102530.015625,0.982003,0.000000,0.000000,1.000000,1.000000,1.000000,1.000000,0.000000,0.000000,0.000000,0.018266,2.035267
58.865262,3.000000,751.086914,-5.926425,700.637932,1.079847,1.895590,200.459518,202.765152,211.413999,10.207106,0.427162,10.208714,-0.586509,-0.308973,-0.527339,-17.782375,0.046254,0.006685,-0.000002,0.250000,0.250000,0.075194,102530.015625,0.981726,0.000000,0.000000,1.000000,1.000000,1.000000,1.000000,0.000000,0.000000,0.000000,-0.003672,1.936517
58.917533,3.000000,756.764893,-5.932792,700.606480,1.027112,1.793027,200.253479,202.559906,211.199434,10.211856,0.427118,10.224668,-0.607207,-0.320201,-0.525403,-17.931061,0.047966,0.006741,0.000005,0.250000,0.250000,0.104107,102530.015625,0.983076,0.000000,0.000000,1.000000,1.000000,1.000000,1.000000,0.000000,0.000000,0.000000,-0.024913,1.833954
58.974033,3.000000,762.900330,-5.939640,700.571311,0.951795,1.678231,200.030457,202.338364,210.967902,10.218687,0.427036,10.243005,-0.628517,-0.331803,-0.523210,-18.091724,0.049312,0.006818,0.000013,0.250000,0.250000,0.135441,102530.015625,0.985774,0.000000,0.000000,1.000000,1.000000,1.000000,1.000000,0.000000,0.000000,0.000000,-0.046683,1.681435
59.031162,3.000000,769.278870,-5.946723,700.534610,0.862989,1.554803,199.804321,202.108444,210.727532,10.227359,0.426896,10.262072,-0.648406,-0.342693,-0.520825,-18.258755,0.050327,0.006920,0.000021,0.250000,0.250000,0.165752,102530.015625,0.990847,0.000000,0.000000,1.000000,1.000000,1.000000,1.000000,0.000000,0.000000,0.000000,-0.066303,1.558007
59.088994,3.000000,775.405273,-5.953492,700.496449,0.802503,1.432833,199.574783,201.887833,210.496935,10.237841,0.426684,10.281595,-0.664659,-0.351667,-0.518446,-18.419182,0.050091,0.007026,0.000030,0.250000,0.250000,0.194105,102530.015625,0.994968,0.000000,0.000000,1.000000,1.000000,1.000000,1.000000,0.000000,0.000000,0.000000,-0.083317,1.436037
59.143172,3.000000,781.437256,-5.960124,700.459905,0.744398,1.309901,199.359344,201.670746,210.270030,10.249062,0.426435,10.300272,-0.678647,-0.359456,-0.516030,-18.577135,0.050001,0.007107,0.000038,0.250000,0.250000,0.218036,102530.015625,0.998922,0.000000,0.000000,1.000000,1.000000,1.000000,1.000000,0.000000,0.000000,0.000000,-0.097309,1.313105
59.196671,3.000000,786.996948,-5.966207,700.423186,0.676160,1.194450,199.145920,201.470718,210.060996,10.261343,0.426145,10.318567,-0.689208,-0.365412,-0.513746,-18.722723,0.048942,0.007202,0.000046,0.250000,0.250000,0.238724,102530.015625,1.004155,0.000000,0.000000,1.000000,1.000000,1.000000,1.000000,0.000000,0.000000,0.000000,-0.108554,0.879206
59.254751,3.000000,793.198059,-5.972959,700.382788,0.587720,1.063769,198.913208,201.247726,209.827996,10.275794,0.425766,10.337596,-0.697511,-0.370225,-0.511146,-18.885107,0.047553,0.007323,0.000055,0.250000,0.250000,0.256618,102530.015625,1.011073,0.000000,0.000000,1.000000,1.000000,1.000000,1.000000,0.000000,0.000000,0.000000,-0.117057,0.748526
59.311008,3.000000,799.395447,-5.979671,700.343348,0.515882,0.931887,198.687241,201.025009,209.595308,10.290638,0.425323,10.354864,-0.701877,-0.372956,-0.508511,-19.047392,0.045877,0.007444,0.000064,0.250000,0.250000,0.269266,102530.015625,1.017544,0.000000,0.000000,1.000000,1.000000,1.000000,1.000000,0.000000,0.000000,0.000000,-0.121495,0.616644
59.365142,4.000000,805.295288,-5.986030,700.306151,0.439039,0.000000,198.469330,200.774063,209.333730,10.304274,0.412515,10.312247,-0.666251,-0.354468,-0.486486,-19.201887,0.006532,0.064000,0.072862,1.000000,0.261153,0.121827,102530.015625,2.029457,1.000000,0.000000,1.000000,1.000000,1.000000,1.000000,1.000000,0.000000,0.000000,-0.015584,0.491128
59.418940,4.000000,810.954285,-5.992327,700.289497,0.386060,0.000000,198.251770,200.019501,208.550584,10.292858,0.347394,10.023426,-0.142385,-0.076039,-0.488313,-19.350073,0.106348,0.003932,0.075644,1.000000,0.336848,-0.416534,102530.015625,1.876723,1.000000,0.000000,1.000000,1.000000,1.000000,1.000000,1.000000,0.000000,0.000000,0.503958,0.017501
59.474897,4.000000,816.824646,-5.999413,700.294888,0.387220,0.000000,198.023666,199.705185,208.222833,10.273536,0.347117,9.870774,0.159599,0.085366,-0.489082,-19.503796,0.081567,-0.060171,0.070507,1.000000,0.407373,-0.267687,102530.015625,1.189589,1.000000,0.000000,1.000000,1.000000,1.000000,1.000000,1.000000,0.000000,0.000000,0.752576,0.026729
59.528355,4.000000,822.642090,-6.006858,700.304299,0.385999,0.779787,197.805496,199.481735,207.989952,10.262568,0.371713,9.871082,0.162738,0.087142,-0.508713,-19.656132,0.060507,-0.023297,0.066165,1.000000,0.467721,-0.158945,102530.015625,0.930660,0.000000,0.000000,1.000000,1.000000,1.000000,1.000000,1.000000,0.000000,0.000000,0.730744,0.058343
59.581502,4.000000,828.332214,-6.014417,700.311254,0.387098,0.803682,197.588470,199.262924,207.761980,10.256320,0.361714,9.887278,0.118761,0.063664,-0.509857,-19.805134,0.044498,-0.002692,0.061588,1.000000,0.521623,-0.085506,102530.015625,0.956554,1.000000,0.000000,1.000000,1.000000,1.000000,1.000000,1.000000,0.000000,0.000000,0.688189,0.000000
59.640554,4.000000,834.531311,-6.022924,700.316889,0.399610,0.000000,197.347076,199.020462,207.509285,10.253107,0.343654,9.900325,0.087154,0.046777,-0.490763,-19.967464,0.030657,-0.001379,0.056086,1.000000,0.575127,-0.029470,102530.015625,0.975495,1.000000,0.000000,1.000000,1.000000,1.000000,1.000000,1.000000,0.000000,0.000000,0.657182,0.000000
59.694932,4.000000,840.395142,-6.031208,700.320739,0.399793,0.000000,197.124313,198.787689,207.266660,10.252509,0.327975,9.909751,0.065448,0.035168,-0.491338,-20.121016,0.020476,-0.002434,0.051411,1.000000,0.619100,0.004153,102530.015625,1.012943,1.000000,0.000000,1.000000,1.000000,1.000000,1.000000,1.000000,0.000000,0.000000,0.637887,0.000000
59.747787,4.000000,846.089661,-6.039450,700.324130,0.384412,0.000000,196.907471,198.558121,207.027313,10.253322,0.316449,9.909629,0.065145,0.035046,-0.491906,-20.270134,0.012228,-0.004803,0.047225,1.000000,0.657472,0.024990,102530.015625,1.036499,1.000000,0.000000,1.000000,1.000000,1.000000,1.000000,1.000000,0.000000,0.000000,0.639009,0.000000
59.800275,4.000000,851.649109,-6.047665,700.327711,0.395277,0.000000,196.692047,198.331406,206.790977,10.254913,0.306276,9.909410,0.069514,0.037439,-0.492468,-20.415714,0.005508,-0.004080,0.043608,1.000000,0.691728,0.035446,102530.015625,1.025252,1.000000,0.000000,1.000000,1.000000,1.000000,1.000000,1.000000,0.000000,0.000000,0.641751,0.000000
59.858409,4.000000,857.738525,-6.056831,700.331486,0.408643,0.871363,196.452789,198.080933,206.529859,10.257037,0.292455,9.917293,0.061163,0.032983,-0.514566,-20.575172,-0.000672,-0.000356,0.040225,1.000000,0.725699,0.038607,102530.015625,1.002738,1.000000,0.000000,1.000000,1.000000,1.000000,1.000000,1.000000,0.000000,0.000000,0.630373,0.000000
59.912916,4.000000,863.525574,-6.065687,700.334575,0.404127,0.000000,196.227844,197.839828,206.278514,10.259083,0.281419,9.920154,0.057369,0.030974,-0.493691,-20.726711,-0.005832,-0.004107,0.037116,1.000000,0.754152,0.038317,102530.015625,1.025615,1.000000,0.000000,1.000000,1.000000,1.000000,1.000000,1.000000,0.000000,0.000000,0.628197,0.000000
59.963907,4.000000,868.959045,-6.074116,700.337453,0.404371,0.000000,196.017075,197.610611,206.039523,10.260915,0.274345,9.923088,0.056488,0.030535,-0.494264,-20.868994,-0.010269,-0.006894,0.034381,1.000000,0.778085,0.035735,102530.015625,1.015553,1.000000,0.000000,1.000000,1.000000,1.000000,1.000000,1.000000,0.000000,0.000000,0.625535,0.000000
60.019916,4.000000,873.375000,-6.081037,700.340415,0.399793,0.000000,195.783600,197.422562,205.843510,10.262720,0.267620,9.926285,0.052221,0.028255,-0.494735,-20.984631,-0.014890,-0.006520,0.031740,1.000000,0.801761,0.031788,102530.015625,1.038308,1.000000,0.000000,1.000000,1.000000,1.000000,1.000000,1.000000,0.000000,0.000000,0.622273,0.000000
60.077347,4.000000,880.938599,-6.093019,700.343527,0.406263,0.000000,195.545013,197.095963,205.503020,10.264326,0.262584,9.927703,0.053957,0.029243,-0.495554,-21.182692,-0.019346,-0.009159,0.029190,1.000000,0.823357,0.026419,102530.015625,1.024892,1.000000,0.000000,1.000000,1.000000,1.000000,1.000000,1.000000,0.000000,0.000000,0.621905,0.000000
60.129904,4.000000,886.594971,-6.102063,700.346255,0.408277,0.000000,195.325867,196.848816,205.245327,10.265491,0.260198,9.930792,0.050915,0.027628,-0.496177,-21.330809,-0.023144,-0.010434,0.027037,1.000000,0.841056,0.020627,102530.015625,1.018851,1.000000,0.000000,1.000000,1.000000,1.000000,1.000000,1.000000,0.000000,0.000000,0.617704,0.000000
60.182056,4.000000,891.845398,-6.110510,700.348639,0.418775,0.000000,195.107635,196.617020,205.003711,10.266316,0.257196,9.936244,0.043499,0.023632,-0.496761,-21.468298,-0.026562,-0.008276,0.025306,1.000000,0.856865,0.013917,102530.015625,1.013269,1.000000,0.000000,1.000000,1.000000,1.000000,1.000000,1.000000,0.000000,0.000000,0.608532,0.000000
60.241360,4.000000,898.131470,-6.120677,700.350880,0.430128,0.000000,194.858490,196.336105,204.710826,10.266824,0.252539,9.940789,0.036127,0.019655,-0.497472,-21.632904,-0.030148,-0.007945,0.023536,1.000000,0.872939,0.006127,102530.015625,1.011877,1.000000,0.000000,1.000000,1.000000,1.000000,1.000000,1.000000,0.000000,0.000000,0.600359,0.000000
60.294814,4.000000,903.856323,-6.129972,700.352385,0.440015,0.941216,194.632828,196.077606,204.441329,10.266884,0.248208,9.947219,0.024875,0.013551,-0.521562,-21.782816,-0.033364,-0.006875,0.022170,1.000000,0.885877,-0.000988,102530.015625,1.007499,0.000000,0.000000,1.000000,1.000000,1.000000,1.000000,1.000000,0.000000,0.000000,0.587988,0.000000
60.352170,4.000000,909.854858,-6.139739,700.353404,0.431287,0.000000,194.389633,195.803436,204.155504,10.266531,0.244769,9.951086,0.015819,0.008630,-0.498825,-21.939894,-0.036335,-0.010807,0.020608,1.000000,0.898294,-0.008174,102530.015625,1.027467,1.000000,0.000000,1.000000,1.000000,1.000000,1.000000,1.000000,0.000000,0.000000,0.579533,0.000000
60.403601,4.000000,915.144653,-6.148359,700.354205,0.428785,0.000000,194.170319,195.558685,203.900288,10.265907,0.247081,9.949535,0.016462,0.008992,-0.499449,-22.078413,-0.038934,-0.017348,0.018900,1.000000,0.908277,-0.013087,102530.015625,1.039743,1.000000,0.000000,1.000000,1.000000,1.000000,1.000000,1.000000,0.000000,0.000000,0.580613,0.000000
60.463212,4.000000,921.313416,-6.158403,700.355188,0.434644,0.000000,193.914688,195.270248,203.599543,10.264889,0.253768,9.950232,0.015901,0.008698,-0.500187,-22.239948,-0.041752,-0.018552,0.017165,1.000000,0.918627,-0.018365,102530.015625,1.015652,1.000000,0.000000,1.000000,1.000000,1.000000,1.000000,1.000000,0.000000,0.000000,0.576781,0.000000
60.516479,4.000000,927.081421,-6.167775,700.355773,0.426588,0.000000,193.684952,194.997726,203.315394,10.263704,0.257743,9.951646,0.009728,0.005329,-0.500886,-22.390989,-0.043967,-0.014404,0.016116,1.000000,0.926885,-0.022966,102530.015625,1.035635,1.000000,0.000000,1.000000,1.000000,1.000000,1.000000,1.000000,0.000000,0.000000,0.571406,0.000000
60.567438,4.000000,932.406738,-6.176391,700.356434,0.425428,0.000000,193.464035,194.743057,203.049901,10.262379,0.256804,9.946830,0.015514,0.008510,-0.501541,-22.530439,-0.046039,-0.009593,0.015526,1.000000,0.933999,-0.026178,102530.015625,1.043682,1.000000,0.000000,1.000000,1.000000,1.000000,1.000000,1.000000,0.000000,0.000000,0.577126,0.000000
60.626251,4.000000,938.435608,-6.186084,700.357397,0.433301,0.000000,193.207550,194.452225,202.746650,10.260641,0.255977,9.946845,0.014979,0.008228,-0.502291,-22.688311,-0.048048,-0.012673,0.014569,1.000000,0.941352,-0.030274,102530.015625,1.017320,1.000000,0.000000,1.000000,1.000000,1.000000,1.000000,1.000000,0.000000,0.000000,0.573182,0.000000
60.679400,4.000000,943.897827,-6.194814,700.357936,0.424146,0.000000,192.974350,194.186630,202.469737,10.258872,0.256783,9.947647,0.008902,0.004897,-0.502978,-22.831345,-0.049620,-0.012172,0.013874,1.000000,0.947292,-0.033122,102530.015625,1.037212,1.000000,0.000000,1.000000,1.000000,1.000000,1.000000,1.000000,0.000000,0.000000,0.567841,0.000000
60.731698,4.000000,949.497742,-6.203694,700.358431,0.428419,0.000000,192.743561,193.911835,202.183244,10.257026,0.255083,9.946763,0.008961,0.004936,-0.503691,-22.977983,-0.050983,-0.009922,0.013491,1.000000,0.952548,-0.035064,102530.015625,1.014250,1.000000,0.000000,1.000000,1.000000,1.000000,1.000000,1.000000,0.000000,0.000000,0.565411,0.000000
60.787507,4.000000,955.294922,-6.212810,700.358636,0.423597,0.000000,192.495926,193.625595,201.884783,10.254948,0.255047,9.947598,0.002673,0.001475,-0.504435,-23.129789,-0.052138,-0.014654,0.012743,1.000000,0.957579,-0.036416,102530.015625,1.029149,1.000000,0.000000,1.000000,1.000000,1.000000,1.000000,1.000000,0.000000,0.000000,0.559412,0.000000
60.841857,4.000000,960.733459,-6.221277,700.358742,0.418104,0.000000,192.252991,193.355103,201.602754,10.252905,0.260154,9.944862,0.002798,0.001546,-0.505141,-23.272203,-0.053220,-0.019020,0.011827,1.000000,0.961967,-0.035742,102530.015625,1.045174,1.000000,0.000000,1.000000,1.000000,1.000000,1.000000,1.000000,0.000000,0.000000,0.560016,0.000000
60.896372,4.000000,966.652954,-6.230373,700.359154,0.416273,0.000000,192.008179,193.058792,201.293808,10.250937,0.265343,9.938984,0.010146,0.005614,-0.505916,-23.427212,-0.054251,-0.018127,0.011228,1.000000,0.965911,-0.033834,102530.015625,1.049430,1.000000,0.000000,1.000000,1.000000,1.000000,1.000000,1.000000,0.000000,0.000000,0.566428,0.000000
60.949522,4.000000,972.171387,-6.238727,700.359779,0.434156,0.000000,191.768066,192.781494,201.004691,10.249119,0.268432,9.938479,0.010570,0.005857,-0.506644,-23.571716,-0.055191,-0.016120,0.010869,1.000000,0.969361,-0.032500,102530.015625,1.012468,1.000000,0.000000,1.000000,1.000000,1.000000,1.000000,1.000000,0.000000,0.000000,0.563391,0.000000
61.002110,4.000000,977.542175,-6.246749,700.359925,0.440809,0.000000,191.529099,192.510910,200.722558,10.247366,0.270785,9.943647,-0.000796,-0.000442,-0.507356,-23.712357,-0.055992,-0.015682,0.010543,1.000000,0.972431,-0.031651,102530.015625,1.001327,1.000000,0.000000,1.000000,1.000000,1.000000,1.000000,1.000000,0.000000,0.000000,0.550256,0.000000
61.055068,4.000000,982.952820,-6.254728,700.359220,0.437879,0.000000,191.286926,192.237549,200.437548,10.245646,0.273745,9.951207,-0.018657,-0.010367,-0.508077,-23.854040,-0.056774,-0.017682,0.010136,1.000000,0.975212,-0.030413,102530.015625,1.024733,1.000000,0.000000,1.000000,1.000000,1.000000,1.000000,1.000000,0.000000,0.000000,0.532922,0.000000
61.111542,4.000000,988.687073,-6.263046,700.358113,0.428968,0.000000,191.026825,191.945648,200.133185,10.243967,0.278349,9.949424,-0.018939,-0.010540,-0.508850,-24.004196,-0.058031,-0.019304,0.009669,1.000000,0.977869,-0.026734,102530.015625,1.031853,1.000000,0.000000,1.000000,1.000000,1.000000,1.000000,1.000000,0.000000,0.000000,0.532449,0.000000
61.163663,4.000000,994.132446,-6.270784,700.357362,0.427930,0.000000,190.785461,191.667038,199.842673,10.242631,0.281995,9.932327,-0.015115,-0.008424,-0.509590,-24.146790,-0.059817,0.002501,0.010307,1.000000,0.980068,-0.020394,102530.015625,1.357035,1.000000,0.000000,1.000000,1.000000,1.000000,1.000000,1.000000,0.000000,0.000000,0.560104,0.000000
61.217260,4.000000,999.443542,-6.278035,700.362558,0.411451,0.000000,190.535675,191.384277,199.547667,10.242126,0.228321,9.829240,0.147223,0.082170,-0.510343,-24.285866,-0.066080,0.040294,0.014192,1.000000,0.982102,0.005416,102530.015625,1.513683,1.000000,0.000000,1.000000,1.000000,1.000000,1.000000,1.000000,0.000000,0.000000,0.742416,0.000000
61.269859,4.000000,1004.913940,-6.285022,700.378634,0.393384,0.000000,190.290344,191.088806,199.238707,10.242909,0.205415,9.721418,0.361865,0.202281,-0.511134,-24.429113,-0.072452,0.003086,0.013436,1.000000,0.983897,0.021815,102530.015625,1.319888,1.000000,0.000000,1.000000,1.000000,1.000000,1.000000,1.000000,0.000000,0.000000,0.935289,0.000000
61.325012,4.000000,1010.447571,-6.291649,700.403482,0.402601,0.000000,190.033707,190.793015,198.929523,10.244173,0.201292,9.663245,0.479735,0.268586,-0.511929,-24.574017,-0.077535,-0.010121,0.012781,1.000000,0.985586,0.023693,102530.015625,1.162266,1.000000,0.000000,1.000000,1.000000,1.000000,1.000000,1.000000,0.000000,0.000000,1.039948,0.039317
61.379484,4.000000,1016.211182,-6.298227,700.431754,0.407972,0.000000,189.781067,190.486450,198.609677,10.245263,0.203835,9.639019,0.532527,0.298622,-0.512753,-24.724943,-0.081445,-0.013542,0.012290,1.000000,0.987081,0.017615,102530.015625,1.091788,1.000000,0.000000,1.000000,1.000000,1.000000,1.000000,1.000000,0.000000,0.000000,1.083572,0.134156
61.432420,4.000000,1021.436157,-6.303972,700.461000,0.400159,0.000000,189.536285,190.208954,198.320292,10.245891,0.206559,9.622710,0.561296,0.315213,-0.513501,-24.861765,-0.084564,-0.012616,0.012023,1.000000,0.988384,0.008328,102530.015625,1.091072,1.000000,0.000000,1.000000,1.000000,1.000000,1.000000,1.000000,0.000000,0.000000,1.112192,0.000000
61.485644,4.000000,1026.802368,-6.309662,700.491668,0.390272,0.000000,189.290482,189.924332,198.023596,10.245938,0.208051,9.613248,0.580702,0.326600,-0.514271,-25.002283,-0.086950,-0.010197,0.011925,1.000000,0.989562,-0.004117,102530.015625,1.056062,1.000000,0.000000,1.000000,1.000000,1.000000,1.000000,1.000000,0.000000,0.000000,1.127501,0.005191
61.540956,4.000000,1032.506836,-6.315494,700.524358,0.384901,0.000000,189.034943,189.622086,197.708570,10.245242,0.209496,9.602942,0.596489,0.336013,-0.515090,-25.151661,-0.088888,-0.012849,0.011634,1.000000,0.990660,-0.018283,102530.015625,1.061512,1.000000,0.000000,1.000000,1.000000,1.000000,1.000000,1.000000,0.000000,0.000000,1.142876,0.113545
61.596789,4.000000,1038.260864,-6.321144,700.558027,0.383375,0.000000,188.776627,189.317657,197.391393,10.243702,0.209091,9.596602,0.605388,0.341574,-0.515918,-25.302336,-0.090239,-0.006621,0.011847,1.000000,0.991651,-0.033988,102530.015625,1.052443,1.000000,0.000000,1.000000,1.000000,1.000000,1.000000,1.000000,0.000000,0.000000,1.149636,0.225512
61.652897,4.000000,1043.805908,-6.326372,700.592192,0.392591,0.000000,188.516693,189.024734,197.086229,10.241249,0.204361,9.592650,0.609407,0.344374,-0.516716,-25.447538,-0.091021,-0.006006,0.012052,1.000000,0.992542,-0.050676,102530.015625,1.023256,1.000000,0.000000,1.000000,1.000000,1.000000,1.000000,1.000000,0.000000,0.000000,1.150465,0.000000
61.709261,4.000000,1049.429688,-6.331481,700.625995,0.410169,0.000000,188.254730,188.728912,196.778232,10.237808,0.202593,9.599053,0.594691,0.336584,-0.517525,-25.594803,-0.091101,-0.009559,0.011951,1.000000,0.993340,-0.068424,102530.015625,0.989157,1.000000,0.000000,1.000000,1.000000,1.000000,1.000000,1.000000,0.000000,0.000000,1.131298,0.000000
61.759925,4.000000,1054.642944,-6.336070,700.655288,0.420850,0.000000,188.018250,188.455414,196.493593,10.233876,0.202858,9.605506,0.573632,0.325136,-0.518275,-25.731318,-0.090832,-0.009342,0.011924,1.000000,0.993985,-0.083283,102530.015625,1.010997,1.000000,0.000000,1.000000,1.000000,1.000000,1.000000,1.000000,0.000000,0.000000,1.111436,0.087935
61.811081,4.000000,1059.884644,-6.340515,700.684365,0.406629,0.000000,187.778870,188.180161,196.206922,10.229218,0.201243,9.602322,0.568058,0.322446,-0.519032,-25.868576,-0.090595,-0.007691,0.012043,1.000000,0.994572,-0.095852,102530.015625,1.034345,1.000000,0.000000,1.000000,1.000000,1.000000,1.000000,1.000000,0.000000,0.000000,1.107274,0.184883
61.866160,4.000000,1065.387085,-6.344961,700.715675,0.398633,0.000000,187.520126,187.891357,195.906103,10.223533,0.198720,9.594861,0.569441,0.323728,-0.519829,-26.012663,-0.090273,-0.005652,0.012221,1.000000,0.995141,-0.107981,102530.015625,1.046244,1.000000,0.000000,1.000000,1.000000,1.000000,1.000000,1.000000,0.000000,0.000000,1.108698,0.000000
61.916264,4.000000,1070.322998,-6.348739,700.744338,0.396253,0.000000,187.283646,187.632675,195.636547,10.217808,0.193608,9.587535,0.572829,0.326103,-0.520545,-26.141914,-0.089883,-0.001457,0.012622,1.000000,0.995606,-0.118252,102530.015625,1.029402,1.000000,0.000000,1.000000,1.000000,1.000000,1.000000,1.000000,0.000000,0.000000,1.109921,0.000000
61.971325,4.000000,1075.815430,-6.352710,700.775812,0.398878,0.000000,187.022583,187.345428,195.337359,10.210942,0.187587,9.579924,0.572316,0.326310,-0.521342,-26.285740,-0.089362,-0.004331,0.012755,1.000000,0.996066,-0.128527,102530.015625,1.040679,1.000000,0.000000,1.000000,1.000000,1.000000,1.000000,1.000000,0.000000,0.000000,1.109475,0.093356
62.025197,4.000000,1081.472412,-6.356537,700.806612,0.401319,0.000000,186.766205,187.050201,195.029837,10.203712,0.187004,9.574457,0.570511,0.325794,-0.522164,-26.433872,-0.088764,-0.011470,0.012436,1.000000,0.996470,-0.137726,102530.015625,1.015345,1.000000,0.000000,1.000000,1.000000,1.000000,1.000000,1.000000,0.000000,0.000000,1.104761,0.199136
62.081120,4.000000,1086.900635,-6.359970,700.838038,0.399000,0.000000,186.499023,186.768021,194.736032,10.195703,0.191740,9.573069,0.558234,0.319264,-0.522952,-26.576015,-0.087981,-0.015200,0.012012,1.000000,0.996845,-0.146456,102530.015625,1.021126,1.000000,0.000000,1.000000,1.000000,1.000000,1.000000,1.000000,0.000000,0.000000,1.091595,0.000000
62.133597,4.000000,1092.143555,-6.363046,700.867353,0.376844,0.000000,186.247574,186.495346,194.451942,10.187814,0.196518,9.561468,0.561266,0.321467,-0.523716,-26.713306,-0.087510,-0.014281,0.011786,1.000000,0.997161,-0.151947,102530.015625,1.050443,1.000000,0.000000,1.000000,1.000000,1.000000,1.000000,1.000000,0.000000,0.000000,1.096603,0.003116
62.184805,4.000000,1097.269897,-6.365776,700.896443,0.377393,0.000000,186.001648,186.228867,194.174214,10.179869,0.199156,9.547329,0.571681,0.327900,-0.524465,-26.847546,-0.087139,-0.012649,0.011708,1.000000,0.997438,-0.156399,102530.015625,1.044691,1.000000,0.000000,1.000000,1.000000,1.000000,1.000000,1.000000,0.000000,0.000000,1.105923,0.098373
62.241459,4.000000,1102.929321,-6.368461,700.928889,0.398633,0.000000,185.728653,185.935593,193.868738,10.170807,0.198910,9.541321,0.572025,0.328614,-0.525292,-26.995743,-0.086492,-0.004106,0.012087,1.000000,0.997714,-0.162067,102530.015625,0.974454,1.000000,0.000000,1.000000,1.000000,1.000000,1.000000,1.000000,0.000000,0.000000,1.098917,0.205026
62.294857,4.000000,1108.253296,-6.370774,700.957285,0.458509,2.909381,185.470932,185.663345,193.585746,10.161847,0.199468,9.569334,0.512864,0.295059,-0.602557,-27.135157,-0.085214,-0.014710,0.011677,1.000000,0.997946,-0.171066,102530.015625,0.907512,0.000000,0.000000,1.000000,1.000000,1.000000,1.000000,1.000000,0.000000,0.000000,1.033133,0.000000
62.347524,4.000000,1113.491333,-6.372938,700.981824,0.499403,2.991672,185.216019,185.396576,193.308477,10.152610,0.206091,9.598194,0.446587,0.257298,-0.605588,-27.272320,-0.083847,-0.019694,0.011214,1.000000,0.998152,-0.177553,102530.015625,0.903258,0.000000,0.000000,1.000000,1.000000,1.000000,1.000000,1.000000,0.000000,0.000000,0.965719,0.000952
62.403113,4.000000,1118.906616,-6.375054,701.003860,0.522535,3.064582,184.945724,185.121735,193.022652,10.142545,0.215915,9.629428,0.376205,0.217069,-0.608407,-27.414124,-0.082158,-0.022349,0.010719,1.000000,0.998348,-0.182322,102530.015625,0.900540,0.000000,0.000000,1.000000,1.000000,1.000000,1.000000,1.000000,0.000000,0.000000,0.892945,0.073863
62.458161,4.000000,1124.439331,-6.377081,701.021696,0.563184,3.125970,184.676819,184.841919,192.731547,10.132381,0.226822,9.661300,0.302545,0.174831,-0.610948,-27.559004,-0.080656,-0.023808,0.010247,1.000000,0.998521,-0.184958,102530.015625,0.896787,0.000000,0.000000,1.000000,1.000000,1.000000,1.000000,1.000000,0.000000,1.000000,0.819154,0.188355
62.515726,4.000000,1129.753418,-6.378892,701.035994,0.594984,3.172142,184.393951,184.573975,192.452662,10.121638,0.238688,9.695484,0.230200,0.133219,-0.613054,-27.698158,-0.081483,-0.024810,0.009780,1.000000,0.998682,-0.186564,102530.015625,0.894973,0.000000,0.000000,1.000000,1.000000,1.000000,1.000000,1.000000,0.000000,1.000000,0.740558,0.234527
62.566039,4.000000,1135.211670,-6.380603,701.044841,0.619092,3.206235,184.145782,184.299255,192.166614,10.112157,0.249176,9.725538,0.155317,0.090017,-0.614869,-27.841087,-0.084210,-0.025500,0.009399,1.000000,0.998809,-0.188812,102530.015625,0.894987,0.000000,0.000000,1.000000,1.000000,1.000000,1.000000,1.000000,0.000000,1.000000,0.671604,0.268620
62.620953,4.000000,1140.267700,-6.382047,701.050576,0.645460,3.225784,183.873230,184.045044,191.901759,10.101612,0.260626,9.758081,0.086077,0.049957,-0.616237,-27.973484,-0.089056,-0.026182,0.009005,1.000000,0.998933,-0.193620,102530.015625,0.895935,0.000000,0.000000,1.000000,1.000000,1.000000,1.000000,1.000000,0.000000,1.000000,0.596674,0.288169
62.671345,4.000000,1145.450562,-6.383378,701.052295,0.655103,3.233769,183.621994,183.784439,191.630155,10.091614,0.271105,9.787214,0.015786,0.009175,-0.617322,-28.109203,-0.094958,-0.026781,0.008667,1.000000,0.999036,-0.201355,102530.015625,0.898345,0.000000,0.000000,1.000000,1.000000,1.000000,1.000000,1.000000,0.000000,1.000000,0.528815,0.483231
62.723951,4.000000,1150.626221,-6.384548,701.050524,0.659925,3.229758,183.358246,183.524139,191.358701,10.080646,0.282001,9.816237,-0.052903,-0.030790,-0.618091,-28.244732,-0.102376,-0.027389,0.008332,1.000000,0.999133,-0.213755,102530.015625,0.901763,0.000000,0.000000,1.000000,1.000000,1.000000,1.000000,1.000000,0.000000,1.000000,0.459644,0.479220
62.777187,4.000000,1155.872192,-6.385567,701.045121,0.669569,3.213700,183.089996,183.260040,191.083167,10.068731,0.292971,9.843911,-0.120888,-0.070460,-0.618554,-28.382103,-0.110990,-0.028007,0.008012,1.000000,0.999221,-0.231339,102530.015625,0.905117,0.000000,0.000000,1.000000,1.000000,1.000000,1.000000,1.000000,0.000000,1.000000,0.391353,0.463162
62.830224,4.000000,1161.067871,-6.386401,701.036230,0.666212,3.186171,182.821426,182.998169,190.809814,10.055773,0.303847,9.869190,-0.186170,-0.108666,-0.618706,-28.518156,-0.120453,-0.028611,0.007712,1.000000,0.999299,-0.254474,102530.015625,0.909697,0.000000,0.000000,1.000000,1.000000,1.000000,1.000000,1.000000,0.000000,1.000000,0.325583,0.435633
62.882852,4.000000,1166.095581,-6.387036,701.024062,0.679517,3.148843,182.553802,182.744308,190.544781,10.041537,0.314586,9.891854,-0.247429,-0.144623,-0.618569,-28.649813,-0.130553,-0.029219,0.007427,1.000000,0.999370,-0.283104,102530.015625,0.913022,0.000000,0.000000,1.000000,1.000000,1.000000,1.000000,1.000000,0.000000,1.000000,0.262285,0.570894
62.937222,4.000000,1171.464478,-6.387519,701.008095,0.678480,3.097625,182.276138,182.472824,190.261195,10.025067,0.325631,9.912409,-0.310924,-0.182007,-0.618121,-28.790401,-0.141537,-0.029848,0.007146,1.000000,0.999435,-0.318737,102530.015625,0.917183,0.000000,0.000000,1.000000,1.000000,1.000000,1.000000,1.000000,0.000000,1.000000,0.198953,0.519676
62.992790,4.000000,1176.997925,-6.387799,700.988332,0.680006,3.032933,181.991287,182.192505,189.968340,10.006040,0.336861,9.930014,-0.374108,-0.219330,-0.617341,-28.935301,-0.153139,-0.030480,0.006873,1.000000,0.999495,-0.361543,102530.015625,0.921169,0.000000,0.000000,1.000000,1.000000,1.000000,1.000000,1.000000,0.000000,1.000000,0.136482,0.454983
63.046463,4.000000,1182.199341,-6.387852,700.966061,0.666395,2.961470,181.715485,181.928574,189.692480,9.985228,0.347647,9.943415,-0.431450,-0.253316,-0.616321,-29.071505,-0.164505,-0.031073,0.006623,1.000000,0.999546,-0.408937,102530.015625,0.925266,0.000000,0.000000,1.000000,1.000000,1.000000,1.000000,1.000000,0.000000,1.000000,0.078307,0.383520
63.104366,4.000000,1187.819336,-6.387673,700.938675,0.645704,2.873052,181.417526,181.643036,189.393945,9.959726,0.359186,9.953441,-0.490954,-0.288706,-0.614916,-29.218670,-0.176715,-0.031680,0.006368,1.000000,0.999596,-0.466563,102530.015625,0.929505,0.000000,0.000000,1.000000,1.000000,1.000000,1.000000,1.000000,0.000000,1.000000,0.018091,0.555613
63.160309,4.000000,1193.301758,-6.387252,700.909007,0.628980,2.775876,181.128830,181.364197,189.102351,9.931723,0.370220,9.958602,-0.546874,-0.322084,-0.613249,-29.362232,-0.188310,-0.032238,0.006136,1.000000,0.999639,-0.528114,102530.015625,0.933060,0.000000,0.000000,1.000000,1.000000,1.000000,1.000000,1.000000,0.000000,1.000000,-0.037934,0.458437
63.212110,4.000000,1198.293823,-6.386652,700.878837,0.625135,2.678355,180.861542,181.110062,188.836576,9.902596,0.380324,9.959474,-0.596407,-0.351751,-0.611483,-29.492954,-0.198689,-0.032741,0.005934,1.000000,0.999675,-0.589821,102530.015625,0.934950,0.000000,0.000000,1.000000,1.000000,1.000000,1.000000,1.000000,0.000000,1.000000,-0.088460,0.360916
63.267269,4.000000,1203.570068,-6.385784,700.843906,0.609205,2.566034,180.576874,180.841492,188.555570,9.867923,0.390950,9.956166,-0.647719,-0.382582,-0.609362,-29.631117,-0.209208,-0.033252,0.005727,1.000000,0.999709,-0.659944,102530.015625,0.936845,0.000000,0.000000,1.000000,1.000000,1.000000,1.000000,1.000000,0.000000,1.000000,-0.141125,0.345156
63.324445,4.000000,1209.085815,-6.384613,700.804704,0.589185,2.438603,180.281998,180.560822,188.261825,9.827765,0.401804,9.948167,-0.700608,-0.414466,-0.606868,-29.775553,-0.219341,-0.033754,0.005529,1.000000,0.999740,-0.736787,102530.015625,0.938082,0.000000,0.000000,1.000000,1.000000,1.000000,1.000000,1.000000,0.000000,1.000000,-0.194950,0.217726
63.381178,4.000000,1214.555420,-6.383178,700.762850,0.553480,2.302259,179.990067,180.282791,187.970854,9.783456,0.412371,9.935206,-0.752078,-0.445603,-0.604115,-29.918779,-0.228367,-0.034179,0.005348,1.000000,0.999768,-0.816774,102530.015625,0.939563,0.000000,0.000000,1.000000,1.000000,1.000000,1.000000,1.000000,0.000000,1.000000,-0.247252,0.081382
63.433059,4.000000,1219.658691,-6.381588,700.722047,0.524793,2.166221,179.724045,180.023911,187.699799,9.738902,0.421814,9.919140,-0.799597,-0.474441,-0.601298,-30.052414,-0.235566,-0.034518,0.005198,1.000000,0.999791,-0.892449,102530.015625,0.939696,0.000000,0.000000,1.000000,1.000000,1.000000,1.000000,1.000000,0.000000,1.000000,-0.294636,0.000000
63.486683,4.000000,1224.847168,-6.379714,700.677338,0.463758,2.019166,179.450089,179.761459,187.424919,9.688663,0.431316,9.898247,-0.847746,-0.503746,-0.598186,-30.188278,-0.241778,-0.034803,0.005061,1.000000,0.999813,-0.972531,102530.015625,0.940624,0.000000,0.000000,1.000000,1.000000,1.000000,1.000000,1.000000,0.000000,1.000000,-0.343315,0.042524
63.541388,4.000000,1230.022461,-6.376999,700.643673,0.400220,0.000000,179.172287,179.468613,187.124396,9.634210,0.328980,9.543866,-0.455238,-0.270950,-0.544223,-30.323799,-0.256703,0.081090,0.014175,1.000000,0.999832,-1.007663,102530.015625,2.102366,1.000000,0.000000,1.000000,1.000000,1.000000,1.000000,1.000000,0.000000,1.000000,0.158733,0.000000
63.596154,4.000000,1235.242310,-6.372215,700.638210,0.377943,0.000000,178.898941,179.168594,186.813582,9.577503,0.268891,9.230988,0.016387,0.009769,-0.545128,-30.460485,-0.270738,0.030767,0.014596,1.000000,0.999850,-1.062772,102530.015625,1.633944,1.000000,0.000000,1.000000,1.000000,1.000000,1.000000,1.000000,0.000000,1.000000,0.586644,0.000000
63.650667,4.000000,1240.611816,-6.365633,700.650090,0.368665,0.000000,178.633957,178.873306,186.504918,9.517292,0.239373,9.028061,0.287653,0.171776,-0.546031,-30.601091,-0.281424,0.010727,0.014837,1.000000,0.999865,-1.141778,102530.015625,1.354859,1.000000,0.000000,1.000000,1.000000,1.000000,1.000000,1.000000,0.000000,1.000000,0.823961,0.000000
63.705927,4.000000,1245.770508,-6.358225,700.671899,0.359632,0.000000,178.373138,178.595978,186.214866,9.451447,0.223831,8.879642,0.432816,0.258863,-0.546881,-30.736176,-0.289219,-0.000847,0.014788,1.000000,0.999879,-1.234071,102530.015625,1.230810,1.000000,0.000000,1.000000,1.000000,1.000000,1.000000,1.000000,0.000000,1.000000,0.960319,0.000000
63.761383,4.000000,1251.029053,-6.349839,700.699662,0.344862,0.000000,178.119263,178.316696,185.923019,9.380051,0.217424,8.758533,0.523170,0.313393,-0.547739,-30.873877,-0.293963,-0.006989,0.014537,1.000000,0.999892,-1.332264,102530.015625,1.141816,1.000000,0.000000,1.000000,1.000000,1.000000,1.000000,1.000000,0.000000,1.000000,1.041621,0.000000
63.816881,4.000000,1256.382202,-6.340604,700.730632,0.345716,0.000000,177.872482,178.035675,185.629778,9.303075,0.214207,8.658617,0.568441,0.341049,-0.548605,-31.014053,-0.295365,-0.010280,0.014280,1.000000,0.999903,-1.432546,102530.015625,1.067420,1.000000,0.000000,1.000000,1.000000,1.000000,1.000000,1.000000,0.000000,1.000000,1.078152,0.000000
63.873096,4.000000,1261.726929,-6.330808,700.763176,0.347303,0.000000,177.629288,177.758072,185.340453,9.219470,0.213779,8.568261,0.581646,0.349516,-0.549461,-31.154011,-0.293327,-0.010601,0.014027,1.000000,0.999914,-1.532228,102530.015625,1.040709,1.000000,0.000000,1.000000,1.000000,1.000000,1.000000,1.000000,0.000000,1.000000,1.087694,0.000000
63.926662,4.000000,1267.059204,-6.320506,700.794478,0.346876,0.000000,177.403275,177.483551,185.054449,9.134726,0.212210,8.481513,0.585196,0.352193,-0.550310,-31.293640,-0.288191,-0.009814,0.013889,1.000000,0.999922,-1.622516,102530.015625,1.029524,1.000000,0.000000,1.000000,1.000000,1.000000,1.000000,1.000000,0.000000,1.000000,1.089388,0.000000
63.985224,4.000000,1272.455811,-6.309539,700.828584,0.355482,0.000000,177.161957,177.208420,184.767897,9.036784,0.208854,8.386960,0.580383,0.349838,-0.551163,-31.434956,-0.280501,-0.006313,0.014219,1.000000,0.999931,-1.713819,102530.015625,1.009506,1.000000,0.000000,1.000000,1.000000,1.000000,1.000000,1.000000,0.000000,1.000000,1.081962,0.000000
64.038036,4.000000,1277.395874,-6.299005,700.858687,0.367017,0.000000,176.948792,176.959198,184.508485,8.944071,0.203313,8.303980,0.565057,0.341079,-0.551938,-31.564316,-0.273238,-0.004294,0.014716,1.000000,0.999938,-1.789233,102530.015625,0.993653,1.000000,0.000000,1.000000,1.000000,1.000000,1.000000,1.000000,0.000000,1.000000,1.064193,0.000000
64.088884,4.000000,1282.138794,-6.288445,700.886779,0.364698,0.000000,176.747070,176.721985,184.261589,8.851207,0.197025,8.220762,0.548609,0.331595,-0.552678,-31.688515,-0.266101,-0.004126,0.015138,1.000000,0.999944,-1.855157,102530.015625,0.992921,1.000000,0.000000,1.000000,1.000000,1.000000,1.000000,1.000000,0.000000,1.000000,1.046667,0.000000
64.147163,4.000000,1287.813721,-6.275213,700.917961,0.357008,0.000000,176.520004,176.440765,183.968853,8.740903,0.189636,8.120388,0.530135,0.320938,-0.553557,-31.837116,-0.257933,-0.001487,0.015658,1.000000,0.999950,-1.922565,102530.015625,0.999983,1.000000,0.000000,1.000000,1.000000,1.000000,1.000000,1.000000,0.000000,1.000000,1.028498,0.000000
64.199981,4.000000,1292.830444,-6.262942,700.945494,0.358533,0.000000,176.317917,176.194321,183.712273,8.637778,0.182680,8.023587,0.518100,0.314091,-0.554330,-31.968485,-0.250688,-0.004236,0.015926,1.000000,0.999955,-1.976161,102530.015625,1.008274,1.000000,0.000000,1.000000,1.000000,1.000000,1.000000,1.000000,0.000000,1.000000,1.016499,0.000000
64.255723,4.000000,1298.029175,-6.249613,700.974016,0.347059,0.000000,176.107956,175.941116,183.448559,8.526088,0.179164,7.915783,0.509782,0.309492,-0.555127,-32.104618,-0.243267,-0.006989,0.015987,1.000000,0.999960,-2.025490,102530.015625,1.023059,1.000000,0.000000,1.000000,1.000000,1.000000,1.000000,1.000000,0.000000,1.000000,1.008541,0.000000
64.309341,4.000000,1303.001587,-6.236242,701.001207,0.347669,0.000000,175.909225,175.700455,183.197926,8.416275,0.176702,7.808917,0.505618,0.307384,-0.555887,-32.234825,-0.236581,-0.007486,0.016058,1.000000,0.999964,-2.065576,102530.015625,1.009485,1.000000,0.000000,1.000000,1.000000,1.000000,1.000000,1.000000,0.000000,1.000000,1.002236,0.000000
64.361616,4.000000,1308.087036,-6.221917,701.027320,0.358411,0.000000,175.718399,175.456085,182.943422,8.307328,0.174135,7.705157,0.496848,0.302473,-0.556660,-32.367992,-0.230428,-0.006122,0.016173,1.000000,0.999968,-2.098579,102530.015625,0.999140,1.000000,0.000000,1.000000,1.000000,1.000000,1.000000,1.000000,0.000000,1.000000,0.992306,0.000000
64.414288,4.000000,1312.998657,-6.207458,701.052936,0.357801,0.000000,175.528885,175.220703,182.698351,8.195969,0.169991,7.602601,0.482086,0.293880,-0.557406,-32.496609,-0.232167,-0.003927,0.016394,1.000000,0.999971,-2.126116,102530.015625,0.997309,1.000000,0.000000,1.000000,1.000000,1.000000,1.000000,1.000000,0.000000,1.000000,0.976430,0.000000
64.469777,4.000000,1318.304199,-6.191141,701.079222,0.357801,0.000000,175.332291,174.954544,182.421186,8.077269,0.163243,7.489319,0.471199,0.287680,-0.558253,-32.635540,-0.250518,-0.000443,0.016830,1.000000,0.999974,-2.149264,102530.015625,1.013665,1.000000,0.000000,1.000000,1.000000,1.000000,1.000000,1.000000,0.000000,1.000000,0.965941,0.000000
64.528214,4.000000,1323.544067,-6.174284,701.106690,0.352552,0.000000,175.128006,174.665756,182.120278,7.951046,0.155167,7.360854,0.471484,0.288329,-0.559176,-32.772751,-0.283265,-0.003088,0.017283,1.000000,0.999977,-2.167996,102530.015625,1.047958,1.000000,0.000000,1.000000,1.000000,1.000000,1.000000,1.000000,0.000000,1.000000,0.967739,0.000000
64.584404,4.000000,1328.882324,-6.156322,701.133600,0.342542,0.000000,174.933655,174.334961,181.775472,7.828802,0.152420,7.230628,0.482769,0.295790,-0.560236,-32.912537,-0.322954,-0.007490,0.017563,1.000000,0.999979,-2.180999,102530.015625,1.065865,1.000000,0.000000,1.000000,1.000000,1.000000,1.000000,1.000000,0.000000,1.000000,0.978851,0.000000
64.642567,4.000000,1334.307861,-6.137244,701.162560,0.329542,0.000000,174.734100,173.956314,181.380688,7.701643,0.152371,7.087524,0.506670,0.311110,-0.561456,-33.054611,-0.367484,-0.008822,0.017987,1.000000,0.999982,-2.189461,102530.015625,1.081571,1.000000,0.000000,1.000000,1.000000,1.000000,1.000000,1.000000,0.000000,1.000000,1.002623,0.000000
64.698905,4.000000,1339.514160,-6.118166,701.191790,0.326002,0.000000,174.541199,173.552887,180.960085,7.578182,0.150553,6.954054,0.523405,0.322133,-0.562761,-33.190941,-0.409295,-0.004442,0.018807,1.000000,0.999984,-2.192055,102530.015625,1.066059,1.000000,0.000000,1.000000,1.000000,1.000000,1.000000,1.000000,0.000000,1.000000,1.016448,0.000000
64.757576,4.000000,1344.950317,-6.097504,701.222833,0.331129,0.000000,174.339066,173.093903,180.481672,7.449646,0.145867,6.820983,0.530625,0.327442,-0.564252,-33.333294,-0.446281,-0.004570,0.019780,1.000000,0.999985,-2.188516,102530.015625,1.056780,1.000000,0.000000,1.000000,1.000000,1.000000,1.000000,1.000000,0.000000,1.000000,1.020965,0.000000
64.808405,4.000000,1349.612305,-6.079218,701.249995,0.330579,0.000000,174.161560,172.676254,180.046342,7.338586,0.145254,6.705661,0.536016,0.331568,-0.565616,-33.455372,-0.468649,-0.009689,0.020356,1.000000,0.999987,-2.181292,102530.015625,1.059520,1.000000,0.000000,1.000000,1.000000,1.000000,1.000000,1.000000,0.000000,1.000000,1.025321,0.000000
64.862925,4.000000,1354.697144,-6.058731,701.278101,0.337232,0.000000,173.967377,172.208710,179.559535,7.219990,0.166612,6.619192,0.496084,0.307699,-0.567150,-33.588524,-0.478446,-0.061605,0.018725,1.000000,0.999988,-2.168865,102530.015625,0.913622,1.000000,0.000000,1.000000,1.000000,1.000000,1.000000,1.000000,0.000000,1.000000,0.971179,0.000000
64.918438,4.000000,1359.930420,-6.037345,701.300635,0.358839,3.993375,173.764542,171.732391,179.064335,7.100208,0.212252,6.593520,0.354198,0.220302,-0.682230,-33.725559,-0.479692,-0.055437,0.017713,1.000000,0.999989,-2.148270,102530.015625,0.757078,0.000000,0.000000,1.000000,1.000000,1.000000,1.000000,1.000000,0.000000,1.000000,0.818150,0.000000
64.973351,4.000000,1364.779663,-6.017428,701.314219,0.381422,4.039711,173.556778,171.294357,178.608598,6.982761,0.246178,6.573685,0.202941,0.126547,-0.685291,-33.852543,-0.479543,-0.046441,0.017212,1.000000,0.999991,-2.130831,102530.015625,0.765722,1.000000,0.000000,1.000000,1.000000,1.000000,1.000000,1.000000,0.000000,1.000000,0.660141,0.000000
65.027559,4.000000,1369.790527,-5.996704,701.319775,0.399305,0.000000,173.343979,170.842880,178.138283,6.867660,0.264631,6.539138,0.065779,0.041126,-0.571674,-33.983757,-0.477157,-0.027925,0.017504,1.000000,0.999991,-2.117285,102530.015625,0.842314,1.000000,0.000000,1.000000,1.000000,1.000000,1.000000,1.000000,0.000000,1.000000,0.529966,0.000000
65.082592,4.000000,1374.788452,-5.975738,701.319587,0.396192,0.000000,173.119202,170.392899,177.669140,6.751503,0.271333,6.477063,-0.027555,-0.017273,-0.573184,-34.114632,-0.473956,-0.020193,0.018055,1.000000,0.999992,-2.104860,102530.015625,0.927488,1.000000,0.000000,1.000000,1.000000,1.000000,1.000000,1.000000,0.000000,1.000000,0.442432,0.000000
65.139059,4.000000,1379.994873,-5.953396,701.315916,0.380079,0.000000,172.879288,169.924576,177.180746,6.633017,0.272630,6.385080,-0.076772,-0.048258,-0.574764,-34.250965,-0.470446,-0.015875,0.018741,1.000000,0.999993,-2.092618,102530.015625,0.999018,1.000000,0.000000,1.000000,1.000000,1.000000,1.000000,1.000000,0.000000,1.000000,0.399076,0.000000
65.192083,4.000000,1384.907837,-5.931698,701.311169,0.383253,0.000000,172.645737,169.483521,176.720798,6.522382,0.271640,6.284328,-0.093772,-0.059097,-0.576259,-34.379616,-0.467353,-0.014181,0.019361,1.000000,0.999993,-2.081034,102530.015625,1.009990,1.000000,0.000000,1.000000,1.000000,1.000000,1.000000,1.000000,0.000000,1.000000,0.382323,0.000000
65.246405,4.000000,1389.731323,-5.909764,701.305368,0.380201,0.000000,172.398239,169.052734,176.271512,6.409700,0.268861,6.184080,-0.112563,-0.071121,-0.577728,-34.505924,-0.464597,-0.012055,0.020018,1.000000,0.999994,-2.068439,102530.015625,1.006685,1.000000,0.000000,1.000000,1.000000,1.000000,1.000000,1.000000,0.000000,1.000000,0.361566,0.000000
65.301069,4.000000,1394.631104,-5.886843,701.298530,0.389844,0.000000,172.141434,168.617111,175.817199,6.297009,0.263121,6.081980,-0.129993,-0.082346,-0.579221,-34.634232,-0.462137,-0.007105,0.020799,1.000000,0.999995,-2.055490,102530.015625,1.019910,1.000000,0.000000,1.000000,1.000000,1.000000,1.000000,1.000000,0.000000,1.000000,0.343769,0.000000
65.356016,4.000000,1399.644897,-5.862683,701.291082,0.370374,0.000000,171.875092,168.172577,175.353587,6.184452,0.255554,5.972160,-0.136286,-0.086561,-0.580752,-34.765522,-0.460024,-0.008541,0.021440,1.000000,0.999996,-2.042331,102530.015625,1.044432,1.000000,0.000000,1.000000,1.000000,1.000000,1.000000,1.000000,0.000000,1.000000,0.338386,0.000000
65.412784,4.000000,1404.709473,-5.837504,701.283564,0.369764,0.000000,171.592026,167.724258,174.886075,6.068939,0.250747,5.852127,-0.129869,-0.082705,-0.582305,-34.898140,-0.458347,-0.011192,0.021869,1.000000,0.999996,-2.028500,102530.015625,1.054012,1.000000,0.000000,1.000000,1.000000,1.000000,1.000000,1.000000,0.000000,1.000000,0.344433,0.000000
65.471221,4.000000,1409.996338,-5.810345,701.276411,0.345594,0.000000,171.293457,167.257996,174.399906,5.950833,0.246568,5.725575,-0.117685,-0.075155,-0.583928,-35.036583,-0.457039,-0.009128,0.022672,1.000000,0.999997,-2.014875,102530.015625,1.069914,1.000000,0.000000,1.000000,1.000000,1.000000,1.000000,1.000000,0.000000,1.000000,0.356567,0.000000
65.524808,4.000000,1414.730835,-5.785216,701.270680,0.338392,0.000000,171.013596,166.842026,173.966163,5.843200,0.241035,5.608623,-0.102312,-0.065501,-0.585383,-35.160561,-0.456182,-0.008337,0.023412,1.000000,0.999997,-2.003182,102530.015625,1.059350,1.000000,0.000000,1.000000,1.000000,1.000000,1.000000,1.000000,0.000000,1.000000,0.370068,0.000000
65.579301,4.000000,1419.587280,-5.758649,701.265351,0.338697,0.000000,170.722809,166.417542,173.523462,5.734397,0.235643,5.498420,-0.097199,-0.062386,-0.586877,-35.287731,-0.455754,-0.008556,0.024021,1.000000,0.999997,-1.991194,102530.015625,1.028778,1.000000,0.000000,1.000000,1.000000,1.000000,1.000000,1.000000,0.000000,1.000000,0.371162,0.000000
65.633914,4.000000,1424.581299,-5.730543,701.259873,0.336439,0.000000,170.426392,165.983200,173.070587,5.625997,0.231474,5.393158,-0.101486,-0.065308,-0.588412,-35.418503,-0.455545,-0.012651,0.024397,1.000000,0.999997,-1.979639,102530.015625,1.024154,1.000000,0.000000,1.000000,1.000000,1.000000,1.000000,1.000000,0.000000,1.000000,0.365221,0.000000
65.685784,4.000000,1428.934082,-5.705398,701.254495,0.336500,0.000000,170.139908,165.606125,172.677316,5.523605,0.233093,5.291990,-0.103846,-0.066979,-0.589752,-35.532486,-0.455442,-0.017029,0.024448,1.000000,0.999997,-1.969549,102530.015625,1.033261,1.000000,0.000000,1.000000,1.000000,1.000000,1.000000,1.000000,0.000000,1.000000,0.362415,0.000000
65.742765,4.000000,1433.975098,-5.675497,701.248490,0.332960,0.000000,169.819519,165.170914,172.223492,5.411707,0.236561,5.182068,-0.106052,-0.068582,-0.591306,-35.664490,-0.455460,-0.018189,0.024405,1.000000,0.999997,-1.959345,102530.015625,1.029095,1.000000,0.000000,1.000000,1.000000,1.000000,1.000000,1.000000,0.000000,1.000000,0.358393,0.000000
65.796392,4.000000,1438.903809,-5.645472,701.242750,0.327711,0.000000,169.514587,164.747055,171.781488,5.306883,0.239298,5.078061,-0.107202,-0.069504,-0.592828,-35.793552,-0.455469,-0.016864,0.024358,1.000000,0.999997,-1.951100,102530.015625,1.030395,1.000000,0.000000,1.000000,1.000000,1.000000,1.000000,1.000000,0.000000,1.000000,0.356226,0.000000
65.848780,4.000000,1443.545532,-5.616474,701.237089,0.322217,0.000000,169.213089,164.349380,171.366772,5.204873,0.239071,4.976655,-0.108022,-0.070205,-0.594262,-35.915100,-0.455471,-0.012797,0.024451,1.000000,0.999997,-1.944249,102530.015625,1.032165,1.000000,0.000000,1.000000,1.000000,1.000000,1.000000,1.000000,0.000000,1.000000,0.354377,0.000000
65.901447,4.000000,1448.054932,-5.587634,701.231412,0.311658,0.000000,168.906601,163.964294,170.965210,5.102643,0.237040,4.873178,-0.107015,-0.069714,-0.595658,-36.033184,-0.455410,-0.011791,0.024536,1.000000,0.999997,-1.938772,102530.015625,1.045198,1.000000,0.000000,1.000000,1.000000,1.000000,1.000000,1.000000,0.000000,1.000000,0.355349,0.000000
65.958213,4.000000,1453.127319,-5.554388,701.225731,0.305616,0.000000,168.572922,163.532242,170.514709,4.992720,0.234341,4.755805,-0.095916,-0.062649,-0.597232,-36.166008,-0.455219,-0.010534,0.024581,1.000000,0.999997,-1.934892,102530.015625,1.052247,1.000000,0.000000,1.000000,1.000000,1.000000,1.000000,1.000000,0.000000,1.000000,0.365726,0.000000
66.009765,4.000000,1457.592285,-5.524409,701.221119,0.299879,0.000000,168.266998,163.153427,170.119672,4.893056,0.229701,4.651112,-0.087067,-0.057001,-0.598618,-36.282928,-0.455121,-0.007452,0.024701,1.000000,0.999997,-1.932174,102530.015625,1.039042,1.000000,0.000000,1.000000,1.000000,1.000000,1.000000,1.000000,0.000000,1.000000,0.372427,0.000000
66.062359,4.000000,1462.194824,-5.492824,701.216681,0.297803,0.000000,167.952377,162.764465,169.714092,4.791508,0.224094,4.547308,-0.082958,-0.054441,-0.600049,-36.403450,-0.455070,-0.007299,0.024759,1.000000,0.999997,-1.930002,102530.015625,1.032812,1.000000,0.000000,1.000000,1.000000,1.000000,1.000000,1.000000,0.000000,1.000000,0.374846,0.000000
66.114293,4.000000,1466.750610,-5.460886,701.212530,0.286390,0.000000,167.639572,162.380707,169.313909,4.691312,0.219790,4.442568,-0.077291,-0.050842,-0.601467,-36.522747,-0.454894,-0.009931,0.024680,1.000000,0.999997,-1.929231,102530.015625,1.050175,1.000000,0.000000,1.000000,1.000000,1.000000,1.000000,1.000000,0.000000,1.000000,0.380763,0.000000
66.166696,4.000000,1471.319580,-5.428177,701.208721,0.286939,0.000000,167.321884,161.997177,168.913994,4.590229,0.217692,4.339285,-0.071817,-0.047353,-0.602891,-36.642391,-0.454754,-0.011391,0.024482,1.000000,0.999997,-1.928958,102530.015625,1.026851,1.000000,0.000000,1.000000,1.000000,1.000000,1.000000,1.000000,0.000000,1.000000,0.383119,0.000000
66.218044,4.000000,1475.735352,-5.395936,701.205068,0.274549,0.000000,167.008865,161.628021,168.529042,4.491178,0.216907,4.238902,-0.070235,-0.046415,-0.604268,-36.758022,-0.454537,-0.013027,0.024206,1.000000,0.999997,-1.929502,102530.015625,1.034161,1.000000,0.000000,1.000000,1.000000,1.000000,1.000000,1.000000,0.000000,1.000000,0.384190,0.000000
66.276421,4.000000,1480.653931,-5.359293,701.201107,0.271192,0.000000,166.651199,161.218185,168.101676,4.378494,0.215970,4.123698,-0.066370,-0.043973,-0.605804,-36.886818,-0.454131,-0.010145,0.023937,1.000000,0.999997,-1.931382,102530.015625,1.032820,1.000000,0.000000,1.000000,1.000000,1.000000,1.000000,1.000000,0.000000,1.000000,0.386921,0.000000
66.326835,4.000000,1485.208862,-5.324675,701.197891,0.259107,0.000000,166.340942,160.839951,167.707292,4.281063,0.212339,4.023811,-0.062267,-0.041352,-0.607229,-37.006092,-0.453626,-0.007540,0.023763,1.000000,0.999997,-1.934102,102530.015625,1.032201,1.000000,0.000000,1.000000,1.000000,1.000000,1.000000,1.000000,0.000000,1.000000,0.389655,0.000000
66.381049,4.000000,1489.848022,-5.288754,701.194577,0.267103,0.000000,166.006256,160.456268,167.307155,4.176116,0.206095,3.919158,-0.061302,-0.040808,-0.608681,-37.127575,-0.453034,-0.005329,0.023660,1.000000,0.999997,-1.937414,102530.015625,1.014972,1.000000,0.000000,1.000000,1.000000,1.000000,1.000000,1.000000,0.000000,1.000000,0.388157,0.000000
66.436967,4.000000,1494.459839,-5.252399,701.191016,0.253919,0.000000,165.659714,160.076309,166.910962,4.067670,0.199691,3.812479,-0.064038,-0.042730,-0.610125,-37.248337,-0.452258,-0.005870,0.023504,1.000000,0.999997,-1.941552,102530.015625,1.017892,1.000000,0.000000,1.000000,1.000000,1.000000,1.000000,1.000000,0.000000,1.000000,0.384430,0.000000
66.492559,4.000000,1499.280762,-5.213714,701.187357,0.255323,0.000000,165.314163,159.680527,166.498262,3.959597,0.194537,3.705823,-0.066162,-0.044257,-0.611638,-37.374580,-0.451273,-0.007022,0.023242,1.000000,0.999997,-1.946566,102530.015625,1.020484,1.000000,0.000000,1.000000,1.000000,1.000000,1.000000,1.000000,0.000000,1.000000,0.381269,0.000000
66.549588,4.000000,1504.223389,-5.173325,701.183659,0.247449,0.000000,164.958755,159.276031,166.076457,3.848397,0.192028,3.591721,-0.062867,-0.042160,-0.613191,-37.504005,-0.449927,-0.010192,0.022847,1.000000,0.999997,-1.953284,102530.015625,1.033731,1.000000,0.000000,1.000000,1.000000,1.000000,1.000000,1.000000,0.000000,1.000000,0.384566,0.000000
66.605104,4.000000,1508.963257,-5.133895,701.180373,0.241834,0.000000,164.612091,158.889465,165.673383,3.739752,0.191991,3.479351,-0.057251,-0.038487,-0.614683,-37.628124,-0.448455,-0.011778,0.022373,1.000000,0.999997,-1.960567,102530.015625,1.036294,1.000000,0.000000,1.000000,1.000000,1.000000,1.000000,1.000000,0.000000,1.000000,0.389121,0.000000
66.655513,4.000000,1513.341187,-5.096873,701.177609,0.239942,0.000000,164.297089,158.533813,165.302520,3.640747,0.191519,3.379895,-0.054555,-0.036757,-0.616062,-37.742764,-0.447101,-0.010200,0.021961,1.000000,0.999997,-1.967066,102530.015625,1.008989,1.000000,0.000000,1.000000,1.000000,1.000000,1.000000,1.000000,0.000000,1.000000,0.388890,0.000000
66.707326,4.000000,1517.689819,-5.059545,701.174563,0.243482,0.000000,163.972794,158.182175,164.935810,3.538662,0.189191,3.282399,-0.060700,-0.040988,-0.617431,-37.856636,-0.445693,-0.008431,0.021611,1.000000,0.999997,-1.973293,102530.015625,1.003685,1.000000,0.000000,1.000000,1.000000,1.000000,1.000000,1.000000,0.000000,1.000000,0.381160,0.000000
66.762915,4.000000,1522.381104,-5.018670,701.170853,0.245801,0.000000,163.624329,157.804260,164.541708,3.428770,0.188523,3.179043,-0.069768,-0.047224,-0.618910,-37.979485,-0.443999,-0.012296,0.021105,1.000000,0.999997,-1.980166,102530.015625,0.997333,1.000000,0.000000,1.000000,1.000000,1.000000,1.000000,1.000000,0.000000,1.000000,0.370542,0.000000
66.817537,4.000000,1526.917969,-4.978551,701.166769,0.240674,0.000000,163.281799,157.439911,164.161784,3.320394,0.190377,3.073139,-0.075109,-0.050957,-0.620342,-38.098286,-0.441927,-0.014092,0.020536,1.000000,0.999997,-1.988273,102530.015625,1.022545,1.000000,0.000000,1.000000,1.000000,1.000000,1.000000,1.000000,0.000000,1.000000,0.366000,0.000000
66.872863,4.000000,1531.662842,-4.935949,701.163351,0.227125,0.000000,162.934616,157.057358,163.762907,3.209987,0.179663,2.925877,-0.037322,-0.025382,-0.621853,-38.222534,-0.437677,0.039438,0.020588,1.000000,0.999997,-2.007910,102530.015625,1.243929,1.000000,0.000000,1.000000,1.000000,1.000000,1.000000,1.000000,0.000000,1.000000,0.419155,0.000000
66.925763,4.000000,1535.678589,-4.899336,701.166191,0.210157,0.000000,162.602356,156.727798,163.419213,3.102864,0.121677,2.712800,0.091348,0.062256,-0.623161,-38.327690,-0.431059,0.039962,0.022283,1.000000,0.999997,-2.043102,102530.015625,1.355050,1.000000,0.000000,1.000000,1.000000,1.000000,1.000000,1.000000,0.000000,1.000000,0.573027,0.000000
66.977641,4.000000,1540.400146,-4.855628,701.177053,0.189527,0.000000,162.276993,156.340408,163.014730,2.995928,0.096833,2.517712,0.246889,0.168677,-0.624707,-38.451328,-0.425743,0.011947,0.022597,1.000000,0.999997,-2.075138,102530.015625,1.217534,1.000000,0.000000,1.000000,1.000000,1.000000,1.000000,1.000000,0.000000,1.000000,0.700469,0.000000
67.031515,4.000000,1544.818237,-4.814120,701.193708,0.183546,0.000000,161.939468,155.982376,162.640991,2.883425,0.084982,2.351249,0.330947,0.226626,-0.626142,-38.567020,-0.422406,0.004858,0.022438,1.000000,0.999997,-2.098185,102530.015625,1.129499,1.000000,0.000000,1.000000,1.000000,1.000000,1.000000,1.000000,0.000000,1.000000,0.777485,0.000000
67.089361,4.000000,1549.623169,-4.768375,701.215076,0.176954,0.000000,161.577805,155.596207,162.238065,2.761465,0.078439,2.195824,0.383827,0.263490,-0.627697,-38.692841,-0.420021,-0.000880,0.021981,1.000000,0.999997,-2.116461,102530.015625,1.070665,1.000000,0.000000,1.000000,1.000000,1.000000,1.000000,1.000000,0.000000,1.000000,0.824211,0.000000
67.143519,4.000000,1554.151978,-4.724726,701.236896,0.162061,0.000000,161.239502,155.234558,161.860840,2.646434,0.076072,2.062751,0.410289,0.282312,-0.629160,-38.811432,-0.418145,-0.001709,0.021396,1.000000,0.999997,-2.130580,102530.015625,1.064465,1.000000,0.000000,1.000000,1.000000,1.000000,1.000000,1.000000,0.000000,1.000000,0.848482,0.000000
67.194355,4.000000,1558.436279,-4.682980,701.258583,0.163770,0.000000,160.922485,154.893509,161.505193,2.537755,0.071647,1.939661,0.432789,0.298449,-0.630545,-38.923622,-0.416187,0.000950,0.020918,1.000000,0.999997,-2.143708,102530.015625,1.034495,1.000000,0.000000,1.000000,1.000000,1.000000,1.000000,1.000000,0.000000,1.000000,0.867491,0.000000
67.250114,4.000000,1563.003784,-4.638021,701.282759,0.182142,0.000000,160.574738,154.385254,160.975438,2.412932,0.070507,1.818874,0.430787,0.298046,-0.632620,-39.043224,-0.370200,-0.007149,0.019625,1.000000,0.999997,-2.390591,102530.015625,0.983828,1.000000,0.000000,1.000000,1.000000,1.000000,1.000000,1.000000,0.412470,1.000000,0.858520,0.000000
67.304364,4.000000,1567.495361,-4.593412,701.304996,0.186536,0.000000,160.234879,153.766525,160.330762,2.274276,0.074743,1.703355,0.399046,0.277196,-0.635164,-39.160843,-0.309935,-0.009481,0.013699,1.000000,0.999997,-2.684327,102530.015625,0.944319,1.000000,0.000000,1.000000,1.000000,1.000000,1.000000,1.000000,0.416268,1.000000,0.821851,0.000000
67.356940,4.000000,1571.781616,-4.550452,701.324601,0.175733,0.000000,159.901764,153.197800,159.738186,2.126499,0.076005,1.578360,0.363666,0.253557,-0.637520,-39.273083,-0.257182,-0.001920,0.005295,1.000000,0.999997,-2.910848,102530.015625,0.962027,1.000000,0.000000,1.000000,1.000000,1.000000,1.000000,1.000000,0.419948,1.000000,0.786145,0.000000
67.411472,4.000000,1576.225342,-4.505451,701.343349,0.164014,0.000000,159.550537,152.615036,159.130912,1.961840,0.071073,1.431224,0.336581,0.235568,-0.639953,-39.389442,-0.205424,0.002009,-0.003474,1.000000,0.999997,-3.106139,102530.015625,0.970811,1.000000,0.000000,1.000000,1.000000,1.000000,1.000000,1.000000,0.423766,1.000000,0.758083,0.000000
67.467590,4.000000,1580.796997,-4.458602,701.361216,0.150159,0.000000,159.181839,152.010712,158.501126,1.782206,0.065451,1.267943,0.311686,0.219012,-0.642495,-39.509155,-0.153677,0.002165,-0.010825,1.000000,0.999997,-3.277463,102530.015625,0.973296,1.000000,0.000000,1.000000,1.000000,1.000000,1.000000,1.000000,0.427694,1.000000,0.731775,0.000000
67.525520,4.000000,1585.468506,-4.410085,701.378204,0.153699,0.000000,158.792435,151.377151,157.840805,1.587364,0.062119,1.091795,0.285637,0.201547,-0.645183,-39.631485,-0.100384,-0.002614,-0.015044,1.000000,0.999997,-3.433466,102530.015625,0.955581,1.000000,0.000000,1.000000,1.000000,1.000000,1.000000,1.000000,0.431749,1.000000,0.702187,0.000000
67.580529,4.000000,1590.059326,-4.361723,701.392533,0.152784,0.000000,158.414291,150.722397,157.158460,1.394363,0.062270,0.924156,0.248760,0.176289,-0.647984,-39.751701,-0.048136,-0.003663,-0.014152,1.000000,0.999997,-3.572868,102530.015625,0.942159,1.000000,0.000000,1.000000,1.000000,1.000000,1.000000,1.000000,0.435600,1.000000,0.663452,0.000000
67.635461,4.000000,1594.477905,-4.314509,701.404909,0.136426,0.000000,158.026871,150.072601,156.481172,1.194555,0.062238,0.745483,0.216275,0.153931,-0.650788,-39.867405,0.002892,-0.002786,-0.011779,1.000000,0.999997,-3.689165,102530.015625,0.964613,1.000000,0.000000,1.000000,1.000000,1.000000,1.000000,1.000000,0.439445,1.000000,0.630905,0.000000
67.694308,4.000000,1599.082031,-4.264590,701.416835,0.121778,0.000000,157.599808,149.387878,155.767372,0.973972,0.059934,0.534760,0.198803,0.142144,-0.653770,-39.987968,0.057372,-0.000198,-0.009385,1.000000,0.999997,-3.797292,102530.015625,0.999516,1.000000,0.000000,1.000000,1.000000,1.000000,1.000000,1.000000,0.443564,1.000000,0.614152,0.000000
67.749098,4.000000,1603.440918,-4.216634,701.427673,0.085889,0.000000,157.190308,148.732437,155.084019,0.763350,0.055873,0.321615,0.199006,0.142917,-0.656651,-40.102108,0.107217,0.001886,-0.007336,1.000000,0.999997,-3.881020,102530.015625,1.023240,1.000000,0.000000,1.000000,1.000000,1.000000,1.000000,1.000000,0.447399,1.000000,0.614923,0.000000
67.805831,4.000000,1608.106079,-4.164563,701.439366,0.080640,0.000000,156.754654,148.023529,154.344874,0.541050,0.052048,0.091145,0.209950,0.151498,-0.659795,-40.224270,0.156935,-0.001415,-0.005376,1.000000,0.999997,-3.947643,102530.015625,1.018534,1.000000,0.000000,1.000000,1.000000,1.000000,1.000000,1.000000,0.451371,1.000000,0.623375,0.000000
67.856194,4.000000,1612.017578,-4.120313,701.450099,0.069105,0.000000,156.357071,147.423859,153.719641,0.340998,0.051338,-0.112311,0.214229,0.155214,-0.662478,-40.326698,0.199485,-0.003082,-0.003763,1.000000,0.999997,-3.991204,102530.015625,1.011654,1.000000,0.000000,1.000000,1.000000,1.000000,1.000000,1.000000,0.454896,1.000000,0.625483,0.000000
67.907522,4.000000,1616.068604,-4.073927,701.461263,0.056776,0.000000,155.941299,146.797394,153.066468,0.135156,0.052365,-0.321447,0.218747,0.159164,-0.665305,-40.432777,0.241912,-0.005647,-0.002250,1.000000,0.999997,-4.024790,102530.015625,0.997751,1.000000,0.000000,1.000000,1.000000,1.000000,1.000000,1.000000,0.458489,1.000000,0.627349,0.000000
67.960299,4.000000,1620.182617,-4.026252,701.472808,0.045789,0.000000,155.502594,146.155670,152.397426,-0.078019,0.054899,-0.536148,0.219516,0.160425,-0.668226,-40.540504,0.284871,-0.005721,-0.000852,1.000000,0.999997,-4.050454,102530.015625,1.001755,1.000000,0.000000,1.000000,1.000000,1.000000,1.000000,1.000000,0.462183,1.000000,0.626677,0.000000
68.010828,4.000000,1624.204224,-3.979106,701.483983,0.028089,0.000000,155.072098,145.522568,151.737327,-0.283214,0.056770,-0.743856,0.222272,0.163145,-0.671132,-40.645817,0.325621,-0.005024,0.000339,1.000000,0.999997,-4.068634,102530.015625,0.996333,1.000000,0.000000,1.000000,1.000000,1.000000,1.000000,1.000000,0.465720,1.000000,0.627430,0.000000
68.069224,4.000000,1628.685059,-3.925973,701.497104,0.018323,0.000000,154.561737,144.810822,150.995260,-0.521343,0.056607,-0.986882,0.226910,0.167368,-0.674430,-40.763149,0.373176,-0.002265,0.001504,1.000000,0.999997,-4.087599,102530.015625,1.006624,1.000000,0.000000,1.000000,1.000000,1.000000,1.000000,1.000000,0.469808,1.000000,0.630942,0.000000
68.119636,4.000000,1632.580200,-3.879292,701.508833,0.016553,0.000000,154.110092,144.187744,150.345587,-0.728073,0.055402,-1.200217,0.235332,0.174331,-0.677344,-40.865147,0.416634,-0.001213,0.002417,1.000000,0.999997,-4.113003,102530.015625,0.996183,1.000000,0.000000,1.000000,1.000000,1.000000,1.000000,1.000000,0.473337,1.000000,0.637116,0.000000
68.169727,4.000000,1636.478149,-3.832143,701.520689,0.008253,0.000000,153.651260,143.560532,149.691687,-0.934909,0.052725,-1.408325,0.236857,0.176227,-0.680303,-40.967220,0.461704,0.000632,0.003209,1.000000,0.999997,-4.143993,102530.015625,0.987111,1.000000,0.000000,1.000000,1.000000,1.000000,1.000000,1.000000,0.476843,1.000000,0.636060,0.000000
68.222657,4.000000,1640.544312,-3.782530,701.533238,0.003431,0.000000,153.156006,142.902008,149.005115,-1.155381,0.049898,-1.629496,0.237157,0.177262,-0.683437,-41.073696,0.511914,-0.000175,0.003982,1.000000,0.999997,-4.185052,102530.015625,0.979362,1.000000,0.000000,1.000000,1.000000,1.000000,1.000000,1.000000,0.480548,1.000000,0.634060,0.000000
68.273823,4.000000,1644.501831,-3.733839,701.545338,-0.009081,0.000000,152.667023,142.256653,148.332277,-1.370790,0.048029,-1.845807,0.236749,0.177761,-0.686537,-41.177326,0.563177,-0.000742,0.004609,1.000000,0.999997,-4.233143,102530.015625,0.986366,1.000000,0.000000,1.000000,1.000000,1.000000,1.000000,1.000000,0.484130,1.000000,0.632416,0.000000
68.327175,4.000000,1648.606079,-3.682942,701.558212,-0.023425,0.000000,152.146271,141.582153,147.629007,-1.598345,0.044038,-2.081502,0.245186,0.184973,-0.689807,-41.284801,0.620105,0.004008,0.005092,1.000000,0.999997,-4.294711,102530.015625,1.002812,1.000000,0.000000,1.000000,1.000000,1.000000,1.000000,1.000000,0.487865,1.000000,0.640213,0.000000
68.385635,4.000000,1652.830811,-3.630157,701.573087,-0.037035,0.000000,151.562851,140.882675,146.899650,-1.851837,0.037738,-2.345810,0.258651,0.196099,-0.693232,-41.395428,0.702171,0.002239,0.005745,1.000000,0.999997,-4.373732,102530.015625,0.987387,1.000000,0.000000,1.000000,1.000000,1.000000,1.000000,1.000000,0.491957,1.000000,0.651128,0.000000
68.439283,4.000000,1656.833496,-3.579799,701.587216,-0.040087,0.000000,151.016068,140.216431,146.204981,-2.088831,0.035110,-2.588664,0.265248,0.202056,-0.696525,-41.500244,0.782966,-0.000414,0.006305,1.000000,0.999997,-4.455987,102530.015625,0.983180,1.000000,0.000000,1.000000,1.000000,1.000000,1.000000,1.000000,0.495712,1.000000,0.655693,0.000000
68.490676,4.000000,1660.841553,-3.529059,701.601006,-0.041369,0.000000,150.482758,139.548386,145.508503,-2.320186,0.035676,-2.823656,0.269824,0.206526,-0.699859,-41.605198,0.863794,-0.004315,0.007364,1.000000,0.999997,-4.540534,102530.015625,0.969147,1.000000,0.000000,1.000000,1.000000,1.000000,1.000000,1.000000,0.499310,1.000000,0.657440,0.000000
68.547969,4.000000,1664.971313,-3.476477,701.620895,-0.049975,0.000000,149.877167,138.679962,144.601627,-2.542599,0.038296,-3.191537,0.426916,0.328813,-0.704248,-41.713341,0.612867,-0.004856,0.009256,1.000000,0.999997,-2.802807,102530.015625,1.257795,1.000000,1.000000,1.000000,1.000000,1.000000,1.000000,1.000000,0.503320,1.000000,0.841664,0.000000
68.605422,4.000000,1669.212646,-3.422190,701.649726,-0.048937,0.000000,149.255356,137.889130,143.776080,-2.648758,0.039063,-3.344584,0.514907,0.398859,-0.708291,-41.824402,0.349403,-0.000645,0.009543,1.000000,0.999997,-1.203237,102530.015625,0.959486,1.000000,1.000000,1.000000,1.000000,1.000000,1.000000,1.000000,0.507342,1.000000,0.897637,0.000000
68.657841,4.000000,1673.188477,-3.371040,701.676189,-0.046435,0.000000,148.677002,137.266235,143.127015,-2.690743,0.035479,-3.371364,0.497482,0.387109,-0.711502,-41.928513,0.234754,0.004116,0.013804,1.000000,0.999997,-0.534756,102530.015625,0.910640,1.000000,1.000000,1.000000,1.000000,1.000000,1.000000,1.000000,0.511011,1.000000,0.874182,0.000000
68.709144,4.000000,1676.751831,-3.325051,701.700792,-0.034411,0.000000,148.102005,136.692688,142.529381,-2.708359,0.029945,-3.371996,0.473843,0.370261,-0.714486,-42.021824,0.174550,0.005433,0.011840,1.000000,0.999997,-0.207321,102530.015625,0.920825,1.000000,1.000000,1.000000,1.000000,1.000000,1.000000,1.000000,0.514603,1.000000,0.848560,0.000000
68.761717,4.000000,1680.726685,-3.273624,701.724845,-0.024767,0.000000,147.504883,136.046234,141.855771,-2.712988,0.022592,-3.361243,0.451414,0.354410,-0.717878,-42.125908,0.133692,0.008811,0.007574,1.000000,0.999997,-0.009008,102530.015625,0.921327,1.000000,1.000000,1.000000,1.000000,1.000000,1.000000,1.000000,0.518283,1.000000,0.825100,0.000000
68.813037,4.000000,1684.520142,-3.224440,701.747359,-0.028307,0.000000,146.915833,135.435516,141.219267,-2.710124,0.012838,-3.348641,0.434716,0.342839,-0.721113,-42.225243,0.106291,0.010770,0.002683,1.000000,0.999997,0.103616,102530.015625,0.948608,1.000000,1.000000,1.000000,1.000000,1.000000,1.000000,1.000000,0.521875,1.000000,0.809106,0.000000
68.863273,4.000000,1688.197510,-3.176671,701.768937,-0.026659,0.000000,146.334290,134.849472,140.608434,-2.702832,0.005350,-3.337567,0.427769,0.338826,-0.724246,-42.321537,0.085956,0.005268,-0.002809,1.000000,0.999997,0.170414,102530.015625,0.951935,1.000000,1.000000,1.000000,1.000000,1.000000,1.000000,1.000000,0.525392,1.000000,0.800868,0.000000
68.914534,4.000000,1691.844116,-3.129198,701.790062,-0.021105,0.000000,145.736710,134.274689,140.009511,-2.698436,0.005051,-3.308469,0.400055,0.318231,-0.727343,-42.417030,0.116867,-0.003569,-0.008687,1.000000,0.999997,-0.041995,102530.015625,0.888766,1.000000,0.000000,1.000000,1.000000,1.000000,1.000000,1.000000,0.528980,1.000000,0.766382,0.000000
68.965202,4.000000,1695.421753,-3.082495,701.809110,-0.036364,0.000000,145.142990,133.712494,139.423771,-2.708055,0.010913,-3.295689,0.367666,0.293696,-0.730399,-42.510712,0.162885,-0.009874,-0.015244,1.000000,0.999997,-0.311515,102530.015625,0.929849,1.000000,0.000000,1.000000,1.000000,1.000000,1.000000,1.000000,0.532527,1.000000,0.735115,0.000000
69.016217,4.000000,1698.962036,-3.036116,701.827334,-0.049731,0.000000,144.542877,133.156509,138.844260,-2.730901,0.018905,-3.310725,0.354431,0.284305,-0.733447,-42.603416,0.209359,-0.011008,-0.022866,1.000000,0.999997,-0.559405,102530.015625,0.955580,1.000000,0.000000,1.000000,1.000000,1.000000,1.000000,1.000000,0.536098,1.000000,0.722255,0.000000
69.068241,4.000000,1702.725098,-2.986607,701.845656,-0.058032,0.000000,143.928131,132.562164,138.224662,-2.766795,0.027968,-3.347312,0.352449,0.283982,-0.736734,-42.701958,0.257622,-0.012080,-0.030699,1.000000,0.999997,-0.794110,102530.015625,0.966508,1.000000,0.000000,1.000000,1.000000,1.000000,1.000000,1.000000,0.539739,1.000000,0.719954,0.000000
69.120763,4.000000,1706.437378,-2.937518,701.864190,-0.070117,0.000000,143.307495,131.971313,137.608654,-2.813780,0.035692,-3.396800,0.353679,0.286249,-0.740032,-42.799168,0.296293,-0.009665,-0.038859,1.000000,0.999997,-0.955980,102530.015625,0.970684,1.000000,1.000000,1.000000,1.000000,1.000000,1.000000,1.000000,0.543416,1.000000,0.719841,0.000000
69.177423,4.000000,1710.389648,-2.884946,701.882984,-0.058703,0.000000,142.637451,131.338989,136.949845,-2.868898,0.065622,-3.404390,0.307915,0.250409,-0.743592,-42.902660,0.307413,-0.075119,-0.044619,1.000000,0.999997,-0.951208,102530.015625,0.825203,1.000000,1.000000,1.000000,1.000000,1.000000,1.000000,1.000000,0.547382,1.000000,0.658014,0.000000
69.232011,4.000000,1714.265137,-2.832925,701.896114,-0.021960,0.000000,141.990936,130.707275,136.291970,-2.916617,0.137923,-3.358641,0.201017,0.164265,-0.747180,-43.004143,0.288059,-0.070211,-0.048756,1.000000,0.999997,-0.783306,102530.015625,0.717812,1.000000,1.000000,1.000000,1.000000,1.000000,1.000000,1.000000,0.551203,1.000000,0.540722,0.000000
69.283303,4.000000,1717.857788,-2.784226,701.902399,-0.002306,0.000000,141.383789,130.097229,135.656371,-2.950487,0.176229,-3.313411,0.095698,0.078569,-0.750681,-43.098221,0.255479,-0.045171,-0.048840,1.000000,0.999997,-0.557752,102530.015625,0.804193,1.000000,1.000000,1.000000,1.000000,1.000000,1.000000,1.000000,0.554794,1.000000,0.441999,0.000000
69.341539,4.000000,1721.910645,-2.728781,701.904826,0.003492,0.000000,140.694733,129.388092,134.917063,-2.975882,0.199922,-3.283924,0.021731,0.017939,-0.754794,-43.204350,0.220921,-0.028679,-0.046673,1.000000,0.999997,-0.332879,102530.015625,0.886137,1.000000,1.000000,1.000000,1.000000,1.000000,1.000000,1.000000,0.558870,1.000000,0.373219,0.000000
69.400347,4.000000,1725.906006,-2.673627,701.904745,-0.009997,0.000000,139.998856,128.685471,134.184413,-2.989325,0.207872,-3.276084,-0.008407,-0.006978,-0.758915,-43.308971,0.190451,-0.015563,-0.044654,1.000000,0.999997,-0.149648,102530.015625,0.939722,1.000000,1.000000,1.000000,1.000000,1.000000,1.000000,1.000000,0.562987,1.000000,0.345560,0.000000
69.455188,4.000000,1729.706787,-2.620722,701.904045,-0.017931,0.000000,139.349350,128.013733,133.483976,-2.994579,0.205929,-3.278853,-0.013216,-0.011027,-0.762896,-43.408497,0.175384,-0.007080,-0.042906,1.000000,0.999997,-0.066008,102530.015625,0.958823,1.000000,1.000000,1.000000,1.000000,1.000000,1.000000,1.000000,0.566826,1.000000,0.340793,0.000000
69.511272,4.000000,1733.541992,-2.566932,701.903283,-0.023119,0.000000,138.684708,127.332458,132.773587,-2.997676,0.198952,-3.281746,-0.013420,-0.011257,-0.766978,-43.508926,0.171806,-0.004581,-0.041139,1.000000,0.999997,-0.051360,102530.015625,0.959141,1.000000,1.000000,1.000000,1.000000,1.000000,1.000000,1.000000,0.570751,1.000000,0.338722,0.000000
69.567270,4.000000,1737.322021,-2.513529,701.902442,-0.024767,0.000000,138.020691,126.657120,132.069367,-3.001371,0.193746,-3.282527,-0.016159,-0.013627,-0.771067,-43.607910,0.175995,-0.007968,-0.039346,1.000000,0.999997,-0.079956,102530.015625,0.953710,1.000000,1.000000,1.000000,1.000000,1.000000,1.000000,1.000000,0.574671,1.000000,0.333446,0.000000
69.623632,4.000000,1741.162476,-2.458877,701.901520,-0.025378,0.000000,137.351883,125.966316,131.349057,-3.006226,0.188879,-3.289673,-0.015254,-0.012934,-0.775295,-43.708477,0.176556,-0.005335,-0.037862,1.000000,0.999997,-0.087535,102530.015625,0.975700,1.000000,1.000000,1.000000,1.000000,1.000000,1.000000,1.000000,0.578617,1.000000,0.334324,0.000000
69.681694,4.000000,1745.103149,-2.402391,701.901060,-0.034594,0.000000,136.662933,125.252502,130.604751,-3.010945,0.183967,-3.304595,-0.003821,-0.003258,-0.779713,-43.811665,0.172462,-0.006881,-0.036379,1.000000,0.999997,-0.071510,102530.015625,0.983148,1.000000,1.000000,1.000000,1.000000,1.000000,1.000000,1.000000,0.582681,1.000000,0.344383,0.000000
69.738816,4.000000,1748.952881,-2.346819,701.901381,-0.031176,0.000000,135.984528,124.550858,129.873095,-3.014496,0.182660,-3.318836,0.009971,0.008551,-0.784105,-43.912476,0.167714,-0.012662,-0.034915,1.000000,0.999997,-0.055492,102530.015625,0.966755,1.000000,1.000000,1.000000,1.000000,1.000000,1.000000,1.000000,0.586680,1.000000,0.354911,0.000000
69.789030,4.000000,1752.306274,-2.298090,701.901864,-0.025378,0.000000,135.387344,123.936707,129.232691,-3.017448,0.184637,-3.319455,0.008691,0.007490,-0.787990,-44.000286,0.166571,-0.014094,-0.033793,1.000000,0.999997,-0.059522,102530.015625,0.950452,1.000000,1.000000,1.000000,1.000000,1.000000,1.000000,1.000000,0.590195,1.000000,0.350455,0.000000
69.840235,4.000000,1755.545044,-2.250751,701.902081,-0.011950,0.000000,134.777512,123.340508,128.611047,-3.020305,0.187211,-3.315717,0.002343,0.002029,-0.791798,-44.085094,0.164185,-0.014730,-0.032739,1.000000,0.999997,-0.057433,102530.015625,0.940320,1.000000,1.000000,1.000000,1.000000,1.000000,1.000000,1.000000,0.593779,1.000000,0.341074,0.000000
69.897732,4.000000,1759.344849,-2.194875,701.901793,-0.014513,0.000000,134.091339,122.637016,127.877493,-3.023808,0.189397,-3.310994,-0.007728,-0.006730,-0.796340,-44.184597,0.162322,-0.011950,-0.031780,1.000000,0.999997,-0.059166,102530.015625,0.948548,1.000000,1.000000,1.000000,1.000000,1.000000,1.000000,1.000000,0.597804,1.000000,0.329688,0.000000
69.953971,4.000000,1763.139893,-2.138728,701.901215,-0.021838,0.000000,133.419632,121.929558,127.139801,-3.027316,0.190600,-3.312907,-0.010562,-0.009252,-0.800959,-44.283974,0.162318,-0.014674,-0.030783,1.000000,0.999997,-0.071061,102530.015625,0.958381,1.000000,1.000000,1.000000,1.000000,1.000000,1.000000,1.000000,0.601740,1.000000,0.326008,0.000000
70.006703,4.000000,1766.518188,-2.088467,701.900699,-0.034045,0.000000,132.790222,121.295433,126.478575,-3.031824,0.194834,-3.320026,-0.008686,-0.007648,-0.805146,-44.372437,0.165035,-0.017075,-0.029873,1.000000,0.999997,-0.095737,102530.015625,0.973941,1.000000,1.000000,1.000000,1.000000,1.000000,1.000000,1.000000,0.605432,1.000000,0.327235,0.000000
70.061264,4.000000,1770.161987,-2.033960,701.900667,-0.032519,0.000000,132.137268,120.606483,125.760163,-3.037652,0.199257,-3.338550,0.004705,0.004167,-0.809745,-44.467854,0.167196,-0.015959,-0.029122,1.000000,0.999997,-0.116598,102530.015625,0.988427,1.000000,1.000000,1.000000,1.000000,1.000000,1.000000,1.000000,0.609251,1.000000,0.339745,0.000000
70.114116,4.000000,1773.530640,-1.983309,701.901232,-0.036303,0.000000,131.504974,119.968605,125.095051,-3.044523,0.200946,-3.350345,0.012005,0.010688,-0.814050,-44.556065,0.169140,-0.011622,-0.029243,1.000000,0.999997,-0.134990,102530.015625,0.963917,1.000000,1.000000,1.000000,1.000000,1.000000,1.000000,1.000000,0.612951,1.000000,0.343444,0.000000
70.165878,4.000000,1776.718872,-1.935166,701.901949,-0.025988,0.000000,130.884262,119.365036,124.465680,-3.051069,0.198725,-3.359293,0.014751,0.013199,-0.818166,-44.639553,0.165128,-0.007656,-0.029766,1.000000,0.999997,-0.120961,102530.015625,0.961103,1.000000,1.000000,1.000000,1.000000,1.000000,1.000000,1.000000,0.616574,1.000000,0.344308,0.000000
70.216597,4.000000,1780.113892,-1.883705,701.902733,-0.024218,0.000000,130.275452,118.713303,123.786102,-3.056807,0.194343,-3.365970,0.015901,0.014307,-0.822657,-44.728455,0.160013,-0.007073,-0.029324,1.000000,0.999997,-0.102145,102530.015625,0.959179,1.000000,1.000000,1.000000,1.000000,1.000000,1.000000,1.000000,0.620124,1.000000,0.343539,0.000000
70.269830,4.000000,1783.365967,-1.834235,701.903593,-0.011950,0.000000,129.635681,118.083801,123.129703,-3.061375,0.194172,-3.370916,0.016696,0.015102,-0.827042,-44.813614,0.152616,-0.015500,-0.028470,1.000000,0.999997,-0.073959,102530.015625,0.953317,1.000000,1.000000,1.000000,1.000000,1.000000,1.000000,1.000000,0.623851,1.000000,0.342050,0.000000
70.320644,4.000000,1786.561890,-1.785446,701.904292,-0.012621,0.000000,129.024506,117.461800,122.481119,-3.065429,0.199478,-3.371082,0.012748,0.011592,-0.831421,-44.897301,0.152578,-0.019925,-0.027769,1.000000,0.999997,-0.086639,102530.015625,0.950772,1.000000,1.000000,1.000000,1.000000,1.000000,1.000000,1.000000,0.627408,1.000000,0.335959,0.000000
70.376012,4.000000,1790.120850,-1.730904,701.904916,-0.013232,0.000000,128.358215,116.764366,121.753898,-3.070550,0.208665,-3.375656,0.011529,0.010546,-0.836386,-44.990494,0.152936,-0.023349,-0.027098,1.000000,0.999997,-0.101476,102530.015625,0.956264,1.000000,1.000000,1.000000,1.000000,1.000000,1.000000,1.000000,0.631283,1.000000,0.333401,0.000000
70.429871,4.000000,1793.467041,-1.679426,701.905447,-0.016955,0.000000,127.709518,116.105087,121.066444,-3.076421,0.220285,-3.379889,0.009307,0.008562,-0.841134,-45.078117,0.152670,-0.028493,-0.026102,1.000000,0.999997,-0.111082,102530.015625,0.963359,1.000000,1.000000,1.000000,1.000000,1.000000,1.000000,1.000000,0.635053,1.000000,0.329721,0.000000
70.487525,4.000000,1797.050415,-1.624086,701.906112,-0.020617,0.000000,127.013977,115.404160,120.335574,-3.082510,0.237027,-3.389705,0.013099,0.012123,-0.846242,-45.171951,0.148654,-0.031577,-0.023126,1.000000,0.999997,-0.101269,102530.015625,0.967212,1.000000,1.000000,1.000000,1.000000,1.000000,1.000000,1.000000,0.639089,1.000000,0.331749,0.000000
70.541115,4.000000,1800.324341,-1.573342,701.906924,-0.030871,0.000000,126.367287,114.783440,119.688326,-3.087425,0.248890,-3.397800,0.016342,0.015207,-0.850818,-45.257683,0.142925,-0.023156,-0.016377,1.000000,0.999997,-0.082778,102530.015625,0.968994,1.000000,1.000000,1.000000,1.000000,1.000000,1.000000,1.000000,0.642841,1.000000,0.333351,0.000000
70.593009,4.000000,1803.404053,-1.525492,701.907884,-0.029162,0.000000,125.740280,114.220360,119.101184,-3.090719,0.251128,-3.403583,0.019373,0.018116,-0.855012,-45.338329,0.133141,-0.013042,-0.006003,1.000000,0.999997,-0.044266,102530.015625,0.963584,1.000000,1.000000,1.000000,1.000000,1.000000,1.000000,1.000000,0.646473,1.000000,0.334297,0.000000
70.646799,4.000000,1806.718628,-1.473945,701.908920,-0.020617,0.000000,125.090607,113.633041,118.488780,-3.091989,0.247682,-3.404625,0.019375,0.018212,-0.859430,-45.425125,0.124057,-0.008705,0.007745,1.000000,0.999997,-0.014146,102530.015625,0.961319,1.000000,1.000000,1.000000,1.000000,1.000000,1.000000,1.000000,0.650238,1.000000,0.332314,0.000000
70.698511,4.000000,1809.945923,-1.423777,701.909774,-0.015307,0.000000,124.467285,113.072151,117.903937,-3.092651,0.241999,-3.400110,0.014900,0.014075,-0.863693,-45.509632,0.120157,-0.005155,0.022511,1.000000,0.999997,-0.012972,102530.015625,0.946972,1.000000,1.000000,1.000000,1.000000,1.000000,1.000000,1.000000,0.653858,1.000000,0.325191,0.000000
70.749858,4.000000,1812.984863,-1.376622,701.910205,-0.016833,0.000000,123.849976,112.551079,117.360590,-3.093087,0.232534,-3.392684,0.006088,0.005777,-0.867691,-45.589211,0.115323,0.000282,0.038113,1.000000,0.999997,-0.006497,102530.015625,0.955891,1.000000,1.000000,1.000000,1.000000,1.000000,1.000000,1.000000,0.657453,1.000000,0.315326,0.000000
70.804866,4.000000,1816.292969,-1.325478,701.910397,-0.017626,0.000000,123.190704,111.985619,116.770972,-3.093272,0.219449,-3.390648,0.003166,0.003020,-0.872071,-45.675838,0.111585,0.003843,0.054891,1.000000,0.999997,-0.007826,102530.015625,0.960329,1.000000,1.000000,1.000000,1.000000,1.000000,1.000000,1.000000,0.661303,1.000000,0.311347,0.000000
70.855492,4.000000,1819.228027,-1.280346,701.910604,-0.016894,0.000000,122.587006,111.484238,116.248158,-3.093585,0.205082,-3.395318,0.005648,0.005411,-0.875993,-45.752693,0.107239,0.006769,0.070336,1.000000,0.999997,-0.003967,102530.015625,0.979617,1.000000,1.000000,1.000000,1.000000,1.000000,1.000000,1.000000,0.664847,1.000000,0.314393,0.000000
70.906594,4.000000,1822.373047,-1.232329,701.911119,-0.024279,0.000000,121.980583,110.944916,115.685798,-3.093143,0.191190,-3.399375,0.011617,0.011184,-0.880250,-45.835049,0.099955,0.005890,0.085391,1.000000,0.999997,0.014090,102530.015625,0.966618,1.000000,1.000000,1.000000,1.000000,1.000000,1.000000,1.000000,0.668424,1.000000,0.317530,0.000000
70.960809,4.000000,1825.526611,-1.184620,701.911766,-0.022997,0.000000,121.340454,110.401588,115.119263,-3.092233,0.177497,-3.399572,0.012527,0.012119,-0.884582,-45.917629,0.096063,0.006545,0.100847,1.000000,0.999997,0.010851,102530.015625,0.967636,1.000000,1.000000,1.000000,1.000000,1.000000,1.000000,1.000000,0.672219,1.000000,0.317028,0.000000
71.019164,4.000000,1829.017456,-1.132441,701.912465,-0.014758,0.000000,120.655190,109.793396,114.485080,-3.091961,0.163528,-3.398121,0.011641,0.011324,-0.889481,-46.009041,0.093921,0.005680,0.116294,1.000000,0.999998,-0.002971,102530.015625,0.962143,1.000000,1.000000,1.000000,1.000000,1.000000,1.000000,1.000000,0.676304,1.000000,0.314034,0.000000
71.069543,4.000000,1831.951904,-1.089175,701.912924,-0.011584,0.000000,120.068169,109.275009,113.944551,-3.092666,0.153676,-3.394496,0.007942,0.007763,-0.893700,-46.085880,0.095239,0.003158,0.128800,1.000000,0.999998,-0.030825,102530.015625,0.951677,1.000000,1.000000,1.000000,1.000000,1.000000,1.000000,1.000000,0.679830,1.000000,0.308066,0.000000
71.123124,4.000000,1835.061401,-1.044022,701.913165,-0.009936,0.000000,119.447250,108.721619,113.367524,-3.094786,0.147798,-3.394367,0.004124,0.004051,-0.898248,-46.167305,0.094598,-0.002031,0.141472,1.000000,0.999998,-0.046531,102530.015625,0.968519,1.000000,1.000000,1.000000,1.000000,1.000000,1.000000,1.000000,0.683581,1.000000,0.304145,0.000000
71.181680,4.000000,1838.484741,-0.995229,701.913465,-0.013049,0.000000,118.773361,108.103470,112.722952,-3.097923,0.146527,-3.398560,0.005465,0.005399,-0.903383,-46.256950,0.094211,-0.007454,0.154117,1.000000,0.999998,-0.064187,102530.015625,0.963343,1.000000,1.000000,1.000000,1.000000,1.000000,1.000000,1.000000,0.687680,1.000000,0.303410,0.000000
71.241720,4.000000,1841.878296,-0.947921,701.913810,-0.021899,0.000000,118.086700,107.481560,112.074480,-3.101758,0.150456,-3.404783,0.006416,0.006375,-0.908609,-46.345814,0.091649,-0.011824,0.165707,1.000000,0.999998,-0.069390,102530.015625,0.975756,1.000000,1.000000,1.000000,1.000000,1.000000,1.000000,1.000000,0.691883,1.000000,0.303914,0.000000
71.291796,4.000000,1844.841064,-0.907581,701.914351,-0.019091,0.000000,117.517395,106.928253,111.497520,-3.105191,0.155687,-3.414686,0.012685,0.012671,-0.913310,-46.423393,0.089707,-0.011850,0.173845,1.000000,0.999998,-0.074785,102530.015625,0.975710,1.000000,1.000000,1.000000,1.000000,1.000000,1.000000,1.000000,0.695388,1.000000,0.308756,0.000000
71.343229,4.000000,1847.770508,-0.868669,701.915250,-0.018359,0.000000,116.935295,106.370728,110.916185,-3.109360,0.157729,-3.426750,0.019853,0.019935,-0.918096,-46.500107,0.090382,-0.005967,0.180772,1.000000,0.999998,-0.094521,102530.015625,0.980949,1.000000,1.000000,1.000000,1.000000,1.000000,1.000000,1.000000,0.698988,1.000000,0.314899,0.000000
71.394604,4.000000,1850.678101,-0.831116,701.916448,-0.008654,0.000000,116.356300,105.804596,110.325847,-3.115371,0.158233,-3.435068,0.023730,0.023956,-0.923008,-46.576244,0.096694,-0.008709,0.186353,1.000000,0.999998,-0.142744,102530.015625,0.958332,1.000000,1.000000,1.000000,1.000000,1.000000,1.000000,1.000000,0.702585,1.000000,0.315411,0.000000
71.447031,4.000000,1853.605347,-0.794460,701.917547,-0.005541,0.000000,115.767487,105.220634,109.716950,-3.123572,0.163018,-3.438826,0.019670,0.019967,-0.928130,-46.652897,0.099408,-0.014877,0.190129,1.000000,0.999998,-0.167515,102530.015625,0.950454,1.000000,1.000000,1.000000,1.000000,1.000000,1.000000,1.000000,0.706255,1.000000,0.309158,0.000000
71.499750,4.000000,1856.720215,-0.756777,701.918388,-0.003832,0.000000,115.177063,104.580109,109.049058,-3.132467,0.173872,-3.443046,0.014569,0.014879,-0.933813,-46.734463,0.099367,-0.022682,0.191449,1.000000,0.999998,-0.175506,102530.015625,0.947282,1.000000,1.000000,1.000000,1.000000,1.000000,1.000000,1.000000,0.709945,1.000000,0.302631,0.000000
71.549876,4.000000,1859.480591,-0.724558,701.918909,-0.007739,0.000000,114.617111,103.994392,108.438314,-3.141369,0.189048,-3.447245,0.009047,0.009292,-0.939072,-46.806744,0.099052,-0.027998,0.190399,1.000000,0.999998,-0.180368,102530.015625,0.956034,1.000000,1.000000,1.000000,1.000000,1.000000,1.000000,1.000000,0.713454,1.000000,0.296141,0.000000
71.605072,4.000000,1862.548096,-0.690114,701.919457,-0.009264,0.000000,114.001389,103.321526,107.736697,-3.150997,0.207475,-3.461736,0.011852,0.012252,-0.945186,-46.887070,0.097014,-0.029525,0.186433,1.000000,0.999998,-0.176518,102530.015625,0.974848,1.000000,1.000000,1.000000,1.000000,1.000000,1.000000,1.000000,0.717318,1.000000,0.298694,0.000000
71.661814,4.000000,1865.597168,-0.657384,701.920510,-0.010729,0.000000,113.368073,102.636154,107.022030,-3.160696,0.226297,-3.483023,0.022179,0.023080,-0.951497,-46.966911,0.094316,-0.029990,0.181187,1.000000,0.999998,-0.170190,102530.015625,0.974977,1.000000,1.000000,1.000000,1.000000,1.000000,1.000000,1.000000,0.721289,1.000000,0.307550,0.000000
71.717954,4.000000,1868.741577,-0.625282,701.922757,-0.002306,0.000000,112.740585,101.924515,106.279948,-3.162610,0.243506,-3.524980,0.056814,0.059537,-0.958139,-47.049252,0.028294,-0.029328,0.177081,1.000000,0.999998,0.172430,102530.015625,1.017048,1.000000,1.000000,1.000000,1.000000,1.000000,1.000000,1.000000,0.725219,1.000000,0.343425,0.000000
71.769160,4.000000,1871.476929,-0.598743,701.926334,0.005689,0.000000,112.166626,101.319504,105.649057,-3.146031,0.257657,-3.520901,0.072754,0.076696,-0.963860,-47.120880,-0.025606,-0.028115,0.176221,1.000000,0.999998,0.415348,102530.015625,0.956134,1.000000,1.000000,1.000000,1.000000,1.000000,1.000000,1.000000,0.728804,1.000000,0.353015,0.000000
71.827840,4.000000,1874.581909,-0.570223,701.930308,0.005262,0.000000,111.506248,100.657318,104.958623,-3.117037,0.272777,-3.482189,0.064602,0.068551,-0.970199,-47.202187,-0.062350,-0.030674,0.178016,1.000000,0.999998,0.536838,102530.015625,0.940254,1.000000,1.000000,1.000000,1.000000,1.000000,1.000000,1.000000,0.732911,1.000000,0.341323,0.000000
71.885177,4.000000,1877.691406,-0.543424,701.933469,0.011610,0.000000,110.859955,100.014000,104.287846,-3.084046,0.291512,-3.434893,0.050877,0.054334,-0.976438,-47.283611,-0.088764,-0.035649,0.183777,1.000000,0.999998,0.594906,102530.015625,0.936689,1.000000,1.000000,1.000000,1.000000,1.000000,1.000000,1.000000,0.736925,1.000000,0.325545,0.000000
71.943659,4.000000,1880.798340,-0.518465,701.935967,0.007825,0.000000,110.200699,99.398933,103.646537,-3.047789,0.310116,-3.389050,0.040142,0.043134,-0.982478,-47.364967,-0.112911,-0.032847,0.194049,1.000000,0.999998,0.634098,102530.015625,0.953302,1.000000,1.000000,1.000000,1.000000,1.000000,1.000000,1.000000,0.741019,1.000000,0.314395,0.000000
71.996326,4.000000,1883.710449,-0.496838,701.937927,0.005079,0.000000,109.606758,98.848854,103.072950,-3.013008,0.324306,-3.353229,0.036994,0.039973,-0.987945,-47.441227,-0.136805,-0.032209,0.207830,1.000000,0.999998,0.677019,102530.015625,0.974148,1.000000,1.000000,1.000000,1.000000,1.000000,1.000000,1.000000,0.744705,1.000000,0.311554,0.000000
72.053747,4.000000,1886.698364,-0.476552,701.941058,0.000867,0.000000,108.960533,98.308701,102.509664,-2.971979,0.328539,-3.367075,0.076659,0.083288,-0.993372,-47.519466,-0.162253,0.004277,0.223916,1.000000,0.999998,0.712845,102530.015625,1.104657,1.000000,1.000000,1.000000,1.000000,1.000000,1.000000,1.000000,0.748725,1.000000,0.360190,0.000000
72.106646,4.000000,1889.402100,-0.460260,701.947275,-0.006579,0.000000,108.366577,97.853470,102.034774,-2.935301,0.289830,-3.385833,0.131611,0.143657,-0.997995,-47.590267,-0.170831,0.045999,0.237431,1.000000,0.999998,0.659555,102530.015625,1.037156,1.000000,1.000000,1.000000,1.000000,1.000000,1.000000,1.000000,0.752428,1.000000,0.409560,0.000000
72.158113,4.000000,1892.160034,-0.445972,701.956937,-0.006152,0.000000,107.791306,97.408943,101.570791,-2.905049,0.261180,-3.446409,0.211394,0.231796,-1.002553,-47.662487,-0.159558,0.005432,0.251673,1.000000,0.999998,0.506139,102530.015625,1.079255,1.000000,1.000000,1.000000,1.000000,1.000000,1.000000,1.000000,0.756030,1.000000,0.490763,0.000000
72.214423,4.000000,1895.056396,-0.433516,701.970547,-0.000353,0.000000,107.166039,96.948479,101.090362,-2.881726,0.253372,-3.463561,0.251945,0.277573,-1.007316,-47.738331,-0.142473,-0.009697,0.267163,1.000000,0.999998,0.328147,102530.015625,1.013441,1.000000,1.000000,1.000000,1.000000,1.000000,1.000000,1.000000,0.759972,1.000000,0.525132,0.000000
72.271896,4.000000,1898.069702,-0.423179,701.985846,0.007825,0.000000,106.532890,96.450272,100.570713,-2.867140,0.256275,-3.471243,0.272212,0.301451,-1.012520,-47.817234,-0.128896,-0.017394,0.285638,1.000000,0.999998,0.183403,102530.015625,0.992514,1.000000,1.000000,1.000000,1.000000,1.000000,1.000000,1.000000,0.763995,1.000000,0.542414,0.000000
72.326874,4.000000,1900.812378,-0.416073,702.001121,0.012891,0.000000,105.932007,95.956642,100.055989,-2.860597,0.263475,-3.473161,0.279351,0.310947,-1.017728,-47.889057,-0.115782,-0.020576,0.307776,1.000000,0.999998,0.056897,102530.015625,0.975065,1.000000,1.000000,1.000000,1.000000,1.000000,1.000000,1.000000,0.767844,1.000000,0.546933,0.000000
72.378169,4.000000,1903.447266,-0.411316,702.015579,0.004529,0.000000,105.376320,95.465683,99.544052,-2.859359,0.271765,-3.479924,0.283560,0.317256,-1.022961,-47.958054,-0.110786,-0.022581,0.327291,1.000000,0.999998,-0.012596,102530.015625,0.984557,1.000000,1.000000,1.000000,1.000000,1.000000,1.000000,1.000000,0.771434,1.000000,0.551065,0.000000
72.429203,4.000000,1906.103760,-0.408651,702.030387,-0.002490,0.000000,104.827698,94.958160,99.014801,-2.861024,0.281055,-3.495121,0.293378,0.329995,-1.028427,-48.027615,-0.108738,-0.022841,0.344828,1.000000,0.999998,-0.060442,102530.015625,0.989962,1.000000,1.000000,1.000000,1.000000,1.000000,1.000000,1.000000,0.775007,1.000000,0.559980,0.000000
72.479898,4.000000,1908.677612,-0.408191,702.045604,-0.004076,0.000000,104.286560,94.457153,98.492343,-2.864995,0.290520,-3.511253,0.302835,0.342439,-1.033882,-48.095013,-0.105691,-0.025373,0.360735,1.000000,0.999998,-0.109447,102530.015625,0.980631,1.000000,1.000000,1.000000,1.000000,1.000000,1.000000,1.000000,0.778555,1.000000,0.567514,0.000000
72.535846,4.000000,1911.442017,-0.410099,702.062768,0.003248,0.000000,103.693527,93.905197,97.916799,-2.871819,0.304879,-3.526638,0.308388,0.350767,-1.039957,-48.167400,-0.105359,-0.031445,0.376050,1.000000,0.999998,-0.142282,102530.015625,0.973867,1.000000,1.000000,1.000000,1.000000,1.000000,1.000000,1.000000,0.782472,1.000000,0.571302,0.000000
72.594423,4.000000,1914.410278,-0.415006,702.080203,0.008192,0.000000,103.076355,93.297234,97.283209,-2.886597,0.325675,-3.502585,0.282001,0.322844,-1.046729,-48.245129,-0.042354,-0.038856,0.390874,1.000000,0.999998,-0.510450,102530.015625,0.857876,1.000000,0.000000,1.000000,1.000000,1.000000,1.000000,1.000000,0.786572,1.000000,0.533308,0.000000
72.650145,4.000000,1916.988159,-0.421847,702.094124,0.003370,0.000000,102.491714,92.747520,96.710468,-2.929483,0.350302,-3.509266,0.242249,0.278978,-1.052926,-48.312634,0.041751,-0.043631,0.403504,1.000000,0.999998,-0.943425,102530.015625,0.939750,1.000000,1.000000,1.000000,1.000000,1.000000,1.000000,1.000000,0.790473,1.000000,0.498022,0.000000
72.701990,4.000000,1919.779053,-0.432105,702.106324,0.004529,0.000000,101.950340,92.136139,96.073089,-2.982857,0.373893,-3.559904,0.234291,0.271603,-1.059910,-48.385715,0.081162,-0.044086,0.410273,1.000000,0.999998,-1.106109,102530.015625,0.962226,1.000000,1.000000,1.000000,1.000000,1.000000,1.000000,1.000000,0.794102,1.000000,0.492160,0.000000
72.755778,4.000000,1922.381104,-0.444411,702.118894,0.000257,0.000000,101.389977,91.562218,95.474691,-3.044083,0.396519,-3.623306,0.233692,0.272606,-1.066552,-48.453854,0.105461,-0.042308,0.414508,1.000000,0.999998,-1.171024,102530.015625,0.964696,1.000000,1.000000,1.000000,1.000000,1.000000,1.000000,1.000000,0.797867,1.000000,0.490416,0.000000
72.807239,4.000000,1924.957886,-0.459300,702.130998,-0.001635,0.000000,100.854813,90.989517,94.877540,-3.104198,0.416967,-3.690387,0.236521,0.277643,-1.073263,-48.521328,0.120851,-0.043716,0.417346,1.000000,0.999998,-1.185187,102530.015625,0.976809,1.000000,1.000000,1.000000,1.000000,1.000000,1.000000,1.000000,0.800000,1.000000,0.492903,0.000000
72.862450,4.000000,1927.514282,-0.476848,702.144328,-0.002306,0.000000,100.280487,90.422516,94.286283,-3.169852,0.438916,-3.767241,0.243548,0.287685,-1.079992,-48.588268,0.140995,-0.044257,0.420733,1.000000,0.999998,-1.216612,102530.015625,0.973325,1.000000,1.000000,1.000000,1.000000,1.000000,1.000000,1.000000,0.800000,1.000000,0.498673,0.000000
72.920566,4.000000,1930.383545,-0.499978,702.158684,-0.006335,0.000000,99.676315,89.787041,93.623648,-3.240577,0.461425,-3.845053,0.248121,0.295161,-1.087634,-48.663403,0.160537,-0.044703,0.424600,1.000000,0.999998,-1.235539,102530.015625,0.963391,1.000000,1.000000,1.000000,1.000000,1.000000,1.000000,1.000000,0.800000,1.000000,0.500726,0.000000
72.971023,4.000000,1932.780640,-0.522166,702.171211,-0.009326,0.000000,99.151344,89.276520,93.091349,-3.302220,0.480118,-3.908664,0.248256,0.297010,-1.093851,-48.726173,0.173877,-0.044808,0.425577,1.000000,0.999998,-1.229649,102530.015625,0.960084,1.000000,1.000000,1.000000,1.000000,1.000000,1.000000,1.000000,0.800000,1.000000,0.499127,0.000000
73.023002,4.000000,1935.333252,-0.548608,702.181247,0.004774,0.000000,98.610275,88.823311,92.619662,-3.361179,0.474927,-3.810579,0.141657,0.170341,-1.099421,-48.793015,0.151704,-0.006402,0.412773,1.000000,0.999998,-1.029398,102530.015625,0.645466,1.000000,1.000000,1.000000,1.000000,1.000000,1.000000,1.000000,0.800000,1.000000,0.366167,0.000000
73.074283,4.000000,1937.697510,-0.575244,702.183684,0.008741,0.000000,98.077660,88.465050,92.246523,-3.403510,0.465211,-3.715209,0.017140,0.020694,-1.103867,-48.854927,0.097785,-0.016553,0.397718,1.000000,0.999998,-0.670334,102530.015625,0.801566,1.000000,1.000000,1.000000,1.000000,1.000000,1.000000,1.000000,0.800000,1.000000,0.250719,0.000000
73.127248,4.000000,1940.195190,-0.605936,702.181598,0.018751,0.000000,97.530327,88.100464,91.866288,-3.428304,0.465242,-3.655714,-0.058537,-0.070967,-1.108434,-48.920330,0.042872,-0.027612,0.381592,1.000000,0.999998,-0.328837,102530.015625,0.866756,1.000000,1.000000,1.000000,1.000000,1.000000,1.000000,1.000000,0.800000,1.000000,0.180163,0.000000
73.177391,4.000000,1942.593628,-0.638096,702.177030,0.013929,0.000000,97.016327,87.749428,91.500074,-3.437661,0.471558,-3.619224,-0.101417,-0.123445,-1.112870,-48.983135,0.004560,-0.033848,0.365830,1.000000,0.999998,-0.102183,102530.015625,0.916981,1.000000,1.000000,1.000000,1.000000,1.000000,1.000000,1.000000,0.800000,1.000000,0.141725,0.000000
73.232748,4.000000,1945.217896,-0.676486,702.170502,0.019666,0.000000,96.454697,87.348618,91.081992,-3.438089,0.484314,-3.595815,-0.123616,-0.151157,-1.117977,-49.051853,-0.021136,-0.041985,0.347833,1.000000,0.999998,0.039989,102530.015625,0.944064,1.000000,1.000000,1.000000,1.000000,1.000000,1.000000,1.000000,0.800000,1.000000,0.121468,0.000000
73.287114,4.000000,1947.766968,-0.717082,702.163310,0.027112,0.000000,95.908646,86.918518,90.633418,-3.433751,0.503215,-3.576972,-0.135660,-0.166704,-1.123508,-49.118603,-0.030839,-0.049419,0.329513,1.000000,0.999998,0.084762,102530.015625,0.944948,1.000000,1.000000,1.000000,1.000000,1.000000,1.000000,1.000000,0.800000,1.000000,0.108889,0.000000
73.341055,4.000000,1950.157227,-0.758036,702.155593,0.030958,0.000000,95.373314,86.454651,90.149629,-3.429303,0.525127,-3.560378,-0.145524,-0.179784,-1.129536,-49.181194,-0.027640,-0.053874,0.310571,1.000000,0.999998,0.057053,102530.015625,0.949908,1.000000,1.000000,1.000000,1.000000,1.000000,1.000000,1.000000,0.800000,1.000000,0.098258,0.000000
73.397706,4.000000,1952.799805,-0.806517,702.147128,0.035596,0.000000,94.816650,85.841675,89.510382,-3.428137,0.549772,-3.553327,-0.150345,-0.187067,-1.137601,-49.250393,-0.012389,-0.055716,0.291220,1.000000,0.999998,-0.033077,102530.015625,0.949884,1.000000,1.000000,1.000000,1.000000,1.000000,1.000000,1.000000,0.800000,1.000000,0.092653,0.000000
73.450047,4.000000,1955.302856,-0.855439,702.139133,0.044996,0.000000,94.306267,85.191444,88.832301,-3.431996,0.570640,-3.551624,-0.153854,-0.192895,-1.146282,-49.315937,0.002914,-0.053673,0.279021,1.000000,0.999998,-0.115765,102530.015625,0.943974,1.000000,1.000000,1.000000,1.000000,1.000000,1.000000,1.000000,0.800000,1.000000,0.087451,0.000000
73.507238,4.000000,1957.852783,-0.908221,702.130196,0.026624,0.000000,93.750839,84.523224,88.135467,-3.439855,0.589234,-3.555752,-0.156622,-0.197918,-1.155343,-49.382710,0.013548,-0.050252,0.266802,1.000000,0.999998,-0.167144,102530.015625,0.956156,1.000000,1.000000,1.000000,1.000000,1.000000,1.000000,1.000000,0.800000,1.000000,0.083798,0.000000
73.559155,4.000000,1960.179321,-0.958988,702.122209,0.017530,0.000000,93.246552,83.906105,87.491963,-3.449317,0.601036,-3.572370,-0.151587,-0.192963,-1.163838,-49.443634,0.021652,-0.044750,0.256727,1.000000,0.999998,-0.202427,102530.015625,0.974903,1.000000,1.000000,1.000000,1.000000,1.000000,1.000000,1.000000,0.800000,1.000000,0.088898,0.000000
73.618302,4.000000,1962.774048,-1.018548,702.113785,0.012708,0.000000,92.670807,83.208786,86.764897,-3.461475,0.609421,-3.601922,-0.137560,-0.176576,-1.173588,-49.511578,0.026185,-0.042224,0.247369,1.000000,0.999998,-0.216379,102530.015625,0.978866,1.000000,1.000000,1.000000,1.000000,1.000000,1.000000,1.000000,0.800000,1.000000,0.101883,0.000000
73.672749,4.000000,1965.228882,-1.077731,702.106757,0.010267,0.000000,92.138145,82.541718,86.069339,-3.473706,0.616381,-3.627888,-0.125676,-0.162625,-1.183069,-49.575859,0.032349,-0.043106,0.239292,1.000000,0.999998,-0.240550,102530.015625,0.980171,1.000000,1.000000,1.000000,1.000000,1.000000,1.000000,1.000000,0.800000,1.000000,0.111897,0.000000
73.726429,4.000000,1967.657227,-1.138894,702.100433,0.008863,0.000000,91.610565,81.874397,85.373535,-3.487000,0.623906,-3.652210,-0.114856,-0.149835,-1.192709,-49.639450,0.038061,-0.045563,0.232207,1.000000,0.999998,-0.261931,102530.015625,0.964063,1.000000,1.000000,1.000000,1.000000,1.000000,1.000000,1.000000,0.800000,1.000000,0.119674,0.000000
73.776737,4.000000,1969.786743,-1.194602,702.094766,0.009107,0.000000,91.112335,81.288506,84.762577,-3.500252,0.633553,-3.666965,-0.112121,-0.147322,-1.201303,-49.695213,0.041462,-0.049135,0.225666,1.000000,0.999998,-0.270677,102530.015625,0.954000,1.000000,1.000000,1.000000,1.000000,1.000000,1.000000,1.000000,0.800000,1.000000,0.120104,0.000000
73.832432,4.000000,1972.273804,-1.262007,702.088511,0.011243,0.000000,90.556648,80.602753,84.047494,-3.514884,0.645175,-3.680480,-0.112194,-0.148672,-1.211521,-49.760338,0.041102,-0.049427,0.217933,1.000000,0.999998,-0.257961,102530.015625,0.955804,1.000000,1.000000,1.000000,1.000000,1.000000,1.000000,1.000000,0.800000,1.000000,0.118471,0.000000
73.889070,4.000000,1974.664429,-1.329096,702.082162,0.020521,0.000000,89.986557,79.942017,83.358490,-3.528350,0.655432,-3.691899,-0.112217,-0.149932,-1.221532,-49.822941,0.036033,-0.047800,0.210613,1.000000,0.999998,-0.221791,102530.015625,0.949859,1.000000,1.000000,1.000000,1.000000,1.000000,1.000000,1.000000,0.800000,1.000000,0.116176,0.000000
73.942660,4.000000,1976.890503,-1.393530,702.075967,0.030347,0.000000,89.441978,79.344780,82.735667,-3.537813,0.662462,-3.691810,-0.117511,-0.158187,-1.230724,-49.881229,0.021093,-0.045466,0.206254,1.000000,0.999998,-0.137092,102530.015625,0.942535,1.000000,1.000000,1.000000,1.000000,1.000000,1.000000,1.000000,0.800000,1.000000,0.108444,0.000000
73.996303,4.000000,1979.152710,-1.460877,702.069364,0.037061,0.000000,88.892624,78.764000,82.129988,-3.542060,0.668170,-3.683913,-0.125298,-0.169913,-1.239798,-49.940468,0.002158,-0.044934,0.207554,1.000000,0.999998,-0.039024,102530.015625,0.944296,1.000000,1.000000,1.000000,1.000000,1.000000,1.000000,1.000000,0.800000,1.000000,0.098960,0.000000
74.053063,4.000000,1981.594116,-1.535608,702.061940,0.030347,0.000000,88.307869,78.181320,81.522336,-3.541160,0.670647,-3.671899,-0.132989,-0.181686,-1.249036,-50.004398,-0.018302,-0.038423,0.217261,1.000000,0.999998,0.058012,102530.015625,0.952178,1.000000,1.000000,1.000000,1.000000,1.000000,1.000000,1.000000,0.800000,1.000000,0.090398,0.000000
74.103825,4.000000,1983.715576,-1.602261,702.055033,0.035413,0.000000,87.782188,77.713982,81.034974,-3.535841,0.666802,-3.660288,-0.136949,-0.188221,-1.256546,-50.059952,-0.036261,-0.030873,0.233059,1.000000,0.999998,0.135045,102530.015625,0.957756,1.000000,1.000000,1.000000,1.000000,1.000000,1.000000,1.000000,0.800000,1.000000,0.085548,0.000000
74.155518,4.000000,1985.852783,-1.671022,702.047739,0.035047,0.000000,87.245499,77.263046,80.564696,-3.527439,0.656683,-3.641031,-0.143284,-0.198078,-1.263878,-50.115917,-0.047966,-0.023410,0.252549,1.000000,0.999998,0.171664,102530.015625,0.951756,1.000000,1.000000,1.000000,1.000000,1.000000,1.000000,1.000000,0.800000,1.000000,0.077468,0.000000
74.207705,4.000000,1988.055176,-1.743555,702.040028,0.036756,0.000000,86.704117,76.800735,80.082539,-3.517739,0.642801,-3.621413,-0.149742,-0.208252,-1.271485,-50.173588,-0.056197,-0.019798,0.272544,1.000000,0.999998,0.186670,102530.015625,0.953515,1.000000,1.000000,1.000000,1.000000,1.000000,1.000000,1.000000,0.800000,1.000000,0.070129,0.000000
74.263321,4.000000,1990.268555,-1.818154,702.031480,0.036451,0.000000,86.127640,76.328522,79.590060,-3.507090,0.626063,-3.602780,-0.154989,-0.216883,-1.279350,-50.231548,-0.061163,-0.016246,0.292295,1.000000,0.999998,0.180893,102530.015625,0.961497,1.000000,1.000000,1.000000,1.000000,1.000000,1.000000,1.000000,0.800000,1.000000,0.064201,0.000000
74.316194,4.000000,1992.491333,-1.894792,702.023310,0.029920,0.000000,85.581406,75.834946,79.075387,-3.497874,0.607604,-3.595723,-0.153328,-0.215954,-1.287674,-50.289753,-0.061392,-0.011521,0.306735,1.000000,0.999998,0.151493,102530.015625,0.973265,1.000000,1.000000,1.000000,1.000000,1.000000,1.000000,1.000000,0.800000,1.000000,0.065516,0.000000
74.373551,4.000000,1994.777344,-1.975432,702.014819,0.021192,0.000000,84.991226,75.284317,78.501237,-3.491139,0.585319,-3.601546,-0.144321,-0.204756,-1.297089,-50.349613,-0.050571,-0.009365,0.316722,1.000000,0.999998,0.062445,102530.015625,0.983361,1.000000,1.000000,1.000000,1.000000,1.000000,1.000000,1.000000,0.800000,1.000000,0.074065,0.000000
74.426261,4.000000,1996.883545,-2.051379,702.007699,0.009717,0.000000,84.450500,74.718788,77.911612,-3.490864,0.566364,-3.620273,-0.130359,-0.186346,-1.306901,-50.404766,-0.032606,-0.011561,0.316264,1.000000,0.999998,-0.055419,102530.015625,0.983510,1.000000,1.000000,1.000000,1.000000,1.000000,1.000000,1.000000,0.800000,1.000000,0.086931,0.000000
74.479421,4.000000,1998.958496,-2.127716,702.001337,0.010694,0.000000,83.906067,74.102776,77.269346,-3.496435,0.550154,-3.647931,-0.114738,-0.165380,-1.317761,-50.459103,-0.017519,-0.013981,0.305120,1.000000,0.999998,-0.149283,102530.015625,0.988067,1.000000,1.000000,1.000000,1.000000,1.000000,1.000000,1.000000,0.800000,1.000000,0.101646,0.000000
74.534549,4.000000,2001.108276,-2.208354,701.996141,0.011060,0.000000,83.340668,73.462891,76.602232,-3.500861,0.536807,-3.696429,-0.084619,-0.123029,-1.329233,-50.515396,-0.043779,-0.017124,0.292386,1.000000,0.999998,-0.019103,102530.015625,0.996755,1.000000,1.000000,1.000000,1.000000,1.000000,1.000000,1.000000,0.800000,1.000000,0.131162,0.000000
74.587290,4.000000,2003.192749,-2.287967,701.992237,0.012464,0.000000,82.799171,72.851219,75.964453,-3.499402,0.525651,-3.707859,-0.071482,-0.104802,-1.340389,-50.569981,-0.060942,-0.017556,0.279851,1.000000,0.999998,0.050645,102530.015625,0.959940,1.000000,1.000000,1.000000,1.000000,1.000000,1.000000,1.000000,0.800000,1.000000,0.139001,0.000000
74.644850,4.000000,2005.427124,-2.374817,701.988101,0.021802,0.000000,82.207085,72.206100,75.291740,-3.494823,0.515960,-3.699690,-0.072342,-0.107010,-1.352360,-50.628490,-0.075359,-0.022020,0.267666,1.000000,0.999998,0.097512,102530.015625,0.950508,1.000000,1.000000,1.000000,1.000000,1.000000,1.000000,1.000000,0.800000,1.000000,0.135496,0.000000
74.699564,4.000000,2007.548584,-2.458686,701.983953,0.023756,0.000000,81.642792,71.591179,74.650513,-3.487846,0.511422,-3.682572,-0.077847,-0.116144,-1.363972,-50.684040,-0.091156,-0.026109,0.257017,1.000000,0.999998,0.148889,102530.015625,0.942547,1.000000,1.000000,1.000000,1.000000,1.000000,1.000000,1.000000,0.800000,1.000000,0.127691,0.000000
74.756354,4.000000,2009.739258,-2.546681,701.979214,0.029493,0.000000,81.055084,70.956696,73.988871,-3.478029,0.507227,-3.660119,-0.085860,-0.129243,-1.376165,-50.741405,-0.105121,-0.023402,0.245502,1.000000,0.999998,0.183951,102530.015625,0.945610,1.000000,1.000000,1.000000,1.000000,1.000000,1.000000,1.000000,0.800000,1.000000,0.118324,0.000000
74.812121,4.000000,2011.821899,-2.631628,701.974280,0.029676,0.000000,80.476219,70.344391,73.350358,-3.466951,0.500559,-3.643907,-0.088949,-0.135058,-1.388140,-50.795940,-0.117176,-0.021990,0.234354,1.000000,0.999998,0.206322,102530.015625,0.954334,1.000000,1.000000,1.000000,1.000000,1.000000,1.000000,1.000000,0.800000,1.000000,0.114079,0.000000
74.867263,4.000000,2013.915771,-2.718294,701.969188,0.040357,0.000000,79.902077,69.727203,72.706742,-3.454865,0.494054,-3.619612,-0.094930,-0.145416,-1.400423,-50.850773,-0.129225,-0.021988,0.223995,1.000000,0.999998,0.226831,102530.015625,0.939516,1.000000,1.000000,1.000000,1.000000,1.000000,1.000000,1.000000,0.800000,1.000000,0.105303,0.000000
74.919664,4.000000,2015.827148,-2.798459,701.964071,0.042310,0.000000,79.354362,69.164124,72.119586,-3.442496,0.489998,-3.613852,-0.095072,-0.146820,-1.411820,-50.900822,-0.139148,-0.032981,0.215764,1.000000,0.999998,0.235947,102530.015625,1.001435,1.000000,1.000000,1.000000,1.000000,1.000000,1.000000,1.000000,0.800000,1.000000,0.108864,0.000000
74.973643,4.000000,2017.782471,-2.881435,701.959711,0.039808,0.000000,78.788452,68.563568,71.493441,-3.431031,0.500992,-3.630106,-0.075657,-0.117860,-1.424179,-50.952026,-0.138606,-0.046806,0.209569,1.000000,0.999998,0.187522,102530.015625,0.987087,1.000000,1.000000,1.000000,1.000000,1.000000,1.000000,1.000000,0.800000,1.000000,0.125748,0.000000
75.029462,4.000000,2019.903931,-2.972403,701.956144,0.035047,0.000000,78.201965,67.893745,70.795028,-3.421950,0.518382,-3.643781,-0.058924,-0.092699,-1.438223,-51.007576,-0.138680,-0.050194,0.203254,1.000000,0.999998,0.145462,102530.015625,0.976179,1.000000,1.000000,1.000000,1.000000,1.000000,1.000000,1.000000,0.800000,1.000000,0.139089,0.000000
75.082702,4.000000,2021.768921,-3.053102,701.953323,0.032056,0.000000,77.640732,67.309143,70.185456,-3.414896,0.535717,-3.648363,-0.050657,-0.080386,-1.450709,-51.056416,-0.141133,-0.052381,0.196906,1.000000,0.999998,0.121110,102530.015625,0.968538,1.000000,1.000000,1.000000,1.000000,1.000000,1.000000,1.000000,0.800000,1.000000,0.145249,0.000000
75.139495,4.000000,2023.851074,-3.143943,701.950656,0.031995,0.000000,77.039513,66.655090,69.503460,-3.408973,0.555158,-3.648725,-0.045461,-0.072848,-1.464938,-51.110935,-0.142411,-0.054792,0.190824,1.000000,0.999998,0.090297,102530.015625,0.960491,1.000000,1.000000,1.000000,1.000000,1.000000,1.000000,1.000000,0.800000,1.000000,0.147871,0.000000
75.191473,4.000000,2025.730957,-3.226567,701.948402,0.023878,0.000000,76.487709,66.065376,68.888548,-3.404459,0.573089,-3.657252,-0.040284,-0.065129,-1.478009,-51.160164,-0.146845,-0.050124,0.185266,1.000000,0.999998,0.081609,102530.015625,1.010068,1.000000,1.000000,1.000000,1.000000,1.000000,1.000000,1.000000,0.800000,1.000000,0.154727,0.000000
75.246491,4.000000,2027.640747,-3.311065,701.947083,0.020338,0.000000,75.901405,65.440842,68.237355,-3.401946,0.578068,-3.690385,-0.016714,-0.027280,-1.492107,-51.210175,-0.140439,-0.034176,0.177061,1.000000,0.999998,0.014691,102530.015625,0.986593,1.000000,1.000000,1.000000,1.000000,1.000000,1.000000,1.000000,0.800000,1.000000,0.175194,0.000000
75.299883,4.000000,2029.420898,-3.390352,701.946658,0.022413,0.000000,75.329773,64.858192,67.629822,-3.403170,0.572736,-3.709762,-0.004834,-0.007962,-1.496553,-51.256786,-0.132934,-0.025463,0.170092,1.000000,0.999998,-0.051034,102530.015625,0.973636,1.000000,1.000000,1.000000,1.000000,1.000000,1.000000,1.000000,0.800000,1.000000,0.184741,0.000000
75.352460,4.000000,2031.283936,-3.473875,701.946702,0.019178,0.000000,74.765106,64.251030,66.996707,-3.407204,0.561309,-3.725504,0.003004,0.004994,-1.496553,-51.305573,-0.129390,-0.019221,0.164215,1.000000,0.999998,-0.089447,102530.015625,0.969820,1.000000,1.000000,1.000000,1.000000,1.000000,1.000000,1.000000,0.800000,1.000000,0.190271,0.000000
75.403163,4.000000,2032.990601,-3.550864,701.947106,0.020277,0.000000,74.219032,63.689556,66.411241,-3.412585,0.547591,-3.743129,0.010122,0.016975,-1.496553,-51.350266,-0.127958,-0.016691,0.159261,1.000000,0.999998,-0.112751,102530.015625,0.971464,1.000000,1.000000,1.000000,1.000000,1.000000,1.000000,1.000000,0.800000,1.000000,0.196043,0.000000
75.459310,4.000000,2034.909668,-3.637927,701.947937,0.024427,0.000000,73.612709,63.057243,65.751906,-3.419332,0.530607,-3.759511,0.016560,0.028050,-1.496553,-51.400517,-0.129368,-0.013587,0.154937,1.000000,0.999998,-0.120415,102530.015625,0.965099,1.000000,1.000000,1.000000,1.000000,1.000000,1.000000,1.000000,0.800000,1.000000,0.199969,0.000000
75.514094,4.000000,2036.716064,-3.720305,701.948919,0.025342,0.000000,73.018692,62.462055,65.131285,-3.425814,0.511563,-3.768161,0.018202,0.031125,-1.496553,-51.447819,-0.134376,-0.009480,0.150371,1.000000,0.999998,-0.107734,102530.015625,0.960879,1.000000,1.000000,1.000000,1.000000,1.000000,1.000000,1.000000,0.800000,1.000000,0.199485,0.000000
75.570520,4.000000,2038.589966,-3.806164,701.949991,0.025770,0.000000,72.405258,61.844494,64.487336,-3.431665,0.490151,-3.776217,0.019434,0.033565,-1.496553,-51.496887,-0.139566,-0.008013,0.146683,1.000000,0.999998,-0.095757,102530.015625,0.959182,1.000000,1.000000,1.000000,1.000000,1.000000,1.000000,1.000000,0.800000,1.000000,0.198928,0.000000
75.622365,4.000000,2040.367065,-3.887893,701.951009,0.022535,0.000000,71.841644,61.253365,63.870942,-3.436383,0.471748,-3.781234,0.019672,0.034303,-1.496553,-51.543423,-0.144669,-0.008988,0.144391,1.000000,0.999998,-0.083896,102530.015625,0.959457,1.000000,1.000000,1.000000,1.000000,1.000000,1.000000,1.000000,0.800000,1.000000,0.197401,0.000000
75.679335,4.000000,2042.206909,-3.972764,701.952164,0.028089,0.000000,71.220779,60.636723,63.227950,-3.440672,0.452480,-3.787557,0.020753,0.036556,-1.496553,-51.591602,-0.153039,-0.007970,0.142219,1.000000,0.999998,-0.056968,102530.015625,0.959366,1.000000,1.000000,1.000000,1.000000,1.000000,1.000000,1.000000,0.800000,1.000000,0.196668,0.000000
75.733194,4.000000,2043.970337,-4.054286,701.953224,0.030958,0.000000,70.633255,60.049023,62.615152,-3.442899,0.433886,-3.785218,0.018755,0.033360,-1.496553,-51.637779,-0.162526,-0.006628,0.139797,1.000000,0.999998,-0.025874,102530.015625,0.949477,1.000000,1.000000,1.000000,1.000000,1.000000,1.000000,1.000000,0.800000,1.000000,0.192316,0.000000
75.788178,4.000000,2045.720459,-4.135313,701.954017,0.031202,0.000000,70.032784,59.463169,62.004267,-3.444019,0.415654,-3.773602,0.011901,0.021376,-1.496553,-51.683605,-0.169723,-0.007132,0.137793,1.000000,0.999998,-0.009884,102530.015625,0.946124,1.000000,1.000000,1.000000,1.000000,1.000000,1.000000,1.000000,0.800000,1.000000,0.183435,0.000000
75.839686,4.000000,2047.364868,-4.211491,701.954458,0.035596,0.000000,69.470345,58.906796,61.424115,-3.444535,0.399867,-3.766646,0.007353,0.013332,-1.496553,-51.726665,-0.175089,-0.007546,0.136357,1.000000,0.999998,-0.003448,102530.015625,0.950119,1.000000,1.000000,1.000000,1.000000,1.000000,1.000000,1.000000,0.800000,1.000000,0.177676,0.000000
75.894274,4.000000,2049.013916,-4.287884,701.954750,0.042737,0.000000,68.873962,58.344852,60.838164,-3.443663,0.384767,-3.772505,0.005427,0.009935,-1.496553,-51.769848,-0.196938,-0.008730,0.135267,1.000000,0.999998,0.090465,102530.015625,1.012794,1.000000,1.000000,1.000000,1.000000,1.000000,1.000000,1.000000,0.800000,1.000000,0.179648,0.000000
75.947740,4.000000,2050.687012,-4.365351,701.955717,0.044569,0.000000,68.290092,57.776928,60.245965,-3.431992,0.371247,-3.781550,0.021058,0.038928,-1.496553,-51.813660,-0.244148,-0.008351,0.134510,1.000000,0.999998,0.306644,102530.015625,0.964311,1.000000,1.000000,1.000000,1.000000,1.000000,1.000000,1.000000,0.800000,1.000000,0.189149,0.000000
76.005059,4.000000,2052.460205,-4.447341,701.956861,0.045484,0.000000,67.664200,57.189770,59.633716,-3.410590,0.355895,-3.750014,0.017651,0.032966,-1.496553,-51.860092,0.056909,-0.005482,0.131854,1.000000,0.999998,0.420685,102530.015625,0.943074,1.000000,1.000000,1.000000,1.000000,1.000000,1.000000,0.000000,0.800000,1.000000,0.181885,0.000000
76.056209,4.000000,2054.035156,-4.520060,701.957438,0.042921,0.000000,67.106300,56.677303,59.099364,-3.387539,0.339856,-3.712163,0.009001,0.016963,-1.496553,-51.901337,0.035272,-0.001553,0.130628,1.000000,0.999998,0.475214,102530.015625,0.950183,1.000000,1.000000,1.000000,1.000000,1.000000,1.000000,0.000000,0.800000,1.000000,0.172453,0.000000
76.109008,4.000000,2055.560547,-4.590376,701.957711,0.040906,0.000000,66.531487,56.173912,58.574462,-3.361248,0.320702,-3.676555,0.003858,0.007336,-1.496553,-51.941280,0.014023,0.002038,0.129222,1.000000,0.999998,0.520438,102530.015625,0.955146,1.000000,1.000000,1.000000,1.000000,1.000000,1.000000,0.000000,0.800000,1.000000,0.165984,0.000000
76.166615,4.000000,2057.331299,-4.671816,701.957799,0.038709,0.000000,65.906517,55.578300,57.953400,-3.331034,0.299015,-3.642583,0.001011,0.001943,-1.496553,-51.987648,-0.001686,0.002473,0.129136,1.000000,0.999998,0.524812,102530.015625,0.965512,1.000000,1.000000,1.000000,1.000000,1.000000,1.000000,0.000000,0.800000,1.000000,0.162321,0.000000
76.218543,4.000000,2058.843750,-4.741201,701.957906,0.037977,0.000000,65.344696,55.053959,57.406649,-3.304237,0.281074,-3.618349,0.002461,0.004774,-1.496553,-52.027252,-0.013136,0.001761,0.129879,1.000000,0.999998,0.513699,102530.015625,0.962516,1.000000,1.000000,1.000000,1.000000,1.000000,1.000000,0.000000,0.800000,1.000000,0.162085,0.000000
76.271100,4.000000,2060.402588,-4.812479,701.958110,0.037000,0.000000,64.777802,54.511185,56.840678,-3.277439,0.264880,-3.597992,0.005157,0.010105,-1.496553,-52.068073,-0.024627,-0.000113,0.130889,1.000000,0.999998,0.501735,102530.015625,0.970221,1.000000,1.000000,1.000000,1.000000,1.000000,1.000000,0.000000,0.800000,1.000000,0.163783,0.000000
76.322321,4.000000,2061.873779,-4.879498,701.958523,0.028883,0.000000,64.227112,53.986713,56.293794,-3.252999,0.251022,-3.581720,0.009261,0.018323,-1.496553,-52.106598,-0.029594,-0.000700,0.131949,1.000000,0.999998,0.457746,102530.015625,0.970399,1.000000,1.000000,1.000000,1.000000,1.000000,1.000000,0.000000,0.800000,1.000000,0.166306,0.000000
76.375683,4.000000,2063.403076,-4.948844,701.959173,0.026502,0.000000,63.654934,53.435173,55.718680,-3.229653,0.237698,-3.567498,0.013532,0.027049,-1.496553,-52.146641,-0.036659,-0.001476,0.133468,1.000000,0.999998,0.425416,102530.015625,0.973206,1.000000,1.000000,1.000000,1.000000,1.000000,1.000000,0.000000,0.800000,1.000000,0.169154,0.000000
76.428790,4.000000,2064.910645,-5.016869,701.960080,0.030591,0.000000,63.087170,52.889790,55.149981,-3.207782,0.226733,-3.555195,0.018493,0.037347,-1.496553,-52.186119,-0.045493,-0.003748,0.135764,1.000000,0.999998,0.404980,102530.015625,0.969686,1.000000,1.000000,1.000000,1.000000,1.000000,1.000000,0.000000,0.800000,1.000000,0.172142,0.000000
76.483425,4.000000,2066.507324,-5.088486,701.961194,0.033277,0.000000,62.505280,52.306129,54.541380,-3.186361,0.217146,-3.539289,0.021259,0.043411,-1.496553,-52.227932,-0.054701,-0.003714,0.137451,1.000000,0.999998,0.385881,102530.015625,0.967688,1.000000,1.000000,1.000000,1.000000,1.000000,1.000000,0.000000,0.800000,1.000000,0.172993,0.000000
76.540383,4.000000,2068.051514,-5.157327,701.963061,0.033643,0.000000,61.900078,51.720837,53.931036,-3.165708,0.197946,-3.575806,0.044182,0.091242,-1.496553,-52.268368,-0.056617,0.021197,0.135068,1.000000,0.999998,0.325671,102530.015625,1.017752,1.000000,1.000000,1.000000,1.000000,1.000000,1.000000,0.000000,0.800000,1.000000,0.198594,0.000000
76.591911,4.000000,2069.490234,-5.221231,701.966251,0.035047,0.000000,61.353535,51.153019,53.338857,-3.151060,0.159459,-3.608572,0.068612,0.143265,-1.496553,-52.306042,-0.054085,0.040838,0.130430,1.000000,0.999998,0.254103,102530.015625,0.993606,1.000000,1.000000,1.000000,1.000000,1.000000,1.000000,0.000000,0.800000,1.000000,0.219067,0.000000
76.650257,4.000000,2070.956543,-5.286276,701.970834,0.026563,0.000000,60.735558,50.577095,52.738261,-3.138393,0.103768,-3.625706,0.081750,0.172642,-1.496553,-52.344437,-0.053217,0.053712,0.128033,1.000000,0.999998,0.190571,102530.015625,0.984450,1.000000,1.000000,1.000000,1.000000,1.000000,1.000000,0.000000,0.800000,1.000000,0.230397,0.000000
76.704008,4.000000,2072.499268,-5.354682,701.975898,0.024122,0.000000,60.167442,49.969944,52.105015,-3.129868,0.050895,-3.675372,0.104428,0.223213,-1.496553,-52.384834,-0.048714,0.044785,0.129716,1.000000,0.999998,0.116688,102530.015625,1.031876,1.000000,1.000000,1.000000,1.000000,1.000000,1.000000,0.000000,0.800000,1.000000,0.254843,0.000000
76.762761,4.000000,2074.043945,-5.423060,701.983367,0.020704,0.000000,59.546474,49.333897,51.441524,-3.126535,0.012741,-3.737179,0.135772,0.293952,-1.496553,-52.425285,-0.037250,0.030335,0.134105,1.000000,0.999998,0.009930,102530.015625,0.995701,1.000000,1.000000,1.000000,1.000000,1.000000,1.000000,0.000000,0.800000,1.000000,0.281510,0.000000
76.818228,4.000000,2075.411377,-5.483332,701.991503,0.015394,0.000000,58.960396,48.777378,50.861079,-3.128053,-0.012288,-3.771369,0.149920,0.328287,-1.496553,-52.461090,-0.031866,0.022353,0.136923,1.000000,0.999998,-0.052614,102530.015625,0.982740,1.000000,1.000000,1.000000,1.000000,1.000000,1.000000,0.000000,0.800000,1.000000,0.292981,0.000000
76.875518,4.000000,2077.025146,-5.554013,702.000404,0.020399,0.000000,58.355759,48.127235,50.183083,-3.132550,-0.030584,-3.792153,0.157127,0.348717,-1.496553,-52.503349,-0.028351,0.017183,0.140386,1.000000,0.999998,-0.100656,102530.015625,0.968682,1.000000,1.000000,1.000000,1.000000,1.000000,1.000000,0.000000,0.800000,1.000000,0.296664,0.000000
76.929489,4.000000,2078.369141,-5.612442,702.008970,0.019849,0.000000,57.785866,47.583725,49.616326,-3.139155,-0.043053,-3.807769,0.159437,0.357886,-1.496553,-52.538544,-0.025974,0.013633,0.142664,1.000000,0.999998,-0.136423,102530.015625,0.967698,1.000000,1.000000,1.000000,1.000000,1.000000,1.000000,0.000000,0.800000,1.000000,0.297197,0.000000
76.979892,4.000000,2079.696533,-5.669695,702.017038,0.019605,0.000000,57.254120,47.045116,49.054693,-3.146370,-0.051906,-3.819775,0.160188,0.363688,-1.496553,-52.573303,-0.027477,0.011190,0.144451,1.000000,0.999998,-0.147171,102530.015625,0.963985,1.000000,1.000000,1.000000,1.000000,1.000000,1.000000,0.000000,0.800000,1.000000,0.296050,0.000000
77.035404,4.000000,2081.032227,-5.726846,702.025902,0.028455,0.000000,56.667652,46.502701,48.489122,-3.154495,-0.059020,-3.829322,0.159350,0.366005,-1.496553,-52.608276,-0.031467,0.009857,0.145969,1.000000,0.999998,-0.145506,102530.015625,0.957575,1.000000,1.000000,1.000000,1.000000,1.000000,1.000000,0.000000,0.800000,1.000000,0.293099,0.000000
77.087994,4.000000,2082.325928,-5.781732,702.034144,0.030530,0.000000,56.112873,45.973022,47.936855,-3.161936,-0.065677,-3.830882,0.155426,0.361103,-1.496553,-52.642155,-0.036438,0.010449,0.146996,1.000000,0.999998,-0.137562,102530.015625,0.955806,1.000000,1.000000,1.000000,1.000000,1.000000,1.000000,0.000000,0.800000,1.000000,0.287224,0.000000
77.144477,4.000000,2083.680176,-5.838692,702.042701,0.030714,0.000000,55.517479,45.420128,47.360406,-3.169574,-0.072181,-3.829786,0.150028,0.352806,-1.496553,-52.677616,-0.041233,0.010063,0.148047,1.000000,0.999998,-0.132444,102530.015625,0.956086,1.000000,1.000000,1.000000,1.000000,1.000000,1.000000,0.000000,0.800000,1.000000,0.279979,0.000000
77.198103,4.000000,2085.004395,-5.893913,702.050552,0.031263,0.000000,54.953465,44.872864,46.789823,-3.176554,-0.078415,-3.830298,0.145214,0.345651,-1.496553,-52.712292,-0.045676,0.011284,0.148707,1.000000,0.999998,-0.128446,102530.015625,0.957261,1.000000,1.000000,1.000000,1.000000,1.000000,1.000000,0.000000,0.800000,1.000000,0.273953,0.000000
77.250666,4.000000,2086.281006,-5.946698,702.058041,0.031690,0.000000,54.401752,44.340878,46.235149,-3.182944,-0.085678,-3.832006,0.141432,0.340685,-1.496553,-52.745724,-0.051288,0.013008,0.148822,1.000000,0.999998,-0.118150,102530.015625,0.958346,1.000000,1.000000,1.000000,1.000000,1.000000,1.000000,0.000000,0.800000,1.000000,0.268799,0.000000
77.309028,4.000000,2087.641113,-6.002479,702.066172,0.032789,0.000000,53.790771,43.765541,45.635265,-3.189419,-0.095261,-3.836879,0.138625,0.338315,-1.496553,-52.781338,-0.057370,0.015463,0.149139,1.000000,0.999998,-0.108429,102530.015625,0.961778,1.000000,1.000000,1.000000,1.000000,1.000000,1.000000,0.000000,0.800000,1.000000,0.264583,0.000000
77.364189,4.000000,2088.927734,-6.054808,702.073774,0.031202,0.000000,53.214207,43.216465,45.062739,-3.194256,-0.105911,-3.842319,0.137357,0.339478,-1.496553,-52.815029,-0.068074,0.017435,0.149245,1.000000,0.999998,-0.073831,102530.015625,0.960828,1.000000,1.000000,1.000000,1.000000,1.000000,1.000000,0.000000,0.800000,1.000000,0.261519,0.000000
77.414408,4.000000,2090.049561,-6.100122,702.080565,0.034193,0.000000,52.690945,42.736336,44.562133,-3.197062,-0.115898,-3.839724,0.134274,0.335588,-1.496553,-52.844406,-0.078829,0.018118,0.148909,1.000000,0.999998,-0.039409,102530.015625,0.955624,1.000000,1.000000,1.000000,1.000000,1.000000,1.000000,0.000000,0.800000,1.000000,0.256362,0.000000
77.471654,4.000000,2091.389648,-6.153858,702.087996,0.036573,0.000000,52.096119,42.163315,43.964707,-3.198250,-0.127800,-3.828752,0.127731,0.323572,-1.496553,-52.879498,-0.090513,0.019493,0.151919,1.000000,0.999998,-0.006807,102530.015625,0.954147,1.000000,1.000000,1.000000,1.000000,1.000000,1.000000,0.000000,0.800000,1.000000,0.248212,0.000000
77.528631,4.000000,2092.671387,-6.204853,702.095020,0.039686,0.000000,51.505898,41.619404,43.397613,-3.197613,-0.139706,-3.815737,0.121196,0.311029,-1.496553,-52.913059,-0.103106,0.019668,0.154822,1.000000,0.999998,0.027822,102530.015625,0.957069,1.000000,1.000000,1.000000,1.000000,1.000000,1.000000,0.000000,0.800000,1.000000,0.240205,0.000000
77.580738,4.000000,2093.807861,-6.249742,702.101169,0.039991,0.000000,50.968311,41.161587,42.920283,-3.194644,-0.149716,-3.804800,0.116751,0.302956,-1.496553,-52.942822,-0.119811,0.019102,0.156875,1.000000,0.999998,0.084062,102530.015625,0.961169,1.000000,1.000000,1.000000,1.000000,1.000000,1.000000,0.000000,0.800000,1.000000,0.234478,0.000000
77.631041,4.000000,2094.920410,-6.293358,702.106889,0.041456,0.000000,50.450981,40.742275,42.483099,-3.188829,-0.157852,-3.790933,0.112518,0.294976,-1.496553,-52.971954,-0.137056,0.017194,0.158357,1.000000,0.999998,0.139292,102530.015625,0.962708,1.000000,1.000000,1.000000,1.000000,1.000000,1.000000,0.000000,0.800000,1.000000,0.229060,0.000000
77.683489,4.000000,2096.076416,-6.338330,702.112610,0.043470,0.000000,49.914936,40.335670,42.059169,-3.180186,-0.163526,-3.770834,0.107366,0.284307,-1.496553,-53.002224,-0.153754,0.013838,0.159747,1.000000,0.999998,0.185077,102530.015625,0.961387,1.000000,1.000000,1.000000,1.000000,1.000000,1.000000,0.000000,0.800000,1.000000,0.222520,0.000000
77.741139,4.000000,2097.270020,-6.384345,702.118526,0.048414,0.000000,49.329769,39.954067,41.661330,-3.167718,-0.165954,-3.742011,0.100457,0.268552,-1.496553,-53.033482,-0.174373,0.010102,0.161193,1.000000,0.999998,0.242448,102530.015625,0.964560,1.000000,1.000000,1.000000,1.000000,1.000000,1.000000,0.000000,0.800000,1.000000,0.214261,0.000000
77.792544,4.000000,2098.358398,-6.425913,702.123477,0.048414,0.000000,48.812862,39.624649,41.317892,-3.154042,-0.165871,-3.714874,0.094838,0.255638,-1.496553,-53.061981,-0.191769,0.008558,0.162603,1.000000,0.999998,0.283294,102530.015625,0.964604,1.000000,1.000000,1.000000,1.000000,1.000000,1.000000,0.000000,0.800000,1.000000,0.207529,0.000000
77.850237,4.000000,2099.594971,-6.472689,702.128632,0.046827,0.000000,48.239944,39.276176,40.954597,-3.136379,-0.164662,-3.677308,0.086822,0.236107,-1.496553,-53.094360,-0.211330,0.007940,0.164436,1.000000,0.999998,0.324833,102530.015625,0.965033,1.000000,1.000000,1.000000,1.000000,1.000000,1.000000,0.000000,0.800000,1.000000,0.198458,0.000000
77.904542,4.000000,2100.760986,-6.516347,702.133086,0.044935,0.000000,47.708809,38.976044,40.641691,-3.117608,-0.163622,-3.643208,0.080124,0.219570,-1.496553,-53.124893,-0.230003,0.007860,0.166401,1.000000,0.999998,0.361117,102530.015625,0.971364,1.000000,1.000000,1.000000,1.000000,1.000000,1.000000,0.000000,0.800000,1.000000,0.191422,0.000000
77.959234,4.000000,2101.896484,-6.558466,702.137268,0.044019,0.000000,47.182758,38.709759,40.364078,-3.096842,-0.161549,-3.608489,0.074593,0.205819,-1.496553,-53.154629,-0.248748,0.005907,0.168543,1.000000,0.999998,0.393779,102530.015625,0.973028,1.000000,1.000000,1.000000,1.000000,1.000000,1.000000,0.000000,0.800000,1.000000,0.185087,0.000000
78.012566,4.000000,2102.978027,-6.598219,702.141066,0.045301,0.000000,46.679535,38.475395,40.119733,-3.074964,-0.158378,-3.574100,0.069711,0.193521,-1.496553,-53.182949,-0.266576,0.005486,0.170603,1.000000,0.999998,0.420388,102530.015625,0.975337,1.000000,1.000000,1.000000,1.000000,1.000000,1.000000,0.000000,0.800000,1.000000,0.179472,0.000000
78.063414,4.000000,2104.015381,-6.636013,702.144472,0.045545,0.000000,46.209179,38.263199,39.898494,-3.053326,-0.155897,-3.543430,0.066026,0.184307,-1.496553,-53.210114,-0.280489,0.006782,0.171542,1.000000,0.999998,0.427196,102530.015625,0.977039,1.000000,1.000000,1.000000,1.000000,1.000000,1.000000,0.000000,0.800000,1.000000,0.175261,0.000000
78.121119,4.000000,2105.193604,-6.678524,702.148114,0.042921,0.000000,45.687969,38.031105,39.656507,-3.028672,-0.154018,-3.509118,0.062015,0.174166,-1.496553,-53.240967,-0.294249,0.006242,0.170181,1.000000,0.999998,0.423260,102530.015625,0.981088,1.000000,1.000000,1.000000,1.000000,1.000000,1.000000,0.000000,0.800000,1.000000,0.170781,0.000000
78.177707,4.000000,2106.354248,-6.719943,702.151557,0.040296,0.000000,45.190506,37.802383,39.418027,-3.005280,-0.151344,-3.484106,0.060602,0.171229,-1.496553,-53.271358,-0.304745,0.005477,0.168038,1.000000,0.999998,0.403594,102530.015625,0.987586,1.000000,1.000000,1.000000,1.000000,1.000000,1.000000,0.000000,0.800000,1.000000,0.169206,0.000000
78.234580,4.000000,2107.485840,-6.759869,702.155079,0.036207,0.000000,44.704494,37.575279,39.181205,-2.983074,-0.147778,-3.470940,0.062948,0.178931,-1.496553,-53.300991,-0.313938,0.003777,0.165670,1.000000,0.999998,0.377361,102530.015625,0.992793,1.000000,1.000000,1.000000,1.000000,1.000000,1.000000,0.000000,0.800000,1.000000,0.171361,0.000000
78.287191,4.000000,2108.530762,-6.796325,702.158545,0.028089,0.000000,44.267269,37.354336,38.950793,-2.964188,-0.143188,-3.465927,0.067186,0.192108,-1.496553,-53.328354,-0.320071,0.002438,0.163646,1.000000,0.999998,0.341239,102530.015625,0.994750,1.000000,1.000000,1.000000,1.000000,1.000000,1.000000,0.000000,0.800000,1.000000,0.175190,0.000000
78.337912,4.000000,2109.581055,-6.832573,702.162150,0.022718,0.000000,43.857170,37.112572,38.698662,-2.948103,-0.138648,-3.467051,0.072862,0.209696,-1.496553,-53.355854,-0.322957,0.002508,0.162111,1.000000,0.999998,0.292320,102530.015625,0.995541,1.000000,1.000000,1.000000,1.000000,1.000000,1.000000,0.000000,0.800000,1.000000,0.180070,0.000000
78.393328,4.000000,2110.666504,-6.869617,702.166465,0.019666,0.000000,43.421524,36.843880,38.418432,-2.933677,-0.134506,-3.477352,0.080518,0.233417,-1.496553,-53.384277,-0.324077,0.003803,0.161259,1.000000,0.999998,0.232627,102530.015625,0.998392,1.000000,1.000000,1.000000,1.000000,1.000000,1.000000,0.000000,0.800000,1.000000,0.187272,0.000000
78.448629,4.000000,2111.767334,-6.906756,702.171239,0.018629,0.000000,42.999073,36.551460,38.113442,-2.922374,-0.131938,-3.493077,0.089268,0.260856,-1.496553,-53.413105,-0.325130,0.005114,0.161678,1.000000,0.999998,0.177704,102530.015625,0.997616,1.000000,1.000000,1.000000,1.000000,1.000000,1.000000,0.000000,0.800000,1.000000,0.195041,0.000000
78.504002,4.000000,2112.812500,-6.941629,702.176501,0.016553,0.000000,42.586712,36.248844,37.797822,-2.914380,-0.130731,-3.513373,0.097768,0.288078,-1.496553,-53.440475,-0.323351,0.006814,0.163805,1.000000,0.999998,0.112523,102530.015625,0.996993,1.000000,1.000000,1.000000,1.000000,1.000000,1.000000,0.000000,0.800000,1.000000,0.202943,0.000000
78.557652,4.000000,2113.841309,-6.975570,702.182101,0.014539,0.000000,42.196266,35.910881,37.445319,-2.910433,-0.130912,-3.541352,0.107255,0.319006,-1.496553,-53.467415,-0.318622,0.007937,0.167396,1.000000,0.999998,0.039160,102530.015625,0.997297,1.000000,1.000000,1.000000,1.000000,1.000000,1.000000,0.000000,0.800000,1.000000,0.211716,0.000000
78.608913,4.000000,2114.836670,-7.008028,702.188011,0.014966,0.000000,41.830750,35.533165,37.051329,-2.910568,-0.131583,-3.579815,0.118906,0.357418,-1.496553,-53.493477,-0.311027,0.008273,0.172738,1.000000,0.999998,-0.041236,102530.015625,0.995556,1.000000,1.000000,1.000000,1.000000,1.000000,1.000000,0.000000,0.800000,1.000000,0.222209,0.000000
78.662839,4.000000,2115.865479,-7.041123,702.194812,0.020032,0.000000,41.452633,35.092903,36.592118,-2.915292,-0.132612,-3.617776,0.129153,0.393093,-1.496553,-53.520420,-0.302346,0.009142,0.178929,1.000000,0.999998,-0.121620,102530.015625,0.986176,1.000000,1.000000,1.000000,1.000000,1.000000,1.000000,0.000000,0.800000,1.000000,0.230379,0.000000
78.720211,4.000000,2116.911133,-7.074222,702.202428,0.020887,0.000000,41.055008,34.635571,36.115170,-2.924069,-0.133937,-3.644896,0.134001,0.413233,-1.496553,-53.547802,-0.297518,0.008522,0.181203,1.000000,0.999998,-0.175944,102530.015625,0.977560,1.000000,1.000000,1.000000,1.000000,1.000000,1.000000,0.000000,0.800000,1.000000,0.233250,0.000000
78.778263,4.000000,2117.977051,-7.107371,702.210249,0.021497,0.000000,40.655857,34.158516,35.617711,-2.935322,-0.133948,-3.661719,0.134707,0.421211,-1.496553,-53.575714,-0.295988,0.006993,0.179393,1.000000,0.999998,-0.207853,102530.015625,0.969385,1.000000,1.000000,1.000000,1.000000,1.000000,1.000000,0.000000,0.800000,1.000000,0.231814,0.000000
78.834792,4.000000,2119.014648,-7.139040,702.217751,0.022413,0.000000,40.268822,33.685059,35.124057,-2.947698,-0.132338,-3.668689,0.131601,0.417282,-1.496553,-53.602882,-0.296202,0.004909,0.175535,1.000000,0.999998,-0.226646,102530.015625,0.964411,1.000000,1.000000,1.000000,1.000000,1.000000,1.000000,0.000000,0.800000,1.000000,0.226942,0.000000
78.892661,4.000000,2120.048584,-7.170006,702.225170,0.024610,0.000000,39.872856,33.203793,34.622290,-2.960937,-0.129414,-3.670392,0.126588,0.407206,-1.496553,-53.629959,-0.299457,0.004105,0.168996,1.000000,0.999998,-0.227672,102530.015625,0.959937,1.000000,1.000000,1.000000,1.000000,1.000000,1.000000,0.000000,0.800000,1.000000,0.220129,0.000000
78.946458,4.000000,2120.998779,-7.197964,702.231709,0.026319,0.000000,39.503838,32.753246,34.152580,-2.972896,-0.126470,-3.663181,0.119278,0.388969,-1.496553,-53.654839,-0.304756,0.003244,0.161800,1.000000,0.999998,-0.216266,102530.015625,0.957141,1.000000,1.000000,1.000000,1.000000,1.000000,1.000000,0.000000,0.800000,1.000000,0.211276,0.000000
78.998769,4.000000,2121.903564,-7.224158,702.237697,0.025953,0.000000,39.143795,32.308662,33.689075,-2.983806,-0.122224,-3.659808,0.112888,0.373194,-1.496553,-53.678532,-0.310796,0.000729,0.154764,1.000000,0.999998,-0.201168,102530.015625,0.963110,1.000000,1.000000,1.000000,1.000000,1.000000,1.000000,0.000000,0.800000,1.000000,0.204077,0.000000
79.053083,4.000000,2122.845215,-7.250986,702.243669,0.026563,0.000000,38.768295,31.836370,33.196645,-2.994092,-0.116264,-3.662225,0.108792,0.364991,-1.496553,-53.703190,-0.318324,-0.001041,0.147649,1.000000,0.999998,-0.180030,102530.015625,0.963496,1.000000,1.000000,1.000000,1.000000,1.000000,1.000000,0.000000,0.800000,1.000000,0.198778,0.000000
79.106795,4.000000,2123.745117,-7.276237,702.249368,0.027540,0.000000,38.394375,31.378036,32.718773,-3.003110,-0.109754,-3.662919,0.104920,0.357142,-1.496553,-53.726753,-0.326130,-0.001530,0.141391,1.000000,0.999998,-0.158858,102530.015625,0.963323,1.000000,1.000000,1.000000,1.000000,1.000000,1.000000,0.000000,0.800000,1.000000,0.193442,0.000000
79.157631,4.000000,2124.593018,-7.299699,702.254574,0.028638,0.000000,38.037445,30.932810,32.254550,-3.010945,-0.103779,-3.664776,0.101534,0.350591,-1.496553,-53.748959,-0.331042,-0.001993,0.134946,1.000000,0.999998,-0.153539,102530.015625,0.965152,1.000000,1.000000,1.000000,1.000000,1.000000,1.000000,0.000000,0.800000,1.000000,0.188953,0.000000
79.215212,4.000000,2125.548340,-7.325803,702.260347,0.030653,0.000000,37.629585,30.403694,31.702820,-3.020209,-0.096101,-3.677746,0.100242,0.352153,-1.496553,-53.773975,-0.332555,-0.003843,0.124776,1.000000,0.999998,-0.169048,102530.015625,0.970925,1.000000,1.000000,1.000000,1.000000,1.000000,1.000000,0.000000,0.800000,1.000000,0.186771,0.000000
79.269628,4.000000,2126.420166,-7.349325,702.265848,0.030347,0.000000,37.240204,29.881823,31.158624,-3.030034,-0.088608,-3.698030,0.101483,0.362739,-1.496553,-53.796803,-0.331853,-0.004315,0.110817,1.000000,0.999998,-0.193380,102530.015625,0.966979,1.000000,1.000000,1.000000,1.000000,1.000000,1.000000,0.000000,0.800000,1.000000,0.186411,0.000000
79.321677,4.000000,2127.250000,-7.371496,702.271161,0.029554,0.000000,36.862980,29.353130,30.607312,-3.040738,-0.081472,-3.719571,0.102501,0.372975,-1.496553,-53.818535,-0.330923,-0.004738,0.095925,1.000000,0.999998,-0.215495,102530.015625,0.968046,1.000000,1.000000,1.000000,1.000000,1.000000,1.000000,0.000000,0.800000,1.000000,0.186070,0.000000
79.376227,4.000000,2128.115723,-7.394474,702.276804,0.029310,0.000000,36.462681,28.790867,30.020992,-3.052736,-0.074430,-3.743566,0.103945,0.385617,-1.496553,-53.841202,-0.332380,-0.004759,0.083721,1.000000,0.999998,-0.223513,102530.015625,0.966599,1.000000,1.000000,1.000000,1.000000,1.000000,1.000000,0.000000,0.800000,1.000000,0.185787,0.000000
79.428168,4.000000,2128.902100,-7.415255,702.282213,0.026868,0.000000,36.076103,28.273788,29.481802,-3.064265,-0.068321,-3.762375,0.104104,0.393268,-1.496553,-53.861794,-0.335447,-0.004483,0.074569,1.000000,0.999998,-0.221341,102530.015625,0.966841,1.000000,1.000000,1.000000,1.000000,1.000000,1.000000,0.000000,0.800000,1.000000,0.184332,0.000000
79.478207,4.000000,2129.623535,-7.434275,702.287427,0.029859,0.000000,35.697876,27.788828,28.976103,-3.075325,-0.062900,-3.782145,0.104371,0.401160,-1.496553,-53.880688,-0.338484,-0.004577,0.067985,1.000000,0.999998,-0.218571,102530.015625,0.967035,1.000000,1.000000,1.000000,1.000000,1.000000,1.000000,0.000000,0.800000,1.000000,0.183283,0.000000
79.529358,4.000000,2130.393799,-7.454521,702.292759,0.029981,0.000000,35.305542,27.264139,28.428982,-3.086083,-0.057775,-3.797303,0.104005,0.407444,-1.496553,-53.900856,-0.343939,-0.004435,0.061698,1.000000,0.999998,-0.203360,102530.015625,0.962187,1.000000,1.000000,1.000000,1.000000,1.000000,1.000000,0.000000,0.800000,1.000000,0.180999,0.000000
79.584404,4.000000,2131.185059,-7.475250,702.298366,0.027540,0.000000,34.877171,26.718565,27.860124,-3.096520,-0.052725,-3.801655,0.100714,0.402610,-1.496553,-53.921577,-0.351268,-0.003976,0.057177,1.000000,0.999998,-0.180573,102530.015625,0.958793,1.000000,1.000000,1.000000,1.000000,1.000000,1.000000,0.000000,0.800000,1.000000,0.175828,0.000000
79.637149,4.000000,2131.937256,-7.494860,702.303539,0.028150,0.000000,34.460541,26.187870,27.306785,-3.105606,-0.049554,-3.803633,0.096976,0.395521,-1.496553,-53.941273,-0.357456,-0.001243,0.053371,1.000000,0.999998,-0.164698,102530.015625,0.958065,1.000000,1.000000,1.000000,1.000000,1.000000,1.000000,0.000000,0.800000,1.000000,0.170613,0.000000
79.691283,4.000000,2132.688232,-7.514346,702.308643,0.027845,0.000000,34.026585,25.652035,26.748089,-3.113779,-0.049341,-3.805172,0.093132,0.387778,-1.496553,-53.960938,-0.366089,0.001940,0.050490,1.000000,0.999998,-0.137516,102530.015625,0.962742,1.000000,1.000000,1.000000,1.000000,1.000000,1.000000,0.000000,0.800000,1.000000,0.165526,0.000000
79.742045,4.000000,2133.385742,-7.532369,702.313349,0.026502,0.000000,33.614250,25.142199,26.216450,-3.120301,-0.051058,-3.820899,0.092952,0.394879,-1.496553,-53.979202,-0.372389,0.003401,0.048637,1.000000,0.999998,-0.123778,102530.015625,0.967545,1.000000,1.000000,1.000000,1.000000,1.000000,1.000000,0.000000,0.800000,1.000000,0.164400,0.000000
79.798030,4.000000,2134.117188,-7.551158,702.318574,0.023267,0.000000,33.152981,24.592737,25.643483,-3.126886,-0.054005,-3.837291,0.093378,0.405548,-1.496553,-53.998356,-0.378565,0.004674,0.047021,1.000000,0.999998,-0.113762,102530.015625,0.964872,1.000000,1.000000,1.000000,1.000000,1.000000,1.000000,0.000000,0.800000,1.000000,0.162985,0.000000
79.854563,4.000000,2134.866455,-7.570240,702.323805,0.022108,0.000000,32.680889,24.024309,25.050762,-3.132875,-0.057266,-3.845934,0.092001,0.409025,-1.496553,-54.017979,-0.385492,0.004259,0.045997,1.000000,0.999998,-0.100781,102530.015625,0.962831,1.000000,1.000000,1.000000,1.000000,1.000000,1.000000,0.000000,0.800000,1.000000,0.159862,0.000000
79.912486,4.000000,2135.588867,-7.588415,702.329105,0.021375,0.000000,32.190834,23.462038,24.464451,-3.138213,-0.059515,-3.859564,0.091484,0.416473,-1.496553,-54.036896,-0.393456,0.003076,0.046108,1.000000,0.999998,-0.083885,102530.015625,0.964717,1.000000,1.000000,1.000000,1.000000,1.000000,1.000000,0.000000,0.800000,1.000000,0.157860,0.000000
79.966732,4.000000,2136.251709,-7.604818,702.334043,0.025037,0.000000,31.726696,22.931225,23.910949,-3.142584,-0.060712,-3.869690,0.090793,0.422894,-1.496553,-54.054253,-0.399484,0.002728,0.047029,1.000000,0.999998,-0.076958,102530.015625,0.965133,1.000000,1.000000,1.000000,1.000000,1.000000,1.000000,0.000000,0.800000,1.000000,0.155454,0.000000
80.021505,4.000000,2136.937988,-7.621465,702.338945,0.027051,0.000000,31.253036,22.386692,23.343154,-3.146229,-0.061334,-3.871774,0.088652,0.422968,-1.496553,-54.072224,-0.407186,0.001686,0.044831,1.000000,0.999998,-0.062224,102530.015625,0.959866,1.000000,1.000000,1.000000,1.000000,1.000000,1.000000,0.000000,0.800000,1.000000,0.151548,0.000000
80.078339,4.000000,2137.595215,-7.637044,702.343839,0.029676,0.000000,30.756544,21.859106,22.793053,-3.149318,-0.060556,-3.866074,0.084926,0.414966,-1.496553,-54.089432,-0.415091,-0.000412,0.042720,1.000000,0.999998,-0.048526,102530.015625,0.960627,1.000000,1.000000,1.000000,1.000000,1.000000,1.000000,0.000000,0.800000,1.000000,0.146103,0.000000
80.135742,4.000000,2138.265625,-7.652533,702.348547,0.033216,0.000000,30.250620,21.320547,22.231520,-3.151514,-0.057478,-3.855989,0.080603,0.403792,-1.496553,-54.106987,-0.424072,-0.002904,0.039318,1.000000,0.999998,-0.030681,102530.015625,0.957906,1.000000,1.000000,1.000000,1.000000,1.000000,1.000000,0.000000,0.800000,1.000000,0.140098,0.000000
80.193493,4.000000,2138.907715,-7.666952,702.352966,0.035779,0.000000,29.737772,20.811743,21.701036,-3.152364,-0.052413,-3.832571,0.074432,0.381997,-1.496553,-54.123802,-0.435452,-0.005185,0.034378,1.000000,0.999998,-0.002057,102530.015625,0.955233,1.000000,1.000000,1.000000,1.000000,1.000000,1.000000,0.000000,0.800000,1.000000,0.132013,0.000000
80.245448,4.000000,2139.484131,-7.679541,702.356559,0.037244,0.000000,29.273634,20.361778,21.231928,-3.151572,-0.046549,-3.798869,0.066840,0.350612,-1.496553,-54.138897,-0.447030,-0.006773,0.029003,1.000000,0.999998,0.028405,102530.015625,0.954044,1.000000,1.000000,1.000000,1.000000,1.000000,1.000000,0.000000,0.800000,1.000000,0.122949,0.000000
80.298117,4.000000,2140.052002,-7.691625,702.359762,0.037611,0.000000,28.801876,19.928984,20.780722,-3.149039,-0.039637,-3.757257,0.058163,0.311723,-1.496553,-54.153767,-0.460669,-0.008130,0.021653,1.000000,0.999998,0.066777,102530.015625,0.956759,1.000000,1.000000,1.000000,1.000000,1.000000,1.000000,0.000000,0.800000,1.000000,0.113080,0.000000
80.350924,4.000000,2140.600098,-7.703020,702.362552,0.038221,0.000000,28.327278,19.520456,20.354794,-3.144350,-0.032866,-3.719961,0.050861,0.278291,-1.496553,-54.168118,-0.475116,-0.007453,0.013692,1.000000,0.999998,0.106126,102530.015625,0.960816,1.000000,1.000000,1.000000,1.000000,1.000000,1.000000,0.000000,0.800000,1.000000,0.104797,0.000000
80.405539,4.000000,2141.168945,-7.714607,702.365108,0.037488,0.000000,27.836210,19.098537,19.914885,-3.137628,-0.027077,-3.689917,0.045318,0.253442,-1.496553,-54.183014,-0.488564,-0.006902,0.005601,1.000000,0.999998,0.136560,102530.015625,0.964109,1.000000,1.000000,1.000000,1.000000,1.000000,1.000000,0.000000,0.800000,1.000000,0.098389,0.000000
80.457971,4.000000,2141.696533,-7.725185,702.367335,0.036817,0.000000,27.365616,18.706997,19.506637,-3.129712,-0.022066,-3.665017,0.041393,0.236335,-1.496553,-54.196831,-0.501160,-0.006672,-0.001752,1.000000,0.999998,0.162097,102530.015625,0.966448,1.000000,1.000000,1.000000,1.000000,1.000000,1.000000,0.000000,0.800000,1.000000,0.093413,0.000000
80.514795,4.000000,2142.261230,-7.736344,702.369536,0.034132,0.000000,26.857492,18.294447,19.076477,-3.120008,-0.017625,-3.640594,0.037755,0.216321,-1.496553,-54.211617,-0.512687,-0.005555,-0.010342,1.000000,0.999998,0.176539,102530.015625,0.969194,1.000000,1.000000,1.000000,1.000000,1.000000,1.000000,0.000000,0.800000,1.000000,0.088843,0.000000
80.569475,4.000000,2142.795654,-7.746760,702.371501,0.033765,0.000000,26.370977,17.905434,18.670850,-3.110048,-0.015023,-3.620390,0.035178,0.201554,-1.496553,-54.225609,-0.522976,-0.003740,-0.018270,1.000000,0.999998,0.185109,102530.015625,0.971124,1.000000,1.000000,1.000000,1.000000,1.000000,1.000000,0.000000,0.800000,1.000000,0.085266,0.000000
80.624217,4.000000,2143.318848,-7.756858,702.373357,0.031995,0.000000,25.886820,17.523943,18.273059,-3.099824,-0.014106,-3.605504,0.033462,0.191725,-1.496553,-54.239311,-0.532007,-0.002425,-0.025662,1.000000,0.999998,0.186108,102530.015625,0.974246,1.000000,1.000000,1.000000,1.000000,1.000000,1.000000,0.000000,0.800000,1.000000,0.082700,0.000000
80.676221,4.000000,2143.799316,-7.766042,702.375080,0.031202,0.000000,25.429697,17.165136,17.898911,-3.090497,-0.013993,-3.599155,0.033088,0.189580,-1.496553,-54.251892,-0.537849,-0.001831,-0.030376,1.000000,0.999998,0.172008,102530.015625,0.976159,1.000000,1.000000,1.000000,1.000000,1.000000,1.000000,0.000000,0.800000,1.000000,0.081466,0.000000
80.732759,4.000000,2144.309814,-7.775682,702.376992,0.031080,0.000000,24.937157,16.764326,17.480956,-3.081569,-0.014469,-3.605698,0.034426,0.197246,-1.496553,-54.265259,-0.541708,-0.000949,-0.031521,1.000000,0.999998,0.143807,102530.015625,0.978843,1.000000,1.000000,1.000000,1.000000,1.000000,1.000000,0.000000,0.800000,1.000000,0.081952,0.000000
80.787637,4.000000,2144.801025,-7.784806,702.378978,0.032789,0.000000,24.463337,16.348106,17.046918,-3.074906,-0.016193,-3.622212,0.037067,0.212376,-1.496553,-54.278122,-0.541996,0.000907,-0.029278,1.000000,0.999998,0.099004,102530.015625,0.978396,1.000000,1.000000,1.000000,1.000000,1.000000,1.000000,0.000000,0.800000,1.000000,0.083439,0.000000
80.839607,4.000000,2145.255127,-7.793078,702.381001,0.033399,0.000000,24.018391,15.925064,16.605760,-3.071272,-0.019340,-3.643809,0.039853,0.228338,-1.496553,-54.290012,-0.539089,0.003131,-0.022486,1.000000,0.999998,0.042143,102530.015625,0.977066,1.000000,1.000000,1.000000,1.000000,1.000000,1.000000,0.000000,0.800000,1.000000,0.085019,0.000000
80.896237,4.000000,2145.719971,-7.801345,702.383390,0.032484,0.000000,23.536694,15.435909,16.095655,-3.071330,-0.025000,-3.678952,0.043435,0.248862,-1.496553,-54.302185,-0.530236,0.006560,-0.008469,1.000000,0.999998,-0.044560,102530.015625,0.974526,1.000000,1.000000,1.000000,1.000000,1.000000,1.000000,0.000000,0.800000,1.000000,0.087326,0.000000
80.946554,4.000000,2146.133789,-7.808482,702.385711,0.031019,0.000000,23.110750,14.923089,15.560859,-3.076340,-0.032755,-3.723607,0.047422,0.271706,-1.496553,-54.313023,-0.516934,0.010933,0.009900,1.000000,0.999998,-0.143042,102530.015625,0.973660,1.000000,1.000000,1.000000,1.000000,1.000000,1.000000,0.000000,0.800000,1.000000,0.089919,0.000000
80.997932,4.000000,2146.536377,-7.815139,702.388290,0.031751,0.000000,22.677183,14.396668,15.011871,-3.085351,-0.043554,-3.773170,0.051373,0.294345,-1.496553,-54.323566,-0.510143,0.014610,0.022737,1.000000,0.999998,-0.198963,102530.015625,0.970895,1.000000,1.000000,1.000000,1.000000,1.000000,1.000000,0.000000,0.800000,1.000000,0.092157,0.000000
81.049499,4.000000,2146.926758,-7.821265,702.391035,0.032300,0.000000,22.241312,13.868649,14.461230,-3.096306,-0.056242,-3.818173,0.054008,0.309441,-1.496553,-54.333786,-0.508711,0.017193,0.031313,1.000000,0.999998,-0.221615,102530.015625,0.970179,1.000000,1.000000,1.000000,1.000000,1.000000,1.000000,0.000000,0.800000,1.000000,0.093157,0.000000
81.105669,4.000000,2147.313965,-7.826998,702.394139,0.033460,0.000000,21.765650,13.325474,13.894795,-3.108976,-0.071128,-3.860002,0.055650,0.318850,-1.496553,-54.343925,-0.510462,0.018849,0.037453,1.000000,0.999998,-0.226283,102530.015625,0.965491,1.000000,1.000000,1.000000,1.000000,1.000000,1.000000,0.000000,0.800000,1.000000,0.092891,0.000000
81.158924,4.000000,2147.707275,-7.832446,702.397098,0.035108,0.000000,21.312523,12.757643,13.302671,-3.120640,-0.085218,-3.886068,0.055372,0.317252,-1.496553,-54.354225,-0.515206,0.019146,0.041166,1.000000,0.999998,-0.213840,102530.015625,0.961699,1.000000,1.000000,1.000000,1.000000,1.000000,1.000000,0.000000,0.800000,1.000000,0.090830,0.000000
81.211888,4.000000,2148.056885,-7.836969,702.399970,0.035963,0.000000,20.860279,12.231176,12.753706,-3.131446,-0.098204,-3.898879,0.053551,0.306823,-1.496553,-54.363380,-0.521131,0.018575,0.042758,1.000000,0.999998,-0.195865,102530.015625,0.960784,1.000000,1.000000,1.000000,1.000000,1.000000,1.000000,0.000000,0.800000,1.000000,0.087250,0.000000
81.265338,4.000000,2148.399902,-7.841115,702.402729,0.037611,0.000000,20.401192,11.693472,12.193041,-3.141323,-0.110032,-3.904525,0.050752,0.290783,-1.496553,-54.372364,-0.527873,0.017910,0.044427,1.000000,0.999998,-0.174987,102530.015625,0.960091,1.000000,1.000000,1.000000,1.000000,1.000000,1.000000,0.000000,0.800000,1.000000,0.082930,0.000000
81.322172,4.000000,2148.742920,-7.844964,702.405509,0.038892,0.000000,19.909586,11.127103,11.602478,-3.150437,-0.121259,-3.912137,0.048133,0.275781,-1.496553,-54.381344,-0.536690,0.017164,0.045210,1.000000,0.999998,-0.145773,102530.015625,0.961572,1.000000,1.000000,1.000000,1.000000,1.000000,1.000000,0.000000,0.800000,1.000000,0.078706,0.000000
81.373576,4.000000,2149.040039,-7.848062,702.407884,0.039625,0.000000,19.461748,10.620329,11.074065,-3.157067,-0.130331,-3.909852,0.045299,0.259542,-1.496553,-54.389126,-0.545147,0.016668,0.046419,1.000000,0.999998,-0.119284,102530.015625,0.957808,1.000000,1.000000,1.000000,1.000000,1.000000,1.000000,0.000000,0.800000,1.000000,0.074190,0.000000
81.426828,4.000000,2149.332275,-7.850897,702.409945,0.040845,0.000000,18.994619,10.096731,10.528197,-3.164989,-0.138565,-3.838625,0.036145,0.207096,-1.496553,-54.396778,-0.540278,0.015682,0.047268,1.000000,0.999998,-0.165054,102530.015625,0.953309,1.000000,1.000000,1.000000,1.000000,1.000000,1.000000,0.000000,0.800000,1.000000,0.063057,0.000000
81.480143,4.000000,2149.616943,-7.853451,702.411672,0.040052,0.000000,18.523844,9.561029,9.969642,-3.173944,-0.145484,-3.816818,0.031082,0.178088,-1.496553,-54.404232,-0.542420,0.014634,0.048517,1.000000,0.999998,-0.168082,102530.015625,0.958764,1.000000,1.000000,1.000000,1.000000,1.000000,1.000000,0.000000,0.800000,1.000000,0.057013,0.000000
81.532851,4.000000,2149.875000,-7.855573,702.413183,0.039197,0.000000,18.055510,9.050108,9.436906,-3.182469,-0.150934,-3.806143,0.027743,0.158957,-1.496553,-54.410988,-0.546638,0.013272,0.048864,1.000000,0.999998,-0.158628,102530.015625,0.958895,1.000000,1.000000,1.000000,1.000000,1.000000,1.000000,0.000000,0.800000,1.000000,0.052288,0.000000
81.588819,4.000000,2150.145020,-7.857581,702.414637,0.038404,0.000000,17.555393,8.474397,8.836597,-3.191093,-0.155166,-3.808779,0.025295,0.144927,-1.496553,-54.418060,-0.550944,0.012039,0.049654,1.000000,0.999998,-0.149345,102530.015625,0.962639,1.000000,1.000000,1.000000,1.000000,1.000000,1.000000,0.000000,0.800000,1.000000,0.048564,0.000000
81.645192,4.000000,2150.388916,-7.859198,702.416010,0.038221,0.000000,17.048386,7.926401,8.265177,-3.198834,-0.158255,-3.820386,0.023936,0.137140,-1.496553,-54.424446,-0.557127,0.011216,0.051271,1.000000,0.999998,-0.131075,102530.015625,0.961773,1.000000,1.000000,1.000000,1.000000,1.000000,1.000000,0.000000,0.800000,1.000000,0.045642,0.000000
81.698597,4.000000,2150.607910,-7.860482,702.417232,0.037977,0.000000,16.564735,7.401549,7.717894,-3.205217,-0.160116,-3.824607,0.022332,0.127954,-1.496553,-54.430183,-0.563456,0.009972,0.052479,1.000000,0.999998,-0.112581,102530.015625,0.960927,1.000000,1.000000,1.000000,1.000000,1.000000,1.000000,0.000000,0.800000,1.000000,0.042458,0.000000
81.749592,4.000000,2150.799316,-7.861455,702.418302,0.037733,0.000000,16.100643,6.911364,7.206762,-3.210465,-0.160746,-3.823166,0.020445,0.117142,-1.496553,-54.435192,-0.569455,0.008780,0.054256,1.000000,0.999998,-0.096266,102530.015625,0.962051,1.000000,1.000000,1.000000,1.000000,1.000000,1.000000,0.000000,0.800000,1.000000,0.039143,0.000000
81.804832,4.000000,2151.000488,-7.862302,702.419362,0.037916,0.000000,15.595609,6.357920,6.629667,-3.215202,-0.160259,-3.826261,0.018674,0.106994,-1.496553,-54.440460,-0.576258,0.007501,0.055613,1.000000,0.999998,-0.078179,102530.015625,0.961980,1.000000,1.000000,1.000000,1.000000,1.000000,1.000000,0.000000,0.800000,1.000000,0.035966,0.000000
81.858785,4.000000,2151.172119,-7.862862,702.420320,0.038404,0.000000,15.099182,5.842206,6.091907,-3.218976,-0.158741,-3.835541,0.017402,0.099707,-1.496553,-54.444958,-0.582755,0.006353,0.057651,1.000000,0.999998,-0.062650,102530.015625,0.964111,1.000000,1.000000,1.000000,1.000000,1.000000,1.000000,0.000000,0.800000,1.000000,0.033271,0.000000
81.913408,4.000000,2151.335205,-7.863236,702.421231,0.038709,0.000000,14.595167,5.316968,5.544215,-3.221915,-0.156078,-3.849731,0.016395,0.093938,-1.496553,-54.449226,-0.587008,0.005021,0.059479,1.000000,0.999998,-0.046808,102530.015625,0.964130,1.000000,1.000000,1.000000,1.000000,1.000000,1.000000,0.000000,0.800000,1.000000,0.030803,0.000000
81.964910,4.000000,2151.474121,-7.863408,702.422042,0.039075,0.000000,14.117751,4.829990,5.036417,-3.223904,-0.152611,-3.863928,0.015465,0.088607,-1.496553,-54.452866,-0.589233,0.003758,0.061008,1.000000,0.999998,-0.032835,102530.015625,0.964195,1.000000,1.000000,1.000000,1.000000,1.000000,1.000000,0.000000,0.800000,1.000000,0.028480,0.000000
82.021251,4.000000,2151.610107,-7.863421,702.422859,0.039381,0.000000,13.593320,4.311616,4.495886,-3.225054,-0.147755,-3.867224,0.014043,0.080458,-1.496553,-54.456425,-0.593467,0.002427,0.062880,1.000000,0.999998,-0.008360,102530.015625,0.964239,1.000000,1.000000,1.000000,1.000000,1.000000,1.000000,0.000000,0.800000,1.000000,0.025464,0.000000
82.076636,4.000000,2151.733643,-7.863273,702.423540,0.039442,0.000000,13.077373,3.828418,3.992051,-3.223957,-0.142171,-3.821247,0.011221,0.064293,-1.496553,-54.459660,-0.604166,0.001426,0.065772,1.000000,0.999998,0.049306,102530.015625,0.964051,1.000000,1.000000,1.000000,1.000000,1.000000,1.000000,0.000000,0.800000,1.000000,0.021113,0.000000
82.128177,4.000000,2151.830811,-7.863021,702.423953,0.039381,0.000000,12.596555,3.459688,3.607592,-3.219294,-0.136446,-3.685411,0.006473,0.037087,-1.496553,-54.462204,-0.618007,0.000572,0.068880,1.000000,0.999998,0.122548,102530.015625,0.962533,1.000000,1.000000,1.000000,1.000000,1.000000,1.000000,0.000000,0.800000,1.000000,0.014853,0.000000
82.182544,4.000000,2151.927734,-7.862618,702.424056,0.038953,0.000000,12.090678,3.082891,3.214707,-3.210738,-0.129840,-3.461497,-0.000290,-0.001664,-1.496553,-54.464741,-0.630365,-0.000431,0.071719,1.000000,0.999998,0.183657,102530.015625,0.963476,1.000000,1.000000,1.000000,1.000000,1.000000,1.000000,0.000000,0.800000,1.000000,0.007146,0.000000
82.240329,4.000000,2152.014893,-7.862093,702.423775,0.038221,0.000000,11.555222,2.719868,2.836130,-3.198682,-0.122129,-3.178610,-0.006897,-0.039514,-1.496553,-54.467026,-0.639218,-0.001572,0.074214,1.000000,0.999998,0.223254,102530.015625,0.965908,1.000000,1.000000,1.000000,1.000000,1.000000,1.000000,0.000000,0.800000,1.000000,-0.000475,0.000000
82.295073,4.000000,2152.091797,-7.861465,702.423214,0.037183,0.000000,11.051871,2.344044,2.444165,-3.186247,-0.114182,-2.922783,-0.011598,-0.066449,-1.496553,-54.469040,-0.641606,-0.002670,0.076400,1.000000,0.999998,0.225998,102530.015625,0.970068,1.000000,1.000000,1.000000,1.000000,1.000000,1.000000,0.000000,0.800000,1.000000,-0.005648,0.000000
82.350406,4.000000,2152.154541,-7.860793,702.422488,0.035963,0.000000,10.547482,1.970473,2.054554,-3.174179,-0.105572,-2.699289,-0.013658,-0.078254,-1.496553,-54.470680,-0.639771,-0.003722,0.078724,1.000000,0.999998,0.206354,102530.015625,0.973134,1.000000,1.000000,1.000000,1.000000,1.000000,1.000000,0.000000,0.800000,1.000000,-0.008506,0.000000
82.402274,4.000000,2152.202881,-7.860122,702.421789,0.034986,0.000000,10.079400,1.617937,1.686915,-3.164425,-0.097510,-2.087882,-0.013375,-0.076635,-1.496553,-54.471947,-0.635732,-0.004758,0.085358,1.000000,0.999998,0.176424,102530.015625,0.967450,1.000000,1.000000,1.000000,1.000000,1.000000,1.000000,0.000000,0.800000,1.000000,-0.009261,0.000000
82.456598,4.000000,2152.242920,-7.859422,702.421102,0.033948,0.000000,9.593602,1.196015,1.246930,-3.156330,-0.087420,-1.405468,-0.012131,-0.069504,-1.496553,-54.472996,-0.628879,-0.006941,0.086082,1.000000,0.999998,0.132134,102530.015625,0.978111,1.000000,1.000000,1.000000,1.000000,1.000000,1.000000,0.000000,0.800000,1.000000,-0.008769,0.000000
82.506920,4.000000,2152.270264,-7.858790,702.420554,0.033216,0.000000,9.148226,0.805292,0.839484,-3.150108,-0.077449,-0.812805,-0.010320,-0.059131,-1.496553,-54.473713,-0.627148,-0.007360,0.089044,1.000000,0.999998,0.117184,102530.015625,0.976991,1.000000,1.000000,1.000000,1.000000,1.000000,1.000000,0.000000,0.800000,1.000000,-0.008091,0.000000
