time,phase,along_m,cross_m,elevation_m,agl_m,height_ft,ias,eas,groundspeed_kt,pitch,bank,alpha,vy,gamma,gamma_cmd,h_cmd,yoke,roll,rudder,speedbrake,speedbrake_actual,Q,mass,nz,main_wow,nose_wow,gear_cmd,gear0,gear1,gear2,chute,brakes,derotating,local_vy,radar_height_ft
0.004230,4.000000,-8483.588867,-11.120764,2965.372162,2265.458740,0.000000,0.005294,0.000000,325.841886,-12.000013,-0.000033,7.989359,-62.312748,-20.391779,-16.298019,2255.737793,0.421379,0.048249,-0.000004,0.002115,0.000000,-0.005313,83460.992188,1.709681,0.000000,0.000000,1.000000,0.000000,0.000000,0.000000,0.000000,0.000000,0.000000,-61.133354,7424.649902
0.054481,1.000000,-8482.880859,-11.119185,2962.241720,2262.327881,7432.887695,2.284482,298.620514,325.861344,-11.953176,0.029458,8.045347,-62.281059,-20.381145,-20.544809,2255.480225,-0.245571,0.002699,0.000002,0.000000,0.000207,1.234257,83460.992188,0.963700,0.000000,0.000000,0.000000,0.031361,0.020063,0.019609,0.000000,0.000000,0.000000,-61.147507,7423.821777
0.107357,1.000000,-8466.765625,-11.083615,2958.964631,2259.050049,7413.238281,6.579274,298.487457,325.943978,-11.909290,0.060131,7.902933,-61.784966,-20.227296,-20.538002,2249.614746,-0.239541,0.013935,-0.000245,0.026438,0.001349,0.497330,83460.992188,2.080279,0.000000,0.000000,0.000000,0.000000,0.000000,0.000000,0.000000,0.000000,0.000000,-60.564861,7404.172363
0.162935,1.000000,-8457.458008,-11.063451,2955.551888,2255.636719,7402.024902,13.351921,298.391937,326.175124,-11.903345,0.086696,7.722681,-61.206108,-20.039872,-20.536001,2246.227051,-0.253055,0.015608,-0.000272,0.054227,0.005307,-0.231453,83460.992188,2.026662,0.000000,0.000000,0.000000,0.000000,0.000000,0.000000,0.000000,0.000000,0.000000,-59.989101,7392.958984
0.214087,1.000000,-8448.886719,-11.045128,2952.438436,2252.522705,7391.801270,21.187780,298.315460,326.379131,-11.932684,0.109575,7.530962,-60.701595,-19.876228,-20.535858,2243.107422,-0.260751,0.015582,-0.000272,0.079803,0.011171,-0.863887,83460.992188,1.968728,0.000000,0.000000,0.000000,0.000000,0.000000,0.000000,0.000000,0.000000,0.000000,-59.487907,7390.796875
0.268915,1.000000,-8439.785156,-11.025896,2949.128656,2249.212158,7381.043945,30.864325,298.247406,326.585985,-11.998718,0.133179,7.301658,-60.199360,-19.712981,-20.537342,2239.794678,-0.263480,0.015253,-0.000281,0.107217,0.019597,-1.496383,83460.992188,1.897682,0.000000,0.000000,0.000000,0.000000,0.000000,0.000000,0.000000,0.000000,0.000000,-58.985054,7380.039551
0.323330,1.000000,-8430.599609,-11.006697,2945.869500,2245.951904,7370.284180,41.428997,298.202087,326.783199,-12.095759,0.155854,7.061316,-59.747688,-19.565441,-20.540443,2236.451416,-0.209092,0.014811,-0.000303,0.134424,0.029918,-2.006625,83460.992188,1.748530,0.000000,0.000000,0.000000,0.000000,0.000000,0.000000,0.000000,0.000000,0.000000,-58.546207,7369.279785
0.373663,1.000000,-8422.408203,-10.989728,2942.874152,2242.956299,7360.757813,51.799301,298.190704,326.947044,-12.205868,0.176255,6.840056,-59.412224,-19.454845,-20.544357,2233.469971,-0.174145,0.014380,-0.000335,0.159591,0.041016,-2.325142,83460.992188,1.629850,0.000000,0.000000,0.000000,0.000000,0.000000,0.000000,0.000000,0.000000,0.000000,-58.208935,7359.753418
0.425193,1.000000,-8413.457031,-10.971323,2939.823622,2239.905029,7350.410156,62.796696,298.199829,327.112729,-12.331980,0.196589,6.617145,-59.103493,-19.352212,-20.549671,2230.211914,-0.151206,0.013956,-0.000373,0.185356,0.053774,-2.538738,83460.992188,1.529484,0.000000,0.000000,0.000000,0.000000,0.000000,0.000000,0.000000,0.000000,0.000000,-57.917564,7349.465332
0.481116,1.000000,-8404.065430,-10.952147,2936.528523,2236.626221,7339.612793,74.958412,298.227692,327.272007,-12.478547,0.218033,6.380835,-58.830372,-19.260703,-20.556236,2226.793701,-0.136466,0.013534,-0.000415,0.213317,0.069070,-2.681948,83460.992188,1.446975,0.000000,0.000000,0.000000,0.000000,0.000000,0.000000,0.000000,0.000000,0.000000,-57.649414,7338.667480
0.536853,1.000000,-8394.795898,-10.933335,2933.258097,2233.369385,7329.006836,87.143425,298.265900,327.415684,-12.630713,0.238763,6.151693,-58.600208,-19.183063,-20.563570,2223.419922,-0.128582,0.013138,-0.000454,0.241186,0.085654,-2.765464,83460.992188,1.382191,0.000000,0.000000,0.000000,0.000000,0.000000,0.000000,0.000000,0.000000,0.000000,-57.420918,7328.062012
0.593001,1.000000,-8385.225586,-10.914016,2929.975461,2230.100098,7318.103516,99.335342,298.312775,327.550848,-12.787525,0.259004,5.927523,-58.395222,-19.113522,-20.571917,2219.936523,-0.124914,0.012757,-0.000490,0.269260,0.103566,-2.812547,83460.992188,1.327776,0.000000,0.000000,0.000000,0.000000,0.000000,0.000000,0.000000,0.000000,0.000000,-57.222054,7317.203125
0.648218,1.000000,-8376.014648,-10.895500,2926.757356,2226.895264,7307.645508,111.127434,298.362671,327.668749,-12.943608,0.278301,5.713581,-58.223846,-19.055118,-20.580559,2216.583984,-0.123919,0.012404,-0.000521,0.296868,0.122240,-2.836309,83460.992188,1.282731,0.000000,0.000000,0.000000,0.000000,0.000000,0.000000,0.000000,0.000000,0.000000,-57.051968,7306.745605
0.705055,1.000000,-8366.465820,-10.876381,2923.453953,2223.605713,7296.838867,122.971199,298.416992,327.778612,-13.105186,0.297492,5.499993,-58.069138,-19.002211,-20.590101,2213.108643,-0.124516,0.012133,-0.000575,0.325287,0.142436,-2.846891,83460.992188,1.241596,0.000000,0.000000,0.000000,0.000000,0.000000,0.000000,0.000000,0.000000,0.000000,-56.899601,7295.938965
0.761872,1.000000,-8356.874023,-10.857245,2920.159730,2220.324951,7286.015137,134.437759,298.473541,327.877145,-13.267044,0.316050,5.293026,-57.934689,-18.956069,-20.600210,2209.617432,-0.126055,0.011787,-0.000621,0.353695,0.163511,-2.849481,83460.992188,1.204111,0.000000,0.000000,0.000000,0.000000,0.000000,0.000000,0.000000,0.000000,0.000000,-56.767910,7285.115234
0.818049,1.000000,-8347.411133,-10.838420,2916.909402,2217.088379,7275.360840,145.354401,298.530090,327.963102,-13.427074,0.333833,5.094624,-57.820801,-18.916852,-20.610596,2206.173340,-0.128125,0.011451,-0.000660,0.381784,0.185128,-2.847478,83460.992188,1.169768,0.000000,0.000000,0.000000,0.000000,0.000000,0.000000,0.000000,0.000000,0.000000,-56.656250,7274.671387
0.871415,1.000000,-8338.430664,-10.820598,2913.827081,2214.018799,7265.271973,155.311783,298.584259,328.034495,-13.578911,0.350221,4.911674,-57.728661,-18.885026,-20.620823,2202.904541,-0.130407,0.011138,-0.000691,0.400449,0.206197,-2.843027,83460.992188,1.139092,0.000000,0.000000,0.000000,0.000000,0.000000,0.000000,0.000000,0.000000,0.000000,-56.565990,7264.582520
0.926986,1.000000,-8329.000000,-10.801913,2910.622044,2210.827148,7254.694336,165.212692,298.641357,328.099037,-13.736732,0.366782,4.726729,-57.647701,-18.856967,-20.631855,2199.472168,-0.132926,0.010825,-0.000719,0.402447,0.226792,-2.837321,83460.992188,1.108527,0.000000,0.000000,0.000000,0.000000,0.000000,0.000000,0.000000,0.000000,0.000000,-56.487572,7254.004883
0.982303,1.000000,-8319.742188,-10.783598,2907.435570,2207.653809,7244.325684,174.602997,298.693878,328.152604,-13.893507,0.382768,4.548005,-57.583134,-18.834478,-20.642946,2196.102539,-0.135480,0.010519,-0.000741,0.404286,0.245352,-2.831386,83460.992188,1.079471,0.000000,0.000000,0.000000,0.000000,0.000000,0.000000,0.000000,0.000000,0.000000,-56.424450,7243.636230
1.036426,1.000000,-8310.552734,-10.765433,2904.320818,2204.552002,7234.045410,183.306793,298.753235,328.196650,-14.046607,0.397950,4.378208,-57.533337,-18.816989,-20.654163,2192.757813,-0.137891,0.010238,-0.000759,0.406364,0.261811,-2.826443,83460.992188,1.051662,0.000000,0.000000,0.000000,0.000000,0.000000,0.000000,0.000000,0.000000,0.000000,-56.376854,7233.477539
1.092647,1.000000,-8301.136719,-10.746830,2901.087641,2201.332520,7223.520996,191.859848,298.810455,328.232777,-14.205384,0.413253,4.206909,-57.496563,-18.803883,-20.665813,2189.330811,-0.140303,0.009950,-0.000774,0.408365,0.277330,-2.822175,83460.992188,1.023717,0.000000,0.000000,0.000000,0.000000,0.000000,0.000000,0.000000,0.000000,0.000000,-56.341728,7222.952637
1.148166,1.000000,-8291.705078,-10.728197,2897.896364,2198.154785,7212.984375,199.820633,298.868805,328.260243,-14.361971,0.427910,4.042653,-57.473827,-18.795508,-20.677591,2185.897949,-0.142569,0.009673,-0.000786,0.410408,0.291242,-2.819017,83460.992188,0.996644,0.000000,0.000000,0.000000,0.000000,0.000000,0.000000,0.000000,0.000000,0.000000,-56.321011,7212.416016
1.203875,1.000000,-8282.362305,-10.709743,2894.694928,2194.966553,7202.552734,207.334488,298.926910,328.279226,-14.518948,0.442180,3.882553,-57.464893,-18.791781,-20.689358,2182.497314,-0.144722,0.009407,-0.000795,0.412442,0.303943,-2.816908,83460.992188,0.970258,0.000000,0.000000,0.000000,0.000000,0.000000,0.000000,0.000000,0.000000,0.000000,-56.313839,7202.141602
1.259501,1.000000,-8272.971680,-10.691182,2891.498277,2191.783447,7192.067383,214.376114,298.985901,328.290437,-14.675609,0.456006,3.727227,-57.469208,-18.792496,-20.701195,2179.079590,-0.146754,0.009148,-0.000801,0.414506,0.315502,-2.815828,83460.992188,0.944442,0.000000,0.000000,0.000000,0.000000,0.000000,0.000000,0.000000,0.000000,0.000000,-56.319977,7191.656250
1.316139,1.000000,-8263.440430,-10.672330,2888.242730,2188.541748,7181.422852,221.089081,299.047028,328.294026,-14.835079,0.469664,3.573571,-57.486912,-18.797687,-20.713194,2175.610352,-0.148709,0.008899,-0.000807,0.416646,0.326242,-2.815683,83460.992188,0.918804,0.000000,0.000000,0.000000,0.000000,0.000000,0.000000,0.000000,0.000000,0.000000,-56.339561,7181.011719
1.371150,1.000000,-8254.150391,-10.653940,2885.079285,2185.391602,7171.043945,227.183624,299.107513,328.290200,-14.989990,0.482535,3.428514,-57.516785,-18.806973,-20.724838,2172.229004,-0.150503,0.008665,-0.000813,0.418763,0.335790,-2.816410,83460.992188,0.894435,0.000000,0.000000,0.000000,0.000000,0.000000,0.000000,0.000000,0.000000,0.000000,-56.371174,7170.632813
1.426617,1.000000,-8244.780273,-10.635374,2881.887508,2182.213135,7160.569336,232.923813,299.168854,328.279374,-15.146253,0.495133,3.286278,-57.559242,-18.820456,-20.736492,2168.818604,-0.152214,0.008431,-0.000817,0.420909,0.344631,-2.817935,83460.992188,0.870418,0.000000,0.000000,0.000000,0.000000,0.000000,0.000000,0.000000,0.000000,0.000000,-56.415321,7160.320801
1.480974,1.000000,-8235.623047,-10.617206,2878.756906,2179.095459,7150.323242,238.172165,299.230652,328.262200,-15.299481,0.507134,3.150692,-57.612457,-18.837545,-20.747747,2165.485596,-0.153801,0.008210,-0.000819,0.423073,0.352614,-2.820132,83460.992188,0.847441,0.000000,0.000000,0.000000,0.000000,0.000000,0.000000,0.000000,0.000000,0.000000,-56.470280,7150.074707
1.535239,1.000000,-8226.541992,-10.599164,2875.628315,2175.980225,7140.150879,243.058563,299.292694,328.238946,-15.452594,0.518773,3.018942,-57.676373,-18.858209,-20.758734,2162.180420,-0.155305,0.007994,-0.000820,0.425244,0.359984,-2.822931,83460.992188,0.825086,0.000000,0.000000,0.000000,0.000000,0.000000,0.000000,0.000000,0.000000,0.000000,-56.536407,7139.902344
1.590881,1.000000,-8217.059570,-10.580298,2872.416287,2172.781494,7129.516113,247.722595,299.358368,328.208277,-15.609765,0.530373,2.887465,-57.754684,-18.883641,-20.770008,2158.729248,-0.156774,0.007782,-0.000820,0.427543,0.366986,-2.826349,83460.992188,0.802524,0.000000,0.000000,0.000000,0.000000,0.000000,0.000000,0.000000,0.000000,0.000000,-56.615623,7129.267578
1.648067,1.000000,-8207.737305,-10.561720,2869.110166,2169.489014,7119.044434,252.171188,299.424744,328.171498,-15.771396,0.541952,2.756962,-57.844341,-18.912843,-20.780840,2155.336182,-0.148640,0.007569,-0.000819,0.429866,0.373666,-2.821421,83460.992188,0.766421,0.000000,0.000000,0.000000,0.000000,0.000000,0.000000,0.000000,0.000000,0.000000,-56.711323,7118.889648
1.703625,1.000000,-8198.198242,-10.542679,2865.892257,2166.284668,7108.308594,256.176758,299.497345,328.123952,-15.926880,0.552887,2.639450,-57.959526,-18.950369,-20.791616,2151.864258,-0.136140,0.007354,-0.000818,0.432408,0.379718,-2.771717,83460.992188,0.722297,0.000000,0.000000,0.000000,0.000000,0.000000,0.000000,0.000000,0.000000,0.000000,-56.828056,7108.153809
1.760204,1.000000,-8188.583008,-10.523455,2862.607876,2163.013916,7097.461426,259.961121,299.574860,328.066647,-16.081205,0.563706,2.530458,-58.097137,-18.995221,-20.802084,2148.364502,-0.125079,0.007142,-0.000816,0.435120,0.385497,-2.684771,83460.992188,0.686098,0.000000,0.000000,0.000000,0.000000,0.000000,0.000000,0.000000,0.000000,0.000000,-56.967354,7097.306641
1.811840,1.000000,-8180.109863,-10.506488,2859.603172,2160.021484,7087.877441,263.163269,299.646271,328.009313,-16.217026,0.573303,2.441019,-58.233696,-19.039747,-20.810913,2145.280518,-0.116804,0.006962,-0.000814,0.437619,0.390492,-2.580359,83460.992188,0.660016,0.000000,0.000000,0.000000,0.000000,0.000000,0.000000,0.000000,0.000000,0.000000,-57.109821,7087.931641
1.874164,1.000000,-8170.710449,-10.487641,2855.966163,2156.399170,7077.214844,266.739777,299.725525,327.939462,-16.373022,0.584530,2.345678,-58.398178,-19.093409,-20.820234,2141.859375,-0.109853,0.006756,-0.000809,0.440394,0.396200,-2.436357,83460.992188,0.640768,0.000000,0.000000,0.000000,0.000000,0.000000,0.000000,0.000000,0.000000,0.000000,-57.295990,7077.269531
1.928090,1.000000,-8160.242676,-10.466619,2852.809700,2153.255859,7065.300781,269.585449,299.821411,327.855493,-16.500477,0.593937,2.274491,-58.593662,-19.157222,-20.829981,2138.049561,-0.099114,0.006574,-0.000804,0.443749,0.400905,-2.296640,83460.992188,0.614838,0.000000,0.000000,0.000000,0.000000,0.000000,0.000000,0.000000,0.000000,0.000000,-57.468632,7065.355469
1.983631,1.000000,-8150.906250,-10.447842,2849.548731,2150.008057,7054.635742,272.298523,299.906464,327.775616,-16.623564,0.603316,2.212031,-58.777973,-19.217411,-20.838060,2134.651367,-0.092174,0.006400,-0.000797,0.446727,0.405561,-2.144894,83460.992188,0.600689,0.000000,0.000000,0.000000,0.000000,0.000000,0.000000,0.000000,0.000000,0.000000,-57.654572,7054.690430
2.036810,1.000000,-8142.012207,-10.429928,2846.416629,2146.888672,7044.441895,274.702026,299.988678,327.696155,-16.733416,0.612008,2.162183,-58.959633,-19.276759,-20.845207,2131.414063,-0.086184,0.006239,-0.000790,0.449603,0.409857,-1.995530,83460.992188,0.590440,0.000000,0.000000,0.000000,0.000000,0.000000,0.000000,0.000000,0.000000,0.000000,-57.838516,7044.617676
2.089482,1.000000,-8133.119141,-10.411991,2843.304659,2143.789063,7034.212891,276.908569,300.071503,327.614322,-16.834362,0.620339,2.121989,-59.145527,-19.337504,-20.851782,2128.177246,-0.080352,0.006085,-0.000782,0.452502,0.413974,-1.846661,83460.992188,0.583355,0.000000,0.000000,0.000000,0.000000,0.000000,0.000000,0.000000,0.000000,0.000000,-58.024712,7034.389160
2.143323,1.000000,-8124.071289,-10.393716,2840.113422,2140.610840,7023.769531,278.998016,300.156097,327.529047,-16.929461,0.628572,2.089910,-59.337666,-19.400313,-20.857878,2124.884277,-0.074849,0.005933,-0.000773,0.455463,0.418055,-1.695413,83460.992188,0.579319,0.000000,0.000000,0.000000,0.000000,0.000000,0.000000,0.000000,0.000000,0.000000,-58.217804,7023.945313
2.199498,1.000000,-8114.657715,-10.374671,2836.772725,2137.283203,7012.863281,281.011261,300.245056,327.439027,-17.020056,0.636855,2.065629,-59.539345,-19.466251,-20.863567,2121.458008,-0.069528,0.005777,-0.000764,0.458577,0.422191,-1.540216,83460.992188,0.576001,0.000000,0.000000,0.000000,0.000000,0.000000,0.000000,0.000000,0.000000,0.000000,-58.420944,7013.039063
2.251036,1.000000,-8105.976563,-10.357080,2833.697744,2134.220459,7002.769043,282.719543,300.327332,327.355235,-17.095583,0.644188,2.051106,-59.725979,-19.527281,-20.868225,2118.298340,-0.064750,0.005639,-0.000754,0.461456,0.425888,-1.401182,83460.992188,0.574876,0.000000,0.000000,0.000000,0.000000,0.000000,0.000000,0.000000,0.000000,0.000000,-58.607788,7003.202637
2.305887,1.000000,-8096.751465,-10.338356,2830.414567,2130.950439,6992.004395,284.401184,300.415436,327.265808,-17.168184,0.651711,2.043449,-59.924541,-19.592212,-20.872559,2114.940674,-0.060131,0.005498,-0.000744,0.464540,0.429739,-1.255686,83460.992188,0.575579,0.000000,0.000000,0.000000,0.000000,0.000000,0.000000,0.000000,0.000000,0.000000,-58.806713,6992.437988
2.360902,1.000000,-8087.464844,-10.319473,2827.110676,2127.659424,6981.127930,285.957611,300.504120,327.175907,-17.233131,0.658965,2.043223,-60.123329,-19.657220,-20.876265,2111.560547,-0.055649,0.005357,-0.000735,0.467645,0.433521,-1.114673,83460.992188,0.578575,0.000000,0.000000,0.000000,0.000000,0.000000,0.000000,0.000000,0.000000,0.000000,-59.004940,6981.561035
2.415736,1.000000,-8078.273438,-10.300750,2823.806890,2124.368652,6970.324219,287.388672,300.592316,327.087607,-17.290289,0.665912,2.049899,-60.318104,-19.720911,-20.879307,2108.215088,-0.051756,0.005222,-0.000725,0.470731,0.437219,-0.979275,83460.992188,0.582050,0.000000,0.000000,0.000000,0.000000,0.000000,0.000000,0.000000,0.000000,0.000000,-59.200462,6970.757324
2.471652,1.000000,-8068.955566,-10.281730,2820.426982,2121.001953,6959.332031,288.734039,300.681061,326.999099,-17.341106,0.672711,2.063206,-60.512859,-19.784591,-20.881737,2104.823730,-0.048250,0.005089,-0.000715,0.473837,0.440923,-0.847252,83460.992188,0.588202,0.000000,0.000000,0.000000,0.000000,0.000000,0.000000,0.000000,0.000000,0.000000,-59.396877,6959.875488
2.526738,1.000000,-8059.661621,-10.262717,2817.086641,2117.674561,6948.329102,289.955231,300.769226,326.912193,-17.384134,0.679123,2.082174,-60.703720,-19.846991,-20.883526,2101.440918,-0.044656,0.004961,-0.000705,0.476922,0.444513,-0.723283,83460.992188,0.596101,0.000000,0.000000,0.000000,0.000000,0.000000,0.000000,0.000000,0.000000,0.000000,-59.586811,6948.872559
2.580338,1.000000,-8050.592285,-10.244123,2813.826514,2114.427002,6937.555664,291.051788,300.855438,326.829054,-17.419607,0.685104,2.105754,-60.886040,-19.906591,-20.884674,2098.139893,-0.041394,0.004839,-0.000696,0.479940,0.447955,-0.608316,83460.992188,0.603062,0.000000,0.000000,0.000000,0.000000,0.000000,0.000000,0.000000,0.000000,0.000000,-59.767750,6938.099121
2.634545,1.000000,-8041.499512,-10.225436,2810.519756,2111.133057,6926.719238,292.076080,300.941223,326.747636,-17.449404,0.690885,2.134187,-61.064419,-19.964893,-20.885242,2094.830566,-0.038639,0.004720,-0.000688,0.482943,0.451388,-0.498430,83460.992188,0.611795,0.000000,0.000000,0.000000,0.000000,0.000000,0.000000,0.000000,0.000000,0.000000,-59.946190,6927.477539
2.691042,1.000000,-8032.116699,-10.206104,2807.063183,2107.689697,6915.500000,293.060242,301.028809,326.665950,-17.474329,0.696640,2.168170,-61.243301,-20.023348,-20.885223,2091.415527,-0.036330,0.004601,-0.000680,0.486008,0.454915,-0.391117,83460.992188,0.622391,0.000000,0.000000,0.000000,0.000000,0.000000,0.000000,0.000000,0.000000,0.000000,-60.126743,6916.258789
2.746617,1.000000,-8022.794922,-10.186847,2803.653267,2104.292725,6904.319824,293.951416,301.115295,326.587349,-17.493124,0.702030,2.205456,-61.415459,-20.079590,-20.884630,2088.022705,-0.034020,0.004484,-0.000672,0.489036,0.458340,-0.292191,83460.992188,0.633267,0.000000,0.000000,0.000000,0.000000,0.000000,0.000000,0.000000,0.000000,0.000000,-60.298691,6905.078125
2.796986,1.000000,-8014.328125,-10.169305,2800.554682,2101.206055,6894.134277,294.698547,301.193024,326.518299,-17.505589,0.706683,2.242085,-61.566628,-20.128967,-20.883593,2084.940918,-0.032037,0.004383,-0.000665,0.491755,0.461405,-0.208725,83460.992188,0.644129,0.000000,0.000000,0.000000,0.000000,0.000000,0.000000,0.000000,0.000000,0.000000,-60.449230,6894.892578
2.853329,1.000000,-8004.957520,-10.149836,2797.079811,2097.744385,6882.830078,295.471283,301.278564,326.444562,-17.514706,0.711644,2.285932,-61.728043,-20.181680,-20.881918,2081.530273,-0.030467,0.004273,-0.000658,0.494750,0.464794,-0.121207,83460.992188,0.655658,0.000000,0.000000,0.000000,0.000000,0.000000,0.000000,0.000000,0.000000,0.000000,-60.611668,6883.729004
2.904737,1.000000,-7996.370117,-10.131939,2793.901497,2094.578125,6872.442383,296.122833,301.355957,326.379754,-17.518909,0.715941,2.328080,-61.870121,-20.228062,-20.879921,2078.404785,-0.029072,0.004175,-0.000653,0.497458,0.467847,-0.047763,83460.992188,0.667113,0.000000,0.000000,0.000000,0.000000,0.000000,0.000000,0.000000,0.000000,0.000000,-60.753880,6873.341797
2.961435,1.000000,-7986.765625,-10.111856,2790.387875,2091.077637,6860.794434,296.786621,301.441132,326.310288,-17.519331,0.720441,2.376615,-62.022484,-20.277790,-20.877174,2074.908936,-0.027340,0.004068,-0.000647,0.500440,0.471177,0.027166,83460.992188,0.681345,0.000000,0.000000,0.000000,0.000000,0.000000,0.000000,0.000000,0.000000,0.000000,-60.904121,6861.693359
3.017433,1.000000,-7977.333008,-10.092060,2786.909456,2087.612061,6849.324219,297.390991,301.524597,326.245539,-17.515778,0.724633,2.426137,-62.164600,-20.324162,-20.873978,2071.475830,-0.025961,0.003965,-0.000642,0.503361,0.474417,0.093756,83460.992188,0.692756,0.000000,0.000000,0.000000,0.000000,0.000000,0.000000,0.000000,0.000000,0.000000,-61.045227,6850.223633
3.072237,1.000000,-7968.195801,-10.072814,2783.497833,2084.213135,6838.186523,297.936035,301.603729,326.185684,-17.508827,0.728511,2.475996,-62.296143,-20.367070,-20.870424,2068.150146,-0.025282,0.003870,-0.000637,0.506131,0.477560,0.154931,83460.992188,0.706425,0.000000,0.000000,0.000000,0.000000,0.000000,0.000000,0.000000,0.000000,0.000000,-61.176971,6839.216309
3.127256,1.000000,-7958.976074,-10.053321,2780.065793,2080.793701,6826.922852,298.441376,301.682312,326.128468,-17.498669,0.732177,2.526913,-62.421829,-20.408062,-20.866419,2064.794434,-0.024621,0.003777,-0.000633,0.508881,0.480676,0.209950,83460.992188,0.720219,0.000000,0.000000,0.000000,0.000000,0.000000,0.000000,0.000000,0.000000,0.000000,-61.302135,6827.952637
3.182003,1.000000,-7949.780273,-10.033801,2776.644073,2077.384766,6815.664063,298.906189,301.759735,326.074753,-17.485744,0.735601,2.578025,-62.539848,-20.446546,-20.862017,2061.447510,-0.023958,0.003685,-0.000630,0.511591,0.483729,0.257746,83460.992188,0.732751,0.000000,0.000000,0.000000,0.000000,0.000000,0.000000,0.000000,0.000000,0.000000,-61.419426,6816.693848
3.237229,1.000000,-7940.651367,-10.014344,2773.186174,2073.939697,6804.464355,299.339050,301.835205,326.024329,-17.470182,0.738840,2.629958,-62.650620,-20.482661,-20.857264,2058.124756,-0.024009,0.003596,-0.000627,0.514232,0.486777,0.302088,83460.992188,0.746146,0.000000,0.000000,0.000000,0.000000,0.000000,0.000000,0.000000,0.000000,0.000000,-61.531151,6805.494141
3.292843,1.000000,-7931.222168,-9.994163,2769.697980,2070.464355,6792.874512,299.741669,301.911499,325.975508,-17.452213,0.741886,2.682186,-62.757725,-20.517579,-20.851986,2054.692871,-0.023535,0.003508,-0.000624,0.516902,0.489803,0.340742,83460.992188,0.760080,0.000000,0.000000,0.000000,0.000000,0.000000,0.000000,0.000000,0.000000,0.000000,-61.636398,6794.113281
3.348554,1.000000,-7921.916992,-9.974157,2766.198066,2066.977051,6781.416504,300.114380,301.985870,325.930572,-17.432213,0.744726,2.734216,-62.856339,-20.549723,-20.846432,2051.305908,-0.023601,0.003423,-0.000622,0.519506,0.492792,0.374404,83460.992188,0.772873,0.000000,0.000000,0.000000,0.000000,0.000000,0.000000,0.000000,0.000000,0.000000,-61.734806,6782.655273
3.404949,1.000000,-7912.649902,-9.954140,2762.649829,2063.442139,6769.986328,300.462921,302.058167,325.888869,-17.410208,0.747398,2.786330,-62.947685,-20.579499,-20.840574,2047.933105,-0.024141,0.003344,-0.000620,0.522036,0.495774,0.403435,83460.992188,0.786208,0.000000,0.000000,0.000000,0.000000,0.000000,0.000000,0.000000,0.000000,0.000000,-61.827312,6771.224609
3.461014,1.000000,-7903.108398,-9.933432,2759.117419,2059.922363,6758.199219,300.783020,302.131073,325.849064,-17.386856,0.749852,2.837336,-63.034618,-20.607839,-20.834238,2044.460205,-0.024006,0.003262,-0.000618,0.524588,0.498692,0.427339,83460.992188,0.799400,0.000000,0.000000,0.000000,0.000000,0.000000,0.000000,0.000000,0.000000,0.000000,-61.912266,6759.446289
3.516469,1.000000,-7893.918945,-9.913389,2755.618974,2056.436523,6746.831543,301.075989,302.200256,325.813590,-17.362556,0.752086,2.886854,-63.111755,-20.632992,-20.827868,2041.115601,-0.024591,0.003185,-0.000617,0.527009,0.501535,0.446990,83460.992188,0.811370,0.000000,0.000000,0.000000,0.000000,0.000000,0.000000,0.000000,0.000000,0.000000,-61.989719,6748.078613
3.573394,1.000000,-7884.340332,-9.892390,2752.023549,2052.854248,6734.966309,301.354187,302.270447,325.779539,-17.336622,0.754188,2.936468,-63.185356,-20.657000,-20.820951,2037.629272,-0.024928,0.003111,-0.000616,0.529466,0.504405,0.462607,83460.992188,0.823812,0.000000,0.000000,0.000000,0.000000,0.000000,0.000000,0.000000,0.000000,0.000000,-62.062412,6736.213379
3.623480,1.000000,-7876.000488,-9.874018,2748.856827,2049.699219,6724.624023,301.581512,302.330444,325.752192,-17.313158,0.755880,2.979009,-63.244003,-20.676142,-20.814737,2034.593750,-0.025498,0.003047,-0.000615,0.531565,0.506890,0.473196,83460.992188,0.834251,0.000000,0.000000,0.000000,0.000000,0.000000,0.000000,0.000000,0.000000,0.000000,-62.120949,6725.871094
3.677839,1.000000,-7866.956543,-9.853995,2745.416795,2046.271240,6713.397461,301.811249,302.393494,325.724934,-17.287207,0.757553,3.023803,-63.301952,-20.695067,-20.807806,2031.302002,-0.026133,0.002979,-0.000615,0.533772,0.509540,0.480928,83460.992188,0.845880,0.000000,0.000000,0.000000,0.000000,0.000000,0.000000,0.000000,0.000000,0.000000,-62.178726,6714.963867
3.729461,1.000000,-7858.236816,-9.834590,2742.147230,2043.013672,6702.562012,302.014252,302.453522,325.700820,-17.262236,0.758998,3.065027,-63.352631,-20.711633,-20.800936,2028.128296,-0.026596,0.002915,-0.000615,0.535873,0.512016,0.485912,83460.992188,0.856099,0.000000,0.000000,0.000000,0.000000,0.000000,0.000000,0.000000,0.000000,0.000000,-62.228512,6704.128906
3.785609,1.000000,-7848.785156,-9.813445,2738.588267,2039.467529,6690.808105,302.219696,302.517792,325.676884,-17.234850,0.760404,3.108328,-63.401943,-20.727779,-20.793327,2024.688232,-0.027281,0.002850,-0.000615,0.538123,0.514666,0.488794,83460.992188,0.866067,0.000000,0.000000,0.000000,0.000000,0.000000,0.000000,0.000000,0.000000,0.000000,-62.277195,6692.374512
3.840639,1.000000,-7839.583008,-9.792747,2735.097698,2035.989380,6679.355957,302.406586,302.578522,325.655765,-17.207939,0.761626,3.149104,-63.444580,-20.741763,-20.785772,2021.338867,-0.028113,0.002788,-0.000615,0.540248,0.517217,0.488964,83460.992188,0.876003,0.000000,0.000000,0.000000,0.000000,0.000000,0.000000,0.000000,0.000000,0.000000,-62.319527,6680.922363
3.896582,1.000000,-7830.212402,-9.771551,2731.547003,2032.451660,6667.685059,302.583160,302.638458,325.636367,-17.180653,0.762718,3.188778,-63.482681,-20.754289,-20.777925,2017.928345,-0.028943,0.002726,-0.000615,0.542346,0.519762,0.486414,83460.992188,0.886057,0.000000,0.000000,0.000000,0.000000,0.000000,0.000000,0.000000,0.000000,0.000000,-62.357246,6669.325195
3.950656,1.000000,-7821.177734,-9.750999,2728.113087,2029.029785,6656.425781,302.742004,302.695740,325.619550,-17.154472,0.763625,3.225396,-63.514606,-20.764817,-20.770248,2014.639893,-0.029836,0.002670,-0.000616,0.544351,0.522176,0.481925,83460.992188,0.894854,0.000000,0.000000,0.000000,0.000000,0.000000,0.000000,0.000000,0.000000,0.000000,-62.388947,6658.066406
4.005563,1.000000,-7812.073242,-9.730174,2724.624668,2025.553955,6645.074219,302.892487,302.752106,325.604393,-17.128201,0.764412,3.260788,-63.542217,-20.773958,-20.762411,2011.326172,-0.030838,0.002615,-0.000617,0.546324,0.524583,0.475285,83460.992188,0.903487,0.000000,0.000000,0.000000,0.000000,0.000000,0.000000,0.000000,0.000000,0.000000,-62.416523,6646.714355
4.060173,1.000000,-7802.857422,-9.708973,2721.153763,2022.095459,6633.578125,303.032043,302.807617,325.590601,-17.102480,0.765061,3.294176,-63.565720,-20.781791,-20.754383,2007.971924,-0.031631,0.002562,-0.000617,0.548266,0.526930,0.466854,83460.992188,0.911816,0.000000,0.000000,0.000000,0.000000,0.000000,0.000000,0.000000,0.000000,0.000000,-62.439560,6635.375000
4.113168,1.000000,-7794.011719,-9.688509,2717.784427,2018.738037,6622.540039,303.158875,302.859955,325.578855,-17.078018,0.765567,3.324802,-63.584236,-20.788013,-20.746614,2004.752319,-0.032508,0.002510,-0.000618,0.550098,0.529160,0.456961,83460.992188,0.919059,0.000000,0.000000,0.000000,0.000000,0.000000,0.000000,0.000000,0.000000,0.000000,-62.457928,6624.336914
4.169237,1.000000,-7784.637695,-9.666698,2714.218725,2015.185059,6610.839844,303.284302,302.914001,325.567703,-17.052727,0.765970,3.355384,-63.599976,-20.793370,-20.738323,2001.340454,-0.033458,0.002456,-0.000619,0.551990,0.531478,0.445506,83460.992188,0.926497,0.000000,0.000000,0.000000,0.000000,0.000000,0.000000,0.000000,0.000000,0.000000,-62.473484,6612.636230
4.226317,1.000000,-7775.155762,-9.644504,2710.587969,2011.567139,6599.000977,303.403503,302.967438,325.557766,-17.027683,0.766259,3.384555,-63.611958,-20.797533,-20.729876,1997.889282,-0.034471,0.002407,-0.000620,0.553860,0.533789,0.432585,83460.992188,0.933535,0.000000,0.000000,0.000000,0.000000,0.000000,0.000000,0.000000,0.000000,0.000000,-62.485374,6600.797852
4.283086,1.000000,-7765.638184,-9.622093,2706.976452,2007.968506,6587.116211,303.514465,303.019958,325.549105,-17.003546,0.766414,3.411631,-63.620281,-20.800527,-20.721365,1994.425171,-0.035394,0.002357,-0.000622,0.555699,0.536039,0.418735,83460.992188,0.940067,0.000000,0.000000,0.000000,0.000000,0.000000,0.000000,0.000000,0.000000,0.000000,-62.493530,6589.036133
4.334772,1.000000,-7757.049805,-9.601751,2703.688001,2004.691650,6576.390625,303.609344,303.066223,325.542224,-16.982277,0.766450,3.434622,-63.624786,-20.802276,-20.713655,1991.299316,-0.036279,0.002314,-0.000623,0.557318,0.538045,0.405324,83460.992188,0.945565,0.000000,0.000000,0.000000,0.000000,0.000000,0.000000,0.000000,0.000000,0.000000,-62.497952,6578.310059
4.391305,1.000000,-7747.575195,-9.579181,2700.091010,2001.107422,6564.557129,303.706970,303.116394,325.535491,-16.959818,0.766385,3.458022,-63.626755,-20.803258,-20.705141,1987.850830,-0.037179,0.002269,-0.000624,0.559073,0.540197,0.390212,83460.992188,0.951122,0.000000,0.000000,0.000000,0.000000,0.000000,0.000000,0.000000,0.000000,0.000000,-62.499813,6566.477051
4.447589,1.000000,-7738.089844,-9.556447,2696.509860,1997.538818,6552.709961,303.798187,303.165253,325.529529,-16.938326,0.766208,3.479535,-63.625748,-20.803306,-20.696606,1984.398438,-0.038010,0.002224,-0.000625,0.560784,0.542295,0.374657,83460.992188,0.956371,0.000000,0.000000,0.000000,0.000000,0.000000,0.000000,0.000000,0.000000,0.000000,-62.498749,6554.629883
4.502861,1.000000,-7728.900391,-9.534292,2692.993252,1994.034668,6541.232910,303.882629,303.211700,325.524487,-16.918072,0.765929,3.499003,-63.622162,-20.802528,-20.688345,1981.053711,-0.038913,0.002182,-0.000627,0.562410,0.544312,0.359128,83460.992188,0.960953,0.000000,0.000000,0.000000,0.000000,0.000000,0.000000,0.000000,0.000000,0.000000,-62.495121,6543.334473
4.557876,1.000000,-7719.705078,-9.511994,2689.493280,1990.546997,6529.749512,303.962006,303.257202,325.520038,-16.898769,0.765555,3.516773,-63.616192,-20.801003,-20.680090,1977.706909,-0.039748,0.002140,-0.000628,0.564002,0.546279,0.343441,83460.992188,0.965260,0.000000,0.000000,0.000000,0.000000,0.000000,0.000000,0.000000,0.000000,0.000000,-62.489128,6531.851074
4.613610,1.000000,-7710.349609,-9.489175,2685.947983,1987.014282,6518.067383,304.037964,303.302399,325.516063,-16.880102,0.765086,3.533193,-63.607861,-20.798744,-20.671709,1974.301758,-0.040534,0.002088,-0.000627,0.565584,0.548229,0.327381,83460.992188,0.969263,0.000000,0.000000,0.000000,0.000000,0.000000,0.000000,0.000000,0.000000,0.000000,-62.480843,6520.168945
4.669727,1.000000,-7701.010254,-9.466258,2682.378867,1983.457764,6506.406738,304.110352,303.346863,325.512593,-16.862223,0.764526,3.548180,-63.597500,-20.795849,-20.663363,1970.902588,-0.041340,0.002047,-0.000625,0.567140,0.550151,0.311255,83460.992188,0.972811,0.000000,0.000000,0.000000,0.000000,0.000000,0.000000,0.000000,0.000000,0.000000,-62.470470,6508.658691
4.724859,1.000000,-7691.795898,-9.443517,2678.873034,1979.924316,6494.904297,304.177917,303.389801,325.509479,-16.845530,0.763890,3.561471,-63.585457,-20.792430,-20.655167,1967.548828,-0.042088,0.002012,-0.000623,0.568643,0.552001,0.295592,83460.992188,0.976016,0.000000,0.000000,0.000000,0.000000,0.000000,0.000000,0.000000,0.000000,0.000000,-62.458473,6497.156738
4.775046,1.000000,-7683.446289,-9.422793,2675.682281,1976.713257,6484.483887,304.236450,303.427917,325.506898,-16.831081,0.763233,3.572380,-63.573109,-20.788888,-20.647770,1964.509766,-0.042753,0.001980,-0.000622,0.569977,0.553652,0.281469,83460.992188,0.978681,0.000000,0.000000,0.000000,0.000000,0.000000,0.000000,0.000000,0.000000,0.000000,-62.446121,6486.735840
4.827574,1.000000,-7674.641113,-9.400823,2672.343408,1973.353027,6473.496582,304.295105,303.467133,325.504199,-16.816711,0.762476,3.582650,-63.558743,-20.784749,-20.640005,1961.304932,-0.043374,0.001947,-0.000621,0.571350,0.555345,0.266894,83460.992188,0.981215,0.000000,0.000000,0.000000,0.000000,0.000000,0.000000,0.000000,0.000000,0.000000,-62.431873,6475.748535
4.884255,1.000000,-7665.130859,-9.376959,2668.741448,1969.727783,6461.632813,304.355530,303.509338,325.501352,-16.802053,0.761583,3.592488,-63.541874,-20.779870,-20.631670,1957.843506,-0.044030,0.001914,-0.000620,0.572826,0.557137,0.251699,83460.992188,0.983520,0.000000,0.000000,0.000000,0.000000,0.000000,0.000000,0.000000,0.000000,0.000000,-62.415184,6463.645020
4.939990,1.000000,-7655.934570,-9.353753,2665.200578,1966.164307,6450.163574,304.412415,303.549164,325.498623,-16.788465,0.760628,3.600973,-63.524361,-20.774791,-20.623657,1954.496338,-0.044710,0.001885,-0.000620,0.574221,0.558864,0.237260,83460.992188,0.985581,0.000000,0.000000,0.000000,0.000000,0.000000,0.000000,0.000000,0.000000,0.000000,-62.397564,6452.175781
4.995735,1.000000,-7646.454590,-9.329697,2661.660104,1962.601074,6438.344238,304.466827,303.589142,325.495835,-16.775667,0.759597,3.608336,-63.505180,-20.769217,-20.615454,1951.045898,-0.045240,0.001852,-0.000620,0.575620,0.560557,0.223232,83460.992188,0.987542,0.000000,0.000000,0.000000,0.000000,0.000000,0.000000,0.000000,0.000000,0.000000,-62.378838,6440.356445
5.051658,1.000000,-7637.125488,-9.305890,2658.109416,1959.027466,6426.715820,304.519318,303.628510,325.493076,-16.763601,0.758489,3.614668,-63.485325,-20.763438,-20.607433,1947.650391,-0.045814,0.001821,-0.000620,0.576997,0.562221,0.209708,83460.992188,0.989052,0.000000,0.000000,0.000000,0.000000,0.000000,0.000000,0.000000,0.000000,0.000000,-62.359116,6428.728516
5.107109,1.000000,-7627.904297,-9.282229,2654.589826,1955.485352,6415.226074,304.569397,303.666656,325.490318,-16.752367,0.757320,3.619972,-63.464878,-20.757481,-20.599569,1944.294189,-0.046366,0.001791,-0.000620,0.578333,0.563840,0.196854,83460.992188,0.990417,0.000000,0.000000,0.000000,0.000000,0.000000,0.000000,0.000000,0.000000,0.000000,-62.338737,6416.929199
5.162343,1.000000,-7618.617188,-9.258267,2651.085168,1951.958008,6403.658203,304.617554,303.704041,325.487411,-16.741863,0.756091,3.624365,-63.443562,-20.751273,-20.591711,1940.913940,-0.046848,0.001761,-0.000620,0.579641,0.565422,0.184598,83460.992188,0.991673,0.000000,0.000000,0.000000,0.000000,0.000000,0.000000,0.000000,0.000000,0.000000,-62.317719,6405.361328
5.212971,1.000000,-7610.178223,-9.236382,2647.873816,1948.725952,6393.149902,304.660370,303.737488,325.484475,-16.732815,0.754918,3.627665,-63.423634,-20.745481,-20.584627,1937.842407,-0.047281,0.001737,-0.000621,0.580813,0.566845,0.173846,83460.992188,0.992627,0.000000,0.000000,0.000000,0.000000,0.000000,0.000000,0.000000,0.000000,0.000000,-62.297913,6394.853027
5.269268,1.000000,-7600.799316,-9.211931,2644.304083,1945.133301,6381.475098,304.706360,303.775024,325.481123,-16.723385,0.753554,3.630558,-63.400951,-20.738888,-20.576813,1934.428711,-0.047744,0.001712,-0.000621,0.582126,0.568401,0.162537,83460.992188,0.993351,0.000000,0.000000,0.000000,0.000000,0.000000,0.000000,0.000000,0.000000,0.000000,-62.275383,6383.178223
5.325062,1.000000,-7591.463379,-9.187464,2640.767525,1941.573853,6369.857910,304.750671,303.811249,325.477326,-16.714642,0.752137,3.632711,-63.377937,-20.732222,-20.569105,1931.030762,-0.048155,0.001685,-0.000622,0.583393,0.569914,0.151965,83460.992188,0.994044,0.000000,0.000000,0.000000,0.000000,0.000000,0.000000,0.000000,0.000000,0.000000,-62.252609,6371.346191
5.381493,1.000000,-7581.997559,-9.162523,2637.191910,1937.975098,6358.083496,304.794220,303.847229,325.473204,-16.706381,0.750649,3.634210,-63.354206,-20.725359,-20.561359,1927.585449,-0.048538,0.001656,-0.000623,0.584653,0.571417,0.141908,83460.992188,0.994611,0.000000,0.000000,0.000000,0.000000,0.000000,0.000000,0.000000,0.000000,0.000000,-62.229195,6359.571777
5.437862,1.000000,-7572.573730,-9.137563,2633.621567,1934.381714,6346.365723,304.836670,303.882843,325.468784,-16.698681,0.749103,3.635082,-63.330257,-20.718447,-20.553717,1924.155518,-0.048905,0.001630,-0.000624,0.585899,0.572892,0.132517,83460.992188,0.995027,0.000000,0.000000,0.000000,0.000000,0.000000,0.000000,0.000000,0.000000,0.000000,-62.205502,6347.853516
5.493601,1.000000,-7563.325684,-9.112942,2630.092464,1930.829834,6334.870117,304.877441,303.917419,325.464068,-16.691561,0.747523,3.635400,-63.306519,-20.711615,-20.546286,1920.789429,-0.049260,0.001604,-0.000624,0.587110,0.574326,0.123867,83460.992188,0.995298,0.000000,0.000000,0.000000,0.000000,0.000000,0.000000,0.000000,0.000000,0.000000,-62.181839,6336.171875
5.549147,1.000000,-7554.004883,-9.088002,2626.576913,1927.291382,6323.289063,304.917206,303.951843,325.458907,-16.684931,0.745891,3.635225,-63.282417,-20.704699,-20.538866,1917.396973,-0.049560,0.001580,-0.000625,0.588315,0.575732,0.115853,83460.992188,0.995507,0.000000,0.000000,0.000000,0.000000,0.000000,0.000000,0.000000,0.000000,0.000000,-62.158089,6324.590332
5.606504,1.000000,-7544.514160,-9.062481,2622.948148,1923.639160,6311.501465,304.957458,303.986694,325.453212,-16.678528,0.744163,3.634585,-63.257736,-20.697640,-20.531393,1913.942627,-0.049886,0.001556,-0.000626,0.589534,0.577159,0.108202,83460.992188,0.995596,0.000000,0.000000,0.000000,0.000000,0.000000,0.000000,0.000000,0.000000,0.000000,-62.133430,6312.802734
5.661329,1.000000,-7535.270996,-9.037500,2619.480912,1920.149414,6300.024902,304.995148,304.020233,325.447280,-16.672804,0.742457,3.633575,-63.233604,-20.690758,-20.524174,1910.578369,-0.050134,0.001529,-0.000626,0.590708,0.578503,0.101494,83460.992188,0.995621,0.000000,0.000000,0.000000,0.000000,0.000000,0.000000,0.000000,0.000000,0.000000,-62.109776,6301.326660
5.715106,1.000000,-7526.262695,-9.013039,2616.081229,1916.727539,6288.843750,305.031494,304.052338,325.441022,-16.667532,0.740743,3.632257,-63.210045,-20.684066,-20.517202,1907.299683,-0.050368,0.001507,-0.000627,0.591832,0.579804,0.095454,83460.992188,0.995602,0.000000,0.000000,0.000000,0.000000,0.000000,0.000000,0.000000,0.000000,0.000000,-62.086536,6289.853027
5.769808,1.000000,-7517.100586,-8.988043,2612.624366,1913.248047,6277.476563,305.067841,304.084686,325.434259,-16.662481,0.738956,3.630620,-63.186062,-20.677275,-20.510189,1903.964966,-0.050598,0.001484,-0.000628,0.592964,0.581107,0.089819,83460.992188,0.995492,0.000000,0.000000,0.000000,0.000000,0.000000,0.000000,0.000000,0.000000,0.000000,-62.062881,6278.485840
5.821207,1.000000,-7508.727539,-8.965098,2609.377431,1909.979980,6267.091797,305.101410,304.113800,325.427704,-16.658007,0.737241,3.628836,-63.164146,-20.671091,-20.503834,1900.917358,-0.050844,0.001467,-0.000628,0.593983,0.582313,0.084962,83460.992188,0.995385,0.000000,0.000000,0.000000,0.000000,0.000000,0.000000,0.000000,0.000000,0.000000,-62.040665,6268.100586
5.873996,1.000000,-7499.780762,-8.940475,2606.043892,1906.624756,6255.998535,305.135529,304.144043,325.420259,-16.653667,0.735441,3.626775,-63.140759,-20.664517,-20.497103,1897.661011,-0.050998,0.001443,-0.000629,0.595041,0.583533,0.080380,83460.992188,0.995279,0.000000,0.000000,0.000000,0.000000,0.000000,0.000000,0.000000,0.000000,0.000000,-62.017872,6257.007813
5.929705,1.000000,-7490.371582,-8.914459,2602.527273,1903.085205,6244.336914,305.170959,304.176666,325.411984,-16.649330,0.733501,3.624410,-63.116226,-20.657647,-20.490097,1894.236328,-0.051170,0.001421,-0.000629,0.596184,0.584806,0.076096,83460.992188,0.994997,0.000000,0.000000,0.000000,0.000000,0.000000,0.000000,0.000000,0.000000,0.000000,-61.993900,6245.044434
5.982368,1.000000,-7481.634766,-8.890197,2599.204177,1899.740234,6233.512695,305.203979,304.204681,325.403916,-16.645428,0.731629,3.622018,-63.093521,-20.651312,-20.483656,1891.056396,-0.051347,0.001399,-0.000630,0.597163,0.585992,0.072407,83460.992188,0.994957,0.000000,0.000000,0.000000,0.000000,0.000000,0.000000,0.000000,0.000000,0.000000,-61.971298,6234.220215
6.039067,1.000000,-7472.172363,-8.863802,2595.627745,1896.140503,6221.792969,305.238983,304.237915,325.394662,-16.641436,0.729575,3.619290,-63.068996,-20.644499,-20.476744,1887.612427,-0.051523,0.001379,-0.000630,0.598327,0.587252,0.068935,83460.992188,0.994443,0.000000,0.000000,0.000000,0.000000,0.000000,0.000000,0.000000,0.000000,0.000000,-61.947063,6222.500488
6.095708,1.000000,-7462.632813,-8.837073,2592.056358,1892.545898,6209.982422,305.273560,304.269104,325.384815,-16.637632,0.727486,3.616438,-63.044395,-20.637697,-20.469852,1884.140259,-0.051670,0.001356,-0.000631,0.599419,0.588494,0.065861,83460.992188,0.994185,0.000000,0.000000,0.000000,0.000000,0.000000,0.000000,0.000000,0.000000,0.000000,-61.922962,6210.418945
6.151503,1.000000,-7453.333496,-8.810901,2588.539660,1889.005981,6198.473145,305.307312,304.299377,325.374700,-16.634045,0.725388,3.613533,-63.020515,-20.631126,-20.463196,1880.755615,-0.051821,0.001335,-0.000631,0.600478,0.589702,0.063224,83460.992188,0.993868,0.000000,0.000000,0.000000,0.000000,0.000000,0.000000,0.000000,0.000000,0.000000,-61.899330,6198.909180
6.208475,1.000000,-7443.859375,-8.784120,2584.950152,1885.393066,6186.751465,305.341461,304.330017,325.363963,-16.630529,0.723212,3.610477,-62.996296,-20.624488,-20.456476,1877.307251,-0.051966,0.001314,-0.000631,0.601551,0.590919,0.060873,83460.992188,0.993522,0.000000,0.000000,0.000000,0.000000,0.000000,0.000000,0.000000,0.000000,0.000000,-61.875309,6187.187500
6.264402,1.000000,-7434.508301,-8.757574,2581.427828,1881.847412,6175.186035,305.374573,304.359314,325.352781,-16.627192,0.721040,3.607435,-62.972523,-20.618008,-20.449913,1873.903809,-0.052088,0.001295,-0.000632,0.602576,0.592097,0.058894,83460.992188,0.993263,0.000000,0.000000,0.000000,0.000000,0.000000,0.000000,0.000000,0.000000,0.000000,-61.851864,6175.622070
6.320337,1.000000,-7425.090332,-8.730730,2577.906324,1878.303589,6163.542480,305.407349,304.389252,325.341065,-16.623955,0.718839,3.604351,-62.948696,-20.611543,-20.443377,1870.475952,-0.052200,0.001273,-0.000632,0.603624,0.593260,0.057218,83460.992188,0.992874,0.000000,0.000000,0.000000,0.000000,0.000000,0.000000,0.000000,0.000000,0.000000,-61.828533,6163.720703
6.376277,1.000000,-7415.810059,-8.704168,2574.385823,1874.760498,6152.072266,305.439728,304.418060,325.329112,-16.620800,0.716609,3.601247,-62.925339,-20.605231,-20.436989,1867.098145,-0.052327,0.001255,-0.000632,0.604632,0.594408,0.055816,83460.992188,0.992561,0.000000,0.000000,0.000000,0.000000,0.000000,0.000000,0.000000,0.000000,0.000000,-61.805325,6152.250488
6.433305,1.000000,-7406.304688,-8.676850,2570.798202,1871.149658,6140.327637,305.472473,304.447083,325.316387,-16.617662,0.714303,3.598063,-62.901531,-20.598828,-20.430513,1863.638550,-0.052442,0.001237,-0.000632,0.605648,0.595563,0.054619,83460.992188,0.992260,0.000000,0.000000,0.000000,0.000000,0.000000,0.000000,0.000000,0.000000,0.000000,-61.781784,6140.506348
6.488892,1.000000,-7396.969238,-8.649916,2567.302538,1867.631592,6128.797852,305.504059,304.475555,325.303307,-16.614664,0.712023,3.594970,-62.878265,-20.592607,-20.424223,1860.240723,-0.052539,0.001221,-0.000632,0.606644,0.596675,0.053689,83460.992188,0.991907,0.000000,0.000000,0.000000,0.000000,0.000000,0.000000,0.000000,0.000000,0.000000,-61.758957,6128.976074
6.545676,1.000000,-7387.487793,-8.622452,2563.732924,1864.038940,6117.090820,305.535919,304.503357,325.289574,-16.611643,0.709664,3.591823,-62.854752,-20.586348,-20.417889,1856.789673,-0.052636,0.001201,-0.000632,0.607618,0.597795,0.052927,83460.992188,0.991662,0.000000,0.000000,0.000000,0.000000,0.000000,0.000000,0.000000,0.000000,0.000000,-61.735752,6116.932129
6.601580,1.000000,-7378.201172,-8.595451,2560.219929,1860.503296,6105.628906,305.567047,304.531006,325.275693,-16.608706,0.707313,3.588750,-62.831833,-20.580275,-20.411760,1853.409668,-0.052754,0.001184,-0.000632,0.608585,0.598885,0.052378,83460.992188,0.991333,0.000000,0.000000,0.000000,0.000000,0.000000,0.000000,0.000000,0.000000,0.000000,-61.713028,6105.470215
6.651752,1.000000,-7369.865234,-8.571125,2557.068227,1857.331055,6095.342285,305.594666,304.555267,325.262939,-16.606089,0.705180,3.586019,-62.811352,-20.574868,-20.406294,1850.375610,-0.052842,0.001167,-0.000631,0.609435,0.599850,0.051994,83460.992188,0.991096,0.000000,0.000000,0.000000,0.000000,0.000000,0.000000,0.000000,0.000000,0.000000,-61.692722,6095.183594
6.708651,1.000000,-7360.331055,-8.543204,2553.495195,1853.734985,6083.582031,305.625671,304.582886,325.247901,-16.603144,0.702735,3.582945,-62.788013,-20.568735,-20.400118,1846.905518,-0.052941,0.001151,-0.000631,0.610401,0.600932,0.051689,83460.992188,0.990823,0.000000,0.000000,0.000000,0.000000,0.000000,0.000000,0.000000,0.000000,0.000000,-61.669781,6083.176758
6.760115,1.000000,-7351.860840,-8.518310,2550.264598,1850.483643,6073.136719,305.653381,304.606842,325.234198,-16.600491,0.700497,3.580199,-62.767353,-20.563327,-20.394674,1843.822510,-0.053050,0.001134,-0.000631,0.611239,0.601898,0.051502,83460.992188,0.990602,0.000000,0.000000,0.000000,0.000000,0.000000,0.000000,0.000000,0.000000,0.000000,-61.649113,6072.731445
6.811419,1.000000,-7343.136719,-8.492583,2547.045116,1847.243164,6062.381836,305.680878,304.631592,325.219634,-16.597858,0.698243,3.577496,-62.746155,-20.557807,-20.389124,1840.647217,-0.053105,0.001116,-0.000631,0.612105,0.602850,0.051387,83460.992188,0.990339,0.000000,0.000000,0.000000,0.000000,0.000000,0.000000,0.000000,0.000000,0.000000,-61.628590,6061.976563
6.862736,1.000000,-7334.635742,-8.467430,2543.825884,1844.003174,6051.904297,305.707977,304.655334,325.205130,-16.595228,0.695970,3.574832,-62.725574,-20.552468,-20.383759,1837.553101,-0.053198,0.001103,-0.000630,0.612937,0.603792,0.051366,83460.992188,0.990107,0.000000,0.000000,0.000000,0.000000,0.000000,0.000000,0.000000,0.000000,0.000000,-61.608139,6051.499023
6.916368,1.000000,-7325.634277,-8.440708,2540.462564,1840.618042,6040.813477,305.736084,304.679840,325.189380,-16.592480,0.693573,3.572087,-62.703850,-20.546856,-20.378132,1834.276855,-0.053272,0.001085,-0.000630,0.613794,0.604762,0.051380,83460.992188,0.989919,0.000000,0.000000,0.000000,0.000000,0.000000,0.000000,0.000000,0.000000,0.000000,-61.586830,6040.053223
6.982520,1.000000,-7316.130371,-8.412400,2536.315705,1836.444092,6029.107422,305.770447,304.706085,325.172325,-16.589079,0.690585,3.568780,-62.681011,-20.540985,-20.372255,1830.817749,-0.053651,0.001082,-0.000629,0.614713,0.605946,0.051563,83460.992188,0.989622,0.000000,0.000000,0.000000,0.000000,0.000000,0.000000,0.000000,0.000000,0.000000,-61.560669,6028.347656
7.034946,1.000000,-7305.764648,-8.381413,2533.030522,1833.156738,6016.344238,305.797394,304.733582,325.153224,-16.586384,0.688195,3.566184,-62.656132,-20.534618,-20.365917,1827.044922,-0.053452,0.001047,-0.000629,0.615675,0.606867,0.051615,83460.992188,0.989429,0.000000,0.000000,0.000000,0.000000,0.000000,0.000000,0.000000,0.000000,0.000000,-61.539963,6015.584473
7.091426,1.000000,-7296.467773,-8.353523,2529.492527,1829.630859,6004.900391,305.826080,304.758545,325.135694,-16.583464,0.685599,3.563471,-62.633942,-20.528966,-20.360277,1823.661133,-0.053565,0.001030,-0.000628,0.616549,0.607854,0.051884,83460.992188,0.989208,0.000000,0.000000,0.000000,0.000000,0.000000,0.000000,0.000000,0.000000,0.000000,-61.517788,6004.140137
7.145656,1.000000,-7287.250977,-8.325784,2526.096668,1826.328003,5993.558594,305.853241,304.782654,325.117957,-16.580652,0.683080,3.560902,-62.611988,-20.523397,-20.354753,1820.306519,-0.053635,0.001010,-0.000627,0.617393,0.608790,0.052138,83460.992188,0.989067,0.000000,0.000000,0.000000,0.000000,0.000000,0.000000,0.000000,0.000000,0.000000,-61.496529,5992.645996
7.200504,1.000000,-7278.126953,-8.298237,2522.663300,1822.983032,5982.334473,305.880493,304.806610,325.100013,-16.577791,0.680513,3.558352,-62.590290,-20.517915,-20.349340,1816.985596,-0.053741,0.000993,-0.000626,0.618231,0.609726,0.052389,83460.992188,0.988902,0.000000,0.000000,0.000000,0.000000,0.000000,0.000000,0.000000,0.000000,0.000000,-61.475071,5981.421875
7.257095,1.000000,-7268.770996,-8.269899,2519.122075,1819.532959,5970.828125,305.908234,304.830872,325.081237,-16.574825,0.677845,3.555769,-62.568081,-20.512327,-20.343838,1813.580322,-0.053852,0.000975,-0.000625,0.619080,0.610680,0.052620,83460.992188,0.988735,0.000000,0.000000,0.000000,0.000000,0.000000,0.000000,0.000000,0.000000,0.000000,-61.452969,5969.915527
7.311960,1.000000,-7259.488281,-8.241695,2515.690065,1816.189575,5959.415039,305.934845,304.854614,325.062195,-16.571939,0.675239,3.553307,-62.546074,-20.506814,-20.338430,1810.201660,-0.053924,0.000957,-0.000624,0.619911,0.611595,0.052825,83460.992188,0.988581,0.000000,0.000000,0.000000,0.000000,0.000000,0.000000,0.000000,0.000000,0.000000,-61.431580,5959.566895
7.362399,1.000000,-7251.105469,-8.216151,2512.535969,1813.116455,5949.111328,305.959015,304.875732,325.044695,-16.569277,0.672828,3.551079,-62.526234,-20.501862,-20.333599,1807.150635,-0.054017,0.000941,-0.000623,0.620651,0.612426,0.052990,83460.992188,0.988443,0.000000,0.000000,0.000000,0.000000,0.000000,0.000000,0.000000,0.000000,0.000000,-61.411945,5949.263184
7.419089,1.000000,-7241.634766,-8.187209,2508.992178,1809.664063,5937.474121,305.985870,304.899353,325.024585,-16.566275,0.670101,3.548614,-62.503849,-20.496296,-20.328197,1803.703491,-0.054119,0.000926,-0.000622,0.621477,0.613349,0.053157,83460.992188,0.988298,0.000000,0.000000,0.000000,0.000000,0.000000,0.000000,0.000000,0.000000,0.000000,-61.389912,5937.625977
7.475789,1.000000,-7232.228027,-8.158375,2505.449029,1806.212280,5925.918945,306.012482,304.922302,325.004297,-16.563267,0.667357,3.546185,-62.481663,-20.490798,-20.322887,1800.279785,-0.054232,0.000909,-0.000620,0.622281,0.614262,0.053302,83460.992188,0.988180,0.000000,0.000000,0.000000,0.000000,0.000000,0.000000,0.000000,0.000000,0.000000,-61.367920,5926.070801
7.531132,1.000000,-7222.895020,-8.129683,2501.991896,1802.844360,5914.457031,306.038116,304.944794,324.983743,-16.560322,0.664657,3.543856,-62.459675,-20.485374,-20.317661,1796.882813,-0.054309,0.000890,-0.000619,0.623067,0.615143,0.053417,83460.992188,0.988056,0.000000,0.000000,0.000000,0.000000,0.000000,0.000000,0.000000,0.000000,0.000000,-61.346489,5915.618652
7.581782,1.000000,-7214.471191,-8.103716,2498.828979,1799.762817,5904.115234,306.061249,304.964783,324.964819,-16.557621,0.662172,3.541754,-62.439854,-20.480506,-20.313007,1793.816772,-0.054407,0.000875,-0.000618,0.623768,0.615938,0.053486,83460.992188,0.987955,0.000000,0.000000,0.000000,0.000000,0.000000,0.000000,0.000000,0.000000,0.000000,-61.326900,5905.276855
7.633932,1.000000,-7205.854004,-8.077085,2495.573445,1796.591431,5893.538086,306.084808,304.984680,324.945213,-16.554840,0.659602,3.539613,-62.419605,-20.475549,-20.308279,1790.680420,-0.054507,0.000860,-0.000616,0.624464,0.616747,0.053526,83460.992188,0.987871,0.000000,0.000000,0.000000,0.000000,0.000000,0.000000,0.000000,0.000000,0.000000,-61.306755,5894.699707
7.687588,1.000000,-7196.964844,-8.049540,2492.225010,1793.329346,5882.630371,306.108826,305.005768,324.924688,-16.551979,0.656938,3.537435,-62.398731,-20.470455,-20.303453,1787.445068,-0.054613,0.000844,-0.000615,0.625202,0.617569,0.053539,83460.992188,0.987698,0.000000,0.000000,0.000000,0.000000,0.000000,0.000000,0.000000,0.000000,0.000000,-61.286049,5883.791992
7.743453,1.000000,-7187.545410,-8.020273,2488.739915,1789.818848,5871.074707,306.133453,305.027863,324.902591,-16.548998,0.654150,3.535197,-62.376652,-20.465089,-20.298388,1784.016602,-0.054700,0.000826,-0.000613,0.625975,0.618416,0.053557,83460.992188,0.987554,0.000000,0.000000,0.000000,0.000000,0.000000,0.000000,0.000000,0.000000,0.000000,-61.264538,5873.285156
7.799083,1.000000,-7178.195313,-7.991143,2485.270692,1786.351563,5859.607910,306.157623,305.048889,324.880286,-16.546030,0.651361,3.532999,-62.354763,-20.459791,-20.293417,1780.613525,-0.054796,0.000815,-0.000612,0.626711,0.619249,0.053550,83460.992188,0.987441,0.000000,0.000000,0.000000,0.000000,0.000000,0.000000,0.000000,0.000000,0.000000,-61.243141,5861.817871
7.854336,1.000000,-7169.028320,-7.962512,2481.826174,1782.908691,5848.369141,306.181335,305.069550,324.858070,-16.543081,0.648564,3.530838,-62.333317,-20.454620,-20.288597,1777.276978,-0.054915,0.000805,-0.000615,0.627434,0.620066,0.053536,83460.992188,0.987332,0.000000,0.000000,0.000000,0.000000,0.000000,0.000000,0.000000,0.000000,0.000000,-61.221905,5850.579102
7.907378,1.000000,-7160.229004,-7.934959,2478.520617,1779.604614,5837.583496,306.203766,305.088593,324.836536,-16.540255,0.645865,3.528773,-62.312729,-20.449666,-20.284019,1774.074219,-0.055028,0.000789,-0.000616,0.628101,0.620839,0.053409,83460.992188,0.987260,0.000000,0.000000,0.000000,0.000000,0.000000,0.000000,0.000000,0.000000,0.000000,-61.201515,5839.793945
7.960185,1.000000,-7151.340332,-7.907060,2475.230796,1776.316406,5826.691406,306.225891,305.108032,324.814439,-16.537447,0.643168,3.526731,-62.291943,-20.444685,-20.279436,1770.839111,-0.055118,0.000769,-0.000617,0.628781,0.621598,0.053233,83460.992188,0.987143,0.000000,0.000000,0.000000,0.000000,0.000000,0.000000,0.000000,0.000000,0.000000,-61.181232,5828.963867
8.015985,1.000000,-7142.040527,-7.877800,2471.755691,1772.843018,5815.298828,306.248932,305.127808,324.790889,-16.534491,0.640304,3.524597,-62.270237,-20.439510,-20.274696,1767.454224,-0.055228,0.000751,-0.000617,0.629473,0.622392,0.053049,83460.992188,0.987031,0.000000,0.000000,0.000000,0.000000,0.000000,0.000000,0.000000,0.000000,0.000000,-61.159847,5817.571289
8.069593,1.000000,-7133.066895,-7.849499,2468.418238,1769.507324,5804.308105,306.270782,305.147064,324.767931,-16.531658,0.637544,3.522566,-62.249325,-20.434538,-20.270163,1764.188110,-0.055325,0.000733,-0.000617,0.630147,0.623145,0.052839,83460.992188,0.986898,0.000000,0.000000,0.000000,0.000000,0.000000,0.000000,0.000000,0.000000,0.000000,-61.139336,5806.580566
8.125135,1.000000,-7123.932617,-7.820625,2464.961559,1766.052368,5793.124023,306.292999,305.166077,324.744321,-16.528740,0.634674,3.520465,-62.228054,-20.429495,-20.265602,1760.863525,-0.055449,0.000718,-0.000616,0.630813,0.623915,0.052561,83460.992188,0.986783,0.000000,0.000000,0.000000,0.000000,0.000000,0.000000,0.000000,0.000000,0.000000,-61.118103,5795.443359
8.181977,1.000000,-7114.466309,-7.790632,2461.425215,1762.517700,5781.536621,306.315460,305.184937,324.719436,-16.525768,0.631722,3.518328,-62.206036,-20.424299,-20.260931,1757.417969,-0.055560,0.000696,-0.000616,0.631472,0.624691,0.052216,83460.992188,0.986693,0.000000,0.000000,0.000000,0.000000,0.000000,0.000000,0.000000,0.000000,0.000000,-61.096397,5783.855957
8.235005,1.000000,-7105.628418,-7.762566,2458.127285,1759.221191,5770.721191,306.336182,305.202759,324.695974,-16.523016,0.628965,3.516331,-62.185497,-20.419466,-20.256615,1754.201294,-0.055660,0.000680,-0.000614,0.632096,0.625404,0.051838,83460.992188,0.986585,0.000000,0.000000,0.000000,0.000000,0.000000,0.000000,0.000000,0.000000,0.000000,-61.076168,5773.041016
8.288773,1.000000,-7096.619141,-7.733894,2454.784445,1755.879883,5759.699219,306.356812,305.220947,324.671712,-16.520247,0.626154,3.514319,-62.164589,-20.414566,-20.252264,1750.922119,-0.055757,0.000662,-0.000613,0.632734,0.626117,0.051429,83460.992188,0.986413,0.000000,0.000000,0.000000,0.000000,0.000000,0.000000,0.000000,0.000000,0.000000,-61.055702,5762.019043
8.339404,1.000000,-7088.143555,-7.706863,2451.637655,1752.734619,5749.332520,306.376068,305.237762,324.648636,-16.517660,0.623496,3.512428,-62.144966,-20.409985,-20.248211,1747.837280,-0.055849,0.000643,-0.000612,0.633322,0.626781,0.051051,83460.992188,0.986280,0.000000,0.000000,0.000000,0.000000,0.000000,0.000000,0.000000,0.000000,0.000000,-61.036469,5751.634277
8.396145,1.000000,-7078.675293,-7.676603,2448.112294,1749.210938,5737.754883,306.397186,305.256134,324.622564,-16.514786,0.620508,3.510307,-62.123089,-20.404896,-20.243732,1744.391113,-0.055955,0.000624,-0.000610,0.633965,0.627516,0.050598,83460.992188,0.986143,0.000000,0.000000,0.000000,0.000000,0.000000,0.000000,0.000000,0.000000,0.000000,-61.014961,5740.056641
8.451018,1.000000,-7069.520508,-7.647284,2444.704177,1745.804321,5726.563477,306.417450,305.273499,324.597056,-16.512033,0.617613,3.508264,-62.101963,-20.399999,-20.239458,1741.059082,-0.056060,0.000605,-0.000607,0.634573,0.628214,0.050109,83460.992188,0.986007,0.000000,0.000000,0.000000,0.000000,0.000000,0.000000,0.000000,0.000000,0.000000,-60.994194,5728.865723
8.501935,1.000000,-7061.022461,-7.620012,2441.542794,1742.644287,5716.177734,306.435883,305.289337,324.573090,-16.509501,0.614913,3.506374,-62.082409,-20.395487,-20.235523,1737.966064,-0.056151,0.000588,-0.000605,0.635127,0.628855,0.049671,83460.992188,0.985877,0.000000,0.000000,0.000000,0.000000,0.000000,0.000000,0.000000,0.000000,0.000000,-60.974979,5718.479492
8.558985,1.000000,-7051.664551,-7.589924,2438.001798,1739.104980,5704.743652,306.456268,305.307190,324.546366,-16.506685,0.611884,3.504267,-62.060917,-20.390548,-20.231245,1734.560059,-0.056273,0.000571,-0.000603,0.635751,0.629565,0.049164,83460.992188,0.985693,0.000000,0.000000,0.000000,0.000000,0.000000,0.000000,0.000000,0.000000,0.000000,-60.953499,5706.986328
8.609300,1.000000,-7043.190430,-7.562625,2434.879865,1735.984619,5694.392090,306.473938,305.322418,324.521925,-16.504230,0.609200,3.502407,-62.041492,-20.386100,-20.227409,1731.475708,-0.056356,0.000552,-0.000600,0.636284,0.630181,0.048690,83460.992188,0.985565,0.000000,0.000000,0.000000,0.000000,0.000000,0.000000,0.000000,0.000000,0.000000,-60.934593,5696.634766
8.665194,1.000000,-7033.770020,-7.532219,2431.412899,1732.519043,5682.887207,306.493317,305.339264,324.494400,-16.501535,0.606215,3.500340,-62.019955,-20.381192,-20.223194,1728.046997,-0.056447,0.000534,-0.000598,0.636874,0.630857,0.048160,83460.992188,0.985412,0.000000,0.000000,0.000000,0.000000,0.000000,0.000000,0.000000,0.000000,0.000000,-60.913647,5685.129883
8.719876,1.000000,-7024.642578,-7.502700,2428.022258,1729.129883,5671.743164,306.511963,305.355804,324.467528,-16.498920,0.603287,3.498330,-61.999146,-20.376464,-20.219151,1724.724854,-0.056541,0.000516,-0.000595,0.637453,0.631510,0.047634,83460.992188,0.985244,0.000000,0.000000,0.000000,0.000000,0.000000,0.000000,0.000000,0.000000,0.000000,-60.893223,5673.985840
8.772376,1.000000,-7015.947266,-7.474529,2424.767986,1725.877197,5661.129883,306.529633,305.370758,324.441574,-16.496439,0.600471,3.496397,-61.979366,-20.371993,-20.215353,1721.560059,-0.056641,0.000499,-0.000592,0.637977,0.632126,0.047091,83460.992188,0.985092,0.000000,0.000000,0.000000,0.000000,0.000000,0.000000,0.000000,0.000000,0.000000,-60.873650,5663.416992
8.823856,1.000000,-7007.413574,-7.446832,2421.577953,1722.688477,5650.715332,306.546783,305.386078,324.415977,-16.494034,0.597697,3.494499,-61.959995,-20.367624,-20.211655,1718.453979,-0.056734,0.000483,-0.000589,0.638512,0.632723,0.046554,83460.992188,0.984937,0.000000,0.000000,0.000000,0.000000,0.000000,0.000000,0.000000,0.000000,0.000000,-60.854507,5653.002441
8.874949,1.000000,-6998.843262,-7.418971,2418.412889,1719.524658,5640.259277,306.563507,305.401093,324.389935,-16.491673,0.594942,3.492625,-61.940601,-20.363273,-20.207989,1715.334717,-0.056820,0.000467,-0.000586,0.639038,0.633309,0.046018,83460.992188,0.984775,0.000000,0.000000,0.000000,0.000000,0.000000,0.000000,0.000000,0.000000,0.000000,-60.835571,5642.546387
8.931447,1.000000,-6989.500000,-7.388544,2414.914142,1716.027344,5628.863281,306.581665,305.417084,324.361253,-16.489094,0.591892,3.490556,-61.919525,-20.358565,-20.204041,1711.933960,-0.056928,0.000451,-0.000583,0.639598,0.633950,0.045436,83460.992188,0.984589,0.000000,0.000000,0.000000,0.000000,0.000000,0.000000,0.000000,0.000000,0.000000,-60.814705,5631.150391
8.984335,1.000000,-6980.660156,-7.359706,2411.640040,1712.754883,5618.083496,306.598358,305.432129,324.333906,-16.486713,0.589031,3.488610,-61.899628,-20.354135,-20.200340,1708.716553,-0.057015,0.000436,-0.000580,0.640125,0.634541,0.044856,83460.992188,0.984421,0.000000,0.000000,0.000000,0.000000,0.000000,0.000000,0.000000,0.000000,0.000000,-60.795216,5620.462891
9.035490,1.000000,-6972.177246,-7.331988,2408.474216,1709.590210,5607.741211,306.614349,305.446564,324.307449,-16.484440,0.586256,3.486736,-61.880608,-20.349918,-20.196833,1705.629028,-0.057107,0.000420,-0.000577,0.640629,0.635107,0.044304,83460.992188,0.984257,0.000000,0.000000,0.000000,0.000000,0.000000,0.000000,0.000000,0.000000,0.000000,-60.776436,5610.120605
9.087755,1.000000,-6963.454590,-7.303442,2405.240705,1706.358154,5597.109375,306.630402,305.460785,324.279923,-16.482145,0.583419,3.484821,-61.861095,-20.345612,-20.193262,1702.454224,-0.057192,0.000405,-0.000574,0.641127,0.635678,0.043733,83460.992188,0.984089,0.000000,0.000000,0.000000,0.000000,0.000000,0.000000,0.000000,0.000000,0.000000,-60.757301,5599.488770
9.145039,1.000000,-6953.941406,-7.272257,2401.697845,1702.816650,5585.516113,306.647827,305.476440,324.249640,-16.479660,0.580307,3.482735,-61.839901,-20.340956,-20.189409,1698.991699,-0.057284,0.000389,-0.000570,0.641675,0.636297,0.043123,83460.992188,0.983880,0.000000,0.000000,0.000000,0.000000,0.000000,0.000000,0.000000,0.000000,0.000000,-60.736420,5587.952148
9.200801,1.000000,-6944.585449,-7.241539,2398.250282,1699.370605,5574.117676,306.664490,305.491364,324.219564,-16.477272,0.577272,3.480711,-61.819122,-20.336413,-20.185671,1695.586426,-0.057371,0.000370,-0.000567,0.642198,0.636891,0.042532,83460.992188,0.983689,0.000000,0.000000,0.000000,0.000000,0.000000,0.000000,0.000000,0.000000,0.000000,-60.716160,5576.553711
9.256433,1.000000,-6935.306152,-7.211024,2394.811899,1695.933716,5562.815918,306.680847,305.506195,324.189547,-16.474920,0.574239,3.478687,-61.798588,-20.331939,-20.182016,1692.209106,-0.057470,0.000354,-0.000564,0.642717,0.637476,0.041935,83460.992188,0.983505,0.000000,0.000000,0.000000,0.000000,0.000000,0.000000,0.000000,0.000000,0.000000,-60.696022,5565.251953
9.312541,1.000000,-6925.986328,-7.180327,2391.345250,1692.468262,5551.466797,306.696991,305.520691,324.158997,-16.472582,0.571179,3.476662,-61.778038,-20.327491,-20.178379,1688.816895,-0.057558,0.000339,-0.000560,0.643224,0.638059,0.041331,83460.992188,0.983309,0.000000,0.000000,0.000000,0.000000,0.000000,0.000000,0.000000,0.000000,0.000000,-60.675793,5553.902832
9.368834,1.000000,-6916.726074,-7.149784,2387.868328,1688.992920,5540.193359,306.713104,305.534760,324.128328,-16.470274,0.568099,3.474631,-61.757690,-20.323108,-20.174816,1685.446411,-0.057656,0.000323,-0.000557,0.643716,0.638635,0.040731,83460.992188,0.983114,0.000000,0.000000,0.000000,0.000000,0.000000,0.000000,0.000000,0.000000,0.000000,-60.655571,5542.604004
9.419155,1.000000,-6908.265137,-7.121837,2384.761246,1685.886963,5529.894531,306.727264,305.547607,324.100120,-16.468235,0.565345,3.472819,-61.739162,-20.319134,-20.171589,1682.366943,-0.057724,0.000309,-0.000553,0.644166,0.639142,0.040187,83460.992188,0.982924,0.000000,0.000000,0.000000,0.000000,0.000000,0.000000,0.000000,0.000000,0.000000,-60.637558,5532.305176
9.469583,1.000000,-6899.850586,-7.094009,2381.648479,1682.775391,5519.654785,306.741058,305.560150,324.071824,-16.466223,0.562587,3.471008,-61.720814,-20.315217,-20.168421,1679.304321,-0.057799,0.000294,-0.000550,0.644605,0.639644,0.039658,83460.992188,0.982726,0.000000,0.000000,0.000000,0.000000,0.000000,0.000000,0.000000,0.000000,0.000000,-60.619587,5522.065430
9.526343,1.000000,-6890.480957,-7.062982,2378.145959,1679.274170,5508.255859,306.756348,305.574036,324.040087,-16.463982,0.559474,3.468985,-61.700459,-20.310891,-20.164938,1675.894043,-0.057894,0.000279,-0.000547,0.645091,0.640201,0.039067,83460.992188,0.982516,0.000000,0.000000,0.000000,0.000000,0.000000,0.000000,0.000000,0.000000,0.000000,-60.599442,5510.666504
9.581728,1.000000,-6881.141602,-7.032012,2374.729404,1675.859131,5496.895996,306.770996,305.587463,324.008202,-16.461836,0.556430,3.467011,-61.680264,-20.306621,-20.161507,1672.494751,-0.057969,0.000256,-0.000543,0.645561,0.640738,0.038498,83460.992188,0.982321,0.000000,0.000000,0.000000,0.000000,0.000000,0.000000,0.000000,0.000000,0.000000,-60.579872,5499.328125
9.636693,1.000000,-6872.010742,-7.001694,2371.339847,1672.470703,5485.791992,306.785309,305.600525,323.976761,-16.459742,0.553401,3.465055,-61.660595,-20.302484,-20.158192,1669.171387,-0.058052,0.000238,-0.000539,0.646018,0.641263,0.037948,83460.992188,0.982109,0.000000,0.000000,0.000000,0.000000,0.000000,0.000000,0.000000,0.000000,0.000000,-60.560543,5488.224121
9.692105,1.000000,-6862.879395,-6.971335,2367.923817,1669.055908,5474.690430,306.799683,305.613708,323.945173,-16.457663,0.550352,3.463085,-61.641010,-20.298379,-20.154919,1665.847900,-0.058143,0.000221,-0.000535,0.646480,0.641785,0.037390,83460.992188,0.981902,0.000000,0.000000,0.000000,0.000000,0.000000,0.000000,0.000000,0.000000,0.000000,-60.541134,5477.122559
9.745319,1.000000,-6853.918457,-6.941504,2364.644316,1665.777588,5463.797852,306.813202,305.626099,323.913821,-16.455694,0.547415,3.461205,-61.621880,-20.294397,-20.151741,1662.586304,-0.058208,0.000201,-0.000532,0.646914,0.642280,0.036864,83460.992188,0.981690,0.000000,0.000000,0.000000,0.000000,0.000000,0.000000,0.000000,0.000000,0.000000,-60.522583,5466.229980
9.800390,1.000000,-6844.785645,-6.911066,2361.251428,1662.385986,5452.698730,306.826965,305.638184,323.881610,-16.453680,0.544371,3.459280,-61.602455,-20.290375,-20.148544,1659.262329,-0.058287,0.000182,-0.000528,0.647337,0.642785,0.036327,83460.992188,0.981497,0.000000,0.000000,0.000000,0.000000,0.000000,0.000000,0.000000,0.000000,0.000000,-60.503468,5455.123047
9.855802,1.000000,-6835.591309,-6.880388,2357.838611,1658.974487,5441.527832,306.840637,305.650848,323.848924,-16.451689,0.541307,3.457344,-61.582981,-20.286363,-20.145369,1655.915771,-0.058366,0.000165,-0.000523,0.647780,0.643285,0.035790,83460.992188,0.981272,0.000000,0.000000,0.000000,0.000000,0.000000,0.000000,0.000000,0.000000,0.000000,-60.484322,5443.952148
9.912421,1.000000,-6826.358398,-6.849545,2354.352570,1655.489624,5430.312012,306.854279,305.663177,323.815882,-16.449684,0.538179,3.455377,-61.563515,-20.282374,-20.142218,1652.555298,-0.058455,0.000150,-0.000519,0.648211,0.643789,0.035254,83460.992188,0.981051,0.000000,0.000000,0.000000,0.000000,0.000000,0.000000,0.000000,0.000000,0.000000,-60.464848,5432.736328
9.962449,1.000000,-6817.903320,-6.821268,2351.273270,1652.411377,5420.042969,306.866119,305.674042,323.785390,-16.447933,0.535410,3.453656,-61.545776,-20.278760,-20.139357,1649.477905,-0.058504,0.000130,-0.000515,0.648592,0.644227,0.034784,83460.992188,0.980851,0.000000,0.000000,0.000000,0.000000,0.000000,0.000000,0.000000,0.000000,0.000000,-60.447727,5422.557129
10.014400,1.000000,-6809.407227,-6.792829,2348.076529,1649.215698,5409.726563,306.878235,305.684387,323.754514,-16.446144,0.532535,3.451874,-61.528027,-20.275164,-20.136530,1646.385620,-0.058583,0.000116,-0.000511,0.648953,0.644676,0.034308,83460.992188,0.980668,0.000000,0.000000,0.000000,0.000000,0.000000,0.000000,0.000000,0.000000,0.000000,-60.430027,5412.240723
10.065668,1.000000,-6800.737793,-6.763778,2344.922733,1646.063232,5399.201660,306.890015,305.695648,323.722836,-16.444399,0.529700,3.450128,-61.509987,-20.271525,-20.133665,1643.230225,-0.058634,0.000097,-0.000508,0.649348,0.645111,0.033848,83460.992188,0.980455,0.000000,0.000000,0.000000,0.000000,0.000000,0.000000,0.000000,0.000000,0.000000,-60.412636,5401.715332
10.115728,1.000000,-6792.400879,-6.735816,2341.844120,1642.985718,5389.082031,306.901337,305.706238,323.692167,-16.442722,0.526926,3.448436,-61.492722,-20.268062,-20.130947,1640.195801,-0.058696,0.000082,-0.000504,0.649719,0.645532,0.033424,83460.992188,0.980254,0.000000,0.000000,0.000000,0.000000,0.000000,0.000000,0.000000,0.000000,0.000000,-60.395744,5391.596191
10.167882,1.000000,-6783.743652,-6.706753,2338.637646,1639.780273,5378.576172,306.912964,305.716522,323.660044,-16.440989,0.524038,3.446700,-61.474884,-20.264508,-20.128160,1637.044800,-0.058759,0.000065,-0.000500,0.650079,0.645965,0.032994,83460.992188,0.980050,0.000000,0.000000,0.000000,0.000000,0.000000,0.000000,0.000000,0.000000,0.000000,-60.378231,5381.048828
10.222456,1.000000,-6774.622559,-6.676104,2335.283386,1636.427124,5367.509277,306.924835,305.728149,323.626083,-16.439205,0.521016,3.444883,-61.456173,-20.260795,-20.125261,1633.724976,-0.058826,0.000049,-0.000495,0.650485,0.646409,0.032557,83460.992188,0.979814,0.000000,0.000000,0.000000,0.000000,0.000000,0.000000,0.000000,0.000000,0.000000,-60.359993,5369.981934
10.279217,1.000000,-6765.242676,-6.644554,2331.795776,1632.940552,5356.130371,306.936981,305.739532,323.590846,-16.437382,0.517876,3.443010,-61.437035,-20.257025,-20.122311,1630.311035,-0.058893,0.000034,-0.000491,0.650884,0.646866,0.032134,83460.992188,0.979591,0.000000,0.000000,0.000000,0.000000,0.000000,0.000000,0.000000,0.000000,0.000000,-60.341129,5358.603516
10.334052,1.000000,-6756.052734,-6.613616,2328.427539,1629.573486,5344.984375,306.948456,305.750244,323.556113,-16.435635,0.514836,3.441222,-61.418377,-20.253370,-20.119463,1626.966187,-0.058956,0.000016,-0.000487,0.651259,0.647302,0.031734,83460.992188,0.979389,0.000000,0.000000,0.000000,0.000000,0.000000,0.000000,0.000000,0.000000,0.000000,-60.322998,5347.457520
10.390001,1.000000,-6746.788086,-6.582401,2324.991917,1626.139038,5333.750488,306.960022,305.760925,323.520906,-16.433886,0.511736,3.439406,-61.399651,-20.249721,-20.116627,1623.594116,-0.059026,0.000001,-0.000482,0.651633,0.647740,0.031334,83460.992188,0.979171,0.000000,0.000000,0.000000,0.000000,0.000000,0.000000,0.000000,0.000000,0.000000,-60.304588,5336.221191
10.440051,1.000000,-6738.548340,-6.554615,2321.919421,1623.067505,5323.760254,306.970154,305.770599,323.489377,-16.432331,0.508968,3.437805,-61.383072,-20.246510,-20.114126,1620.595093,-0.059081,-0.000009,-0.000478,0.651971,0.648126,0.030975,83460.992188,0.978989,0.000000,0.000000,0.000000,0.000000,0.000000,0.000000,0.000000,0.000000,0.000000,-60.288200,5326.230957
10.496595,1.000000,-6729.051270,-6.522565,2318.449270,1619.598389,5312.248535,306.981445,305.781738,323.452716,-16.430595,0.505838,3.436017,-61.364056,-20.242855,-20.111288,1617.138428,-0.059137,-0.000029,-0.000474,0.652361,0.648557,0.030588,83460.992188,0.978774,0.000000,0.000000,0.000000,0.000000,0.000000,0.000000,0.000000,0.000000,0.000000,-60.269772,5314.719238
10.552551,1.000000,-6719.750488,-6.491153,2315.016249,1616.166626,5300.976074,306.992493,305.792450,323.416589,-16.428902,0.502741,3.434269,-61.345528,-20.239316,-20.108540,1613.753174,-0.059194,-0.000045,-0.000470,0.652736,0.648978,0.030229,83460.992188,0.978549,0.000000,0.000000,0.000000,0.000000,0.000000,0.000000,0.000000,0.000000,0.000000,-60.251640,5303.447266
10.608366,1.000000,-6710.519043,-6.459954,2311.592907,1612.744385,5289.791016,307.003204,305.802734,323.380522,-16.427233,0.499651,3.432535,-61.327213,-20.235837,-20.105856,1610.393188,-0.059263,-0.000062,-0.000465,0.653096,0.649393,0.029877,83460.992188,0.978359,0.000000,0.000000,0.000000,0.000000,0.000000,0.000000,0.000000,0.000000,0.000000,-60.233627,5292.341797
10.658565,1.000000,-6702.185547,-6.431768,2308.514891,1609.667236,5279.694824,307.012726,305.812042,323.347806,-16.425745,0.496872,3.430999,-61.310757,-20.232728,-20.103451,1607.360107,-0.059312,-0.000077,-0.000461,0.653421,0.649762,0.029559,83460.992188,0.978170,0.000000,0.000000,0.000000,0.000000,0.000000,0.000000,0.000000,0.000000,0.000000,-60.217510,5282.245605
10.714259,1.000000,-6692.942383,-6.400486,2305.100904,1606.254150,5268.498535,307.023102,305.822418,323.311383,-16.424116,0.493788,3.429308,-61.292595,-20.229315,-20.100822,1603.995850,-0.059374,-0.000092,-0.000457,0.653785,0.650166,0.029218,83460.992188,0.977970,0.000000,0.000000,0.000000,0.000000,0.000000,0.000000,0.000000,0.000000,0.000000,-60.199718,5271.049805
10.769463,1.000000,-6683.753906,-6.369369,2301.717949,1602.872314,5257.371094,307.033325,305.832245,323.274870,-16.422520,0.490736,3.427650,-61.274620,-20.225962,-20.098238,1600.651489,-0.059427,-0.000110,-0.000453,0.654129,0.650561,0.028887,83460.992188,0.977774,0.000000,0.000000,0.000000,0.000000,0.000000,0.000000,0.000000,0.000000,0.000000,-60.182163,5259.907715
10.825780,1.000000,-6674.448730,-6.337836,2298.267805,1599.423096,5246.104004,307.043365,305.842255,323.237735,-16.420914,0.487620,3.425973,-61.256504,-20.222601,-20.095659,1597.264771,-0.059489,-0.000125,-0.000448,0.654479,0.650959,0.028551,83460.992188,0.977570,0.000000,0.000000,0.000000,0.000000,0.000000,0.000000,0.000000,0.000000,0.000000,-60.164349,5248.641113
10.876447,1.000000,-6666.049805,-6.309358,2295.164671,1596.320801,5235.936035,307.052277,305.850769,323.204011,-16.419481,0.484821,3.424492,-61.240238,-20.219605,-20.093359,1594.207764,-0.059538,-0.000139,-0.000444,0.654777,0.651311,0.028255,83460.992188,0.977381,0.000000,0.000000,0.000000,0.000000,0.000000,0.000000,0.000000,0.000000,0.000000,-60.148407,5238.473145
10.932732,1.000000,-6656.660156,-6.277504,2291.718423,1592.875732,5224.570801,307.061920,305.860565,323.166104,-16.417908,0.481712,3.422854,-61.222126,-20.216288,-20.090822,1590.790161,-0.059595,-0.000157,-0.000440,0.655120,0.651698,0.027940,83460.992188,0.977186,0.000000,0.000000,0.000000,0.000000,0.000000,0.000000,0.000000,0.000000,0.000000,-60.130775,5227.107910
10.989706,1.000000,-6647.245605,-6.245548,2288.231024,1589.389160,5213.177246,307.071472,305.869995,323.127901,-16.416328,0.478567,3.421223,-61.204048,-20.212998,-20.088310,1587.363525,-0.059652,-0.000176,-0.000435,0.655450,0.652081,0.027604,83460.992188,0.976977,0.000000,0.000000,0.000000,0.000000,0.000000,0.000000,0.000000,0.000000,0.000000,-60.113007,5215.740723
11.040379,1.000000,-6638.804688,-6.216882,2285.130173,1586.289307,5202.963867,307.079895,305.878693,323.093495,-16.414946,0.475773,3.419783,-61.187916,-20.210079,-20.086082,1584.291382,-0.059698,-0.000187,-0.000431,0.655754,0.652419,0.027324,83460.992188,0.976808,0.000000,0.000000,0.000000,0.000000,0.000000,0.000000,0.000000,0.000000,0.000000,-60.097290,5205.526855
11.091763,1.000000,-6630.252441,-6.187825,2281.986643,1583.146484,5192.616699,307.088318,305.887146,323.058495,-16.413555,0.472942,3.418337,-61.171638,-20.207149,-20.083849,1581.178589,-0.059744,-0.000201,-0.000427,0.656050,0.652758,0.027045,83460.992188,0.976632,0.000000,0.000000,0.000000,0.000000,0.000000,0.000000,0.000000,0.000000,0.000000,-60.081413,5195.180176
11.146719,1.000000,-6621.125000,-6.156802,2278.625506,1579.786377,5181.576660,307.097168,305.896088,323.020826,-16.412090,0.469919,3.416811,-61.154346,-20.204064,-20.081507,1577.856445,-0.059799,-0.000217,-0.000422,0.656363,0.653117,0.026758,83460.992188,0.976445,0.000000,0.000000,0.000000,0.000000,0.000000,0.000000,0.000000,0.000000,0.000000,-60.064518,5184.139648
11.201496,1.000000,-6612.062500,-6.125985,2275.276259,1576.438232,5170.615723,307.105652,305.904510,322.983246,-16.410641,0.466898,3.415316,-61.137253,-20.201034,-20.079199,1574.557983,-0.059846,-0.000234,-0.000418,0.656658,0.653469,0.026480,83460.992188,0.976270,0.000000,0.000000,0.000000,0.000000,0.000000,0.000000,0.000000,0.000000,0.000000,-60.047760,5173.129395
11.256458,1.000000,-6602.916504,-6.094873,2271.916640,1573.079346,5159.556641,307.114075,305.913361,322.945132,-16.409199,0.463873,3.413839,-61.120098,-20.198014,-20.076906,1571.229126,-0.059894,-0.000248,-0.000413,0.656968,0.653816,0.026218,83460.992188,0.976071,0.000000,0.000000,0.000000,0.000000,0.000000,0.000000,0.000000,0.000000,0.000000,-60.031044,5162.069824
11.312434,1.000000,-6593.761719,-6.063720,2268.496002,1569.659668,5148.488281,307.122498,305.921906,322.906781,-16.407751,0.460798,3.412346,-61.103001,-20.195025,-20.074638,1567.897095,-0.059947,-0.000262,-0.000409,0.657267,0.654165,0.025955,83460.992188,0.975879,0.000000,0.000000,0.000000,0.000000,0.000000,0.000000,0.000000,0.000000,0.000000,-60.014088,5151.001465
11.366200,1.000000,-6584.739746,-6.033010,2265.211326,1566.375854,5137.582520,307.130493,305.930054,322.868904,-16.406361,0.457839,3.410940,-61.086220,-20.192104,-20.072441,1564.613281,-0.060000,-0.000280,-0.000404,0.657552,0.654496,0.025700,83460.992188,0.975717,0.000000,0.000000,0.000000,0.000000,0.000000,0.000000,0.000000,0.000000,0.000000,-59.997879,5140.096191
11.421305,1.000000,-6575.599609,-6.001885,2261.845770,1563.010986,5126.535156,307.138428,305.938263,322.830286,-16.404959,0.454817,3.409511,-61.069298,-20.189182,-20.070227,1561.286621,-0.060040,-0.000296,-0.000400,0.657839,0.654829,0.025438,83460.992188,0.975536,0.000000,0.000000,0.000000,0.000000,0.000000,0.000000,0.000000,0.000000,0.000000,-59.981342,5129.060547
11.478190,1.000000,-6566.299316,-5.970208,2258.372475,1559.538818,5115.295898,307.146454,305.946533,322.790807,-16.403524,0.451698,3.408058,-61.052158,-20.186243,-20.068012,1557.901489,-0.060094,-0.000311,-0.000395,0.658128,0.655168,0.025173,83460.992188,0.975359,0.000000,0.000000,0.000000,0.000000,0.000000,0.000000,0.000000,0.000000,0.000000,-59.964359,5117.821777
11.533658,1.000000,-6556.982422,-5.938466,2254.986649,1556.153809,5104.039063,307.154083,305.954590,322.751121,-16.402151,0.448662,3.406644,-61.035065,-20.183328,-20.065823,1554.510498,-0.060138,-0.000328,-0.000390,0.658410,0.655493,0.024920,83460.992188,0.975179,0.000000,0.000000,0.000000,0.000000,0.000000,0.000000,0.000000,0.000000,0.000000,-59.947872,5106.564453
11.584670,1.000000,-6548.636719,-5.910026,2251.873646,1553.041748,5093.956543,307.161041,305.961517,322.715410,-16.400896,0.445871,3.405368,-61.019814,-20.180744,-20.063887,1551.472900,-0.060186,-0.000343,-0.000386,0.658653,0.655787,0.024680,83460.992188,0.975024,0.000000,0.000000,0.000000,0.000000,0.000000,0.000000,0.000000,0.000000,0.000000,-59.932781,5096.482422
11.638953,1.000000,-6539.631348,-5.879333,2248.561896,1549.731323,5083.079590,307.168335,305.968994,322.676703,-16.399572,0.442907,3.404025,-61.003429,-20.177988,-20.061827,1548.195190,-0.060233,-0.000359,-0.000381,0.658915,0.656094,0.024422,83460.992188,0.974862,0.000000,0.000000,0.000000,0.000000,0.000000,0.000000,0.000000,0.000000,0.000000,-59.916786,5085.699707
11.695989,1.000000,-6530.160645,-5.847049,2245.083140,1546.253662,5071.641113,307.175812,305.977295,322.635771,-16.398191,0.439790,3.402645,-60.986282,-20.175126,-20.059675,1544.748169,-0.060270,-0.000375,-0.000376,0.659206,0.656413,0.024176,83460.992188,0.974665,0.000000,0.000000,0.000000,0.000000,0.000000,0.000000,0.000000,0.000000,0.000000,-59.900070,5074.261230
11.752546,1.000000,-6520.777344,-5.815060,2241.634559,1542.806030,5060.310547,307.182983,305.984497,322.595017,-16.396843,0.436704,3.401289,-60.969364,-20.172323,-20.057585,1541.332886,-0.060317,-0.000395,-0.000371,0.659457,0.656725,0.023935,83460.992188,0.974516,0.000000,0.000000,0.000000,0.000000,0.000000,0.000000,0.000000,0.000000,0.000000,-59.883572,5062.931152
11.808169,1.000000,-6511.502441,-5.783437,2238.243858,1539.416504,5049.112305,307.189911,305.992126,322.554649,-16.395519,0.433676,3.399975,-60.952724,-20.169582,-20.055542,1537.957153,-0.060360,-0.000410,-0.000367,0.659725,0.657027,0.023704,83460.992188,0.974349,0.000000,0.000000,0.000000,0.000000,0.000000,0.000000,0.000000,0.000000,0.000000,-59.867428,5051.663086
11.864673,1.000000,-6502.179199,-5.751646,2234.800391,1535.973877,5037.857910,307.196747,305.999390,322.513776,-16.394196,0.430597,3.398666,-60.936073,-20.166866,-20.053518,1534.563721,-0.060404,-0.000426,-0.000362,0.659978,0.657328,0.023476,83460.992188,0.974176,0.000000,0.000000,0.000000,0.000000,0.000000,0.000000,0.000000,0.000000,0.000000,-59.851105,5040.408691
11.915582,1.000000,-6493.790039,-5.723038,2231.698703,1532.873291,5027.731445,307.202820,306.005127,322.476849,-16.393007,0.427832,3.397505,-60.921139,-20.164444,-20.051710,1531.510376,-0.060438,-0.000442,-0.000357,0.660179,0.657595,0.023279,83460.992188,0.974032,0.000000,0.000000,0.000000,0.000000,0.000000,0.000000,0.000000,0.000000,0.000000,-59.836449,5030.282227
11.971146,1.000000,-6484.555176,-5.691547,2228.314272,1529.489746,5016.586914,307.209290,306.012787,322.436125,-16.391729,0.424818,3.396241,-60.904770,-20.161803,-20.049755,1528.149170,-0.060483,-0.000458,-0.000352,0.660447,0.657882,0.023065,83460.992188,0.973861,0.000000,0.000000,0.000000,0.000000,0.000000,0.000000,0.000000,0.000000,0.000000,-59.820526,5019.137695
12.028275,1.000000,-6475.243652,-5.659796,2224.835458,1526.011963,5005.351074,307.215759,306.019684,322.394837,-16.390419,0.421722,3.394978,-60.888348,-20.159178,-20.047813,1524.760010,-0.060532,-0.000472,-0.000347,0.660689,0.658172,0.022840,83460.992188,0.973694,0.000000,0.000000,0.000000,0.000000,0.000000,0.000000,0.000000,0.000000,0.000000,-59.804241,5007.907715
12.083760,1.000000,-6465.897461,-5.627926,2221.457663,1522.635254,4994.074707,307.221771,306.026611,322.353253,-16.389158,0.418725,3.393768,-60.871933,-20.156572,-20.045879,1521.358276,-0.060561,-0.000491,-0.000342,0.660931,0.658449,0.022626,83460.992188,0.973538,0.000000,0.000000,0.000000,0.000000,0.000000,0.000000,0.000000,0.000000,0.000000,-59.788498,4996.631348
12.139939,1.000000,-6456.623047,-5.596305,2218.038528,1519.217041,4982.886719,307.227875,306.033630,322.311846,-16.387890,0.415695,3.392563,-60.855713,-20.154013,-20.043997,1517.982666,-0.060607,-0.000507,-0.000337,0.661177,0.658726,0.022417,83460.992188,0.973387,0.000000,0.000000,0.000000,0.000000,0.000000,0.000000,0.000000,0.000000,0.000000,-59.772625,4985.443359
12.195426,1.000000,-6447.487793,-5.565161,2214.662403,1515.841797,4971.868164,307.233673,306.040649,322.270914,-16.386650,0.412706,3.391386,-60.839806,-20.151522,-20.042160,1514.657715,-0.060647,-0.000522,-0.000332,0.661423,0.658996,0.022211,83460.992188,0.973236,0.000000,0.000000,0.000000,0.000000,0.000000,0.000000,0.000000,0.000000,0.000000,-59.757019,4974.424805
12.250611,1.000000,-6438.286621,-5.533793,2211.305531,1512.485718,4960.770996,307.239319,306.047302,322.229538,-16.385433,0.409737,3.390229,-60.823845,-20.149040,-20.040331,1511.308716,-0.060679,-0.000539,-0.000327,0.661655,0.659261,0.022003,83460.992188,0.973094,0.000000,0.000000,0.000000,0.000000,0.000000,0.000000,0.000000,0.000000,0.000000,-59.741570,4963.322754
12.306604,1.000000,-6429.012207,-5.502179,2207.900401,1509.081543,4949.587891,307.244934,306.054138,322.187657,-16.384207,0.406728,3.389080,-60.807827,-20.146568,-20.038517,1507.933105,-0.060716,-0.000555,-0.000322,0.661895,0.659527,0.021793,83460.992188,0.972942,0.000000,0.000000,0.000000,0.000000,0.000000,0.000000,0.000000,0.000000,0.000000,-59.725956,4952.139160
12.361483,1.000000,-6419.994629,-5.471447,2204.563883,1505.746094,4938.715820,307.250244,306.060425,322.146755,-16.383013,0.403780,3.387965,-60.792305,-20.144191,-20.036785,1504.651001,-0.060762,-0.000571,-0.000317,0.662115,0.659784,0.021598,83460.992188,0.972802,0.000000,0.000000,0.000000,0.000000,0.000000,0.000000,0.000000,0.000000,0.000000,-59.710709,4941.267090
12.416528,1.000000,-6410.776855,-5.440036,2201.218132,1502.401001,4927.603027,307.255493,306.066895,322.104814,-16.381830,0.400828,3.386863,-60.776505,-20.141787,-20.035023,1501.296021,-0.060789,-0.000592,-0.000312,0.662341,0.660038,0.021392,83460.992188,0.972653,0.000000,0.000000,0.000000,0.000000,0.000000,0.000000,0.000000,0.000000,0.000000,-59.695488,4930.217773
12.473451,1.000000,-6401.430664,-5.408195,2197.759135,1498.942871,4916.337402,307.260681,306.073151,322.062222,-16.380619,0.397778,3.385733,-60.760548,-20.139373,-20.033268,1497.894287,-0.060832,-0.000607,-0.000307,0.662560,0.660297,0.021184,83460.992188,0.972512,0.000000,0.000000,0.000000,0.000000,0.000000,0.000000,0.000000,0.000000,0.000000,-59.679810,4918.952148
12.529781,1.000000,-6392.174805,-5.376672,2194.337070,1495.521973,4905.182617,307.265717,306.079285,322.019777,-16.379431,0.394768,3.384636,-60.744797,-20.137012,-20.031557,1494.525391,-0.060874,-0.000622,-0.000302,0.662775,0.660550,0.020975,83460.992188,0.972378,0.000000,0.000000,0.000000,0.000000,0.000000,0.000000,0.000000,0.000000,0.000000,-59.664352,4907.797363
12.580440,1.000000,-6383.769043,-5.348051,2191.260281,1492.445801,4895.052734,307.270172,306.084808,321.981218,-16.378372,0.392069,3.383653,-60.730549,-20.134886,-20.030020,1491.465942,-0.060908,-0.000639,-0.000297,0.662968,0.660773,0.020782,83460.992188,0.972245,0.000000,0.000000,0.000000,0.000000,0.000000,0.000000,0.000000,0.000000,0.000000,-59.650505,4897.667480
12.636497,1.000000,-6374.438477,-5.316289,2187.856479,1489.042847,4883.810059,307.275055,306.090820,321.938210,-16.377211,0.389088,3.382595,-60.714794,-20.132555,-20.028334,1488.069946,-0.060940,-0.000655,-0.000292,0.663179,0.661017,0.020568,83460.992188,0.972109,0.000000,0.000000,0.000000,0.000000,0.000000,0.000000,0.000000,0.000000,0.000000,-59.635254,4886.394043
12.692747,1.000000,-6365.157715,-5.284709,2184.441837,1485.629150,4872.628906,307.279785,306.096863,321.895202,-16.376059,0.386099,3.381546,-60.699188,-20.130269,-20.026686,1484.692017,-0.060977,-0.000674,-0.000287,0.663390,0.661258,0.020366,83460.992188,0.971966,0.000000,0.000000,0.000000,0.000000,0.000000,0.000000,0.000000,0.000000,0.000000,-59.620010,4875.212891
12.749209,1.000000,-6355.822266,-5.252954,2181.015208,1482.203125,4861.383301,307.284332,306.102570,321.851868,-16.374914,0.383105,3.380499,-60.683544,-20.127990,-20.025043,1481.294189,-0.061011,-0.000687,-0.000282,0.663590,0.661496,0.020161,83460.992188,0.971826,0.000000,0.000000,0.000000,0.000000,0.000000,0.000000,0.000000,0.000000,0.000000,-59.604763,4863.966797
12.805910,1.000000,-6346.409668,-5.220949,2177.574962,1478.763794,4850.045898,307.288727,306.108337,321.808089,-16.373779,0.380103,3.379460,-60.667828,-20.125713,-20.023415,1477.868286,-0.061049,-0.000704,-0.000276,0.663792,0.661730,0.019956,83460.992188,0.971697,0.000000,0.000000,0.000000,0.000000,0.000000,0.000000,0.000000,0.000000,0.000000,-59.589516,4852.629883
12.862183,1.000000,-6337.220703,-5.189713,2174.161557,1475.351318,4838.979004,307.293091,306.113953,321.765170,-16.372660,0.377136,3.378449,-60.652554,-20.123521,-20.021839,1474.523804,-0.061079,-0.000717,-0.000271,0.663989,0.661960,0.019747,83460.992188,0.971571,0.000000,0.000000,0.000000,0.000000,0.000000,0.000000,0.000000,0.000000,0.000000,-59.574455,4841.590332
12.912500,1.000000,-6328.964355,-5.161661,2171.110167,1472.300537,4829.036621,307.296814,306.118683,321.726462,-16.371672,0.374490,3.377558,-60.638878,-20.121574,-20.020451,1471.518677,-0.061113,-0.000727,-0.000267,0.664153,0.662161,0.019570,83460.992188,0.971438,0.000000,0.000000,0.000000,0.000000,0.000000,0.000000,0.000000,0.000000,0.000000,-59.561035,4831.647949
12.968437,1.000000,-6319.581055,-5.129792,2167.718772,1468.909912,4817.738770,307.300720,306.124054,321.682416,-16.370594,0.371557,3.376563,-60.623390,-20.119380,-20.018892,1468.103394,-0.061146,-0.000743,-0.000262,0.664342,0.662382,0.019373,83460.992188,0.971319,0.000000,0.000000,0.000000,0.000000,0.000000,0.000000,0.000000,0.000000,0.000000,-59.546173,4820.350098
13.023770,1.000000,-6310.387695,-5.098583,2164.364834,1465.556641,4806.670898,307.304565,306.129456,321.639082,-16.369530,0.368661,3.375601,-60.608269,-20.117257,-20.017389,1464.757324,-0.061181,-0.000755,-0.000257,0.664531,0.662596,0.019179,83460.992188,0.971185,0.000000,0.000000,0.000000,0.000000,0.000000,0.000000,0.000000,0.000000,0.000000,-59.531528,4809.336426
13.079708,1.000000,-6301.345703,-5.067903,2160.975068,1462.167725,4795.786621,307.308319,306.134064,321.596311,-16.368464,0.365732,3.374654,-60.593460,-20.115196,-20.015926,1461.466309,-0.061216,-0.000767,-0.000252,0.664693,0.662809,0.018986,83460.992188,0.971058,0.000000,0.000000,0.000000,0.000000,0.000000,0.000000,0.000000,0.000000,0.000000,-59.516792,4798.452148
13.135810,1.000000,-6291.898438,-5.035864,2157.576212,1458.769531,4784.415039,307.311829,306.139130,321.551553,-16.367413,0.362806,3.373700,-60.578045,-20.113064,-20.014420,1458.027832,-0.061244,-0.000784,-0.000247,0.664869,0.663019,0.018789,83460.992188,0.970934,0.000000,0.000000,0.000000,0.000000,0.000000,0.000000,0.000000,0.000000,0.000000,-59.502068,4787.080566
13.190933,1.000000,-6282.823730,-5.005105,2154.237491,1455.431641,4773.493164,307.315277,306.144287,321.508486,-16.366386,0.359936,3.372779,-60.563290,-20.111035,-20.012987,1454.724854,-0.061273,-0.000796,-0.000242,0.665050,0.663222,0.018601,83460.992188,0.970811,0.000000,0.000000,0.000000,0.000000,0.000000,0.000000,0.000000,0.000000,0.000000,-59.487659,4776.158691
13.244042,1.000000,-6274.122559,-4.975627,2151.021527,1452.216187,4763.022461,307.318542,306.148926,321.467020,-16.365404,0.357178,3.371910,-60.549191,-20.109114,-20.011637,1451.557861,-0.061304,-0.000810,-0.000238,0.665212,0.663413,0.018418,83460.992188,0.970681,0.000000,0.000000,0.000000,0.000000,0.000000,0.000000,0.000000,0.000000,0.000000,-59.473831,4765.679199
13.294080,1.000000,-6265.826172,-4.947536,2147.992212,1449.187500,4753.039551,307.321472,306.152863,321.427364,-16.364492,0.354589,3.371100,-60.535797,-20.107304,-20.010365,1448.538208,-0.061328,-0.000823,-0.000234,0.665350,0.663590,0.018251,83460.992188,0.970585,0.000000,0.000000,0.000000,0.000000,0.000000,0.000000,0.000000,0.000000,0.000000,-59.460846,4755.696289
13.350510,1.000000,-6256.503906,-4.915992,2144.576721,1445.772705,4741.823730,307.324707,306.157654,321.382665,-16.363470,0.351673,3.370205,-60.520805,-20.105295,-20.008955,1445.145264,-0.061356,-0.000839,-0.000229,0.665518,0.663787,0.018069,83460.992188,0.970450,0.000000,0.000000,0.000000,0.000000,0.000000,0.000000,0.000000,0.000000,0.000000,-59.446266,4744.479980
13.405671,1.000000,-6247.352051,-4.885047,2141.238852,1442.435303,4730.813965,307.327881,306.162231,321.338678,-16.362482,0.348831,3.369335,-60.506138,-20.103344,-20.007597,1441.814209,-0.061389,-0.000852,-0.000224,0.665678,0.663976,0.017905,83460.992188,0.970331,0.000000,0.000000,0.000000,0.000000,0.000000,0.000000,0.000000,0.000000,0.000000,-59.432060,4733.470703
13.457299,1.000000,-6239.344238,-4.857985,2138.115499,1439.312744,4721.181152,307.330627,306.166016,321.300119,-16.361563,0.346176,3.368538,-60.493351,-20.101654,-20.006416,1438.899658,-0.061425,-0.000859,-0.000220,0.665811,0.664149,0.017747,83460.992188,0.970219,0.000000,0.000000,0.000000,0.000000,0.000000,0.000000,0.000000,0.000000,0.000000,-59.418823,4723.853516
13.514338,1.000000,-6229.547852,-4.824902,2134.665609,1435.863525,4709.398926,307.333557,306.170624,321.252810,-16.360563,0.343251,3.367665,-60.477753,-20.099609,-20.004997,1435.333984,-0.061446,-0.000881,-0.000215,0.665972,0.664337,0.017562,83460.992188,0.970104,0.000000,0.000000,0.000000,0.000000,0.000000,0.000000,0.000000,0.000000,0.000000,-59.404243,4712.070801
13.571078,1.000000,-6220.108398,-4.793046,2131.234649,1432.433350,4698.046387,307.336151,306.174835,321.207103,-16.359573,0.340343,3.366817,-60.462791,-20.097665,-20.003647,1431.898315,-0.061470,-0.000898,-0.000210,0.666119,0.664520,0.017387,83460.992188,0.969983,0.000000,0.000000,0.000000,0.000000,0.000000,0.000000,0.000000,0.000000,0.000000,-59.389809,4700.718262
13.625482,1.000000,-6211.160645,-4.762874,2127.945730,1429.145264,4687.286621,307.338806,306.178986,321.163680,-16.358635,0.337560,3.366012,-60.448654,-20.095841,-20.002392,1428.641602,-0.061503,-0.000911,-0.000205,0.666265,0.664693,0.017227,83460.992188,0.969867,0.000000,0.000000,0.000000,0.000000,0.000000,0.000000,0.000000,0.000000,0.000000,-59.376015,4689.958984
13.681484,1.000000,-6201.908691,-4.731697,2124.561010,1425.761230,4676.161621,307.341248,306.182922,321.118655,-16.357677,0.334708,3.365196,-60.434093,-20.093979,-20.001099,1425.274170,-0.061521,-0.000926,-0.000200,0.666403,0.664867,0.017059,83460.992188,0.969760,0.000000,0.000000,0.000000,0.000000,0.000000,0.000000,0.000000,0.000000,0.000000,-59.361874,4678.850098
13.736322,1.000000,-6192.840820,-4.701166,2121.247428,1422.448242,4665.260254,307.343597,306.186981,321.074490,-16.356750,0.331924,3.364407,-60.419865,-20.092169,-19.999865,1421.973755,-0.061557,-0.000938,-0.000196,0.666544,0.665034,0.016902,83460.992188,0.969648,0.000000,0.000000,0.000000,0.000000,0.000000,0.000000,0.000000,0.000000,0.000000,-59.348072,4667.948242
13.792260,1.000000,-6183.652832,-4.670254,2117.868179,1419.069824,4654.214844,307.345917,306.191101,321.029554,-16.355816,0.329091,3.363614,-60.405495,-20.090360,-19.998625,1418.629639,-0.061583,-0.000952,-0.000191,0.666689,0.665201,0.016729,83460.992188,0.969535,0.000000,0.000000,0.000000,0.000000,0.000000,0.000000,0.000000,0.000000,0.000000,-59.334045,4656.902832
13.848664,1.000000,-6174.367188,-4.639040,2114.461595,1415.664063,4643.053223,307.348114,306.195496,320.984084,-16.354883,0.326241,3.362817,-60.391014,-20.088546,-19.997391,1415.249878,-0.061613,-0.000966,-0.000186,0.666842,0.665368,0.016554,83460.992188,0.969420,0.000000,0.000000,0.000000,0.000000,0.000000,0.000000,0.000000,0.000000,0.000000,-59.319939,4645.755859
13.898936,1.000000,-6166.080078,-4.611204,2111.426047,1412.629150,4633.092285,307.349976,306.199097,320.943360,-16.354063,0.323709,3.362121,-60.378139,-20.086951,-19.996296,1412.233643,-0.061628,-0.000979,-0.000182,0.666968,0.665514,0.016400,83460.992188,0.969321,0.000000,0.000000,0.000000,0.000000,0.000000,0.000000,0.000000,0.000000,0.000000,-59.307423,4635.794922
13.954987,1.000000,-6156.837891,-4.580186,2108.042311,1409.245972,4621.984863,307.351990,306.203003,320.897831,-16.353153,0.320895,3.361358,-60.363823,-20.085190,-19.995102,1408.869751,-0.061655,-0.000991,-0.000177,0.667105,0.665676,0.016238,83460.992188,0.969224,0.000000,0.000000,0.000000,0.000000,0.000000,0.000000,0.000000,0.000000,0.000000,-59.293510,4624.687500
14.011022,1.000000,-6147.578613,-4.549140,2104.660339,1405.864868,4610.858398,307.353882,306.207184,320.852183,-16.352257,0.318089,3.360601,-60.349533,-20.083444,-19.993927,1405.499634,-0.061686,-0.001005,-0.000172,0.667252,0.665835,0.016079,83460.992188,0.969110,0.000000,0.000000,0.000000,0.000000,0.000000,0.000000,0.000000,0.000000,0.000000,-59.279659,4613.561035
14.067590,1.000000,-6138.302734,-4.518066,2101.247007,1402.452148,4599.712402,307.355774,306.210999,320.806328,-16.351362,0.315262,3.359848,-60.335270,-20.081717,-19.992758,1402.123535,-0.061707,-0.001019,-0.000167,0.667385,0.665993,0.015905,83460.992188,0.969010,0.000000,0.000000,0.000000,0.000000,0.000000,0.000000,0.000000,0.000000,0.000000,-59.265728,4602.354492
14.118933,1.000000,-6129.807617,-4.489632,2098.149654,1399.355347,4589.505371,307.357422,306.214386,320.764210,-16.350555,0.312705,3.359179,-60.322258,-20.080158,-19.991701,1399.031616,-0.061723,-0.001031,-0.000163,0.667504,0.666134,0.015770,83460.992188,0.968895,0.000000,0.000000,0.000000,0.000000,0.000000,0.000000,0.000000,0.000000,0.000000,-59.253136,4592.147461
14.175939,1.000000,-6120.467773,-4.458402,2094.711448,1395.917725,4578.285156,307.359009,306.218140,320.717820,-16.349667,0.309877,3.358451,-60.307991,-20.078460,-19.990566,1395.632080,-0.061753,-0.001045,-0.000158,0.667635,0.666289,0.015622,83460.992188,0.968805,0.000000,0.000000,0.000000,0.000000,0.000000,0.000000,0.000000,0.000000,0.000000,-59.239197,4580.927246
14.231830,1.000000,-6111.215332,-4.427495,2091.341282,1392.548340,4567.169922,307.360596,306.221771,320.671727,-16.348803,0.307110,3.357753,-60.293911,-20.076802,-19.989449,1392.264526,-0.061770,-0.001061,-0.000154,0.667762,0.666438,0.015480,83460.992188,0.968692,0.000000,0.000000,0.000000,0.000000,0.000000,0.000000,0.000000,0.000000,0.000000,-59.225582,4569.812012
14.288384,1.000000,-6101.948242,-4.396574,2087.931934,1389.139404,4556.038574,307.362122,306.225128,320.625368,-16.347937,0.304316,3.357057,-60.279842,-20.075162,-19.988352,1388.891602,-0.061794,-0.001076,-0.000149,0.667880,0.666585,0.015344,83460.992188,0.968596,0.000000,0.000000,0.000000,0.000000,0.000000,0.000000,0.000000,0.000000,0.000000,-59.211845,4558.739746
14.344835,1.000000,-6092.671875,-4.365655,2084.529590,1385.737793,4544.897461,307.363342,306.228577,320.578949,-16.347084,0.301537,3.356371,-60.265812,-20.073536,-19.987268,1385.515259,-0.061816,-0.001090,-0.000144,0.668000,0.666730,0.015208,83460.992188,0.968485,0.000000,0.000000,0.000000,0.000000,0.000000,0.000000,0.000000,0.000000,0.000000,-59.198193,4547.598633
14.400921,1.000000,-6083.358887,-4.334647,2081.150029,1382.358887,4533.712891,307.364532,306.232147,320.532292,-16.346237,0.298785,3.355703,-60.251774,-20.071922,-19.986197,1382.125610,-0.061838,-0.001105,-0.000139,0.668125,0.666870,0.015076,83460.992188,0.968399,0.000000,0.000000,0.000000,0.000000,0.000000,0.000000,0.000000,0.000000,0.000000,-59.184673,4536.414063
14.455791,1.000000,-6074.395996,-4.304838,2077.844493,1379.053833,4522.949707,307.365631,306.235138,320.487267,-16.345421,0.296094,3.355063,-60.238323,-20.070393,-19.985178,1378.863403,-0.061856,-0.001118,-0.000134,0.668230,0.667006,0.014953,83460.992188,0.968293,0.000000,0.000000,0.000000,0.000000,0.000000,0.000000,0.000000,0.000000,0.000000,-59.171505,4525.617188
14.511723,1.000000,-6065.147461,-4.274116,2074.475743,1375.685791,4511.844727,307.366608,306.238373,320.440700,-16.344595,0.293362,3.354420,-60.224468,-20.068828,-19.984150,1375.497192,-0.061881,-0.001134,-0.000129,0.668344,0.667141,0.014821,83460.992188,0.968198,0.000000,0.000000,0.000000,0.000000,0.000000,0.000000,0.000000,0.000000,0.000000,-59.158115,4514.512207
14.567319,1.000000,-6055.992188,-4.243741,2071.127994,1372.338379,4500.852539,307.367584,306.241486,320.394578,-16.343782,0.290652,3.353786,-60.210800,-20.067295,-19.983143,1372.164917,-0.061904,-0.001151,-0.000125,0.668453,0.667273,0.014695,83460.992188,0.968116,0.000000,0.000000,0.000000,0.000000,0.000000,0.000000,0.000000,0.000000,0.000000,-59.144848,4503.520020
14.622538,1.000000,-6046.924316,-4.213689,2067.803695,1369.014648,4489.966309,307.368561,306.244476,320.348811,-16.342981,0.287976,3.353161,-60.197289,-20.065789,-19.982159,1368.864502,-0.061927,-0.001163,-0.000120,0.668557,0.667401,0.014564,83460.992188,0.968023,0.000000,0.000000,0.000000,0.000000,0.000000,0.000000,0.000000,0.000000,0.000000,-59.131702,4492.633301
14.679181,1.000000,-6037.675293,-4.183075,2064.394445,1365.605957,4478.862793,307.369354,306.247406,320.302007,-16.342165,0.285241,3.352539,-60.183559,-20.064275,-19.981169,1365.498169,-0.061946,-0.001176,-0.000115,0.668660,0.667530,0.014417,83460.992188,0.967936,0.000000,0.000000,0.000000,0.000000,0.000000,0.000000,0.000000,0.000000,0.000000,-59.118275,4481.527344
14.734832,1.000000,-6028.462891,-4.152619,2061.045662,1362.257568,4467.804688,307.369904,306.250214,320.255291,-16.341366,0.282568,3.351946,-60.169926,-20.062785,-19.980196,1362.145142,-0.061962,-0.001190,-0.000110,0.668758,0.667653,0.014283,83460.992188,0.967835,0.000000,0.000000,0.000000,0.000000,0.000000,0.000000,0.000000,0.000000,0.000000,-59.105125,4470.468750
14.789561,1.000000,-6019.420410,-4.122764,2057.753093,1358.965576,4456.951660,307.370514,306.253082,320.209347,-16.340584,0.279950,3.351370,-60.156586,-20.061340,-19.979265,1358.853882,-0.061985,-0.001201,-0.000105,0.668858,0.667773,0.014153,83460.992188,0.967747,0.000000,0.000000,0.000000,0.000000,0.000000,0.000000,0.000000,0.000000,0.000000,-59.092232,4459.615723
14.841837,1.000000,-6011.447266,-4.096469,2054.608780,1355.821777,4447.382813,307.370941,306.255066,320.168800,-16.339853,0.277453,3.350822,-60.144859,-20.060079,-19.978451,1355.951904,-0.062013,-0.001204,-0.000101,0.668927,0.667884,0.014028,83460.992188,0.967673,0.000000,0.000000,0.000000,0.000000,0.000000,0.000000,0.000000,0.000000,0.000000,-59.079956,4450.046875
14.898878,1.000000,-6001.478027,-4.063631,2051.178612,1352.392090,4435.418945,307.371490,306.258026,320.118021,-16.339058,0.274739,3.350237,-60.130222,-20.058514,-19.977449,1352.323364,-0.062026,-0.001227,-0.000096,0.669031,0.668001,0.013877,83460.992188,0.967584,0.000000,0.000000,0.000000,0.000000,0.000000,0.000000,0.000000,0.000000,0.000000,-59.066601,4438.063965
14.949249,1.000000,-5993.204590,-4.036414,2048.150195,1349.363892,4425.490723,307.371796,306.260284,320.075755,-16.338367,0.272347,3.349726,-60.118130,-20.057239,-19.976627,1349.312134,-0.062039,-0.001240,-0.000092,0.669110,0.668104,0.013759,83460.992188,0.967498,0.000000,0.000000,0.000000,0.000000,0.000000,0.000000,0.000000,0.000000,0.000000,-59.054852,4428.135742
15.004676,1.000000,-5984.054688,-4.006353,2044.818508,1346.032715,4414.511719,307.372040,306.262390,320.028920,-16.337603,0.269725,3.349184,-60.104786,-20.055842,-19.975729,1345.981812,-0.062050,-0.001254,-0.000087,0.669184,0.668212,0.013626,83460.992188,0.967415,0.000000,0.000000,0.000000,0.000000,0.000000,0.000000,0.000000,0.000000,0.000000,-59.041958,4417.156738
15.055887,1.000000,-5975.625977,-3.978699,2041.740893,1342.955444,4404.398926,307.372284,306.264954,319.985794,-16.336912,0.267311,3.348684,-60.092541,-20.054569,-19.974920,1342.914063,-0.062069,-0.001264,-0.000083,0.669274,0.668312,0.013518,83460.992188,0.967321,0.000000,0.000000,0.000000,0.000000,0.000000,0.000000,0.000000,0.000000,0.000000,-59.030094,4407.117188
15.112296,1.000000,-5966.332520,-3.948249,2038.351617,1339.566528,4393.249512,307.372406,306.267517,319.938129,-16.336149,0.264655,3.348144,-60.079060,-20.053178,-19.974043,1339.531494,-0.062091,-0.001279,-0.000078,0.669364,0.668419,0.013387,83460.992188,0.967252,0.000000,0.000000,0.000000,0.000000,0.000000,0.000000,0.000000,0.000000,0.000000,-59.017048,4395.967773
15.163184,1.000000,-5958.116699,-3.921364,2035.294715,1336.510010,4383.393066,307.372528,306.269409,319.895951,-16.335464,0.262268,3.347664,-60.067173,-20.051959,-19.973272,1336.541138,-0.062108,-0.001288,-0.000074,0.669430,0.668513,0.013267,83460.992188,0.967178,0.000000,0.000000,0.000000,0.000000,0.000000,0.000000,0.000000,0.000000,0.000000,-59.005314,4386.111816
15.218346,1.000000,-5948.982422,-3.891514,2031.981761,1333.197510,4372.436035,307.372559,306.271942,319.848999,-16.334740,0.259687,3.347148,-60.054005,-20.050622,-19.972431,1333.216553,-0.062124,-0.001302,-0.000069,0.669518,0.668613,0.013140,83460.992188,0.967096,0.000000,0.000000,0.000000,0.000000,0.000000,0.000000,0.000000,0.000000,0.000000,-58.992641,4375.154297
15.273968,1.000000,-5939.841797,-3.861686,2028.641909,1329.858154,4361.472168,307.372559,306.273895,319.801868,-16.334015,0.257099,3.346635,-60.040852,-20.049299,-19.971603,1329.889648,-0.062141,-0.001316,-0.000064,0.669587,0.668713,0.013012,83460.992188,0.967006,0.000000,0.000000,0.000000,0.000000,0.000000,0.000000,0.000000,0.000000,0.000000,-58.979893,4364.128418
15.329750,1.000000,-5930.716309,-3.831952,2025.293183,1326.509644,4350.527344,307.372437,306.276215,319.754737,-16.333286,0.254507,3.346137,-60.027756,-20.047994,-19.970791,1326.568237,-0.062159,-0.001330,-0.000060,0.669668,0.668809,0.012885,83460.992188,0.966916,0.000000,0.000000,0.000000,0.000000,0.000000,0.000000,0.000000,0.000000,0.000000,-58.967140,4353.183594
15.386660,1.000000,-5921.315430,-3.801368,2021.877494,1323.094238,4339.252930,307.372253,306.277985,319.706064,-16.332560,0.251873,3.345631,-60.014305,-20.046668,-19.969963,1323.146606,-0.062171,-0.001345,-0.000055,0.669729,0.668904,0.012756,83460.992188,0.966841,0.000000,0.000000,0.000000,0.000000,0.000000,0.000000,0.000000,0.000000,0.000000,-58.954174,4341.909180
15.443096,1.000000,-5912.054199,-3.771286,2018.491004,1319.708130,4328.146973,307.371948,306.280029,319.658073,-16.331841,0.249273,3.345150,-60.001106,-20.045379,-19.969170,1319.775757,-0.062191,-0.001358,-0.000050,0.669801,0.668996,0.012641,83460.992188,0.966754,0.000000,0.000000,0.000000,0.000000,0.000000,0.000000,0.000000,0.000000,0.000000,-58.941372,4330.803223
15.499491,1.000000,-5902.808105,-3.741302,2015.107717,1316.325195,4317.059570,307.371521,306.282318,319.610052,-16.331131,0.246680,3.344677,-59.987968,-20.044111,-19.968386,1316.410522,-0.062207,-0.001373,-0.000045,0.669881,0.669086,0.012538,83460.992188,0.966666,0.000000,0.000000,0.000000,0.000000,0.000000,0.000000,0.000000,0.000000,0.000000,-58.928623,4319.791504
15.555709,1.000000,-5893.511719,-3.711202,2011.735786,1312.953613,4305.913086,307.370911,306.284332,319.561675,-16.330429,0.244103,3.344213,-59.974792,-20.042851,-19.967611,1313.026855,-0.062223,-0.001389,-0.000040,0.669952,0.669174,0.012443,83460.992188,0.966591,0.000000,0.000000,0.000000,0.000000,0.000000,0.000000,0.000000,0.000000,0.000000,-58.915943,4308.645020
15.606622,1.000000,-5885.223145,-3.684405,2008.682680,1309.900879,4295.975098,307.370483,306.286255,319.518519,-16.329800,0.241780,3.343793,-59.963066,-20.041735,-19.966925,1310.010132,-0.062236,-0.001402,-0.000036,0.670019,0.669252,0.012354,83460.992188,0.966532,0.000000,0.000000,0.000000,0.000000,0.000000,0.000000,0.000000,0.000000,0.000000,-58.904488,4298.707031
15.658320,1.000000,-5876.802246,-3.657220,2005.583115,1306.801514,4285.879395,307.369812,306.287994,319.474710,-16.329161,0.239431,3.343380,-59.951199,-20.040614,-19.966240,1306.945190,-0.062250,-0.001409,-0.000031,0.670080,0.669330,0.012255,83460.992188,0.966470,0.000000,0.000000,0.000000,0.000000,0.000000,0.000000,0.000000,0.000000,0.000000,-58.892895,4288.610840
15.711948,1.000000,-5867.995605,-3.628833,2002.368490,1303.587158,4275.321777,307.369141,306.289368,319.428766,-16.328510,0.237006,3.342952,-59.938801,-20.039452,-19.965538,1303.739746,-0.062268,-0.001422,-0.000027,0.670128,0.669410,0.012156,83460.992188,0.966396,0.000000,0.000000,0.000000,0.000000,0.000000,0.000000,0.000000,0.000000,0.000000,-58.880890,4278.048828
15.763936,1.000000,-5859.461426,-3.601368,1999.252803,1300.471680,4265.091797,307.368347,306.291992,319.384156,-16.327885,0.234664,3.342542,-59.926819,-20.038340,-19.964874,1300.633545,-0.062288,-0.001433,-0.000022,0.670220,0.669486,0.012053,83460.992188,0.966321,0.000000,0.000000,0.000000,0.000000,0.000000,0.000000,0.000000,0.000000,0.000000,-58.869286,4267.818848
15.815192,1.000000,-5851.157715,-3.574684,1996.181593,1297.400635,4255.138184,307.367645,306.293640,319.340733,-16.327272,0.232356,3.342148,-59.915192,-20.037269,-19.964228,1297.611328,-0.062300,-0.001442,-0.000018,0.670278,0.669560,0.011954,83460.992188,0.966255,0.000000,0.000000,0.000000,0.000000,0.000000,0.000000,0.000000,0.000000,0.000000,-58.857876,4257.865234
15.866181,1.000000,-5842.844238,-3.548011,1993.126980,1294.346191,4245.173340,307.366852,306.295380,319.297161,-16.326664,0.230073,3.341766,-59.903568,-20.036207,-19.963591,1294.585449,-0.062313,-0.001452,-0.000013,0.670338,0.669632,0.011856,83460.992188,0.966187,0.000000,0.000000,0.000000,0.000000,0.000000,0.000000,0.000000,0.000000,0.000000,-58.846554,4247.919922
15.917072,1.000000,-5834.381348,-3.520903,1990.078831,1291.298340,4235.030762,307.365967,306.297089,319.252848,-16.326063,0.227802,3.341387,-59.891773,-20.035135,-19.962961,1291.505249,-0.062332,-0.001463,-0.000008,0.670398,0.669703,0.011755,83460.992188,0.966132,0.000000,0.000000,0.000000,0.000000,0.000000,0.000000,0.000000,0.000000,0.000000,-58.835281,4237.777344
15.975281,1.000000,-5825.947754,-3.493929,1986.593095,1287.812744,4224.922852,307.364929,306.298553,319.208505,-16.325386,0.225213,3.340963,-59.880051,-20.034087,-19.962328,1288.435669,-0.062350,-0.001462,-0.000004,0.670449,0.669782,0.011648,83460.992188,0.966046,0.000000,0.000000,0.000000,0.000000,0.000000,0.000000,0.000000,0.000000,0.000000,-58.822433,4227.669434
16.033168,1.000000,-5815.493164,-3.460557,1983.127400,1284.347290,4212.394531,307.363892,306.300537,319.153544,-16.324717,0.222652,3.340551,-59.865555,-20.032798,-19.961575,1284.630493,-0.062359,-0.001485,0.000001,0.670518,0.669857,0.011536,83460.992188,0.965986,0.000000,0.000000,0.000000,0.000000,0.000000,0.000000,0.000000,0.000000,0.000000,-58.809689,4215.141113
16.089712,1.000000,-5806.021973,-3.430382,1979.742843,1280.962891,4201.044922,307.362610,306.301849,319.103654,-16.324072,0.220155,3.340156,-59.852459,-20.031646,-19.960897,1281.183228,-0.062370,-0.001499,0.000005,0.670565,0.669931,0.011437,83460.992188,0.965913,0.000000,0.000000,0.000000,0.000000,0.000000,0.000000,0.000000,0.000000,0.000000,-58.797283,4203.728027
16.146660,1.000000,-5796.704590,-3.400753,1976.334835,1277.555054,4189.880859,307.361389,306.303741,319.054536,-16.323425,0.217649,3.339765,-59.839611,-20.030526,-19.960247,1277.791992,-0.062387,-0.001514,0.000010,0.670631,0.670003,0.011333,83460.992188,0.965843,0.000000,0.000000,0.000000,0.000000,0.000000,0.000000,0.000000,0.000000,0.000000,-58.784817,4192.563965
16.203260,1.000000,-5787.416016,-3.371268,1972.948378,1274.168701,4178.751465,307.360352,306.305237,319.005567,-16.322794,0.215164,3.339378,-59.826847,-20.029423,-19.959602,1274.411255,-0.062398,-0.001528,0.000014,0.670683,0.670072,0.011235,83460.992188,0.965778,0.000000,0.000000,0.000000,0.000000,0.000000,0.000000,0.000000,0.000000,0.000000,-58.772472,4181.434570
16.259294,1.000000,-5778.190430,-3.342038,1969.596495,1270.816895,4167.698242,307.359039,306.306610,318.956804,-16.322172,0.212713,3.339006,-59.814182,-20.028338,-19.958981,1271.053345,-0.062415,-0.001543,0.000019,0.670732,0.670139,0.011132,83460.992188,0.965714,0.000000,0.000000,0.000000,0.000000,0.000000,0.000000,0.000000,0.000000,0.000000,-58.760273,4170.381836
16.315303,1.000000,-5769.158203,-3.313474,1966.246811,1267.467407,4156.877441,307.357635,306.308167,318.909051,-16.321550,0.210272,3.338645,-59.801815,-20.027287,-19.958376,1267.765869,-0.062429,-0.001555,0.000023,0.670786,0.670205,0.011030,83460.992188,0.965639,0.000000,0.000000,0.000000,0.000000,0.000000,0.000000,0.000000,0.000000,0.000000,-58.748108,4159.652832
16.365663,1.000000,-5760.943359,-3.287542,1963.235573,1264.456299,4147.036621,307.356354,306.309143,318.865568,-16.320997,0.208087,3.338323,-59.790596,-20.026341,-19.957842,1264.776001,-0.062446,-0.001566,0.000027,0.670820,0.670262,0.010936,83460.992188,0.965590,0.000000,0.000000,0.000000,0.000000,0.000000,0.000000,0.000000,0.000000,0.000000,-58.737198,4149.812500
16.420847,1.000000,-5751.785645,-3.258685,1959.936536,1261.157349,4136.066406,307.354919,306.310547,318.816984,-16.320404,0.205700,3.337971,-59.778103,-20.025298,-19.957251,1261.442871,-0.062459,-0.001582,0.000032,0.670869,0.670323,0.010834,83460.992188,0.965524,0.000000,0.000000,0.000000,0.000000,0.000000,0.000000,0.000000,0.000000,0.000000,-58.725266,4138.842285
16.470894,1.000000,-5743.626465,-3.233023,1956.945191,1258.166016,4126.293457,307.353516,306.311005,318.773709,-16.319859,0.203543,3.337668,-59.767006,-20.024378,-19.956734,1258.473145,-0.062471,-0.001594,0.000036,0.670885,0.670376,0.010732,83460.992188,0.965477,0.000000,0.000000,0.000000,0.000000,0.000000,0.000000,0.000000,0.000000,0.000000,-58.714478,4129.068848
16.527238,1.000000,-5734.343750,-3.203880,1953.578134,1254.799072,4115.174316,307.351776,306.312714,318.724383,-16.319262,0.201126,3.337324,-59.754414,-20.023347,-19.956148,1255.094482,-0.062478,-0.001608,0.000041,0.670945,0.670434,0.010630,83460.992188,0.965391,0.000000,0.000000,0.000000,0.000000,0.000000,0.000000,0.000000,0.000000,0.000000,-58.702370,4117.903809
16.584535,1.000000,-5725.097168,-3.174912,1950.154849,1251.375977,4104.100098,307.350037,306.313873,318.675146,-16.318659,0.198681,3.336987,-59.741909,-20.022337,-19.955589,1251.729004,-0.062495,-0.001618,0.000046,0.670986,0.670491,0.010524,83460.992188,0.965334,0.000000,0.000000,0.000000,0.000000,0.000000,0.000000,0.000000,0.000000,0.000000,-58.690094,4106.829590
16.641008,1.000000,-5715.745117,-3.145673,1946.781505,1248.002563,4092.899902,307.348389,306.314484,318.625316,-16.318073,0.196279,3.336660,-59.729301,-20.021329,-19.955027,1248.325073,-0.062504,-0.001631,0.000050,0.671007,0.670545,0.010439,83460.992188,0.965264,0.000000,0.000000,0.000000,0.000000,0.000000,0.000000,0.000000,0.000000,0.000000,-58.678032,4095.629150
16.697588,1.000000,-5706.512695,-3.116866,1943.402473,1244.623535,4081.843262,307.346588,306.315796,318.576079,-16.317486,0.193885,3.336343,-59.716885,-20.020345,-19.954479,1244.964844,-0.062514,-0.001642,0.000055,0.671052,0.670597,0.010352,83460.992188,0.965208,0.000000,0.000000,0.000000,0.000000,0.000000,0.000000,0.000000,0.000000,0.000000,-58.665981,4084.677979
16.754304,1.000000,-5697.178223,-3.087802,1940.016025,1241.237061,4070.665283,307.344696,306.316620,318.526279,-16.316908,0.191495,3.336025,-59.704353,-20.019359,-19.953939,1241.567383,-0.062527,-0.001656,0.000060,0.671082,0.670648,0.010261,83460.992188,0.965146,0.000000,0.000000,0.000000,0.000000,0.000000,0.000000,0.000000,0.000000,0.000000,-58.653923,4073.500244
16.811248,1.000000,-5687.900391,-3.058974,1936.616673,1237.837891,4059.555664,307.342865,306.317413,318.476686,-16.316332,0.189104,3.335719,-59.691921,-20.018390,-19.953413,1238.190430,-0.062542,-0.001667,0.000064,0.671109,0.670696,0.010173,83460.992188,0.965073,0.000000,0.000000,0.000000,0.000000,0.000000,0.000000,0.000000,0.000000,0.000000,-58.641853,4062.390625
16.862791,1.000000,-5679.523438,-3.032997,1933.540354,1234.761475,4049.525146,307.341095,306.318115,318.431780,-16.315811,0.186953,3.335446,-59.680721,-20.017531,-19.952942,1235.141479,-0.062547,-0.001676,0.000069,0.671134,0.670738,0.010089,83460.992188,0.965032,0.000000,0.000000,0.000000,0.000000,0.000000,0.000000,0.000000,0.000000,0.000000,-58.630943,4052.359863
16.912886,1.000000,-5671.267090,-3.007444,1930.551014,1231.772217,4039.639648,307.339294,306.319031,318.387526,-16.315310,0.184872,3.335187,-59.669701,-20.016689,-19.952486,1232.136475,-0.062557,-0.001686,0.000073,0.671166,0.670776,0.010019,83460.992188,0.964967,0.000000,0.000000,0.000000,0.000000,0.000000,0.000000,0.000000,0.000000,0.000000,-58.620369,4042.478760
16.968771,1.000000,-5662.130859,-2.979227,1927.216809,1228.437866,4028.701172,307.337158,306.319580,318.338527,-16.314766,0.182554,3.334893,-59.657539,-20.015769,-19.951994,1228.811157,-0.062569,-0.001699,0.000077,0.671186,0.670818,0.009931,83460.992188,0.964907,0.000000,0.000000,0.000000,0.000000,0.000000,0.000000,0.000000,0.000000,0.000000,-58.608601,4031.540527
17.020759,1.000000,-5653.763184,-2.953437,1924.115717,1225.336670,4018.683350,307.335205,306.319916,318.293650,-16.314247,0.180407,3.334644,-59.646427,-20.014934,-19.951551,1225.765503,-0.062582,-0.001708,0.000081,0.671197,0.670855,0.009846,83460.992188,0.964866,0.000000,0.000000,0.000000,0.000000,0.000000,0.000000,0.000000,0.000000,0.000000,-58.597687,4021.522705
17.072429,1.000000,-5645.156738,-2.926963,1921.034175,1222.255127,4008.379883,307.333221,306.320679,318.247498,-16.313740,0.178287,3.334389,-59.635017,-20.014081,-19.951099,1222.633057,-0.062590,-0.001720,0.000085,0.671224,0.670890,0.009754,83460.992188,0.964815,0.000000,0.000000,0.000000,0.000000,0.000000,0.000000,0.000000,0.000000,0.000000,-58.586853,4011.219238
17.127815,1.000000,-5636.037109,-2.898972,1917.731653,1218.952637,3997.463135,307.330994,306.321472,318.198439,-16.313211,0.176017,3.334119,-59.622963,-20.013197,-19.950638,1219.313843,-0.062602,-0.001733,0.000090,0.671251,0.670926,0.009666,83460.992188,0.964749,0.000000,0.000000,0.000000,0.000000,0.000000,0.000000,0.000000,0.000000,0.000000,-58.575279,4000.207031
17.184156,1.000000,-5626.917969,-2.871042,1914.372868,1215.593750,3986.547119,307.328735,306.322357,318.149410,-16.312681,0.173719,3.333843,-59.610920,-20.012314,-19.950176,1215.994751,-0.062613,-0.001745,0.000094,0.671283,0.670962,0.009575,83460.992188,0.964688,0.000000,0.000000,0.000000,0.000000,0.000000,0.000000,0.000000,0.000000,0.000000,-58.563522,3989.291016
17.239300,1.000000,-5617.875977,-2.843409,1911.086103,1212.306763,3975.723633,307.326294,306.322876,318.100648,-16.312160,0.171480,3.333593,-59.599014,-20.011458,-19.949726,1212.703735,-0.062617,-0.001758,0.000099,0.671300,0.670996,0.009489,83460.992188,0.964640,0.000000,0.000000,0.000000,0.000000,0.000000,0.000000,0.000000,0.000000,0.000000,-58.552052,3978.467529
17.293973,1.000000,-5608.914063,-2.816082,1907.828056,1209.048584,3964.996826,307.323944,306.323883,318.052360,-16.311649,0.169271,3.333343,-59.587234,-20.010613,-19.949293,1209.441772,-0.062628,-0.001769,0.000103,0.671336,0.671030,0.009398,83460.992188,0.964587,0.000000,0.000000,0.000000,0.000000,0.000000,0.000000,0.000000,0.000000,0.000000,-58.540703,3967.783936
17.348282,1.000000,-5600.072266,-2.789183,1904.592335,1205.812744,3954.414795,307.321686,306.324646,318.004547,-16.311144,0.167082,3.333107,-59.575649,-20.009801,-19.948881,1206.223633,-0.062640,-0.001782,0.000108,0.671363,0.671063,0.009318,83460.992188,0.964529,0.000000,0.000000,0.000000,0.000000,0.000000,0.000000,0.000000,0.000000,0.000000,-58.529457,3957.202148
17.398648,1.000000,-5592.003418,-2.764688,1901.592101,1202.812500,3944.757813,307.319611,306.325012,317.961035,-16.310678,0.165065,3.332895,-59.565086,-20.009055,-19.948503,1203.286865,-0.062652,-0.001789,0.000112,0.671376,0.671092,0.009243,83460.992188,0.964487,0.000000,0.000000,0.000000,0.000000,0.000000,0.000000,0.000000,0.000000,0.000000,-58.519051,3947.544922
17.454315,1.000000,-5582.732910,-2.736606,1898.276723,1199.496948,3933.663086,307.317108,306.325867,317.910908,-16.310167,0.162841,3.332665,-59.552994,-20.008220,-19.948078,1199.912598,-0.062657,-0.001805,0.000116,0.671406,0.671123,0.009163,83460.992188,0.964439,0.000000,0.000000,0.000000,0.000000,0.000000,0.000000,0.000000,0.000000,0.000000,-58.507587,3936.450195
17.510444,1.000000,-5573.663086,-2.709196,1894.934498,1196.154541,3922.809082,307.314575,306.326294,317.861909,-16.309656,0.160616,3.332428,-59.541161,-20.007398,-19.947670,1196.611450,-0.062670,-0.001814,0.000121,0.671420,0.671154,0.009072,83460.992188,0.964399,0.000000,0.000000,0.000000,0.000000,0.000000,0.000000,0.000000,0.000000,0.000000,-58.496029,3925.599121
17.566876,1.000000,-5564.545898,-2.681707,1891.574906,1192.794922,3911.898682,307.311859,306.327087,317.812553,-16.309145,0.158391,3.332200,-59.529297,-20.006588,-19.947268,1193.293091,-0.062679,-0.001822,0.000125,0.671448,0.671184,0.008971,83460.992188,0.964345,0.000000,0.000000,0.000000,0.000000,0.000000,0.000000,0.000000,0.000000,0.000000,-58.484440,3914.688721
17.617057,1.000000,-5556.299316,-2.656901,1888.588025,1189.807739,3902.031250,307.309540,306.327576,317.767944,-16.308691,0.156424,3.332007,-59.518589,-20.005860,-19.946918,1190.291626,-0.062694,-0.001832,0.000129,0.671465,0.671209,0.008882,83460.992188,0.964303,0.000000,0.000000,0.000000,0.000000,0.000000,0.000000,0.000000,0.000000,0.000000,-58.474163,3904.821289
17.673548,1.000000,-5546.990234,-2.628962,1885.226197,1186.445801,3890.891846,307.306915,306.327728,317.717461,-16.308186,0.154220,3.331796,-59.506519,-20.005051,-19.946518,1186.903320,-0.062697,-0.001843,0.000134,0.671471,0.671237,0.008782,83460.992188,0.964251,0.000000,0.000000,0.000000,0.000000,0.000000,0.000000,0.000000,0.000000,0.000000,-58.462608,3893.681885
17.728213,1.000000,-5538.089355,-2.602315,1881.973676,1183.192993,3880.241699,307.304199,306.328491,317.669084,-16.307707,0.152095,3.331591,-59.495003,-20.004291,-19.946150,1183.663696,-0.062705,-0.001851,0.000138,0.671497,0.671263,0.008695,83460.992188,0.964188,0.000000,0.000000,0.000000,0.000000,0.000000,0.000000,0.000000,0.000000,0.000000,-58.451458,3882.958984
17.783502,1.000000,-5529.139648,-2.575586,1878.684669,1179.903809,3869.533691,307.301544,306.328888,317.620441,-16.307222,0.149957,3.331399,-59.483456,-20.003536,-19.945784,1180.406250,-0.062710,-0.001861,0.000142,0.671511,0.671288,0.008608,83460.992188,0.964157,0.000000,0.000000,0.000000,0.000000,0.000000,0.000000,0.000000,0.000000,0.000000,-58.440212,3872.250732
17.839491,1.000000,-5519.898438,-2.548056,1875.354676,1176.573608,3858.477539,307.298645,306.328827,317.570255,-16.306740,0.147805,3.331193,-59.471554,-20.002761,-19.945421,1177.042725,-0.062724,-0.001873,0.000146,0.671509,0.671311,0.008521,83460.992188,0.964106,0.000000,0.000000,0.000000,0.000000,0.000000,0.000000,0.000000,0.000000,0.000000,-58.428844,3861.194824
17.896265,1.000000,-5510.793945,-2.521001,1871.978666,1173.197266,3847.585449,307.295715,306.329315,317.520722,-16.306255,0.145626,3.330999,-59.459846,-20.002008,-19.945066,1173.729004,-0.062733,-0.001882,0.000151,0.671526,0.671334,0.008428,83460.992188,0.964048,0.000000,0.000000,0.000000,0.000000,0.000000,0.000000,0.000000,0.000000,0.000000,-58.417347,3850.296387
17.951518,1.000000,-5501.704102,-2.494059,1868.693748,1169.912109,3836.711182,307.292908,306.329742,317.471188,-16.305792,0.143522,3.330807,-59.448189,-20.001270,-19.944721,1170.420532,-0.062740,-0.001893,0.000155,0.671541,0.671355,0.008348,83460.992188,0.963994,0.000000,0.000000,0.000000,0.000000,0.000000,0.000000,0.000000,0.000000,0.000000,-58.406178,3839.422119
18.007869,1.000000,-5492.473145,-2.466769,1865.344208,1166.562256,3825.668701,307.289917,306.329529,317.420913,-16.305319,0.141384,3.330625,-59.436371,-20.000526,-19.944380,1167.060791,-0.062752,-0.001903,0.000159,0.671533,0.671374,0.008261,83460.992188,0.963965,0.000000,0.000000,0.000000,0.000000,0.000000,0.000000,0.000000,0.000000,0.000000,-58.394817,3828.379639
18.058316,1.000000,-5484.259277,-2.442546,1862.346168,1163.563965,3815.842529,307.287231,306.329620,317.376066,-16.304895,0.139480,3.330465,-59.425869,-19.999874,-19.944073,1164.071167,-0.062752,-0.001914,0.000163,0.671536,0.671390,0.008183,83460.992188,0.963922,0.000000,0.000000,0.000000,0.000000,0.000000,0.000000,0.000000,0.000000,0.000000,-58.384663,3818.553711
18.114743,1.000000,-5475.020508,-2.415370,1858.993367,1160.210938,3804.791748,307.284332,306.330017,317.325673,-16.304434,0.137360,3.330287,-59.414085,-19.999146,-19.943748,1160.708496,-0.062765,-0.001924,0.000167,0.671550,0.671407,0.008093,83460.992188,0.963872,0.000000,0.000000,0.000000,0.000000,0.000000,0.000000,0.000000,0.000000,0.000000,-58.373329,3807.525391
18.170066,1.000000,-5466.059570,-2.389081,1855.706804,1156.924072,3794.073242,307.281372,306.330048,317.276733,-16.303989,0.135289,3.330116,-59.402676,-19.998450,-19.943434,1157.447021,-0.062773,-0.001934,0.000171,0.671552,0.671422,0.008014,83460.992188,0.963823,0.000000,0.000000,0.000000,0.000000,0.000000,0.000000,0.000000,0.000000,0.000000,-58.362244,3796.806885
18.226681,1.000000,-5456.807129,-2.362010,1852.344145,1153.561035,3783.006592,307.278381,306.329987,317.226072,-16.303532,0.133183,3.329947,-59.390919,-19.997745,-19.943115,1154.079468,-0.062776,-0.001946,0.000176,0.671550,0.671436,0.007935,83460.992188,0.963774,0.000000,0.000000,0.000000,0.000000,0.000000,0.000000,0.000000,0.000000,0.000000,-58.350922,3785.740234
18.282613,1.000000,-5447.730957,-2.335527,1849.022703,1150.239258,3772.150879,307.275330,306.330017,317.176420,-16.303087,0.131113,3.329786,-59.379417,-19.997061,-19.942806,1150.776001,-0.062779,-0.001955,0.000180,0.671551,0.671448,0.007860,83460.992188,0.963728,0.000000,0.000000,0.000000,0.000000,0.000000,0.000000,0.000000,0.000000,0.000000,-58.339764,3774.884521
18.338086,1.000000,-5438.655762,-2.309120,1845.729156,1146.945313,3761.297119,307.272186,306.329895,317.126679,-16.302652,0.129069,3.329633,-59.367935,-19.996388,-19.942513,1147.472900,-0.062786,-0.001968,0.000184,0.671547,0.671458,0.007790,83460.992188,0.963677,0.000000,0.000000,0.000000,0.000000,0.000000,0.000000,0.000000,0.000000,0.000000,-58.328724,3764.090576
18.395089,1.000000,-5429.418457,-2.282315,1842.345429,1143.561279,3750.249756,307.268890,306.329285,317.076107,-16.302210,0.126982,3.329473,-59.356270,-19.995707,-19.942215,1144.110718,-0.062793,-0.001977,0.000188,0.671525,0.671468,0.007713,83460.992188,0.963641,0.000000,0.000000,0.000000,0.000000,0.000000,0.000000,0.000000,0.000000,0.000000,-58.317402,3753.042969
18.446299,1.000000,-5421.102539,-2.258250,1839.306147,1140.521606,3740.304932,307.265991,306.329529,317.030519,-16.301805,0.125118,3.329345,-59.345787,-19.995102,-19.941959,1141.083984,-0.062802,-0.001985,0.000192,0.671534,0.671474,0.007634,83460.992188,0.963602,0.000000,0.000000,0.000000,0.000000,0.000000,0.000000,0.000000,0.000000,0.000000,-58.307255,3743.098145
18.498661,1.000000,-5412.539551,-2.233535,1836.199051,1137.414185,3730.064697,307.262848,306.329010,316.983477,-16.301407,0.123219,3.329215,-59.335011,-19.994491,-19.941698,1137.967285,-0.062807,-0.001995,0.000196,0.671515,0.671479,0.007569,83460.992188,0.963554,0.000000,0.000000,0.000000,0.000000,0.000000,0.000000,0.000000,0.000000,0.000000,-58.296902,3732.858154
18.548815,1.000000,-5404.375488,-2.210032,1833.223500,1134.438232,3720.301758,307.259918,306.328979,316.938689,-16.301023,0.121414,3.329087,-59.324757,-19.993910,-19.941450,1134.995850,-0.062811,-0.002001,0.000200,0.671514,0.671483,0.007511,83460.992188,0.963518,0.000000,0.000000,0.000000,0.000000,0.000000,0.000000,0.000000,0.000000,0.000000,-58.286999,3723.011230
18.603817,1.000000,-5395.357422,-2.184140,1829.960915,1131.175293,3709.518066,307.256683,306.329132,316.889156,-16.300613,0.119440,3.328950,-59.313454,-19.993280,-19.941187,1131.713501,-0.062818,-0.002013,0.000204,0.671519,0.671487,0.007446,83460.992188,0.963467,0.000000,0.000000,0.000000,0.000000,0.000000,0.000000,0.000000,0.000000,0.000000,-58.276165,3712.227539
18.659766,1.000000,-5386.346680,-2.158342,1826.642789,1127.856689,3698.743896,307.253387,306.328400,316.839623,-16.300201,0.117449,3.328812,-59.302177,-19.992657,-19.940933,1128.433960,-0.062827,-0.002019,0.000208,0.671494,0.671489,0.007370,83460.992188,0.963436,0.000000,0.000000,0.000000,0.000000,0.000000,0.000000,0.000000,0.000000,0.000000,-58.265163,3701.453125
18.715457,1.000000,-5377.202148,-2.132235,1823.340597,1124.554077,3687.809082,307.250061,306.328339,316.789437,-16.299797,0.115473,3.328671,-59.290752,-19.992027,-19.940670,1125.105591,-0.062828,-0.002029,0.000212,0.671492,0.671490,0.007287,83460.992188,0.963390,0.000000,0.000000,0.000000,0.000000,0.000000,0.000000,0.000000,0.000000,0.000000,-58.254238,3690.431885
18.766567,1.000000,-5369.123047,-2.109233,1820.310589,1121.523682,3678.149170,307.246918,306.328003,316.745094,-16.299417,0.113671,3.328559,-59.280678,-19.991475,-19.940449,1122.165039,-0.062836,-0.002035,0.000216,0.671480,0.671490,0.007214,83460.992188,0.963352,0.000000,0.000000,0.000000,0.000000,0.000000,0.000000,0.000000,0.000000,0.000000,-58.244228,3680.771973
18.823468,1.000000,-5359.704102,-2.082492,1816.937890,1118.150391,3666.888184,307.243256,306.327393,316.693277,-16.299009,0.111677,3.328429,-59.268944,-19.990843,-19.940207,1118.736816,-0.062849,-0.002042,0.000220,0.671459,0.671487,0.007125,83460.992188,0.963301,0.000000,0.000000,0.000000,0.000000,0.000000,0.000000,0.000000,0.000000,0.000000,-58.233105,3669.510742
18.875388,1.000000,-5351.198242,-2.058413,1813.861002,1115.073120,3656.718262,307.239960,306.327301,316.646442,-16.298639,0.109865,3.328320,-59.258381,-19.990284,-19.939981,1115.640869,-0.062847,-0.002053,0.000223,0.671456,0.671484,0.007045,83460.992188,0.963261,0.000000,0.000000,0.000000,0.000000,0.000000,0.000000,0.000000,0.000000,0.000000,-58.222980,3659.341064
18.932046,1.000000,-5342.084473,-2.032687,1810.503952,1111.715576,3645.822021,307.236237,306.325348,316.596167,-16.298239,0.107897,3.328210,-59.247093,-19.989701,-19.939747,1112.323730,-0.062844,-0.002059,0.000227,0.671387,0.671480,0.006968,83460.992188,0.963229,0.000000,0.000000,0.000000,0.000000,0.000000,0.000000,0.000000,0.000000,0.000000,-58.211967,3648.474609
18.982836,1.000000,-5334.808594,-2.012204,1807.495139,1108.706299,3637.123779,307.232971,306.326874,316.556066,-16.297878,0.106150,3.328116,-59.238091,-19.989235,-19.939566,1109.675537,-0.062852,-0.002054,0.000231,0.671441,0.671476,0.006916,83460.992188,0.963176,0.000000,0.000000,0.000000,0.000000,0.000000,0.000000,0.000000,0.000000,0.000000,-58.202110,3639.776123
19.033035,1.000000,-5325.674316,-1.986560,1804.521842,1105.732666,3626.203857,307.229767,306.326904,316.505732,-16.297531,0.104432,3.328019,-59.226807,-19.988656,-19.939344,1106.350952,-0.062853,-0.002071,0.000234,0.671441,0.671472,0.006856,83460.992188,0.963155,0.000000,0.000000,0.000000,0.000000,0.000000,0.000000,0.000000,0.000000,0.000000,-58.192383,3628.856201
19.085139,1.000000,-5317.239258,-1.962949,1801.436246,1102.646484,3616.120117,307.226257,306.326630,316.459194,-16.297173,0.102649,3.327924,-59.216404,-19.988129,-19.939146,1103.280884,-0.062858,-0.002078,0.000238,0.671432,0.671469,0.006798,83460.992188,0.963109,0.000000,0.000000,0.000000,0.000000,0.000000,0.000000,0.000000,0.000000,0.000000,-58.182304,3618.772705
19.142278,1.000000,-5307.892090,-1.936864,1798.053102,1099.262817,3604.946777,307.222565,306.326477,316.407525,-16.296783,0.100717,3.327823,-59.204887,-19.987555,-19.938938,1099.878784,-0.062865,-0.002085,0.000242,0.671427,0.671465,0.006724,83460.992188,0.963084,0.000000,0.000000,0.000000,0.000000,0.000000,0.000000,0.000000,0.000000,0.000000,-58.171265,3607.576416
19.198232,1.000000,-5298.706055,-1.911309,1794.740753,1095.949951,3593.965820,307.218872,306.326355,316.356746,-16.296413,0.098834,3.327722,-59.193600,-19.986999,-19.938728,1096.535278,-0.062864,-0.002095,0.000245,0.671422,0.671461,0.006667,83460.992188,0.963028,0.000000,0.000000,0.000000,0.000000,0.000000,0.000000,0.000000,0.000000,0.000000,-58.160484,3596.595459
19.254351,1.000000,-5289.654297,-1.886207,1791.419264,1092.627930,3583.145996,307.215240,306.325928,316.306768,-16.296038,0.096960,3.327630,-59.182491,-19.986453,-19.938536,1093.240723,-0.062874,-0.002101,0.000249,0.671407,0.671456,0.006603,83460.992188,0.963000,0.000000,0.000000,0.000000,0.000000,0.000000,0.000000,0.000000,0.000000,0.000000,-58.149693,3585.775879
19.314260,1.000000,-5280.460449,-1.860793,1787.874151,1089.082031,3572.156738,307.211304,306.325775,316.255900,-16.295643,0.094968,3.327535,-59.171227,-19.985909,-19.938345,1089.894531,-0.062883,-0.002103,0.000253,0.671402,0.671450,0.006543,83460.992188,0.962955,0.000000,0.000000,0.000000,0.000000,0.000000,0.000000,0.000000,0.000000,0.000000,-58.138195,3574.786377
19.369681,1.000000,-5270.937500,-1.834554,1784.595249,1085.802612,3560.774170,307.207458,306.325378,316.203193,-16.295284,0.093139,3.327450,-59.159580,-19.985354,-19.938145,1086.428345,-0.062881,-0.002117,0.000256,0.671389,0.671443,0.006483,83460.992188,0.962913,0.000000,0.000000,0.000000,0.000000,0.000000,0.000000,0.000000,0.000000,0.000000,-58.127575,3563.486084
19.425646,1.000000,-5261.792969,-1.809441,1781.284779,1082.491577,3549.843994,307.203735,306.324524,316.152532,-16.294922,0.091305,3.327375,-59.148430,-19.984834,-19.937956,1083.100098,-0.062876,-0.002125,0.000260,0.671358,0.671436,0.006430,83460.992188,0.962891,0.000000,0.000000,0.000000,0.000000,0.000000,0.000000,0.000000,0.000000,0.000000,-58.116886,3552.556152
19.481353,1.000000,-5252.852539,-1.784969,1777.990187,1079.196411,3539.158447,307.199982,306.324280,316.102999,-16.294563,0.089486,3.327297,-59.137524,-19.984324,-19.937784,1079.846069,-0.062884,-0.002130,0.000264,0.671349,0.671428,0.006379,83460.992188,0.962840,0.000000,0.000000,0.000000,0.000000,0.000000,0.000000,0.000000,0.000000,0.000000,-58.106251,3541.870605
19.536279,1.000000,-5243.878906,-1.760484,1774.742385,1075.947998,3528.433594,307.196136,306.323944,316.053347,-16.294222,0.087708,3.327211,-59.126595,-19.983813,-19.937616,1076.579834,-0.062892,-0.002140,0.000267,0.671338,0.671419,0.006316,83460.992188,0.962818,0.000000,0.000000,0.000000,0.000000,0.000000,0.000000,0.000000,0.000000,0.000000,-58.095776,3531.140869
19.592336,1.000000,-5234.785645,-1.735756,1771.428321,1072.633301,3517.566162,307.192291,306.323059,316.002894,-16.293867,0.085902,3.327142,-59.115547,-19.983313,-19.937456,1073.270142,-0.062898,-0.002146,0.000271,0.671307,0.671409,0.006247,83460.992188,0.962781,0.000000,0.000000,0.000000,0.000000,0.000000,0.000000,0.000000,0.000000,0.000000,-58.085110,3520.273438
19.644090,1.000000,-5226.436035,-1.713120,1768.369199,1069.573486,3507.587402,307.188782,306.322479,315.956594,-16.293554,0.084249,3.327068,-59.105408,-19.982853,-19.937305,1070.231201,-0.062900,-0.002150,0.000274,0.671287,0.671399,0.006183,83460.992188,0.962752,0.000000,0.000000,0.000000,0.000000,0.000000,0.000000,0.000000,0.000000,0.000000,-58.075275,3510.294678
19.696572,1.000000,-5217.825684,-1.689850,1765.267584,1066.471191,3497.297119,307.185211,306.322205,315.908810,-16.293228,0.082581,3.327005,-59.094975,-19.982387,-19.937153,1067.097290,-0.062899,-0.002158,0.000277,0.671278,0.671387,0.006118,83460.992188,0.962719,0.000000,0.000000,0.000000,0.000000,0.000000,0.000000,0.000000,0.000000,0.000000,-58.065327,3500.004639
19.751909,1.000000,-5208.911133,-1.665838,1761.997827,1063.200806,3486.644287,307.181305,306.321716,315.859336,-16.292892,0.080831,3.326944,-59.084187,-19.981910,-19.937012,1063.852661,-0.062910,-0.002163,0.000281,0.671260,0.671374,0.006055,83460.992188,0.962687,0.000000,0.000000,0.000000,0.000000,0.000000,0.000000,0.000000,0.000000,0.000000,-58.054852,3489.333740
19.806217,1.000000,-5200.018066,-1.641962,1758.789454,1059.991699,3476.017090,307.177368,306.320984,315.809951,-16.292570,0.079122,3.326884,-59.073460,-19.981446,-19.936869,1060.615845,-0.062911,-0.002172,0.000284,0.671235,0.671362,0.005997,83460.992188,0.962636,0.000000,0.000000,0.000000,0.000000,0.000000,0.000000,0.000000,0.000000,0.000000,-58.044605,3478.706543
19.860856,1.000000,-5191.192871,-1.618346,1755.562108,1056.763794,3465.470947,307.173584,306.320404,315.760951,-16.292250,0.077418,3.326823,-59.062832,-19.980990,-19.936726,1057.403687,-0.062909,-0.002176,0.000288,0.671214,0.671347,0.005944,83460.992188,0.962599,0.000000,0.000000,0.000000,0.000000,0.000000,0.000000,0.000000,0.000000,0.000000,-58.034317,3468.160400
19.910912,1.000000,-5183.122070,-1.596820,1752.605978,1053.806885,3455.826660,307.170013,306.319489,315.716045,-16.291958,0.075870,3.326774,-59.053116,-19.980580,-19.936604,1054.466187,-0.062911,-0.002181,0.000291,0.671183,0.671333,0.005897,83460.992188,0.962569,0.000000,0.000000,0.000000,0.000000,0.000000,0.000000,0.000000,0.000000,0.000000,-58.024895,3458.516113
19.965031,1.000000,-5174.320313,-1.573421,1749.410452,1050.610718,3445.309570,307.166016,306.318542,315.667046,-16.291639,0.074205,3.326731,-59.042538,-19.980140,-19.936478,1051.262573,-0.062915,-0.002187,0.000294,0.671149,0.671316,0.005845,83460.992188,0.962544,0.000000,0.000000,0.000000,0.000000,0.000000,0.000000,0.000000,0.000000,0.000000,-58.014732,3447.959961
20.015366,1.000000,-5166.174316,-1.551834,1746.438868,1047.638428,3435.575684,307.162323,306.318146,315.621724,-16.291346,0.072670,3.326693,-59.032772,-19.979738,-19.936356,1048.297729,-0.062910,-0.002191,0.000297,0.671135,0.671299,0.005797,83460.992188,0.962508,0.000000,0.000000,0.000000,0.000000,0.000000,0.000000,0.000000,0.000000,0.000000,-58.005302,3438.226074
20.071833,1.000000,-5157.073730,-1.527797,1743.105858,1044.304565,3424.701660,307.158203,306.317413,315.571153,-16.291019,0.070956,3.326649,-59.021870,-19.979288,-19.936232,1044.985352,-0.062917,-0.002193,0.000300,0.671109,0.671281,0.005753,83460.992188,0.962475,0.000000,0.000000,0.000000,0.000000,0.000000,0.000000,0.000000,0.000000,0.000000,-57.994736,3427.352051
20.129038,1.000000,-5147.787598,-1.503358,1739.729918,1040.927734,3413.606201,307.153870,306.316437,315.519484,-16.290695,0.069235,3.326609,-59.010780,-19.978844,-19.936110,1041.605469,-0.062918,-0.002198,0.000304,0.671075,0.671260,0.005704,83460.992188,0.962444,0.000000,0.000000,0.000000,0.000000,0.000000,0.000000,0.000000,0.000000,0.000000,-57.984058,3416.224121
20.186398,1.000000,-5138.553711,-1.479144,1736.345467,1037.542480,3402.573486,307.149658,306.315826,315.468141,-16.290369,0.067515,3.326572,-58.999760,-19.978402,-19.935991,1038.244629,-0.062922,-0.002203,0.000307,0.671054,0.671238,0.005655,83460.992188,0.962405,0.000000,0.000000,0.000000,0.000000,0.000000,0.000000,0.000000,0.000000,0.000000,-57.973373,3405.191406
20.241678,1.000000,-5129.499023,-1.455487,1733.084343,1034.280518,3391.755371,307.145447,306.314819,315.417747,-16.290062,0.065878,3.326534,-58.988964,-19.977974,-19.935883,1034.948975,-0.062928,-0.002207,0.000310,0.671019,0.671217,0.005602,83460.992188,0.962378,0.000000,0.000000,0.000000,0.000000,0.000000,0.000000,0.000000,0.000000,0.000000,-57.963081,3394.373291
20.297973,1.000000,-5120.407715,-1.431819,1729.763948,1030.959229,3380.893311,307.141205,306.313904,315.367087,-16.289749,0.064213,3.326506,-58.978146,-19.977555,-19.935772,1031.640015,-0.062924,-0.002212,0.000313,0.670987,0.671195,0.005539,83460.992188,0.962362,0.000000,0.000000,0.000000,0.000000,0.000000,0.000000,0.000000,0.000000,0.000000,-57.952621,3383.511230
20.348726,1.000000,-5112.170898,-1.410451,1726.770955,1027.965454,3371.052490,307.137360,306.312500,315.321172,-16.289465,0.062728,3.326490,-58.968361,-19.977181,-19.935677,1028.642090,-0.062924,-0.002215,0.000316,0.670938,0.671173,0.005496,83460.992188,0.962323,0.000000,0.000000,0.000000,0.000000,0.000000,0.000000,0.000000,0.000000,0.000000,-57.943214,3373.739502
20.404817,1.000000,-5103.052734,-1.386880,1723.463747,1024.657227,3360.159180,307.133118,306.312164,315.270274,-16.289164,0.061098,3.326469,-58.957542,-19.976775,-19.935579,1025.323364,-0.062926,-0.002222,0.000319,0.670926,0.671148,0.005456,83460.992188,0.962277,0.000000,0.000000,0.000000,0.000000,0.000000,0.000000,0.000000,0.000000,0.000000,-57.932831,3362.846191
20.460302,1.000000,-5094.060059,-1.363720,1720.192862,1021.385498,3349.415771,307.128754,306.310852,315.220118,-16.288872,0.059494,3.326444,-58.946896,-19.976380,-19.935486,1022.050293,-0.062927,-0.002228,0.000322,0.670880,0.671123,0.005414,83460.992188,0.962260,0.000000,0.000000,0.000000,0.000000,0.000000,0.000000,0.000000,0.000000,0.000000,-57.922585,3352.102783
20.516873,1.000000,-5084.892090,-1.340199,1716.858564,1018.050232,3338.463623,307.124298,306.310089,315.169042,-16.288570,0.057877,3.326424,-58.936066,-19.975981,-19.935396,1018.713440,-0.062931,-0.002233,0.000325,0.670853,0.671095,0.005376,83460.992188,0.962231,0.000000,0.000000,0.000000,0.000000,0.000000,0.000000,0.000000,0.000000,0.000000,-57.912155,3341.150635
20.566896,1.000000,-5076.868652,-1.319688,1713.910715,1015.101624,3328.878662,307.120270,306.308411,315.124225,-16.288307,0.056452,3.326413,-58.926590,-19.975639,-19.935322,1015.793091,-0.062933,-0.002237,0.000328,0.670794,0.671071,0.005340,83460.992188,0.962197,0.000000,0.000000,0.000000,0.000000,0.000000,0.000000,0.000000,0.000000,0.000000,-57.902946,3331.499023
20.617288,1.000000,-5068.698242,-1.298872,1710.941605,1012.131653,3319.118408,307.116211,306.308380,315.078666,-16.288044,0.055031,3.326394,-58.916939,-19.975286,-19.935246,1012.819336,-0.062937,-0.002240,0.000331,0.670793,0.671045,0.005294,83460.992188,0.962181,0.000000,0.000000,0.000000,0.000000,0.000000,0.000000,0.000000,0.000000,0.000000,-57.893665,3321.738525
20.669230,1.000000,-5060.477539,-1.278000,1707.881676,1009.070801,3309.298096,307.112213,306.307556,315.032751,-16.287769,0.053576,3.326388,-58.907246,-19.974940,-19.935173,1009.827209,-0.062939,-0.002244,0.000334,0.670765,0.671018,0.005246,83460.992188,0.962153,0.000000,0.000000,0.000000,0.000000,0.000000,0.000000,0.000000,0.000000,0.000000,-57.884117,3311.918457
20.720118,1.000000,-5052.097656,-1.256799,1704.884338,1006.072510,3299.287354,307.108276,306.306915,314.985917,-16.287510,0.052158,3.326382,-58.897377,-19.974593,-19.935095,1006.777222,-0.062932,-0.002250,0.000336,0.670742,0.670993,0.005195,83460.992188,0.962132,0.000000,0.000000,0.000000,0.000000,0.000000,0.000000,0.000000,0.000000,0.000000,-57.874779,3301.907715
20.770332,1.000000,-5044.003906,-1.236396,1701.927181,1003.114441,3289.619141,307.104431,306.306244,314.940714,-16.287249,0.050767,3.326384,-58.887863,-19.974261,-19.935030,1003.831299,-0.062936,-0.002251,0.000339,0.670719,0.670968,0.005162,83460.992188,0.962096,0.000000,0.000000,0.000000,0.000000,0.000000,0.000000,0.000000,0.000000,0.000000,-57.865582,3292.289795
20.820755,1.000000,-5035.856445,-1.215931,1698.958197,1000.144653,3279.886719,307.100342,306.305481,314.895126,-16.286987,0.049382,3.326389,-58.878300,-19.973936,-19.934965,1000.865906,-0.062933,-0.002257,0.000342,0.670692,0.670942,0.005123,83460.992188,0.962089,0.000000,0.000000,0.000000,0.000000,0.000000,0.000000,0.000000,0.000000,0.000000,-57.856358,3282.557373
20.871742,1.000000,-5027.626465,-1.195333,1695.956495,997.142090,3270.056641,307.096283,306.304535,314.849092,-16.286724,0.047993,3.326394,-58.868652,-19.973611,-19.934912,997.870422,-0.062939,-0.002259,0.000345,0.670659,0.670917,0.005087,83460.992188,0.962060,0.000000,0.000000,0.000000,0.000000,0.000000,0.000000,0.000000,0.000000,0.000000,-57.847050,3272.727295
20.923086,1.000000,-5019.167480,-1.174238,1692.934274,994.118896,3259.952393,307.092102,306.303833,314.801872,-16.286467,0.046603,3.326395,-58.858746,-19.973275,-19.934849,994.791626,-0.062939,-0.002264,0.000347,0.670634,0.670890,0.005042,83460.992188,0.962034,0.000000,0.000000,0.000000,0.000000,0.000000,0.000000,0.000000,0.000000,0.000000,-57.837685,3262.623047
20.975295,1.000000,-5011.866699,-1.156094,1689.861653,991.045288,3251.231689,307.087891,306.303436,314.761029,-16.286205,0.045201,3.326408,-58.850216,-19.972995,-19.934797,992.134338,-0.062938,-0.002258,0.000350,0.670621,0.670863,0.005002,83460.992188,0.962012,0.000000,0.000000,0.000000,0.000000,0.000000,0.000000,0.000000,0.000000,0.000000,-57.828186,3253.764404
21.029173,1.000000,-5002.020020,-1.131716,1686.691340,987.873901,3239.470703,307.083588,306.302521,314.705950,-16.285944,0.043753,3.326409,-58.838707,-19.972617,-19.934734,988.550415,-0.062936,-0.002278,0.000353,0.670588,0.670835,0.004959,83460.992188,0.961992,0.000000,0.000000,0.000000,0.000000,0.000000,0.000000,0.000000,0.000000,0.000000,-57.818382,3242.003174
21.083737,1.000000,-4993.198730,-1.109968,1683.481219,984.662781,3228.934814,307.079224,306.301483,314.656653,-16.285673,0.042298,3.326428,-58.828423,-19.972283,-19.934689,985.339783,-0.062943,-0.002283,0.000356,0.670552,0.670808,0.004918,83460.992188,0.961963,0.000000,0.000000,0.000000,0.000000,0.000000,0.000000,0.000000,0.000000,0.000000,-57.808483,3231.467285
21.137256,1.000000,-4984.605469,-1.088864,1680.333123,981.513672,3218.670898,307.074890,306.300568,314.608455,-16.285423,0.040884,3.326433,-58.818405,-19.971968,-19.934639,982.212036,-0.062939,-0.002289,0.000359,0.670520,0.670780,0.004878,83460.992188,0.961945,0.000000,0.000000,0.000000,0.000000,0.000000,0.000000,0.000000,0.000000,0.000000,-57.798771,3221.203613
21.190170,1.000000,-4975.999512,-1.067813,1677.221144,978.400696,3208.392334,307.070526,306.299469,314.560256,-16.285170,0.039492,3.326447,-58.808384,-19.971652,-19.934593,979.079773,-0.062940,-0.002297,0.000362,0.670481,0.670752,0.004841,83460.992188,0.961928,0.000000,0.000000,0.000000,0.000000,0.000000,0.000000,0.000000,0.000000,0.000000,-57.789181,3210.997803
21.244487,1.000000,-4967.248535,-1.046492,1674.027199,975.205688,3197.940674,307.066132,306.297943,314.511197,-16.284908,0.038075,3.326472,-58.798214,-19.971340,-19.934551,975.894653,-0.062939,-0.002303,0.000365,0.670428,0.670722,0.004805,83460.992188,0.961895,0.000000,0.000000,0.000000,0.000000,0.000000,0.000000,0.000000,0.000000,0.000000,-57.779362,3200.546143
21.295266,1.000000,-4959.115723,-1.026755,1671.041797,972.219177,3188.227295,307.061981,306.297058,314.465638,-16.284662,0.036772,3.326496,-58.788765,-19.971049,-19.934513,972.934570,-0.062940,-0.002305,0.000368,0.670397,0.670693,0.004770,83460.992188,0.961881,0.000000,0.000000,0.000000,0.000000,0.000000,0.000000,0.000000,0.000000,0.000000,-57.770184,3190.833008
21.346194,1.000000,-4950.855469,-1.006786,1668.048120,969.224548,3178.362549,307.057831,306.296143,314.419308,-16.284414,0.035477,3.326527,-58.779179,-19.970759,-19.934484,969.928040,-0.062944,-0.002308,0.000371,0.670365,0.670663,0.004731,83460.992188,0.961848,0.000000,0.000000,0.000000,0.000000,0.000000,0.000000,0.000000,0.000000,0.000000,-57.760998,3180.968018
21.403625,1.000000,-4941.778320,-0.984930,1664.672763,965.848022,3167.521729,307.053131,306.295135,314.368322,-16.284142,0.034022,3.326566,-58.768661,-19.970451,-19.934448,966.624268,-0.062941,-0.002308,0.000374,0.670330,0.670629,0.004695,83460.992188,0.961825,0.000000,0.000000,0.000000,0.000000,0.000000,0.000000,0.000000,0.000000,0.000000,-57.750652,3170.156006
21.455240,1.000000,-4933.326172,-0.964664,1661.639753,962.814026,3157.427734,307.048859,306.293549,314.320894,-16.283894,0.032728,3.326604,-58.758884,-19.970166,-19.934418,963.547913,-0.062940,-0.002314,0.000377,0.670275,0.670598,0.004666,83460.992188,0.961809,0.000000,0.000000,0.000000,0.000000,0.000000,0.000000,0.000000,0.000000,0.000000,-57.741367,3160.062012
21.506816,1.000000,-4924.942383,-0.944643,1658.609531,959.782654,3147.415283,307.044586,306.292755,314.273882,-16.283646,0.031446,3.326644,-58.749195,-19.969884,-19.934391,960.496460,-0.062940,-0.002319,0.000379,0.670247,0.670565,0.004629,83460.992188,0.961798,0.000000,0.000000,0.000000,0.000000,0.000000,0.000000,0.000000,0.000000,0.000000,-57.732105,3150.049561
21.557951,1.000000,-4916.712891,-0.925068,1655.605709,956.777771,3137.587402,307.040314,306.291870,314.227730,-16.283403,0.030187,3.326678,-58.739681,-19.969606,-19.934366,957.501160,-0.062942,-0.002322,0.000382,0.670215,0.670532,0.004589,83460.992188,0.961775,0.000000,0.000000,0.000000,0.000000,0.000000,0.000000,0.000000,0.000000,0.000000,-57.722919,3140.168457
21.614301,1.000000,-4907.565918,-0.903403,1652.296105,953.467041,3126.664063,307.035492,306.290527,314.176447,-16.283134,0.028807,3.326728,-58.729126,-19.969303,-19.934345,954.171936,-0.062946,-0.002326,0.000385,0.670168,0.670496,0.004543,83460.992188,0.961765,0.000000,0.000000,0.000000,0.000000,0.000000,0.000000,0.000000,0.000000,0.000000,-57.712818,3129.245361
21.671187,1.000000,-4898.505859,-0.882040,1648.955620,950.125244,3115.844727,307.030640,306.289368,314.125608,-16.282873,0.027425,3.326765,-58.718678,-19.969007,-19.934324,950.874390,-0.062946,-0.002330,0.000388,0.670128,0.670458,0.004488,83460.992188,0.961750,0.000000,0.000000,0.000000,0.000000,0.000000,0.000000,0.000000,0.000000,0.000000,-57.702625,3118.425781
21.727394,1.000000,-4889.361816,-0.860575,1645.655598,946.824158,3104.925049,307.026031,306.287689,314.074265,-16.282612,0.026071,3.326820,-58.708149,-19.968715,-19.934307,947.546204,-0.062944,-0.002334,0.000391,0.670069,0.670420,0.004425,83460.992188,0.961725,0.000000,0.000000,0.000000,0.000000,0.000000,0.000000,0.000000,0.000000,0.000000,-57.692577,3107.506348
21.783258,1.000000,-4880.336914,-0.839486,1642.376295,943.543579,3094.148193,307.021362,306.286713,314.023605,-16.282358,0.024734,3.326869,-58.697777,-19.968432,-19.934298,944.261414,-0.062947,-0.002339,0.000394,0.670035,0.670382,0.004375,83460.992188,0.961697,0.000000,0.000000,0.000000,0.000000,0.000000,0.000000,0.000000,0.000000,0.000000,-57.682606,3096.691162
21.839907,1.000000,-4871.254883,-0.818360,1639.051502,940.217529,3083.302734,307.016510,306.285431,313.972529,-16.282097,0.023390,3.326927,-58.687340,-19.968154,-19.934280,940.955811,-0.062941,-0.002345,0.000397,0.669990,0.670341,0.004332,83460.992188,0.961662,0.000000,0.000000,0.000000,0.000000,0.000000,0.000000,0.000000,0.000000,0.000000,-57.672504,3085.845703
21.895784,1.000000,-4862.242188,-0.797492,1635.772600,936.937378,3072.541016,307.011749,306.283844,313.921928,-16.281853,0.022077,3.326972,-58.676998,-19.967877,-19.934278,937.675476,-0.062948,-0.002350,0.000400,0.669934,0.670301,0.004289,83460.992188,0.961649,0.000000,0.000000,0.000000,0.000000,0.000000,0.000000,0.000000,0.000000,0.000000,-57.662548,3075.083984
21.949699,1.000000,-4853.471680,-0.777277,1632.609379,933.772949,3062.068115,307.007111,306.282593,313.872691,-16.281622,0.020824,3.327018,-58.666950,-19.967612,-19.934273,934.483276,-0.062947,-0.002353,0.000403,0.669891,0.670260,0.004234,83460.992188,0.961640,0.000000,0.000000,0.000000,0.000000,0.000000,0.000000,0.000000,0.000000,0.000000,-57.652966,3064.611084
22.005050,1.000000,-4844.572266,-0.756855,1629.362463,930.524780,3051.441406,307.002319,306.281219,313.822654,-16.281387,0.019549,3.327065,-58.656761,-19.967350,-19.934269,931.244141,-0.062944,-0.002358,0.000405,0.669842,0.670219,0.004180,83460.992188,0.961610,0.000000,0.000000,0.000000,0.000000,0.000000,0.000000,0.000000,0.000000,0.000000,-57.643131,3054.020020
22.061100,1.000000,-4835.505371,-0.736146,1626.075119,927.236145,3040.615234,306.997498,306.279419,313.771696,-16.281149,0.018262,3.327120,-58.646400,-19.967087,-19.934271,927.944092,-0.062944,-0.002363,0.000408,0.669780,0.670176,0.004133,83460.992188,0.961593,0.000000,0.000000,0.000000,0.000000,0.000000,0.000000,0.000000,0.000000,0.000000,-57.633198,3043.193848
22.116535,1.000000,-4826.621094,-0.715945,1622.824413,923.984192,3030.006592,306.992767,306.278351,313.721837,-16.280922,0.017002,3.327164,-58.636250,-19.966827,-19.934267,924.710449,-0.062942,-0.002368,0.000411,0.669742,0.670133,0.004091,83460.992188,0.961564,0.000000,0.000000,0.000000,0.000000,0.000000,0.000000,0.000000,0.000000,0.000000,-57.623379,3032.585205
22.168141,1.000000,-4818.313477,-0.697141,1619.798748,920.957275,3020.087158,306.988190,306.277161,313.675151,-16.280704,0.015842,3.327220,-58.626778,-19.966593,-19.934273,921.686707,-0.062941,-0.002371,0.000414,0.669700,0.670092,0.004042,83460.992188,0.961543,0.000000,0.000000,0.000000,0.000000,0.000000,0.000000,0.000000,0.000000,0.000000,-57.614254,3022.715820
22.222158,1.000000,-4809.637695,-0.677588,1616.632248,917.789490,3009.728027,306.983337,306.275543,313.626418,-16.280485,0.014633,3.327271,-58.616901,-19.966352,-19.934278,918.528992,-0.062939,-0.002375,0.000417,0.669644,0.670049,0.003995,83460.992188,0.961526,0.000000,0.000000,0.000000,0.000000,0.000000,0.000000,0.000000,0.000000,0.000000,-57.604721,3012.356689
22.277625,1.000000,-4800.644043,-0.657415,1613.381306,914.537292,2998.989990,306.978607,306.273773,313.575787,-16.280258,0.013404,3.327336,-58.606663,-19.966108,-19.934296,915.255554,-0.062941,-0.002379,0.000420,0.666164,0.670004,0.003942,83460.992188,0.961505,0.000000,0.000000,0.000000,0.000000,0.000000,0.000000,0.000000,0.000000,0.000000,-57.594933,3001.618652
22.333493,1.000000,-4791.658691,-0.637356,1610.107429,911.262451,2988.261719,306.973724,306.272644,313.525305,-16.280039,0.012180,3.327397,-58.596478,-19.965873,-19.934305,911.985168,-0.062910,-0.002382,0.000422,0.638230,0.668274,0.003702,83460.992188,0.961408,0.000000,0.000000,0.000000,0.000000,0.000000,0.000000,0.000000,0.000000,0.000000,-57.585133,2990.890137
22.389773,1.000000,-4782.601074,-0.617234,1606.809980,907.964050,2977.447266,306.968719,306.272278,313.475060,-16.279850,0.010957,3.327457,-58.586399,-19.965657,-19.934320,908.688477,-0.062774,-0.002386,0.000425,0.610090,0.663722,0.002648,83460.992188,0.961044,0.000000,0.000000,0.000000,0.000000,0.000000,0.000000,0.000000,0.000000,0.000000,-57.575470,2979.951172
22.440729,1.000000,-4774.415039,-0.599133,1603.824941,904.978210,2967.673828,306.964233,306.272644,313.430361,-16.279762,0.009859,3.327511,-58.577667,-19.965538,-19.934341,905.708984,-0.062498,-0.002391,0.000428,0.584612,0.657425,0.000754,83460.992188,0.960330,0.000000,0.000000,0.000000,0.000000,0.000000,0.000000,0.000000,0.000000,0.000000,-57.567139,2970.177734
22.491987,1.000000,-4766.145996,-0.580930,1600.822640,901.974976,2957.800537,306.959778,306.274109,313.386255,-16.279795,0.008762,3.327594,-58.569489,-19.965558,-19.934353,902.699341,-0.062026,-0.002396,0.000430,0.558983,0.649211,-0.002010,83460.992188,0.959197,0.000000,0.000000,0.000000,0.000000,0.000000,0.000000,0.000000,0.000000,0.000000,-57.559429,2960.304443
22.545436,1.000000,-4757.567383,-0.562132,1597.692421,898.843811,2947.558105,306.955048,306.277527,313.341942,-16.280005,0.007621,3.327728,-58.561958,-19.965794,-19.934370,899.576965,-0.061327,-0.002400,0.000433,0.532259,0.638842,-0.005624,83460.992188,0.957548,0.000000,0.000000,0.000000,0.000000,0.000000,0.000000,0.000000,0.000000,0.000000,-57.552383,2950.062012
22.595735,1.000000,-4749.453125,-0.544432,1594.747008,895.897522,2937.869873,306.950684,306.283142,313.301574,-16.280384,0.006562,3.327960,-58.556004,-19.966294,-19.934381,896.623596,-0.060459,-0.002399,0.000435,0.507109,0.627551,-0.009432,83460.992188,0.955548,0.000000,0.000000,0.000000,0.000000,0.000000,0.000000,0.000000,0.000000,0.000000,-57.546951,2940.348389
22.652131,1.000000,-4740.338379,-0.524643,1591.444864,892.594421,2926.987061,306.946106,306.291992,313.258329,-16.281040,0.005384,3.328392,-58.550968,-19.967251,-19.934395,893.306091,-0.059246,-0.002400,0.000437,0.478911,0.613314,-0.013873,83460.992188,0.952859,0.000000,0.000000,0.000000,0.000000,0.000000,0.000000,0.000000,0.000000,0.000000,-57.542526,2929.465576
22.702214,1.000000,-4732.345215,-0.507370,1588.512543,889.661255,2917.442383,306.942139,306.302551,313.222321,-16.281841,0.004342,3.328979,-58.548229,-19.968505,-19.934389,890.396851,-0.057955,-0.002401,0.000439,0.453870,0.599414,-0.017688,83460.992188,0.950120,0.000000,0.000000,0.000000,0.000000,0.000000,0.000000,0.000000,0.000000,0.000000,-57.540310,2919.920654
22.753133,1.000000,-4724.155762,-0.489752,1585.531355,886.679138,2907.662842,306.938324,306.315979,313.187499,-16.282837,0.003289,3.329854,-58.547234,-19.970236,-19.934378,887.416138,-0.056446,-0.002401,0.000442,0.428410,0.584192,-0.021174,83460.992188,0.947037,0.000000,0.000000,0.000000,0.000000,0.000000,0.000000,0.000000,0.000000,0.000000,-57.539898,2910.141113
22.808379,1.000000,-4715.232422,-0.470645,1582.296807,883.443542,2897.005615,306.934540,306.334473,313.152114,-16.284096,0.002161,3.331204,-58.548466,-19.972702,-19.934343,884.168274,-0.054585,-0.002399,0.000444,0.400787,0.566548,-0.024176,83460.992188,0.943350,0.000000,0.000000,0.000000,0.000000,0.000000,0.000000,0.000000,0.000000,0.000000,-57.541771,2899.481201
22.864109,1.000000,-4706.241699,-0.451489,1579.033760,880.179565,2886.266113,306.931335,306.357025,313.119339,-16.285505,0.001029,3.333081,-58.552319,-19.975837,-19.934277,880.895935,-0.052485,-0.002398,0.000446,0.372922,0.547690,-0.026199,83460.992188,0.939436,0.000000,0.000000,0.000000,0.000000,0.000000,0.000000,0.000000,0.000000,0.000000,-57.546261,2888.741943
22.919064,1.000000,-4697.395996,-0.432734,1575.815783,876.960571,2875.697754,306.928894,306.383667,313.090064,-16.286966,-0.000078,3.335537,-58.558823,-19.979601,-19.934177,877.676392,-0.050220,-0.002396,0.000448,0.345445,0.528159,-0.026937,83460.992188,0.935350,0.000000,0.000000,0.000000,0.000000,0.000000,0.000000,0.000000,0.000000,0.000000,-57.553402,2878.173584
22.982923,1.000000,-4688.533691,-0.414037,1572.075826,873.219360,2865.107666,306.926971,306.413971,313.063962,-16.288677,-0.001358,3.339210,-58.568096,-19.984049,-19.934044,874.450745,-0.047812,-0.002384,0.000450,0.313515,0.504488,-0.026618,83460.992188,0.931340,0.000000,0.000000,0.000000,0.000000,0.000000,0.000000,0.000000,0.000000,0.000000,-57.565098,2867.633545
23.039687,1.000000,-4678.146973,-0.392241,1568.750691,869.893188,2852.692139,306.926331,306.456879,313.037683,-16.290125,-0.002480,3.343385,-58.582630,-19.990161,-19.933826,870.670288,-0.044665,-0.002390,0.000452,0.285133,0.482559,-0.024088,83460.992188,0.926130,0.000000,0.000000,0.000000,0.000000,0.000000,0.000000,0.000000,0.000000,0.000000,-57.578846,2855.218018
23.095386,1.000000,-4669.073730,-0.373302,1565.487108,866.628418,2841.842529,306.927032,306.498962,313.018611,-16.291349,-0.003577,3.348420,-58.598709,-19.996334,-19.933563,867.367920,-0.041800,-0.002387,0.000454,0.257284,0.460362,-0.019827,83460.992188,0.921950,0.000000,0.000000,0.000000,0.000000,0.000000,0.000000,0.000000,0.000000,0.000000,-57.595367,2844.368408
23.145520,1.000000,-4661.042480,-0.356618,1562.548751,863.689087,2832.236084,306.928802,306.540558,313.004967,-16.292206,-0.004560,3.353801,-58.615475,-20.002405,-19.933281,864.444763,-0.039163,-0.002386,0.000455,0.232217,0.439874,-0.014683,83460.992188,0.918316,0.000000,0.000000,0.000000,0.000000,0.000000,0.000000,0.000000,0.000000,0.000000,-57.612755,2834.761963
23.201053,1.000000,-4652.068359,-0.338063,1559.292875,860.432129,2821.498047,306.932068,306.592743,312.993488,-16.292812,-0.005637,3.360770,-58.637028,-20.009852,-19.932903,861.178467,-0.036099,-0.002381,0.000457,0.204450,0.416665,-0.007384,83460.992188,0.914091,0.000000,0.000000,0.000000,0.000000,0.000000,0.000000,0.000000,0.000000,0.000000,-57.634819,2823.929443
23.255825,1.000000,-4643.317383,-0.320056,1556.080348,857.218506,2811.022217,306.937042,306.648529,312.986192,-16.292969,-0.006697,3.368736,-58.660877,-20.017774,-19.932451,857.993347,-0.033025,-0.002380,0.000458,0.177064,0.393302,0.001405,83460.992188,0.910221,0.000000,0.000000,0.000000,0.000000,0.000000,0.000000,0.000000,0.000000,0.000000,-57.659393,2813.453613
23.310947,1.000000,-4634.456055,-0.301912,1552.845866,853.982910,2800.409668,306.943695,306.709930,312.982959,-16.292595,-0.007752,3.377902,-58.687786,-20.026417,-19.931915,854.768127,-0.029808,-0.002375,0.000459,0.149503,0.369367,0.011662,83460.992188,0.906669,0.000000,0.000000,0.000000,0.000000,0.000000,0.000000,0.000000,0.000000,0.000000,-57.686867,2802.841064
23.365659,1.000000,-4625.615723,-0.283899,1549.633878,850.769897,2789.817383,306.952118,306.776917,312.984086,-16.291630,-0.008790,3.388180,-58.717323,-20.035628,-19.931297,851.550476,-0.026517,-0.002370,0.000460,0.122147,0.345234,0.023260,83460.992188,0.903107,0.000000,0.000000,0.000000,0.000000,0.000000,0.000000,0.000000,0.000000,0.000000,-57.716789,2792.248535
23.422742,1.000000,-4616.505859,-0.265426,1546.280880,847.415710,2778.895752,306.963104,306.851624,312.989840,-16.289906,-0.009873,3.400184,-58.750431,-20.045687,-19.930552,848.234741,-0.023079,-0.002370,0.000461,0.105000,0.319888,0.036625,83460.992188,0.899758,0.000000,0.000000,0.000000,0.000000,0.000000,0.000000,0.000000,0.000000,0.000000,-57.750671,2781.332520
23.477971,1.000000,-4607.546875,-0.247350,1543.034881,844.168518,2768.148682,306.976044,306.930054,313.000014,-16.287458,-0.010911,3.413088,-58.785522,-20.056106,-19.929714,844.973938,-0.019644,-0.002368,0.000462,0.105000,0.297342,0.051257,83460.992188,0.897082,0.000000,0.000000,0.000000,0.000000,0.000000,0.000000,0.000000,0.000000,0.000000,-57.785896,2770.585693
23.533017,1.000000,-4598.759277,-0.229706,1539.797651,840.930054,2757.601563,306.991425,307.012451,313.013954,-16.284157,-0.011933,3.427217,-58.822014,-20.066740,-19.928789,841.775513,-0.016440,-0.002366,0.000463,0.105000,0.277225,0.067909,83460.992188,0.894755,0.000000,0.000000,0.000000,0.000000,0.000000,0.000000,0.000000,0.000000,0.000000,-57.823044,2760.038574
23.583269,1.000000,-4590.707520,-0.213616,1536.840535,837.972473,2747.932129,307.007660,307.091339,313.030090,-16.280294,-0.012863,3.441191,-58.856857,-20.076725,-19.927853,838.844910,-0.013627,-0.002366,0.000464,0.105000,0.260701,0.084690,83460.992188,0.893478,0.000000,0.000000,0.000000,0.000000,0.000000,0.000000,0.000000,0.000000,0.000000,-57.858307,2750.369141
23.639986,1.000000,-4581.590332,-0.195483,1533.500827,834.632019,2736.976563,307.028717,307.184662,313.051831,-16.274879,-0.013900,3.458172,-58.897495,-20.088195,-19.926676,835.526550,-0.010638,-0.002365,0.000465,0.105000,0.243947,0.105450,83460.992188,0.892735,0.000000,0.000000,0.000000,0.000000,0.000000,0.000000,0.000000,0.000000,0.000000,-57.899231,2739.396973
23.696097,1.000000,-4572.538574,-0.177573,1530.194503,831.324890,2726.093262,307.052338,307.280243,313.076894,-16.268307,-0.014917,3.476181,-58.938599,-20.099612,-19.925400,832.231995,-0.007897,-0.002365,0.000466,0.105000,0.229148,0.127364,83460.992188,0.893333,0.000000,0.000000,0.000000,0.000000,0.000000,0.000000,0.000000,0.000000,0.000000,-57.940361,2728.513672
23.752804,1.000000,-4563.424805,-0.159630,1526.850717,827.980347,2715.128174,307.079285,307.379974,313.105517,-16.260386,-0.015935,3.495498,-58.980145,-20.110954,-19.923990,828.914856,-0.005415,-0.002367,0.000467,0.105000,0.215792,0.150312,83460.992188,0.894461,0.000000,0.000000,0.000000,0.000000,0.000000,0.000000,0.000000,0.000000,0.000000,-57.982040,2717.548584
23.802835,1.000000,-4555.408691,-0.143925,1523.898639,825.027649,2705.477783,307.105469,307.470612,313.133339,-16.252312,-0.016824,3.513376,-59.016415,-20.120685,-19.922649,825.997192,-0.003471,-0.002368,0.000468,0.105000,0.205207,0.170832,83460.992188,0.895631,0.000000,0.000000,0.000000,0.000000,0.000000,0.000000,0.000000,0.000000,0.000000,-58.018520,2707.992920
23.859917,1.000000,-4546.242676,-0.126054,1520.528314,821.656494,2694.437012,307.138397,307.575653,313.168101,-16.241852,-0.017832,3.534608,-59.057209,-20.131421,-19.921013,822.661072,-0.001484,-0.002369,0.000468,0.105000,0.194359,0.194018,83460.992188,0.898216,0.000000,0.000000,0.000000,0.000000,0.000000,0.000000,0.000000,0.000000,0.000000,-58.059364,2696.952148
23.917049,1.000000,-4537.048340,-0.108223,1517.152744,818.280090,2683.355957,307.174500,307.682831,313.206007,-16.230078,-0.018833,3.556597,-59.096977,-20.141646,-19.919266,819.314575,0.000266,-0.002365,0.000466,0.105000,0.184677,0.216451,83460.992188,0.901570,0.000000,0.000000,0.000000,0.000000,0.000000,0.000000,0.000000,0.000000,0.000000,-58.099018,2685.871094
23.968642,1.000000,-4528.716309,-0.092148,1514.102534,815.229126,2673.308594,307.209778,307.781647,313.242876,-16.218380,-0.019729,3.576934,-59.131622,-20.150323,-19.917587,816.281982,0.001659,-0.002372,0.000464,0.105000,0.176838,0.235636,83460.992188,0.904808,0.000000,0.000000,0.000000,0.000000,0.000000,0.000000,0.000000,0.000000,0.000000,-58.133430,2675.823730
24.025110,1.000000,-4519.659180,-0.074764,1510.762131,811.887878,2662.382080,307.251373,307.890259,313.285498,-16.204470,-0.020695,3.599607,-59.167618,-20.159079,-19.915682,812.985474,0.002887,-0.002378,0.000463,0.105000,0.169141,0.255436,83460.992188,0.908938,0.000000,0.000000,0.000000,0.000000,0.000000,0.000000,0.000000,0.000000,0.000000,-58.169373,2664.772949
24.081934,1.000000,-4510.468750,-0.057219,1507.398690,808.523621,2651.289307,307.296204,308.001709,313.331502,-16.189402,-0.021654,3.622652,-59.202000,-20.167127,-19.913658,809.640442,0.003961,-0.002383,0.000462,0.105000,0.162227,0.273479,83460.992188,0.913597,0.000000,0.000000,0.000000,0.000000,0.000000,0.000000,0.000000,0.000000,0.000000,-58.203373,2653.680176
24.134513,1.000000,-4501.964355,-0.041071,1504.284848,805.408936,2641.020264,307.340393,308.103821,313.376319,-16.174591,-0.022528,3.644047,-59.231758,-20.173794,-19.911709,806.545044,0.004800,-0.002391,0.000461,0.105000,0.156493,0.288202,83460.992188,0.919064,0.000000,0.000000,0.000000,0.000000,0.000000,0.000000,0.000000,0.000000,0.000000,-58.232716,2643.411133
24.191335,1.000000,-4492.882324,-0.023919,1500.918071,802.041382,2630.049561,307.390839,308.217194,313.426535,-16.157780,-0.023459,3.667100,-59.261089,-20.180005,-19.909561,803.239502,0.005398,-0.002395,0.000461,0.105000,0.150943,0.302258,83460.992188,0.923239,0.000000,0.000000,0.000000,0.000000,0.000000,0.000000,0.000000,0.000000,0.000000,-58.262066,2632.440674
24.245097,1.000000,-4484.183594,-0.007583,1497.731137,798.853516,2619.539551,307.441254,308.324188,313.476810,-16.141201,-0.024329,3.688672,-59.286747,-20.185061,-19.907461,800.073425,0.005886,-0.002404,0.000460,0.105000,0.146242,0.313166,83460.992188,0.928234,0.000000,0.000000,0.000000,0.000000,0.000000,0.000000,0.000000,0.000000,0.000000,-58.287334,2621.969727
24.301374,1.000000,-4475.158203,0.009273,1494.393746,795.515381,2608.631348,307.496582,308.436096,313.531029,-16.123276,-0.025224,3.710905,-59.310848,-20.189394,-19.905224,796.788452,0.006177,-0.002410,0.000460,0.105000,0.141837,0.322600,83460.992188,0.933462,0.000000,0.000000,0.000000,0.000000,0.000000,0.000000,0.000000,0.000000,0.000000,-58.311253,2611.061279
24.356732,1.000000,-4466.270508,0.025775,1491.109623,792.230286,2597.887695,307.553528,308.546021,313.586347,-16.105204,-0.026095,3.732278,-59.331955,-20.192723,-19.902992,793.553589,0.006325,-0.002417,0.000460,0.105000,0.137963,0.329565,83460.992188,0.938684,0.000000,0.000000,0.000000,0.000000,0.000000,0.000000,0.000000,0.000000,0.000000,-58.332130,2600.317871
24.412845,1.000000,-4457.193848,0.042528,1487.779612,788.899414,2586.913330,307.613586,308.657990,313.644838,-16.086550,-0.026967,3.753302,-59.350792,-20.195154,-19.900675,790.249939,0.006384,-0.002425,0.000461,0.105000,0.134452,0.334238,83460.992188,0.944098,0.000000,0.000000,0.000000,0.000000,0.000000,0.000000,0.000000,0.000000,0.000000,-58.350571,2589.381836
24.470433,1.000000,-4448.259766,0.058921,1484.361077,785.479919,2576.110596,307.677734,308.768677,313.704159,-16.067211,-0.027843,3.774095,-59.366657,-20.196605,-19.898380,786.998169,0.006196,-0.002428,0.000461,0.105000,0.131237,0.336679,83460.992188,0.949246,0.000000,0.000000,0.000000,0.000000,0.000000,0.000000,0.000000,0.000000,0.000000,-58.366699,2578.579102
24.527437,1.000000,-4438.760254,0.076244,1480.976382,782.094299,2564.623535,307.743530,308.885956,313.769116,-16.048004,-0.028699,3.793769,-59.380688,-20.197148,-19.895929,783.540649,0.006112,-0.002439,0.000462,0.105000,0.128401,0.336769,83460.992188,0.954478,0.000000,0.000000,0.000000,0.000000,0.000000,0.000000,0.000000,0.000000,0.000000,-58.379898,2567.092041
24.578001,1.000000,-4430.544922,0.091137,1477.973505,779.090515,2554.689209,307.803772,308.987000,313.826658,-16.031008,-0.029447,3.810409,-59.390514,-20.196815,-19.893814,780.550537,0.005883,-0.002446,0.000462,0.105000,0.126142,0.335073,83460.992188,0.958934,0.000000,0.000000,0.000000,0.000000,0.000000,0.000000,0.000000,0.000000,0.000000,-58.389378,2557.157715
24.633322,1.000000,-4421.621094,0.107220,1474.687639,775.803711,2543.898926,307.871429,309.096832,313.890517,-16.012569,-0.030252,3.827658,-59.398857,-20.195646,-19.891527,777.302490,0.005537,-0.002450,0.000463,0.105000,0.123920,0.331442,83460.992188,0.963560,0.000000,0.000000,0.000000,0.000000,0.000000,0.000000,0.000000,0.000000,0.000000,-58.397446,2546.254150
24.688945,1.000000,-4412.754395,0.123101,1471.383457,772.498535,2533.178467,307.941406,309.205475,313.955267,-15.994286,-0.031052,3.843928,-59.404816,-20.193679,-19.889269,774.075317,0.005117,-0.002455,0.000464,0.105000,0.121922,0.326000,83460.992188,0.968002,0.000000,0.000000,0.000000,0.000000,0.000000,0.000000,0.000000,0.000000,0.000000,-58.403191,2535.533691
24.743728,1.000000,-4403.850098,0.138950,1468.128926,769.243042,2522.414063,308.012115,309.314331,314.021469,-15.976623,-0.031825,3.858859,-59.408573,-20.190940,-19.887028,770.834412,0.004663,-0.002461,0.000465,0.105000,0.120160,0.319016,83460.992188,0.972185,0.000000,0.000000,0.000000,0.000000,0.000000,0.000000,0.000000,0.000000,0.000000,-58.406654,2524.769287
24.799283,1.000000,-4394.895996,0.154785,1464.828401,765.941528,2511.591553,308.085449,309.423065,314.089155,-15.959145,-0.032600,3.872841,-59.410240,-20.187460,-19.884813,767.575378,0.004147,-0.002468,0.000466,0.105000,0.118560,0.310462,83460.992188,0.976138,0.000000,0.000000,0.000000,0.000000,0.000000,0.000000,0.000000,0.000000,0.000000,-58.408073,2513.965332
24.849800,1.000000,-4386.770508,0.169068,1461.827164,762.939392,2501.771973,308.153595,309.521576,314.151383,-15.943698,-0.033297,3.884533,-59.410034,-20.183720,-19.882826,764.617920,0.003660,-0.002472,0.000467,0.105000,0.117253,0.301536,83460.992188,0.979471,0.000000,0.000000,0.000000,0.000000,0.000000,0.000000,0.000000,0.000000,0.000000,-58.407650,2504.145752
24.906437,1.000000,-4377.692871,0.184925,1458.462414,759.573608,2490.804688,308.231537,309.631531,314.221827,-15.926949,-0.034062,3.896451,-59.407982,-20.178919,-19.880661,761.313965,0.003080,-0.002477,0.000468,0.105000,0.115936,0.290363,83460.992188,0.982965,0.000000,0.000000,0.000000,0.000000,0.000000,0.000000,0.000000,0.000000,0.000000,-58.405350,2493.178467
24.962923,1.000000,-4368.548828,0.200790,1455.106817,756.216980,2479.760254,308.310760,309.741486,314.293517,-15.910904,-0.034816,3.907093,-59.404156,-20.173493,-19.878538,757.985779,0.002474,-0.002483,0.000469,0.105000,0.114764,0.278169,83460.992188,0.986138,0.000000,0.000000,0.000000,0.000000,0.000000,0.000000,0.000000,0.000000,0.000000,-58.401314,2482.134033
25.017859,1.000000,-4359.558594,0.216283,1451.843564,752.952637,2468.905273,308.389252,309.849609,314.364644,-15.895990,-0.035538,3.916228,-59.398792,-20.167622,-19.876511,754.713623,0.001850,-0.002488,0.000470,0.105000,0.113745,0.265442,83460.992188,0.989000,0.000000,0.000000,0.000000,0.000000,0.000000,0.000000,0.000000,0.000000,0.000000,-58.395828,2471.260498
25.073612,1.000000,-4350.654297,0.231523,1448.532130,749.640198,2458.157471,308.470154,309.955994,314.435681,-15.881593,-0.036259,3.924288,-59.392071,-20.161335,-19.874561,751.472717,0.001254,-0.002490,0.000472,0.105000,0.112819,0.251816,83460.992188,0.991528,0.000000,0.000000,0.000000,0.000000,0.000000,0.000000,0.000000,0.000000,0.000000,-58.388863,2460.512451
25.130414,1.000000,-4341.467773,0.247139,1445.158830,746.265808,2447.072754,308.553864,310.065002,314.509507,-15.867723,-0.036982,3.931278,-59.383835,-20.154413,-19.872618,748.129089,0.000620,-0.002497,0.000473,0.105000,0.111977,0.237386,83460.992188,0.993736,0.000000,0.000000,0.000000,0.000000,0.000000,0.000000,0.000000,0.000000,0.000000,-58.380482,2449.427979
25.184396,1.000000,-4332.676270,0.261981,1441.953473,743.059448,2436.469238,308.634430,310.169739,314.580514,-15.855310,-0.037656,3.936789,-59.374840,-20.147423,-19.870836,744.929260,0.000001,-0.002499,0.000474,0.105000,0.111260,0.223197,83460.992188,0.995741,0.000000,0.000000,0.000000,0.000000,0.000000,0.000000,0.000000,0.000000,0.000000,-58.371422,2438.824219
25.239781,1.000000,-4323.860352,0.276760,1438.665345,739.770264,2425.840332,308.718414,310.274078,314.652026,-15.843388,-0.038340,3.941326,-59.364880,-20.140105,-19.869122,741.720520,-0.000563,-0.002502,0.000476,0.105000,0.110602,0.208364,83460.992188,0.997403,0.000000,0.000000,0.000000,0.000000,0.000000,0.000000,0.000000,0.000000,0.000000,-58.361187,2428.231934
25.295077,1.000000,-4314.826660,0.291799,1435.383090,736.486816,2414.953125,308.803345,310.380463,314.725555,-15.832302,-0.039014,3.944770,-59.353844,-20.132335,-19.867439,738.432495,-0.001189,-0.002506,0.000477,0.105000,0.110013,0.193415,83460.992188,0.998772,0.000000,0.000000,0.000000,0.000000,0.000000,0.000000,0.000000,0.000000,0.000000,-58.350170,2417.344971
25.350814,1.000000,-4305.859375,0.306620,1432.075294,733.177917,2404.150879,308.889862,310.486176,314.798610,-15.821967,-0.039686,3.947187,-59.342197,-20.124406,-19.865854,735.168701,-0.001753,-0.002508,0.000479,0.105000,0.109483,0.178274,83460.992188,1.000036,0.000000,0.000000,0.000000,0.000000,0.000000,0.000000,0.000000,0.000000,0.000000,-58.338364,2406.542725
25.403407,1.000000,-4297.320313,0.320635,1428.954705,730.056274,2393.869141,308.972534,310.584625,314.868312,-15.812992,-0.040307,3.948538,-59.330574,-20.116683,-19.864422,732.060730,-0.002317,-0.002511,0.000480,0.105000,0.109033,0.164161,83460.992188,1.000396,0.000000,0.000000,0.000000,0.000000,0.000000,0.000000,0.000000,0.000000,0.000000,-58.326756,2396.260742
25.459263,1.000000,-4288.298340,0.335340,1425.641185,726.741638,2383.010254,309.061249,310.692108,314.942049,-15.804268,-0.040964,3.949008,-59.317867,-20.108388,-19.862988,728.776978,-0.002850,-0.002515,0.000482,0.105000,0.108606,0.149112,83460.992188,1.001654,0.000000,0.000000,0.000000,0.000000,0.000000,0.000000,0.000000,0.000000,0.000000,-58.313934,2385.352539
25.510747,1.000000,-4280.031738,0.348720,1422.587666,723.686951,2373.064697,309.143799,310.788483,315.009497,-15.796968,-0.041562,3.948627,-59.305916,-20.100701,-19.861746,725.768188,-0.003306,-0.002515,0.000483,0.105000,0.108252,0.135526,83460.992188,1.002064,0.000000,0.000000,0.000000,0.000000,0.000000,0.000000,0.000000,0.000000,0.000000,-58.301857,2375.406982
25.567073,1.000000,-4270.862793,0.363454,1419.247685,720.354797,2362.039551,309.235138,310.895416,315.084213,-15.789774,-0.042203,3.947359,-59.292435,-20.092114,-19.860470,722.430969,-0.003842,-0.002519,0.000485,0.105000,0.107904,0.120902,83460.992188,1.002391,0.000000,0.000000,0.000000,0.000000,0.000000,0.000000,0.000000,0.000000,0.000000,-58.288422,2364.381836
25.624298,1.000000,-4261.734863,0.378014,1415.855175,716.971436,2351.067871,309.328613,311.001526,315.158424,-15.783296,-0.042845,3.945214,-59.278881,-20.083536,-19.859272,719.108704,-0.004261,-0.002519,0.000487,0.105000,0.107589,0.106420,83460.992188,1.002454,0.000000,0.000000,0.000000,0.000000,0.000000,0.000000,0.000000,0.000000,0.000000,-58.274651,2353.359131
25.674538,1.000000,-4253.583008,0.390922,1412.877411,714.001648,2341.274414,309.411469,311.096283,315.224597,-15.778279,-0.043405,3.942664,-59.266769,-20.075882,-19.858286,716.141663,-0.004678,-0.002521,0.000489,0.105000,0.107341,0.094119,83460.992188,1.002397,0.000000,0.000000,0.000000,0.000000,0.000000,0.000000,0.000000,0.000000,0.000000,-58.262558,2343.565674
25.731290,1.000000,-4244.319824,0.405484,1409.514404,710.647644,2330.150635,309.505890,311.203491,315.299549,-15.773344,-0.044027,3.939095,-59.253056,-20.067217,-19.857254,712.770142,-0.005151,-0.002524,0.000490,0.105000,0.107089,0.080668,83460.992188,1.002094,0.000000,0.000000,0.000000,0.000000,0.000000,0.000000,0.000000,0.000000,0.000000,-58.248966,2332.441895
25.788727,1.000000,-4235.101074,0.419864,1406.111586,707.253967,2319.085449,309.602203,311.310883,315.373761,-15.769114,-0.044650,3.934787,-59.239574,-20.058671,-19.856314,709.414795,-0.005518,-0.002523,0.000492,0.105000,0.106861,0.067594,83460.992188,1.001799,0.000000,0.000000,0.000000,0.000000,0.000000,0.000000,0.000000,0.000000,0.000000,-58.235371,2321.376709
25.845096,1.000000,-4225.902344,0.434101,1402.772792,703.924133,2308.049561,309.697449,311.417419,315.447497,-15.765676,-0.045252,3.929950,-59.226349,-20.050235,-19.855463,706.066711,-0.005922,-0.002523,0.000494,0.105000,0.106662,0.055341,83460.992188,1.001209,0.000000,0.000000,0.000000,0.000000,0.000000,0.000000,0.000000,0.000000,0.000000,-58.222275,2310.565186
25.900683,1.000000,-4216.816406,0.448056,1399.481030,700.641235,2297.153320,309.792145,311.522766,315.520017,-15.762940,-0.045841,3.924629,-59.213585,-20.042017,-19.854702,702.759705,-0.006295,-0.002526,0.000496,0.105000,0.106487,0.043839,83460.992188,1.000563,0.000000,0.000000,0.000000,0.000000,0.000000,0.000000,0.000000,0.000000,0.000000,-58.209660,2299.669189
25.955763,1.000000,-4207.859863,0.461705,1396.219974,697.388855,2286.417969,309.886627,311.626556,315.591114,-15.760847,-0.046414,3.918879,-59.201359,-20.034053,-19.854050,699.499756,-0.006626,-0.002528,0.000498,0.105000,0.106331,0.033011,83460.992188,0.999825,0.000000,0.000000,0.000000,0.000000,0.000000,0.000000,0.000000,0.000000,0.000000,-58.197514,2288.933838
26.010027,1.000000,-4199.126953,0.474913,1393.007873,694.185242,2275.954590,309.980438,311.727417,315.660016,-15.759342,-0.046973,3.912827,-59.189877,-20.026452,-19.853477,696.321289,-0.006890,-0.002531,0.000500,0.105000,0.106194,0.023121,83460.992188,0.998976,0.000000,0.000000,0.000000,0.000000,0.000000,0.000000,0.000000,0.000000,0.000000,-58.185997,2278.470459
26.066070,1.000000,-4190.011230,0.488595,1389.691108,690.877441,2265.037109,310.077911,311.832703,315.731498,-15.758342,-0.047543,3.906167,-59.178284,-20.018668,-19.852961,693.003418,-0.007167,-0.002533,0.000502,0.105000,0.106067,0.013333,83460.992188,0.998016,0.000000,0.000000,0.000000,0.000000,0.000000,0.000000,0.000000,0.000000,0.000000,-58.174500,2267.631348
26.116146,1.000000,-4181.916016,0.500653,1386.728019,687.922241,2255.346191,310.165588,311.926056,315.794646,-15.757895,-0.048044,3.899925,-59.168419,-20.011911,-19.852573,690.057007,-0.007380,-0.002533,0.000504,0.105000,0.105965,0.005162,83460.992188,0.997085,0.000000,0.000000,0.000000,0.000000,0.000000,0.000000,0.000000,0.000000,0.000000,-58.164661,2257.940186
26.167423,1.000000,-4173.634277,0.512900,1383.694362,684.896667,2245.435547,310.255829,312.021484,315.858832,-15.757849,-0.048547,3.893290,-59.158779,-20.005166,-19.852245,687.042664,-0.007581,-0.002533,0.000506,0.105000,0.105870,-0.002653,83460.992188,0.996118,0.000000,0.000000,0.000000,0.000000,0.000000,0.000000,0.000000,0.000000,0.000000,-58.155045,2248.029785
26.218215,1.000000,-4165.424316,0.524955,1380.689873,681.900085,2235.614014,310.345734,312.116058,315.922128,-15.758180,-0.049041,3.886508,-59.149673,-19.998641,-19.851971,684.054504,-0.007755,-0.002532,0.000508,0.105000,0.105786,-0.009905,83460.992188,0.995058,0.000000,0.000000,0.000000,0.000000,0.000000,0.000000,0.000000,0.000000,0.000000,-58.145977,2238.208252
26.269838,1.000000,-4157.026367,0.537195,1377.636686,678.855103,2225.571533,310.437592,312.212860,315.986462,-15.758884,-0.049532,3.879430,-59.140873,-19.992153,-19.851755,680.997925,-0.007943,-0.002533,0.000510,0.105000,0.105709,-0.016720,83460.992188,0.993997,0.000000,0.000000,0.000000,0.000000,0.000000,0.000000,0.000000,0.000000,0.000000,-58.137272,2228.260498
26.322178,1.000000,-4148.568848,0.549430,1374.541538,675.768127,2215.460938,310.531128,312.310303,316.050826,-15.759942,-0.050028,3.872093,-59.132523,-19.985805,-19.851593,677.919617,-0.008086,-0.002532,0.000511,0.105000,0.105638,-0.023116,83460.992188,0.992927,0.000000,0.000000,0.000000,0.000000,0.000000,0.000000,0.000000,0.000000,0.000000,-58.128956,2218.149902
26.375146,1.000000,-4140.177734,0.561480,1371.409681,672.644592,2205.433350,310.626282,312.407166,316.114329,-15.761340,-0.050524,3.864532,-59.124752,-19.979690,-19.851494,674.865479,-0.008145,-0.002528,0.000513,0.105000,0.105573,-0.029122,83460.992188,0.991867,0.000000,0.000000,0.000000,0.000000,0.000000,0.000000,0.000000,0.000000,0.000000,-58.121082,2208.122314
26.431790,1.000000,-4130.645996,0.575058,1368.060915,669.304749,2194.046875,310.728455,312.516724,316.185900,-15.763169,-0.051047,3.856335,-59.116558,-19.972976,-19.851452,671.396240,-0.008425,-0.002533,0.000515,0.105000,0.105512,-0.035006,83460.992188,0.990537,0.000000,0.000000,0.000000,0.000000,0.000000,0.000000,0.000000,0.000000,0.000000,-58.113277,2196.735840
26.481820,1.000000,-4122.678223,0.586319,1365.103518,666.355164,2184.531982,310.819153,312.608063,316.245281,-15.765053,-0.051502,3.849021,-59.110233,-19.967554,-19.851477,668.496216,-0.008470,-0.002533,0.000517,0.105000,0.105463,-0.039775,83460.992188,0.989334,0.000000,0.000000,0.000000,0.000000,0.000000,0.000000,0.000000,0.000000,0.000000,-58.106918,2187.328857
26.532351,1.000000,-4114.358887,0.597991,1362.116816,663.376343,2174.600098,310.911102,312.703644,316.306946,-15.767177,-0.051954,3.841599,-59.104172,-19.962083,-19.851545,665.468201,-0.008615,-0.002532,0.000519,0.105000,0.105418,-0.044103,83460.992188,0.988190,0.000000,0.000000,0.000000,0.000000,0.000000,0.000000,0.000000,0.000000,0.000000,-58.101021,2177.396729
26.588680,1.000000,-4105.251953,0.610666,1358.787750,660.056030,2163.731201,311.014008,312.808716,316.373920,-15.769797,-0.052457,3.833290,-59.098141,-19.956316,-19.851679,662.153564,-0.008685,-0.002533,0.000521,0.105000,0.105374,-0.048527,83460.992188,0.987069,0.000000,0.000000,0.000000,0.000000,0.000000,0.000000,0.000000,0.000000,0.000000,-58.095047,2166.528076
26.639211,1.000000,-4097.009277,0.622049,1355.801619,657.077820,2153.896484,311.106628,312.903198,316.434131,-15.772347,-0.052899,3.825831,-59.093235,-19.951292,-19.851847,659.153442,-0.008773,-0.002534,0.000523,0.105000,0.105338,-0.052013,83460.992188,0.985883,0.000000,0.000000,0.000000,0.000000,0.000000,0.000000,0.000000,0.000000,0.000000,-58.090248,2156.790039
26.694763,1.000000,-4087.931152,0.634487,1352.519035,653.803894,2143.068359,311.208862,313.007813,316.500037,-15.775346,-0.053376,3.817641,-59.088421,-19.945969,-19.852087,655.849304,-0.008860,-0.002533,0.000525,0.105000,0.105302,-0.055493,83460.992188,0.984748,0.000000,0.000000,0.000000,0.000000,0.000000,0.000000,0.000000,0.000000,0.000000,-58.085548,2145.961914
26.750877,1.000000,-4078.835449,0.646847,1349.203491,650.497070,2132.222168,311.312500,313.111877,316.565558,-15.778549,-0.053847,3.809417,-59.084206,-19.940855,-19.852381,652.538757,-0.008913,-0.002530,0.000527,0.105000,0.105270,-0.058575,83460.992188,0.983442,0.000000,0.000000,0.000000,0.000000,0.000000,0.000000,0.000000,0.000000,0.000000,-58.081421,2135.115723
26.806679,1.000000,-4069.804443,0.659016,1345.906594,647.208862,2121.456299,311.415894,313.215698,316.630070,-15.781898,-0.054308,3.801297,-59.080631,-19.936001,-19.852722,649.251709,-0.008946,-0.002529,0.000529,0.105000,0.105241,-0.061253,83460.992188,0.982324,0.000000,0.000000,0.000000,0.000000,0.000000,0.000000,0.000000,0.000000,0.000000,-58.077919,2124.349854
26.862515,1.000000,-4060.700439,0.671182,1342.607867,643.918823,2110.606201,311.519653,313.320129,316.694700,-15.785389,-0.054768,3.793239,-59.077629,-19.931320,-19.853113,645.938110,-0.008996,-0.002530,0.000531,0.105000,0.105216,-0.063559,83460.992188,0.981158,0.000000,0.000000,0.000000,0.000000,0.000000,0.000000,0.000000,0.000000,0.000000,-58.075020,2113.541016
26.917655,1.000000,-4051.715332,0.683088,1339.350402,640.669800,2099.900391,311.622314,313.423340,316.758085,-15.788959,-0.055214,3.785363,-59.075233,-19.926901,-19.853544,642.667847,-0.009037,-0.002531,0.000533,0.105000,0.105193,-0.065513,83460.992188,0.980070,0.000000,0.000000,0.000000,0.000000,0.000000,0.000000,0.000000,0.000000,0.000000,-58.072723,2102.835205
26.987568,1.000000,-4042.504150,0.695191,1335.220361,636.550598,2088.927734,311.753448,313.528839,316.822597,-15.793623,-0.055764,3.775516,-59.073360,-19.922581,-19.854031,639.315247,-0.008378,-0.002515,0.000535,0.105000,0.105168,-0.067532,83460.992188,0.978812,0.000000,0.000000,0.000000,0.000000,0.000000,0.000000,0.000000,0.000000,0.000000,-58.070591,2091.862549
27.044285,1.000000,-4031.149902,0.709964,1331.869947,633.209045,2075.406006,311.859558,313.659027,316.901436,-15.797482,-0.056199,3.767696,-59.071846,-19.917544,-19.854691,635.182617,-0.009119,-0.002527,0.000537,0.105000,0.105150,-0.068687,83460.992188,0.977730,0.000000,0.000000,0.000000,0.000000,0.000000,0.000000,0.000000,0.000000,0.000000,-58.069534,2078.484619
27.100149,1.000000,-4022.012451,0.721738,1328.569972,629.917603,2064.526611,311.964325,313.763611,316.964465,-15.801358,-0.056615,3.760075,-59.071152,-19.913679,-19.855265,631.856873,-0.009145,-0.002525,0.000539,0.105000,0.105134,-0.069893,83460.992188,0.976674,0.000000,0.000000,0.000000,0.000000,0.000000,0.000000,0.000000,0.000000,0.000000,-58.068935,2067.605225
27.155701,1.000000,-4012.984131,0.733271,1325.288446,626.644653,2053.779541,312.068665,313.866852,317.026337,-15.805272,-0.057020,3.752619,-59.070972,-19.910043,-19.855869,628.570801,-0.009151,-0.002521,0.000540,0.105000,0.105120,-0.070845,83460.992188,0.975641,0.000000,0.000000,0.000000,0.000000,0.000000,0.000000,0.000000,0.000000,0.000000,-58.068848,2056.858154
27.212955,1.000000,-4003.763184,0.744947,1321.906372,623.271423,2042.805176,312.176544,313.972351,317.089158,-15.809351,-0.057429,3.745071,-59.071297,-19.906509,-19.856525,625.214661,-0.009137,-0.002517,0.000542,0.105000,0.105107,-0.071574,83460.992188,0.974679,0.000000,0.000000,0.000000,0.000000,0.000000,0.000000,0.000000,0.000000,0.000000,-58.069271,2045.883911
27.263088,1.000000,-3995.666748,0.755114,1318.944915,620.317688,2033.170776,312.271118,314.064972,317.143912,-15.812954,-0.057786,3.738578,-59.071980,-19.903554,-19.857124,622.267822,-0.009123,-0.002515,0.000544,0.105000,0.105096,-0.072051,83460.992188,0.973866,0.000000,0.000000,0.000000,0.000000,0.000000,0.000000,0.000000,0.000000,0.000000,-58.070042,2036.454956
27.318704,1.000000,-3986.460205,0.766578,1315.659511,617.040771,2022.217407,312.376038,314.170380,317.205873,-15.816972,-0.058168,3.731505,-59.073189,-19.900346,-19.857841,618.916870,-0.009175,-0.002513,0.000545,0.105000,0.105086,-0.072445,83460.992188,0.973021,0.000000,0.000000,0.000000,0.000000,0.000000,0.000000,0.000000,0.000000,0.000000,-58.071323,2025.501465
27.374718,1.000000,-3977.352783,0.777817,1312.350513,613.740295,2011.383667,312.481903,314.274506,317.266826,-15.821038,-0.058544,3.724511,-59.074818,-19.897329,-19.858580,615.602051,-0.009178,-0.002509,0.000547,0.105000,0.105077,-0.072708,83460.992188,0.972170,0.000000,0.000000,0.000000,0.000000,0.000000,0.000000,0.000000,0.000000,0.000000,-58.073040,2014.667847
27.425007,1.000000,-3969.135010,0.787872,1309.379626,610.777222,2001.609741,312.577026,314.368317,317.321402,-15.824696,-0.058875,3.718359,-59.076641,-19.894741,-19.859272,612.611023,-0.009193,-0.002509,0.000548,0.105000,0.105070,-0.072815,83460.992188,0.971446,0.000000,0.000000,0.000000,0.000000,0.000000,0.000000,0.000000,0.000000,0.000000,-58.074940,2004.893921
27.482075,2.000000,-3959.869873,0.799109,1306.008136,607.414429,1990.592041,312.685028,314.474060,317.382592,-15.828848,-0.059243,3.711522,-59.079086,-19.891965,-19.860083,609.238831,-0.009191,-0.002505,0.000549,0.105000,0.105062,-0.072862,83460.992188,0.970636,0.000000,0.000000,0.000000,0.000000,0.000000,0.000000,0.000000,0.000000,0.000000,-58.077480,1993.934204
27.537983,2.000000,-3950.693848,0.810137,1302.705025,604.119873,1979.681519,312.790985,314.579163,317.442951,-15.832922,-0.059594,3.704958,-59.081928,-19.889361,-19.860907,605.898987,-0.009227,-0.002503,0.000551,0.105000,0.105056,-0.072693,83460.992188,0.969951,0.000000,0.000000,0.000000,0.000000,0.000000,0.000000,0.000000,0.000000,0.000000,-58.080387,1983.023682
27.594789,2.000000,-3941.483887,0.821103,1299.348687,600.772095,1968.732544,312.898682,314.684692,317.503192,-15.837053,-0.059941,3.698409,-59.085083,-19.886862,-19.861765,602.546875,-0.009223,-0.002498,0.000552,0.105000,0.105050,-0.072662,83460.992188,0.969238,0.000000,0.000000,0.000000,0.000000,0.000000,0.000000,0.000000,0.000000,0.000000,-58.083641,1972.074585
27.647957,2.000000,-3933.033447,0.831075,1296.207121,597.638733,1958.687500,312.999481,314.780823,317.558124,-15.840914,-0.060258,3.692411,-59.088299,-19.884689,-19.862570,599.471130,-0.009179,-0.002497,0.000554,0.105000,0.105045,-0.072514,83460.992188,0.968519,0.000000,0.000000,0.000000,0.000000,0.000000,0.000000,0.000000,0.000000,0.000000,-58.087029,1962.029663
27.708660,2.000000,-3923.488037,0.842236,1292.620102,594.060913,1947.342407,313.114716,314.889954,317.619848,-15.845309,-0.060611,3.685698,-59.092262,-19.882357,-19.863503,595.996887,-0.009106,-0.002490,0.000555,0.105000,0.105039,-0.072335,83460.992188,0.967856,0.000000,0.000000,0.000000,0.000000,0.000000,0.000000,0.000000,0.000000,0.000000,-58.091240,1950.666870
27.765006,2.000000,-3913.734619,0.853528,1289.290308,590.739624,1935.751343,313.221466,315.001556,317.682580,-15.849377,-0.060928,3.679601,-59.096657,-19.880100,-19.864479,592.446960,-0.009250,-0.002490,0.000556,0.105000,0.105035,-0.072143,83460.992188,0.967284,0.000000,0.000000,0.000000,0.000000,0.000000,0.000000,0.000000,0.000000,0.000000,-58.095467,1939.075806
27.821007,2.000000,-3904.494385,0.864121,1285.980660,587.438599,1924.771729,313.327637,315.106903,317.741783,-15.853410,-0.061231,3.673651,-59.101105,-19.878065,-19.865429,589.083801,-0.009289,-0.002486,0.000557,0.105000,0.105031,-0.071975,83460.992188,0.966677,0.000000,0.000000,0.000000,0.000000,0.000000,0.000000,0.000000,0.000000,0.000000,-58.099949,1928.096191
27.873228,2.000000,-3896.071533,0.873689,1282.894177,584.400085,1914.764038,313.426697,315.202850,317.795498,-15.857162,-0.061511,3.668208,-59.105431,-19.876309,-19.866308,586.018127,-0.009280,-0.002483,0.000558,0.105000,0.105028,-0.071768,83460.992188,0.966137,0.000000,0.000000,0.000000,0.000000,0.000000,0.000000,0.000000,0.000000,0.000000,-58.104397,1918.282593
27.930752,2.000000,-3886.718018,0.884216,1279.493991,580.991211,1903.651978,313.535797,315.309723,317.854820,-15.861286,-0.061807,3.662318,-59.110485,-19.874457,-19.867308,582.613708,-0.009288,-0.002479,0.000560,0.105000,0.105025,-0.071579,83460.992188,0.965626,0.000000,0.000000,0.000000,0.000000,0.000000,0.000000,0.000000,0.000000,0.000000,-58.109550,1907.170654
27.985128,2.000000,-3877.794189,0.894163,1276.279603,577.524292,1893.051270,313.638885,315.411224,317.911116,-15.865176,-0.062076,3.656852,-59.115551,-19.872782,-19.868273,579.365723,-0.009307,-0.002476,0.000561,0.105000,0.105023,-0.071424,83460.992188,0.965106,0.000000,0.000000,0.000000,0.000000,0.000000,0.000000,0.000000,0.000000,0.000000,-58.114666,1896.569824
28.041079,2.000000,-3868.588867,0.904323,1272.971814,574.202454,1882.117188,313.744965,315.515839,317.968954,-15.869165,-0.062343,3.651330,-59.121025,-19.871146,-19.869287,576.015259,-0.009339,-0.002473,0.000562,0.105000,0.105020,-0.071231,83460.992188,0.964600,0.000000,0.000000,0.000000,0.000000,0.000000,0.000000,0.000000,0.000000,0.000000,-58.120178,1885.635864
28.092244,2.000000,-3860.271484,0.913417,1269.946698,571.137207,1872.238770,313.841949,315.610107,318.020890,-15.872808,-0.062586,3.646370,-59.126183,-19.869753,-19.870220,572.987976,-0.009349,-0.002469,0.000563,0.105000,0.105018,-0.071033,83460.992188,0.964126,0.000000,0.000000,0.000000,0.000000,0.000000,0.000000,0.000000,0.000000,0.000000,-58.125431,1874.989380
28.148994,2.000000,-3850.972412,0.923487,1266.591052,567.737122,1861.195190,313.949432,315.716003,318.078788,-15.876832,-0.062838,3.640956,-59.132160,-19.868270,-19.871275,569.603394,-0.009375,-0.002464,0.000564,0.105000,0.105016,-0.070863,83460.992188,0.963727,0.000000,0.000000,0.000000,0.000000,0.000000,0.000000,0.000000,0.000000,0.000000,-58.131458,1863.945679
28.204919,2.000000,-3841.820068,0.933300,1263.283851,564.385986,1850.326538,314.055267,315.819672,318.135588,-15.880794,-0.063078,3.635699,-59.138237,-19.866882,-19.872324,566.272217,-0.009399,-0.002462,0.000565,0.105000,0.105015,-0.070735,83460.992188,0.963256,0.000000,0.000000,0.000000,0.000000,0.000000,0.000000,0.000000,0.000000,0.000000,-58.137604,1853.077026
28.261114,2.000000,-3832.663086,0.943020,1259.960333,561.018433,1839.453247,314.161682,315.923706,318.192151,-15.884767,-0.063309,3.630502,-59.144520,-19.865572,-19.873388,562.939331,-0.009416,-0.002455,0.000566,0.105000,0.105013,-0.070634,83460.992188,0.962879,0.000000,0.000000,0.000000,0.000000,0.000000,0.000000,0.000000,0.000000,0.000000,-58.143974,1842.203857
28.313609,2.000000,-3824.183838,0.951932,1256.855316,558.000610,1829.385742,314.261017,316.019562,318.244235,-15.888474,-0.063525,3.625725,-59.150524,-19.864434,-19.874390,559.853149,-0.009424,-0.002451,0.000567,0.105000,0.105012,-0.070509,83460.992188,0.962491,0.000000,0.000000,0.000000,0.000000,0.000000,0.000000,0.000000,0.000000,0.000000,-58.150124,1831.710327
28.370273,2.000000,-3814.795898,0.961702,1253.503344,554.700317,1818.239624,314.368073,316.125671,318.301718,-15.892469,-0.063740,3.620640,-59.157345,-19.863238,-19.875505,556.436218,-0.009472,-0.002448,0.000567,0.105000,0.105010,-0.070449,83460.992188,0.962058,0.000000,0.000000,0.000000,0.000000,0.000000,0.000000,0.000000,0.000000,0.000000,-58.156925,1820.564209
28.427190,2.000000,-3805.519775,0.971254,1250.136015,551.384949,1807.227051,314.475555,316.230865,318.358340,-15.896482,-0.063948,3.615597,-59.164268,-19.862124,-19.876619,553.059998,-0.009493,-0.002444,0.000568,0.105000,0.105009,-0.070422,83460.992188,0.961715,0.000000,0.000000,0.000000,0.000000,0.000000,0.000000,0.000000,0.000000,0.000000,-58.163948,1809.551636
28.478145,2.000000,-3797.221924,0.979715,1247.121069,548.416504,1797.376465,314.571747,316.324707,318.408734,-15.900066,-0.064131,3.611151,-59.170612,-19.861190,-19.877625,550.039795,-0.009510,-0.002439,0.000569,0.105000,0.105008,-0.070405,83460.992188,0.961395,0.000000,0.000000,0.000000,0.000000,0.000000,0.000000,0.000000,0.000000,0.000000,-58.170383,1800.286011
28.528607,2.000000,-3788.922607,0.988096,1244.134969,545.476501,1787.524536,314.666840,316.418396,318.459009,-15.903617,-0.064304,3.606797,-59.177086,-19.860302,-19.878637,547.019104,-0.009545,-0.002435,0.000570,0.105000,0.105008,-0.070417,83460.992188,0.961081,0.000000,0.000000,0.000000,0.000000,0.000000,0.000000,0.000000,0.000000,0.000000,-58.176888,1790.434204
28.578718,2.000000,-3780.763672,0.996257,1241.169314,542.556519,1777.839722,314.761230,316.510529,318.508216,-15.907147,-0.064464,3.602522,-59.183582,-19.859483,-19.879641,544.049500,-0.009559,-0.002431,0.000570,0.105000,0.105007,-0.070465,83460.992188,0.960770,0.000000,0.000000,0.000000,0.000000,0.000000,0.000000,0.000000,0.000000,0.000000,-58.183479,1780.749268
28.629011,2.000000,-3772.611328,1.004334,1238.192554,539.625610,1768.163208,314.855957,316.602295,318.557215,-15.910698,-0.064616,3.598271,-59.190193,-19.858712,-19.880650,541.082275,-0.009569,-0.002427,0.000571,0.105000,0.105006,-0.070527,83460.992188,0.960453,0.000000,0.000000,0.000000,0.000000,0.000000,0.000000,0.000000,0.000000,0.000000,-58.190220,1771.072754
28.679868,2.000000,-3764.243896,1.012543,1235.182067,536.661499,1758.231812,314.951691,316.696472,318.607282,-15.914289,-0.064765,3.594028,-59.197105,-19.857972,-19.881693,538.036804,-0.009603,-0.002423,0.000572,0.105000,0.105006,-0.070583,83460.992188,0.960145,0.000000,0.000000,0.000000,0.000000,0.000000,0.000000,0.000000,0.000000,0.000000,-58.197163,1761.724243
28.730915,2.000000,-3756.045898,1.020507,1232.159976,533.686096,1748.501953,315.047638,316.788605,318.656104,-15.917896,-0.064907,3.589807,-59.203991,-19.857297,-19.882721,535.052979,-0.009599,-0.002417,0.000572,0.105000,0.105005,-0.070667,83460.992188,0.959842,0.000000,0.000000,0.000000,0.000000,0.000000,0.000000,0.000000,0.000000,0.000000,-58.204250,1751.994385
28.784903,2.000000,-3747.115967,1.029093,1228.963377,530.538696,1737.903564,315.149139,316.888977,318.709256,-15.921717,-0.065052,3.585388,-59.211632,-19.856606,-19.883844,531.802734,-0.009648,-0.002413,0.000573,0.105000,0.105005,-0.070722,83460.992188,0.959544,0.000000,0.000000,0.000000,0.000000,0.000000,0.000000,0.000000,0.000000,0.000000,-58.211887,1741.395996
28.837493,2.000000,-3738.673584,1.037126,1225.849156,527.472229,1727.884277,315.247833,316.984131,318.759323,-15.925443,-0.065188,3.581123,-59.218964,-19.855997,-19.884914,528.729919,-0.009648,-0.002409,0.000573,0.105000,0.105004,-0.070859,83460.992188,0.959294,0.000000,0.000000,0.000000,0.000000,0.000000,0.000000,0.000000,0.000000,0.000000,-58.219433,1731.376709
28.890876,2.000000,-3729.722656,1.045552,1222.687569,524.359253,1717.261841,315.347900,317.084381,318.812208,-15.929234,-0.065307,3.576840,-59.226871,-19.855405,-19.886053,525.472046,-0.009714,-0.002406,0.000574,0.105000,0.105004,-0.070971,83460.992188,0.958982,0.000000,0.000000,0.000000,0.000000,0.000000,0.000000,0.000000,0.000000,0.000000,-58.227230,1721.356445
28.942554,2.000000,-3721.189941,1.053500,1219.626564,521.345154,1707.135986,315.444580,317.180389,318.862365,-15.932908,-0.065417,3.572729,-59.234509,-19.854885,-19.887144,522.366394,-0.009748,-0.002400,0.000575,0.105000,0.105003,-0.071141,83460.992188,0.958758,0.000000,0.000000,0.000000,0.000000,0.000000,0.000000,0.000000,0.000000,0.000000,-58.234875,1711.230591
28.994426,2.000000,-3712.646240,1.061374,1216.553671,518.319458,1696.997437,315.541656,317.275818,318.912462,-15.936606,-0.065523,3.568637,-59.242268,-19.854407,-19.888241,519.256775,-0.009782,-0.002398,0.000575,0.105000,0.105003,-0.071309,83460.992188,0.958440,0.000000,0.000000,0.000000,0.000000,0.000000,0.000000,0.000000,0.000000,0.000000,-58.242661,1701.092041
29.049196,2.000000,-3703.864502,1.069380,1213.308518,515.124023,1686.576538,315.644073,317.375519,318.960393,-15.939991,-0.065667,3.568618,-59.256729,-19.856124,-19.844910,516.062988,0.022999,-0.002241,0.000614,0.105000,0.105003,-0.030560,83460.992188,0.896202,0.000000,0.000000,0.000000,0.000000,0.000000,0.000000,0.000000,0.000000,0.000000,-58.261971,1690.671143
29.104151,2.000000,-3694.782959,1.077577,1210.050025,511.915527,1675.793457,315.746704,317.478790,318.980088,-15.936030,-0.065909,3.591381,-59.315590,-19.873173,-19.775419,512.771790,0.062273,-0.002176,0.000687,0.105000,0.105002,0.183534,83460.992188,0.822084,0.000000,0.000000,0.000000,0.000000,0.000000,0.000000,0.000000,0.000000,0.000000,-58.325684,1680.550415
29.155816,2.000000,-3686.309814,1.085159,1206.982682,508.895081,1665.718872,315.842804,317.574066,318.978308,-15.918433,-0.066127,3.634882,-59.396881,-19.898374,-19.709743,509.712311,0.088833,-0.002144,0.000744,0.105000,0.105002,0.485410,83460.992188,0.794607,0.000000,0.000000,0.000000,0.000000,0.000000,0.000000,0.000000,0.000000,0.000000,-58.408955,1670.475830
29.211227,2.000000,-3677.115479,1.093318,1203.687912,505.650635,1654.767944,315.945251,317.676880,318.968194,-15.880703,-0.066341,3.703065,-59.494099,-19.928963,-19.637499,506.404694,0.110773,-0.002114,0.000794,0.105000,0.105002,0.857353,83460.992188,0.787510,0.000000,0.000000,0.000000,0.000000,0.000000,0.000000,0.000000,0.000000,0.000000,-58.505650,1659.524902
29.265977,2.000000,-3668.235107,1.101130,1200.427282,502.439697,1644.171509,316.045319,317.774170,318.958406,-15.822717,-0.066527,3.789711,-59.585148,-19.957620,-19.566740,503.222137,0.125382,-0.002083,0.000834,0.105000,0.105002,1.236248,83460.992188,0.804129,0.000000,0.000000,0.000000,0.000000,0.000000,0.000000,0.000000,0.000000,0.000000,-58.596790,1648.928467
29.316849,2.000000,-3659.810303,1.108477,1197.393441,499.452087,1634.102417,316.136932,317.864685,318.954936,-15.750518,-0.066676,3.884591,-59.660526,-19.981071,-19.498747,500.213837,0.137134,-0.002057,0.000864,0.105000,0.105002,1.575279,83460.992188,0.831411,0.000000,0.000000,0.000000,0.000000,0.000000,0.000000,0.000000,0.000000,0.000000,-58.669827,1639.443115
29.368689,2.000000,-3651.384521,1.115755,1194.298446,496.368286,1624.018677,316.228485,317.953552,318.959414,-15.659678,-0.066801,3.993418,-59.721355,-19.999571,-19.429939,497.215912,0.144839,-0.002034,0.000888,0.105000,0.105001,1.899975,83460.992188,0.865408,0.000000,0.000000,0.000000,0.000000,0.000000,0.000000,0.000000,0.000000,0.000000,-58.729183,1629.359375
29.425561,2.000000,-3642.093262,1.123695,1190.900110,492.970093,1612.887329,316.326050,318.048615,318.975253,-15.541615,-0.066908,4.124202,-59.768425,-20.013168,-19.353199,493.922394,0.151262,-0.002010,0.000910,0.105000,0.105001,2.225619,83460.992188,0.909921,0.000000,0.000000,0.000000,0.000000,0.000000,0.000000,0.000000,0.000000,0.000000,-58.773640,1618.228027
29.482760,2.000000,-3632.741699,1.131584,1187.480628,489.550659,1601.676880,316.420502,318.140839,319.010253,-15.406081,-0.066971,4.260210,-59.783325,-20.015739,-19.275141,490.620575,0.132416,-0.001987,0.000925,0.105000,0.105001,2.471500,83460.992188,1.004743,0.000000,0.000000,0.000000,0.000000,0.000000,0.000000,0.000000,0.000000,0.000000,-58.782333,1607.123047
29.534197,2.000000,-3624.278564,1.138619,1184.406462,486.476807,1591.533813,316.501862,318.220673,319.068625,-15.275660,-0.066998,4.376593,-59.753277,-20.003107,-19.203936,487.643768,0.121889,-0.001966,0.000936,0.105000,0.105001,2.579804,83460.992188,1.072150,0.000000,0.000000,0.000000,0.000000,0.000000,0.000000,0.000000,0.000000,0.000000,-58.747944,1596.980103
29.590680,2.000000,-3614.937500,1.146255,1181.033654,483.104309,1580.349609,316.586823,318.304260,319.150044,-15.127967,-0.066997,4.499047,-59.688953,-19.978585,-19.124865,484.370636,0.117218,-0.001946,0.000944,0.105000,0.105001,2.639516,83460.992188,1.119788,0.000000,0.000000,0.000000,0.000000,0.000000,0.000000,0.000000,0.000000,0.000000,-58.681152,1585.795898
29.647994,2.000000,-3605.752197,1.153622,1177.615762,479.686584,1569.368652,316.667999,318.382050,319.240005,-14.975615,-0.066966,4.618641,-59.604073,-19.947238,-19.046705,481.164795,0.115728,-0.001929,0.000950,0.105000,0.105001,2.672009,83460.992188,1.154357,0.000000,0.000000,0.000000,0.000000,0.000000,0.000000,0.000000,0.000000,0.000000,-58.591934,1574.814819
29.704857,2.000000,-3596.303955,1.161043,1174.230334,476.301575,1558.094727,316.743103,318.456757,319.339279,-14.823026,-0.066901,4.733193,-59.499508,-19.909293,-18.965965,477.880341,0.115620,-0.001913,0.000954,0.105000,0.105001,2.692249,83460.992188,1.183264,0.000000,0.000000,0.000000,0.000000,0.000000,0.000000,0.000000,0.000000,0.000000,-58.486637,1563.663208
29.761201,2.000000,-3587.021484,1.168176,1170.882143,472.953674,1547.042969,316.812164,318.525787,319.441698,-14.670874,-0.066803,4.842979,-59.382088,-19.867209,-18.886353,474.666473,0.116070,-0.001897,0.000957,0.105000,0.105001,2.707252,83460.992188,1.208780,0.000000,0.000000,0.000000,0.000000,0.000000,0.000000,0.000000,0.000000,0.000000,-58.367962,1552.611450
29.816665,2.000000,-3577.953613,1.174987,1167.593152,469.664856,1536.272461,316.874664,318.588654,319.545480,-14.520347,-0.066679,4.947635,-59.254520,-19.821921,-18.808346,471.539337,0.116736,-0.001884,0.000960,0.105000,0.105001,2.719860,83460.992188,1.232175,0.000000,0.000000,0.000000,0.000000,0.000000,0.000000,0.000000,0.000000,0.000000,-58.238297,1541.840942
29.873230,2.000000,-3568.645020,1.181811,1164.246651,466.318970,1525.245117,316.933014,318.648254,319.655344,-14.366141,-0.066516,5.051044,-59.111095,-19.771397,-18.728075,468.341888,0.117502,-0.001869,0.000961,0.105000,0.105001,2.731706,83460.992188,1.254993,0.000000,0.000000,0.000000,0.000000,0.000000,0.000000,0.000000,0.000000,0.000000,-58.093624,1530.813477
29.926732,2.000000,-3559.911133,1.188055,1161.089239,463.161987,1514.927368,316.982941,318.699951,319.761025,-14.219677,-0.066333,5.145895,-58.965530,-19.720453,-18.652615,465.353577,0.118253,-0.001857,0.000962,0.105000,0.105000,2.742433,83460.992188,1.275691,0.000000,0.000000,0.000000,0.000000,0.000000,0.000000,0.000000,0.000000,0.000000,-57.945713,1520.435425
29.983459,2.000000,-3550.609375,1.194533,1157.750452,459.823730,1503.971924,317.030243,318.750275,319.876108,-14.063774,-0.066109,5.243409,-58.799156,-19.662553,-18.572136,462.183411,0.119052,-0.001840,0.000962,0.105000,0.105000,2.753536,83460.992188,1.296944,0.000000,0.000000,0.000000,0.000000,0.000000,0.000000,0.000000,0.000000,0.000000,-57.777458,1509.479980
30.033766,2.000000,-3542.377930,1.200115,1154.797779,456.871460,1494.306763,317.067352,318.790802,319.979802,-13.924995,-0.065888,5.327362,-58.642494,-19.608296,-18.500841,459.388733,0.119754,-0.001827,0.000962,0.105000,0.105000,2.763217,83460.992188,1.315188,0.000000,0.000000,0.000000,0.000000,0.000000,0.000000,0.000000,0.000000,0.000000,-57.618736,1499.814697
30.083784,2.000000,-3534.098877,1.205582,1151.870208,453.944397,1484.615845,317.099823,318.827820,320.085602,-13.786532,-0.065644,5.408577,-58.476280,-19.550967,-18.429102,456.588013,0.120442,-0.001814,0.000961,0.105000,0.105000,2.772722,83460.992188,1.332904,0.000000,0.000000,0.000000,0.000000,0.000000,0.000000,0.000000,0.000000,0.000000,-57.452328,1490.123901
30.140322,2.000000,-3524.734375,1.211585,1148.571322,450.645935,1473.692383,317.131256,318.864990,320.206885,-13.629454,-0.065341,5.497744,-58.278107,-19.482886,-18.347940,453.432343,0.121207,-0.001799,0.000961,0.105000,0.105000,2.783341,83460.992188,1.352335,0.000000,0.000000,0.000000,0.000000,0.000000,0.000000,0.000000,0.000000,0.000000,-57.254173,1479.220825
30.197389,2.000000,-3515.468994,1.217329,1145.253243,447.328369,1462.926147,317.157257,318.897430,320.328494,-13.470302,-0.065056,5.585020,-58.071781,-19.412259,-18.267654,450.322784,0.121992,-0.001672,0.000924,0.105000,0.105000,2.793700,83460.992188,1.371053,0.000000,0.000000,0.000000,0.000000,0.000000,0.000000,0.000000,0.000000,0.000000,-57.043732,1468.454590
30.252163,2.000000,-3506.364990,1.222768,1142.080042,444.155334,1452.389404,317.177094,318.925079,320.449302,-13.316991,-0.064814,5.666312,-57.859482,-19.339821,-18.188814,447.279785,0.122728,-0.001671,0.000874,0.105000,0.105000,2.803562,83460.992188,1.388664,0.000000,0.000000,0.000000,0.000000,0.000000,0.000000,0.000000,0.000000,0.000000,-56.832199,1457.917969
30.302777,2.000000,-3498.051025,1.227556,1139.158375,441.233582,1442.805176,317.190918,318.946259,320.560707,-13.174857,-0.064564,5.739354,-57.657635,-19.271132,-18.116888,444.511475,0.123438,-0.001673,0.000834,0.105000,0.105000,2.812223,83460.992188,1.404202,0.000000,0.000000,0.000000,0.000000,0.000000,0.000000,0.000000,0.000000,0.000000,-56.628757,1448.422363
30.355728,2.000000,-3489.288574,1.232413,1136.113068,438.188293,1432.744507,317.200714,318.964233,320.678698,-13.025686,-0.064270,5.813715,-57.436874,-19.196210,-18.041176,441.604889,0.124133,-0.001680,0.000800,0.105000,0.105000,2.821489,83460.992188,1.420192,0.000000,0.000000,0.000000,0.000000,0.000000,0.000000,0.000000,0.000000,0.000000,-56.407883,1438.361694
30.412366,2.000000,-3479.958740,1.237372,1132.868883,434.944153,1422.079468,317.206268,318.980011,320.804667,-12.865587,-0.063924,5.890993,-57.192921,-19.113645,-17.960691,438.522522,0.124843,-0.001687,0.000769,0.105000,0.105000,2.831454,83460.992188,1.436811,0.000000,0.000000,0.000000,0.000000,0.000000,0.000000,0.000000,0.000000,0.000000,-56.162693,1427.696655
30.467266,2.000000,-3471.047119,1.241903,1129.737734,431.813110,1411.939819,317.206818,318.990265,320.925178,-12.709861,-0.063557,5.963754,-56.951591,-19.032177,-17.883974,435.590240,0.125510,-0.001691,0.000746,0.105000,0.105000,2.841067,83460.992188,1.452352,0.000000,0.000000,0.000000,0.000000,0.000000,0.000000,0.000000,0.000000,0.000000,-55.916466,1417.557007
30.523586,2.000000,-3461.657715,1.246455,1126.539901,428.615356,1401.307861,317.202515,318.995605,321.052007,-12.549564,-0.063155,6.036286,-56.688816,-18.943688,-17.803335,432.513367,0.126177,-0.001695,0.000725,0.105000,0.105000,2.850838,83460.992188,1.468000,0.000000,0.000000,0.000000,0.000000,0.000000,0.000000,0.000000,0.000000,0.000000,-55.655373,1406.806152
30.575478,2.000000,-3453.155762,1.250381,1123.606742,425.682251,1391.727539,317.194153,318.997009,321.166943,-12.401428,-0.062760,6.100881,-56.443027,-18.861100,-17.730515,429.738434,0.122301,-0.001697,0.000710,0.105000,0.105000,2.855609,83460.992188,1.489841,0.000000,0.000000,0.000000,0.000000,0.000000,0.000000,0.000000,0.000000,0.000000,-55.406330,1397.225952
30.626232,2.000000,-3444.724854,1.254085,1120.750768,422.826355,1382.273315,317.182129,318.993805,321.284518,-12.257037,-0.062357,6.158909,-56.185596,-18.774728,-17.658524,426.997162,0.115307,-0.001700,0.000698,0.105000,0.105000,2.831197,83460.992188,1.519326,0.000000,0.000000,0.000000,0.000000,0.000000,0.000000,0.000000,0.000000,0.000000,-55.148502,1387.771606
30.682853,2.000000,-3435.440186,1.257944,1117.580507,419.656250,1371.917114,317.164246,318.985168,321.417249,-12.098270,-0.061818,6.216702,-55.887436,-18.674846,-17.579544,423.990326,0.108579,-0.001899,0.000650,0.105000,0.105000,2.776755,83460.992188,1.543212,0.000000,0.000000,0.000000,0.000000,0.000000,0.000000,0.000000,0.000000,0.000000,-54.846592,1377.415405
30.739400,2.000000,-3425.997803,1.261629,1114.431791,416.507507,1361.447388,317.141998,318.969971,321.552413,-11.943313,-0.061085,6.267286,-55.572571,-18.569599,-17.499594,420.945313,0.102640,-0.002023,0.000567,0.105000,0.105000,2.706232,83460.992188,1.561527,0.000000,0.000000,0.000000,0.000000,0.000000,0.000000,0.000000,0.000000,0.000000,-54.533836,1366.974365
30.795796,2.000000,-3416.736816,1.265010,1111.309360,413.385071,1351.241943,317.115509,318.950226,321.683810,-11.793069,-0.060298,6.310701,-55.254795,-18.463605,-17.421574,417.971436,0.097139,-0.002079,0.000495,0.105000,0.105000,2.625544,83460.992188,1.575721,0.000000,0.000000,0.000000,0.000000,0.000000,0.000000,0.000000,0.000000,0.000000,-54.213066,1356.768799
30.847746,2.000000,-3408.274902,1.267895,1108.449298,410.525146,1341.973145,317.087677,318.927643,321.802423,-11.658896,-0.059548,6.344560,-54.958282,-18.364875,-17.350653,415.265076,0.092477,-0.002123,0.000439,0.105000,0.105000,2.544984,83460.992188,1.586090,0.000000,0.000000,0.000000,0.000000,0.000000,0.000000,0.000000,0.000000,0.000000,-53.911346,1347.500000
30.898331,2.000000,-3399.942383,1.270548,1105.679555,407.755371,1332.898682,317.057495,318.902283,321.917537,-11.532377,-0.058798,6.372024,-54.661736,-18.266281,-17.281164,412.610291,0.088277,-0.002162,0.000391,0.105000,0.105000,2.462838,83460.992188,1.594064,0.000000,0.000000,0.000000,0.000000,0.000000,0.000000,0.000000,0.000000,0.000000,-53.612991,1338.425537
30.951795,2.000000,-3390.948486,1.273202,1102.768730,404.844482,1323.163818,317.022705,318.871521,322.039709,-11.403259,-0.057988,6.395315,-54.337738,-18.158701,-17.206573,409.756134,0.083865,-0.002201,0.000348,0.105000,0.105000,2.373466,83460.992188,1.601017,0.000000,0.000000,0.000000,0.000000,0.000000,0.000000,0.000000,0.000000,0.000000,-53.293835,1328.646118
31.001829,2.000000,-3382.680664,1.275450,1100.060260,402.136108,1314.269897,316.987457,318.840454,322.149810,-11.286824,-0.057217,6.411839,-54.036995,-18.058971,-17.138386,407.142761,0.078870,-0.002237,0.000313,0.105000,0.105000,2.287408,83460.992188,1.607843,0.000000,0.000000,0.000000,0.000000,0.000000,0.000000,0.000000,0.000000,0.000000,-52.992153,1319.752197
31.053689,2.000000,-3374.098389,1.277592,1097.268831,399.344604,1305.093384,316.948883,318.805389,322.261749,-11.170749,-0.056408,6.423685,-53.722111,-17.954677,-17.067989,404.440460,0.075834,-0.002271,0.000282,0.105000,0.105000,2.196103,83460.992188,1.609053,0.000000,0.000000,0.000000,0.000000,0.000000,0.000000,0.000000,0.000000,0.000000,-52.677067,1310.575806
31.110190,2.000000,-3364.718506,1.279711,1094.246170,396.321960,1295.129395,316.904602,318.764832,322.380926,-11.049562,-0.055521,6.431283,-53.377579,-17.840676,-16.991507,401.499237,0.072712,-0.002303,0.000253,0.105000,0.105000,2.099944,83460.992188,1.609035,0.000000,0.000000,0.000000,0.000000,0.000000,0.000000,0.000000,0.000000,0.000000,-52.333370,1300.707031
31.167155,2.000000,-3355.355713,1.281598,1091.218338,393.294067,1285.251587,316.857880,318.722565,322.496484,-10.932774,-0.054627,6.433770,-53.034031,-17.727109,-16.915642,398.576080,0.069827,-0.002333,0.000228,0.105000,0.105000,2.006869,83460.992188,1.607687,0.000000,0.000000,0.000000,0.000000,0.000000,0.000000,0.000000,0.000000,0.000000,-51.987194,1290.829224
31.217301,2.000000,-3347.054443,1.283081,1088.569248,390.644836,1276.550293,316.815308,318.683350,322.595937,-10.834254,-0.053838,6.432032,-52.730297,-17.626790,-16.848772,395.994934,0.067463,-0.002357,0.000210,0.105000,0.105000,1.928429,83460.992188,1.605423,0.000000,0.000000,0.000000,0.000000,0.000000,0.000000,0.000000,0.000000,0.000000,-51.683300,1282.127930
31.272919,2.000000,-3337.730957,1.284538,1085.648848,387.724365,1266.840698,316.767029,318.638031,322.704228,-10.729465,-0.052966,6.426191,-52.390686,-17.514710,-16.774107,393.107819,0.065011,-0.002382,0.000192,0.105000,0.105000,1.845444,83460.992188,1.601940,0.000000,0.000000,0.000000,0.000000,0.000000,0.000000,0.000000,0.000000,0.000000,-51.347713,1272.418213
31.323092,2.000000,-3329.479004,1.285644,1083.030333,385.105774,1258.301880,316.722656,318.596802,322.796977,-10.638802,-0.052189,6.417720,-52.091904,-17.416180,-16.708399,390.562988,0.063071,-0.002404,0.000179,0.105000,0.105000,1.774461,83460.992188,1.597922,0.000000,0.000000,0.000000,0.000000,0.000000,0.000000,0.000000,0.000000,0.000000,-51.046768,1263.930420
31.373379,2.000000,-3321.102539,1.286593,1080.420961,382.496399,1249.687012,316.677582,318.554260,322.888095,-10.551407,-0.051418,6.406501,-51.790733,-17.316933,-16.642059,387.989777,0.061269,-0.002424,0.000168,0.105000,0.105000,1.707151,83460.992188,1.593271,0.000000,0.000000,0.000000,0.000000,0.000000,0.000000,0.000000,0.000000,0.000000,-50.747215,1255.315552
31.430133,2.000000,-3311.732422,1.287449,1077.494021,379.569275,1240.112305,316.626495,318.506165,322.986479,-10.456697,-0.050553,6.390933,-51.456741,-17.206942,-16.568264,385.123322,0.059493,-0.002447,0.000158,0.105000,0.105000,1.635867,83460.992188,1.587418,0.000000,0.000000,0.000000,0.000000,0.000000,0.000000,0.000000,0.000000,0.000000,-50.412003,1245.740845
31.485768,2.000000,-3302.487549,1.288084,1074.643143,376.718323,1230.728760,316.576233,318.457703,323.079762,-10.367633,-0.049713,6.373061,-51.130562,-17.099603,-16.495869,382.307556,0.057949,-0.002465,0.000150,0.105000,0.105000,1.570935,83460.992188,1.580893,0.000000,0.000000,0.000000,0.000000,0.000000,0.000000,0.000000,0.000000,0.000000,-50.086727,1236.357300
31.536692,2.000000,-3294.091553,1.288482,1072.049465,374.124573,1222.260986,316.530365,318.412933,323.161270,-10.289159,-0.048952,6.354757,-50.837517,-17.003228,-16.430473,379.760956,0.056731,-0.002482,0.000144,0.105000,0.105000,1.515900,83460.992188,1.574445,0.000000,0.000000,0.000000,0.000000,0.000000,0.000000,0.000000,0.000000,0.000000,-49.792175,1227.769897
31.593162,2.000000,-3284.664795,1.288730,1069.190728,371.265869,1212.814087,316.479797,318.362274,323.249154,-10.205269,-0.048114,6.332632,-50.512348,-16.896357,-16.357433,376.913788,0.055539,-0.002497,0.000139,0.105000,0.105000,1.459699,83460.992188,1.566864,0.000000,0.000000,0.000000,0.000000,0.000000,0.000000,0.000000,0.000000,0.000000,-49.469311,1218.323120
31.644348,2.000000,-3276.213623,1.288777,1066.615156,368.690308,1204.398193,316.434479,318.316498,323.324641,-10.131853,-0.047373,6.311205,-50.224464,-16.801800,-16.292280,374.372131,0.054638,-0.002482,0.000139,0.105000,0.105000,1.413237,83460.992188,1.559633,0.000000,0.000000,0.000000,0.000000,0.000000,0.000000,0.000000,0.000000,0.000000,-49.180290,1209.907227
31.701788,2.000000,-3266.733643,1.288633,1063.742374,365.817627,1195.017334,316.384430,318.264740,323.405496,-10.052142,-0.046609,6.285962,-49.905834,-16.697218,-16.219559,371.533203,0.053767,-0.002409,0.000163,0.105000,0.105000,1.366278,83460.992188,1.551332,0.000000,0.000000,0.000000,0.000000,0.000000,0.000000,0.000000,0.000000,0.000000,-48.860237,1200.526367
31.753630,2.000000,-3258.026855,1.288321,1061.165260,363.240479,1186.456177,316.339996,318.217041,323.476207,-9.982386,-0.045996,6.262351,-49.617233,-16.602560,-16.153088,368.937164,0.053095,-0.002336,0.000201,0.105000,0.105000,1.328391,83460.992188,1.543737,0.000000,0.000000,0.000000,0.000000,0.000000,0.000000,0.000000,0.000000,0.000000,-48.575317,1192.077393
31.809735,2.000000,-3248.670898,1.287794,1058.392712,360.467896,1177.313599,316.292908,318.165070,323.548490,-9.908957,-0.045403,6.236199,-49.311474,-16.502346,-16.081984,366.159637,0.052500,-0.002249,0.000257,0.105000,0.105000,1.292003,83460.992188,1.535416,0.000000,0.000000,0.000000,0.000000,0.000000,0.000000,0.000000,0.000000,0.000000,-48.271236,1182.934692
31.860976,2.000000,-3240.211914,1.287148,1055.875348,357.950562,1169.097656,316.250732,318.117371,323.610481,-9.843571,-0.044927,6.211967,-49.038918,-16.413081,-16.017975,363.659149,0.052055,-0.002171,0.000317,0.105000,0.105000,1.262801,83460.992188,1.527930,0.000000,0.000000,0.000000,0.000000,0.000000,0.000000,0.000000,0.000000,0.000000,-47.997383,1174.718750
31.913505,2.000000,-3231.464600,1.286311,1053.309181,355.384338,1160.651001,316.208496,318.068298,323.671404,-9.777988,-0.044496,6.186990,-48.760929,-16.322097,-15.952049,361.084167,0.051689,-0.002110,0.000381,0.105000,0.105000,1.236628,83460.992188,1.520185,0.000000,0.000000,0.000000,0.000000,0.000000,0.000000,0.000000,0.000000,0.000000,-47.720467,1166.272095
31.963862,2.000000,-3223.040039,1.285343,1050.862662,352.937805,1152.562378,316.168823,318.020477,323.726929,-9.716309,-0.044099,6.163098,-48.496887,-16.235743,-15.888794,358.614502,0.051412,-0.002082,0.000434,0.105000,0.105000,1.215083,83460.992188,1.512885,0.000000,0.000000,0.000000,0.000000,0.000000,0.000000,0.000000,0.000000,0.000000,-47.458611,1158.041504
32.020596,2.000000,-3213.650635,1.284079,1048.121994,350.197205,1143.600708,316.125214,317.966492,323.785212,-9.648008,-0.043653,6.136410,-48.206791,-16.140944,-15.818563,355.873901,0.051157,-0.002056,0.000483,0.105000,0.105000,1.194539,83460.992188,1.504969,0.000000,0.000000,0.000000,0.000000,0.000000,0.000000,0.000000,0.000000,0.000000,-47.167728,1149.079834
32.077842,2.000000,-3204.168701,1.282603,1045.373200,347.448486,1134.606323,316.082428,317.911438,323.840470,-9.580163,-0.043198,6.109884,-47.918137,-16.046687,-15.747907,353.119019,0.050976,-0.002030,0.000524,0.105000,0.105000,1.177390,83460.992188,1.497191,0.000000,0.000000,0.000000,0.000000,0.000000,0.000000,0.000000,0.000000,0.000000,-46.878510,1140.085449
32.128533,2.000000,-3195.713867,1.281120,1042.952890,345.028198,1126.632813,316.045441,317.861908,323.886711,-9.520836,-0.042793,6.086841,-47.664284,-15.963858,-15.685119,350.673309,0.050899,-0.002008,0.000554,0.105000,0.105000,1.164897,83460.992188,1.490495,0.000000,0.000000,0.000000,0.000000,0.000000,0.000000,0.000000,0.000000,0.000000,-46.625893,1132.111938
32.180030,2.000000,-3187.165283,1.279460,1040.507129,342.582458,1118.615112,316.008606,317.811249,323.930609,-9.461146,-0.042375,6.063970,-47.410919,-15.881248,-15.621834,348.210785,0.050864,-0.001987,0.000580,0.105000,0.105000,1.154568,83460.992188,1.483998,0.000000,0.000000,0.000000,0.000000,0.000000,0.000000,0.000000,0.000000,0.000000,-46.372513,1124.108398
32.231711,2.000000,-3178.485107,1.277611,1038.065667,340.141052,1110.518066,315.972504,317.759460,323.972401,-9.401714,-0.041943,6.041646,-47.156914,-15.798487,-15.557761,345.720978,0.050931,-0.001965,0.000601,0.105000,0.105000,1.146375,83460.992188,1.477542,0.000000,0.000000,0.000000,0.000000,0.000000,0.000000,0.000000,0.000000,0.000000,-46.121426,1116.011475
32.286456,2.000000,-3169.342041,1.275487,1035.493482,337.568970,1102.037354,315.934998,317.704468,324.013363,-9.339152,-0.041476,6.018776,-46.892872,-15.712520,-15.490469,343.109924,0.051009,-0.001945,0.000620,0.105000,0.105000,1.140112,83460.992188,1.470993,0.000000,0.000000,0.000000,0.000000,0.000000,0.000000,0.000000,0.000000,0.000000,-45.858879,1107.530640
32.341412,2.000000,-3160.218750,1.273187,1032.925749,335.001160,1093.623047,315.898071,317.648712,324.051269,-9.276638,-0.040995,5.996676,-46.632778,-15.627901,-15.423512,340.516296,0.051106,-0.001926,0.000636,0.105000,0.105000,1.135775,83460.992188,1.464977,0.000000,0.000000,0.000000,0.000000,0.000000,0.000000,0.000000,0.000000,0.000000,-45.598640,1099.159790
32.397798,2.000000,-3150.855957,1.270639,1030.305986,332.381409,1085.037109,315.860718,317.591156,324.087188,-9.212685,-0.040485,5.974938,-46.369144,-15.542194,-15.354980,337.866852,0.051249,-0.001907,0.000649,0.105000,0.105000,1.133080,83460.992188,1.458779,0.000000,0.000000,0.000000,0.000000,0.000000,0.000000,0.000000,0.000000,0.000000,-45.334919,1090.573853
32.453224,2.000000,-3141.645020,1.267949,1027.745225,329.820618,1076.638550,315.824646,317.533844,324.119637,-9.149922,-0.039972,5.954549,-46.112961,-15.458970,-15.287732,335.272430,0.051415,-0.001890,0.000659,0.105000,0.105000,1.132141,83460.992188,1.453120,0.000000,0.000000,0.000000,0.000000,0.000000,0.000000,0.000000,0.000000,0.000000,-45.078823,1082.175293
32.503490,2.000000,-3133.343506,1.265370,1025.435088,327.510376,1069.109497,315.792297,317.481445,324.146539,-9.093009,-0.039485,5.936913,-45.884579,-15.384827,-15.227260,332.944397,0.051555,-0.001873,0.000667,0.105000,0.105000,1.132391,83460.992188,1.448356,0.000000,0.000000,0.000000,0.000000,0.000000,0.000000,0.000000,0.000000,0.000000,-44.849075,1074.646240
32.554114,2.000000,-3124.900879,1.262597,1023.120117,325.195374,1061.491333,315.759888,317.427673,324.171603,-9.035648,-0.038981,5.919990,-45.654648,-15.310231,-15.165887,330.586792,0.051775,-0.001856,0.000674,0.105000,0.105000,1.133652,83460.992188,1.443606,0.000000,0.000000,0.000000,0.000000,0.000000,0.000000,0.000000,0.000000,0.000000,-44.620010,1066.989014
32.604581,2.000000,-3116.482910,1.259684,1020.823970,322.899170,1053.934326,315.727783,317.373505,324.194471,-8.978378,-0.038464,5.903969,-45.427639,-15.236626,-15.104822,328.246033,0.051999,-0.001838,0.000679,0.105000,0.105000,1.135824,83460.992188,1.439269,0.000000,0.000000,0.000000,0.000000,0.000000,0.000000,0.000000,0.000000,0.000000,-44.393864,1059.432007
32.661111,2.000000,-3107.072266,1.256250,1018.265270,320.340515,1045.530518,315.691895,317.312317,324.217399,-8.914065,-0.037867,5.887049,-45.176384,-15.155218,-15.036679,325.641052,0.052243,-0.001820,0.000684,0.105000,0.105000,1.139269,83460.992188,1.434552,0.000000,0.000000,0.000000,0.000000,0.000000,0.000000,0.000000,0.000000,0.000000,-44.143047,1051.028198
32.718166,2.000000,-3097.657715,1.252630,1015.697122,317.772522,1037.170288,315.655670,317.250183,324.237805,-8.848935,-0.037247,5.871046,-44.927513,-15.074635,-14.968642,323.047455,0.052414,-0.001805,0.000687,0.105000,0.105000,1.143533,83460.992188,1.430221,0.000000,0.000000,0.000000,0.000000,0.000000,0.000000,0.000000,0.000000,0.000000,-43.892384,1042.667969
32.768817,2.000000,-3089.226807,1.249231,1013.429173,315.504700,1029.722900,315.623322,317.193848,324.253881,-8.790894,-0.036677,5.857735,-44.706593,-15.003149,-14.907817,320.735382,0.052645,-0.001788,0.000690,0.105000,0.105000,1.147767,83460.992188,1.426546,0.000000,0.000000,0.000000,0.000000,0.000000,0.000000,0.000000,0.000000,0.000000,-43.671795,1035.236938
32.825688,2.000000,-3079.639160,1.245189,1010.895974,312.971558,1021.298401,315.586823,317.128784,324.269809,-8.725464,-0.036024,5.843760,-44.457497,-14.922593,-14.838758,318.118225,0.053023,-0.001772,0.000692,0.105000,0.105000,1.153047,83460.992188,1.422913,0.000000,0.000000,0.000000,0.000000,0.000000,0.000000,0.000000,0.000000,0.000000,-43.426182,1026.812378
32.882843,2.000000,-3070.193115,1.241023,1008.364147,310.439758,1013.044495,315.549652,317.064331,324.283008,-8.659383,-0.035345,5.830766,-44.214134,-14.843945,-14.770829,315.552307,0.053194,-0.001754,0.000694,0.105000,0.105000,1.158821,83460.992188,1.418908,0.000000,0.000000,0.000000,0.000000,0.000000,0.000000,0.000000,0.000000,0.000000,-43.181427,1018.558533
32.938494,2.000000,-3060.863770,1.236730,1005.912330,307.988037,1004.937134,315.513031,316.999390,324.293686,-8.594721,-0.034668,5.819077,-43.975689,-14.766934,-14.703842,313.030334,0.053491,-0.001736,0.000695,0.105000,0.105000,1.164762,83460.992188,1.415730,0.000000,0.000000,0.000000,0.000000,0.000000,0.000000,0.000000,0.000000,0.000000,-42.944962,1010.451172
32.993526,2.000000,-3051.670654,1.232327,1003.500682,305.576355,996.991150,315.476257,316.934479,324.301991,-8.530452,-0.033977,5.808425,-43.742420,-14.691640,-14.637926,310.557129,0.053740,-0.001719,0.000695,0.105000,0.105000,1.170808,83460.992188,1.412758,0.000000,0.000000,0.000000,0.000000,0.000000,0.000000,0.000000,0.000000,0.000000,-42.712791,1002.633362
33.049564,2.000000,-3042.364014,1.227695,1001.058052,303.133789,988.989990,315.438171,316.868164,324.308220,-8.464664,-0.033256,5.798459,-43.507805,-14.615955,-14.571283,308.065369,0.053928,-0.001702,0.000696,0.105000,0.105000,1.176909,83460.992188,1.409890,0.000000,0.000000,0.000000,0.000000,0.000000,0.000000,0.000000,0.000000,0.000000,-42.477913,994.632263
33.105002,2.000000,-3033.094971,1.222908,998.654491,300.730225,981.063904,315.399780,316.801117,324.312343,-8.399242,-0.032524,5.789438,-43.275608,-14.541089,-14.504993,305.595703,0.054174,-0.001687,0.000696,0.105000,0.105000,1.182908,83460.992188,1.407419,0.000000,0.000000,0.000000,0.000000,0.000000,0.000000,0.000000,0.000000,0.000000,-42.246990,986.706177
33.157670,2.000000,-3024.775635,1.218465,996.382897,298.458618,973.986145,315.362396,316.740082,324.314211,-8.336785,-0.031808,5.781595,-43.068325,-14.474292,-14.445565,303.389282,0.053835,-0.001672,0.000695,0.105000,0.105000,1.188391,83460.992188,1.405274,0.000000,0.000000,0.000000,0.000000,0.000000,0.000000,0.000000,0.000000,0.000000,-42.028809,979.628418
33.208737,2.000000,-3015.882324,1.213562,994.191296,296.267029,966.457520,315.325439,316.673859,324.314419,-8.275969,-0.031099,5.774608,-42.847797,-14.403259,-14.382101,301.041290,0.054493,-0.001658,0.000695,0.105000,0.105000,1.193364,83460.992188,1.403277,0.000000,0.000000,0.000000,0.000000,0.000000,0.000000,0.000000,0.000000,0.000000,-41.818268,972.002686
33.265638,2.000000,-3006.376709,1.208148,991.761949,293.837646,958.453125,315.283264,316.602417,324.312550,-8.207888,-0.030292,5.767586,-42.613396,-14.327797,-14.314341,298.543823,0.054688,-0.001642,0.000694,0.105000,0.105000,1.199232,83460.992188,1.400847,0.000000,0.000000,0.000000,0.000000,0.000000,0.000000,0.000000,0.000000,0.000000,-41.584969,963.998291
33.322493,2.000000,-2996.971436,1.202617,989.347804,291.423401,950.576111,315.240082,316.530426,324.308605,-8.139537,-0.029468,5.761296,-42.382599,-14.253533,-14.247362,296.085052,0.054757,-0.001627,0.000693,0.105000,0.105000,1.204858,83460.992188,1.398913,0.000000,0.000000,0.000000,0.000000,0.000000,0.000000,0.000000,0.000000,0.000000,-41.352978,956.121277
33.372961,2.000000,-2988.520020,1.197499,987.215905,289.291443,943.534302,315.200806,316.464722,324.303296,-8.078604,-0.028718,5.756266,-42.176044,-14.187101,-14.187232,293.886169,0.054949,-0.001614,0.000693,0.105000,0.105000,1.209453,83460.992188,1.397431,0.000000,0.000000,0.000000,0.000000,0.000000,0.000000,0.000000,0.000000,0.000000,-41.147877,949.068604
33.429878,2.000000,-2979.023682,1.191581,984.823983,286.899475,935.662720,315.155365,316.389923,324.295377,-8.009612,-0.027853,5.751208,-41.944897,-14.112794,-14.119728,291.427216,0.055093,-0.001599,0.000692,0.105000,0.105000,1.214495,83460.992188,1.395665,0.000000,0.000000,0.000000,0.000000,0.000000,0.000000,0.000000,0.000000,0.000000,-40.917522,941.196960
33.487211,2.000000,-2969.553711,1.185504,982.427826,284.503235,927.855469,315.108215,316.314056,324.285470,-7.939834,-0.026962,5.746715,-41.715294,-14.039017,-14.052467,288.987549,0.055106,-0.001582,0.000690,0.105000,0.105000,1.219245,83460.992188,1.394237,0.000000,0.000000,0.000000,0.000000,0.000000,0.000000,0.000000,0.000000,0.000000,-40.686390,933.389771
33.538275,2.000000,-2961.038330,1.179890,980.304830,282.380127,920.871704,315.065125,316.244720,324.274881,-7.877472,-0.026153,5.743171,-41.509525,-13.972924,-13.992038,286.804382,0.055226,-0.001570,0.000689,0.105000,0.105000,1.223013,83460.992188,1.393273,0.000000,0.000000,0.000000,0.000000,0.000000,0.000000,0.000000,0.000000,0.000000,-40.481209,926.405945
33.589461,2.000000,-2952.455566,1.174090,978.187275,280.262451,913.867310,315.020813,316.174286,324.262602,-7.814772,-0.025327,5.740036,-41.302715,-13.906522,-13.931175,284.614136,0.055384,-0.001555,0.000688,0.105000,0.105000,1.226546,83460.992188,1.391645,0.000000,0.000000,0.000000,0.000000,0.000000,0.000000,0.000000,0.000000,0.000000,-40.276176,919.367065
33.639516,2.000000,-2944.105225,1.168311,976.126644,278.201721,907.085754,314.976257,316.104492,324.249106,-7.753282,-0.024505,5.737358,-41.102150,-13.842149,-13.872000,282.492950,0.055468,-0.001542,0.000687,0.105000,0.105000,1.229877,83460.992188,1.390772,0.000000,0.000000,0.000000,0.000000,0.000000,0.000000,0.000000,0.000000,0.000000,-40.076279,912.585510
33.696099,2.000000,-2934.637207,1.161598,973.809314,275.884460,899.436218,314.924652,316.024445,324.231962,-7.683582,-0.023558,5.734763,-40.875366,-13.769389,-13.804953,280.099518,0.055581,-0.001528,0.000686,0.105000,0.105000,1.233354,83460.992188,1.389452,0.000000,0.000000,0.000000,0.000000,0.000000,0.000000,0.000000,0.000000,0.000000,-39.850967,904.935913
33.748537,2.000000,-2925.948486,1.155286,971.673154,273.748352,892.453003,314.875519,315.949890,324.214581,-7.618827,-0.022665,5.732690,-40.667698,-13.702783,-13.743465,277.913971,0.055589,-0.001514,0.000684,0.105000,0.105000,1.235934,83460.992188,1.388201,0.000000,0.000000,0.000000,0.000000,0.000000,0.000000,0.000000,0.000000,0.000000,-39.642635,897.952759
33.800328,2.000000,-2917.444580,1.148970,969.574059,271.649231,885.652283,314.825684,315.875671,324.195806,-7.554739,-0.021767,5.730981,-40.465015,-13.637807,-13.683322,275.785004,0.055443,-0.001506,0.000684,0.105000,0.105000,1.238668,83460.992188,1.387645,0.000000,0.000000,0.000000,0.000000,0.000000,0.000000,0.000000,0.000000,0.000000,-39.437424,891.111023
33.857030,2.000000,-2907.926025,1.141739,967.288094,269.363281,878.079834,314.769623,315.791199,324.172670,-7.484414,-0.020764,5.729455,-40.238594,-13.565256,-13.616042,273.413849,0.055514,-0.001491,0.000685,0.105000,0.105000,1.241585,83460.992188,1.386801,0.000000,0.000000,0.000000,0.000000,0.000000,0.000000,0.000000,0.000000,0.000000,-39.213234,883.538574
33.908058,2.000000,-2899.429688,1.135140,965.241762,267.316956,871.356079,314.717896,315.714630,324.150425,-7.421001,-0.019844,5.728333,-40.036827,-13.500624,-13.556026,271.307861,0.055510,-0.001478,0.000685,0.105000,0.105000,1.243465,83460.992188,1.386210,0.000000,0.000000,0.000000,0.000000,0.000000,0.000000,0.000000,0.000000,0.000000,-39.011818,876.814819
33.959124,2.000000,-2891.006836,1.128465,963.204198,265.279358,864.723267,314.664825,315.637817,324.126963,-7.357453,-0.018913,5.727445,-39.837185,-13.436688,-13.496560,269.229889,0.055392,-0.001463,0.000685,0.105000,0.105000,1.245039,83460.992188,1.385617,0.000000,0.000000,0.000000,0.000000,0.000000,0.000000,0.000000,0.000000,0.000000,-38.810661,870.182007
34.010233,2.000000,-2882.437256,1.121539,961.175211,263.250366,858.008606,314.610504,315.558685,324.101485,-7.293785,-0.017967,5.726761,-39.634415,-13.371771,-13.436093,267.125702,0.055470,-0.001450,0.000684,0.105000,0.105000,1.246251,83460.992188,1.384778,0.000000,0.000000,0.000000,0.000000,0.000000,0.000000,0.000000,0.000000,0.000000,-38.609715,863.519897
34.067491,2.000000,-2872.919922,1.113686,958.914304,260.989502,850.590637,314.548157,315.469696,324.071438,-7.222388,-0.016893,5.726253,-39.409714,-13.299852,-13.368974,264.800659,0.055423,-0.001435,0.000684,0.105000,0.105000,1.247519,83460.992188,1.383725,0.000000,0.000000,0.000000,0.000000,0.000000,0.000000,0.000000,0.000000,0.000000,-38.385124,856.101990
34.124386,2.000000,-2863.442139,1.105699,956.680471,258.755737,843.244568,314.484619,315.379700,324.039612,-7.151384,-0.015810,5.725974,-39.186409,-13.228401,-13.302167,262.497620,0.055414,-0.001421,0.000683,0.105000,0.105000,1.248451,83460.992188,1.383100,0.000000,0.000000,0.000000,0.000000,0.000000,0.000000,0.000000,0.000000,0.000000,-38.162418,848.755859
34.176759,2.000000,-2854.719727,1.098202,954.635411,256.710815,836.520203,314.424713,315.295502,324.008736,-7.085988,-0.014799,5.725858,-38.981171,-13.162746,-13.240717,260.389008,0.055435,-0.001406,0.000682,0.105000,0.105000,1.248670,83460.992188,1.382649,0.000000,0.000000,0.000000,0.000000,0.000000,0.000000,0.000000,0.000000,0.000000,-37.957699,842.080811
34.227877,2.000000,-2846.176758,1.090724,952.649690,254.725174,829.968018,314.364838,315.212494,323.976969,-7.022147,-0.013798,5.725925,-38.780579,-13.098593,-13.180563,258.333893,0.055460,-0.001391,0.000681,0.105000,0.105000,1.249072,83460.992188,1.381614,0.000000,0.000000,0.000000,0.000000,0.000000,0.000000,0.000000,0.000000,0.000000,-37.758366,835.528625
34.279873,2.000000,-2837.525391,1.083015,950.640328,252.715775,823.366089,314.302551,315.126892,323.943245,-6.957194,-0.012767,5.726134,-38.577824,-13.033764,-13.119668,256.262878,0.055457,-0.001377,0.000679,0.105000,0.105000,1.249220,83460.992188,1.381409,0.000000,0.000000,0.000000,0.000000,0.000000,0.000000,0.000000,0.000000,0.000000,-37.555962,828.926697
34.331824,2.000000,-2828.879639,1.075175,948.643222,250.718765,816.802551,314.238953,315.040680,323.907948,-6.892295,-0.011726,5.726483,-38.375500,-12.969089,-13.058842,254.203415,0.055441,-0.001364,0.000678,0.105000,0.105000,1.249270,83460.992188,1.380325,0.000000,0.000000,0.000000,0.000000,0.000000,0.000000,0.000000,0.000000,0.000000,-37.354115,822.363159
34.381917,2.000000,-2820.541016,1.067485,946.727462,248.802994,810.504028,314.176483,314.956543,323.872504,-6.829711,-0.010709,5.726973,-38.180775,-12.906855,-13.000197,252.226807,0.055409,-0.001351,0.000676,0.105000,0.105000,1.249459,83460.992188,1.379559,0.000000,0.000000,0.000000,0.000000,0.000000,0.000000,0.000000,0.000000,0.000000,-37.159912,816.075073
34.432305,2.000000,-2812.170654,1.059640,944.810246,246.885757,804.213074,314.112366,314.871094,323.835517,-6.766754,-0.009673,5.727576,-37.985596,-12.844487,-12.941354,250.252213,0.055359,-0.001338,0.000675,0.105000,0.105000,1.249442,83460.992188,1.378765,0.000000,0.000000,0.000000,0.000000,0.000000,0.000000,0.000000,0.000000,0.000000,-36.964874,809.784119
34.487873,2.000000,-2802.893555,1.050799,942.707323,244.782852,797.277222,314.040100,314.775146,323.792865,-6.697323,-0.008518,5.728395,-37.769691,-12.775510,-12.876157,248.074905,0.055363,-0.001324,0.000673,0.105000,0.105000,1.249460,83460.992188,1.378251,0.000000,0.000000,0.000000,0.000000,0.000000,0.000000,0.000000,0.000000,0.000000,-36.750217,802.848206
34.539151,2.000000,-2794.388184,1.042558,940.777364,242.852859,790.952515,313.972137,314.685791,323.752200,-6.633266,-0.007442,5.729223,-37.571991,-12.712361,-12.816410,246.089020,0.055325,-0.001311,0.000671,0.105000,0.105000,1.248979,83460.992188,1.378049,0.000000,0.000000,0.000000,0.000000,0.000000,0.000000,0.000000,0.000000,0.000000,-36.552376,796.523560
34.589295,2.000000,-2786.069824,1.034373,938.899895,240.975357,784.797913,313.904572,314.597839,323.711001,-6.570645,-0.006376,5.730148,-37.378937,-12.650707,-12.757992,244.156326,0.055265,-0.001299,0.000669,0.105000,0.105000,1.248660,83460.992188,1.377177,0.000000,0.000000,0.000000,0.000000,0.000000,0.000000,0.000000,0.000000,0.000000,-36.359299,790.278381
34.639352,2.000000,-2777.792725,1.026107,937.035347,239.110794,778.704773,313.835815,314.509338,323.668676,-6.508152,-0.005303,5.731172,-37.187180,-12.589475,-12.699885,242.242569,0.055193,-0.001281,0.000667,0.105000,0.105000,1.248112,83460.992188,1.376367,0.000000,0.000000,0.000000,0.000000,0.000000,0.000000,0.000000,0.000000,0.000000,-36.166920,784.185242
34.696283,2.000000,-2768.272461,1.016449,934.926463,237.001846,771.734070,313.756073,314.406555,323.618668,-6.437125,-0.004073,5.732444,-36.967106,-12.519198,-12.633073,240.052917,0.055309,-0.001265,0.000662,0.105000,0.105000,1.247236,83460.992188,1.375830,0.000000,0.000000,0.000000,0.000000,0.000000,0.000000,0.000000,0.000000,0.000000,-35.948608,777.214539
34.753218,2.000000,-2758.889160,1.006772,932.829868,234.905350,764.902893,313.674835,314.304291,323.567592,-6.366132,-0.002829,5.733856,-36.750641,-12.450086,-12.567240,237.906799,0.055192,-0.001253,0.000658,0.105000,0.105000,1.246718,83460.992188,1.374748,0.000000,0.000000,0.000000,0.000000,0.000000,0.000000,0.000000,0.000000,0.000000,-35.730808,770.383362
34.803229,2.000000,-2750.563477,0.998056,930.998484,233.073990,758.874512,313.602264,314.212280,323.520758,-6.303795,-0.001725,5.735186,-36.558899,-12.388877,-12.508846,236.012604,0.055220,-0.001242,0.000655,0.105000,0.105000,1.246222,83460.992188,1.374225,0.000000,0.000000,0.000000,0.000000,0.000000,0.000000,0.000000,0.000000,0.000000,-35.539825,764.501648
34.853545,2.000000,-2742.163086,0.989139,929.165582,231.241165,752.822998,313.527954,314.118591,323.472144,-6.241105,-0.000603,5.736607,-36.365730,-12.327219,-12.449942,234.110931,0.055283,-0.001232,0.000652,0.105000,0.105000,1.245749,83460.992188,1.373624,0.000000,0.000000,0.000000,0.000000,0.000000,0.000000,0.000000,0.000000,0.000000,-35.348003,758.450134
34.905134,2.000000,-2733.620850,0.979945,927.296347,229.372025,746.701172,313.450623,314.022247,323.421305,-6.176854,0.000559,5.738143,-36.169575,-12.264613,-12.390057,232.186966,0.055248,-0.001218,0.000649,0.105000,0.105000,1.245211,83460.992188,1.373054,0.000000,0.000000,0.000000,0.000000,0.000000,0.000000,0.000000,0.000000,0.000000,-35.151642,752.328308
34.955169,2.000000,-2725.305176,0.970875,925.493094,227.568863,740.772583,313.374268,313.927429,323.370318,-6.114557,0.001696,5.739744,-35.978989,-12.203795,-12.331772,230.323532,0.055247,-0.001208,0.000646,0.105000,0.105000,1.244938,83460.992188,1.372689,0.000000,0.000000,0.000000,0.000000,0.000000,0.000000,0.000000,0.000000,0.000000,-34.961578,746.399719
35.010149,2.000000,-2716.140137,0.960739,923.522653,225.598404,734.273865,313.289063,313.821655,323.312628,-6.046132,0.002957,5.741533,-35.769073,-12.136811,-12.267554,228.280609,0.055350,-0.001195,0.000643,0.105000,0.105000,1.243954,83460.992188,1.372264,0.000000,0.000000,0.000000,0.000000,0.000000,0.000000,0.000000,0.000000,0.000000,-34.752907,739.875549
35.060385,2.000000,-2707.788086,0.951377,921.732227,223.807999,728.383484,313.210175,313.724426,323.258468,-5.983638,0.004118,5.743328,-35.578285,-12.075942,-12.209040,226.428802,0.055345,-0.001186,0.000641,0.105000,0.105000,1.243909,83460.992188,1.371711,0.000000,0.000000,0.000000,0.000000,0.000000,0.000000,0.000000,0.000000,0.000000,-34.562801,733.985168
35.116843,2.000000,-2698.402832,0.940714,919.731450,221.807266,721.800781,313.120026,313.614227,323.196062,-5.913407,0.005437,5.745460,-35.364182,-12.007637,-12.143299,224.359161,0.055325,-0.001173,0.000638,0.105000,0.105000,1.243877,83460.992188,1.370580,0.000000,0.000000,0.000000,0.000000,0.000000,0.000000,0.000000,0.000000,0.000000,-34.349506,727.402405
35.173157,2.000000,-2689.112793,0.930012,917.747785,219.823624,715.322754,313.028748,313.503693,323.132558,-5.843361,0.006764,5.747693,-35.152596,-11.940140,-12.078237,222.322250,0.055213,-0.001160,0.000636,0.105000,0.105000,1.243758,83460.992188,1.370144,0.000000,0.000000,0.000000,0.000000,0.000000,0.000000,0.000000,0.000000,0.000000,-34.137108,720.924377
35.225112,2.000000,-2680.458252,0.919910,915.928313,218.004105,709.321594,312.943207,313.399475,323.071843,-5.778757,0.007998,5.749798,-34.955631,-11.877311,-12.017635,220.435150,0.055285,-0.001151,0.000633,0.105000,0.105000,1.243152,83460.992188,1.369696,0.000000,0.000000,0.000000,0.000000,0.000000,0.000000,0.000000,0.000000,0.000000,-33.941345,714.919006
35.280871,2.000000,-2671.139404,0.908893,913.986921,216.062759,702.896301,312.850189,313.286407,323.004869,-5.709442,0.009334,5.752198,-34.743992,-11.809804,-11.952393,218.414490,0.055364,-0.001137,0.000631,0.105000,0.105000,1.243047,83460.992188,1.368966,0.000000,0.000000,0.000000,0.000000,0.000000,0.000000,0.000000,0.000000,0.000000,-33.731747,708.493713
35.336455,2.000000,-2662.088867,0.898054,912.063267,214.139114,696.691956,312.756073,313.175262,322.938162,-5.640345,0.010677,5.754714,-34.538773,-11.744348,-11.889035,216.463211,0.055073,-0.001126,0.000629,0.105000,0.105000,1.243043,83460.992188,1.368342,0.000000,0.000000,0.000000,0.000000,0.000000,0.000000,0.000000,0.000000,0.000000,-33.523186,702.289307
35.392186,2.000000,-2652.754883,0.886732,910.146183,212.221939,690.330505,312.660370,313.059387,322.867688,-5.571078,0.012034,5.757302,-34.327358,-11.676918,-11.823703,214.462387,0.055216,-0.001113,0.000626,0.105000,0.105000,1.242704,83460.992188,1.367970,0.000000,0.000000,0.000000,0.000000,0.000000,0.000000,0.000000,0.000000,0.000000,-33.314327,695.927917
35.447846,2.000000,-2643.432373,0.875280,908.243172,210.318863,684.014282,312.563416,312.942383,322.795642,-5.501916,0.013402,5.759982,-34.116478,-11.609657,-11.758455,212.475723,0.055362,-0.001101,0.000624,0.105000,0.105000,1.242383,83460.992188,1.367350,0.000000,0.000000,0.000000,0.000000,0.000000,0.000000,0.000000,0.000000,0.000000,-33.106083,689.665527
35.498212,2.000000,-2635.161133,0.865000,906.531178,208.606827,678.441895,312.474457,312.837524,322.730300,-5.439350,0.014648,5.762476,-33.929638,-11.550064,-11.700575,210.722870,0.055254,-0.001090,0.000622,0.105000,0.105000,1.242034,83460.992188,1.367035,0.000000,0.000000,0.000000,0.000000,0.000000,0.000000,0.000000,0.000000,0.000000,-32.917931,684.093140
35.555396,2.000000,-2625.714600,0.853122,904.598933,206.674515,672.113586,312.372070,312.716614,322.653983,-5.368334,0.016072,5.765407,-33.716530,-11.482094,-11.634472,208.732193,0.055219,-0.001078,0.000619,0.105000,0.105000,1.241716,83460.992188,1.366347,0.000000,0.000000,0.000000,0.000000,0.000000,0.000000,0.000000,0.000000,0.000000,-32.704670,677.764832
35.606412,2.000000,-2617.301270,0.842419,902.885418,204.960892,666.509888,312.279510,312.607758,322.584547,-5.304994,0.017351,5.768087,-33.526989,-11.421640,-11.575605,206.969330,0.055183,-0.001068,0.000617,0.105000,0.105000,1.241369,83460.992188,1.366134,0.000000,0.000000,0.000000,0.000000,0.000000,0.000000,0.000000,0.000000,0.000000,-32.514687,672.081055
35.658324,2.000000,-2608.677490,0.831329,901.151781,203.227188,660.797363,312.184174,312.495361,322.511967,-5.240562,0.018662,5.770884,-33.332909,-11.359735,-11.515268,205.172241,0.055253,-0.001056,0.000615,0.105000,0.105000,1.240990,83460.992188,1.365383,0.000000,0.000000,0.000000,0.000000,0.000000,0.000000,0.000000,0.000000,0.000000,-32.321659,666.368530
35.712161,2.000000,-2599.789063,0.819773,899.364469,201.439713,654.943054,312.084076,312.378235,322.435680,-5.173760,0.020030,5.773846,-33.133144,-11.296014,-11.453085,203.330429,0.055268,-0.001044,0.000613,0.105000,0.105000,1.240469,83460.992188,1.365472,0.000000,0.000000,0.000000,0.000000,0.000000,0.000000,0.000000,0.000000,0.000000,-32.121735,660.514221
35.763524,2.000000,-2591.180664,0.808459,897.669321,199.744461,649.305359,311.987579,312.264252,322.360282,-5.110046,0.021344,5.776791,-32.939980,-11.234398,-11.392863,201.556732,0.055437,-0.001034,0.000611,0.105000,0.105000,1.240507,83460.992188,1.364232,0.000000,0.000000,0.000000,0.000000,0.000000,0.000000,0.000000,0.000000,0.000000,-31.931438,654.876526
35.821042,2.000000,-2581.786621,0.795977,895.782643,197.857681,643.189026,311.878113,312.138336,322.276372,-5.038680,0.022825,5.780232,-32.729603,-11.167289,-11.327143,199.632477,0.055236,-0.001022,0.000608,0.105000,0.105000,1.240834,83460.992188,1.363970,0.000000,0.000000,0.000000,0.000000,0.000000,0.000000,0.000000,0.000000,0.000000,-31.718740,648.717224
35.871506,2.000000,-2573.331055,0.784621,894.137442,196.212540,637.716064,311.780884,312.023956,322.199462,-4.976060,0.024132,5.783315,-32.540390,-11.106924,-11.267992,197.910568,0.055416,-0.001012,0.000606,0.105000,0.105000,1.240884,83460.992188,1.363469,0.000000,0.000000,0.000000,0.000000,0.000000,0.000000,0.000000,0.000000,0.000000,-31.532345,643.244263
35.922988,2.000000,-2564.934814,0.773233,892.468767,194.543900,632.311401,311.680573,311.909393,322.121691,-4.912174,0.025473,5.786549,-32.352741,-11.047055,-11.209253,196.210190,0.055243,-0.001002,0.000604,0.105000,0.105000,1.240975,83460.992188,1.363136,0.000000,0.000000,0.000000,0.000000,0.000000,0.000000,0.000000,0.000000,0.000000,-31.342466,637.839600
35.979889,2.000000,-2556.609863,0.761831,890.635921,192.711075,626.982178,311.568298,311.794922,322.043268,-4.841559,0.026964,5.790232,-32.166897,-10.987755,-11.151012,194.533554,0.053525,-0.000996,0.000602,0.105000,0.105000,1.241241,83460.992188,1.362484,0.000000,0.000000,0.000000,0.000000,0.000000,0.000000,0.000000,0.000000,0.000000,-31.132956,632.510315
36.038013,2.000000,-2545.981201,0.747116,888.775956,190.851089,620.221497,311.452393,311.647064,321.941414,-4.769538,0.028495,5.793675,-31.929153,-10.911869,-11.076663,192.406403,0.054700,-0.000979,0.000599,0.105000,0.105000,1.238167,83460.992188,1.362942,0.000000,0.000000,0.000000,0.000000,0.000000,0.000000,0.000000,0.000000,0.000000,-30.918383,625.776184
36.088371,2.000000,-2537.455566,0.735185,887.174582,189.249649,614.832825,311.350769,311.527374,321.858067,-4.707227,0.029829,5.796807,-31.738964,-10.851160,-11.017019,190.711044,0.055189,-0.000967,0.000597,0.105000,0.105000,1.237126,83460.992188,1.361822,0.000000,0.000000,0.000000,0.000000,0.000000,0.000000,0.000000,0.000000,0.000000,-30.733215,620.387512
36.144902,2.000000,-2528.120850,0.721993,885.388017,187.463150,608.968018,311.235504,311.395111,321.765140,-4.637293,0.031335,5.800501,-31.531347,-10.784889,-10.951713,188.865891,0.055304,-0.000957,0.000595,0.105000,0.105000,1.237059,83460.992188,1.361376,0.000000,0.000000,0.000000,0.000000,0.000000,0.000000,0.000000,0.000000,0.000000,-30.525972,614.522766
36.201641,2.000000,-2518.710449,0.708559,883.606677,185.681961,603.092896,311.118469,311.260681,321.669781,-4.567095,0.032856,5.804352,-31.322407,-10.718186,-10.885873,187.017548,0.055465,-0.000944,0.000592,0.105000,0.105000,1.237399,83460.992188,1.360650,0.000000,0.000000,0.000000,0.000000,0.000000,0.000000,0.000000,0.000000,0.000000,-30.318411,608.647583
36.252671,2.000000,-2510.386475,0.696564,882.014658,184.089981,597.927185,311.012054,311.140564,321.583913,-4.503935,0.034231,5.807939,-31.137857,-10.659266,-10.827631,185.392410,0.055380,-0.000933,0.000590,0.105000,0.105000,1.237870,83460.992188,1.359992,0.000000,0.000000,0.000000,0.000000,0.000000,0.000000,0.000000,0.000000,0.000000,-30.132063,603.513672
36.308251,2.000000,-2501.104004,0.683062,880.291507,182.366898,592.200928,310.895020,311.005646,321.486656,-4.435108,0.035735,5.811999,-30.932421,-10.593667,-10.762677,183.591019,0.055612,-0.000923,0.000587,0.105000,0.105000,1.238829,83460.992188,1.359380,0.000000,0.000000,0.000000,0.000000,0.000000,0.000000,0.000000,0.000000,0.000000,-29.929514,597.787415
36.364273,2.000000,-2491.829834,0.669444,878.566068,180.641495,586.515930,310.775818,310.869507,321.387826,-4.365677,0.037260,5.816236,-30.727428,-10.528200,-10.697775,181.802689,0.055718,-0.000912,0.000585,0.105000,0.105000,1.239809,83460.992188,1.359064,0.000000,0.000000,0.000000,0.000000,0.000000,0.000000,0.000000,0.000000,0.000000,-29.725660,592.102356
36.418867,2.000000,-2482.868408,0.656161,876.895607,178.971146,581.056702,310.658295,310.736786,321.290717,-4.297956,0.038753,5.820527,-30.529613,-10.465016,-10.635053,180.085526,0.055673,-0.000902,0.000583,0.105000,0.105000,1.241019,83460.992188,1.358510,0.000000,0.000000,0.000000,0.000000,0.000000,0.000000,0.000000,0.000000,0.000000,-29.527355,586.643127
36.469128,2.000000,-2474.622803,0.643834,875.367337,177.442825,576.063354,310.549072,310.613525,321.200074,-4.235564,0.040134,5.824542,-30.347692,-10.406894,-10.577336,178.514938,0.055666,-0.000893,0.000581,0.105000,0.105000,1.241690,83460.992188,1.358427,0.000000,0.000000,0.000000,0.000000,0.000000,0.000000,0.000000,0.000000,0.000000,-29.344906,581.567749
36.519794,2.000000,-2466.262939,0.631232,873.836056,175.911636,571.029907,310.437897,310.487396,321.106909,-4.172629,0.041531,5.828682,-30.163452,-10.348019,-10.518815,176.931793,0.055758,-0.000883,0.000578,0.105000,0.105000,1.242273,83460.992188,1.359086,0.000000,0.000000,0.000000,0.000000,0.000000,0.000000,0.000000,0.000000,0.000000,-29.161192,576.534241
36.569940,2.000000,-2458.031250,0.618723,872.329669,174.405228,566.102051,310.326813,310.362915,321.013893,-4.110312,0.042920,5.832896,-29.982130,-10.290063,-10.461184,175.381989,0.055727,-0.000873,0.000576,0.105000,0.105000,1.243161,83460.992188,1.357572,0.000000,0.000000,0.000000,0.000000,0.000000,0.000000,0.000000,0.000000,0.000000,-28.979673,571.606384
36.620304,2.000000,-2449.726318,0.606001,870.825916,172.901505,561.158997,310.214233,310.235870,320.918712,-4.047683,0.044321,5.837214,-29.799431,-10.231656,-10.403032,173.827499,0.055791,-0.000863,0.000574,0.105000,0.105000,1.243942,83460.992188,1.357540,0.000000,0.000000,0.000000,0.000000,0.000000,0.000000,0.000000,0.000000,0.000000,-28.797552,566.663330
36.671152,2.000000,-2441.402832,0.593151,869.317040,171.392532,556.233826,310.099487,310.107574,320.822048,-3.984409,0.045742,5.841673,-29.616467,-10.173151,-10.344745,172.278702,0.055751,-0.000856,0.000572,0.105000,0.105000,1.244735,83460.992188,1.357233,0.000000,0.000000,0.000000,0.000000,0.000000,0.000000,0.000000,0.000000,0.000000,-28.613901,561.777588
36.721375,2.000000,-2433.140381,0.580295,867.835893,169.911392,551.373108,309.985046,309.979340,320.724790,-3.921874,0.047149,5.846175,-29.435005,-10.115113,-10.286875,170.750336,0.055775,-0.000847,0.000570,0.105000,0.105000,1.245602,83460.992188,1.356815,0.000000,0.000000,0.000000,0.000000,0.000000,0.000000,0.000000,0.000000,0.000000,-28.432741,556.916931
36.771404,2.000000,-2424.854004,0.567304,866.369533,168.444962,546.527039,309.870239,309.849701,320.625961,-3.859540,0.048557,5.850746,-29.253151,-10.056935,-10.228832,169.226608,0.055895,-0.000836,0.000568,0.105000,0.105000,1.246421,83460.992188,1.356327,0.000000,0.000000,0.000000,0.000000,0.000000,0.000000,0.000000,0.000000,0.000000,-28.252472,552.070862
36.821620,2.000000,-2416.647949,0.554341,864.906782,166.982254,541.755981,309.753723,309.720215,320.526776,-3.796928,0.049975,5.855430,-29.073238,-9.999365,-10.171345,167.726608,0.055837,-0.000827,0.000565,0.105000,0.105000,1.247244,83460.992188,1.356377,0.000000,0.000000,0.000000,0.000000,0.000000,0.000000,0.000000,0.000000,0.000000,-28.071732,547.299805
36.874902,2.000000,-2407.820313,0.540289,863.364694,165.440018,536.654785,309.628998,309.579803,320.418662,-3.730469,0.051487,5.860425,-28.879683,-9.937409,-10.109492,166.122925,0.056026,-0.000816,0.000563,0.105000,0.105000,1.247576,83460.992188,1.356133,0.000000,0.000000,0.000000,0.000000,0.000000,0.000000,0.000000,0.000000,0.000000,-27.880030,542.185730
36.926771,2.000000,-2399.206543,0.526471,861.873321,163.948746,531.708374,309.506439,309.441742,320.311765,-3.665740,0.052963,5.865403,-28.691071,-9.877020,-10.049130,164.568008,0.056222,-0.000806,0.000561,0.105000,0.105000,1.248252,83460.992188,1.355941,0.000000,0.000000,0.000000,0.000000,0.000000,0.000000,0.000000,0.000000,0.000000,-27.693724,537.239319
36.978108,2.000000,-2390.753662,0.512808,860.406776,162.482315,526.884155,309.384125,309.305176,320.205491,-3.601632,0.054430,5.870437,-28.506174,-9.817805,-9.989886,163.051666,0.056286,-0.000797,0.000558,0.105000,0.105000,1.249066,83460.992188,1.355938,0.000000,0.000000,0.000000,0.000000,0.000000,0.000000,0.000000,0.000000,0.000000,-27.509577,532.415100
37.028663,2.000000,-2382.457031,0.499300,858.971824,161.047440,522.177795,309.262604,309.170227,320.099869,-3.538456,0.055879,5.875486,-28.324829,-9.759709,-9.931726,161.572525,0.056295,-0.000788,0.000556,0.105000,0.105000,1.249941,83460.992188,1.355654,0.000000,0.000000,0.000000,0.000000,0.000000,0.000000,0.000000,0.000000,0.000000,-27.328451,527.708801
37.083385,2.000000,-2373.403809,0.484451,857.428986,159.504654,517.075073,309.129761,309.021851,319.983243,-3.470042,0.057453,5.880959,-28.126844,-9.696255,-9.868258,159.968842,0.056488,-0.000775,0.000554,0.105000,0.105000,1.250113,83460.992188,1.354803,0.000000,0.000000,0.000000,0.000000,0.000000,0.000000,0.000000,0.000000,0.000000,-27.132399,522.690308
37.133600,2.000000,-2365.174805,0.470856,856.022637,158.098343,512.466125,309.006927,308.886017,319.875782,-3.407234,0.058902,5.886145,-27.947313,-9.638705,-9.810555,158.520538,0.056463,-0.000768,0.000551,0.105000,0.105000,1.251255,83460.992188,1.354441,0.000000,0.000000,0.000000,0.000000,0.000000,0.000000,0.000000,0.000000,0.000000,-26.952965,518.081360
37.184659,2.000000,-2356.878906,0.457056,854.601918,156.677689,507.847961,308.880920,308.747894,319.766186,-3.343319,0.060380,5.891484,-27.766401,-9.580692,-9.752371,157.069489,0.056344,-0.000760,0.000549,0.105000,0.105000,1.252136,83460.992188,1.354589,0.000000,0.000000,0.000000,0.000000,0.000000,0.000000,0.000000,0.000000,0.000000,-26.770628,513.463196
37.237163,2.000000,-2348.302734,0.442692,853.150737,155.226517,503.103729,308.750366,308.603912,319.651547,-3.277557,0.061906,5.897024,-27.579414,-9.520707,-9.692214,155.578934,0.056330,-0.000750,0.000547,0.105000,0.105000,1.252687,83460.992188,1.354761,0.000000,0.000000,0.000000,0.000000,0.000000,0.000000,0.000000,0.000000,0.000000,-26.583235,508.678833
37.288315,2.000000,-2339.908447,0.428537,851.746401,153.822220,498.489532,308.621979,308.462250,319.538006,-3.213460,0.063395,5.902511,-27.396515,-9.462013,-9.633323,154.129364,0.056352,-0.000742,0.000544,0.105000,0.105000,1.253472,83460.992188,1.353944,0.000000,0.000000,0.000000,0.000000,0.000000,0.000000,0.000000,0.000000,0.000000,-26.400930,504.064636
37.338386,2.000000,-2331.642334,0.414504,850.380790,152.456619,493.974182,308.495331,308.321655,319.424880,-3.150676,0.064857,5.907961,-27.216574,-9.404250,-9.575320,152.710983,0.056467,-0.000733,0.000542,0.105000,0.105000,1.254273,83460.992188,1.353733,0.000000,0.000000,0.000000,0.000000,0.000000,0.000000,0.000000,0.000000,0.000000,-26.222666,499.549286
37.388610,2.000000,-2323.397705,0.400418,849.019998,151.095840,489.498474,308.367279,308.180359,319.310805,-3.087662,0.066329,5.913496,-27.037195,-9.346644,-9.517457,151.305222,0.056512,-0.000723,0.000540,0.105000,0.105000,1.254988,83460.992188,1.353638,0.000000,0.000000,0.000000,0.000000,0.000000,0.000000,0.000000,0.000000,0.000000,-26.044014,495.073608
37.438644,2.000000,-2315.235352,0.386383,847.673297,149.749100,485.095062,308.238617,308.039429,319.196552,-3.024851,0.067798,5.919080,-26.859716,-9.289628,-9.460161,149.922302,0.056473,-0.000714,0.000537,0.105000,0.105000,1.255700,83460.992188,1.353469,0.000000,0.000000,0.000000,0.000000,0.000000,0.000000,0.000000,0.000000,0.000000,-25.866220,490.552155
37.489275,2.000000,-2306.883789,0.371931,846.319612,148.395401,480.618011,308.107391,307.894226,319.078384,-2.961259,0.069288,5.924772,-26.678173,-9.231283,-9.401528,148.516357,0.056614,-0.000707,0.000535,0.105000,0.105000,1.256177,83460.992188,1.353389,0.000000,0.000000,0.000000,0.000000,0.000000,0.000000,0.000000,0.000000,0.000000,-25.686415,486.075104
37.539619,2.000000,-2298.684326,0.357654,844.982647,147.058426,476.250427,307.975891,307.750793,318.961135,-2.897999,0.070775,5.930508,-26.500063,-9.174017,-9.343954,147.144943,0.056560,-0.000696,0.000533,0.105000,0.105000,1.256804,83460.992188,1.352979,0.000000,0.000000,0.000000,0.000000,0.000000,0.000000,0.000000,0.000000,0.000000,-25.507849,481.707520
37.596234,2.000000,-2289.331787,0.341262,843.489908,145.565628,471.302277,307.826904,307.585846,318.825823,-2.826824,0.072451,5.937028,-26.297060,-9.108721,-9.278268,145.591415,0.056747,-0.000686,0.000530,0.105000,0.105000,1.257446,83460.992188,1.353105,0.000000,0.000000,0.000000,0.000000,0.000000,0.000000,0.000000,0.000000,0.000000,-25.307240,476.759369
37.653040,2.000000,-2280.046387,0.324876,842.003579,144.079239,466.425262,307.676086,307.420776,318.689799,-2.755369,0.074137,5.943651,-26.095615,-9.043896,-9.213041,144.060379,0.056761,-0.000676,0.000527,0.105000,0.105000,1.258096,83460.992188,1.352762,0.000000,0.000000,0.000000,0.000000,0.000000,0.000000,0.000000,0.000000,0.000000,-25.106174,471.897888
37.703521,2.000000,-2271.811279,0.310251,840.692360,142.767960,462.129639,307.540924,307.273407,318.567893,-2.691845,0.075638,5.949579,-25.917046,-8.986403,-9.155183,142.711975,0.056760,-0.000668,0.000525,0.105000,0.105000,1.258546,83460.992188,1.352582,0.000000,0.000000,0.000000,0.000000,0.000000,0.000000,0.000000,0.000000,0.000000,-24.927650,467.602264
37.754356,2.000000,-2263.537842,0.295471,839.381081,141.456619,457.841888,307.403717,307.124329,318.444119,-2.627855,0.077154,5.955604,-25.737730,-8.928646,-9.097041,141.366241,0.056733,-0.000657,0.000522,0.105000,0.105000,1.258984,83460.992188,1.352250,0.000000,0.000000,0.000000,0.000000,0.000000,0.000000,0.000000,0.000000,0.000000,-24.748058,463.314484
37.811079,2.000000,-2254.206055,0.278697,837.928718,140.004105,453.039581,307.249420,306.954834,318.302904,-2.556426,0.078848,5.962406,-25.535677,-8.863536,-9.031454,139.859100,0.056876,-0.000646,0.000520,0.105000,0.105000,1.259608,83460.992188,1.352126,0.000000,0.000000,0.000000,0.000000,0.000000,0.000000,0.000000,0.000000,0.000000,-24.547918,458.512177
37.863776,2.000000,-2245.670898,0.263258,836.589662,138.664993,448.678436,307.104858,306.798553,318.172308,-2.490038,0.080426,5.968745,-25.350899,-8.803962,-8.971453,138.490585,0.056824,-0.000639,0.000517,0.105000,0.105000,1.259757,83460.992188,1.352468,0.000000,0.000000,0.000000,0.000000,0.000000,0.000000,0.000000,0.000000,0.000000,-24.362064,454.205353
37.916166,2.000000,-2237.035645,0.247545,835.268141,137.343338,444.296509,306.959991,306.639526,318.038805,-2.424033,0.081998,5.975101,-25.164042,-8.743687,-8.910735,137.115723,0.057019,-0.000629,0.000514,0.105000,0.105000,1.260064,83460.992188,1.351828,0.000000,0.000000,0.000000,0.000000,0.000000,0.000000,0.000000,0.000000,0.000000,-24.177542,449.823425
37.968557,2.000000,-2228.470703,0.231869,833.956286,136.031387,439.980591,306.814056,306.480621,317.904946,-2.358002,0.083574,5.981527,-24.978912,-8.683943,-8.850503,135.761673,0.057099,-0.000621,0.000512,0.105000,0.105000,1.260490,83460.992188,1.351891,0.000000,0.000000,0.000000,0.000000,0.000000,0.000000,0.000000,0.000000,0.000000,-23.993242,445.507507
38.019886,2.000000,-2220.082031,0.216428,832.680406,134.755508,435.782532,306.670074,306.324127,317.772511,-2.293284,0.085120,5.987904,-24.797705,-8.625436,-8.791497,134.444763,0.057148,-0.000612,0.000509,0.105000,0.105000,1.261144,83460.992188,1.351015,0.000000,0.000000,0.000000,0.000000,0.000000,0.000000,0.000000,0.000000,0.000000,-23.812939,441.309479
38.071390,2.000000,-2211.722412,0.200954,831.409505,133.484573,431.627625,306.524475,306.166931,317.639216,-2.228310,0.086675,5.994364,-24.617273,-8.567150,-8.732683,133.141571,0.057116,-0.000602,0.000507,0.105000,0.105000,1.261762,83460.992188,1.350889,0.000000,0.000000,0.000000,0.000000,0.000000,0.000000,0.000000,0.000000,0.000000,-23.632200,437.134888
38.122599,2.000000,-2203.457520,0.185571,830.155139,132.230301,427.547974,306.378601,306.010651,317.506128,-2.163680,0.088224,6.000854,-24.439005,-8.509534,-8.674526,131.862091,0.056993,-0.000594,0.000504,0.105000,0.105000,1.262486,83460.992188,1.350475,0.000000,0.000000,0.000000,0.000000,0.000000,0.000000,0.000000,0.000000,0.000000,-23.452715,433.055206
38.172643,2.000000,-2195.262207,0.170237,828.938207,131.013382,423.530273,306.235107,305.854462,317.372863,-2.100486,0.089742,6.007260,-24.262363,-8.452416,-8.616848,130.602188,0.057092,-0.000584,0.000502,0.105000,0.105000,1.263183,83460.992188,1.350372,0.000000,0.000000,0.000000,0.000000,0.000000,0.000000,0.000000,0.000000,0.000000,-23.277493,429.037506
38.229707,2.000000,-2185.863037,0.152550,827.561299,129.636368,418.956177,306.070343,305.674042,317.218449,-2.028385,0.091476,6.014626,-24.059887,-8.386907,-8.550682,129.167969,0.057324,-0.000571,0.000499,0.105000,0.105000,1.263821,83460.992188,1.350734,0.000000,0.000000,0.000000,0.000000,0.000000,0.000000,0.000000,0.000000,0.000000,-23.077866,424.463409
38.281531,2.000000,-2177.448975,0.136627,826.320741,128.395889,414.892181,305.919464,305.511566,317.078836,-1.962878,0.093055,6.021357,-23.878645,-8.328232,-8.491441,127.893837,0.057329,-0.000559,0.000496,0.105000,0.105000,1.264229,83460.992188,1.350154,0.000000,0.000000,0.000000,0.000000,0.000000,0.000000,0.000000,0.000000,0.000000,-22.896730,420.396759
38.333430,2.000000,-2169.020020,0.120593,825.087823,127.163101,410.849945,305.767303,305.347748,316.937681,-1.897255,0.094640,6.028149,-23.697224,-8.269465,-8.432082,126.626686,0.057348,-0.000549,0.000493,0.105000,0.105000,1.264676,83460.992188,1.349968,0.000000,0.000000,0.000000,0.000000,0.000000,0.000000,0.000000,0.000000,0.000000,-22.715536,416.354553
38.384962,2.000000,-2160.680664,0.104647,823.872953,125.948257,406.879211,305.615173,305.184540,316.796615,-1.832070,0.096217,6.034959,-23.517870,-8.211338,-8.373342,125.382103,0.057315,-0.000539,0.000490,0.105000,0.105000,1.265223,83460.992188,1.349859,0.000000,0.000000,0.000000,0.000000,0.000000,0.000000,0.000000,0.000000,0.000000,-22.535843,412.383789
38.440902,2.000000,-2151.460693,0.086923,822.564723,124.640091,402.522430,305.448669,305.002960,316.639235,-1.761312,0.097931,6.042308,-23.319466,-8.146990,-8.308389,124.016624,0.057646,-0.000529,0.000487,0.105000,0.105000,1.265048,83460.992188,1.349269,0.000000,0.000000,0.000000,0.000000,0.000000,0.000000,0.000000,0.000000,0.000000,-22.340796,408.027008
38.492487,2.000000,-2143.071289,0.070710,821.367995,123.443436,398.588165,305.294159,304.836517,316.494550,-1.696028,0.099515,6.049243,-23.139359,-8.088550,-8.249273,122.783752,0.057689,-0.000518,0.000485,0.105000,0.105000,1.265863,83460.992188,1.349229,0.000000,0.000000,0.000000,0.000000,0.000000,0.000000,0.000000,0.000000,0.000000,-22.161409,404.138916
38.543966,2.000000,-2134.788086,0.054623,820.182979,122.258499,394.731873,305.138855,304.671326,316.350399,-1.630839,0.101098,6.056231,-22.961615,-8.030841,-8.191216,121.575455,0.057305,-0.000510,0.000482,0.105000,0.105000,1.266670,83460.992188,1.348919,0.000000,0.000000,0.000000,0.000000,0.000000,0.000000,0.000000,0.000000,0.000000,-21.982584,400.282623
38.595242,2.000000,-2126.450439,0.038352,819.011849,121.087357,390.878632,304.983185,304.503601,316.204201,-1.565995,0.102678,6.062446,-22.781466,-7.972283,-8.138459,120.367813,0.053038,-0.000500,0.000479,0.105000,0.105000,1.260304,83460.992188,1.357055,0.000000,0.000000,0.000000,0.000000,0.000000,0.000000,0.000000,0.000000,0.000000,-21.802698,396.429382
38.650387,2.000000,-2117.474121,0.020746,817.762889,119.838455,386.762817,304.814484,304.321350,316.046317,-1.497294,0.104428,6.065795,-22.581318,-7.907029,-8.089403,119.076149,0.044211,-0.000640,0.000448,0.105000,0.105000,1.228822,83460.992188,1.370983,0.000000,0.000000,0.000000,0.000000,0.000000,0.000000,0.000000,0.000000,0.000000,-21.602787,392.285767
38.702888,2.000000,-2108.963135,0.003968,816.584276,118.659866,382.892670,304.652924,304.144653,315.894187,-1.434263,0.106216,6.064088,-22.384293,-7.842629,-8.049424,117.858521,0.033034,-0.000708,0.000399,0.105000,0.105000,1.171856,83460.992188,1.385187,0.000000,0.000000,0.000000,0.000000,0.000000,0.000000,0.000000,0.000000,0.000000,-21.405235,388.415619
38.756234,2.000000,-2100.450684,-0.012895,815.397573,117.473160,379.054718,304.487732,303.963135,315.738943,-1.374108,0.108069,6.055891,-22.179848,-7.775653,-8.015004,116.646675,0.020362,-0.000741,0.000354,0.105000,0.105000,1.085106,83460.992188,1.398549,0.000000,0.000000,0.000000,0.000000,0.000000,0.000000,0.000000,0.000000,0.000000,-21.197107,384.577667
38.808597,2.000000,-2091.840088,-0.030036,814.243749,116.319351,375.207306,304.324707,303.775421,315.578657,-1.320337,0.109908,6.040307,-21.966274,-7.705547,-7.985110,115.426208,0.006957,-0.000765,0.000316,0.105000,0.105000,0.972353,83460.992188,1.410574,0.000000,0.000000,0.000000,0.000000,0.000000,0.000000,0.000000,0.000000,0.000000,-20.986343,380.730255
38.860103,2.000000,-2083.581543,-0.046554,813.119825,115.195328,371.551392,304.163239,303.591400,315.422018,-1.273910,0.111734,6.017010,-21.756771,-7.636672,-7.960450,114.260086,-0.005789,-0.000789,0.000282,0.105000,0.105000,0.839264,83460.992188,1.417809,0.000000,0.000000,0.000000,0.000000,0.000000,0.000000,0.000000,0.000000,0.000000,-20.774763,377.150635
38.913643,2.000000,-2074.812988,-0.064174,811.963127,114.038651,367.706360,303.995178,303.392761,315.252804,-1.233490,0.113643,5.983795,-21.530594,-7.562216,-7.937903,113.026184,-0.018803,-0.000809,0.000251,0.105000,0.105000,0.679121,83460.992188,1.421004,0.000000,0.000000,0.000000,0.000000,0.000000,0.000000,0.000000,0.000000,0.000000,-20.551601,373.305603
38.970605,2.000000,-2065.669189,-0.082636,810.745711,112.821182,363.737976,303.815796,303.183350,315.073624,-1.200430,0.115684,5.938397,-21.294098,-7.484303,-7.917709,111.743622,-0.030951,-0.000829,0.000222,0.105000,0.105000,0.492787,83460.992188,1.419810,0.000000,0.000000,0.000000,0.000000,0.000000,0.000000,0.000000,0.000000,0.000000,-20.314003,369.337219
39.024089,2.000000,-2056.930908,-0.100365,809.615227,111.690689,359.985687,303.646240,302.982513,314.900731,-1.179505,0.117602,5.886711,-21.070873,-7.410742,-7.900979,110.521523,-0.041753,-0.000835,0.000198,0.105000,0.105000,0.311652,83460.992188,1.414028,0.000000,0.000000,0.000000,0.000000,0.000000,0.000000,0.000000,0.000000,0.000000,-20.094160,365.584930
39.077167,2.000000,-2048.369873,-0.117809,808.504559,110.579910,356.344849,303.479034,302.785065,314.729530,-1.168347,0.119510,5.826853,-20.854887,-7.339557,-7.886443,109.327362,-0.050099,-0.000846,0.000178,0.105000,0.105000,0.122519,83460.992188,1.402992,0.000000,0.000000,0.000000,0.000000,0.000000,0.000000,0.000000,0.000000,0.000000,-19.879179,361.908203
39.131184,2.000000,-2039.606812,-0.135740,807.385797,109.461258,352.654663,303.309387,302.583954,314.553316,-1.167249,0.121448,5.758216,-20.640875,-7.269074,-7.872982,108.108070,-0.057117,-0.000854,0.000160,0.105000,0.105000,-0.067261,83460.992188,1.386814,0.000000,0.000000,0.000000,0.000000,0.000000,0.000000,0.000000,0.000000,0.000000,-19.667908,358.218018
39.183712,2.000000,-2031.193726,-0.153025,806.308596,108.384171,349.145325,303.145325,302.392578,314.383449,-1.175831,0.123333,5.684895,-20.444033,-7.204333,-7.860965,106.940269,-0.061849,-0.000855,0.000147,0.105000,0.105000,-0.245293,83460.992188,1.367737,0.000000,0.000000,0.000000,0.000000,0.000000,0.000000,0.000000,0.000000,0.000000,-19.471531,354.708679
39.240251,2.000000,-2021.940552,-0.172110,805.160338,107.235977,345.321381,302.969910,302.185150,314.196705,-1.195166,0.125362,5.600039,-20.239553,-7.137218,-7.848292,105.658981,-0.065668,-0.000903,0.000146,0.105000,0.105000,-0.424920,83460.992188,1.343242,0.000000,0.000000,0.000000,0.000000,0.000000,0.000000,0.000000,0.000000,0.000000,-19.272367,350.884766
39.290713,2.000000,-2013.830444,-0.188893,804.144713,106.220413,341.998901,302.814789,302.006439,314.033185,-1.220608,0.127226,5.520335,-20.072378,-7.082515,-7.837284,104.538689,-0.067006,-0.000929,0.000164,0.105000,0.105000,-0.570505,83460.992188,1.318437,0.000000,0.000000,0.000000,0.000000,0.000000,0.000000,0.000000,0.000000,0.000000,-19.106941,347.524689
39.342832,2.000000,-2005.514404,-0.206151,803.104183,105.179947,338.617981,302.656219,301.826935,313.866284,-1.254137,0.129140,5.435378,-19.913965,-7.030879,-7.825753,103.392639,-0.066731,-0.000903,0.000180,0.105000,0.105000,-0.703390,83460.992188,1.290840,0.000000,0.000000,0.000000,0.000000,0.000000,0.000000,0.000000,0.000000,0.000000,-18.949551,344.143738
39.397495,2.000000,-1996.727051,-0.224438,802.021283,104.097061,335.071594,302.492096,301.642151,313.691227,-1.296139,0.131119,5.344834,-19.761961,-6.981599,-7.812973,102.184723,-0.065090,-0.000869,0.000195,0.105000,0.105000,-0.820949,83460.992188,1.260426,0.000000,0.000000,0.000000,0.000000,0.000000,0.000000,0.000000,0.000000,0.000000,-18.800190,340.597351
39.448991,2.000000,-1988.343384,-0.241930,801.008185,103.084000,331.710358,302.339752,301.470612,313.525453,-1.340965,0.132959,5.259504,-19.632179,-6.939829,-7.799906,101.035400,-0.062316,-0.000833,0.000208,0.105000,0.105000,-0.910058,83460.992188,1.230455,0.000000,0.000000,0.000000,0.000000,0.000000,0.000000,0.000000,0.000000,0.000000,-18.674660,337.236115
39.500229,2.000000,-1980.083496,-0.259205,800.006202,102.082047,328.417572,302.190643,301.306366,313.363565,-1.389507,0.134767,5.175846,-19.519375,-6.903869,-7.785942,99.906181,-0.058185,-0.000796,0.000219,0.105000,0.105000,-0.976201,83460.992188,1.200368,0.000000,0.000000,0.000000,0.000000,0.000000,0.000000,0.000000,0.000000,0.000000,-18.564793,333.937958
39.551959,2.000000,-1971.862183,-0.276435,798.999922,101.075821,325.156006,302.042847,301.147675,313.203931,-1.441304,0.136572,5.093879,-19.422060,-6.873247,-7.770739,98.785530,-0.052860,-0.000762,0.000230,0.105000,0.105000,-1.019345,83460.992188,1.170169,0.000000,0.000000,0.000000,0.000000,0.000000,0.000000,0.000000,0.000000,0.000000,-18.469151,330.676422
39.603003,2.000000,-1963.562134,-0.293866,798.011459,100.087296,321.876862,301.899719,300.992188,313.044178,-1.493950,0.138334,5.016617,-19.338856,-6.847542,-7.753862,97.657684,-0.046758,-0.000725,0.000240,0.105000,0.105000,-1.038288,83460.992188,1.140781,0.000000,0.000000,0.000000,0.000000,0.000000,0.000000,0.000000,0.000000,0.000000,-18.389662,327.397278
39.654687,2.000000,-1955.297852,-0.311254,797.014368,99.090164,318.622955,301.757629,300.842010,312.886621,-1.547586,0.140092,4.943134,-19.270636,-6.827018,-7.735347,96.538490,-0.039754,-0.000632,0.000258,0.105000,0.105000,-1.033634,83460.992188,1.112054,0.000000,0.000000,0.000000,0.000000,0.000000,0.000000,0.000000,0.000000,0.000000,-18.323809,324.143372
39.705433,2.000000,-1947.085571,-0.328566,796.038326,98.114090,315.397949,301.620911,300.695923,312.730012,-1.599323,0.141702,4.876911,-19.217216,-6.811648,-7.715088,95.430321,-0.032362,-0.000493,0.000312,0.105000,0.105000,-1.003366,83460.992188,1.083737,0.000000,0.000000,0.000000,0.000000,0.000000,0.000000,0.000000,0.000000,0.000000,-18.273436,320.972595
39.755967,2.000000,-1939.011597,-0.345614,795.068574,97.144363,312.233124,301.487579,300.554413,312.575094,-1.648648,0.143271,4.817776,-19.177944,-6.801196,-7.693221,94.344955,-0.024775,-0.000449,0.000357,0.105000,0.105000,-0.948851,83460.992188,1.058328,0.000000,0.000000,0.000000,0.000000,0.000000,0.000000,0.000000,0.000000,0.000000,-18.236406,317.807800
39.813279,2.000000,-1929.849487,-0.364993,793.970635,96.046341,308.646240,301.339478,300.395569,312.398168,-1.700485,0.145042,4.759780,-19.147585,-6.794340,-7.665913,93.118622,-0.015803,-0.000402,0.000399,0.105000,0.105000,-0.861282,83460.992188,1.033126,0.000000,0.000000,0.000000,0.000000,0.000000,0.000000,0.000000,0.000000,0.000000,-18.208506,314.220886
39.870233,2.000000,-1920.635498,-0.384516,792.880779,94.956436,305.041107,301.195496,300.237885,312.219255,-1.746291,0.146798,4.712417,-19.130379,-6.792145,-7.635633,91.891403,-0.006237,-0.000362,0.000433,0.105000,0.105000,-0.750676,83460.992188,1.011405,0.000000,0.000000,0.000000,0.000000,0.000000,0.000000,0.000000,0.000000,0.000000,-18.193733,310.611176
39.920401,2.000000,-1912.624878,-0.401515,791.921245,93.996780,301.906708,301.070892,300.102203,312.063002,-1.780927,0.148344,4.679666,-19.124821,-6.793558,-7.606915,90.829727,0.002161,-0.000327,0.000457,0.105000,0.105000,-0.636175,83460.992188,0.995354,0.000000,0.000000,0.000000,0.000000,0.000000,0.000000,0.000000,0.000000,0.000000,-18.189938,307.476776
39.971312,2.000000,-1904.463623,-0.418860,790.947524,93.022964,298.711761,300.946381,299.964874,311.903042,-1.809817,0.149919,4.655306,-19.126686,-6.797667,-7.575299,89.753426,0.011024,-0.000368,0.000583,0.105000,0.105000,-0.506525,83460.992188,0.983397,0.000000,0.000000,1.000000,0.006574,0.010428,0.008590,0.000000,0.000000,0.000000,-18.193369,304.281830
40.022134,2.000000,-1896.308594,-0.436219,789.975283,92.050613,295.516357,300.823669,299.769012,311.680557,-1.832059,0.151487,4.640235,-19.132111,-6.804385,-7.541294,88.683609,0.021714,-0.000225,0.000610,0.105000,0.105000,-0.375256,83460.992188,0.971442,0.000000,0.000000,1.000000,0.029801,0.047272,0.038941,0.000000,0.000000,0.000000,-18.200254,301.086426
40.072675,2.000000,-1888.245972,-0.453407,789.007927,91.083206,292.353119,300.702332,299.561462,311.444398,-1.847115,0.153025,4.634904,-19.144001,-6.813688,-7.505250,87.631767,0.032094,-0.000181,0.000633,0.105000,0.105000,-0.228693,83460.992188,0.958925,0.000000,0.000000,1.000000,0.052900,0.083913,0.069124,0.000000,0.000000,0.000000,-18.213953,297.883911
40.123194,2.000000,-1880.166870,-0.470658,788.040196,90.115372,289.178162,300.580933,299.350494,311.203257,-1.854405,0.154565,4.639300,-19.161377,-6.825049,-7.466679,86.583908,0.042438,-0.000145,0.000652,0.105000,0.105000,-0.069340,83460.992188,0.949059,0.000000,0.000000,1.000000,0.075988,0.120538,0.099294,0.000000,0.000000,0.000000,-18.232939,294.708954
40.180067,2.000000,-1871.102173,-0.490044,786.949519,89.024551,285.608551,300.442780,299.111206,310.928925,-1.852606,0.156305,4.655945,-19.185671,-6.839593,-7.420459,85.415855,0.053717,-0.000107,0.000669,0.105000,0.105000,0.122592,83460.992188,0.942078,0.000000,0.000000,1.000000,0.101981,0.161769,0.133259,0.000000,0.000000,0.000000,-18.258835,291.139374
40.230223,2.000000,-1863.156128,-0.507065,785.986414,88.061356,282.472595,300.319061,298.899536,310.685796,-1.841723,0.157847,4.680764,-19.209352,-6.853263,-7.377379,84.398895,0.063184,-0.000075,0.000681,0.105000,0.105000,0.299726,83460.992188,0.938981,0.000000,0.000000,1.000000,0.124903,0.198130,0.163212,0.000000,0.000000,0.000000,-18.283861,288.003418
40.283718,2.000000,-1854.524048,-0.525584,784.957839,87.032791,279.058136,300.184143,298.667114,310.419502,-1.820143,0.159498,4.717278,-19.235966,-6.868498,-7.327873,83.301811,0.074251,-0.000042,0.000692,0.105000,0.105000,0.492116,83460.992188,0.947366,0.000000,0.000000,1.000000,0.149352,0.236913,0.195159,0.000000,0.000000,0.000000,-18.310579,284.641846
40.334868,2.000000,-1846.411499,-0.543018,783.973074,86.048111,275.841919,300.051666,298.447906,310.167534,-1.789768,0.161082,4.761953,-19.260006,-6.882533,-7.278802,82.278320,0.083320,-0.000016,0.000700,0.105000,0.105000,0.682023,83460.992188,0.942795,0.000000,0.000000,1.000000,0.172729,0.273995,0.225706,0.000000,0.000000,0.000000,-18.336023,281.425629
40.385851,2.000000,-1838.254150,-0.560575,782.990334,85.065384,272.600922,299.915741,298.225220,309.912600,-1.749791,0.162666,4.815457,-19.282682,-6.896172,-7.227003,81.256844,0.092616,0.000008,0.000707,0.105000,0.105000,0.872608,83460.992188,0.948072,0.000000,0.000000,1.000000,0.196030,0.310956,0.256153,0.000000,0.000000,0.000000,-18.359194,278.184631
40.442103,2.000000,-1829.279175,-0.579925,781.904818,83.979935,269.027466,299.760773,297.977997,309.630497,-1.694387,0.164421,4.884531,-19.304092,-6.909984,-7.167214,80.142166,0.102230,0.000036,0.000712,0.105000,0.105000,1.083692,83460.992188,0.956203,0.000000,0.000000,1.000000,0.231180,0.347235,0.286199,0.000000,0.000000,0.000000,-18.381069,274.611176
40.498321,2.000000,-1820.342041,-0.599229,780.818952,82.894180,265.461975,299.599762,297.729218,309.348216,-1.627212,0.166180,4.963372,-19.319960,-6.921858,-7.104830,79.042091,0.111173,0.000058,0.000717,0.105000,0.105000,1.292331,83460.992188,0.968712,0.000000,0.000000,1.000000,0.271936,0.380808,0.314113,0.000000,0.000000,0.000000,-18.397179,271.008759
40.548744,2.000000,-1812.381470,-0.616455,779.844466,81.919754,262.281036,299.449524,297.505157,309.095685,-1.557077,0.167762,5.041796,-19.328129,-6.930359,-7.046934,78.070793,0.118440,0.000077,0.000720,0.105000,0.105000,1.475423,83460.992188,0.982820,0.000000,0.000000,1.000000,0.308491,0.410921,0.339150,0.000000,0.000000,0.000000,-18.405405,267.827820
40.598922,2.000000,-1804.404663,-0.633746,778.874530,80.949844,259.089874,299.294312,297.278503,308.841789,-1.478242,0.169339,5.126550,-19.329632,-6.936535,-6.986784,77.105843,0.125574,0.000096,0.000722,0.105000,0.105000,1.653307,83460.992188,0.996151,0.000000,0.000000,1.000000,0.344869,0.440887,0.364065,0.000000,0.000000,0.000000,-18.406960,264.636658
40.655576,2.000000,-1795.416992,-0.653264,777.779631,79.854996,255.491348,299.111877,297.020020,308.554525,-1.378685,0.171121,5.229640,-19.322617,-6.940435,-6.916536,76.028862,0.132965,0.000115,0.000724,0.105000,0.105000,1.847944,83460.992188,1.014876,0.000000,0.000000,1.000000,0.385941,0.474721,0.392195,0.000000,0.000000,0.000000,-18.399769,261.038147
40.706098,2.000000,-1787.386963,-0.670737,776.803887,78.879349,252.275024,298.942383,296.785889,308.296922,-1.280800,0.172711,5.327444,-19.307329,-6.940736,-6.851639,75.076050,0.139235,0.000131,0.000726,0.105000,0.105000,2.013917,83460.992188,1.034170,0.000000,0.000000,1.000000,0.422568,0.504893,0.417281,0.000000,0.000000,0.000000,-18.384218,257.793121
40.756314,2.000000,-1779.479736,-0.687975,775.835118,77.910660,249.108231,298.767151,296.552612,308.042255,-1.175379,0.174291,5.429605,-19.283340,-6.937871,-6.785847,74.146690,0.144441,0.000147,0.000727,0.105000,0.105000,2.171972,83460.992188,1.053288,0.000000,0.000000,1.000000,0.458973,0.534882,0.442215,0.000000,0.000000,0.000000,-18.359795,254.626328
40.806359,2.000000,-1771.496582,-0.705413,774.871175,76.946732,245.913040,298.585602,296.313812,307.784029,-1.062649,0.175864,5.535655,-19.249372,-6.931523,-6.717611,73.217514,0.149878,0.000162,0.000729,0.105000,0.105000,2.321318,83460.992188,1.072921,0.000000,0.000000,1.000000,0.495254,0.564769,0.467063,0.000000,0.000000,0.000000,-18.325794,251.431122
40.859205,2.000000,-1763.200562,-0.723574,773.855485,75.931046,242.596466,298.386169,296.062073,307.514828,-0.935737,0.177481,5.651507,-19.203356,-6.921108,-6.644862,72.261826,0.154423,0.000238,0.000705,0.105000,0.105000,2.468341,83460.992188,1.100569,0.000000,0.000000,1.000000,0.533566,0.596328,0.493303,0.000000,0.000000,0.000000,-18.278671,248.114563
40.909625,2.000000,-1755.233643,-0.741057,772.889081,74.964676,239.417053,298.188416,295.817474,307.255445,-0.807671,0.179010,5.765161,-19.148109,-6.907159,-6.573329,71.353699,0.153453,0.000241,0.000687,0.105000,0.105000,2.599268,83460.992188,1.123588,0.000000,0.000000,1.000000,0.570119,0.626439,0.518338,0.000000,0.000000,0.000000,-18.222916,245.001724
40.962062,2.000000,-1747.045044,-0.759072,771.887624,73.963272,236.157394,297.974518,295.561523,306.989033,-0.668640,0.180603,5.881363,-19.071424,-6.885676,-6.498213,70.430321,0.144978,0.000240,0.000671,0.105000,0.105000,2.688371,83460.992188,1.171389,0.000000,0.000000,1.000000,0.608134,0.657754,0.544374,0.000000,0.000000,0.000000,-18.143124,241.742065
41.012089,2.000000,-1739.179199,-0.776424,770.936777,73.012344,233.037949,297.761536,295.311432,306.733091,-0.532661,0.182125,5.989067,-18.978853,-6.858235,-6.424669,69.553055,0.141102,0.000243,0.000658,0.105000,0.105000,2.736906,83460.992188,1.203642,0.000000,0.000000,1.000000,0.644402,0.687630,0.569214,0.000000,0.000000,0.000000,-18.048962,238.622620
41.062155,2.000000,-1731.206421,-0.794056,769.990211,72.065811,229.889954,297.542206,295.053680,306.472581,-0.394824,0.183649,6.093692,-18.870510,-6.825196,-6.348838,68.673691,0.139595,0.000245,0.000648,0.105000,0.105000,2.765018,83460.992188,1.227989,0.000000,0.000000,1.000000,0.680698,0.717530,0.594074,0.000000,0.000000,0.000000,-17.941099,235.474640
41.112623,2.000000,-1723.277344,-0.811638,769.041853,71.117447,226.775436,297.313507,294.793274,306.211774,-0.254755,0.185180,6.196466,-18.751789,-6.788380,-6.272242,67.809090,0.139230,0.000252,0.000640,0.105000,0.105000,2.783288,83460.992188,1.248719,0.000000,0.000000,1.000000,0.717286,0.747669,0.619132,0.000000,0.000000,0.000000,-17.821806,232.348236
41.169471,2.000000,-1714.375488,-0.831434,767.981198,70.056717,223.300262,297.046722,294.496155,305.916501,-0.096074,0.186900,6.309160,-18.607279,-6.742991,-6.184959,66.850372,0.139521,0.000256,0.000633,0.105000,0.105000,2.797639,83460.992188,1.269168,0.000000,0.000000,1.000000,0.758499,0.781619,0.647359,0.000000,0.000000,0.000000,-17.676460,228.873062
41.220419,2.000000,-1706.360596,-0.849309,767.037957,69.113419,220.192444,296.799469,294.224518,305.648339,0.046742,0.188436,6.407546,-18.468088,-6.698828,-6.105303,65.998108,0.140093,0.000259,0.000629,0.105000,0.105000,2.807652,83460.992188,1.285976,0.000000,0.000000,1.000000,0.795434,0.812045,0.672656,0.000000,0.000000,0.000000,-17.537367,225.765244
41.271224,2.000000,-1698.365845,-0.867188,766.104684,68.180069,217.113724,296.545349,293.949677,305.378456,0.189625,0.189962,6.503306,-18.321297,-6.651883,-6.024927,65.158401,0.140802,0.000266,0.000626,0.105000,0.105000,2.816300,83460.992188,1.301776,0.000000,0.000000,1.000000,0.832266,0.842386,0.697883,0.000000,0.000000,0.000000,-17.390949,222.686523
41.322392,2.000000,-1690.384277,-0.885087,765.172517,67.247940,214.062653,296.282013,293.671356,305.106556,0.333952,0.191493,6.597467,-18.167225,-6.602266,-5.943848,64.330544,0.141575,0.000272,0.000624,0.105000,0.105000,2.824330,83460.992188,1.316922,0.000000,0.000000,1.000000,0.869362,0.872943,0.723289,0.000000,0.000000,0.000000,-17.236107,219.574371
41.374085,2.000000,-1682.236084,-0.903411,764.239086,66.361038,210.972427,296.008606,293.383240,304.826322,0.480168,0.193032,6.690357,-18.002506,-6.548889,-5.860301,63.496262,0.142377,0.000279,0.000622,0.105000,0.105000,2.832109,83460.992188,1.331685,0.000000,0.000000,1.000000,0.906837,0.903814,0.748956,0.000000,0.000000,0.000000,-17.072487,216.484146
41.426529,2.000000,-1674.123779,-0.921705,763.300997,65.468887,207.921661,295.723816,293.092346,304.544605,0.628914,0.194585,6.782381,-17.831318,-6.493097,-5.776426,62.676628,0.143187,0.000287,0.000622,0.105000,0.105000,2.839859,83460.992188,1.346037,0.000000,0.000000,1.000000,0.942863,0.933562,0.774380,0.000000,0.000000,0.000000,-16.899399,213.433395
41.477845,2.000000,-1666.032715,-0.940003,762.392103,64.604813,204.905853,295.438232,292.798462,304.260870,0.774853,0.196096,6.870334,-17.653658,-6.434893,-5.692161,61.870102,0.143957,0.000295,0.000620,0.105000,0.105000,2.847459,83460.992188,1.359773,0.000000,0.000000,1.000000,0.973508,0.959042,0.797836,0.000000,0.000000,0.000000,-16.723351,210.417572
41.528279,2.000000,-1658.113770,-0.957961,761.507851,63.764599,201.981369,295.151001,292.506989,303.980458,0.918666,0.197574,6.954833,-17.473265,-6.375509,-5.609172,61.091385,0.144691,0.000302,0.000619,0.105000,0.105000,2.854967,83460.992188,1.372865,0.000000,0.000000,1.000000,1.000000,0.984084,0.820889,0.000000,0.000000,0.000000,-16.544090,207.934937
41.579712,2.000000,-1650.109497,-0.976163,760.615624,62.917187,199.053833,294.851501,292.208557,303.694262,1.065718,0.199071,7.039082,-17.284565,-6.313112,-5.524846,60.315029,0.145412,0.000310,0.000616,0.105000,0.105000,2.862684,83460.992188,1.385783,0.000000,0.000000,1.000000,1.000000,1.000000,0.844399,0.000000,0.000000,0.000000,-16.355114,205.007385
41.630917,2.000000,-1642.144043,-0.994329,759.737226,62.083447,196.169922,294.547119,291.908081,303.406760,1.212516,0.200552,7.121089,-17.090591,-6.248695,-5.440557,59.553204,0.146094,0.000319,0.000607,0.105000,0.105000,2.870503,83460.992188,1.398302,0.000000,0.000000,1.000000,1.000000,1.000000,0.867804,0.000000,0.000000,0.000000,-16.160969,202.123489
41.681143,2.000000,-1634.301270,-1.012264,758.885479,61.275402,193.360184,294.242828,291.608643,303.121068,1.356899,0.201996,7.199779,-16.893730,-6.183055,-5.357272,58.813629,0.146735,0.000326,0.000591,0.105000,0.105000,2.878242,83460.992188,1.410276,0.000000,0.000000,1.000000,1.000000,1.000000,0.890762,0.000000,0.000000,0.000000,-15.964884,199.313751
41.738171,2.000000,-1625.501709,-1.032445,757.930576,60.370068,190.244019,293.890533,291.268646,302.797292,1.521308,0.203628,7.287090,-16.666090,-6.106846,-5.263560,57.996277,0.147438,0.000330,0.000567,0.105000,0.105000,2.887047,83460.992188,1.423400,0.000000,0.000000,1.000000,1.000000,1.000000,0.916829,0.000000,0.000000,0.000000,-15.735667,196.787323
41.795051,2.000000,-1616.625488,-1.052864,756.991443,59.480297,187.140961,293.532257,290.921173,302.467168,1.685788,0.205248,7.372094,-16.429441,-6.027297,-5.168831,57.185154,0.148115,0.000331,0.000536,0.105000,0.105000,2.895814,83460.992188,1.436130,0.000000,0.000000,1.000000,1.000000,1.000000,0.942828,0.000000,0.000000,0.000000,-15.500321,193.684265
41.846034,2.000000,-1608.689209,-1.071173,756.161275,58.694225,184.401901,293.205536,290.606873,302.168959,1.833640,0.206695,7.446589,-16.212061,-5.953952,-5.084035,56.471283,0.148704,0.000328,0.000505,0.105000,0.105000,2.903644,83460.992188,1.447173,0.000000,0.000000,1.000000,1.000000,1.000000,0.966132,0.000000,0.000000,0.000000,-15.283870,190.945206
41.903128,2.000000,-1599.876343,-1.091562,755.244930,57.827343,181.400543,292.833618,290.253937,301.834594,1.999676,0.208312,7.528162,-15.964478,-5.870115,-4.989840,55.691132,0.149389,0.000319,0.000467,0.105000,0.105000,2.912010,83460.992188,1.458952,0.000000,0.000000,1.000000,1.000000,1.000000,0.992229,0.000000,0.000000,0.000000,-15.035547,188.524094
41.955088,2.000000,-1591.835205,-1.110217,754.423536,57.050854,178.700104,292.489685,289.928284,301.526390,2.151197,0.209776,7.600774,-15.733105,-5.791494,-4.903928,54.990829,0.149979,0.000313,0.000430,0.105000,0.105000,2.919728,83460.992188,1.469404,0.000000,0.000000,1.000000,1.000000,1.000000,1.000000,0.000000,0.000000,0.000000,-14.804332,185.823669
42.006496,2.000000,-1583.861694,-1.128763,753.622875,56.294567,176.059158,292.144745,289.601868,301.217770,2.301509,0.211223,7.671134,-15.498639,-5.711566,-4.818830,54.307270,0.150524,0.000305,0.000399,0.105000,0.105000,2.927520,83460.992188,1.479503,0.000000,0.000000,1.000000,1.000000,1.000000,1.000000,0.000000,0.000000,0.000000,-14.570806,183.182709
42.057983,2.000000,-1575.857178,-1.147429,752.833203,55.549328,173.445663,291.794739,289.270752,300.904849,2.452454,0.212669,7.740174,-15.258330,-5.629390,-4.733548,53.631905,0.151044,0.000297,0.000371,0.105000,0.105000,2.935373,83460.992188,1.489357,0.000000,0.000000,1.000000,1.000000,1.000000,1.000000,0.000000,0.000000,0.000000,-14.332305,180.569214
42.115234,2.000000,-1567.076782,-1.167957,751.969755,54.735180,170.623276,291.400391,288.903625,300.557967,2.620771,0.214269,7.815320,-14.989193,-5.537060,-4.640229,52.903553,0.151601,0.000288,0.000344,0.105000,0.105000,2.944086,83460.992188,1.499915,0.000000,0.000000,1.000000,1.000000,1.000000,1.000000,0.000000,0.000000,0.000000,-14.061853,178.332550
42.166158,2.000000,-1559.163208,-1.186506,751.214937,54.024181,168.120438,291.045135,288.569122,300.242021,2.770906,0.215685,7.880778,-14.741828,-5.451933,-4.556385,52.258263,0.152081,0.000281,0.000323,0.105000,0.105000,2.951783,83460.992188,1.509059,0.000000,0.000000,1.000000,1.000000,1.000000,1.000000,0.000000,0.000000,0.000000,-13.816817,175.829712
42.217148,2.000000,-1551.336060,-1.204896,750.471813,53.331738,165.683762,290.685364,288.235016,299.926372,2.921626,0.217095,7.945056,-14.492808,-5.365988,-4.473746,51.630398,0.152551,0.000273,0.000304,0.105000,0.105000,2.959425,83460.992188,1.517875,0.000000,0.000000,1.000000,1.000000,1.000000,1.000000,0.000000,0.000000,0.000000,-13.567390,173.393036
42.267621,2.000000,-1543.573242,-1.223178,749.748908,52.622570,163.306107,290.325653,287.900391,299.610159,3.071199,0.218480,8.007481,-14.241697,-5.279077,-4.392115,51.017849,0.153005,0.000267,0.000288,0.105000,0.105000,2.966918,83460.992188,1.526393,0.000000,0.000000,1.000000,1.000000,1.000000,1.000000,0.000000,0.000000,0.000000,-13.316621,171.015381
42.319517,2.000000,-1535.606201,-1.241984,749.019006,51.973583,160.907028,289.951965,287.553558,299.282379,3.225369,0.219892,8.070256,-13.979624,-5.188111,-4.308719,50.399666,0.150169,0.000260,0.000273,0.105000,0.105000,2.972762,83460.992188,1.539161,0.000000,0.000000,1.000000,1.000000,1.000000,1.000000,0.000000,0.000000,0.000000,-13.054408,169.217041
42.376145,2.000000,-1526.849731,-1.262706,748.238411,51.228710,158.319656,289.540161,287.168060,298.918798,3.393330,0.221402,8.134375,-13.681189,-5.084085,-4.217564,49.732430,0.143392,0.000282,0.000249,0.105000,0.105000,2.956018,83460.992188,1.561409,0.000000,0.000000,1.000000,1.000000,1.000000,1.000000,0.000000,0.000000,0.000000,-12.757731,166.629654
42.426730,2.000000,-1519.113037,-1.281060,747.555648,50.591808,156.078506,289.168640,286.823517,298.594369,3.541992,0.222729,8.186841,-13.408167,-4.988530,-4.137527,49.153481,0.137741,0.000274,0.000228,0.105000,0.105000,2.921583,83460.992188,1.577029,0.000000,0.000000,1.000000,1.000000,1.000000,1.000000,0.000000,0.000000,0.000000,-12.483970,164.388504
42.483675,2.000000,-1510.376343,-1.301839,746.803910,49.866772,153.600082,288.746857,286.430359,298.224262,3.706764,0.224210,8.240197,-13.091437,-4.877281,-4.047774,48.511585,0.131899,0.000264,0.000208,0.105000,0.105000,2.866489,83460.992188,1.590998,0.000000,0.000000,1.000000,1.000000,1.000000,1.000000,0.000000,0.000000,0.000000,-12.167995,161.910095
42.533698,2.000000,-1502.728027,-1.320073,746.158617,49.222485,151.477295,288.373352,286.082855,297.897045,3.848602,0.225500,8.281924,-12.808243,-4.777485,-3.969795,47.959946,0.127060,0.000259,0.000193,0.105000,0.105000,2.807250,83460.992188,1.601036,0.000000,0.000000,1.000000,1.000000,1.000000,1.000000,0.000000,0.000000,0.000000,-11.884986,160.306183
42.584256,2.000000,-1495.006714,-1.338523,745.520985,48.596935,149.379562,287.993134,285.728912,297.563600,3.988725,0.226794,8.319159,-12.517861,-4.674867,-3.891672,47.412746,0.122411,0.000249,0.000179,0.105000,0.105000,2.739631,83460.992188,1.608967,0.000000,0.000000,1.000000,1.000000,1.000000,1.000000,0.000000,0.000000,0.000000,-11.594938,158.208450
42.636509,2.000000,-1487.175415,-1.357277,744.877561,47.964916,147.299210,287.597626,285.367096,297.222235,4.129775,0.228121,8.352450,-12.219777,-4.569241,-3.813083,46.867657,0.117743,0.000239,0.000167,0.105000,0.105000,2.663643,83460.992188,1.615369,0.000000,0.000000,1.000000,1.000000,1.000000,1.000000,0.000000,0.000000,0.000000,-11.291976,156.128098
42.687623,2.000000,-1479.195435,-1.376430,744.263594,47.318310,145.229004,287.208740,284.995880,296.871170,4.263784,0.229407,8.379976,-11.913229,-4.460331,-3.733701,46.322422,0.113567,0.000235,0.000156,0.105000,0.105000,2.584966,83460.992188,1.619773,0.000000,0.000000,1.000000,1.000000,1.000000,1.000000,0.000000,0.000000,0.000000,-10.993381,154.057892
42.737984,2.000000,-1471.528320,-1.394873,743.673691,46.761120,143.287460,286.823853,284.636871,296.530932,4.391808,0.230661,8.402330,-11.616845,-4.354767,-3.658118,45.808220,0.109487,0.000228,0.000147,0.105000,0.105000,2.504597,83460.992188,1.622537,0.000000,0.000000,1.000000,1.000000,1.000000,1.000000,0.000000,0.000000,0.000000,-10.697803,152.040314
42.794704,2.000000,-1462.902954,-1.415666,743.027216,46.089550,141.159409,286.388611,284.230469,296.144809,4.531082,0.232059,8.422014,-11.282132,-4.235251,-3.573915,45.240993,0.105089,0.000225,0.000137,0.105000,0.105000,2.411850,83460.992188,1.624190,0.000000,0.000000,1.000000,1.000000,1.000000,1.000000,0.000000,0.000000,0.000000,-10.364131,149.912262
42.852589,2.000000,-1454.249634,-1.436574,742.387072,45.457958,139.084473,285.942902,283.820465,295.754059,4.667746,0.233471,8.436320,-10.945790,-4.114840,-3.490342,44.683819,0.100790,0.000220,0.000129,0.105000,0.105000,2.315951,83460.992188,1.624122,0.000000,0.000000,1.000000,1.000000,1.000000,1.000000,0.000000,0.000000,0.000000,-10.023635,147.837311
42.903421,2.000000,-1446.452515,-1.455453,741.841231,44.891247,137.266495,285.550629,283.449097,295.399169,4.783170,0.234699,8.444282,-10.642962,-4.006165,-3.415828,44.191906,0.097214,0.000220,0.000123,0.105000,0.105000,2.231530,83460.992188,1.622981,0.000000,0.000000,1.000000,1.000000,1.000000,1.000000,0.000000,0.000000,0.000000,-9.725327,146.159271
42.954562,2.000000,-1438.717651,-1.474219,741.307408,44.387035,135.511383,285.155518,283.079315,295.044604,4.894976,0.235926,8.448180,-10.343348,-3.898403,-3.342654,43.713356,0.093769,0.000218,0.000117,0.105000,0.105000,2.147052,83460.992188,1.620628,0.000000,0.000000,1.000000,1.000000,1.000000,1.000000,0.000000,0.000000,0.000000,-9.426450,144.404160
43.005769,2.000000,-1431.019409,-1.492932,740.788362,43.846264,133.812714,284.759125,282.709595,294.689447,5.002585,0.237142,8.448138,-10.046447,-3.791382,-3.270580,43.246349,0.088476,0.000221,0.000111,0.105000,0.105000,2.063595,83460.992188,1.617178,0.000000,0.000000,1.000000,1.000000,1.000000,1.000000,0.000000,0.000000,0.000000,-9.128953,142.705475
43.061145,2.000000,-1422.555908,-1.513546,740.244170,43.304699,131.999817,284.331177,282.302399,294.296354,5.114016,0.238448,8.443131,-9.720519,-3.673610,-3.192199,42.743530,0.085677,0.000218,0.000106,0.105000,0.105000,1.968596,83460.992188,1.615204,0.000000,0.000000,1.000000,1.000000,1.000000,1.000000,0.000000,0.000000,0.000000,-8.807978,140.892593
43.113775,2.000000,-1414.646851,-1.532847,739.743370,42.806652,130.357330,283.925232,281.920685,293.926811,5.215183,0.239679,8.434708,-9.418808,-3.564348,-3.119769,42.283638,0.083034,0.000218,0.000102,0.105000,0.105000,1.882712,83460.992188,1.608839,0.000000,0.000000,1.000000,1.000000,1.000000,1.000000,0.000000,0.000000,0.000000,-8.506539,139.203461
43.165763,2.000000,-1406.734253,-1.552191,739.264213,42.322643,128.763733,283.525055,281.537933,293.555043,5.310790,0.240887,8.423175,-9.120271,-3.456012,-3.048094,41.833130,0.080497,0.000218,0.000098,0.105000,0.105000,1.801769,83460.992188,1.602028,0.000000,0.000000,1.000000,1.000000,1.000000,1.000000,0.000000,0.000000,0.000000,-8.212473,137.609848
43.217148,2.000000,-1398.967529,-1.571213,738.805593,41.873791,127.247299,283.130615,281.161652,293.188289,5.401254,0.242073,8.408896,-8.830657,-3.350696,-2.978501,41.400200,0.078108,0.000219,0.000094,0.105000,0.105000,1.725365,83460.992188,1.594880,0.000000,0.000000,1.000000,1.000000,1.000000,1.000000,0.000000,0.000000,0.000000,-7.925594,136.093414
43.268413,2.000000,-1391.342896,-1.589918,738.362688,41.463146,125.804161,282.738373,280.791840,292.826636,5.487690,0.243248,8.392076,-8.549867,-3.248383,-2.910905,40.984074,0.075876,0.000221,0.000091,0.105000,0.105000,1.652587,83460.992188,1.587233,0.000000,0.000000,1.000000,1.000000,1.000000,1.000000,0.000000,0.000000,0.000000,-7.643366,134.650284
43.320674,2.000000,-1383.556519,-1.609050,737.926031,41.010571,124.376526,282.339996,280.413757,292.455758,5.572054,0.244439,8.372461,-8.266862,-3.145054,-2.843573,40.568108,0.072999,0.000222,0.000088,0.105000,0.105000,1.581269,83460.992188,1.580158,0.000000,0.000000,1.000000,1.000000,1.000000,1.000000,0.000000,0.000000,0.000000,-7.359779,133.158585
43.373832,2.000000,-1375.438599,-1.629031,737.497066,40.559093,122.937279,281.936615,280.019104,292.067499,5.654022,0.245643,8.349611,-7.974907,-3.038220,-2.776666,40.143768,0.068503,0.000228,0.000085,0.105000,0.105000,1.507298,83460.992188,1.575377,0.000000,0.000000,1.000000,1.000000,1.000000,1.000000,0.000000,0.000000,0.000000,-7.074552,131.719330
43.424588,2.000000,-1367.802368,-1.647856,737.101616,40.169750,121.628761,281.553467,279.647430,291.700863,5.728484,0.246786,8.324536,-7.702171,-2.938182,-2.716708,39.752945,0.063293,0.000231,0.000083,0.105000,0.105000,1.431279,83460.992188,1.571918,0.000000,0.000000,1.000000,1.000000,1.000000,1.000000,0.000000,0.000000,0.000000,-6.804350,130.410812
43.475437,2.000000,-1360.217651,-1.666582,736.719206,39.799389,120.372520,281.171722,279.277802,291.335414,5.799028,0.247927,8.295820,-7.432809,-2.839149,-2.659931,39.372421,0.057508,0.000237,0.000081,0.105000,0.105000,1.348101,83460.992188,1.568421,0.000000,0.000000,1.000000,1.000000,1.000000,1.000000,0.000000,0.000000,0.000000,-6.535530,129.154572
43.525785,2.000000,-1352.711304,-1.685142,736.354040,39.444714,119.171692,280.795807,278.911682,290.972633,5.864504,0.249053,8.263494,-7.167777,-2.741479,-2.606383,39.003044,0.051407,0.000242,0.000078,0.105000,0.105000,1.258132,83460.992188,1.564345,0.000000,0.000000,1.000000,1.000000,1.000000,1.000000,0.000000,0.000000,0.000000,-6.271298,128.072906
43.582123,2.000000,-1344.206055,-1.706202,735.961189,39.018200,117.861885,280.377899,278.496643,290.560320,5.932155,0.250324,8.222454,-6.869794,-2.631395,-2.548795,38.592823,0.044113,0.000200,0.000070,0.105000,0.105000,1.149100,83460.992188,1.558730,0.000000,0.000000,1.000000,1.000000,1.000000,1.000000,0.000000,0.000000,0.000000,-5.978383,126.763100
43.638817,2.000000,-1335.819458,-1.727000,735.582480,38.652538,116.622787,279.960602,278.086853,290.152040,5.993842,0.251646,8.176013,-6.579500,-2.523890,-2.495116,38.196590,0.036838,0.000180,0.000055,0.105000,0.105000,1.033448,83460.992188,1.551329,0.000000,0.000000,1.000000,1.000000,1.000000,1.000000,0.000000,0.000000,0.000000,-5.687709,125.524002
43.689272,2.000000,-1328.340088,-1.745574,735.259270,38.315258,115.561211,279.591888,277.720795,289.786383,6.043107,0.252834,8.130326,-6.324151,-2.429115,-2.449763,37.849850,0.030259,0.000161,0.000047,0.105000,0.105000,0.926472,83460.992188,1.543648,0.000000,0.000000,1.000000,1.000000,1.000000,1.000000,0.000000,0.000000,0.000000,-5.433033,124.462425
43.739463,2.000000,-1320.868408,-1.764150,734.950452,38.014111,114.541145,279.227936,277.354797,289.419836,6.086668,0.254032,8.080768,-6.072807,-2.335634,-2.406755,37.509441,0.023696,0.000159,0.000042,0.105000,0.105000,0.816526,83460.992188,1.535085,0.000000,0.000000,1.000000,1.000000,1.000000,1.000000,0.000000,0.000000,0.000000,-5.183818,123.306267
43.790072,2.000000,-1313.362915,-1.782831,734.651669,37.726513,113.556534,278.863983,276.987213,289.050797,6.124917,0.255239,8.026686,-5.824629,-2.243140,-2.365794,37.173271,0.017307,0.000168,0.000037,0.105000,0.105000,0.702682,83460.992188,1.525273,0.000000,0.000000,1.000000,1.000000,1.000000,1.000000,0.000000,0.000000,0.000000,-4.937241,122.321663
43.846593,2.000000,-1304.891357,-1.803942,734.332620,37.398083,112.492592,278.461151,276.572662,288.633530,6.160747,0.256585,7.961524,-5.550381,-2.140711,-2.322171,36.800495,0.010233,0.000177,0.000033,0.105000,0.105000,0.572872,83460.992188,1.512873,0.000000,0.000000,1.000000,1.000000,1.000000,1.000000,0.000000,0.000000,0.000000,-4.668123,121.257721
43.896618,2.000000,-1297.517456,-1.822338,734.062833,37.162182,111.606613,278.108063,276.212555,288.270068,6.186292,0.257776,7.899782,-5.317350,-2.053496,-2.286380,36.481537,0.004614,0.000186,0.000029,0.105000,0.105000,0.456698,83460.992188,1.500489,0.000000,0.000000,1.000000,1.000000,1.000000,1.000000,0.000000,0.000000,0.000000,-4.436040,120.371735
43.954215,2.000000,-1289.093872,-1.843374,733.766441,36.836926,110.639069,277.705688,275.802368,287.854966,6.208495,0.259144,7.824246,-5.058475,-1.956416,-2.247888,36.123192,-0.001210,0.000198,0.000026,0.105000,0.105000,0.322664,83460.992188,1.485528,0.000000,0.000000,1.000000,1.000000,1.000000,1.000000,0.000000,0.000000,0.000000,-4.176714,119.448151
44.010763,2.000000,-1280.629395,-1.864535,733.489784,36.569897,109.713364,277.315216,275.391724,287.438381,6.222811,0.260486,7.745765,-4.806864,-1.861866,-2.211686,35.769291,-0.006994,0.000213,0.000022,0.105000,0.105000,0.192122,83460.992188,1.468482,0.000000,0.000000,1.000000,1.000000,1.000000,1.000000,0.000000,0.000000,0.000000,-3.931039,118.522446
44.061704,2.000000,-1273.139526,-1.883278,733.252306,36.324291,108.931892,276.967285,275.030151,287.070618,6.229430,0.261694,7.671720,-4.592081,-1.781005,-2.181645,35.461086,-0.011369,0.000227,0.000020,0.105000,0.105000,0.076523,83460.992188,1.452390,0.000000,0.000000,1.000000,1.000000,1.000000,1.000000,0.000000,0.000000,0.000000,-3.717915,117.740974
44.114768,2.000000,-1265.302734,-1.902906,733.016320,36.088573,108.150795,276.608826,274.653748,286.686927,6.230137,0.262954,7.591588,-4.375782,-1.699435,-2.152137,35.143372,-0.015603,0.000241,0.000018,0.105000,0.105000,-0.040586,83460.992188,1.433946,0.000000,0.000000,1.000000,1.000000,1.000000,1.000000,0.000000,0.000000,0.000000,-3.504723,116.959877
44.171767,2.000000,-1256.976074,-1.923779,732.775178,35.858349,107.360054,276.228912,274.256165,286.280576,6.224110,0.264312,7.502474,-4.155938,-1.616390,-2.122850,34.810913,-0.019298,0.000255,0.000016,0.105000,0.105000,-0.162462,83460.992188,1.415353,0.000000,0.000000,1.000000,1.000000,1.000000,1.000000,0.000000,0.000000,0.000000,-3.286022,116.122650
44.222594,2.000000,-1249.510254,-1.942509,732.570466,35.621105,106.684044,275.894379,273.902008,285.917884,6.213002,0.265526,7.420805,-3.968005,-1.545289,-2.098329,34.517124,-0.022258,0.000274,0.000015,0.105000,0.105000,-0.266440,83460.992188,1.396744,0.000000,0.000000,1.000000,1.000000,1.000000,1.000000,0.000000,0.000000,0.000000,-3.100618,115.446640
44.273101,2.000000,-1242.120850,-1.961060,732.376189,35.444836,106.044182,275.565979,273.553925,285.560740,6.196861,0.266737,7.337962,-3.790929,-1.478206,-2.075608,34.230186,-0.024674,0.000289,0.000014,0.105000,0.105000,-0.364932,83460.992188,1.377538,0.000000,0.000000,1.000000,1.000000,1.000000,1.000000,0.000000,0.000000,0.000000,-2.925633,114.806786
44.324621,2.000000,-1234.547729,-1.980085,732.186922,35.255199,105.417130,275.235199,273.200012,285.196832,6.175422,0.267977,7.252132,-3.619046,-1.413011,-2.053851,33.939919,-0.026799,0.000306,0.000013,0.105000,0.105000,-0.459599,83460.992188,1.357436,0.000000,0.000000,1.000000,1.000000,1.000000,1.000000,0.000000,0.000000,0.000000,-2.756961,114.179726
44.381735,2.000000,-1226.153687,-2.001187,731.986981,35.072704,104.754097,274.873627,272.811005,284.796146,6.146166,0.269359,7.155886,-3.440119,-1.345066,-2.031460,33.622505,-0.028620,0.000328,0.000012,0.105000,0.105000,-0.557469,83460.992188,1.334685,0.000000,0.000000,1.000000,1.000000,1.000000,1.000000,0.000000,0.000000,0.000000,-2.581744,113.544289
44.433717,2.000000,-1218.557861,-2.020293,731.813468,34.887585,104.181389,274.549133,272.462219,284.436213,6.114880,0.270622,7.067762,-3.289001,-1.287627,-2.012686,33.339031,-0.029751,0.000350,0.000011,0.105000,0.105000,-0.639189,83460.992188,1.313568,0.000000,0.000000,1.000000,1.000000,1.000000,1.000000,0.000000,0.000000,0.000000,-2.433278,112.971581
44.487682,2.000000,-1210.854370,-2.039681,731.641263,34.721264,103.625206,274.216705,272.111603,284.073878,6.078117,0.271944,6.976192,-3.146311,-1.233353,-1.995016,33.055031,-0.030147,0.000368,0.000011,0.105000,0.105000,-0.716403,83460.992188,1.291674,0.000000,0.000000,1.000000,1.000000,1.000000,1.000000,0.000000,0.000000,0.000000,-2.290284,112.415390
44.540142,2.000000,-1203.072266,-2.059276,731.481004,34.536938,103.086723,273.898163,271.760834,283.710771,6.038609,0.273235,6.887539,-3.013096,-1.182659,-1.978492,32.771557,-0.030759,0.000409,0.000012,0.105000,0.105000,-0.783781,83460.992188,1.270456,0.000000,0.000000,1.000000,1.000000,1.000000,1.000000,0.000000,0.000000,0.000000,-2.162193,111.911293
44.592974,2.000000,-1195.318359,-2.078808,731.326155,34.419323,102.571709,273.581818,271.414215,283.351432,5.995492,0.274515,6.799181,-2.891507,-1.136386,-1.963283,32.492401,-0.030945,0.000456,0.000020,0.105000,0.105000,-0.842481,83460.992188,1.248053,0.000000,0.000000,1.000000,1.000000,1.000000,1.000000,0.000000,0.000000,0.000000,-2.044352,111.396286
44.645559,2.000000,-1187.747192,-2.097889,731.177962,34.256481,102.087715,273.271271,271.078430,283.002800,5.949759,0.275798,6.712616,-2.783570,-1.095324,-1.949571,32.222862,-0.030644,0.000477,0.000026,0.105000,0.105000,-0.891818,83460.992188,1.226796,0.000000,0.000000,1.000000,1.000000,1.000000,1.000000,0.000000,0.000000,0.000000,-1.938043,110.912292
44.696185,2.000000,-1180.335815,-2.116573,731.040347,34.116100,101.630318,272.976379,270.752106,282.663630,5.903509,0.277050,6.630908,-2.687952,-1.058976,-1.937175,31.961807,-0.030338,0.000482,0.000030,0.105000,0.105000,-0.931185,83460.992188,1.206870,0.000000,0.000000,1.000000,1.000000,1.000000,1.000000,0.000000,0.000000,0.000000,-1.845738,110.454895
44.746728,2.000000,-1173.003174,-2.135065,730.907416,33.986462,101.192169,272.685822,270.431580,282.330124,5.855554,0.278323,6.551259,-2.602930,-1.026699,-1.925851,31.706141,-0.029744,0.000499,0.000034,0.105000,0.105000,-0.962911,83460.992188,1.187379,0.000000,0.000000,1.000000,1.000000,1.000000,1.000000,0.000000,0.000000,0.000000,-1.763208,109.924675
44.796748,2.000000,-1165.758667,-2.153340,730.779776,33.857494,100.771835,272.401855,270.117157,282.002641,5.806711,0.279594,6.474580,-2.528028,-0.998318,-1.915527,31.456001,-0.028968,0.000520,0.000036,0.105000,0.105000,-0.987268,83460.992188,1.168794,0.000000,0.000000,1.000000,1.000000,1.000000,1.000000,0.000000,0.000000,0.000000,-1.690675,109.504341
44.847260,2.000000,-1158.463379,-2.171747,730.654377,33.745617,100.359718,272.118469,269.802734,281.674801,5.756330,0.280889,6.399559,-2.461480,-0.973174,-1.905944,31.206484,-0.028003,0.000539,0.000038,0.105000,0.105000,-1.005164,83460.992188,1.150552,0.000000,0.000000,1.000000,1.000000,1.000000,1.000000,0.000000,0.000000,0.000000,-1.626383,109.092232
44.898710,2.000000,-1151.038940,-2.190486,730.529804,33.608349,99.950356,271.833099,269.484955,281.343224,5.704266,0.282222,6.325842,-2.402574,-0.951009,-1.896978,30.954901,-0.026873,0.000563,0.000040,0.105000,0.105000,-1.016886,83460.992188,1.132738,0.000000,0.000000,1.000000,1.000000,1.000000,1.000000,0.000000,0.000000,0.000000,-1.569770,108.682869
44.949958,2.000000,-1143.601807,-2.209261,730.408438,33.498669,99.548996,271.552155,269.168884,281.013070,5.651974,0.283565,6.255304,-2.352149,-0.932146,-1.888739,30.705175,-0.025625,0.000584,0.000041,0.105000,0.105000,-1.022535,83460.992188,1.115863,0.000000,0.000000,1.000000,1.000000,1.000000,1.000000,0.000000,0.000000,0.000000,-1.521899,108.322319
45.007176,2.000000,-1135.441650,-2.229866,730.275614,33.342602,99.116997,271.242096,268.824432,280.653078,5.593443,0.285084,6.180156,-2.306280,-0.915144,-1.880492,30.433702,-0.024028,0.000606,0.000041,0.105000,0.105000,-1.022313,83460.992188,1.097892,0.000000,0.000000,1.000000,1.000000,1.000000,1.000000,0.000000,0.000000,0.000000,-1.478053,107.890320
45.060253,2.000000,-1127.729004,-2.249343,730.154461,33.240490,98.715210,270.957397,268.501129,280.314916,5.539329,0.286511,6.114007,-2.271613,-0.902478,-1.873404,30.179453,-0.022464,0.000628,0.000041,0.105000,0.105000,-1.016379,83460.992188,1.081828,0.000000,0.000000,1.000000,1.000000,1.000000,1.000000,0.000000,0.000000,0.000000,-1.446000,107.488533
45.111705,2.000000,-1120.283936,-2.268147,730.038486,33.097607,98.331978,270.684204,268.191071,279.990369,5.487307,0.287911,6.053283,-2.245806,-0.893260,-1.867164,29.936089,-0.020816,0.000649,0.000040,0.105000,0.105000,-1.005846,83460.992188,1.067134,0.000000,0.000000,1.000000,1.000000,1.000000,1.000000,0.000000,0.000000,0.000000,-1.422458,107.105301
45.163696,2.000000,-1112.846191,-2.286935,729.922387,33.007824,97.952431,270.410461,267.883240,279.667927,5.435413,0.289339,5.995396,-2.227129,-0.886854,-1.861474,29.694910,-0.019073,0.000669,0.000040,0.105000,0.105000,-0.990798,83460.992188,1.053155,0.000000,0.000000,1.000000,1.000000,1.000000,1.000000,0.000000,0.000000,0.000000,-1.405765,106.755539
45.214763,2.000000,-1105.494873,-2.305506,729.809069,32.899181,97.579391,270.143768,267.580780,279.350943,5.385314,0.290758,5.942015,-2.215298,-0.883145,-1.856343,29.458372,-0.017279,0.000686,0.000038,0.105000,0.105000,-0.972062,83460.992188,1.040100,0.000000,0.000000,1.000000,1.000000,1.000000,1.000000,0.000000,0.000000,0.000000,-1.395951,106.382500
45.266676,2.000000,-1098.109009,-2.324164,729.694269,32.762951,97.205620,269.874573,267.278564,279.034048,5.335467,0.292214,5.891315,-2.209669,-0.881901,-1.851641,29.222492,-0.015434,0.000704,0.000037,0.105000,0.105000,-0.949428,83460.992188,1.028016,0.000000,0.000000,1.000000,1.000000,1.000000,1.000000,0.000000,0.000000,0.000000,-1.392222,106.008728
45.318145,2.000000,-1090.677490,-2.342938,729.580537,32.657665,96.829536,269.609467,266.976257,278.716827,5.287296,0.293671,5.844622,-2.209897,-0.882996,-1.847330,28.986876,-0.013512,0.000720,0.000036,0.105000,0.105000,-0.923759,83460.992188,1.016229,0.000000,0.000000,1.000000,1.000000,1.000000,1.000000,0.000000,0.000000,0.000000,-1.394350,105.632645
45.371258,2.000000,-1083.272095,-2.361646,729.462954,32.543835,96.453812,269.337311,266.676483,278.402038,5.239065,0.295189,5.800170,-2.215668,-0.886302,-1.843416,28.753738,-0.011723,0.000734,0.000034,0.105000,0.105000,-0.894045,83460.992188,1.005481,0.000000,0.000000,1.000000,1.000000,1.000000,1.000000,0.000000,0.000000,0.000000,-1.402187,105.337532
45.425910,2.000000,-1075.379150,-2.381586,729.341429,32.413708,96.051262,269.058685,266.358337,278.067939,5.191167,0.296764,5.758348,-2.227412,-0.892069,-1.839625,28.506996,-0.009630,0.000752,0.000033,0.105000,0.105000,-0.860983,83460.992188,0.995778,0.000000,0.000000,1.000000,1.000000,1.000000,1.000000,0.000000,0.000000,0.000000,-1.415694,104.934982
45.478335,2.000000,-1067.846313,-2.400614,729.224082,32.277660,95.664192,268.792603,266.056366,277.750570,5.146976,0.298284,5.721958,-2.243578,-0.899569,-1.836340,28.273121,-0.007659,0.000765,0.000031,0.105000,0.105000,-0.826949,83460.992188,0.986084,0.000000,0.000000,1.000000,1.000000,1.000000,1.000000,0.000000,0.000000,0.000000,-1.433546,104.547913
45.530193,2.000000,-1060.399170,-2.419425,729.107019,32.185314,95.277924,268.530365,265.759216,277.438124,5.105072,0.299800,5.689504,-2.264018,-0.908786,-1.833378,28.043390,-0.005690,0.000780,0.000029,0.105000,0.105000,-0.791527,83460.992188,0.977653,0.000000,0.000000,1.000000,1.000000,1.000000,1.000000,0.000000,0.000000,0.000000,-1.455490,104.161644
45.581323,2.000000,-1053.149536,-2.437734,728.990433,32.055614,94.897758,268.272614,265.471283,277.135140,5.065593,0.301303,5.660901,-2.287811,-0.919338,-1.830740,27.821115,-0.003866,0.000793,0.000028,0.105000,0.105000,-0.755103,83460.992188,0.969958,0.000000,0.000000,1.000000,1.000000,1.000000,1.000000,0.000000,0.000000,0.000000,-1.480963,103.656036
45.638911,2.000000,-1045.047485,-2.458193,728.857505,31.924147,94.467300,267.982849,265.150879,276.797927,5.023400,0.303006,5.632633,-2.318544,-0.932821,-1.828047,27.574232,-0.001925,0.000803,0.000026,0.105000,0.105000,-0.712651,83460.992188,0.962466,0.000000,0.000000,1.000000,1.000000,1.000000,1.000000,0.000000,0.000000,0.000000,-1.513754,103.225578
45.689092,2.000000,-1037.842529,-2.476383,728.740100,31.816847,94.078926,267.730804,264.866882,276.498858,4.988654,0.304505,5.611309,-2.349125,-0.946145,-1.825852,27.355986,-0.000071,0.000805,0.000028,0.105000,0.105000,-0.674728,83460.992188,0.956586,0.000000,0.000000,1.000000,1.000000,1.000000,1.000000,0.000000,0.000000,0.000000,-1.545462,102.837204
45.740706,2.000000,-1030.531982,-2.494836,728.617658,31.694838,93.678963,267.471710,264.579803,276.196378,4.954918,0.306055,5.592493,-2.382954,-0.960818,-1.823795,27.135742,0.001683,0.000819,0.000030,0.105000,0.105000,-0.635316,83460.992188,0.951333,0.000000,0.000000,1.000000,1.000000,1.000000,1.000000,0.000000,0.000000,0.000000,-1.580772,102.437241
45.791891,2.000000,-1023.213013,-2.513305,728.494421,31.577955,93.272125,267.214844,264.293427,275.894521,4.923479,0.307596,5.576862,-2.419350,-0.976557,-1.821886,26.916412,0.003498,0.000833,0.000030,0.105000,0.105000,-0.595909,83460.992188,0.946370,0.000000,0.000000,1.000000,1.000000,1.000000,1.000000,0.000000,0.000000,0.000000,-1.618230,102.133148
45.843779,2.000000,-1015.880798,-2.531802,728.367525,31.468702,92.857712,266.954437,264.007507,275.593020,4.893673,0.309160,5.563993,-2.458083,-0.993274,-1.820105,26.697807,0.005174,0.000845,0.000031,0.105000,0.105000,-0.555865,83460.992188,0.942125,0.000000,0.000000,1.000000,1.000000,1.000000,1.000000,0.000000,0.000000,0.000000,-1.658371,101.718735
45.898769,2.000000,-1008.111450,-2.551396,728.230761,31.306349,92.410667,266.678131,263.705566,275.274464,4.864355,0.310821,5.553460,-2.501191,-1.011859,-1.818340,26.467348,0.006928,0.000861,0.000030,0.105000,0.105000,-0.513830,83460.992188,0.938253,0.000000,0.000000,1.000000,1.000000,1.000000,1.000000,0.000000,0.000000,0.000000,-1.702893,101.271690
45.953142,2.000000,-1000.457947,-2.570691,728.093134,31.143385,91.961998,266.404694,263.409088,274.961573,4.837627,0.312466,5.546092,-2.545569,-1.030980,-1.816707,26.241465,0.008551,0.000871,0.000030,0.105000,0.105000,-0.472319,83460.992188,0.934874,0.000000,0.000000,1.000000,1.000000,1.000000,1.000000,0.000000,0.000000,0.000000,-1.748754,100.823021
46.004317,2.000000,-993.235352,-2.588894,727.961324,31.043165,91.530685,266.146576,263.130127,274.667042,4.814534,0.314015,5.541749,-2.588734,-1.049582,-1.815245,26.029291,0.010100,0.000883,0.000029,0.105000,0.105000,-0.434113,83460.992188,0.932029,0.000000,0.000000,1.000000,1.000000,1.000000,1.000000,0.000000,0.000000,0.000000,-1.793133,100.334892
46.054720,2.000000,-986.159058,-2.606721,727.829319,30.919691,91.100578,265.892517,262.857544,274.379125,4.793686,0.315543,5.539963,-2.632497,-1.068441,-1.813876,25.822313,0.011451,0.000893,0.000027,0.105000,0.105000,-0.395964,83460.992188,0.930043,0.000000,0.000000,1.000000,1.000000,1.000000,1.000000,0.000000,0.000000,0.000000,-1.838213,99.904785
46.110153,2.000000,-978.963318,-2.624842,727.681537,30.751112,90.655266,265.612152,262.581055,274.086997,4.772962,0.317224,5.540601,-2.677872,-1.088011,-1.812534,25.612719,0.011810,0.000898,0.000026,0.105000,0.105000,-0.355004,83460.992188,0.928629,0.000000,0.000000,1.000000,1.000000,1.000000,1.000000,0.000000,0.000000,0.000000,-1.888668,99.459465
46.163987,2.000000,-970.728577,-2.645572,727.535392,30.622450,90.135590,265.339386,262.265411,273.753403,4.754945,0.318857,5.543573,-2.730443,-1.110717,-1.811045,25.373899,0.014474,0.000917,0.000024,0.105000,0.105000,-0.316870,83460.992188,0.927493,0.000000,0.000000,1.000000,1.000000,1.000000,1.000000,0.000000,0.000000,0.000000,-1.938156,98.939789
46.216053,2.000000,-963.442993,-2.663904,727.391548,30.454725,89.666817,265.074890,261.986816,273.458872,4.739476,0.320437,5.548720,-2.777698,-1.131151,-1.809761,25.163494,0.015678,0.000925,0.000021,0.105000,0.105000,-0.280155,83460.992188,0.926477,0.000000,0.000000,1.000000,1.000000,1.000000,1.000000,0.000000,0.000000,0.000000,-1.986694,98.428604
46.269598,2.000000,-955.997559,-2.682629,727.241028,30.332289,89.178886,264.802002,261.702728,273.158409,4.725528,0.322059,5.556102,-2.826268,-1.152191,-1.808470,24.949297,0.016784,0.000933,0.000019,0.105000,0.105000,-0.243644,83460.992188,0.925738,0.000000,0.000000,1.000000,1.000000,1.000000,1.000000,0.000000,0.000000,0.000000,-2.036819,97.940674
46.322841,2.000000,-948.525574,-2.701412,727.088750,30.164869,88.680138,264.529938,261.418091,272.857323,4.713559,0.323670,5.565415,-2.875184,-1.173420,-1.807186,24.735138,0.017972,0.000942,0.000016,0.105000,0.105000,-0.208522,83460.992188,0.925624,0.000000,0.000000,1.000000,1.000000,1.000000,1.000000,0.000000,0.000000,0.000000,-2.086730,97.441925
46.375917,2.000000,-940.972961,-2.720388,726.934362,29.989393,88.166733,264.257721,261.130951,272.553449,4.703453,0.325274,5.576525,-2.924605,-1.194914,-1.805892,24.519449,0.019316,0.000954,0.000014,0.105000,0.105000,-0.174798,83460.992188,0.925907,0.000000,0.000000,1.000000,1.000000,1.000000,1.000000,0.000000,0.000000,0.000000,-2.136375,97.050095
46.426626,2.000000,-933.924927,-2.738087,726.784456,29.894667,87.679230,263.997070,260.863403,272.270308,4.695448,0.326804,5.588777,-2.970662,-1.214988,-1.804683,24.318850,0.020203,0.000960,0.000011,0.105000,0.105000,-0.143384,83460.992188,0.926410,0.000000,0.000000,1.000000,1.000000,1.000000,1.000000,0.000000,0.000000,0.000000,-2.183678,96.562592
46.480956,2.000000,-926.357117,-2.757080,726.621247,29.667311,87.146729,263.716614,260.576630,271.966642,4.688591,0.328437,5.603451,-3.019692,-1.236413,-1.803375,24.104156,0.021175,0.000970,0.000008,0.105000,0.105000,-0.111518,83460.992188,0.927582,0.000000,0.000000,1.000000,1.000000,1.000000,1.000000,0.000000,0.000000,0.000000,-2.233830,96.030090
46.531820,2.000000,-919.169922,-2.775108,726.466049,29.531935,86.632439,263.453339,260.304596,271.678695,4.683707,0.329963,5.618602,-3.065861,-1.256641,-1.802122,23.900904,0.022215,0.000980,0.000004,0.105000,0.105000,-0.082740,83460.992188,0.928096,0.000000,0.000000,1.000000,1.000000,1.000000,1.000000,0.000000,0.000000,0.000000,-2.280382,95.515800
46.584251,2.000000,-911.972229,-2.793152,726.303658,29.392775,86.109055,263.180939,260.032806,271.390838,4.680167,0.331530,5.635506,-3.111596,-1.276734,-1.800849,23.697954,0.022861,0.000988,-0.000000,0.105000,0.105000,-0.054513,83460.992188,0.929280,0.000000,0.000000,1.000000,1.000000,1.000000,1.000000,0.000000,0.000000,0.000000,-2.327763,94.879471
46.637098,2.000000,-904.709351,-2.811348,726.137537,29.217970,85.572556,262.905457,259.758789,271.100638,4.678059,0.333106,5.653754,-3.157139,-1.296800,-1.799544,23.493750,0.023497,0.000992,-0.000004,0.105000,0.105000,-0.027412,83460.992188,0.930943,0.000000,0.000000,1.000000,1.000000,1.000000,1.000000,0.000000,0.000000,0.000000,-2.374805,94.342972
46.689739,2.000000,-897.325500,-2.829834,725.969669,29.048964,85.018593,262.630157,259.480469,270.805840,4.677343,0.334670,5.673018,-3.202640,-1.316915,-1.798194,23.286716,0.024364,0.001002,-0.000008,0.105000,0.105000,-0.001760,83460.992188,0.932257,0.000000,0.000000,1.000000,1.000000,1.000000,1.000000,0.000000,0.000000,0.000000,-2.420845,93.789009
46.741471,2.000000,-889.993530,-2.848178,725.802416,28.860365,84.460152,262.358856,259.204376,270.513326,4.677918,0.336200,5.692921,-3.247031,-1.336605,-1.796827,23.081686,0.025318,0.001009,-0.000012,0.105000,0.105000,0.022214,83460.992188,0.933960,0.000000,0.000000,1.000000,1.000000,1.000000,1.000000,0.000000,0.000000,0.000000,-2.465242,93.230560
46.796374,2.000000,-882.380066,-2.867211,725.622477,28.667494,83.871552,262.069794,258.917877,270.209838,4.679850,0.337818,5.714963,-3.292125,-1.356682,-1.795377,22.869333,0.025995,0.001017,-0.000016,0.105000,0.105000,0.046047,83460.992188,0.936209,0.000000,0.000000,1.000000,1.000000,1.000000,1.000000,0.000000,0.000000,0.000000,-2.511285,92.631279
46.848360,2.000000,-875.163879,-2.885238,725.449854,28.519545,83.305672,261.795258,258.646484,269.922307,4.682850,0.339344,5.736664,-3.333966,-1.375381,-1.793975,22.668554,0.026579,0.001022,-0.000019,0.105000,0.105000,0.067691,83460.992188,0.937995,0.000000,0.000000,1.000000,1.000000,1.000000,1.000000,0.000000,0.000000,0.000000,-2.553957,92.065392
46.901054,2.000000,-867.917175,-2.903329,725.272697,28.347548,82.729668,261.516144,258.374115,269.633708,4.687003,0.340885,5.759369,-3.374973,-1.393781,-1.792538,22.467386,0.027018,0.001028,-0.000023,0.105000,0.105000,0.088305,83460.992188,0.939892,0.000000,0.000000,1.000000,1.000000,1.000000,1.000000,0.000000,0.000000,0.000000,-2.596139,91.489395
46.953046,2.000000,-860.722656,-2.921275,725.095805,28.159986,82.150322,261.239960,258.103882,269.347393,4.692131,0.342399,5.782391,-3.414684,-1.411673,-1.791081,22.268101,0.027522,0.001035,-0.000026,0.105000,0.105000,0.107305,83460.992188,0.942110,0.000000,0.000000,1.000000,1.000000,1.000000,1.000000,0.000000,0.000000,0.000000,-2.636681,90.910042
47.010964,2.000000,-852.847046,-2.940903,724.896319,27.975233,81.507584,260.929871,257.808136,269.034384,4.698970,0.344077,5.808507,-3.456991,-1.430818,-1.789449,22.050423,0.028090,0.001044,-0.000029,0.105000,0.105000,0.125409,83460.992188,0.949923,0.000000,0.000000,1.000000,1.000000,1.000000,1.000000,0.000000,0.000000,0.000000,-2.680151,90.288628
47.061711,2.000000,-845.660034,-2.958799,724.719589,27.790785,80.913811,260.658783,257.538910,268.748840,4.705788,0.345538,5.831996,-3.494126,-1.447717,-1.787930,21.852184,0.028688,0.001049,-0.000032,0.105000,0.105000,0.142050,83460.992188,0.946303,0.000000,0.000000,1.000000,1.000000,1.000000,1.000000,0.000000,0.000000,0.000000,-2.717628,89.694855
47.113254,2.000000,-838.556213,-2.976474,724.538220,27.620253,80.320076,260.382690,257.272583,268.466678,4.713550,0.347016,5.856246,-3.530192,-1.464190,-1.786364,21.656607,0.029078,0.001055,-0.000035,0.105000,0.105000,0.157834,83460.992188,0.948649,0.000000,0.000000,1.000000,1.000000,1.000000,1.000000,0.000000,0.000000,0.000000,-2.754537,89.101120
47.166252,2.000000,-831.269592,-2.994587,724.349830,27.427259,79.704163,260.097900,256.999451,268.177337,4.722350,0.348528,5.881519,-3.566052,-1.480652,-1.784685,21.456362,0.029477,0.001061,-0.000038,0.105000,0.105000,0.172873,83460.992188,0.951910,0.000000,0.000000,1.000000,1.000000,1.000000,1.000000,0.000000,0.000000,0.000000,-2.791248,88.485207
47.217985,2.000000,-824.142761,-3.012286,724.164147,27.233229,79.095207,259.819366,256.732422,267.894374,4.731683,0.349995,5.906493,-3.599917,-1.496285,-1.782975,21.260849,0.029853,0.001064,-0.000041,0.105000,0.105000,0.186754,83460.992188,0.953547,0.000000,0.000000,1.000000,1.000000,1.000000,1.000000,0.000000,0.000000,0.000000,-2.825948,87.890785
47.268409,2.000000,-817.217712,-3.029468,723.981514,27.056410,78.497452,259.547302,256.472931,267.619449,4.741450,0.351417,5.931086,-3.631822,-1.511090,-1.781248,21.071188,0.030184,0.001068,-0.000044,0.105000,0.105000,0.199578,83460.992188,0.955738,0.000000,0.000000,1.000000,1.000000,1.000000,1.000000,0.000000,0.000000,0.000000,-2.858688,87.293022
47.318770,2.000000,-810.271851,-3.046685,723.797540,26.871290,77.892075,259.275024,256.212677,267.343753,4.751829,0.352826,5.955837,-3.662727,-1.525513,-1.779451,20.881254,0.030557,0.001074,-0.000046,0.105000,0.105000,0.211594,83460.992188,0.957766,0.000000,0.000000,1.000000,1.000000,1.000000,1.000000,0.000000,0.000000,0.000000,-2.890274,86.687653
47.369954,2.000000,-803.251099,-3.064070,723.609008,26.684217,77.274422,258.997650,255.949509,267.065061,4.762973,0.354247,5.981147,-3.692885,-1.539672,-1.777572,20.689566,0.030881,0.001079,-0.000049,0.105000,0.105000,0.223015,83460.992188,0.960108,0.000000,0.000000,1.000000,1.000000,1.000000,1.000000,0.000000,0.000000,0.000000,-2.921247,86.069992
47.423201,2.000000,-796.144287,-3.081650,723.411279,26.486708,76.643463,258.708496,255.683243,266.782987,4.775165,0.355717,6.007604,-3.722282,-1.553563,-1.775605,20.495815,0.030909,0.001080,-0.000052,0.105000,0.105000,0.234135,83460.992188,0.962310,0.000000,0.000000,1.000000,1.000000,1.000000,1.000000,0.000000,0.000000,0.000000,-2.952271,85.387505
47.475497,2.000000,-788.814758,-3.099763,723.215561,26.296583,75.986900,258.424011,255.408478,266.492045,4.787694,0.357148,6.033664,-3.751395,-1.567416,-1.773509,20.296289,0.031482,0.001088,-0.000055,0.105000,0.105000,0.244267,83460.992188,0.964589,0.000000,0.000000,1.000000,1.000000,1.000000,1.000000,0.000000,0.000000,0.000000,-2.981521,84.730942
47.528010,2.000000,-781.735413,-3.117238,723.017574,26.086988,75.347305,258.137695,255.143097,266.211040,4.800796,0.358575,6.059910,-3.778438,-1.580375,-1.771422,20.103846,0.031612,0.001093,-0.000058,0.105000,0.105000,0.253971,83460.992188,0.966937,0.000000,0.000000,1.000000,1.000000,1.000000,1.000000,0.000000,0.000000,0.000000,-3.009768,84.091339
47.579677,2.000000,-774.592957,-3.134849,722.821413,25.886488,74.696777,257.855743,254.875305,265.927483,4.814164,0.359969,6.085760,-3.804591,-1.593004,-1.769256,19.909948,0.032002,0.001101,-0.000060,0.105000,0.105000,0.262897,83460.992188,0.969115,0.000000,0.000000,1.000000,1.000000,1.000000,1.000000,0.000000,0.000000,0.000000,-3.036423,83.440811
47.633013,2.000000,-767.310608,-3.152783,722.617554,25.694471,74.028259,257.564178,254.602173,265.638351,4.828430,0.361396,6.112435,-3.830089,-1.605420,-1.766985,19.712513,0.032270,0.001105,-0.000063,0.105000,0.105000,0.271443,83460.992188,0.971472,0.000000,0.000000,1.000000,1.000000,1.000000,1.000000,0.000000,0.000000,0.000000,-3.062740,82.863487
47.689987,2.000000,-759.720825,-3.171453,722.398335,25.460402,73.326111,257.252045,254.317337,265.336938,4.844154,0.362908,6.140875,-3.855406,-1.617861,-1.764553,19.507013,0.032298,0.001110,-0.000066,0.105000,0.105000,0.279778,83460.992188,0.974213,0.000000,0.000000,1.000000,1.000000,1.000000,1.000000,0.000000,0.000000,0.000000,-3.089498,82.161339
47.745774,2.000000,-752.028748,-3.190349,722.182307,25.251661,72.609093,256.946014,254.028748,265.031463,4.859985,0.364376,6.168650,-3.879734,-1.629940,-1.762025,19.299011,0.032670,0.001117,-0.000069,0.105000,0.105000,0.287417,83460.992188,0.975994,0.000000,0.000000,1.000000,1.000000,1.000000,1.000000,0.000000,0.000000,0.000000,-3.114423,81.444321
47.798417,2.000000,-744.844971,-3.207974,721.977263,25.048903,71.934738,256.657135,253.759079,264.746097,4.875311,0.365749,6.194821,-3.901462,-1.640828,-1.759606,19.104992,0.032904,0.001123,-0.000072,0.105000,0.105000,0.294409,83460.992188,0.978401,0.000000,0.000000,1.000000,1.000000,1.000000,1.000000,0.000000,0.000000,0.000000,-3.136878,80.747223
47.853176,2.000000,-737.315247,-3.226424,721.762812,24.841688,71.223183,256.356110,253.476303,264.446880,4.891625,0.367165,6.221920,-3.922979,-1.651739,-1.757014,18.901863,0.033226,0.001131,-0.000074,0.105000,0.105000,0.300969,83460.992188,0.980614,0.000000,0.000000,1.000000,1.000000,1.000000,1.000000,0.000000,0.000000,0.000000,-3.158999,80.035667
47.907179,2.000000,-729.991577,-3.244343,721.550223,24.618910,70.526688,256.059052,253.201141,264.155849,4.908054,0.368550,6.248530,-3.942801,-1.661908,-1.754439,18.704515,0.033391,0.001137,-0.000077,0.105000,0.105000,0.307068,83460.992188,0.982840,0.000000,0.000000,1.000000,1.000000,1.000000,1.000000,0.000000,0.000000,0.000000,-3.179688,79.339180
47.960185,2.000000,-722.840820,-3.261816,721.340557,24.420546,69.842606,255.767319,252.932449,263.871610,4.924490,0.369897,6.274524,-3.961091,-1.671410,-1.751875,18.512030,0.033492,0.001142,-0.000080,0.105000,0.105000,0.312672,83460.992188,0.984798,0.000000,0.000000,1.000000,1.000000,1.000000,1.000000,0.000000,0.000000,0.000000,-3.198914,78.655098
48.012359,2.000000,-715.992371,-3.278529,721.133267,24.218214,69.183884,255.479950,252.674973,263.599354,4.940948,0.371212,6.299973,-3.977649,-1.680126,-1.749376,18.327862,0.033341,0.001147,-0.000083,0.105000,0.105000,0.317871,83460.992188,0.986873,0.000000,0.000000,1.000000,1.000000,1.000000,1.000000,0.000000,0.000000,0.000000,-3.216800,77.959686
48.066496,2.000000,-708.387085,-3.297064,720.917279,24.018629,68.448441,255.181549,252.388947,263.296875,4.958285,0.372566,6.326158,-3.994828,-1.689315,-1.746552,18.123543,0.033842,0.001157,-0.000086,0.105000,0.105000,0.322418,83460.992188,0.988967,0.000000,0.000000,1.000000,1.000000,1.000000,1.000000,0.000000,0.000000,0.000000,-3.234181,77.224243
48.117611,2.000000,-701.478333,-3.313876,720.712560,23.783888,67.776970,254.899734,252.128967,263.022068,4.974882,0.373834,6.350739,-4.009524,-1.697296,-1.743945,17.938110,0.033945,0.001162,-0.000088,0.105000,0.105000,0.326672,83460.992188,0.991124,0.000000,0.000000,1.000000,1.000000,1.000000,1.000000,0.000000,0.000000,0.000000,-3.249675,76.552773
48.168653,2.000000,-694.630127,-3.330517,720.507418,23.602674,67.108337,254.618195,251.871155,262.749575,4.991663,0.375089,6.375096,-4.023132,-1.704819,-1.741324,17.754463,0.033979,0.001169,-0.000091,0.105000,0.105000,0.330534,83460.992188,0.993062,0.000000,0.000000,1.000000,1.000000,1.000000,1.000000,0.000000,0.000000,0.000000,-3.264177,75.884148
48.219499,2.000000,-687.712402,-3.347303,720.302401,23.384230,66.430008,254.337677,251.610657,262.474235,5.008563,0.376328,6.399158,-4.035937,-1.712035,-1.738640,17.569107,0.034128,0.001176,-0.000094,0.105000,0.105000,0.333969,83460.992188,0.994924,0.000000,0.000000,1.000000,1.000000,1.000000,1.000000,0.000000,0.000000,0.000000,-3.277681,75.213051
48.269708,2.000000,-680.976624,-3.363624,720.099350,23.183424,65.766838,254.060669,251.356888,262.206102,5.025415,0.377542,6.422718,-4.047525,-1.718702,-1.735994,17.388771,0.034156,0.001182,-0.000096,0.105000,0.105000,0.337067,83460.992188,0.996802,0.000000,0.000000,1.000000,1.000000,1.000000,1.000000,0.000000,0.000000,0.000000,-3.290118,74.549881
48.319789,2.000000,-674.239929,-3.379923,719.896265,22.954908,65.101067,253.784256,251.102966,261.937850,5.042371,0.378742,6.445999,-4.058252,-1.725018,-1.733318,17.208548,0.034207,0.001190,-0.000099,0.105000,0.105000,0.339802,83460.992188,0.998743,0.000000,0.000000,1.000000,1.000000,1.000000,1.000000,0.000000,0.000000,0.000000,-3.301641,73.884109
48.370531,2.000000,-667.446838,-3.396335,719.689981,22.776075,64.427330,253.504181,250.846832,261.667256,5.059681,0.379947,6.469364,-4.068205,-1.731033,-1.730590,17.026951,0.034226,0.001196,-0.000102,0.105000,0.105000,0.342211,83460.992188,1.000407,0.000000,0.000000,1.000000,1.000000,1.000000,1.000000,0.000000,0.000000,0.000000,-3.312455,73.210373
48.421159,2.000000,-660.618713,-3.412805,719.483684,22.568312,63.747826,253.224762,250.589233,261.395208,5.077063,0.381137,6.492434,-4.077359,-1.736730,-1.727821,16.844547,0.034297,0.001208,-0.000105,0.105000,0.105000,0.344309,83460.992188,1.002050,0.000000,0.000000,1.000000,1.000000,1.000000,1.000000,0.000000,0.000000,0.000000,-3.322387,72.546303
48.475377,2.000000,-653.370117,-3.430261,719.262280,22.347181,63.024117,252.925446,250.315567,261.106283,5.095782,0.382403,6.516851,-4.086138,-1.742392,-1.724853,16.651051,0.034322,0.001213,-0.000108,0.105000,0.105000,0.346083,83460.992188,1.003786,0.000000,0.000000,1.000000,1.000000,1.000000,1.000000,0.000000,0.000000,0.000000,-3.332073,71.822594
48.528974,2.000000,-646.273010,-3.447324,719.042975,22.102552,62.313324,252.629578,250.047638,260.823319,5.114376,0.383642,6.540709,-4.093873,-1.747581,-1.721921,16.461731,0.034268,0.001218,-0.000111,0.105000,0.105000,0.347655,83460.992188,1.005482,0.000000,0.000000,1.000000,1.000000,1.000000,1.000000,0.000000,0.000000,0.000000,-3.340761,71.111801
48.579513,2.000000,-639.513184,-3.463548,718.835826,21.932631,61.634426,252.350723,249.792206,260.553763,5.131979,0.384797,6.562955,-4.100473,-1.752207,-1.719108,16.281528,0.034274,0.001227,-0.000113,0.105000,0.105000,0.349012,83460.992188,1.006999,0.000000,0.000000,1.000000,1.000000,1.000000,1.000000,0.000000,0.000000,0.000000,-3.348175,70.432899
48.632422,2.000000,-632.564087,-3.480200,718.618633,21.699232,60.934708,252.058792,249.529572,260.276524,5.150472,0.385997,6.585977,-4.106492,-1.756645,-1.716195,16.096395,0.034176,0.001231,-0.000116,0.105000,0.105000,0.350082,83460.992188,1.008631,0.000000,0.000000,1.000000,1.000000,1.000000,1.000000,0.000000,0.000000,0.000000,-3.355142,69.849861
48.686177,2.000000,-625.180298,-3.497862,718.397668,21.469740,60.189362,251.762329,249.250320,259.981875,5.169309,0.387205,6.609041,-4.111989,-1.760987,-1.713080,15.899806,0.034393,0.001239,-0.000119,0.105000,0.105000,0.350792,83460.992188,1.010494,0.000000,0.000000,1.000000,1.000000,1.000000,1.000000,0.000000,0.000000,0.000000,-3.361325,69.104515
48.737391,2.000000,-618.344971,-3.514184,718.186908,21.240370,59.497814,251.480042,248.991745,259.708996,5.187291,0.388344,6.630758,-4.116342,-1.764702,-1.710179,15.717929,0.034385,0.001247,-0.000122,0.105000,0.105000,0.351457,83460.992188,1.011862,0.000000,0.000000,1.000000,1.000000,1.000000,1.000000,0.000000,0.000000,0.000000,-3.366517,68.412971
48.791259,2.000000,-611.252808,-3.531088,717.965012,21.048170,58.778801,251.183167,248.723267,259.425825,5.206232,0.389530,6.653306,-4.120116,-1.768245,-1.707155,15.529325,0.034308,0.001252,-0.000125,0.105000,0.105000,0.351821,83460.992188,1.013337,0.000000,0.000000,1.000000,1.000000,1.000000,1.000000,0.000000,0.000000,0.000000,-3.371210,67.693962
48.846702,2.000000,-603.760132,-3.548913,717.736444,20.791334,58.017696,250.877731,248.439590,259.126549,5.225734,0.390735,6.676175,-4.123263,-1.771637,-1.703945,15.330186,0.034406,0.001262,-0.000128,0.105000,0.105000,0.351902,83460.992188,1.014731,0.000000,0.000000,1.000000,1.000000,1.000000,1.000000,0.000000,0.000000,0.000000,-3.375220,66.813919
48.902418,2.000000,-596.463318,-3.566239,717.506605,20.588331,57.275162,250.571045,248.163040,258.834984,5.245338,0.391935,6.698841,-4.125622,-1.774646,-1.700807,15.136361,0.034308,0.001268,-0.000131,0.105000,0.105000,0.351852,83460.992188,1.016588,0.000000,0.000000,1.000000,1.000000,1.000000,1.000000,0.000000,0.000000,0.000000,-3.378490,66.071381
48.954881,3.000000,-589.427979,-3.582912,717.289317,20.369093,56.556900,250.282608,247.897751,258.552881,5.266365,0.393052,6.747581,-4.166551,-1.794194,-0.646112,14.949580,0.208323,0.001283,-0.000134,0.105000,0.105000,0.547152,83460.992188,0.764303,0.000000,0.000000,1.000000,1.000000,1.000000,1.000000,0.000000,0.000000,0.000000,-3.439223,65.353119
49.010765,3.000000,-582.033203,-3.600411,717.051596,20.129408,55.782158,249.975113,247.622559,258.254880,5.309868,0.394232,6.845541,-4.292314,-1.850444,-0.646857,14.753357,0.189511,0.001286,-0.000139,0.105000,0.105000,0.963879,83460.992188,0.827191,0.000000,0.000000,1.000000,1.000000,1.000000,1.000000,0.000000,0.000000,0.000000,-3.561629,64.578377
49.063552,3.000000,-575.091248,-3.616816,716.821719,19.902662,55.035995,249.684082,247.362778,257.975268,5.369817,0.395340,6.943904,-4.380102,-1.890308,-0.647558,14.569239,0.172303,0.001279,-0.000142,0.105000,0.105000,1.272671,83460.992188,0.881970,0.000000,0.000000,1.000000,1.000000,1.000000,1.000000,0.000000,0.000000,0.000000,-3.646799,63.873432
49.120012,3.000000,-567.596191,-3.634497,716.571832,19.653883,54.215485,249.371155,247.079849,257.672758,5.449533,0.396508,7.051630,-4.444220,-1.920209,-0.648318,14.370544,0.155187,0.001271,-0.000144,0.105000,0.105000,1.520491,83460.992188,0.937459,0.000000,0.000000,1.000000,1.000000,1.000000,1.000000,0.000000,0.000000,0.000000,-3.707393,63.052921
49.172851,3.000000,-560.534546,-3.651126,716.335689,19.389296,53.433273,249.076614,246.810608,257.386533,5.534788,0.397576,7.152011,-4.477959,-1.936926,-0.649039,14.183426,0.140181,0.001265,-0.000146,0.105000,0.105000,1.684940,83460.992188,0.983366,0.000000,0.000000,1.000000,1.000000,1.000000,1.000000,0.000000,0.000000,0.000000,-3.738300,62.270710
49.226265,3.000000,-553.474731,-3.667718,716.096026,19.173475,52.646717,248.776550,246.538422,257.098735,5.628133,0.398627,7.250878,-4.488565,-1.943681,-0.649766,13.996436,0.125928,0.001257,-0.000147,0.105000,0.105000,1.793740,83460.992188,1.024808,0.000000,0.000000,1.000000,1.000000,1.000000,1.000000,0.000000,0.000000,0.000000,-3.746880,61.417660
49.280471,3.000000,-546.452881,-3.684187,715.853000,18.936842,51.863659,248.469177,246.264694,256.810640,5.727312,0.399659,7.346832,-4.478829,-1.941643,-0.650495,13.810529,0.112616,0.001246,-0.000148,0.105000,0.105000,1.853985,83460.992188,1.061093,0.000000,0.000000,1.000000,1.000000,1.000000,1.000000,0.000000,0.000000,0.000000,-3.735155,60.634602
49.333026,3.000000,-539.418701,-3.700648,715.618530,18.695448,51.081787,248.168472,245.987350,256.519995,5.825403,0.400624,7.434373,-4.451359,-1.931928,-0.651232,13.624369,0.100814,0.001241,-0.000148,0.105000,0.105000,1.871947,83460.992188,1.092346,0.000000,0.000000,1.000000,1.000000,1.000000,1.000000,0.000000,0.000000,0.000000,-3.706661,59.852734
49.388846,3.000000,-532.005798,-3.717953,715.371666,18.443190,50.263786,247.845703,245.691696,256.211375,5.929552,0.401609,7.520549,-4.406044,-1.914577,-0.652016,13.428263,0.089353,0.001237,-0.000149,0.105000,0.105000,1.855789,83460.992188,1.119541,0.000000,0.000000,1.000000,1.000000,1.000000,1.000000,0.000000,0.000000,0.000000,-3.660849,59.034729
49.440836,3.000000,-525.193970,-3.733816,715.144443,18.217176,49.519859,247.542267,245.417603,255.925891,6.024953,0.402488,7.593831,-4.351828,-1.893144,-0.652743,13.248125,0.079871,0.001231,-0.000149,0.105000,0.105000,1.813722,83460.992188,1.141570,0.000000,0.000000,1.000000,1.000000,1.000000,1.000000,0.000000,0.000000,0.000000,-3.605876,58.396915
49.492424,3.000000,-518.428528,-3.749532,714.922124,17.988234,48.790260,247.238297,245.142853,255.640436,6.116892,0.403326,7.659636,-4.288118,-1.867530,-0.653472,13.069276,0.071384,0.001228,-0.000149,0.105000,0.105000,1.752512,83460.992188,1.158984,0.000000,0.000000,1.000000,1.000000,1.000000,1.000000,0.000000,0.000000,0.000000,-3.541806,57.667320
49.542898,3.000000,-511.766205,-3.764970,714.708058,17.791883,48.082272,246.938324,244.870041,255.357414,6.203400,0.404080,7.717366,-4.217688,-1.838912,-0.654196,12.893210,0.063779,0.001325,-0.000138,0.105000,0.105000,1.679072,83460.992188,1.171909,0.000000,0.000000,1.000000,1.000000,1.000000,1.000000,0.000000,0.000000,0.000000,-3.471866,56.959332
49.593624,3.000000,-505.126251,-3.780316,714.496676,17.583387,47.388103,246.634415,244.595428,255.072938,6.286379,0.404730,7.769105,-4.141994,-1.807944,-0.654926,12.717792,0.056881,0.001383,-0.000119,0.105000,0.105000,1.597651,83460.992188,1.181832,0.000000,0.000000,1.000000,1.000000,1.000000,1.000000,0.000000,0.000000,0.000000,-3.396381,56.265163
49.644642,3.000000,-498.439850,-3.795730,714.288108,17.371534,46.701450,246.326477,244.316559,254.784131,6.365516,0.405320,7.814922,-4.061337,-1.774769,-0.655668,12.541199,0.050548,0.001419,-0.000101,0.105000,0.105000,1.510279,83460.992188,1.189881,0.000000,0.000000,1.000000,1.000000,1.000000,1.000000,0.000000,0.000000,0.000000,-3.316256,55.551075
49.697123,3.000000,-491.700653,-3.811225,714.077981,17.167616,46.022633,246.007446,244.033234,254.490994,6.442147,0.405885,7.855728,-3.976501,-1.739720,-0.656423,12.363263,0.045057,0.001445,-0.000083,0.105000,0.105000,1.416481,83460.992188,1.195916,0.000000,0.000000,1.000000,1.000000,1.000000,1.000000,0.000000,0.000000,0.000000,-3.230448,54.872257
49.750277,3.000000,-484.713257,-3.827246,713.869879,16.939772,45.333447,245.682404,243.737778,254.185341,6.514672,0.406421,7.890780,-3.885778,-1.702095,-0.657213,12.178829,0.039709,0.001470,-0.000067,0.105000,0.105000,1.319168,83460.992188,1.200450,0.000000,0.000000,1.000000,1.000000,1.000000,1.000000,0.000000,0.000000,0.000000,-3.141010,54.183071
49.803803,3.000000,-477.693634,-3.843296,713.665236,16.726759,44.656506,245.353455,243.439362,253.876721,6.582438,0.406927,7.919963,-3.792615,-1.663328,-0.658011,11.993598,0.034995,0.001495,-0.000051,0.105000,0.105000,1.220183,83460.992188,1.202953,0.000000,0.000000,1.000000,1.000000,1.000000,1.000000,0.000000,0.000000,0.000000,-3.049207,53.506130
49.855862,3.000000,-470.874451,-3.858844,713.470992,16.535475,44.013966,245.032318,243.148392,253.575783,6.643270,0.407391,7.942792,-3.701048,-1.625117,-0.658792,11.813704,0.031059,0.001519,-0.000037,0.105000,0.105000,1.124033,83460.992188,1.204602,0.000000,0.000000,1.000000,1.000000,1.000000,1.000000,0.000000,0.000000,0.000000,-2.959031,52.823162
49.909994,3.000000,-463.913696,-3.874671,713.274059,16.351454,43.373577,244.697342,242.850662,253.267727,6.701253,0.407845,7.961143,-3.607275,-1.585888,-0.659594,11.630124,0.027943,0.001547,-0.000024,0.105000,0.105000,1.025666,83460.992188,1.204192,0.000000,0.000000,1.000000,1.000000,1.000000,1.000000,0.000000,0.000000,0.000000,-2.865220,52.182774
49.962210,3.000000,-457.085815,-3.890153,713.088942,16.177015,42.760616,244.373734,242.558105,252.965069,6.752208,0.408262,7.974018,-3.515673,-1.547485,-0.660383,11.450094,0.025176,0.001574,-0.000011,0.105000,0.105000,0.933084,83460.992188,1.203016,0.000000,0.000000,1.000000,1.000000,1.000000,1.000000,0.000000,0.000000,0.000000,-2.775275,51.569809
50.014072,3.000000,-450.457245,-3.905141,712.909753,15.996107,42.179859,244.052048,242.273834,252.670865,6.798111,0.408659,7.982486,-3.427615,-1.510499,-0.661151,11.275361,0.023390,0.001601,-0.000000,0.105000,0.105000,0.844179,83460.992188,1.200425,0.000000,0.000000,1.000000,1.000000,1.000000,1.000000,0.000000,0.000000,0.000000,-2.687038,50.989056
50.066062,3.000000,-443.630066,-3.920537,712.734722,15.818190,41.596302,243.729691,241.981125,252.367762,6.839611,0.409044,7.987107,-3.338410,-1.472971,-0.661945,11.095434,0.021524,0.001627,0.000010,0.105000,0.105000,0.759075,83460.992188,1.196696,0.000000,0.000000,1.000000,1.000000,1.000000,1.000000,0.000000,0.000000,0.000000,-2.600248,50.447567
50.122030,3.000000,-436.376190,-3.936850,712.551346,15.621778,40.992214,243.382935,241.670502,252.045943,6.879478,0.409446,7.988222,-3.245863,-1.433983,-0.662791,10.904305,0.020260,0.001657,0.000020,0.105000,0.105000,0.672698,83460.992188,1.191983,0.000000,0.000000,1.000000,1.000000,1.000000,1.000000,0.000000,0.000000,0.000000,-2.509201,49.843479
50.175783,3.000000,-429.391785,-3.952510,712.380001,15.441298,40.425655,243.050705,241.371857,251.736404,6.913370,0.409822,7.985925,-3.159197,-1.397426,-0.663606,10.720320,0.019450,0.001687,0.000029,0.105000,0.105000,0.594796,83460.992188,1.187158,0.000000,0.000000,1.000000,1.000000,1.000000,1.000000,0.000000,0.000000,0.000000,-2.424312,49.276920
50.228078,3.000000,-422.652069,-3.967581,712.217656,15.278761,39.892590,242.728577,241.084290,251.438136,6.942472,0.410182,7.980956,-3.078167,-1.363211,-0.664393,10.542816,0.019184,0.001718,0.000037,0.105000,0.105000,0.524178,83460.992188,1.181563,0.000000,0.000000,1.000000,1.000000,1.000000,1.000000,0.000000,0.000000,0.000000,-2.344489,48.743851
50.280415,3.000000,-416.012573,-3.982389,712.059327,15.130384,39.380119,242.407440,240.801529,251.144762,6.968057,0.410564,7.973737,-3.001207,-1.330693,-0.665169,10.367988,0.019486,0.001651,0.000034,0.105000,0.105000,0.459254,83460.992188,1.175001,0.000000,0.000000,1.000000,1.000000,1.000000,1.000000,0.000000,0.000000,0.000000,-2.267714,48.170586
50.331636,3.000000,-409.317932,-3.997280,711.908217,14.982801,38.875641,242.094543,240.517029,250.849311,6.989996,0.411065,7.965032,-2.926981,-1.299322,-0.665952,10.191740,0.019480,0.001553,0.000010,0.105000,0.105000,0.402573,83460.992188,1.167890,0.000000,0.000000,1.000000,1.000000,1.000000,1.000000,0.000000,0.000000,0.000000,-2.196046,47.666107
50.388370,3.000000,-401.928162,-4.013672,711.745060,14.821180,38.332355,241.749969,240.203400,250.523459,7.011148,0.411674,7.953996,-2.849191,-1.266446,-0.666818,9.997230,0.019727,0.001554,-0.000013,0.105000,0.105000,0.347902,83460.992188,1.159986,0.000000,0.000000,1.000000,1.000000,1.000000,1.000000,0.000000,0.000000,0.000000,-2.120806,47.122822
50.439653,3.000000,-395.330017,-4.028268,711.601203,14.684095,37.858711,241.440262,239.923782,250.232754,7.027802,0.412238,7.943161,-2.783466,-1.238678,-0.667593,9.823588,0.020251,0.001567,-0.000033,0.105000,0.105000,0.305641,83460.992188,1.152951,0.000000,0.000000,1.000000,1.000000,1.000000,1.000000,0.000000,0.000000,0.000000,-2.056578,46.681305
50.495672,3.000000,-388.185242,-4.044030,711.447779,14.525587,37.357357,241.103775,239.621429,249.918232,7.043723,0.412862,7.930775,-2.716239,-1.210290,-0.668433,9.635595,0.021019,0.001581,-0.000052,0.105000,0.105000,0.266827,83460.992188,1.145851,0.000000,0.000000,1.000000,1.000000,1.000000,1.000000,0.000000,0.000000,0.000000,-1.990443,46.179947
50.548291,3.000000,-381.488800,-4.058763,711.306981,14.378431,36.897671,240.790085,239.338486,249.623790,7.056874,0.413456,7.918844,-2.656623,-1.185131,-0.669221,9.459429,0.021837,0.001596,-0.000069,0.105000,0.105000,0.236205,83460.992188,1.139000,0.000000,0.000000,1.000000,1.000000,1.000000,1.000000,0.000000,0.000000,0.000000,-1.931857,45.720264
50.600215,3.000000,-374.757263,-4.073534,711.171021,14.236891,36.445015,240.482727,239.054504,249.328102,7.068426,0.414047,7.907062,-2.600028,-1.161265,-0.670015,9.282367,0.022464,0.001612,-0.000085,0.105000,0.105000,0.211341,83460.992188,1.132871,0.000000,0.000000,1.000000,1.000000,1.000000,1.000000,0.000000,0.000000,0.000000,-1.877350,45.267605
50.656679,3.000000,-367.603241,-4.089189,711.026346,14.108717,35.973743,240.150711,238.753204,249.014262,7.079686,0.414699,7.894522,-2.543434,-1.137427,-0.670859,9.094223,0.023441,0.001628,-0.000101,0.105000,0.105000,0.189975,83460.992188,1.126071,0.000000,0.000000,1.000000,1.000000,1.000000,1.000000,0.000000,0.000000,0.000000,-1.821747,44.766472
50.708871,3.000000,-360.882233,-4.103855,710.895364,13.984266,35.539600,239.846268,238.470612,248.719732,7.089149,0.415305,7.883307,-2.493345,-1.116352,-0.671654,8.917494,0.024207,0.001643,-0.000114,0.105000,0.105000,0.174471,83460.992188,1.120338,0.000000,0.000000,1.000000,1.000000,1.000000,1.000000,0.000000,0.000000,0.000000,-1.773430,44.332325
50.760310,3.000000,-354.310425,-4.118158,710.768709,13.852858,35.122692,239.548370,238.194702,248.432067,7.097788,0.415912,7.872779,-2.447152,-1.096944,-0.672431,8.744713,0.025048,0.001655,-0.000127,0.105000,0.105000,0.162967,83460.992188,1.114909,0.000000,0.000000,1.000000,1.000000,1.000000,1.000000,0.000000,0.000000,0.000000,-1.728621,43.915421
50.811891,3.000000,-347.760956,-4.132374,710.643997,13.720289,34.714260,239.251770,237.920120,248.145737,7.105952,0.416523,7.862854,-2.403702,-1.078715,-0.673207,8.572542,0.025923,0.001668,-0.000138,0.105000,0.105000,0.154847,83460.992188,1.109813,0.000000,0.000000,1.000000,1.000000,1.000000,1.000000,0.000000,0.000000,0.000000,-1.686316,43.506985
50.862485,3.000000,-341.313477,-4.146332,710.523771,13.587294,34.318665,238.962830,237.650238,247.864242,7.113635,0.417127,7.853817,-2.363286,-1.061786,-0.673971,8.403074,0.026719,0.001680,-0.000149,0.105000,0.105000,0.149762,83460.992188,1.105255,0.000000,0.000000,1.000000,1.000000,1.000000,1.000000,0.000000,0.000000,0.000000,-1.647193,43.182594
50.912827,3.000000,-334.893921,-4.160192,710.406095,13.476271,33.930817,238.677307,237.381927,247.584275,7.121096,0.417733,7.845593,-2.325219,-1.045868,-0.674734,8.234362,0.027467,0.001691,-0.000159,0.105000,0.105000,0.147194,83460.992188,1.100771,0.000000,0.000000,1.000000,1.000000,1.000000,1.000000,0.000000,0.000000,0.000000,-1.610471,42.794743
50.966692,3.000000,-328.086670,-4.174850,710.282223,13.364515,33.525757,238.373672,237.097763,247.287697,7.129008,0.418384,7.837745,-2.287171,-1.029991,-0.675543,8.055483,0.028288,0.001703,-0.000168,0.105000,0.105000,0.146969,83460.992188,1.096298,0.000000,0.000000,1.000000,1.000000,1.000000,1.000000,0.000000,0.000000,0.000000,-1.573534,42.389687
51.017268,3.000000,-321.657867,-4.188653,710.167725,13.257277,33.148762,238.090134,236.829788,247.007908,7.136484,0.418998,7.831315,-2.253299,-1.015890,-0.676308,7.886568,0.028965,0.001714,-0.000177,0.105000,0.105000,0.148801,83460.992188,1.092636,0.000000,0.000000,1.000000,1.000000,1.000000,1.000000,0.000000,0.000000,0.000000,-1.540916,42.012691
51.068288,3.000000,-316.066376,-4.200630,710.053897,13.140394,32.824951,237.805771,236.596939,246.764809,7.144155,0.419618,7.825689,-2.225202,-1.004213,-0.676974,7.739669,0.030442,0.001720,-0.000185,0.105000,0.105000,0.151832,83460.992188,1.089369,0.000000,0.000000,1.000000,1.000000,1.000000,1.000000,0.000000,0.000000,0.000000,-1.509708,41.700897
51.121671,3.000000,-308.671539,-4.216425,709.936485,13.011122,32.402336,237.510544,236.289352,246.443583,7.152397,0.420269,7.820795,-2.189942,-0.989592,-0.677856,7.545414,0.030408,0.001736,-0.000193,0.105000,0.105000,0.156467,83460.992188,1.085958,0.000000,0.000000,1.000000,1.000000,1.000000,1.000000,0.000000,0.000000,0.000000,-1.478847,41.278278
51.173598,3.000000,-301.817535,-4.231022,709.823863,12.887159,32.015976,237.225021,236.004608,246.146175,7.160668,0.420903,7.816957,-2.158970,-0.976777,-0.678675,7.365387,0.030751,0.001751,-0.000201,0.105000,0.105000,0.161909,83460.992188,1.082737,0.000000,0.000000,1.000000,1.000000,1.000000,1.000000,0.000000,0.000000,0.000000,-1.450377,40.891918
51.224859,3.000000,-295.332367,-4.244795,709.714145,12.778028,31.654915,236.944641,235.735443,245.865021,7.169134,0.421530,7.814060,-2.131075,-0.965262,-0.679451,7.195066,0.031276,0.001762,-0.000208,0.105000,0.105000,0.168019,83460.992188,1.080106,0.000000,0.000000,1.000000,1.000000,1.000000,1.000000,0.000000,0.000000,0.000000,-1.423639,40.530857
51.279105,3.000000,-288.491425,-4.259282,709.599543,12.691908,31.278574,236.649307,235.451797,245.568681,7.178455,0.422193,7.812010,-2.103125,-0.953754,-0.680271,7.015419,0.031790,0.001772,-0.000214,0.105000,0.105000,0.175249,83460.992188,1.077338,0.000000,0.000000,1.000000,1.000000,1.000000,1.000000,0.000000,0.000000,0.000000,-1.396852,40.049850
51.330744,3.000000,-282.066437,-4.272849,709.491810,12.571608,30.929111,236.369614,235.185623,245.290567,7.187704,0.422823,7.810975,-2.078094,-0.943472,-0.681042,6.846713,0.032299,0.001780,-0.000221,0.105000,0.105000,0.182485,83460.992188,1.075056,0.000000,0.000000,1.000000,1.000000,1.000000,1.000000,0.000000,0.000000,0.000000,-1.372602,39.700390
51.382214,3.000000,-275.563293,-4.286542,709.385693,12.449476,30.579172,236.092087,234.916473,245.009295,7.197306,0.423449,7.810785,-2.053807,-0.933518,-0.681824,6.675969,0.032668,0.001792,-0.000226,0.105000,0.105000,0.190011,83460.992188,1.072935,0.000000,0.000000,1.000000,1.000000,1.000000,1.000000,0.000000,0.000000,0.000000,-1.349495,39.350449
51.435205,3.000000,-268.944702,-4.300438,709.277706,12.352247,30.226751,235.807434,234.642731,244.723203,7.207599,0.424090,7.811434,-2.030092,-0.923819,-0.682621,6.502210,0.033034,0.001803,-0.000232,0.105000,0.105000,0.197891,83460.992188,1.071027,0.000000,0.000000,1.000000,1.000000,1.000000,1.000000,0.000000,0.000000,0.000000,-1.326723,38.998028
51.487029,3.000000,-262.317383,-4.314312,709.173286,12.261976,29.877474,235.530090,234.368759,244.436903,7.218068,0.424714,7.812892,-2.007314,-0.914525,-0.683421,6.328237,0.033264,0.001813,-0.000237,0.105000,0.105000,0.205567,83460.992188,1.069160,0.000000,0.000000,1.000000,1.000000,1.000000,1.000000,0.000000,0.000000,0.000000,-1.305424,38.658958
51.540051,3.000000,-255.711624,-4.328100,709.067620,12.145399,29.532778,235.247253,234.095963,244.151744,7.229189,0.425350,7.815161,-1.985459,-0.905627,-0.684219,6.154844,0.033546,0.001824,-0.000242,0.105000,0.105000,0.213298,83460.992188,1.067572,0.000000,0.000000,1.000000,1.000000,1.000000,1.000000,0.000000,0.000000,0.000000,-1.284485,38.314262
51.594417,3.000000,-248.914581,-4.342244,708.960459,12.039015,29.181559,234.958221,233.815384,243.858474,7.241011,0.425998,7.818241,-1.963740,-0.896798,-0.685041,5.976446,0.033758,0.001835,-0.000247,0.105000,0.105000,0.221008,83460.992188,1.066120,0.000000,0.000000,1.000000,1.000000,1.000000,1.000000,0.000000,0.000000,0.000000,-1.263800,37.963043
51.648019,3.000000,-242.263290,-4.356043,708.855935,11.937880,28.841145,234.674072,233.540955,243.571640,7.253066,0.426631,7.821988,-1.943189,-0.888460,-0.685848,5.801887,0.033950,0.001845,-0.000252,0.105000,0.105000,0.228232,83460.992188,1.064813,0.000000,0.000000,1.000000,1.000000,1.000000,1.000000,0.000000,0.000000,0.000000,-1.244134,37.622627
51.701736,3.000000,-235.548615,-4.369933,708.752277,11.836012,28.500660,234.390030,233.264084,243.282181,7.265524,0.427262,7.826411,-1.923100,-0.880322,-0.686664,5.625678,0.034080,0.001853,-0.000256,0.105000,0.105000,0.235081,83460.992188,1.063550,0.000000,0.000000,1.000000,1.000000,1.000000,1.000000,0.000000,0.000000,0.000000,-1.225106,37.344337
51.756741,3.000000,-228.623672,-4.384212,708.647229,11.707533,28.152750,234.099808,232.978622,242.983765,7.278651,0.427904,7.831553,-1.902971,-0.872179,-0.687507,5.443964,0.034140,0.001863,-0.000261,0.105000,0.105000,0.241656,83460.992188,1.062598,0.000000,0.000000,1.000000,1.000000,1.000000,1.000000,0.000000,0.000000,0.000000,-1.206200,36.996426
51.808614,3.000000,-222.139938,-4.397541,708.549151,11.607069,27.829899,233.826752,232.711456,242.704480,7.291345,0.428504,7.836900,-1.884548,-0.864730,-0.688298,5.273841,0.034173,0.001873,-0.000264,0.105000,0.105000,0.247291,83460.992188,1.061710,0.000000,0.000000,1.000000,1.000000,1.000000,1.000000,0.000000,0.000000,0.000000,-1.188810,36.673576
51.861327,3.000000,-215.558578,-4.411029,708.450445,11.517530,27.504990,233.549835,232.440353,242.421101,7.304527,0.429106,7.842814,-1.866297,-0.857358,-0.689103,5.101168,0.034179,0.001880,-0.000268,0.105000,0.105000,0.252501,83460.992188,1.060772,0.000000,0.000000,1.000000,1.000000,1.000000,1.000000,0.000000,0.000000,0.000000,-1.171608,36.348667
51.913418,3.000000,-209.105392,-4.424216,708.353830,11.427320,27.189074,233.276611,232.174667,242.143284,7.317810,0.429694,7.849114,-1.848855,-0.850320,-0.689893,4.931868,0.034193,0.001888,-0.000272,0.105000,0.105000,0.257112,83460.992188,1.059855,0.000000,0.000000,1.000000,1.000000,1.000000,1.000000,0.000000,0.000000,0.000000,-1.155084,35.950821
51.965410,3.000000,-202.695374,-4.437274,708.258293,11.342176,26.877817,233.004333,231.910751,241.867410,7.331293,0.430276,7.855806,-1.831928,-0.843497,-0.690680,4.763711,0.034199,0.001895,-0.000275,0.105000,0.105000,0.261219,83460.992188,1.059071,0.000000,0.000000,1.000000,1.000000,1.000000,1.000000,0.000000,0.000000,0.000000,-1.139005,35.639568
52.016079,3.000000,-196.369949,-4.450119,708.166026,11.227186,26.573101,232.739395,231.650467,241.595273,7.344626,0.430835,7.862677,-1.815598,-0.836921,-0.691458,4.597784,0.034161,0.001906,-0.000278,0.105000,0.105000,0.264759,83460.992188,1.058439,0.000000,0.000000,1.000000,1.000000,1.000000,1.000000,0.000000,0.000000,0.000000,-1.123716,35.334850
52.066824,3.000000,-190.066879,-4.462881,708.074437,11.081984,26.271820,232.474258,231.391113,241.324159,7.358148,0.431388,7.869794,-1.799522,-0.830443,-0.692235,4.432453,0.034081,0.001915,-0.000281,0.105000,0.105000,0.267855,83460.992188,1.058180,0.000000,0.000000,1.000000,1.000000,1.000000,1.000000,0.000000,0.000000,0.000000,-1.108585,35.033569
52.118439,3.000000,-183.668777,-4.475794,707.982109,10.930250,25.968388,232.204788,231.127945,241.049056,7.372045,0.431942,7.877223,-1.783318,-0.823906,-0.693025,4.264638,0.033944,0.001926,-0.000284,0.105000,0.105000,0.270468,83460.992188,1.057955,0.000000,0.000000,1.000000,1.000000,1.000000,1.000000,0.000000,0.000000,0.000000,-1.093325,34.712399
52.170849,3.000000,-177.164093,-4.488880,707.889212,10.790968,25.662361,231.931381,230.860458,240.769400,7.386278,0.432497,7.884909,-1.766912,-0.817275,-0.693830,4.094037,0.033747,0.001938,-0.000287,0.105000,0.105000,0.272498,83460.992188,1.057763,0.000000,0.000000,1.000000,1.000000,1.000000,1.000000,0.000000,0.000000,0.000000,-1.077911,34.406372
52.224196,3.000000,-170.576187,-4.502091,707.795531,10.631483,25.354942,231.653320,230.589569,240.486229,7.400856,0.433052,7.892834,-1.750347,-0.810567,-0.694647,3.921262,0.033513,0.001947,-0.000289,0.105000,0.105000,0.273872,83460.992188,1.057701,0.000000,0.000000,1.000000,1.000000,1.000000,1.000000,0.000000,0.000000,0.000000,-1.062281,34.098953
52.276267,3.000000,-164.122574,-4.514990,707.704944,10.484816,25.056253,231.382187,230.324295,240.208887,7.415134,0.433584,7.900602,-1.734104,-0.803974,-0.695449,3.752018,0.033233,0.001960,-0.000292,0.105000,0.105000,0.274484,83460.992188,1.057671,0.000000,0.000000,1.000000,1.000000,1.000000,1.000000,0.000000,0.000000,0.000000,-1.047023,33.106384
52.328548,3.000000,-157.701431,-4.527783,707.614838,10.329298,24.761494,231.110168,230.060379,239.933027,7.429483,0.434109,7.908400,-1.717931,-0.797392,-0.696248,3.583634,0.032939,0.001970,-0.000295,0.105000,0.105000,0.274383,83460.992188,1.057714,0.000000,0.000000,1.000000,1.000000,1.000000,1.000000,0.000000,0.000000,0.000000,-1.031705,32.811623
52.381126,3.000000,-151.286423,-4.540522,707.525076,10.190321,24.469444,230.836746,229.796799,239.657509,7.443887,0.434627,7.916199,-1.701747,-0.790789,-0.697048,3.415419,0.032630,0.001982,-0.000297,0.105000,0.105000,0.273565,83460.992188,1.057636,0.000000,0.000000,1.000000,1.000000,1.000000,1.000000,0.000000,0.000000,0.000000,-1.016299,32.519573
52.434012,3.000000,-144.812775,-4.553334,707.435654,10.058790,24.177191,230.561859,229.530884,239.379543,7.458313,0.435139,7.923989,-1.685446,-0.784124,-0.697858,3.245673,0.032303,0.001995,-0.000299,0.105000,0.105000,0.272055,83460.992188,1.057466,0.000000,0.000000,1.000000,1.000000,1.000000,1.000000,0.000000,0.000000,0.000000,-1.000858,32.227322
52.485801,3.000000,-138.371689,-4.566038,707.348923,9.920057,23.888863,230.292862,229.266373,239.103046,7.472347,0.435632,7.931533,-1.669266,-0.777496,-0.698665,3.076790,0.031940,0.002008,-0.000302,0.105000,0.105000,0.269961,83460.992188,1.057402,0.000000,0.000000,1.000000,1.000000,1.000000,1.000000,0.000000,0.000000,0.000000,-0.985786,31.256414
52.537811,3.000000,-131.920258,-4.578720,707.262653,9.792250,23.602526,230.022812,229.001465,238.826193,7.486315,0.436117,7.939010,-1.653121,-0.770869,-0.699475,2.907642,0.031581,0.002018,-0.000304,0.105000,0.105000,0.267309,83460.992188,1.057137,0.000000,0.000000,1.000000,1.000000,1.000000,1.000000,0.000000,0.000000,0.000000,-0.970739,30.970078
52.590482,3.000000,-125.524803,-4.591249,707.176131,9.626661,23.321089,229.749588,228.738968,238.551831,7.500304,0.436597,7.946429,-1.637161,-0.764306,-0.700279,2.739969,0.031259,0.002031,-0.000306,0.105000,0.105000,0.264128,83460.992188,1.057148,0.000000,0.000000,1.000000,1.000000,1.000000,1.000000,0.000000,0.000000,0.000000,-0.955546,30.688643
52.642698,3.000000,-119.151863,-4.603692,707.091194,9.488722,23.043045,229.478958,228.477509,238.278552,7.513995,0.437064,7.953592,-1.621237,-0.757740,-0.701082,2.572892,0.030906,0.002047,-0.000308,0.105000,0.105000,0.260499,83460.992188,1.057028,0.000000,0.000000,1.000000,1.000000,1.000000,1.000000,0.000000,0.000000,0.000000,-0.940487,30.410597
52.697700,3.000000,-112.412872,-4.616804,707.002625,9.350538,22.751640,229.193939,228.201065,237.989642,7.528196,0.437548,7.960966,-1.604507,-0.750832,-0.701933,2.396227,0.030531,0.002059,-0.000310,0.105000,0.105000,0.256249,83460.992188,1.056765,0.000000,0.000000,1.000000,1.000000,1.000000,1.000000,0.000000,0.000000,0.000000,-0.924763,29.432770
52.750018,3.000000,-106.065460,-4.629109,706.919224,9.213942,22.479599,228.923172,227.940796,237.717609,7.541478,0.437999,7.967784,-1.588832,-0.744349,-0.702736,2.229833,0.030206,0.002072,-0.000312,0.105000,0.105000,0.251775,83460.992188,1.056527,0.000000,0.000000,1.000000,1.000000,1.000000,1.000000,0.000000,0.000000,0.000000,-0.909906,29.160728
52.803864,3.000000,-99.538628,-4.641717,706.834246,9.075148,22.202326,228.644592,227.673248,237.437998,7.554893,0.438454,7.974589,-1.572816,-0.737714,-0.703564,2.058741,0.029872,0.002084,-0.000314,0.105000,0.105000,0.246870,83460.992188,1.056248,0.000000,0.000000,1.000000,1.000000,1.000000,1.000000,0.000000,0.000000,0.000000,-0.894738,28.883453
52.856106,3.000000,-93.044197,-4.654217,706.752622,8.941786,21.928881,228.374664,227.407120,237.159884,7.567646,0.438885,7.981001,-1.557047,-0.731175,-0.704389,1.888505,0.029509,0.002097,-0.000316,0.105000,0.105000,0.241842,83460.992188,1.055812,0.000000,0.000000,1.000000,1.000000,1.000000,1.000000,0.000000,0.000000,0.000000,-0.880214,28.610008
52.909047,3.000000,-86.704803,-4.666374,706.670718,8.778456,21.664272,228.101349,227.147461,236.888518,7.580297,0.439313,7.987240,-1.541726,-0.724810,-0.705195,1.722339,0.029216,0.002111,-0.000318,0.105000,0.105000,0.236509,83460.992188,1.055776,0.000000,0.000000,1.000000,1.000000,1.000000,1.000000,0.000000,0.000000,0.000000,-0.865555,27.601143
52.965234,3.000000,-80.007431,-4.679171,706.584700,8.652235,21.387266,227.811493,226.873306,236.602025,7.593405,0.439753,7.993608,-1.525653,-0.718123,-0.706049,1.546795,0.028916,0.002123,-0.000320,0.105000,0.105000,0.230596,83460.992188,1.055258,0.000000,0.000000,1.000000,1.000000,1.000000,1.000000,0.000000,0.000000,0.000000,-0.850170,27.324137
53.019474,3.000000,-73.250206,-4.692032,706.502524,8.565870,21.110363,227.532013,226.596878,236.313100,7.605739,0.440169,7.999573,-1.509732,-0.711498,-0.706912,1.369689,0.028568,0.002135,-0.000321,0.105000,0.105000,0.224698,83460.992188,1.054356,0.000000,0.000000,1.000000,1.000000,1.000000,1.000000,0.000000,0.000000,0.000000,-0.835651,27.047234
53.072682,3.000000,-66.809692,-4.704245,706.422710,8.494825,20.848780,227.258316,226.333481,236.037804,7.617522,0.440568,8.005346,-1.495056,-0.705404,-0.707737,1.200888,0.028380,0.002147,-0.000323,0.105000,0.105000,0.218871,83460.992188,1.053234,0.000000,0.000000,1.000000,1.000000,1.000000,1.000000,0.000000,0.000000,0.000000,-0.821942,26.785650
53.127152,3.000000,-60.176327,-4.716775,706.341792,8.416822,20.581661,226.978363,226.062302,235.754411,7.629272,0.440969,8.011243,-1.480588,-0.699418,-0.708587,1.027038,0.028262,0.002158,-0.000325,0.105000,0.105000,0.213139,83460.992188,1.051974,0.000000,0.000000,1.000000,1.000000,1.000000,1.000000,0.000000,0.000000,0.000000,-0.808574,26.113552
53.179267,3.000000,-53.864944,-4.728652,706.265082,8.343702,20.329565,226.711014,225.804428,235.484914,7.640231,0.441345,8.016876,-1.467417,-0.693990,-0.709398,0.861632,0.028223,0.002167,-0.000326,0.105000,0.105000,0.207978,83460.992188,1.050712,0.000000,0.000000,1.000000,1.000000,1.000000,1.000000,0.000000,0.000000,0.000000,-0.796394,25.861456
53.231789,3.000000,-47.531910,-4.740526,706.188445,8.260572,20.078522,226.441910,225.545914,235.214690,7.651016,0.441716,8.022583,-1.454827,-0.688827,-0.710213,0.695663,0.028242,0.002176,-0.000328,0.105000,0.105000,0.203234,83460.992188,1.049529,0.000000,0.000000,1.000000,1.000000,1.000000,1.000000,0.000000,0.000000,0.000000,-0.784754,25.610413
53.283242,3.000000,-41.376614,-4.752024,706.113988,8.204359,19.836269,226.178604,225.294769,234.952178,7.661355,0.442073,8.028237,-1.443191,-0.684081,-0.711007,0.534356,0.028312,0.002185,-0.000330,0.105000,0.105000,0.199071,83460.992188,1.048092,0.000000,0.000000,1.000000,1.000000,1.000000,1.000000,0.000000,0.000000,0.000000,-0.773994,25.368158
53.334738,3.000000,-35.116474,-4.763675,706.040048,8.124708,19.591543,225.915436,225.039413,234.685320,7.671499,0.442422,8.034024,-1.432078,-0.679586,-0.711815,0.370305,0.028417,0.002196,-0.000331,0.105000,0.105000,0.195477,83460.992188,1.046793,0.000000,0.000000,1.000000,1.000000,1.000000,1.000000,0.000000,0.000000,0.000000,-0.763942,25.125990
53.387329,3.000000,-28.761850,-4.775456,705.965101,8.037062,19.344721,225.646988,224.780441,234.414592,7.681685,0.442769,8.040024,-1.421382,-0.675290,-0.712637,0.203782,0.028540,0.002208,-0.000333,0.105000,0.105000,0.192410,83460.992188,1.045612,0.000000,0.000000,1.000000,1.000000,1.000000,1.000000,0.000000,0.000000,0.000000,-0.754255,24.879168
53.441123,3.000000,-22.289276,-4.787410,705.888997,7.967176,19.094872,225.372818,224.516785,234.139000,7.691956,0.443118,8.046314,-1.411124,-0.671206,-0.713476,0.034173,0.028688,0.002218,-0.000334,0.105000,0.105000,0.189860,83460.992188,1.044262,0.000000,0.000000,1.000000,1.000000,1.000000,1.000000,0.000000,0.000000,0.000000,-0.745003,24.629318
53.492894,3.000000,-16.047197,-4.798894,705.816250,7.909986,18.855291,225.109436,224.262741,233.873388,7.701724,0.443446,8.052583,-1.401928,-0.667589,-0.714286,-0.129392,0.028869,0.002229,-0.000336,0.105000,0.105000,0.187964,83460.992188,1.042828,0.000000,0.000000,1.000000,1.000000,1.000000,1.000000,0.000000,0.000000,0.000000,-0.736812,24.399572
53.545866,3.000000,-9.908768,-4.810145,705.742284,7.826673,18.620895,224.840286,224.013000,233.612344,7.711635,0.443774,8.059202,-1.393502,-0.664319,-0.715084,-0.290239,0.029091,0.002239,-0.000337,0.105000,0.105000,0.186616,83460.992188,1.041709,0.000000,0.000000,1.000000,1.000000,1.000000,1.000000,0.000000,0.000000,0.000000,-0.729064,24.165176
53.600401,3.000000,-3.221825,-4.822352,705.666597,7.739881,18.366816,224.563507,223.741135,233.328135,7.721783,0.444106,8.066228,-1.384904,-0.661024,-0.715955,-0.465454,0.029280,0.002250,-0.000339,0.105000,0.105000,0.185807,83460.992188,1.040632,0.000000,0.000000,1.000000,1.000000,1.000000,1.000000,0.000000,0.000000,0.000000,-0.721658,23.911097
53.653072,3.000000,3.125495,-4.833893,705.593911,7.670484,18.126755,224.296692,223.483246,233.058534,7.731553,0.444415,8.073244,-1.377305,-0.658158,-0.716783,-0.631766,0.029475,0.002263,-0.000340,0.105000,0.105000,0.185491,83460.992188,1.039491,0.000000,0.000000,1.000000,1.000000,1.000000,1.000000,0.000000,0.000000,0.000000,-0.715074,23.671036
53.704674,3.000000,9.292747,-4.845063,705.523067,7.595167,17.894459,224.035690,223.232834,232.796719,7.741120,0.444712,8.080354,-1.370439,-0.655614,-0.717589,-0.793357,0.029670,0.002273,-0.000342,0.105000,0.105000,0.185599,83460.992188,1.038527,0.000000,0.000000,1.000000,1.000000,1.000000,1.000000,0.000000,0.000000,0.000000,-0.709135,23.454250
53.754946,3.000000,15.344888,-4.855983,705.454374,7.539197,17.667332,223.781891,222.987259,232.539946,7.750460,0.444997,8.087523,-1.364169,-0.653335,-0.718381,-0.951929,0.029859,0.002285,-0.000343,0.105000,0.105000,0.186056,83460.992188,1.037460,0.000000,0.000000,1.000000,1.000000,1.000000,1.000000,0.000000,0.000000,0.000000,-0.703826,23.227123
53.805863,3.000000,21.397152,-4.866861,705.385100,7.463209,17.440948,223.525116,222.741806,232.283336,7.759951,0.445278,8.095040,-1.358395,-0.651288,-0.719175,-1.110502,0.030059,0.002296,-0.000345,0.105000,0.105000,0.186854,83460.992188,1.036610,0.000000,0.000000,1.000000,1.000000,1.000000,1.000000,0.000000,0.000000,0.000000,-0.698936,23.000740
53.857670,3.000000,27.567364,-4.877909,705.314906,7.378675,17.210854,223.264175,222.491714,232.021862,7.769654,0.445555,8.102899,-1.352863,-0.649367,-0.719985,-1.272162,0.030235,0.002309,-0.000346,0.105000,0.105000,0.187958,83460.992188,1.035947,0.000000,0.000000,1.000000,1.000000,1.000000,1.000000,0.000000,0.000000,0.000000,-0.694306,22.770645
53.908305,3.000000,33.612335,-4.888690,705.246566,7.312208,16.986061,223.009521,222.246857,231.765831,7.779200,0.445820,8.110796,-1.347763,-0.647634,-0.720781,-1.430538,0.030387,0.002319,-0.000347,0.105000,0.105000,0.189235,83460.992188,1.035187,0.000000,0.000000,1.000000,1.000000,1.000000,1.000000,0.000000,0.000000,0.000000,-0.690112,22.541775
53.960039,3.000000,39.653011,-4.899422,705.176995,7.242139,16.761999,222.749573,222.002350,231.510156,7.789024,0.446084,8.119104,-1.343021,-0.646069,-0.721577,-1.588799,0.030529,0.002329,-0.000349,0.105000,0.105000,0.190695,83460.992188,1.034499,0.000000,0.000000,1.000000,1.000000,1.000000,1.000000,0.000000,0.000000,0.000000,-0.686189,22.317713
54.017629,3.000000,46.518597,-4.911568,705.099829,7.178846,16.507965,222.460739,221.724503,231.219674,7.800055,0.446368,8.128640,-1.338027,-0.644475,-0.722483,-1.768668,0.030689,0.002344,-0.000350,0.105000,0.105000,0.192472,83460.992188,1.033603,0.000000,0.000000,1.000000,1.000000,1.000000,1.000000,0.000000,0.000000,0.000000,-0.682233,22.063677
54.069289,3.000000,52.678940,-4.922421,705.030838,7.120985,16.280523,222.201904,221.475327,230.959149,7.810039,0.446618,8.137470,-1.333941,-0.643232,-0.723298,-1.930059,0.030843,0.002353,-0.000352,0.105000,0.105000,0.194182,83460.992188,1.032866,0.000000,0.000000,1.000000,1.000000,1.000000,1.000000,0.000000,0.000000,0.000000,-0.679076,21.836237
54.123121,3.000000,58.906734,-4.933349,704.959156,7.046155,16.051008,221.932449,221.223587,230.695880,7.820543,0.446871,8.146940,-1.330164,-0.642142,-0.724123,-2.093214,0.030981,0.002363,-0.000353,0.105000,0.105000,0.196083,83460.992188,1.032273,0.000000,0.000000,1.000000,1.000000,1.000000,1.000000,0.000000,0.000000,0.000000,-0.676141,21.597601
54.175083,3.000000,65.261253,-4.944453,704.890153,6.984327,15.817201,221.672729,220.966888,230.427436,7.830781,0.447107,8.156294,-1.326568,-0.641153,-0.724967,-2.259687,0.031140,0.002375,-0.000354,0.105000,0.105000,0.197995,83460.992188,1.031717,0.000000,0.000000,1.000000,1.000000,1.000000,1.000000,0.000000,0.000000,0.000000,-0.673555,21.363792
54.226452,3.000000,71.357590,-4.955061,704.822105,6.907728,15.593210,221.416306,220.720703,230.170025,7.841002,0.447333,8.165757,-1.323377,-0.640326,-0.725777,-2.419393,0.031263,0.002386,-0.000355,0.105000,0.105000,0.199930,83460.992188,1.031360,0.000000,0.000000,1.000000,1.000000,1.000000,1.000000,0.000000,0.000000,0.000000,-0.671243,21.139803
54.281557,3.000000,77.806938,-4.966238,704.749285,6.825941,15.356551,221.141373,220.460403,229.897829,7.852076,0.447566,8.176086,-1.320146,-0.639519,-0.726637,-2.588346,0.031346,0.002398,-0.000357,0.105000,0.105000,0.201970,83460.992188,1.031060,0.000000,0.000000,1.000000,1.000000,1.000000,1.000000,0.000000,0.000000,0.000000,-0.668905,20.903143
54.333452,3.000000,83.889847,-4.976734,704.680865,6.769788,15.133603,220.882889,220.214996,229.641190,7.862606,0.447777,8.185989,-1.317241,-0.638825,-0.727449,-2.747696,0.031404,0.002409,-0.000358,0.105000,0.105000,0.203823,83460.992188,1.030599,0.000000,0.000000,1.000000,1.000000,1.000000,1.000000,0.000000,0.000000,0.000000,-0.666863,20.659964
54.383671,3.000000,89.855003,-4.986986,704.614791,6.705213,14.915188,220.633087,219.974457,229.389652,7.872886,0.447972,8.195814,-1.314629,-0.638257,-0.726639,-2.903960,0.032769,0.002418,-0.000359,0.105000,0.105000,0.205921,83460.992188,1.029111,0.000000,0.000000,1.000000,1.000000,1.000000,1.000000,0.000000,0.000000,0.000000,-0.665203,20.441549
54.434061,3.000000,95.769157,-4.997108,704.548578,6.620985,14.698727,220.382751,219.736328,229.140621,7.883423,0.448180,8.206698,-1.313516,-0.638410,-0.723322,-3.058886,0.035833,0.002382,-0.000349,0.105000,0.105000,0.212870,83460.992188,1.025236,0.000000,0.000000,1.000000,1.000000,1.000000,1.000000,0.000000,0.000000,0.000000,-0.665196,20.225088
54.484676,3.000000,101.744362,-5.007289,704.482066,6.529859,14.479828,220.131470,219.496048,228.889305,7.894505,0.448404,8.218900,-1.314070,-0.639380,-0.719958,-3.215409,0.038529,0.002385,-0.000337,0.105000,0.105000,0.225095,83460.992188,1.022480,0.000000,0.000000,1.000000,1.000000,1.000000,1.000000,0.000000,0.000000,0.000000,-0.666774,20.006189
54.535202,3.000000,107.684006,-5.017366,704.415600,6.448072,14.261798,219.880829,219.257431,228.639666,7.906298,0.448619,8.232364,-1.315814,-0.640928,-0.716599,-3.370999,0.040804,0.002401,-0.000325,0.105000,0.105000,0.241250,83460.992188,1.020531,0.000000,0.000000,1.000000,1.000000,1.000000,1.000000,0.000000,0.000000,0.000000,-0.669480,19.721048
54.585842,3.000000,113.652245,-5.027447,704.348868,6.354932,14.042126,219.629791,219.017776,228.388974,7.919016,0.448821,8.247087,-1.318316,-0.642851,-0.713204,-3.527337,0.042727,0.002421,-0.000315,0.105000,0.105000,0.260203,83460.992188,1.019539,0.000000,0.000000,1.000000,1.000000,1.000000,1.000000,0.000000,0.000000,0.000000,-0.672863,19.501377
54.637604,3.000000,119.741394,-5.037686,704.280516,6.246717,13.817303,219.373352,218.773438,228.133298,7.933063,0.449012,8.263289,-1.321157,-0.644958,-0.709719,-3.686840,0.044302,0.002444,-0.000305,0.105000,0.105000,0.281316,83460.992188,1.019524,0.000000,0.000000,1.000000,1.000000,1.000000,1.000000,0.000000,0.000000,0.000000,-0.676530,19.276554
54.691687,3.000000,126.041016,-5.048232,704.208948,6.132642,13.583961,219.105484,218.520691,227.868888,7.948936,0.449194,8.281277,-1.323880,-0.647037,-0.706090,-3.851854,0.045476,0.002467,-0.000295,0.105000,0.105000,0.304157,83460.992188,1.020476,0.000000,0.000000,1.000000,1.000000,1.000000,1.000000,0.000000,0.000000,0.000000,-0.680072,19.043211
54.743472,3.000000,132.132202,-5.058381,704.140300,6.031812,13.357687,218.849106,218.276352,227.613302,7.965298,0.449355,8.299401,-1.325985,-0.648794,-0.702561,-4.011407,0.046291,0.002488,-0.000287,0.105000,0.105000,0.326023,83460.992188,1.021641,0.000000,0.000000,1.000000,1.000000,1.000000,1.000000,0.000000,0.000000,0.000000,-0.682916,18.439621
54.793655,3.000000,138.008499,-5.068127,704.073695,5.934949,13.138885,218.600861,218.040619,227.366717,7.982214,0.449497,8.317690,-1.327359,-0.650170,-0.699139,-4.165330,0.046770,0.002509,-0.000279,0.105000,0.105000,0.346527,83460.992188,1.023290,0.000000,0.000000,1.000000,1.000000,1.000000,1.000000,0.000000,0.000000,0.000000,-0.684983,18.220819
54.845941,3.000000,144.030029,-5.078071,704.004259,5.839490,12.914293,218.342087,217.799026,227.113963,8.000897,0.449627,8.337296,-1.327784,-0.651102,-0.695618,-4.323056,0.046894,0.002531,-0.000272,0.105000,0.105000,0.366516,83460.992188,1.025426,0.000000,0.000000,1.000000,1.000000,1.000000,1.000000,0.000000,0.000000,0.000000,-0.686100,17.996227
54.900064,3.000000,150.311874,-5.088395,703.932404,5.734022,12.679775,218.074158,217.546844,226.850265,8.021287,0.449745,8.358027,-1.327007,-0.651478,-0.691932,-4.487598,0.046813,0.002556,-0.000265,0.105000,0.105000,0.385242,83460.992188,1.027978,0.000000,0.000000,1.000000,1.000000,1.000000,1.000000,0.000000,0.000000,0.000000,-0.685996,17.761709
54.952645,3.000000,156.455048,-5.098444,703.862686,5.620557,12.450443,217.813904,217.300171,226.592276,8.042005,0.449845,8.378372,-1.324847,-0.651158,-0.688320,-4.648507,0.046522,0.002578,-0.000259,0.105000,0.105000,0.401251,83460.992188,1.030961,0.000000,0.000000,1.000000,1.000000,1.000000,1.000000,0.000000,0.000000,0.000000,-0.684461,17.112183
55.002784,3.000000,161.740036,-5.107049,703.796365,5.511304,12.253359,217.565353,217.087799,226.370206,8.062478,0.449917,8.397738,-1.321677,-0.650237,-0.685210,-4.786936,0.045605,0.002601,-0.000254,0.105000,0.105000,0.414191,83460.992188,1.033841,0.000000,0.000000,1.000000,1.000000,1.000000,1.000000,0.000000,0.000000,0.000000,-0.681475,16.915098
55.055555,3.000000,168.420288,-5.117877,703.726814,5.403150,12.004829,217.304031,216.819199,226.089438,8.084639,0.449975,8.417906,-1.315862,-0.648180,-0.681282,-4.961910,0.045252,0.002633,-0.000248,0.105000,0.105000,0.424985,83460.992188,1.037246,0.000000,0.000000,1.000000,1.000000,1.000000,1.000000,0.000000,0.000000,0.000000,-0.676656,16.666569
55.111930,3.000000,174.991837,-5.128471,703.652898,5.293409,11.761320,217.024460,216.554749,225.813030,8.108863,0.450019,8.439073,-1.308164,-0.645177,-0.677428,-5.134035,0.044281,0.002663,-0.000243,0.105000,0.105000,0.433368,83460.992188,1.040753,0.000000,0.000000,1.000000,1.000000,1.000000,1.000000,0.000000,0.000000,0.000000,-0.669638,16.423059
55.164362,3.000000,181.075180,-5.138230,703.584599,5.213575,11.537075,216.764587,216.309830,225.557043,8.131729,0.450044,8.458297,-1.299396,-0.641580,-0.673875,-5.293371,0.043243,0.002686,-0.000238,0.105000,0.105000,0.438223,83460.992188,1.043625,0.000000,0.000000,1.000000,1.000000,1.000000,1.000000,0.000000,0.000000,0.000000,-0.661510,15.719988
55.216259,3.000000,187.093079,-5.147836,703.517499,5.118665,11.316616,216.507278,216.067291,225.303622,8.154531,0.450052,8.476785,-1.289288,-0.637306,-0.670379,-5.450992,0.042160,0.002713,-0.000233,0.105000,0.105000,0.440271,83460.992188,1.046549,0.000000,0.000000,1.000000,1.000000,1.000000,1.000000,0.000000,0.000000,0.000000,-0.652043,15.499529
55.268511,3.000000,193.033249,-5.157272,703.450525,5.001722,11.100597,216.248138,215.827682,225.053300,8.177523,0.450046,8.494602,-1.277718,-0.632290,-0.666951,-5.606576,0.040925,0.002742,-0.000229,0.105000,0.105000,0.439644,83460.992188,1.049845,0.000000,0.000000,1.000000,1.000000,1.000000,1.000000,0.000000,0.000000,0.000000,-0.640859,15.283510
55.320382,3.000000,199.117355,-5.166890,703.384705,4.913221,10.881275,215.990753,215.582153,224.796809,8.200236,0.450021,8.511396,-1.264232,-0.626331,-0.663471,-5.765929,0.039673,0.002772,-0.000225,0.105000,0.105000,0.436351,83460.992188,1.052634,0.000000,0.000000,1.000000,1.000000,1.000000,1.000000,0.000000,0.000000,0.000000,-0.628193,14.660634
55.372438,3.000000,205.136063,-5.176358,703.319391,4.828931,10.666488,215.732391,215.339050,224.542928,8.222795,0.449986,8.527355,-1.249530,-0.619747,-0.660062,-5.923567,0.038376,0.002799,-0.000221,0.105000,0.105000,0.430549,83460.992188,1.055048,0.000000,0.000000,1.000000,1.000000,1.000000,1.000000,0.000000,0.000000,0.000000,-0.614182,14.445847
55.426254,3.000000,211.304474,-5.186012,703.252719,4.716077,10.448840,215.465225,215.089813,224.282626,8.245727,0.449934,8.542784,-1.233147,-0.612332,-0.656609,-6.085126,0.037024,0.002828,-0.000218,0.105000,0.105000,0.422147,83460.992188,1.057844,0.000000,0.000000,1.000000,1.000000,1.000000,1.000000,0.000000,0.000000,0.000000,-0.598365,14.228200
55.478571,3.000000,217.356918,-5.195436,703.188803,4.619703,10.237966,215.205627,214.845169,224.027129,8.267523,0.449866,8.556600,-1.215669,-0.604342,-0.653266,-6.243647,0.035672,0.002860,-0.000214,0.105000,0.105000,0.411775,83460.992188,1.060165,0.000000,0.000000,1.000000,1.000000,1.000000,1.000000,0.000000,0.000000,0.000000,-0.581638,14.017324
55.529912,3.000000,223.284348,-5.204620,703.127002,4.521253,10.034238,214.951019,214.605377,223.776807,8.288333,0.449785,8.568999,-1.197389,-0.595921,-0.650038,-6.398892,0.034342,0.002890,-0.000211,0.105000,0.105000,0.399643,83460.992188,1.062301,0.000000,0.000000,1.000000,1.000000,1.000000,1.000000,0.000000,0.000000,0.000000,-0.564099,13.426912
55.581615,3.000000,229.175766,-5.213701,703.065749,4.411390,9.834682,214.694672,214.367035,223.527983,8.308605,0.449686,8.580244,-1.178130,-0.586989,-0.646881,-6.553193,0.033008,0.002922,-0.000208,0.105000,0.105000,0.385646,83460.992188,1.064473,0.000000,0.000000,1.000000,1.000000,1.000000,1.000000,0.000000,0.000000,0.000000,-0.545353,13.227356
55.636797,3.000000,235.169540,-5.222894,703.001526,4.310316,9.634853,214.421082,214.124512,223.274814,8.329396,0.449567,8.590824,-1.157458,-0.577345,-0.643723,-6.710174,0.031635,0.002957,-0.000205,0.105000,0.105000,0.368919,83460.992188,1.066205,0.000000,0.000000,1.000000,1.000000,1.000000,1.000000,0.000000,0.000000,0.000000,-0.524239,13.027528
55.690603,3.000000,241.632446,-5.232753,702.940094,4.239393,9.423192,214.154709,213.862900,223.001787,8.348734,0.449435,8.599837,-1.134355,-0.566514,-0.640385,-6.879441,0.030271,0.002990,-0.000202,0.105000,0.105000,0.351092,83460.992188,1.067212,0.000000,0.000000,1.000000,1.000000,1.000000,1.000000,0.000000,0.000000,0.000000,-0.502960,12.815866
55.743833,3.000000,247.752106,-5.242038,702.880504,4.148939,9.226508,213.891571,213.615189,222.743265,8.366886,0.449294,8.607505,-1.111939,-0.555964,-0.637289,-7.039717,0.029067,0.003022,-0.000200,0.105000,0.105000,0.332311,83460.992188,1.068123,0.000000,0.000000,1.000000,1.000000,1.000000,1.000000,0.000000,0.000000,0.000000,-0.481416,12.159852
55.796287,3.000000,253.674576,-5.250977,702.822964,4.050245,9.039726,213.632721,213.375443,222.493076,8.383768,0.449141,8.613755,-1.089688,-0.545452,-0.634356,-7.194828,0.027956,0.003054,-0.000197,0.105000,0.105000,0.312924,83460.992188,1.069115,0.000000,0.000000,1.000000,1.000000,1.000000,1.000000,0.000000,0.000000,0.000000,-0.459635,11.973070
55.849408,3.000000,259.862885,-5.260267,702.765913,3.947156,8.848420,213.370972,213.125061,222.231780,8.399808,0.448974,8.618789,-1.065962,-0.534204,-0.631359,-7.356900,0.026821,0.003091,-0.000195,0.105000,0.105000,0.292612,83460.992188,1.069925,0.000000,0.000000,1.000000,1.000000,1.000000,1.000000,0.000000,0.000000,0.000000,-0.437155,11.781765
55.901130,3.000000,265.679443,-5.268952,702.711567,3.852613,8.672276,213.116623,212.889847,221.986294,8.414377,0.448798,8.622376,-1.043153,-0.523352,-0.628608,-7.509235,0.025795,0.003130,-0.000193,0.105000,0.105000,0.272238,83460.992188,1.070603,0.000000,0.000000,1.000000,1.000000,1.000000,1.000000,0.000000,0.000000,0.000000,-0.414779,11.605620
55.952878,3.000000,271.654419,-5.277828,702.658398,3.774549,8.495118,212.862717,212.648239,221.734222,8.427883,0.448607,8.624842,-1.019584,-0.512110,-0.625849,-7.665719,0.024804,0.003165,-0.000191,0.105000,0.105000,0.251484,83460.992188,1.070517,0.000000,0.000000,1.000000,1.000000,1.000000,1.000000,0.000000,0.000000,0.000000,-0.392340,11.002485
56.010081,3.000000,278.113434,-5.287369,702.601030,3.683424,8.307950,212.582535,212.387222,221.461892,8.441554,0.448390,8.626304,-0.994118,-0.499933,-0.622944,-7.834879,0.023864,0.003203,-0.000188,0.105000,0.105000,0.228448,83460.992188,1.070265,0.000000,0.000000,1.000000,1.000000,1.000000,1.000000,0.000000,0.000000,0.000000,-0.367585,10.815317
56.061841,3.000000,284.012146,-5.296035,702.550373,3.628004,8.140917,212.330048,212.149063,221.213365,8.452795,0.448180,8.626595,-0.971029,-0.488871,-0.620361,-7.989364,0.023111,0.003237,-0.000187,0.105000,0.105000,0.207610,83460.992188,1.069274,0.000000,0.000000,1.000000,1.000000,1.000000,1.000000,0.000000,0.000000,0.000000,-0.345433,10.648284
56.114115,3.000000,289.946716,-5.304707,702.500402,3.578443,7.976585,212.075836,211.909561,220.963444,8.463064,0.447964,8.626130,-0.948429,-0.478033,-0.617829,-8.144787,0.022547,0.003268,-0.000185,0.105000,0.105000,0.187009,83460.992188,1.067758,0.000000,0.000000,1.000000,1.000000,1.000000,1.000000,0.000000,0.000000,0.000000,-0.323753,10.483953
56.171651,3.000000,296.391785,-5.314073,702.446735,3.518323,7.802210,211.796646,211.649734,220.692300,8.473141,0.447725,8.624867,-0.924815,-0.466705,-0.615153,-8.313580,0.022155,0.003300,-0.000184,0.105000,0.105000,0.165341,83460.992188,1.065829,0.000000,0.000000,1.000000,1.000000,1.000000,1.000000,0.000000,0.000000,0.000000,-0.300886,10.078100
56.223583,3.000000,302.378235,-5.322724,702.399438,3.456678,7.643886,211.545883,211.408585,220.440674,8.481205,0.447508,8.623131,-0.903789,-0.456615,-0.612733,-8.470360,0.021900,0.003333,-0.000183,0.105000,0.105000,0.146867,83460.992188,1.064115,0.000000,0.000000,1.000000,1.000000,1.000000,1.000000,0.000000,0.000000,0.000000,-0.281158,9.919776
56.274769,3.000000,308.142242,-5.331010,702.353837,3.417860,7.494625,211.299576,211.176636,220.198628,8.488244,0.447291,8.620994,-0.884476,-0.447349,-0.610459,-8.621314,0.021823,0.003364,-0.000182,0.105000,0.105000,0.129872,83460.992188,1.061724,0.000000,0.000000,1.000000,1.000000,1.000000,1.000000,0.000000,0.000000,0.000000,-0.262713,9.770514
56.327028,3.000000,314.040070,-5.339443,702.308265,3.372510,7.344958,211.049011,210.939545,219.951228,8.494573,0.447073,8.618533,-0.865872,-0.438433,-0.608188,-8.775773,0.021892,0.003395,-0.000181,0.105000,0.105000,0.113990,83460.992188,1.059237,0.000000,0.000000,1.000000,1.000000,1.000000,1.000000,0.000000,0.000000,0.000000,-0.245069,9.620848
56.377875,3.000000,319.829987,-5.347679,702.264814,3.333509,7.200844,210.806168,210.707123,219.708603,8.499979,0.446860,8.616010,-0.848857,-0.430292,-0.606008,-8.927404,0.022098,0.003420,-0.000181,0.105000,0.105000,0.100111,83460.992188,1.056645,0.000000,0.000000,1.000000,1.000000,1.000000,1.000000,0.000000,0.000000,0.000000,-0.229164,9.399744
56.433160,3.000000,326.045898,-5.356472,702.218492,3.289991,7.048995,210.543060,210.457840,219.448434,8.505111,0.446633,8.613281,-0.832100,-0.422298,-0.603718,-9.090193,0.022495,0.003451,-0.000181,0.105000,0.105000,0.086969,83460.992188,1.053730,0.000000,0.000000,1.000000,1.000000,1.000000,1.000000,0.000000,0.000000,0.000000,-0.213411,9.247895
56.485395,3.000000,331.820892,-5.364599,702.175528,3.249464,6.910336,210.295593,210.226578,219.207055,8.509351,0.446422,8.610767,-0.817839,-0.415518,-0.601632,-9.241432,0.022969,0.003479,-0.000181,0.105000,0.105000,0.076487,83460.992188,1.050989,0.000000,0.000000,1.000000,1.000000,1.000000,1.000000,0.000000,0.000000,0.000000,-0.199885,9.109236
56.537618,3.000000,337.736389,-5.372880,702.133280,3.215101,6.770498,210.049118,209.989990,218.960100,8.513089,0.446211,8.608506,-0.804707,-0.409308,-0.599534,-9.396352,0.023561,0.003508,-0.000181,0.105000,0.105000,0.067943,83460.992188,1.047952,0.000000,0.000000,1.000000,1.000000,1.000000,1.000000,0.000000,0.000000,0.000000,-0.187875,8.969398
56.589987,3.000000,343.725281,-5.381218,702.091548,3.166700,6.630933,209.802979,209.750793,218.710401,8.516450,0.446006,8.606510,-0.792802,-0.403713,-0.597444,-9.553192,0.024235,0.003538,-0.000181,0.105000,0.105000,0.061340,83460.992188,1.045459,0.000000,0.000000,1.000000,1.000000,1.000000,1.000000,0.000000,0.000000,0.000000,-0.177147,8.916679
56.643711,3.000000,349.702087,-5.389495,702.049326,3.115552,6.493443,209.551544,209.512451,218.461578,8.519592,0.445800,8.604801,-0.782201,-0.398768,-0.595389,-9.709716,0.024947,0.003570,-0.000181,0.105000,0.105000,0.056507,83460.992188,1.043019,0.000000,0.000000,1.000000,1.000000,1.000000,1.000000,0.000000,0.000000,0.000000,-0.167434,8.779189
56.695498,3.000000,355.531555,-5.397525,702.009127,3.080396,6.360863,209.310165,209.280304,218.219190,8.522429,0.445599,8.603595,-0.773097,-0.394565,-0.593409,-9.862381,0.025681,0.003598,-0.000182,0.105000,0.105000,0.053619,83460.992188,1.040383,0.000000,0.000000,1.000000,1.000000,1.000000,1.000000,0.000000,0.000000,0.000000,-0.159335,8.646608
56.748963,3.000000,361.520355,-5.405731,701.968070,3.044874,6.225996,209.061844,209.042084,217.970500,8.525248,0.445395,8.602931,-0.765111,-0.390935,-0.591396,-10.019217,0.026501,0.003625,-0.000183,0.105000,0.105000,0.052391,83460.992188,1.037718,0.000000,0.000000,1.000000,1.000000,1.000000,1.000000,0.000000,0.000000,0.000000,-0.152342,8.529986
56.800954,3.000000,367.286102,-5.413590,701.928509,2.999036,6.097216,208.821350,208.813080,217.731390,8.527976,0.445201,8.602886,-0.758646,-0.388057,-0.589474,-10.170213,0.027313,0.003652,-0.000183,0.105000,0.105000,0.052876,83460.992188,1.035556,0.000000,0.000000,1.000000,1.000000,1.000000,1.000000,0.000000,0.000000,0.000000,-0.146757,8.401207
56.853705,3.000000,373.134644,-5.421521,701.888680,2.951185,5.967471,208.578171,208.581161,217.489166,8.530813,0.445004,8.603376,-0.753024,-0.385610,-0.587536,-10.323376,0.028095,0.003683,-0.000184,0.105000,0.105000,0.054864,83460.992188,1.033714,0.000000,0.000000,1.000000,1.000000,1.000000,1.000000,0.000000,0.000000,0.000000,-0.142018,8.271461
56.906463,3.000000,379.072266,-5.429530,701.849110,2.916517,5.836501,208.335861,208.345917,217.243575,8.533789,0.444808,8.604542,-0.748347,-0.383649,-0.585580,-10.478870,0.028916,0.003711,-0.000185,0.105000,0.105000,0.058175,83460.992188,1.031595,0.000000,0.000000,1.000000,1.000000,1.000000,1.000000,0.000000,0.000000,0.000000,-0.138328,8.140491
56.958310,3.000000,384.862701,-5.437300,701.810424,2.879896,5.709329,208.098511,208.116882,217.004362,8.536922,0.444618,8.606411,-0.744818,-0.382261,-0.583677,-10.630511,0.029724,0.003739,-0.000185,0.105000,0.105000,0.062658,83460.992188,1.029647,0.000000,0.000000,1.000000,1.000000,1.000000,1.000000,0.000000,0.000000,0.000000,-0.135721,7.973631
57.010135,3.000000,390.619049,-5.444985,701.771907,2.841016,5.583287,207.862061,207.889420,216.766824,8.540313,0.444429,8.608965,-0.742163,-0.381316,-0.581789,-10.781259,0.030501,0.003764,-0.000186,0.105000,0.105000,0.068225,83460.992188,1.028120,0.000000,0.000000,1.000000,1.000000,1.000000,1.000000,0.000000,0.000000,0.000000,-0.133942,7.847590
57.062153,3.000000,396.398102,-5.452660,701.733356,2.802076,5.456996,207.625504,207.661331,216.528633,8.544035,0.444242,8.612243,-0.740281,-0.380767,-0.579893,-10.932600,0.031262,0.003794,-0.000187,0.105000,0.105000,0.074756,83460.992188,1.026653,0.000000,0.000000,1.000000,1.000000,1.000000,1.000000,0.000000,0.000000,0.000000,-0.132938,7.721299
57.116704,3.000000,402.458008,-5.460665,701.693007,2.772962,5.324699,207.377991,207.422440,216.279098,8.548327,0.444045,8.616449,-0.739039,-0.380566,-0.577903,-11.091296,0.032032,0.003822,-0.000188,0.105000,0.105000,0.082430,83460.992188,1.025018,0.000000,0.000000,1.000000,1.000000,1.000000,1.000000,0.000000,0.000000,0.000000,-0.132622,7.589001
57.170521,3.000000,408.390045,-5.468460,701.653236,2.732618,5.195189,207.134537,207.188797,216.035109,8.552995,0.443852,8.621461,-0.738662,-0.380802,-0.575949,-11.246643,0.032773,0.003846,-0.000189,0.105000,0.105000,0.090806,83460.992188,1.023685,0.000000,0.000000,1.000000,1.000000,1.000000,1.000000,0.000000,0.000000,0.000000,-0.133143,7.472241
57.222941,3.000000,414.254852,-5.476125,701.614501,2.684156,5.067028,206.898041,206.958115,215.794190,8.557989,0.443663,8.626981,-0.738720,-0.381257,-0.574010,-11.400229,0.033469,0.003878,-0.000190,0.105000,0.105000,0.099571,83460.992188,1.023048,0.000000,0.000000,1.000000,1.000000,1.000000,1.000000,0.000000,0.000000,0.000000,-0.134018,7.344080
57.278209,3.000000,420.376343,-5.484082,701.573647,2.629957,4.933074,206.649216,206.717621,215.542934,8.563767,0.443460,8.633434,-0.739045,-0.381870,-0.571977,-11.560537,0.034067,0.003911,-0.000190,0.105000,0.105000,0.109114,83460.992188,1.022786,0.000000,0.000000,1.000000,1.000000,1.000000,1.000000,0.000000,0.000000,0.000000,-0.135174,7.210126
57.333526,3.000000,426.400848,-5.491870,701.532731,2.600599,4.801025,206.400711,206.481110,215.295904,8.570085,0.443252,8.640570,-0.739583,-0.382586,-0.569967,-11.718306,0.034509,0.003941,-0.000191,0.105000,0.105000,0.118825,83460.992188,1.021882,0.000000,0.000000,1.000000,1.000000,1.000000,1.000000,0.000000,0.000000,0.000000,-0.136601,7.078077
57.388259,3.000000,432.487091,-5.499696,701.492201,2.575086,4.667334,206.155350,206.242386,215.046547,8.576864,0.443046,8.648395,-0.740584,-0.383548,-0.567925,-11.877689,0.035045,0.003967,-0.000192,0.105000,0.105000,0.128494,83460.992188,1.020996,0.000000,0.000000,1.000000,1.000000,1.000000,1.000000,0.000000,0.000000,0.000000,-0.138465,6.882369
57.440962,3.000000,438.395264,-5.507251,701.453107,2.542127,4.537202,205.919540,206.010803,214.804649,8.583897,0.442849,8.656633,-0.741967,-0.384697,-0.565930,-12.032410,0.035601,0.003991,-0.000193,0.105000,0.105000,0.137908,83460.992188,1.020431,0.000000,0.000000,1.000000,1.000000,1.000000,1.000000,0.000000,0.000000,0.000000,-0.140639,6.752237
57.494315,3.000000,444.291687,-5.514750,701.413449,2.512525,4.406923,205.681091,205.779892,214.563463,8.591519,0.442647,8.665610,-0.743614,-0.385984,-0.563927,-12.186823,0.036079,0.004016,-0.000194,0.105000,0.105000,0.147446,83460.992188,1.019941,0.000000,0.000000,1.000000,1.000000,1.000000,1.000000,0.000000,0.000000,0.000000,-0.143096,6.621958
57.545495,3.000000,449.890289,-5.521832,701.375318,2.467176,4.282813,205.452820,205.560822,214.334616,8.599313,0.442450,8.674754,-0.745308,-0.387277,-0.562011,-12.333436,0.036443,0.004045,-0.000194,0.105000,0.105000,0.156592,83460.992188,1.020018,0.000000,0.000000,1.000000,1.000000,1.000000,1.000000,0.000000,0.000000,0.000000,-0.145540,6.497848
57.596207,3.000000,455.500183,-5.528893,701.337455,2.422010,4.158058,205.226974,205.341446,214.105472,8.607489,0.442250,8.684153,-0.746814,-0.388474,-0.560079,-12.480344,0.036744,0.004078,-0.000195,0.105000,0.105000,0.165408,83460.992188,1.020423,0.000000,0.000000,1.000000,1.000000,1.000000,1.000000,0.000000,0.000000,0.000000,-0.147742,6.490988
57.647812,3.000000,461.203827,-5.536033,701.298856,2.374280,4.030850,204.997253,205.118530,213.872605,8.616261,0.442041,8.694066,-0.748141,-0.389588,-0.558103,-12.629707,0.036968,0.004109,-0.000195,0.105000,0.105000,0.173943,83460.992188,1.020922,0.000000,0.000000,1.000000,1.000000,1.000000,1.000000,0.000000,0.000000,0.000000,-0.149775,6.363780
57.699138,3.000000,466.825531,-5.543034,701.260412,2.309522,3.905157,204.769058,204.898956,213.643254,8.625400,0.441821,8.704050,-0.748957,-0.390432,-0.556145,-12.776925,0.037012,0.004146,-0.000195,0.105000,0.105000,0.181842,83460.992188,1.022285,0.000000,0.000000,1.000000,1.000000,1.000000,1.000000,0.000000,0.000000,0.000000,-0.151240,6.238087
57.750008,3.000000,472.382263,-5.549918,701.222294,2.241651,3.780720,204.543045,204.682022,213.416676,8.634839,0.441591,8.713923,-0.749015,-0.390876,-0.554200,-12.922441,0.036872,0.004185,-0.000195,0.105000,0.105000,0.188808,83460.992188,1.023996,0.000000,0.000000,1.000000,1.000000,1.000000,1.000000,0.000000,0.000000,0.000000,-0.151911,6.113649
57.803009,3.000000,478.104645,-5.556970,701.182613,2.158948,3.652521,204.307663,204.458817,213.183557,8.645020,0.441332,8.723968,-0.748023,-0.390786,-0.552191,-13.072294,0.036478,0.004232,-0.000195,0.105000,0.105000,0.194792,83460.992188,1.026422,0.000000,0.000000,1.000000,1.000000,1.000000,1.000000,0.000000,0.000000,0.000000,-0.151484,5.757239
57.855466,3.000000,483.843964,-5.564004,701.143437,2.078016,3.524096,204.074860,204.235092,212.949905,8.655361,0.441058,8.733495,-0.745750,-0.390026,-0.550175,-13.222590,0.035920,0.004281,-0.000195,0.105000,0.105000,0.199126,83460.992188,1.028911,0.000000,0.000000,1.000000,1.000000,1.000000,1.000000,0.000000,0.000000,0.000000,-0.149768,5.628814
57.908626,3.000000,489.677704,-5.571115,701.103913,1.989210,3.393958,203.839111,204.007813,212.712575,8.666022,0.440754,8.742501,-0.741899,-0.388445,-0.548129,-13.375360,0.035131,0.004335,-0.000194,0.105000,0.105000,0.201576,83460.992188,1.032108,0.000000,0.000000,1.000000,1.000000,1.000000,1.000000,0.000000,0.000000,0.000000,-0.146444,5.498676
57.962777,3.000000,495.609344,-5.578304,701.063920,1.933729,3.262339,203.599106,203.776840,212.471404,8.676947,0.440422,8.750977,-0.736426,-0.386017,-0.546058,-13.530692,0.034141,0.004381,-0.000193,0.105000,0.105000,0.201820,83460.992188,1.034177,0.000000,0.000000,1.000000,1.000000,1.000000,1.000000,0.000000,0.000000,0.000000,-0.141607,5.367057
58.015171,3.000000,501.386597,-5.585267,701.025542,1.875623,3.135035,203.367203,203.552002,212.236610,8.687470,0.440086,8.758614,-0.730090,-0.383119,-0.544054,-13.681982,0.033183,0.004423,-0.000192,0.105000,0.105000,0.199981,83460.992188,1.036112,0.000000,0.000000,1.000000,1.000000,1.000000,1.000000,0.000000,0.000000,0.000000,-0.135953,4.789534
58.066967,3.000000,506.974030,-5.591963,700.987965,1.791700,3.012930,203.138199,203.334610,212.009705,8.697725,0.439735,8.765310,-0.722718,-0.379657,-0.542133,-13.828300,0.032097,0.004473,-0.000191,0.105000,0.105000,0.196188,83460.992188,1.039045,0.000000,0.000000,1.000000,1.000000,1.000000,1.000000,0.000000,0.000000,0.000000,-0.129037,4.667429
58.118463,3.000000,512.581970,-5.598647,700.951044,1.727857,2.891639,202.910431,203.116608,211.782089,8.707671,0.439363,8.770953,-0.713840,-0.375396,-0.540225,-13.975156,0.030898,0.004525,-0.000190,0.105000,0.105000,0.190309,83460.992188,1.041453,0.000000,0.000000,1.000000,1.000000,1.000000,1.000000,0.000000,0.000000,0.000000,-0.120720,4.546138
58.171395,3.000000,518.283142,-5.605405,700.913610,1.663892,2.769835,202.676941,202.895050,211.550869,8.717520,0.438959,8.775754,-0.703621,-0.370427,-0.538312,-14.124453,0.029615,0.004575,-0.000189,0.105000,0.105000,0.182178,83460.992188,1.043474,0.000000,0.000000,1.000000,1.000000,1.000000,1.000000,0.000000,0.000000,0.000000,-0.111001,3.979044
58.223548,3.000000,524.017273,-5.612163,700.877296,1.610792,2.649062,202.447159,202.672363,211.318432,8.726742,0.438540,8.779487,-0.692329,-0.364883,-0.536420,-14.274611,0.028377,0.004622,-0.000187,0.105000,0.105000,0.172217,83460.992188,1.045024,0.000000,0.000000,1.000000,1.000000,1.000000,1.000000,0.000000,0.000000,0.000000,-0.100473,3.858270
58.278846,3.000000,529.922913,-5.619082,700.839467,1.521558,2.526667,202.203842,202.443161,211.079219,8.735896,0.438077,8.782215,-0.679660,-0.358612,-0.534507,-14.429262,0.027064,0.004679,-0.000185,0.105000,0.105000,0.159753,83460.992188,1.047797,0.000000,0.000000,1.000000,1.000000,1.000000,1.000000,0.000000,0.000000,0.000000,-0.088181,3.735876
58.333068,3.000000,535.899719,-5.626043,700.803113,1.469190,2.405091,201.965744,202.211365,210.837336,8.744154,0.437597,8.783529,-0.665514,-0.351551,-0.532613,-14.585776,0.025700,0.004737,-0.000184,0.105000,0.105000,0.145645,83460.992188,1.049045,0.000000,0.000000,1.000000,1.000000,1.000000,1.000000,0.000000,0.000000,0.000000,-0.074944,3.614300
58.385981,3.000000,541.558716,-5.632596,700.768393,1.387464,2.292272,201.733932,201.992096,210.608548,8.751422,0.437109,8.783510,-0.651247,-0.344388,-0.530862,-14.733968,0.024417,0.004792,-0.000182,0.105000,0.105000,0.130244,83460.992188,1.051342,0.000000,0.000000,1.000000,1.000000,1.000000,1.000000,0.000000,0.000000,0.000000,-0.061084,3.131109
58.438647,3.000000,547.257690,-5.639158,700.734636,1.308790,2.181110,201.503738,201.771606,210.378440,8.757805,0.436598,8.781977,-0.635641,-0.336504,-0.529146,-14.883205,0.023047,0.004858,-0.000180,0.105000,0.105000,0.113308,83460.992188,1.053479,0.000000,0.000000,1.000000,1.000000,1.000000,1.000000,0.000000,0.000000,0.000000,-0.046070,3.019947
58.492412,3.000000,553.088074,-5.645831,700.701062,1.249036,2.070146,201.269318,201.546158,210.143260,8.763351,0.436048,8.778919,-0.618632,-0.327866,-0.527442,-15.035885,0.021628,0.004923,-0.000178,0.105000,0.105000,0.094440,83460.992188,1.054706,0.000000,0.000000,1.000000,1.000000,1.000000,1.000000,0.000000,0.000000,0.000000,-0.029790,2.908983
58.548713,3.000000,559.156128,-5.652733,700.666903,1.187940,1.957779,201.024521,201.311829,209.898767,8.768029,0.435453,8.774305,-0.600372,-0.318559,-0.525729,-15.194788,0.020272,0.004982,-0.000176,0.105000,0.105000,0.073307,83460.992188,1.055436,0.000000,0.000000,1.000000,1.000000,1.000000,1.000000,0.000000,0.000000,0.000000,-0.012251,2.796616
58.605226,3.000000,565.041809,-5.659388,700.633670,1.114820,1.851912,200.779587,201.084793,209.661926,8.771494,0.434839,8.768122,-0.582130,-0.309229,-0.524128,-15.348915,0.019079,0.005047,-0.000174,0.105000,0.105000,0.050942,83460.992188,1.056505,0.000000,0.000000,1.000000,1.000000,1.000000,1.000000,0.000000,0.000000,0.000000,0.005926,2.185631
58.655705,3.000000,570.601440,-5.665636,700.604907,1.049085,1.754852,200.561554,200.870697,209.438581,8.773496,0.434270,8.761222,-0.564370,-0.300115,-0.522672,-15.494503,0.017926,0.005109,-0.000172,0.105000,0.105000,0.030209,83460.992188,1.057368,0.000000,0.000000,1.000000,1.000000,1.000000,1.000000,0.000000,0.000000,0.000000,0.022649,2.088571
58.711083,3.000000,576.642517,-5.672385,700.574378,0.971204,1.652710,200.323380,200.638428,209.196268,8.774466,0.433623,8.752099,-0.544473,-0.289870,-0.521154,-15.652699,0.016699,0.005184,-0.000170,0.105000,0.105000,0.006621,83460.992188,1.058475,0.000000,0.000000,1.000000,1.000000,1.000000,1.000000,0.000000,0.000000,0.000000,0.041577,1.986429
58.763615,3.000000,582.197754,-5.678554,700.546435,0.924024,1.561935,200.098495,200.425171,208.973827,8.774160,0.432986,8.742085,-0.525834,-0.280245,-0.519820,-15.798173,0.015687,0.005247,-0.000168,0.105000,0.105000,-0.016422,83460.992188,1.057926,0.000000,0.000000,1.000000,1.000000,1.000000,1.000000,0.000000,0.000000,0.000000,0.059739,1.895654
58.821004,3.000000,588.361633,-5.685358,700.517042,0.874403,1.464785,199.853745,200.188934,208.727436,8.772431,0.432275,8.729834,-0.505306,-0.269623,-0.518410,-15.959584,0.014701,0.005315,-0.000166,0.105000,0.105000,-0.041789,83460.992188,1.057083,0.000000,0.000000,1.000000,1.000000,1.000000,1.000000,0.000000,0.000000,0.000000,0.079385,1.489161
58.875157,3.000000,594.183777,-5.691745,700.490360,0.806104,1.376392,199.624084,199.966263,208.495133,8.769472,0.431597,8.717220,-0.486474,-0.259863,-0.517145,-16.112047,0.014005,0.005375,-0.000165,0.105000,0.105000,-0.065602,83460.992188,1.056692,0.000000,0.000000,1.000000,1.000000,1.000000,1.000000,0.000000,0.000000,0.000000,0.097367,1.400768
58.932357,3.000000,600.295715,-5.698409,700.463279,0.747388,1.287083,199.382675,199.732971,208.251797,8.764955,0.430865,8.702561,-0.466816,-0.249654,-0.515884,-16.272097,0.013341,0.005449,-0.000163,0.105000,0.105000,-0.090381,83460.992188,1.055717,0.000000,0.000000,1.000000,1.000000,1.000000,1.000000,0.000000,0.000000,0.000000,0.116208,1.311459
58.988840,3.000000,606.236023,-5.704846,700.437625,0.674573,1.203653,199.145599,199.506714,208.015801,8.759116,0.430129,8.686882,-0.448076,-0.239904,-0.514726,-16.427654,0.012842,0.005523,-0.000162,0.105000,0.105000,-0.114383,83460.992188,1.055333,0.000000,0.000000,1.000000,1.000000,1.000000,1.000000,0.000000,0.000000,0.000000,0.134449,0.803808
59.044301,3.000000,612.265015,-5.711339,700.413476,0.615430,1.122351,198.913818,199.277649,207.776854,8.752078,0.429387,8.670409,-0.429465,-0.230204,-0.513617,-16.585533,0.012327,0.005598,-0.000161,0.105000,0.105000,-0.137223,83460.992188,1.054241,0.000000,0.000000,1.000000,1.000000,1.000000,1.000000,0.000000,0.000000,0.000000,0.151891,0.722506
59.098908,3.000000,618.118835,-5.717607,700.390663,0.563550,1.046533,198.687424,199.055756,207.545412,8.743936,0.428641,8.653219,-0.411833,-0.220999,-0.512601,-16.738823,0.011958,0.005669,-0.000160,0.105000,0.105000,-0.159191,83460.992188,1.052627,0.000000,0.000000,1.000000,1.000000,1.000000,1.000000,0.000000,0.000000,0.000000,0.168577,0.646688
59.149424,3.000000,623.447937,-5.723280,700.370385,0.518140,0.980121,198.479141,198.854218,207.335206,8.735353,0.427943,8.636733,-0.396621,-0.213052,-0.511728,-16.878374,0.011820,0.005729,-0.000159,0.105000,0.105000,-0.178619,83460.992188,1.050785,0.000000,0.000000,1.000000,1.000000,1.000000,1.000000,0.000000,0.000000,0.000000,0.183117,0.580277
59.203069,3.000000,629.213745,-5.729383,700.349661,0.481458,0.910888,198.259415,198.636749,207.108332,8.725199,0.427198,8.618756,-0.381211,-0.204998,-0.510835,-17.029362,0.011815,0.005790,-0.000158,0.105000,0.105000,-0.198124,83460.992188,1.048122,0.000000,0.000000,1.000000,1.000000,1.000000,1.000000,0.000000,0.000000,0.000000,0.197458,0.107187
59.257011,4.000000,634.875000,-5.735365,700.330028,0.472974,0.000000,198.039871,198.408875,206.870734,8.713130,0.420540,8.592022,-0.348296,-0.187513,-0.492278,-17.177608,0.071263,-0.002822,0.074954,1.000000,0.146331,-0.236844,83460.992188,0.983937,1.000000,0.000000,1.000000,1.000000,1.000000,1.000000,1.000000,0.000000,0.000000,0.224501,0.042643
59.310994,4.000000,640.681396,-5.741800,700.310475,0.450880,0.000000,197.821396,198.174896,206.626523,8.702911,0.394336,8.590023,-0.365547,-0.197033,-0.492860,-17.329659,0.058730,0.011544,0.065701,1.000000,0.234019,-0.155088,83460.992188,1.018510,1.000000,0.000000,1.000000,1.000000,1.000000,1.000000,1.000000,0.000000,0.000000,0.209123,0.000000
59.364565,4.000000,646.359619,-5.748434,700.290889,0.460889,0.000000,197.605560,197.930008,206.370996,8.696183,0.361635,8.582743,-0.364676,-0.196807,-0.493470,-17.478352,0.049744,0.015849,0.055840,1.000000,0.312127,-0.100040,83460.992188,1.028986,1.000000,0.000000,1.000000,1.000000,1.000000,1.000000,1.000000,0.000000,0.000000,0.210033,0.000000
59.417986,4.000000,652.054626,-5.755370,700.271505,0.456678,0.000000,197.390961,197.682236,206.112488,8.692173,0.331216,8.576895,-0.361214,-0.195184,-0.494089,-17.627483,0.041158,0.013830,0.047438,1.000000,0.382085,-0.053673,83460.992188,1.040299,1.000000,0.000000,1.000000,1.000000,1.000000,1.000000,1.000000,0.000000,0.000000,0.213312,0.000000
59.471047,4.000000,657.638489,-5.762396,700.252709,0.462598,0.000000,197.178085,197.431229,205.850643,8.690194,0.303304,8.568598,-0.349297,-0.188984,-0.494718,-17.773705,0.034353,0.013999,0.039631,1.000000,0.444525,-0.022502,83460.992188,1.042326,1.000000,0.000000,1.000000,1.000000,1.000000,1.000000,1.000000,0.000000,0.000000,0.224845,0.000000
59.523687,4.000000,663.151733,-5.769511,700.234526,0.468091,0.000000,196.966904,197.189133,205.598112,8.689965,0.281155,8.566306,-0.343251,-0.185941,-0.495325,-17.918077,0.025847,0.005923,0.034417,1.000000,0.500232,0.013369,83460.992188,1.021343,0.000000,0.000000,1.000000,1.000000,1.000000,1.000000,1.000000,0.000000,0.000000,0.228494,0.000000
59.578278,4.000000,668.946716,-5.777145,700.215944,0.465528,0.000000,196.747467,196.936111,205.334117,8.691497,0.264493,8.563310,-0.336500,-0.182518,-0.495962,-18.069826,0.018269,0.004427,0.030115,1.000000,0.552116,0.038599,83460.992188,1.054040,1.000000,0.000000,1.000000,1.000000,1.000000,1.000000,1.000000,0.000000,0.000000,0.236658,0.000000
59.631549,4.000000,674.505737,-5.784592,700.198528,0.453992,0.000000,196.532913,196.685181,205.072391,8.693892,0.249089,8.558238,-0.322023,-0.174889,-0.496595,-18.215397,0.012326,0.003277,0.026158,1.000000,0.597545,0.052387,83460.992188,1.047984,1.000000,0.000000,1.000000,1.000000,1.000000,1.000000,1.000000,0.000000,0.000000,0.250203,0.000000
59.682608,4.000000,679.833313,-5.791819,700.182511,0.449964,0.000000,196.326416,196.446289,204.823255,8.696851,0.237429,8.554497,-0.309708,-0.168406,-0.497199,-18.354908,0.006525,0.000630,0.023426,1.000000,0.636774,0.063572,83460.992188,1.055963,1.000000,0.000000,1.000000,1.000000,1.000000,1.000000,1.000000,0.000000,0.000000,0.262306,0.000000
59.740894,4.000000,685.963135,-5.800220,700.165115,0.439954,0.000000,196.089798,196.166824,204.531824,8.700709,0.226185,8.548776,-0.292181,-0.159101,-0.497907,-18.515425,0.000876,0.000700,0.020784,1.000000,0.676899,0.068505,83460.992188,1.065736,1.000000,0.000000,1.000000,1.000000,1.000000,1.000000,1.000000,0.000000,0.000000,0.279616,0.000000
59.798353,4.000000,692.030334,-5.808606,700.149168,0.442213,0.000000,195.855423,195.883163,204.235958,8.704553,0.214817,8.541213,-0.270431,-0.147471,-0.498629,-18.674303,-0.004007,0.000933,0.018390,1.000000,0.712112,0.067843,83460.992188,1.064265,1.000000,0.000000,1.000000,1.000000,1.000000,1.000000,1.000000,0.000000,0.000000,0.300213,0.000000
59.850547,4.000000,697.579163,-5.816319,700.135695,0.444776,0.204929,195.641495,195.622818,203.964459,8.708039,0.206047,8.535820,-0.252631,-0.137948,-0.503661,-18.819607,-0.009052,-0.001752,0.016934,1.000000,0.740750,0.069330,83460.992188,1.053249,0.000000,0.000000,1.000000,1.000000,1.000000,1.000000,1.000000,0.000000,0.000000,0.316152,0.000000
59.906302,4.000000,703.284546,-5.824281,700.122143,0.441419,0.161130,195.411514,195.356110,203.686360,8.711969,0.200647,8.531768,-0.238068,-0.130173,-0.503413,-18.969009,-0.015076,-0.004976,0.015971,1.000000,0.768209,0.072827,83460.992188,1.056641,0.000000,0.000000,1.000000,1.000000,1.000000,1.000000,1.000000,0.000000,0.000000,0.330386,0.000000
59.959700,4.000000,708.976013,-5.832246,700.109983,0.465345,0.120098,195.189957,195.085815,203.404495,8.715830,0.197482,8.527520,-0.222503,-0.121831,-0.503234,-19.118048,-0.020465,-0.006314,0.015124,1.000000,0.791773,0.073297,83460.992188,1.057587,0.000000,0.000000,1.000000,1.000000,1.000000,1.000000,1.000000,0.000000,0.000000,0.344827,0.000000
60.013170,4.000000,713.796204,-5.839004,700.098630,0.480115,0.087482,194.966125,194.853653,203.162344,8.719660,0.195395,8.523286,-0.209372,-0.114778,-0.503136,-19.244270,-0.025587,-0.007204,0.014351,1.000000,0.812989,0.071867,83460.992188,1.057857,0.000000,0.000000,1.000000,1.000000,1.000000,1.000000,1.000000,0.000000,0.000000,0.359137,0.000000
60.064708,4.000000,719.958801,-5.847646,700.088453,0.475965,0.048657,194.749420,194.552414,202.848223,8.723229,0.194126,8.518905,-0.192374,-0.105623,-0.503083,-19.405647,-0.030189,-0.007901,0.013709,1.000000,0.831370,0.068540,83460.992188,1.059698,0.000000,0.000000,1.000000,1.000000,1.000000,1.000000,1.000000,0.000000,0.000000,0.373214,0.000000
60.115889,4.000000,725.325134,-5.855166,700.079125,0.469129,0.017526,194.532745,194.286285,202.570717,8.726560,0.193466,8.513982,-0.176889,-0.097254,-0.503104,-19.546171,-0.034449,-0.008532,0.013124,1.000000,0.847835,0.063752,83460.992188,1.061141,0.000000,0.000000,1.000000,1.000000,1.000000,1.000000,1.000000,0.000000,0.000000,0.387799,0.000000
60.174706,4.000000,731.133057,-5.863289,700.069389,0.490430,0.000000,194.281448,193.994217,202.266146,8.730047,0.193375,8.508019,-0.160029,-0.088117,-0.503484,-19.698259,-0.039041,-0.009238,0.012515,1.000000,0.864789,0.057161,83460.992188,1.060295,0.000000,0.000000,1.000000,1.000000,1.000000,1.000000,1.000000,0.000000,0.000000,0.404440,0.000000
60.228840,4.000000,737.028748,-5.871507,700.061313,0.506299,0.000000,194.048309,193.693420,201.952499,8.732899,0.193874,8.502710,-0.143907,-0.079363,-0.504266,-19.852644,-0.043018,-0.009881,0.012025,1.000000,0.878715,0.050501,83460.992188,1.059246,0.000000,0.000000,1.000000,1.000000,1.000000,1.000000,1.000000,0.000000,0.000000,0.418729,0.000000
60.281635,4.000000,742.436768,-5.879012,700.054217,0.495618,0.000000,193.819061,193.413849,201.660964,8.735317,0.194855,8.497297,-0.129506,-0.071524,-0.504995,-19.994261,-0.046627,-0.010483,0.011591,1.000000,0.890912,0.043490,83460.992188,1.059809,0.000000,0.000000,1.000000,1.000000,1.000000,1.000000,1.000000,0.000000,0.000000,0.432388,0.000000
60.335892,4.000000,748.096619,-5.886824,700.047723,0.499647,0.000000,193.581390,193.117493,201.351958,8.737409,0.196323,8.491490,-0.114625,-0.063403,-0.505770,-20.142471,-0.050065,-0.011086,0.011194,1.000000,0.902172,0.036020,83460.992188,1.059013,0.000000,0.000000,1.000000,1.000000,1.000000,1.000000,1.000000,0.000000,0.000000,0.446105,0.000000
60.387942,4.000000,753.466370,-5.894187,700.042228,0.482374,0.000000,193.351410,192.833008,201.055292,8.739030,0.198135,8.485681,-0.100866,-0.055874,-0.506516,-20.283085,-0.053097,-0.011647,0.010852,1.000000,0.911878,0.028753,83460.992188,1.059332,0.000000,0.000000,1.000000,1.000000,1.000000,1.000000,1.000000,0.000000,0.000000,0.458958,0.000000
60.439478,4.000000,758.723022,-5.901326,700.040420,0.453504,0.000000,193.121628,192.442673,200.648377,8.736897,0.159767,8.402113,0.022781,0.012645,-0.507544,-20.420736,-0.035413,0.086585,-0.000721,1.000000,0.920539,-0.087426,83460.992188,1.346685,1.000000,0.000000,1.000000,1.000000,1.000000,1.000000,1.000000,0.000000,0.000000,0.604438,0.000000
60.491250,4.000000,764.078064,-5.908363,700.049288,0.423719,0.000000,192.888458,192.040710,200.228707,8.730441,0.108260,8.256773,0.260422,0.144855,-0.508607,-20.560965,-0.019763,0.011264,0.021118,1.000000,0.928383,-0.190583,83460.992188,1.526404,1.000000,0.000000,1.000000,1.000000,1.000000,1.000000,1.000000,0.000000,0.000000,0.852291,0.020355
60.544587,4.000000,769.581543,-5.915395,700.070663,0.396558,0.000000,192.645828,191.656937,199.827413,8.718729,0.105069,8.146472,0.454842,0.253505,-0.509629,-20.705080,-0.020195,-0.004365,0.029607,1.000000,0.935655,-0.202868,83460.992188,1.279353,1.000000,0.000000,1.000000,1.000000,1.000000,1.000000,1.000000,0.000000,0.000000,1.027525,0.086107
60.596138,4.000000,774.882813,-5.922010,700.097770,0.402174,0.000000,192.409378,191.365021,199.522382,8.709701,0.107158,8.088400,0.552717,0.308526,-0.510408,-20.843899,-0.032790,-0.008900,0.027481,1.000000,0.941981,-0.153123,83460.992188,1.138300,1.000000,0.000000,1.000000,1.000000,1.000000,1.000000,1.000000,0.000000,0.000000,1.113846,0.172973
60.648738,4.000000,780.268677,-5.928653,700.128160,0.420423,0.000000,192.166428,191.067444,199.212042,8.702671,0.110402,8.066170,0.585069,0.327093,-0.511203,-20.984936,-0.043261,-0.008381,0.025686,1.000000,0.947795,-0.118117,83460.992188,1.061932,1.000000,0.000000,1.000000,1.000000,1.000000,1.000000,1.000000,0.000000,0.000000,1.139356,0.000000
60.701133,4.000000,785.614746,-5.935220,700.159192,0.423353,0.000000,191.922882,190.769592,198.901657,8.697168,0.112009,8.055743,0.594810,0.333058,-0.512001,-21.124928,-0.051585,-0.004300,0.024357,1.000000,0.953007,-0.094557,83460.992188,1.037089,1.000000,0.000000,1.000000,1.000000,1.000000,1.000000,1.000000,0.000000,0.000000,1.146414,0.002735
60.754566,4.000000,791.042358,-5.941865,700.191126,0.412733,0.000000,191.672806,190.464447,198.583724,8.692574,0.110611,8.046876,0.600615,0.336846,-0.512820,-21.267056,-0.058267,-0.002494,0.023306,1.000000,0.957788,-0.078900,83460.992188,1.053078,1.000000,0.000000,1.000000,1.000000,1.000000,1.000000,1.000000,0.000000,0.000000,1.152206,0.106781
60.808857,4.000000,796.341492,-5.948316,700.224160,0.411695,0.000000,191.416428,190.163940,198.270551,8.688586,0.108243,8.035933,0.611576,0.343535,-0.513630,-21.405821,-0.063874,-0.002722,0.022383,1.000000,0.962150,-0.069017,83460.992188,1.054418,1.000000,0.000000,1.000000,1.000000,1.000000,1.000000,1.000000,0.000000,0.000000,1.162693,0.210224
60.863542,4.000000,802.149780,-5.955339,700.257814,0.413709,0.000000,191.156555,189.832520,197.925286,8.684959,0.108503,8.030455,0.615921,0.346580,-0.514526,-21.557917,-0.068582,-0.007117,0.021307,1.000000,0.966086,-0.063935,83460.992188,1.032674,1.000000,0.000000,1.000000,1.000000,1.000000,1.000000,1.000000,0.000000,0.000000,1.164079,0.000000
60.916192,4.000000,807.501709,-5.961766,700.290304,0.406263,0.000000,190.904449,189.525192,197.605113,8.681638,0.112335,8.023365,0.619897,0.349382,-0.515360,-21.698063,-0.072451,-0.009967,0.020233,1.000000,0.969488,-0.061886,83460.992188,1.058409,1.000000,0.000000,1.000000,1.000000,1.000000,1.000000,1.000000,0.000000,0.000000,1.168955,0.060410
60.970076,4.000000,812.974182,-5.968271,700.323868,0.421094,0.000000,190.644196,189.209229,197.275968,8.678279,0.118770,8.020624,0.621919,0.351106,-0.516220,-21.841366,-0.075819,-0.013600,0.019099,1.000000,0.972617,-0.062331,83460.992188,1.003216,1.000000,0.000000,1.000000,1.000000,1.000000,1.000000,1.000000,0.000000,0.000000,1.166025,0.170689
61.022239,4.000000,818.194092,-5.974430,700.355626,0.451246,0.904206,190.388718,188.907242,196.961580,8.674954,0.126276,8.027863,0.603451,0.341224,-0.537003,-21.978056,-0.078596,-0.014136,0.018170,1.000000,0.975347,-0.064202,83460.992188,0.994399,0.000000,0.000000,1.000000,1.000000,1.000000,1.000000,1.000000,0.000000,0.000000,1.145593,0.274136
61.074941,4.000000,823.579102,-5.980743,700.386636,0.466505,1.007574,190.129974,188.594421,196.635949,8.671467,0.133488,8.036259,0.581567,0.329394,-0.540177,-22.119068,-0.081134,-0.014237,0.017373,1.000000,0.977822,-0.067231,83460.992188,0.993323,0.000000,0.000000,1.000000,1.000000,1.000000,1.000000,1.000000,0.000000,0.000000,1.122870,0.037491
61.127634,4.000000,828.847839,-5.986867,700.416469,0.490430,1.105085,189.868896,188.286911,196.315866,8.667791,0.140599,8.045058,0.559219,0.317253,-0.543218,-22.257036,-0.083234,-0.014691,0.016671,1.000000,0.980048,-0.070883,83460.992188,0.991270,0.000000,0.000000,1.000000,1.000000,1.000000,1.000000,1.000000,0.000000,0.000000,1.099170,0.135002
61.180598,4.000000,834.223999,-5.993052,700.445215,0.528699,1.200677,189.603973,187.971725,195.987744,8.663900,0.147838,8.054508,0.535096,0.304077,-0.546247,-22.397818,-0.085009,-0.015268,0.016049,1.000000,0.982061,-0.074646,83460.992188,0.988279,0.000000,0.000000,1.000000,1.000000,1.000000,1.000000,1.000000,0.000000,0.000000,1.074012,0.230594
61.234384,4.000000,839.637146,-5.999203,700.473047,0.556837,1.292644,189.332336,187.652985,195.655930,8.659752,0.155329,8.064884,0.509103,0.289796,-0.549217,-22.539566,-0.086544,-0.015881,0.015490,1.000000,0.983897,-0.078195,83460.992188,0.985577,0.000000,0.000000,1.000000,1.000000,1.000000,1.000000,1.000000,0.000000,0.000000,1.046825,0.322561
61.285992,4.000000,844.850891,-6.005043,700.498398,0.560377,1.376905,189.069244,187.345428,195.335742,8.655587,0.162644,8.075310,0.482871,0.275315,-0.551993,-22.676094,-0.087664,-0.016450,0.015013,1.000000,0.985482,-0.081924,83460.992188,0.983999,0.000000,0.000000,1.000000,1.000000,1.000000,1.000000,1.000000,0.000000,0.000000,1.019681,0.376856
61.337265,4.000000,849.973999,-6.010693,700.522219,0.586927,1.455390,188.805481,187.043564,195.021472,8.651241,0.169999,8.086153,0.456035,0.260433,-0.554632,-22.810249,-0.088409,-0.016995,0.014590,1.000000,0.986902,-0.086089,83460.992188,0.980774,0.000000,0.000000,1.000000,1.000000,1.000000,1.000000,1.000000,0.000000,0.000000,0.991592,0.455341
61.389542,4.000000,855.185608,-6.016341,700.545027,0.619703,1.530575,188.534073,186.736908,194.702175,8.646588,0.177579,8.098052,0.426979,0.244240,-0.557221,-22.946720,-0.088884,-0.017542,0.014201,1.000000,0.988207,-0.090294,83460.992188,0.977000,0.000000,0.000000,1.000000,1.000000,1.000000,1.000000,1.000000,0.000000,0.000000,0.961187,0.530526
61.442041,4.000000,860.417358,-6.021903,700.566332,0.635755,1.600996,188.259048,186.429535,194.382121,8.641699,0.185253,8.110840,0.395972,0.226877,-0.559713,-23.083719,-0.089112,-0.018074,0.013851,1.000000,0.989386,-0.094266,83460.992188,0.974094,0.000000,0.000000,1.000000,1.000000,1.000000,1.000000,1.000000,0.000000,0.000000,0.928917,0.600946
61.493457,4.000000,865.536865,-6.027230,700.585570,0.654188,1.664727,187.987427,186.129303,194.069452,8.636718,0.192808,8.123998,0.364255,0.209041,-0.562042,-23.217779,-0.089115,-0.018571,0.013544,1.000000,0.990427,-0.097831,83460.992188,0.971025,0.000000,0.000000,1.000000,1.000000,1.000000,1.000000,1.000000,0.000000,0.000000,0.895977,0.631366
61.545673,4.000000,870.686890,-6.032468,700.603381,0.669752,1.723402,187.709290,185.827789,193.755509,8.631480,0.200498,8.138090,0.330831,0.190167,-0.564270,-23.352638,-0.088937,-0.019059,0.013264,1.000000,0.991380,-0.100928,83460.992188,0.968235,0.000000,0.000000,1.000000,1.000000,1.000000,1.000000,1.000000,0.000000,0.000000,0.861059,0.690041
61.598316,4.000000,875.960754,-6.037697,700.619502,0.675306,1.777551,187.426682,185.519684,193.434624,8.626054,0.208253,8.153035,0.295101,0.169910,-0.566423,-23.490740,-0.088602,-0.019533,0.013014,1.000000,0.992244,-0.103420,83460.992188,0.965692,0.000000,0.000000,1.000000,1.000000,1.000000,1.000000,1.000000,0.000000,0.000000,0.824440,0.744189
61.649880,4.000000,881.107422,-6.042661,700.633442,0.696180,1.824363,187.147797,185.219666,193.122119,8.620628,0.215835,8.168379,0.258916,0.149317,-0.568393,-23.625511,-0.088145,-0.019982,0.012795,1.000000,0.993007,-0.105175,83460.992188,0.962426,0.000000,0.000000,1.000000,1.000000,1.000000,1.000000,1.000000,0.000000,0.000000,0.787280,0.765013
61.703400,4.000000,886.378479,-6.047596,700.645891,0.707227,1.865838,186.856216,184.913040,192.802732,8.614928,0.223680,8.185128,0.220329,0.127275,-0.570270,-23.763540,-0.087596,-0.020434,0.012590,1.000000,0.993720,-0.106193,83460.992188,0.959819,0.000000,0.000000,1.000000,1.000000,1.000000,1.000000,1.000000,0.000000,1.000000,0.747293,0.806489
61.756469,4.000000,891.626160,-6.052350,700.656135,0.727247,1.900367,186.565262,184.608459,192.485392,8.609236,0.231423,8.202533,0.180510,0.104445,-0.571990,-23.900955,-0.088598,-0.020880,0.012412,1.000000,0.994354,-0.106855,83460.992188,0.957600,0.000000,0.000000,1.000000,1.000000,1.000000,1.000000,1.000000,0.000000,1.000000,0.706331,0.841017
61.809949,4.000000,896.933655,-6.056991,700.664299,0.741895,1.928213,186.270203,184.300735,192.164745,8.603423,0.239198,8.220245,0.139706,0.080970,-0.573574,-24.039938,-0.091791,-0.021338,0.012248,1.000000,0.994929,-0.109295,83460.992188,0.957585,0.000000,0.000000,1.000000,1.000000,1.000000,1.000000,1.000000,0.000000,1.000000,0.664757,0.868864
61.861148,4.000000,902.000610,-6.061258,700.670089,0.755201,1.948135,185.986206,184.007034,191.858647,8.597646,0.246627,8.236886,0.100925,0.058587,-0.574941,-24.172621,-0.096554,-0.021796,0.012105,1.000000,0.995424,-0.115029,83460.992188,0.958723,0.000000,0.000000,1.000000,1.000000,1.000000,1.000000,1.000000,0.000000,1.000000,0.625271,0.874720
61.912570,4.000000,907.013672,-6.065316,700.673942,0.755079,1.961492,185.699463,183.716278,191.555588,8.591423,0.254089,8.252662,0.063380,0.036850,-0.576153,-24.303894,-0.102714,-0.022267,0.011973,1.000000,0.995873,-0.125453,83460.992188,0.961366,0.000000,0.000000,1.000000,1.000000,1.000000,1.000000,1.000000,0.000000,1.000000,0.586622,0.888077
61.964450,4.000000,912.145203,-6.069295,700.675909,0.742872,1.968802,185.408844,183.418365,191.245026,8.584446,0.261622,8.266947,0.026538,0.015455,-0.577255,-24.438269,-0.110052,-0.022742,0.011850,1.000000,0.996281,-0.141718,83460.992188,0.965198,0.000000,0.000000,1.000000,1.000000,1.000000,1.000000,1.000000,0.000000,1.000000,0.549353,0.895387
62.015603,4.000000,917.163879,-6.073009,700.676058,0.752088,1.970009,185.121155,183.126602,190.940811,8.576571,0.269052,8.279032,-0.007659,-0.004467,-0.578202,-24.569689,-0.118173,-0.023217,0.011737,1.000000,0.996644,-0.163982,83460.992188,0.968227,0.000000,0.000000,1.000000,1.000000,1.000000,1.000000,1.000000,0.000000,1.000000,0.514448,0.896594
62.067240,4.000000,922.237976,-6.076582,700.674490,0.755323,1.965510,184.829575,182.831146,190.632710,8.567286,0.276561,8.288970,-0.040608,-0.023725,-0.579034,-24.702559,-0.127081,-0.023704,0.011631,1.000000,0.996975,-0.192990,83460.992188,0.971654,0.000000,0.000000,1.000000,1.000000,1.000000,1.000000,1.000000,0.000000,1.000000,0.480907,0.930719
62.119552,4.000000,927.352478,-6.079990,700.671235,0.741590,1.955424,184.533127,182.532761,190.321554,8.556157,0.284184,8.296295,-0.072063,-0.042171,-0.579750,-24.836487,-0.136642,-0.024196,0.011530,1.000000,0.997276,-0.229265,83460.992188,0.975798,0.000000,0.000000,1.000000,1.000000,1.000000,1.000000,1.000000,0.000000,1.000000,0.448780,0.920633
62.173297,4.000000,932.523132,-6.083233,700.666258,0.735303,1.939892,184.227676,182.230652,190.006454,8.542537,0.292014,8.300351,-0.101628,-0.059570,-0.580356,-24.971886,-0.146824,-0.024683,0.011434,1.000000,0.997555,-0.273852,83460.992188,0.979347,0.000000,0.000000,1.000000,1.000000,1.000000,1.000000,1.000000,0.000000,1.000000,0.418068,0.905101
62.229216,4.000000,937.935181,-6.086402,700.659436,0.734876,1.918220,183.908981,181.913895,189.676019,8.525594,0.300154,8.300835,-0.130843,-0.076828,-0.580870,-25.113605,-0.157652,-0.025193,0.011339,1.000000,0.997815,-0.327739,83460.992188,0.982288,0.000000,0.000000,1.000000,1.000000,1.000000,1.000000,1.000000,0.000000,1.000000,0.387869,0.883429
62.282081,4.000000,943.111450,-6.089212,700.651532,0.718336,1.892575,183.607361,181.610428,189.359494,8.506612,0.307844,8.297471,-0.157289,-0.092511,-0.581253,-25.249151,-0.167926,-0.025663,0.011254,1.000000,0.998035,-0.385486,83460.992188,0.985297,0.000000,0.000000,1.000000,1.000000,1.000000,1.000000,1.000000,0.000000,1.000000,0.360867,0.829212
62.335240,4.000000,948.362305,-6.091835,700.642241,0.709180,1.861893,183.303680,181.302261,189.038017,8.484262,0.315546,8.290004,-0.182585,-0.107572,-0.581535,-25.386652,-0.178134,-0.026112,0.011175,1.000000,0.998234,-0.449833,83460.992188,0.987523,0.000000,0.000000,1.000000,1.000000,1.000000,1.000000,1.000000,0.000000,1.000000,0.335201,0.798530
62.387930,4.000000,953.477966,-6.094164,700.631762,0.699354,1.827673,183.002609,181.001785,188.724533,8.458573,0.323144,8.278638,-0.206369,-0.121786,-0.581713,-25.520611,-0.188010,-0.026548,0.011101,1.000000,0.998411,-0.519214,83460.992188,0.988821,0.000000,0.000000,1.000000,1.000000,1.000000,1.000000,1.000000,0.000000,1.000000,0.310574,0.764310
62.440850,4.000000,958.616882,-6.096273,700.620001,0.683362,1.789099,182.700272,180.699814,188.409477,8.428946,0.330723,8.263051,-0.229617,-0.135732,-0.581795,-25.655178,-0.197538,-0.026960,0.011032,1.000000,0.998571,-0.593991,83460.992188,0.989661,0.000000,0.000000,1.000000,1.000000,1.000000,1.000000,1.000000,0.000000,1.000000,0.286500,0.725736
62.494692,4.000000,963.744751,-6.098142,700.606792,0.661451,1.746484,182.392899,180.398590,188.095177,8.394605,0.338356,8.242826,-0.252454,-0.149482,-0.581783,-25.789455,-0.206688,-0.027349,0.010968,1.000000,0.998718,-0.674658,83460.992188,0.989892,0.000000,0.000000,1.000000,1.000000,1.000000,1.000000,1.000000,0.000000,1.000000,0.262374,0.723896
62.546784,4.000000,968.760071,-6.099736,700.592828,0.656629,1.700840,182.096024,180.104218,187.787981,8.357141,0.345646,8.219150,-0.274843,-0.163005,-0.581677,-25.920788,-0.214893,-0.027701,0.010913,1.000000,0.998845,-0.756389,83460.992188,0.988400,0.000000,0.000000,1.000000,1.000000,1.000000,1.000000,1.000000,0.000000,1.000000,0.238890,0.678253
62.599120,4.000000,973.825623,-6.101105,700.577587,0.654005,1.650639,181.798401,179.807236,187.478086,8.315137,0.352869,8.191697,-0.298509,-0.177333,-0.581475,-26.053434,-0.222402,-0.028046,0.010862,1.000000,0.998960,-0.841230,83460.992188,0.985734,0.000000,0.000000,1.000000,1.000000,1.000000,1.000000,1.000000,0.000000,1.000000,0.214194,0.628051
62.651893,4.000000,978.947693,-6.102240,700.560924,0.642835,1.595455,181.499130,179.507553,187.165299,8.268219,0.360034,8.160274,-0.323783,-0.192669,-0.581165,-26.187561,-0.229089,-0.028360,0.010817,1.000000,0.999065,-0.928847,83460.992188,0.982710,0.000000,0.000000,1.000000,1.000000,1.000000,1.000000,1.000000,0.000000,1.000000,0.187992,0.572867
62.704084,4.000000,983.953125,-6.103100,700.543090,0.619703,1.536972,181.204239,179.215500,186.860475,8.217235,0.366976,8.125616,-0.350097,-0.208666,-0.580752,-26.318634,-0.234702,-0.028632,0.010779,1.000000,0.999157,-1.016754,83460.992188,0.979299,0.000000,0.000000,1.000000,1.000000,1.000000,1.000000,1.000000,0.000000,1.000000,0.160479,0.504181
62.754816,4.000000,988.846619,-6.103698,700.524383,0.595167,1.475157,180.918884,178.931015,186.563483,8.163267,0.373562,8.088576,-0.377519,-0.225369,-0.580236,-26.446774,-0.239081,-0.028848,0.010748,1.000000,0.999239,-1.102654,83460.992188,0.975123,0.000000,0.000000,1.000000,1.000000,1.000000,1.000000,1.000000,0.000000,1.000000,0.132047,0.442365
62.808372,4.000000,993.910095,-6.104060,700.503051,0.575147,1.405995,180.618881,178.637894,186.257399,8.101568,0.380304,8.046226,-0.408190,-0.244079,-0.579575,-26.579367,-0.242453,-0.029033,0.010725,1.000000,0.999317,-1.192827,83460.992188,0.969424,0.000000,0.000000,1.000000,1.000000,1.000000,1.000000,1.000000,0.000000,1.000000,0.099657,0.373203
62.862051,4.000000,999.012024,-6.104156,700.479898,0.531202,1.330485,180.319885,178.344070,185.950559,8.034920,0.386819,8.000742,-0.441992,-0.264727,-0.578766,-26.712965,-0.244429,-0.029167,0.010713,1.000000,0.999386,-1.281694,83460.992188,0.963992,0.000000,0.000000,1.000000,1.000000,1.000000,1.000000,1.000000,0.000000,1.000000,0.064335,0.297693
62.914222,4.000000,1004.009155,-6.103983,700.455556,0.477064,1.250385,180.031158,178.058136,185.651846,7.965640,0.392872,7.953670,-0.477749,-0.286603,-0.577821,-26.843821,-0.244871,-0.029221,0.010715,1.000000,0.999448,-1.365757,83460.992188,0.958188,0.000000,0.000000,1.000000,1.000000,1.000000,1.000000,1.000000,0.000000,1.000000,0.027389,0.190833
62.967237,4.000000,1009.088074,-6.103133,700.439033,0.443555,0.000000,179.739960,177.747482,185.329731,7.891100,0.299161,7.660457,-0.189280,-0.113748,-0.549493,-26.976816,-0.246877,0.076750,0.019355,1.000000,0.999503,-1.435571,83460.992188,1.944626,1.000000,0.000000,1.000000,1.000000,1.000000,1.000000,1.000000,0.000000,1.000000,0.389298,0.126633
63.022941,4.000000,1014.399292,-6.100687,700.443677,0.427564,0.000000,179.437988,177.418976,184.987223,7.808730,0.255748,7.373030,0.188497,0.113487,-0.550510,-27.115896,-0.248152,0.007919,0.019684,1.000000,0.999556,-1.516505,83460.992188,1.455703,1.000000,0.000000,1.000000,1.000000,1.000000,1.000000,1.000000,0.000000,1.000000,0.728201,0.132382
63.075599,4.000000,1019.389709,-6.097257,700.460075,0.416761,0.000000,179.157974,177.122223,184.676987,7.726627,0.243721,7.196443,0.359181,0.216612,-0.551435,-27.246576,-0.248066,-0.004374,0.019702,1.000000,0.999600,-1.594974,83460.992188,1.256412,1.000000,0.000000,1.000000,1.000000,1.000000,1.000000,1.000000,0.000000,1.000000,0.883351,0.181320
63.128073,4.000000,1024.353882,-6.093074,700.482419,0.405530,0.000000,178.884491,176.832611,184.374433,7.640791,0.237760,7.059891,0.451177,0.272538,-0.552340,-27.376568,-0.246410,-0.007893,0.019588,1.000000,0.999640,-1.669653,83460.992188,1.137474,1.000000,0.000000,1.000000,1.000000,1.000000,1.000000,1.000000,0.000000,1.000000,0.965713,0.000000
63.180180,4.000000,1029.213257,-6.088396,700.507472,0.386976,0.000000,178.618179,176.553268,184.083017,7.551822,0.232650,6.947721,0.491714,0.297494,-0.553214,-27.503815,-0.242730,-0.008073,0.019517,1.000000,0.999676,-1.738562,83460.992188,1.093664,1.000000,0.000000,1.000000,1.000000,1.000000,1.000000,1.000000,0.000000,1.000000,1.002403,0.051834
63.232241,4.000000,1034.205933,-6.083051,700.534088,0.386610,0.000000,178.357117,176.269028,183.786558,7.459534,0.230013,6.840575,0.518964,0.314488,-0.554106,-27.634554,-0.237500,-0.009593,0.019264,1.000000,0.999708,-1.800503,83460.992188,1.051005,1.000000,0.000000,1.000000,1.000000,1.000000,1.000000,1.000000,0.000000,1.000000,1.025271,0.138930
63.282791,4.000000,1038.950317,-6.077489,700.560613,0.379835,0.000000,178.107864,176.001663,183.507940,7.367005,0.224407,6.742775,0.527179,0.319950,-0.554948,-27.758789,-0.232567,-0.003353,0.019407,1.000000,0.999736,-1.853951,83460.992188,1.047188,1.000000,0.000000,1.000000,1.000000,1.000000,1.000000,1.000000,0.000000,1.000000,1.032289,0.224477
63.335316,4.000000,1043.932861,-6.071155,700.588382,0.388013,0.000000,177.853500,175.723328,183.217962,7.268206,0.215562,6.644605,0.527797,0.320833,-0.555826,-27.889263,-0.227725,-0.004005,0.019532,1.000000,0.999763,-1.902732,83460.992188,1.009828,1.000000,0.000000,1.000000,1.000000,1.000000,1.000000,1.000000,0.000000,1.000000,1.029477,0.000000
63.387865,4.000000,1048.873901,-6.064395,700.615532,0.400831,0.000000,177.603149,175.450211,182.933605,7.166989,0.209800,6.555654,0.509521,0.310205,-0.556690,-28.018648,-0.223121,-0.007114,0.019404,1.000000,0.999787,-1.944862,83460.992188,0.972980,1.000000,0.000000,1.000000,1.000000,1.000000,1.000000,1.000000,0.000000,1.000000,1.007633,0.000000
63.439744,4.000000,1053.761597,-6.057266,700.640961,0.412427,0.000000,177.359711,175.182449,182.654927,7.065063,0.206295,6.469165,0.481897,0.293835,-0.557539,-28.146637,-0.218726,-0.006819,0.019242,1.000000,0.999808,-1.980375,83460.992188,0.995988,1.000000,0.000000,1.000000,1.000000,1.000000,1.000000,1.000000,0.000000,1.000000,0.980728,0.031188
63.491577,4.000000,1058.609253,-6.049717,700.665545,0.397962,0.000000,177.119873,174.917831,182.379320,6.961525,0.199661,6.369272,0.473048,0.288875,-0.558381,-28.273579,-0.214401,-0.002455,0.019368,1.000000,0.999827,-2.011208,83460.992188,1.024664,1.000000,0.000000,1.000000,1.000000,1.000000,1.000000,1.000000,0.000000,1.000000,0.973153,0.000000
63.542441,4.000000,1063.353394,-6.041802,700.689602,0.384840,0.000000,176.887619,174.660187,182.110861,6.858493,0.192602,6.265451,0.473439,0.289540,-0.559205,-28.397808,-0.210424,-0.002787,0.019404,1.000000,0.999844,-2.036956,83460.992188,1.027586,1.000000,0.000000,1.000000,1.000000,1.000000,1.000000,1.000000,0.000000,1.000000,0.972869,0.000000
63.594168,4.000000,1068.209961,-6.033128,700.714215,0.377882,0.000000,176.654404,174.397919,181.837582,6.752490,0.184121,6.156183,0.477831,0.292665,-0.560045,-28.524982,-0.206715,0.000880,0.019597,1.000000,0.999859,-2.058821,83460.992188,1.029184,1.000000,0.000000,1.000000,1.000000,1.000000,1.000000,1.000000,0.000000,1.000000,0.976580,0.000000
63.645659,4.000000,1072.912964,-6.024162,700.738735,0.377515,0.000000,176.425232,174.145874,181.575055,6.645972,0.172981,6.051940,0.474568,0.291087,-0.560855,-28.648134,-0.203449,0.002830,0.019877,1.000000,0.999873,-2.076132,83460.992188,1.015010,1.000000,0.000000,1.000000,1.000000,1.000000,1.000000,1.000000,0.000000,1.000000,0.971227,0.056354
63.700554,4.000000,1077.994263,-6.013843,700.764773,0.375013,0.000000,176.183777,173.874359,181.292121,6.531559,0.163275,5.936347,0.475103,0.291870,-0.561730,-28.781195,-0.200414,-0.002220,0.019885,1.000000,0.999886,-2.090094,83460.992188,1.020238,1.000000,0.000000,1.000000,1.000000,1.000000,1.000000,1.000000,0.000000,1.000000,0.971439,0.000000
63.757904,4.000000,1083.424927,-6.002062,700.791771,0.374341,0.000000,175.934647,173.585739,180.991510,6.411337,0.160333,5.822113,0.466713,0.287192,-0.562663,-28.923401,-0.197680,-0.009851,0.019573,1.000000,0.999899,-2.100526,83460.992188,0.991827,1.000000,0.000000,1.000000,1.000000,1.000000,1.000000,1.000000,0.000000,1.000000,0.960064,0.000000
63.811683,4.000000,1088.391846,-5.990590,700.816343,0.364271,0.000000,175.703979,173.323502,180.718439,6.298160,0.162109,5.715112,0.453925,0.279745,-0.563513,-29.053465,-0.195332,-0.010874,0.019552,1.000000,0.999909,-2.107403,83460.992188,1.024872,1.000000,0.000000,1.000000,1.000000,1.000000,1.000000,1.000000,0.000000,1.000000,0.948601,0.000000
63.864633,4.000000,1093.319580,-5.978473,700.840680,0.341016,0.000000,175.479294,173.063690,180.447622,6.186386,0.162897,5.595805,0.464012,0.286390,-0.564359,-29.182503,-0.193014,-0.009051,0.019625,1.000000,0.999918,-2.113394,83460.992188,1.041400,1.000000,0.000000,1.000000,1.000000,1.000000,1.000000,1.000000,0.000000,1.000000,0.959377,0.000000
63.917595,4.000000,1098.243042,-5.965583,700.865644,0.344190,0.000000,175.257065,172.805405,180.178377,6.074317,0.161851,5.477283,0.475143,0.293699,-0.565202,-29.311428,-0.190990,-0.007804,0.019751,1.000000,0.999926,-2.117580,83460.992188,1.022847,1.000000,0.000000,1.000000,1.000000,1.000000,1.000000,1.000000,0.000000,1.000000,0.968350,0.000000
63.970797,4.000000,1103.177246,-5.951885,700.890870,0.358045,0.000000,175.036102,172.548218,179.910466,5.961584,0.156589,5.372346,0.476106,0.294732,-0.566043,-29.440634,-0.189427,0.008871,0.020329,1.000000,0.999934,-2.118899,83460.992188,0.822571,1.000000,0.000000,1.000000,1.000000,1.000000,1.000000,1.000000,0.000000,1.000000,0.954217,0.000000
64.022622,4.000000,1107.930786,-5.938204,700.909625,0.405225,2.706506,174.822906,172.311096,179.664816,5.852118,0.145802,5.382002,0.298294,0.184912,-0.632310,-29.565111,-0.190179,-0.004409,0.020451,1.000000,0.999940,-2.106029,83460.992188,0.626903,0.000000,0.000000,1.000000,1.000000,1.000000,1.000000,1.000000,0.000000,1.000000,0.760626,0.000000
64.076339,4.000000,1112.882813,-5.923785,700.918097,0.433240,2.739348,174.603317,172.067444,179.411692,5.739357,0.146877,5.398147,0.090558,0.056216,-0.633998,-29.694784,-0.189633,-0.012867,0.020015,1.000000,0.999947,-2.092803,83460.992188,0.624665,0.000000,0.000000,1.000000,1.000000,1.000000,1.000000,1.000000,0.000000,1.000000,0.551981,0.000000
64.131361,4.000000,1117.778076,-5.909370,700.915168,0.428541,2.735821,174.379303,171.829071,179.163120,5.624626,0.152606,5.416220,-0.115698,-0.071922,-0.634792,-29.822971,-0.187912,-0.016198,0.019458,1.000000,0.999952,-2.078185,83460.992188,0.623496,0.000000,0.000000,1.000000,1.000000,1.000000,1.000000,1.000000,0.000000,1.000000,0.337721,0.000000
64.184006,4.000000,1122.790649,-5.894421,700.902009,0.430921,0.000000,174.165436,171.586227,178.908987,5.515589,0.155709,5.411469,-0.301227,-0.187518,-0.569212,-29.954231,-0.184544,-0.007210,0.019332,1.000000,0.999957,-2.065618,83460.992188,0.779053,1.000000,0.000000,1.000000,1.000000,1.000000,1.000000,1.000000,0.000000,1.000000,0.169832,0.000000
64.236053,4.000000,1127.582397,-5.879759,700.882671,0.427869,0.000000,173.954163,171.352081,178.663975,5.408337,0.148306,5.358975,-0.398293,-0.248283,-0.569992,-30.079708,-0.179988,0.005178,0.019899,1.000000,0.999961,-2.056349,83460.992188,0.907404,1.000000,0.000000,1.000000,1.000000,1.000000,1.000000,1.000000,0.000000,1.000000,0.081645,0.000000
64.288690,4.000000,1132.409180,-5.864416,700.860173,0.418226,0.000000,173.740646,171.113235,178.414424,5.300358,0.135645,5.271572,-0.436614,-0.272551,-0.570790,-30.206100,-0.182595,0.005153,0.020516,1.000000,0.999965,-2.046584,83460.992188,0.983740,1.000000,0.000000,1.000000,1.000000,1.000000,1.000000,1.000000,0.000000,1.000000,0.048350,0.000000
64.340578,4.000000,1137.167603,-5.848609,700.837043,0.412427,0.000000,173.530624,170.864685,178.154908,5.194465,0.125042,5.172503,-0.448811,-0.280573,-0.571621,-30.330706,-0.200493,0.004348,0.021033,1.000000,0.999969,-2.035428,83460.992188,1.011388,1.000000,0.000000,1.000000,1.000000,1.000000,1.000000,1.000000,0.000000,1.000000,0.037172,0.000000
64.397193,4.000000,1142.254639,-5.830922,700.811734,0.409315,0.000000,173.301743,170.570129,177.847638,5.079616,0.112924,5.053372,-0.444025,-0.278061,-0.572609,-30.463915,-0.232989,0.005334,0.021750,1.000000,0.999972,-2.022670,83460.992188,1.049683,1.000000,0.000000,1.000000,1.000000,1.000000,1.000000,1.000000,0.000000,1.000000,0.043721,0.000000
64.449979,4.000000,1147.143799,-5.813144,700.788904,0.389234,0.000000,173.088715,170.249466,177.513243,4.973169,0.104214,4.935469,-0.426118,-0.267350,-0.573687,-30.591942,-0.271243,0.001993,0.022309,1.000000,0.999975,-2.011090,83460.992188,1.071238,1.000000,0.000000,1.000000,1.000000,1.000000,1.000000,1.000000,0.000000,1.000000,0.061734,0.000000
64.504802,4.000000,1152.137939,-5.794195,700.766690,0.379957,0.000000,172.867172,169.877716,177.125740,4.863278,0.098073,4.804705,-0.392906,-0.247052,-0.574942,-30.722717,-0.315028,0.001496,0.022916,1.000000,0.999977,-1.998291,83460.992188,1.084289,1.000000,0.000000,1.000000,1.000000,1.000000,1.000000,1.000000,0.000000,1.000000,0.094663,0.000000
64.558637,4.000000,1156.991455,-5.775035,700.746655,0.368726,0.000000,172.648453,169.473175,176.704010,4.756134,0.089825,4.678226,-0.361529,-0.227865,-0.576314,-30.849812,-0.358281,0.005313,0.023794,1.000000,0.999980,-1.982627,83460.992188,1.088489,1.000000,0.000000,1.000000,1.000000,1.000000,1.000000,1.000000,0.000000,1.000000,0.124952,0.000000
64.612185,4.000000,1161.882202,-5.755031,700.728371,0.356946,0.000000,172.428635,169.025223,176.237002,4.650500,0.081806,4.555145,-0.332003,-0.209811,-0.577841,-30.977880,-0.397477,0.003052,0.024628,1.000000,0.999982,-1.963510,83460.992188,1.079690,1.000000,0.000000,1.000000,1.000000,1.000000,1.000000,1.000000,0.000000,1.000000,0.152077,0.000000
64.665538,4.000000,1166.665405,-5.734840,700.711362,0.361890,0.000000,172.206009,168.555099,175.746799,4.546374,0.074176,4.441254,-0.314079,-0.199037,-0.579453,-31.103134,-0.428612,0.003390,0.025493,1.000000,0.999983,-1.940822,83460.992188,1.060085,1.000000,0.000000,1.000000,1.000000,1.000000,1.000000,1.000000,0.000000,1.000000,0.166921,0.000000
64.718315,4.000000,1171.450195,-5.714075,700.695226,0.361707,0.000000,171.980972,168.063583,175.234262,4.444599,0.067069,4.333193,-0.302308,-0.192138,-0.581148,-31.228428,-0.447046,0.004303,0.026290,1.000000,0.999985,-1.917675,83460.992188,1.045349,1.000000,0.000000,1.000000,1.000000,1.000000,1.000000,1.000000,0.000000,1.000000,0.176203,0.000000
64.771646,4.000000,1176.261841,-5.692653,700.679171,0.364210,0.000000,171.747375,167.562500,174.711640,4.342957,0.059737,4.232687,-0.301397,-0.192132,-0.582886,-31.354425,-0.451870,0.004603,0.026986,1.000000,0.999987,-1.896007,83460.992188,1.020706,1.000000,0.000000,1.000000,1.000000,1.000000,1.000000,1.000000,0.000000,1.000000,0.173781,0.000000
64.824068,4.000000,1180.916992,-5.671443,700.663113,0.357740,0.000000,171.510757,167.079239,174.207586,4.244095,0.055490,4.138232,-0.307933,-0.196866,-0.584572,-31.476324,-0.454800,-0.001858,0.027325,1.000000,0.999988,-1.877728,83460.992188,1.029786,1.000000,0.000000,1.000000,1.000000,1.000000,1.000000,1.000000,0.000000,1.000000,0.166316,0.000000
64.877831,4.000000,1185.728394,-5.649008,700.646664,0.344800,0.000000,171.259964,166.580902,173.687886,4.143566,0.054247,4.034471,-0.303548,-0.194644,-0.586321,-31.602316,-0.457323,-0.000737,0.027533,1.000000,0.999989,-1.863742,83460.992188,1.050690,1.000000,0.000000,1.000000,1.000000,1.000000,1.000000,1.000000,0.000000,1.000000,0.170830,0.000000
64.931711,4.000000,1190.472778,-5.626347,700.630692,0.337781,0.000000,170.999908,166.090881,173.176876,4.043461,0.051812,3.928144,-0.292782,-0.188294,-0.588051,-31.726553,-0.459615,-0.000826,0.027734,1.000000,0.999990,-1.853211,83460.992188,1.045483,1.000000,0.000000,1.000000,1.000000,1.000000,1.000000,1.000000,0.000000,1.000000,0.179950,0.000000
64.985119,4.000000,1195.263550,-5.602918,700.615271,0.342359,0.000000,170.733307,165.598007,172.662886,3.944735,0.049350,3.826367,-0.286825,-0.185012,-0.589802,-31.852003,-0.461834,0.000675,0.027877,1.000000,0.999991,-1.844882,83460.992188,1.041832,1.000000,0.000000,1.000000,1.000000,1.000000,1.000000,1.000000,0.000000,1.000000,0.184105,0.000000
65.038419,4.000000,1199.994751,-5.579247,700.600085,0.350538,0.000000,170.458221,165.113098,172.157171,3.846592,0.046003,3.728135,-0.284662,-0.184156,-0.591534,-31.975893,-0.463960,0.000885,0.027996,1.000000,0.999992,-1.838467,83460.992188,1.025773,1.000000,0.000000,1.000000,1.000000,1.000000,1.000000,1.000000,0.000000,1.000000,0.183651,0.000000
65.090157,4.000000,1204.562866,-5.555902,700.585241,0.350782,0.000000,170.182693,164.646774,171.670794,3.751607,0.043068,3.637222,-0.288382,-0.187092,-0.593210,-32.095516,-0.465922,0.000749,0.028060,1.000000,0.999993,-1.833726,83460.992188,1.001403,1.000000,0.000000,1.000000,1.000000,1.000000,1.000000,1.000000,0.000000,1.000000,0.176814,0.000000
65.145394,4.000000,1209.378174,-5.530783,700.568815,0.350538,0.000000,169.879074,164.157288,171.160230,3.650437,0.038175,3.544245,-0.301129,-0.195944,-0.594979,-32.221607,-0.467816,0.003392,0.028199,1.000000,0.999994,-1.830251,83460.992188,1.019244,1.000000,0.000000,1.000000,1.000000,1.000000,1.000000,1.000000,0.000000,1.000000,0.163625,0.000000
65.198888,4.000000,1214.074463,-5.505774,700.552638,0.337965,0.000000,169.576263,163.681091,170.663561,3.552528,0.035019,3.446747,-0.301861,-0.196992,-0.596711,-32.344585,-0.469021,-0.001115,0.028162,1.000000,0.999994,-1.830750,83460.992188,1.028943,1.000000,0.000000,1.000000,1.000000,1.000000,1.000000,1.000000,0.000000,1.000000,0.162472,0.000000
65.250248,4.000000,1218.627808,-5.481029,700.537058,0.332654,0.000000,169.277527,163.221115,170.183814,3.458461,0.035681,3.355248,-0.304462,-0.199250,-0.598393,-32.463818,-0.470020,-0.003731,0.027917,1.000000,0.999995,-1.832464,83460.992188,1.024573,1.000000,0.000000,1.000000,1.000000,1.000000,1.000000,1.000000,0.000000,1.000000,0.158101,0.000000
65.304053,4.000000,1223.318726,-5.454954,700.523320,0.315259,0.000000,168.956360,162.739960,169.682681,3.359294,0.052113,3.131151,-0.174578,-0.114587,-0.600160,-32.586655,-0.464779,-0.029953,0.027276,1.000000,0.999996,-1.869798,83460.992188,1.862974,1.000000,0.000000,1.000000,1.000000,1.000000,1.000000,1.000000,0.000000,1.000000,0.348071,0.000000
65.356792,4.000000,1227.899292,-5.428221,700.526844,0.287794,0.000000,168.634201,162.257538,169.179739,3.258892,0.057935,2.831092,0.159537,0.105026,-0.601944,-32.706600,-0.457241,-0.001402,0.027357,1.000000,0.999996,-1.927077,83460.992188,1.443631,1.000000,0.000000,1.000000,1.000000,1.000000,1.000000,1.000000,0.000000,1.000000,0.650232,0.000000
65.408010,4.000000,1232.369141,-5.401109,700.541084,0.285902,0.000000,168.315063,161.798218,168.700051,3.159343,0.054025,2.634419,0.323139,0.213332,-0.603655,-32.823647,-0.456013,0.001558,0.027445,1.000000,0.999996,-1.954962,83460.992188,1.219242,1.000000,0.000000,1.000000,1.000000,1.000000,1.000000,1.000000,0.000000,1.000000,0.795395,0.000000
65.462142,4.000000,1237.040527,-5.371983,700.561568,0.287366,0.000000,167.971191,161.324692,168.205859,3.053046,0.049457,2.482081,0.399899,0.264783,-0.605429,-32.945972,-0.457686,0.002871,0.027356,1.000000,0.999996,-1.970025,83460.992188,1.102596,1.000000,0.000000,1.000000,1.000000,1.000000,1.000000,1.000000,0.000000,1.000000,0.862506,0.000000
65.516095,4.000000,1241.661987,-5.342515,700.584294,0.293714,0.000000,167.622269,160.859940,167.721174,2.946472,0.043904,2.358871,0.428224,0.284357,-0.607178,-33.066990,-0.460314,0.004113,0.027207,1.000000,0.999996,-1.979431,83460.992188,1.039851,1.000000,0.000000,1.000000,1.000000,1.000000,1.000000,1.000000,0.000000,1.000000,0.884977,0.000000
65.569462,4.000000,1246.279907,-5.312490,700.607528,0.290540,0.000000,167.271347,160.397705,167.239276,2.840567,0.038221,2.244435,0.439744,0.292848,-0.608928,-33.187916,-0.462506,0.002871,0.027017,1.000000,0.999996,-1.989461,83460.992188,1.043368,1.000000,0.000000,1.000000,1.000000,1.000000,1.000000,1.000000,0.000000,1.000000,0.895187,0.000000
65.621372,4.000000,1250.719360,-5.283092,700.630708,0.275648,0.000000,166.924805,159.954712,166.777459,2.736970,0.036104,2.133851,0.449686,0.300298,-0.610614,-33.304165,-0.463936,-0.001523,0.026662,1.000000,0.999996,-2.001367,83460.992188,1.033244,1.000000,0.000000,1.000000,1.000000,1.000000,1.000000,1.000000,0.000000,1.000000,0.903140,0.000000
65.673902,4.000000,1255.164673,-5.253133,700.654520,0.272779,0.000000,166.568954,159.512726,166.316739,2.631473,0.035215,2.024878,0.454606,0.304424,-0.612305,-33.420570,-0.464841,-0.001605,0.026240,1.000000,0.999996,-2.014444,83460.992188,1.019318,1.000000,0.000000,1.000000,1.000000,1.000000,1.000000,1.000000,0.000000,1.000000,0.905793,0.000000
65.728235,4.000000,1259.850952,-5.221000,700.679091,0.276685,0.000000,166.195740,159.048752,165.833225,2.521633,0.035285,1.918252,0.449913,0.302160,-0.614090,-33.543285,-0.465382,-0.002374,0.025736,1.000000,0.999997,-2.027761,83460.992188,0.999997,1.000000,0.000000,1.000000,1.000000,1.000000,1.000000,1.000000,0.000000,1.000000,0.898401,0.000000
65.782581,4.000000,1264.399414,-5.189297,700.703177,0.267713,0.000000,165.817459,158.441528,165.200384,2.405566,0.034601,1.808594,0.440102,0.296704,-0.616443,-33.662392,-0.418738,-0.001706,0.025366,1.000000,0.999997,-2.290444,83460.992188,0.994082,1.000000,0.000000,1.000000,1.000000,1.000000,1.000000,1.000000,0.318438,1.000000,0.885193,0.000000
65.836610,4.000000,1269.024170,-5.156574,700.726167,0.266798,0.000000,165.434814,157.716721,164.445014,2.272679,0.035086,1.690565,0.417529,0.282779,-0.619274,-33.783493,-0.358241,-0.002448,0.023899,1.000000,0.999997,-2.597382,83460.992188,0.975522,1.000000,0.000000,1.000000,1.000000,1.000000,1.000000,1.000000,0.322220,1.000000,0.859274,0.000000
65.890726,4.000000,1273.575562,-5.123854,700.747771,0.264295,0.000000,165.042908,157.010422,163.709013,2.124495,0.031723,1.559893,0.390454,0.265630,-0.622058,-33.902676,-0.301760,0.005631,0.022026,1.000000,0.999997,-2.852889,83460.992188,0.966123,1.000000,0.000000,1.000000,1.000000,1.000000,1.000000,1.000000,0.326008,1.000000,0.829663,0.000000
65.946644,4.000000,1278.282593,-5.089433,700.768249,0.263868,0.000000,164.627350,156.281311,162.949254,1.958289,0.023327,1.418246,0.353544,0.241642,-0.624958,-34.025936,-0.247313,0.008188,0.020658,1.000000,0.999997,-3.068858,83460.992188,0.952519,1.000000,0.000000,1.000000,1.000000,1.000000,1.000000,1.000000,0.329923,1.000000,0.789836,0.000000
65.999517,4.000000,1282.019897,-5.061656,700.785669,0.251783,0.000000,164.222656,155.700424,162.343909,1.791097,0.015368,1.273962,0.324455,0.222587,-0.627288,-34.123798,-0.198817,0.006206,0.020192,1.000000,0.999997,-3.235298,83460.992188,0.947420,1.000000,0.000000,1.000000,1.000000,1.000000,1.000000,1.000000,0.333624,1.000000,0.752943,0.000000
66.054698,4.000000,1287.290771,-5.021749,700.801923,0.236341,0.000000,163.789276,154.871933,161.480485,1.608251,0.009608,1.113345,0.283940,0.195834,-0.630642,-34.261822,-0.150950,0.006344,0.020872,1.000000,0.999997,-3.375445,83460.992188,0.963169,1.000000,0.000000,1.000000,1.000000,1.000000,1.000000,1.000000,0.337486,1.000000,0.717187,0.000000
66.107250,4.000000,1291.612305,-4.988358,700.815969,0.235792,0.000000,163.364838,154.188629,160.768287,1.428015,0.003590,0.947684,0.260556,0.180503,-0.633435,-34.374985,-0.109653,0.006235,0.021522,1.000000,0.999997,-3.471145,83460.992188,0.980233,1.000000,0.000000,1.000000,1.000000,1.000000,1.000000,1.000000,0.341165,1.000000,0.692926,0.000000
66.160013,4.000000,1295.960083,-4.954109,700.829025,0.217969,0.000000,162.926697,153.496033,160.046345,1.242986,-0.000668,0.774729,0.241686,0.168185,-0.636292,-34.488838,-0.072525,0.003799,0.022018,1.000000,0.999997,-3.533145,83460.992188,0.983985,1.000000,0.000000,1.000000,1.000000,1.000000,1.000000,1.000000,0.344858,1.000000,0.672439,0.000000
66.213343,4.000000,1300.354492,-4.918796,700.841575,0.198621,0.000000,162.471542,152.789703,159.309989,1.053404,-0.004056,0.588779,0.234096,0.163657,-0.639233,-34.603909,-0.038377,0.003826,0.022472,1.000000,0.999997,-3.569915,83460.992188,0.998636,1.000000,0.000000,1.000000,1.000000,1.000000,1.000000,1.000000,0.348592,1.000000,0.664140,0.000000
66.266050,4.000000,1304.580933,-4.884151,700.853644,0.190626,0.000000,162.009445,152.104904,158.596085,0.864665,-0.006772,0.404441,0.226756,0.159239,-0.642110,-34.714581,-0.006757,0.003491,0.022860,1.000000,0.999997,-3.589761,83460.992188,1.000715,1.000000,0.000000,1.000000,1.000000,1.000000,1.000000,1.000000,0.352281,1.000000,0.654826,0.000000
66.318611,4.000000,1308.875122,-4.848267,700.865382,0.187513,0.000000,161.536545,151.403442,157.864815,0.675563,-0.010743,0.218133,0.221649,0.156374,-0.645085,-34.827030,0.024317,0.006248,0.023140,1.000000,0.999997,-3.603202,83460.992188,1.000260,1.000000,0.000000,1.000000,1.000000,1.000000,1.000000,1.000000,0.355960,1.000000,0.647836,0.000000
66.373737,4.000000,1313.352417,-4.810131,700.877466,0.174634,0.000000,161.027451,150.666214,157.096217,0.476773,-0.017318,0.021039,0.218257,0.154734,-0.648240,-34.944271,0.055558,0.010204,0.023316,1.000000,0.999997,-3.606678,83460.992188,0.996225,1.000000,0.000000,1.000000,1.000000,1.000000,1.000000,1.000000,0.359819,1.000000,0.642261,0.000000
66.426654,4.000000,1317.626343,-4.773060,700.888990,0.159498,0.000000,160.526718,149.956741,156.356538,0.286081,-0.026201,-0.171159,0.218811,0.155861,-0.651307,-35.056187,0.084002,0.012980,0.023396,1.000000,0.999997,-3.599575,83460.992188,1.001321,1.000000,0.000000,1.000000,1.000000,1.000000,1.000000,1.000000,0.363523,1.000000,0.641305,0.000000
66.479047,4.000000,1321.819824,-4.736073,700.900492,0.153028,0.000000,160.019333,149.256836,155.626855,0.097939,-0.038010,-0.362114,0.220965,0.158133,-0.654360,-35.165997,0.110288,0.016342,0.023787,1.000000,0.999997,-3.581444,83460.992188,1.009968,1.000000,0.000000,1.000000,1.000000,1.000000,1.000000,1.000000,0.367191,1.000000,0.642170,0.000000
66.532096,4.000000,1326.011597,-4.698513,700.912542,0.135938,0.000000,159.493988,148.563232,154.903638,-0.091069,-0.047307,-0.559611,0.231025,0.166104,-0.657415,-35.275764,0.133062,0.010201,0.026461,1.000000,0.999997,-3.542804,83460.992188,1.017619,1.000000,0.000000,1.000000,1.000000,1.000000,1.000000,1.000000,0.370904,1.000000,0.650921,0.000000
66.584271,4.000000,1330.186279,-4.660530,700.925003,0.119703,0.000000,158.966385,147.888443,154.200071,-0.274207,-0.051787,-0.752862,0.243227,0.175675,-0.660414,-35.385082,0.149891,0.006787,0.032474,1.000000,0.999997,-3.477439,83460.992188,1.029298,1.000000,0.000000,1.000000,1.000000,1.000000,1.000000,1.000000,0.374556,1.000000,0.661982,0.000000
66.636169,4.000000,1334.303467,-4.622544,700.938331,0.095045,0.000000,158.431335,147.242722,153.526758,-0.452294,-0.054463,-0.947162,0.264101,0.191588,-0.663311,-35.492893,0.161199,0.006815,0.041943,1.000000,0.999997,-3.388494,83460.992188,1.033330,1.000000,0.000000,1.000000,1.000000,1.000000,1.000000,1.000000,0.378189,1.000000,0.681452,0.000000
66.689516,4.000000,1338.501953,-4.583336,700.953096,0.089002,0.000000,157.871338,146.597107,152.853563,-0.630118,-0.060115,-1.137508,0.281791,0.205321,-0.666232,-35.602837,0.169038,0.011997,0.053274,1.000000,0.999997,-3.284492,83460.992188,1.009263,1.000000,0.000000,1.000000,1.000000,1.000000,1.000000,1.000000,0.381924,1.000000,0.695636,0.000000
66.740849,4.000000,1342.525269,-4.545422,700.967909,0.088148,0.000000,157.324020,145.980820,152.211023,-0.795996,-0.068432,-1.311061,0.291724,0.213456,-0.669044,-35.708191,0.175363,0.014686,0.064144,1.000000,0.999997,-3.185804,83460.992188,0.999228,1.000000,0.000000,1.000000,1.000000,1.000000,1.000000,1.000000,0.385517,1.000000,0.703180,0.000000
66.792933,4.000000,1346.563843,-4.507131,700.983332,0.074964,0.000000,156.760742,145.358536,151.562195,-0.959371,-0.077197,-1.480639,0.298679,0.219480,-0.671908,-35.813942,0.182266,0.013980,0.074224,1.000000,0.999997,-3.095872,83460.992188,1.002443,1.000000,0.000000,1.000000,1.000000,1.000000,1.000000,1.000000,0.389163,1.000000,0.708587,0.000000
66.845709,4.000000,1350.653687,-4.468209,700.999388,0.070020,0.000000,156.182480,144.718582,150.894963,-1.120576,-0.082225,-1.648369,0.306651,0.226335,-0.674878,-35.921040,0.202604,0.008566,0.082722,1.000000,0.999997,-3.019584,83460.992188,0.992555,1.000000,0.000000,1.000000,1.000000,1.000000,1.000000,1.000000,0.392857,1.000000,0.714303,0.000000
66.898795,4.000000,1354.751221,-4.429146,701.012448,0.075880,0.000000,155.593842,144.067993,150.217378,-1.277818,-0.033868,-1.723926,0.208640,0.154689,-0.677922,-36.028339,0.221461,-0.094302,0.091180,1.000000,0.999997,-2.916163,83460.992188,0.819909,1.000000,0.000000,1.000000,1.000000,1.000000,1.000000,1.000000,0.396573,1.000000,0.601180,0.000000
66.951042,4.000000,1358.766968,-4.390779,701.017704,0.076063,0.000000,155.008286,143.415131,149.537199,-1.427192,0.024888,-1.747514,0.046116,0.034346,-0.681006,-36.133495,0.240773,-0.042218,0.093225,1.000000,0.999997,-2.816844,83460.992188,0.728442,1.000000,0.000000,1.000000,1.000000,1.000000,1.000000,1.000000,0.400230,1.000000,0.429858,0.000000
67.008088,4.000000,1362.921387,-4.351073,701.015901,0.074720,0.000000,154.361740,142.706955,148.798766,-1.586335,0.047434,-1.833166,-0.058274,-0.043617,-0.684385,-36.242283,0.275139,-0.014930,0.090229,1.000000,0.999997,-2.777365,83460.992188,0.852810,1.000000,0.000000,1.000000,1.000000,1.000000,1.000000,1.000000,0.404224,1.000000,0.329558,0.000000
67.060920,4.000000,1367.180664,-4.310414,701.010727,0.078626,0.000000,153.757263,141.949387,148.008723,-1.732917,0.051323,-1.945632,-0.111414,-0.083837,-0.688038,-36.353813,0.313787,0.000093,0.084763,1.000000,0.999997,-2.773371,83460.992188,0.907898,1.000000,0.000000,1.000000,1.000000,1.000000,1.000000,1.000000,0.407922,1.000000,0.282585,0.000000
67.115108,4.000000,1371.282959,-4.271353,701.003637,0.084180,0.000000,153.130814,141.211212,147.238909,-1.883144,0.044854,-2.076361,-0.138463,-0.104736,-0.691635,-36.461235,0.354672,0.005782,0.079499,1.000000,0.999997,-2.771768,83460.992188,0.930662,1.000000,0.000000,1.000000,1.000000,1.000000,1.000000,1.000000,0.411715,1.000000,0.255326,0.000000
67.169161,4.000000,1375.339478,-4.232862,700.995377,0.070692,0.000000,152.499298,140.473831,146.469910,-2.032805,0.039468,-2.211442,-0.158379,-0.120430,-0.695265,-36.567459,0.395490,0.002048,0.074726,1.000000,0.999997,-2.766740,83460.992188,0.950857,1.000000,0.000000,1.000000,1.000000,1.000000,1.000000,1.000000,0.415499,1.000000,0.234802,0.000000
67.224250,4.000000,1379.482422,-4.193697,700.986555,0.055433,0.000000,151.848740,139.713806,145.677376,-2.185367,0.038095,-2.365154,-0.158598,-0.121252,-0.699048,-36.675949,0.440041,-0.002398,0.070200,1.000000,0.999997,-2.774570,83460.992188,0.982758,1.000000,0.000000,1.000000,1.000000,1.000000,1.000000,1.000000,0.419355,1.000000,0.235024,0.000000
67.277667,4.000000,1383.474365,-4.156106,700.978490,0.045362,0.000000,151.211304,138.975891,144.907948,-2.334126,0.040656,-2.522568,-0.146567,-0.112649,-0.702759,-36.780479,0.486311,-0.006521,0.066005,1.000000,0.999997,-2.795407,83460.992188,0.980266,1.000000,0.000000,1.000000,1.000000,1.000000,1.000000,1.000000,0.423094,1.000000,0.245030,0.000000
67.334245,4.000000,1387.609863,-4.117317,700.970484,0.046155,0.000000,150.528381,138.206345,144.105522,-2.493160,0.046654,-2.685921,-0.139493,-0.107809,-0.706672,-36.888771,0.537775,-0.009313,0.061715,1.000000,0.999997,-2.825895,83460.992188,0.968976,1.000000,0.000000,1.000000,1.000000,1.000000,1.000000,1.000000,0.427055,1.000000,0.249229,0.000000
67.387338,4.000000,1391.552490,-4.080490,700.963119,0.044874,0.000000,149.881027,137.467667,143.335307,-2.644197,0.052796,-2.836110,-0.138701,-0.107773,-0.710469,-36.992012,0.588630,-0.008573,0.057793,1.000000,0.999997,-2.862647,83460.992188,0.953023,1.000000,0.000000,1.000000,1.000000,1.000000,1.000000,1.000000,0.430771,1.000000,0.246807,0.000000
67.439282,4.000000,1395.418457,-4.044538,700.955732,0.039503,0.000000,149.241409,136.738632,142.575029,-2.794072,0.055565,-2.981215,-0.144033,-0.112513,-0.714257,-37.093246,0.641109,-0.003123,0.054055,1.000000,0.999997,-2.906805,83460.992188,0.950016,1.000000,0.000000,1.000000,1.000000,1.000000,1.000000,1.000000,0.434407,1.000000,0.239405,0.000000
67.492324,4.000000,1399.266724,-4.008930,700.948663,0.032606,0.000000,148.581650,135.980988,141.785090,-2.945616,0.054948,-3.187087,-0.115335,-0.090597,-0.718236,-37.194019,0.599491,-0.003120,0.050133,1.000000,0.999997,-2.423728,83460.992188,1.455829,1.000000,1.000000,1.000000,1.000000,1.000000,1.000000,1.000000,0.438120,1.000000,0.307072,0.000000
67.545319,4.000000,1403.134277,-3.973321,700.948853,0.032667,0.000000,147.915070,135.035919,140.799850,-3.028232,0.058431,-3.357067,0.032510,0.025716,-0.723261,-37.295292,0.364329,-0.009639,0.044349,1.000000,0.999997,-0.992003,83460.992188,0.999457,1.000000,1.000000,1.000000,1.000000,1.000000,1.000000,1.000000,0.441830,1.000000,0.415406,0.000000
67.597597,4.000000,1406.892090,-3.938837,700.950861,0.029005,0.000000,147.249268,134.327423,140.061120,-3.061691,0.063565,-3.390606,0.037549,0.029859,-0.727075,-37.393696,0.269629,-0.008043,0.039788,1.000000,0.999997,-0.426211,83460.992188,0.934500,1.000000,1.000000,1.000000,1.000000,1.000000,1.000000,1.000000,0.445489,1.000000,0.413318,0.000000
67.649419,4.000000,1410.603638,-3.904903,700.952489,0.011671,0.000000,146.582077,133.631012,139.335011,-3.077038,0.065984,-3.399784,0.029192,0.023334,-0.730864,-37.490887,0.233570,-0.006250,0.036362,1.000000,0.999997,-0.216314,83460.992188,0.943270,1.000000,1.000000,1.000000,1.000000,1.000000,1.000000,1.000000,0.449117,1.000000,0.403458,0.000000
67.701350,4.000000,1414.279541,-3.871430,700.953882,0.018018,0.000000,145.907303,132.939774,138.614271,-3.085773,0.069141,-3.406670,0.026312,0.021141,-0.734664,-37.587143,0.219144,-0.009065,0.033558,1.000000,0.999997,-0.137605,83460.992188,0.949730,1.000000,1.000000,1.000000,1.000000,1.000000,1.000000,1.000000,0.452752,1.000000,0.399050,0.000000
67.758110,4.000000,1418.317627,-3.834808,700.955188,0.026685,0.000000,145.163223,132.177353,137.819349,-3.092325,0.073486,-3.408464,0.021090,0.017043,-0.738901,-37.692883,0.211622,-0.009037,0.030742,1.000000,0.999997,-0.102387,83460.992188,0.938231,1.000000,1.000000,1.000000,1.000000,1.000000,1.000000,1.000000,0.456725,1.000000,0.390880,0.000000
67.810332,4.000000,1422.027100,-3.801295,700.956010,0.031263,0.000000,144.474594,131.473724,137.085676,-3.096860,0.078792,-3.406539,0.013255,0.010769,-0.742855,-37.790020,0.205763,-0.011479,0.028442,1.000000,0.999997,-0.078211,83460.992188,0.935235,1.000000,1.000000,1.000000,1.000000,1.000000,1.000000,1.000000,0.460381,1.000000,0.380864,0.000000
67.862029,4.000000,1425.668457,-3.768507,700.956299,0.042676,0.000000,143.789383,130.779694,136.362029,-3.100645,0.087673,-3.401350,0.002141,0.001749,-0.746797,-37.885372,0.201750,-0.019739,0.026547,1.000000,0.999997,-0.065057,83460.992188,0.936380,1.000000,1.000000,1.000000,1.000000,1.000000,1.000000,1.000000,0.464000,1.000000,0.367877,0.000000
67.913642,4.000000,1429.248657,-3.736351,700.956133,0.042554,0.000000,143.102310,130.094955,135.648066,-3.103239,0.104068,-3.399133,-0.004647,-0.003815,-0.750727,-37.979122,0.194837,-0.026624,0.024580,1.000000,0.999997,-0.037566,83460.992188,0.950835,1.000000,1.000000,1.000000,1.000000,1.000000,1.000000,1.000000,0.467612,1.000000,0.360077,0.000000
67.965724,4.000000,1432.881958,-3.703773,700.955859,0.043592,0.000000,142.406570,129.401672,134.925190,-3.104324,0.120461,-3.400030,-0.004978,-0.004109,-0.754748,-38.074265,0.186942,-0.024596,0.021514,1.000000,0.999997,-0.007549,83460.992188,0.951742,1.000000,1.000000,1.000000,1.000000,1.000000,1.000000,1.000000,0.471258,1.000000,0.357936,0.000000
68.018967,4.000000,1436.520874,-3.671197,700.955393,0.042493,0.000000,141.693253,128.714294,134.208468,-3.103947,0.135370,-3.394495,-0.010566,-0.008768,-0.758779,-38.169552,0.178964,-0.024753,0.016854,1.000000,0.999997,0.019858,83460.992188,0.945859,1.000000,1.000000,1.000000,1.000000,1.000000,1.000000,1.000000,0.474985,1.000000,0.349806,0.000000
68.072976,4.000000,1440.272339,-3.637652,700.954720,0.039136,0.000000,140.968262,128.014328,133.478592,-3.102133,0.149471,-3.391749,-0.012401,-0.010347,-0.762927,-38.267788,0.171425,-0.023071,0.010337,1.000000,0.999997,0.041956,83460.992188,0.958538,1.000000,1.000000,1.000000,1.000000,1.000000,1.000000,1.000000,0.478766,1.000000,0.346814,0.000000
68.125104,4.000000,1443.820557,-3.605939,700.954146,0.044630,0.000000,140.268051,127.363922,132.800415,-3.100016,0.158907,-3.391574,-0.010154,-0.008516,-0.766823,-38.360703,0.168431,-0.019885,0.001765,1.000000,0.999997,0.038433,83460.992188,0.962219,1.000000,1.000000,1.000000,1.000000,1.000000,1.000000,1.000000,0.482415,1.000000,0.347373,0.000000
68.177322,4.000000,1447.377930,-3.574133,700.953673,0.039686,0.000000,139.566589,126.721710,132.130795,-3.097658,0.168734,-3.391162,-0.008249,-0.006953,-0.770708,-38.453854,0.162042,-0.022949,-0.008235,1.000000,0.999997,0.052803,83460.992188,0.970085,1.000000,1.000000,1.000000,1.000000,1.000000,1.000000,1.000000,0.486070,1.000000,0.347948,0.000000
68.231190,4.000000,1451.025024,-3.541457,700.953409,0.033094,0.000000,138.843430,126.069809,131.451090,-3.094823,0.180193,-3.392309,-0.003276,-0.002776,-0.774693,-38.549358,0.158933,-0.024001,-0.019491,1.000000,0.999997,0.047001,83460.992188,0.968544,1.000000,1.000000,1.000000,1.000000,1.000000,1.000000,1.000000,0.489841,1.000000,0.350883,0.000000
68.283714,4.000000,1454.536987,-3.509868,700.953502,0.031263,0.000000,138.139709,125.444527,130.799103,-3.092881,0.190605,-3.398257,0.005214,0.004439,-0.778554,-38.641319,0.157893,-0.023273,-0.030865,1.000000,0.999997,0.031024,83460.992188,0.978703,1.000000,1.000000,1.000000,1.000000,1.000000,1.000000,1.000000,0.493517,1.000000,0.358422,0.000000
68.337126,4.000000,1458.110229,-3.477541,700.954010,0.028883,0.000000,137.425735,124.809509,130.136972,-3.091842,0.199353,-3.401055,0.010847,0.009283,-0.782515,-38.734890,0.157133,-0.021618,-0.042531,1.000000,0.999997,0.013980,83460.992188,0.964536,1.000000,1.000000,1.000000,1.000000,1.000000,1.000000,1.000000,0.497256,1.000000,0.361128,0.000000
68.390924,4.000000,1461.717773,-3.444650,700.954668,0.034986,0.000000,136.708939,124.170441,129.470629,-3.091092,0.206896,-3.402331,0.013237,0.011387,-0.786542,-38.829357,0.152417,-0.021989,-0.052915,1.000000,0.999997,0.018835,83460.992188,0.965648,1.000000,1.000000,1.000000,1.000000,1.000000,1.000000,1.000000,0.501022,1.000000,0.361702,0.000000
68.443722,4.000000,1465.225830,-3.412355,700.955422,0.032728,0.000000,136.008224,123.565254,128.839612,-3.089826,0.214730,-3.402624,0.014925,0.012901,-0.790394,-38.921219,0.145144,-0.023985,-0.059180,1.000000,0.999997,0.037003,83460.992188,0.970609,1.000000,1.000000,1.000000,1.000000,1.000000,1.000000,1.000000,0.504718,1.000000,0.361813,0.000000
68.496354,4.000000,1468.704468,-3.379963,700.956382,0.031385,0.000000,135.312881,122.991646,128.241534,-3.087202,0.224711,-3.403552,0.019761,0.017162,-0.794079,-39.012310,0.137153,-0.027415,-0.060015,1.000000,0.999997,0.056432,83460.992188,0.961384,1.000000,1.000000,1.000000,1.000000,1.000000,1.000000,1.000000,0.508402,1.000000,0.364297,0.000000
68.548332,4.000000,1472.105347,-3.347887,700.957223,0.034315,0.000000,134.630035,122.461769,127.689044,-3.084091,0.235275,-3.394253,0.013732,0.011977,-0.797515,-39.101364,0.130041,-0.025789,-0.055419,1.000000,0.999997,0.070274,83460.992188,0.950930,1.000000,1.000000,1.000000,1.000000,1.000000,1.000000,1.000000,0.512041,1.000000,0.355706,0.000000
68.600123,4.000000,1475.495361,-3.315490,700.957715,0.034376,0.000000,133.954239,121.960861,127.166763,-3.079772,0.244358,-3.386040,0.008387,0.007345,-0.800790,-39.190136,0.121061,-0.026171,-0.045963,1.000000,0.999997,0.092706,83460.992188,0.966865,1.000000,1.000000,1.000000,1.000000,1.000000,1.000000,1.000000,0.515666,1.000000,0.349867,0.000000
68.651887,4.000000,1478.851196,-3.283002,700.958180,0.029554,0.000000,133.284271,121.485458,126.671073,-3.074675,0.253007,-3.382839,0.009938,0.008738,-0.803923,-39.278011,0.114344,-0.023693,-0.033524,1.000000,0.999997,0.101131,83460.992188,0.976962,1.000000,1.000000,1.000000,1.000000,1.000000,1.000000,1.000000,0.519290,1.000000,0.350695,0.000000
68.704991,4.000000,1482.303345,-3.249169,700.958830,0.028089,0.000000,132.603500,121.009338,126.174642,-3.069591,0.256312,-3.381175,0.013799,0.012180,-0.807086,-39.368408,0.109955,-0.015773,-0.020925,1.000000,0.999997,0.095781,83460.992188,0.977643,1.000000,1.000000,1.000000,1.000000,1.000000,1.000000,1.000000,0.523007,1.000000,0.353214,0.000000
68.757649,4.000000,1485.706055,-3.215464,700.959711,0.020216,0.000000,131.935989,120.549995,125.695710,-3.064691,0.254050,-3.380297,0.018478,0.016373,-0.810160,-39.457512,0.105794,-0.011121,-0.010393,1.000000,0.999997,0.089244,83460.992188,0.976388,1.000000,1.000000,1.000000,1.000000,1.000000,1.000000,1.000000,0.526693,1.000000,0.356405,0.000000
68.813166,4.000000,1489.259766,-3.179939,700.960798,0.028333,0.000000,131.240768,120.077682,125.203224,-3.059983,0.249231,-3.375505,0.019415,0.017270,-0.813347,-39.550568,0.101462,-0.009892,-0.002472,1.000000,0.999997,0.082496,83460.992188,0.961737,1.000000,1.000000,1.000000,1.000000,1.000000,1.000000,1.000000,0.530579,1.000000,0.354887,0.000000
68.868896,4.000000,1492.785889,-3.144410,700.961722,0.028150,0.000000,130.552643,119.612274,124.717960,-3.055612,0.245515,-3.367967,0.015784,0.014096,-0.816511,-39.642902,0.097680,-0.012291,0.001672,1.000000,0.999997,0.073263,83460.992188,0.965700,1.000000,1.000000,1.000000,1.000000,1.000000,1.000000,1.000000,0.534480,1.000000,0.349924,0.000000
68.924987,4.000000,1496.409302,-3.107631,700.962569,0.030591,0.000000,129.870468,119.133499,124.218733,-3.052007,0.244584,-3.363627,0.015226,0.013652,-0.819792,-39.737785,0.096175,-0.014581,0.001593,1.000000,0.999997,0.052585,83460.992188,0.959908,1.000000,1.000000,1.000000,1.000000,1.000000,1.000000,1.000000,0.538407,1.000000,0.347694,0.000000
68.978818,4.000000,1499.847900,-3.072482,700.963189,0.033643,0.000000,129.226044,118.675270,123.740973,-3.050160,0.243913,-3.357971,0.010428,0.009386,-0.822957,-39.827831,0.098193,-0.013239,-0.002948,1.000000,0.999997,0.016443,83460.992188,0.967659,1.000000,1.000000,1.000000,1.000000,1.000000,1.000000,1.000000,0.542175,1.000000,0.342113,0.000000
69.034498,4.000000,1503.365967,-3.036273,700.963721,0.029737,0.000000,128.569748,118.198318,123.243659,-3.050423,0.244531,-3.357585,0.009468,0.008556,-0.826277,-39.919952,0.102026,-0.017227,-0.012357,1.000000,0.999997,-0.026756,83460.992188,0.969740,1.000000,1.000000,1.000000,1.000000,1.000000,1.000000,1.000000,0.546072,1.000000,0.339999,0.000000
69.087536,4.000000,1506.755371,-3.001120,700.964215,0.028638,0.000000,127.954613,117.722221,122.747213,-3.052773,0.249484,-3.361244,0.010007,0.009080,-0.829618,-40.008709,0.103323,-0.024083,-0.026344,1.000000,0.999997,-0.051232,83460.992188,0.981872,1.000000,1.000000,1.000000,1.000000,1.000000,1.000000,1.000000,0.549785,1.000000,0.340088,0.000000
69.142578,4.000000,1510.217407,-2.964875,700.964993,0.028699,0.000000,127.325661,117.210487,122.213646,-3.055854,0.259944,-3.370668,0.016763,0.015276,-0.833240,-40.099365,0.102636,-0.028710,-0.046630,1.000000,0.999997,-0.064582,83460.992188,0.983605,1.000000,1.000000,1.000000,1.000000,1.000000,1.000000,1.000000,0.553638,1.000000,0.345583,0.000000
69.195268,4.000000,1513.506714,-2.930061,700.967951,0.033094,0.000000,126.732231,116.691734,121.672679,-3.041875,0.270828,-3.409716,0.072263,0.066147,-0.836944,-40.185497,0.000639,-0.028564,-0.068651,1.000000,0.999997,0.452539,83460.992188,1.009989,1.000000,1.000000,1.000000,1.000000,1.000000,1.000000,1.000000,0.557326,1.000000,0.401985,0.000000
69.249341,4.000000,1516.884521,-2.893878,700.972269,0.042066,0.000000,126.130836,116.131889,121.088927,-3.013163,0.280244,-3.384216,0.079944,0.073530,-0.840978,-40.273949,-0.034537,-0.029428,-0.093228,1.000000,0.999997,0.570093,83460.992188,0.953612,1.000000,1.000000,1.000000,1.000000,1.000000,1.000000,1.000000,0.561111,1.000000,0.403620,0.000000
69.302539,4.000000,1520.155396,-2.858333,700.976249,0.052198,0.000000,125.545815,115.567924,120.500948,-2.981939,0.291884,-3.345449,0.072146,0.066682,-0.845081,-40.359600,-0.055629,-0.033738,-0.114562,1.000000,0.999997,0.605023,83460.992188,0.947182,1.000000,1.000000,1.000000,1.000000,1.000000,1.000000,1.000000,0.564835,1.000000,0.393592,0.000000
69.358016,4.000000,1523.579956,-2.820478,700.979934,0.062269,0.000000,124.941391,114.951393,119.858133,-2.947699,0.305727,-3.304236,0.064083,0.059547,-0.849613,-40.449276,-0.075476,-0.034637,-0.131651,1.000000,0.999997,0.626185,83460.992188,0.950466,1.000000,1.000000,1.000000,1.000000,1.000000,1.000000,1.000000,0.568719,1.000000,0.384124,0.000000
69.413222,4.000000,1526.971313,-2.782250,700.983303,0.054700,0.000000,124.344658,114.300591,119.179578,-2.913849,0.317149,-3.268371,0.060679,0.056705,-0.854449,-40.538082,-0.087593,-0.032380,-0.141303,1.000000,0.999997,0.604594,83460.992188,0.964583,1.000000,1.000000,1.000000,1.000000,1.000000,1.000000,1.000000,0.572583,1.000000,0.379930,0.000000
69.468253,4.000000,1530.296265,-2.743979,700.987576,0.056715,0.000000,123.752960,113.598709,118.447655,-2.882645,0.316581,-3.290392,0.101296,0.095247,-0.859728,-40.625149,-0.084049,0.013296,-0.140854,1.000000,0.999997,0.499022,83460.992188,1.147033,1.000000,1.000000,1.000000,1.000000,1.000000,1.000000,1.000000,0.576435,1.000000,0.434203,0.000000
69.521042,4.000000,1533.545898,-2.705856,700.995988,0.044324,0.000000,123.186562,112.859314,117.676402,-2.861929,0.258299,-3.350473,0.178370,0.168816,-0.865362,-40.710243,-0.064833,0.056002,-0.132423,1.000000,0.999997,0.319981,83460.992188,1.266859,1.000000,1.000000,1.000000,1.000000,1.000000,1.000000,1.000000,0.580130,1.000000,0.516616,0.000000
69.577355,4.000000,1536.942505,-2.665394,701.011006,0.047437,0.000000,122.580856,112.086197,116.869423,-2.849972,0.218274,-3.439893,0.298651,0.284605,-0.871337,-40.799187,-0.040999,0.009699,-0.119829,1.000000,0.999997,0.123034,83460.992188,1.066398,1.000000,1.000000,1.000000,1.000000,1.000000,1.000000,1.000000,0.584072,1.000000,0.619298,0.000000
69.631161,4.000000,1540.142456,-2.626564,701.028684,0.043043,0.000000,121.999733,111.367981,116.120216,-2.849128,0.204645,-3.475974,0.339617,0.325732,-0.876958,-40.882980,-0.013344,-0.002532,-0.108002,1.000000,0.999997,-0.074111,83460.992188,1.007792,1.000000,1.000000,1.000000,1.000000,1.000000,1.000000,1.000000,0.587839,1.000000,0.653769,0.000000
69.686156,4.000000,1543.382080,-2.586476,701.048217,0.043958,0.000000,121.401917,110.655075,115.376711,-2.858307,0.195621,-3.506654,0.361292,0.348754,-0.882608,-40.967812,0.010313,-0.003001,-0.093832,1.000000,0.999997,-0.232405,83460.992188,0.986637,1.000000,1.000000,1.000000,1.000000,1.000000,1.000000,1.000000,0.591688,1.000000,0.671803,0.000000
69.740121,4.000000,1546.610107,-2.545753,701.068005,0.046766,0.000000,120.811096,109.960907,114.652930,-2.873675,0.187258,-3.528131,0.367795,0.357272,-0.888179,-41.052341,0.022849,-0.003710,-0.077112,1.000000,0.999997,-0.317048,83460.992188,0.957386,1.000000,1.000000,1.000000,1.000000,1.000000,1.000000,1.000000,0.595466,1.000000,0.673919,0.000000
69.791650,4.000000,1549.632568,-2.506946,701.086910,0.051771,0.000000,120.242981,109.331047,113.996294,-2.890530,0.180794,-3.547343,0.367335,0.358881,-0.893294,-41.131489,0.020856,-0.004673,-0.057891,1.000000,0.999997,-0.316180,83460.992188,0.971719,1.000000,1.000000,1.000000,1.000000,1.000000,1.000000,1.000000,0.599073,1.000000,0.672453,0.000000
69.843720,4.000000,1552.664673,-2.467385,701.106117,0.044141,0.000000,119.664993,108.719238,113.358403,-2.905332,0.175095,-3.565400,0.369185,0.362717,-0.898320,-41.210884,0.007305,-0.003044,-0.035814,1.000000,0.999997,-0.254732,83460.992188,0.965371,1.000000,1.000000,1.000000,1.000000,1.000000,1.000000,1.000000,0.602718,1.000000,0.671967,0.000000
69.895715,4.000000,1555.686279,-2.427384,701.125446,0.028028,0.000000,119.084244,108.127113,112.741023,-2.916935,0.166443,-3.584359,0.374005,0.369466,-0.903238,-41.290009,-0.005095,0.002211,-0.011685,1.000000,0.999997,-0.204809,83460.992188,0.973691,1.000000,1.000000,1.000000,1.000000,1.000000,1.000000,1.000000,0.606358,1.000000,0.675700,0.000000
69.950033,4.000000,1558.813477,-2.385467,701.145830,0.044935,0.000000,118.474213,107.528656,112.117117,-2.927163,0.155136,-3.596493,0.375360,0.372867,-0.908264,-41.371899,-0.015265,0.004703,0.015122,1.000000,0.999997,-0.171063,83460.992188,0.953998,1.000000,1.000000,1.000000,1.000000,1.000000,1.000000,1.000000,0.610160,1.000000,0.673792,0.000000
70.003379,4.000000,1561.848511,-2.344390,701.165508,0.067152,0.000000,117.872765,106.958801,111.523161,-2.934975,0.143235,-3.593928,0.364681,0.364189,-0.913100,-41.451374,-0.026964,0.005447,0.042464,1.000000,0.999997,-0.132051,83460.992188,0.933433,1.000000,1.000000,1.000000,1.000000,1.000000,1.000000,1.000000,0.613894,1.000000,0.659725,0.000000
70.057708,4.000000,1564.985474,-2.301654,701.184664,0.080579,0.000000,117.258522,106.377914,110.917771,-2.941705,0.130581,-3.584282,0.346650,0.348072,-0.918083,-41.533516,-0.034405,0.008641,0.070847,1.000000,0.999997,-0.119052,83460.992188,0.927740,1.000000,1.000000,1.000000,1.000000,1.000000,1.000000,1.000000,0.617697,1.000000,0.639794,0.000000
70.110933,4.000000,1568.009766,-2.260317,701.202429,0.084669,0.000000,116.655998,105.824234,110.340745,-2.947678,0.116431,-3.574893,0.328518,0.331591,-0.922884,-41.612713,-0.041987,0.012035,0.099037,1.000000,0.999997,-0.105579,83460.992188,0.943715,1.000000,1.000000,1.000000,1.000000,1.000000,1.000000,1.000000,0.621423,1.000000,0.621166,0.000000
70.163042,4.000000,1570.977661,-2.219760,701.219268,0.069593,0.000000,116.066109,105.281456,109.774952,-2.953001,0.099200,-3.576343,0.321763,0.326447,-0.927639,-41.690430,-0.046708,0.019281,0.126047,1.000000,0.999997,-0.108098,83460.992188,0.959450,1.000000,1.000000,1.000000,1.000000,1.000000,1.000000,1.000000,0.625070,1.000000,0.614097,0.000000
70.215407,4.000000,1573.891235,-2.180106,701.236049,0.060377,0.000000,115.473671,104.741714,109.212251,-2.958982,0.076534,-3.584537,0.321051,0.327403,-0.932418,-41.766724,-0.049734,0.025920,0.151440,1.000000,0.999997,-0.118676,83460.992188,0.973854,1.000000,1.000000,1.000000,1.000000,1.000000,1.000000,1.000000,0.628736,1.000000,0.612997,0.000000
70.269196,4.000000,1576.862915,-2.139987,701.253526,0.062025,0.000000,114.865898,104.175446,108.621825,-2.965369,0.051558,-3.599079,0.327009,0.335291,-0.937485,-41.844540,-0.053849,0.027614,0.174165,1.000000,0.999997,-0.123557,83460.992188,0.974566,1.000000,1.000000,1.000000,1.000000,1.000000,1.000000,1.000000,0.632501,1.000000,0.617519,0.000000
70.321374,4.000000,1579.804565,-2.100744,701.270800,0.054639,0.000000,114.277374,103.590271,108.011659,-2.972082,0.029296,-3.614124,0.333260,0.343630,-0.942780,-41.921570,-0.056731,0.024324,0.191536,1.000000,0.999997,-0.133456,83460.992188,0.972461,1.000000,1.000000,1.000000,1.000000,1.000000,1.000000,1.000000,0.636154,1.000000,0.622125,0.000000
70.374340,4.000000,1582.721436,-2.062412,701.288603,0.065198,0.000000,113.680740,102.973648,107.368726,-2.979392,0.012739,-3.628419,0.337672,0.350264,-0.948425,-41.997952,-0.059630,0.017558,0.202148,1.000000,0.999997,-0.142609,83460.992188,0.973845,1.000000,1.000000,1.000000,1.000000,1.000000,1.000000,1.000000,0.639861,1.000000,0.625099,0.000000
70.427848,4.000000,1585.667847,-2.024377,701.306712,0.076368,0.000000,113.078217,102.297821,106.664114,-2.987505,0.001942,-3.636314,0.337114,0.351995,-0.954689,-42.075104,-0.058845,0.012978,0.200676,1.000000,0.999997,-0.170962,83460.992188,0.944107,1.000000,1.000000,1.000000,1.000000,1.000000,1.000000,1.000000,0.643607,1.000000,0.620757,0.000000
70.480119,4.000000,1588.534058,-1.988114,701.324074,0.080823,0.000000,112.489243,101.594421,105.930849,-2.997798,-0.003268,-3.640564,0.329537,0.346466,-0.961296,-42.150158,-0.054914,0.006106,0.188155,1.000000,0.999997,-0.211838,83460.992188,0.936046,1.000000,1.000000,1.000000,1.000000,1.000000,1.000000,1.000000,0.647266,1.000000,0.610780,0.000000
70.532923,4.000000,1591.401978,-1.952625,701.341022,0.091016,0.000000,111.892769,100.911758,105.219251,-3.008945,-0.003327,-3.640391,0.316635,0.335153,-0.967796,-42.225258,-0.059402,0.001657,0.171906,1.000000,0.999997,-0.204582,83460.992188,0.938337,1.000000,1.000000,1.000000,1.000000,1.000000,1.000000,1.000000,0.650962,1.000000,0.596023,0.000000
70.586949,4.000000,1594.242798,-1.918313,701.357907,0.085401,0.000000,111.280304,100.250259,104.529632,-3.019155,-0.001662,-3.649182,0.311936,0.332357,-0.974180,-42.299648,-0.068266,0.000548,0.148837,1.000000,0.999997,-0.174915,83460.992188,0.956384,1.000000,1.000000,1.000000,1.000000,1.000000,1.000000,1.000000,0.654744,1.000000,0.590703,0.000000
70.638963,4.000000,1597.054688,-1.885247,701.374114,0.082777,0.000000,110.688560,99.613510,103.865774,-3.027366,0.000810,-3.659552,0.311724,0.334254,-0.980405,-42.373280,-0.077748,-0.002012,0.122442,1.000000,0.999997,-0.143801,83460.992188,0.959858,1.000000,1.000000,1.000000,1.000000,1.000000,1.000000,1.000000,0.658385,1.000000,0.589013,0.000000
70.692216,4.000000,1599.919800,-1.852510,701.390680,0.073926,0.000000,110.080505,98.983185,103.208618,-3.034440,0.005198,-3.668013,0.311151,0.335765,-0.986646,-42.448303,-0.085973,-0.004453,0.093661,1.000000,0.999997,-0.122445,83460.992188,0.957550,1.000000,1.000000,1.000000,1.000000,1.000000,1.000000,1.000000,0.662113,1.000000,0.586601,0.000000
70.744722,4.000000,1602.690063,-1.821778,701.407023,0.063734,0.000000,109.479195,98.382515,102.582340,-3.040429,0.012937,-3.678566,0.312342,0.339107,-0.992669,-42.520847,-0.093392,-0.012041,0.065497,1.000000,0.999997,-0.106796,83460.992188,0.973117,1.000000,1.000000,1.000000,1.000000,1.000000,1.000000,1.000000,0.665788,1.000000,0.587212,0.000000
70.797043,4.000000,1605.419800,-1.792356,701.423571,0.065931,0.000000,108.878502,97.795975,101.970758,-3.045593,0.026175,-3.693290,0.318735,0.348123,-0.998621,-42.592327,-0.100495,-0.019182,0.038099,1.000000,0.999997,-0.094048,83460.992188,0.978276,1.000000,1.000000,1.000000,1.000000,1.000000,1.000000,1.000000,0.669451,1.000000,0.592382,0.000000
70.852240,4.000000,1608.267822,-1.762508,701.441273,0.073377,0.000000,108.243286,97.187714,101.336545,-3.050737,0.046760,-3.700634,0.320208,0.351921,-1.004870,-42.666904,-0.106474,-0.026832,0.011513,1.000000,0.999997,-0.089392,83460.992188,0.956530,1.000000,1.000000,1.000000,1.000000,1.000000,1.000000,1.000000,0.673314,1.000000,0.590585,0.000000
70.903810,4.000000,1610.971680,-1.734887,701.457674,0.080518,0.000000,107.649506,96.607735,100.731912,-3.055268,0.066585,-3.704411,0.317518,0.351059,-1.010900,-42.737709,-0.111789,-0.025834,-0.011913,1.000000,0.999997,-0.086880,83460.992188,0.955807,1.000000,1.000000,1.000000,1.000000,1.000000,1.000000,1.000000,0.676924,1.000000,0.586354,0.000000
70.957181,4.000000,1613.712280,-1.707544,701.474504,0.082288,0.000000,107.034470,96.014236,100.113160,-3.060173,0.084628,-3.708299,0.314621,0.350006,-1.017147,-42.809475,-0.114516,-0.025185,-0.034679,1.000000,0.999997,-0.099171,83460.992188,0.956294,1.000000,1.000000,1.000000,1.000000,1.000000,1.000000,1.000000,0.680660,1.000000,0.581778,0.000000
71.008179,4.000000,1616.283691,-1.682423,701.490413,0.083936,0.000000,106.445969,95.457680,99.532944,-3.065741,0.102632,-3.710837,0.310774,0.347742,-1.023075,-42.876808,-0.115966,-0.030275,-0.053030,1.000000,0.999997,-0.115644,83460.992188,0.947202,1.000000,1.000000,1.000000,1.000000,1.000000,1.000000,1.000000,0.684230,1.000000,0.575619,0.000000
71.060843,4.000000,1619.037964,-1.655994,701.506449,0.084791,0.000000,105.839325,94.854195,98.903863,-3.072037,0.123962,-3.708904,0.301537,0.339552,-1.029581,-42.948933,-0.119609,-0.033356,-0.068841,1.000000,0.999997,-0.119655,83460.992188,0.944741,1.000000,1.000000,1.000000,1.000000,1.000000,1.000000,1.000000,0.687917,1.000000,0.564767,0.000000
71.113015,4.000000,1621.680176,-1.631015,701.521817,0.086500,0.000000,105.238792,94.278023,98.303248,-3.078437,0.146567,-3.705737,0.291300,0.330029,-1.035870,-43.018120,-0.123318,-0.036848,-0.081663,1.000000,0.999997,-0.122629,83460.992188,0.944086,1.000000,1.000000,1.000000,1.000000,1.000000,1.000000,1.000000,0.691569,1.000000,0.552899,0.000000
71.166178,4.000000,1624.347168,-1.606087,701.537058,0.081922,0.000000,104.627304,93.683601,97.683562,-3.084937,0.170567,-3.709526,0.285533,0.325547,-1.042440,-43.087959,-0.128002,-0.039096,-0.092732,1.000000,0.999997,-0.120457,83460.992188,0.966118,1.000000,1.000000,1.000000,1.000000,1.000000,1.000000,1.000000,0.695290,1.000000,0.547031,0.000000
71.218714,4.000000,1626.957520,-1.581893,701.552203,0.081922,0.000000,104.023636,93.072739,97.046628,-3.091106,0.194975,-3.723279,0.289943,0.332745,-1.049280,-43.156311,-0.133569,-0.041150,-0.100948,1.000000,0.999997,-0.113442,83460.992188,0.967954,1.000000,1.000000,1.000000,1.000000,1.000000,1.000000,1.000000,0.698968,1.000000,0.550065,0.000000
71.270843,4.000000,1629.538940,-1.558093,701.567430,0.080701,0.000000,103.424995,92.437965,96.384749,-3.097347,0.217505,-3.734623,0.292912,0.338460,-1.056484,-43.223911,-0.135611,-0.038110,-0.103611,1.000000,0.999997,-0.125418,83460.992188,0.959367,1.000000,1.000000,1.000000,1.000000,1.000000,1.000000,1.000000,0.702617,1.000000,0.550745,0.000000
71.322342,4.000000,1632.099731,-1.534553,701.582542,0.081922,0.000000,102.833481,91.770500,95.688849,-3.104855,0.234462,-3.744918,0.293592,0.341713,-1.064165,-43.290966,-0.132798,-0.031647,-0.101114,1.000000,0.999997,-0.161524,83460.992188,0.954027,1.000000,1.000000,1.000000,1.000000,1.000000,1.000000,1.000000,0.706221,1.000000,0.549251,0.000000
71.374829,4.000000,1634.659912,-1.511051,701.597833,0.089185,0.000000,102.229675,91.102409,94.992319,-3.114057,0.243971,-3.750993,0.289814,0.339789,-1.071966,-43.358006,-0.132952,-0.022289,-0.099131,1.000000,0.999997,-0.178638,83460.992188,0.941571,1.000000,1.000000,1.000000,1.000000,1.000000,1.000000,1.000000,0.709896,1.000000,0.542657,0.000000
71.426453,4.000000,1637.176147,-1.487967,701.612533,0.091627,0.000000,101.634575,90.446022,94.308017,-3.123378,0.246312,-3.754772,0.282867,0.334051,-1.079743,-43.423897,-0.136424,-0.017061,-0.096656,1.000000,0.999997,-0.176317,83460.992188,0.945973,1.000000,1.000000,1.000000,1.000000,1.000000,1.000000,1.000000,0.713509,1.000000,0.534156,0.000000
71.477975,4.000000,1639.659058,-1.465176,701.626931,0.097608,0.000000,101.039070,89.793648,93.627867,-3.132468,0.246247,-3.761683,0.278539,0.331330,-1.087585,-43.488914,-0.139725,-0.014966,-0.093356,1.000000,0.999997,-0.175027,83460.992188,0.952910,1.000000,1.000000,1.000000,1.000000,1.000000,1.000000,1.000000,0.717116,1.000000,0.528527,0.000000
71.530157,4.000000,1642.158813,-1.442182,701.641332,0.100904,0.000000,100.433983,89.130775,92.936787,-3.141488,0.244392,-3.767499,0.274529,0.328988,-1.095670,-43.554371,-0.144832,-0.012731,-0.089759,1.000000,0.999997,-0.164001,83460.992188,0.943722,1.000000,1.000000,1.000000,1.000000,1.000000,1.000000,1.000000,0.720769,1.000000,0.522022,0.000000
71.585469,4.000000,1644.795288,-1.417841,701.656365,0.094312,0.000000,99.790054,88.430885,92.207082,-3.150031,0.241109,-3.775865,0.271210,0.327583,-1.104339,-43.623409,-0.151589,-0.011807,-0.085954,1.000000,0.999997,-0.146383,83460.992188,0.958360,1.000000,1.000000,1.000000,1.000000,1.000000,1.000000,1.000000,0.724640,1.000000,0.517825,0.000000
71.638210,4.000000,1647.250366,-1.395057,701.670783,0.088453,0.000000,99.173920,87.762413,91.510070,-3.157403,0.236930,-3.790915,0.274967,0.334650,-1.112748,-43.687698,-0.157620,-0.009111,-0.082954,1.000000,0.999997,-0.132985,83460.992188,0.965648,1.000000,1.000000,1.000000,1.000000,1.000000,1.000000,1.000000,0.728332,1.000000,0.520210,0.000000
71.694073,4.000000,1649.897339,-1.370335,701.686364,0.086133,0.000000,98.518456,87.043282,90.760195,-3.164607,0.228085,-3.807624,0.280820,0.344597,-1.121940,-43.757011,-0.163248,-0.003267,-0.080150,1.000000,0.999997,-0.123846,83460.992188,0.962591,1.000000,1.000000,1.000000,1.000000,1.000000,1.000000,1.000000,0.732243,1.000000,0.523762,0.000000
71.747066,4.000000,1652.332275,-1.347437,701.701262,0.094495,0.000000,97.894341,86.383041,90.071807,-3.170753,0.219321,-3.813889,0.280351,0.346651,-1.130512,-43.820774,-0.170297,-0.006247,-0.076456,1.000000,0.999997,-0.106677,83460.992188,0.943012,1.000000,1.000000,1.000000,1.000000,1.000000,1.000000,1.000000,0.735952,1.000000,0.519881,0.000000
71.797320,4.000000,1654.618286,-1.325773,701.715089,0.097120,0.000000,97.299797,85.771011,89.433761,-3.175821,0.214752,-3.812776,0.273461,0.340543,-1.138575,-43.880634,-0.176483,-0.009298,-0.072513,1.000000,0.999997,-0.094338,83460.992188,0.943401,1.000000,1.000000,1.000000,1.000000,1.000000,1.000000,1.000000,0.739470,1.000000,0.511219,0.000000
71.851668,4.000000,1657.127197,-1.301771,701.729675,0.099317,0.000000,96.655006,85.099236,88.733412,-3.180855,0.209447,-3.812063,0.266348,0.334304,-1.147559,-43.946335,-0.181945,-0.005891,-0.069498,1.000000,0.999997,-0.088441,83460.992188,0.950185,1.000000,1.000000,1.000000,1.000000,1.000000,1.000000,1.000000,0.743274,1.000000,0.502679,0.000000
71.904942,4.000000,1659.539063,-1.278464,701.743710,0.102613,0.000000,96.021049,84.448997,88.055479,-3.185374,0.202942,-3.812772,0.261914,0.331270,-1.156392,-44.009491,-0.187979,-0.006019,-0.067334,1.000000,0.999997,-0.079463,83460.992188,0.942693,1.000000,1.000000,1.000000,1.000000,1.000000,1.000000,1.000000,0.747003,1.000000,0.495834,0.000000
71.957351,4.000000,1661.909058,-1.255327,701.757232,0.102247,0.000000,95.395737,83.811394,87.390738,-3.189281,0.196840,-3.813295,0.256716,0.327165,-1.165186,-44.071552,-0.194095,-0.005244,-0.064546,1.000000,0.999997,-0.070455,83460.992188,0.950912,1.000000,1.000000,1.000000,1.000000,1.000000,1.000000,1.000000,0.750672,1.000000,0.489441,0.000000
72.009938,4.000000,1664.286499,-1.231868,701.770609,0.101514,0.000000,94.766808,83.165024,86.716832,-3.192876,0.190182,-3.815926,0.253729,0.325871,-1.174238,-44.133808,-0.199406,-0.004447,-0.062125,1.000000,0.999997,-0.066452,83460.992188,0.954910,1.000000,1.000000,1.000000,1.000000,1.000000,1.000000,1.000000,0.754353,1.000000,0.484962,0.000000
72.062244,4.000000,1666.608154,-1.208714,701.783843,0.096082,0.000000,94.140007,82.531059,86.055836,-3.196315,0.183859,-3.819923,0.252706,0.327050,-1.183255,-44.194599,-0.204452,-0.004857,-0.059485,1.000000,0.999997,-0.063914,83460.992188,0.948133,1.000000,1.000000,1.000000,1.000000,1.000000,1.000000,1.000000,0.758015,1.000000,0.481691,0.000000
72.116500,4.000000,1668.984985,-1.184744,701.797340,0.094251,0.000000,93.488602,81.886581,85.383939,-3.199941,0.178208,-3.819231,0.247144,0.322369,-1.192563,-44.256840,-0.208520,-0.004968,-0.057158,1.000000,0.999997,-0.067554,83460.992188,0.953101,1.000000,1.000000,1.000000,1.000000,1.000000,1.000000,1.000000,0.761813,1.000000,0.474596,0.000000
72.169907,4.000000,1671.303467,-1.161098,701.810463,0.090833,0.000000,92.846619,81.247452,84.717559,-3.204199,0.172265,-3.824075,0.245455,0.322684,-1.201941,-44.317551,-0.209158,-0.003725,-0.054992,1.000000,0.999997,-0.088477,83460.992188,0.956472,1.000000,1.000000,1.000000,1.000000,1.000000,1.000000,1.000000,0.765551,1.000000,0.471304,0.000000
72.222481,4.000000,1673.592163,-1.137500,701.823381,0.093519,0.000000,92.214127,80.614563,84.057660,-3.209261,0.165239,-3.833876,0.246560,0.326681,-1.211374,-44.377483,-0.210813,-0.000651,-0.053138,1.000000,0.999997,-0.101733,83460.992188,0.963306,1.000000,1.000000,1.000000,1.000000,1.000000,1.000000,1.000000,0.769231,1.000000,0.471191,0.000000
72.275715,4.000000,1675.866211,-1.113809,701.836659,0.097181,0.000000,91.573105,79.979721,83.395685,-3.214076,0.154343,-3.847571,0.250918,0.335094,-1.220987,-44.437031,-0.220399,0.004889,-0.051888,1.000000,0.999997,-0.071689,83460.992188,0.969832,1.000000,1.000000,1.000000,1.000000,1.000000,1.000000,1.000000,0.772958,1.000000,0.474086,0.000000
72.329131,4.000000,1678.144409,-1.089858,701.850216,0.097913,0.000000,90.929489,79.346169,82.735059,-3.216323,0.140155,-3.856293,0.254678,0.342831,-1.230733,-44.496689,-0.234941,0.008216,-0.049709,1.000000,0.999997,-0.018633,83460.992188,0.955837,1.000000,1.000000,1.000000,1.000000,1.000000,1.000000,1.000000,0.776697,1.000000,0.475114,0.000000
72.381327,4.000000,1680.368042,-1.066287,701.863410,0.099073,0.000000,90.300560,78.730034,82.092675,-3.216523,0.123494,-3.853864,0.251489,0.341187,-1.240361,-44.554916,-0.245242,0.013337,-0.048225,1.000000,0.999997,0.008088,83460.992188,0.947485,1.000000,1.000000,1.000000,1.000000,1.000000,1.000000,1.000000,0.780350,1.000000,0.469487,0.000000
72.434322,4.000000,1682.597290,-1.042488,701.876538,0.101026,0.000000,89.662003,78.112305,81.448652,-3.215555,0.103515,-3.848735,0.246271,0.336751,-1.250166,-44.613293,-0.254976,0.017176,-0.045906,1.000000,0.999997,0.029150,83460.992188,0.949917,1.000000,1.000000,1.000000,1.000000,1.000000,1.000000,1.000000,0.784060,1.000000,0.462731,0.000000
72.486401,4.000000,1684.765869,-1.019192,701.889237,0.100843,0.000000,89.034866,77.515663,80.826585,-3.213331,0.082656,-3.845634,0.243195,0.335104,-1.259784,-44.670078,-0.265256,0.019060,-0.041359,1.000000,0.999997,0.051549,83460.992188,0.959866,1.000000,1.000000,1.000000,1.000000,1.000000,1.000000,1.000000,0.787706,1.000000,0.458530,0.000000
72.538867,4.000000,1686.875000,-0.996402,701.902025,0.104932,0.000000,88.403656,76.942078,80.228514,-3.210122,0.062308,-3.847098,0.244415,0.339296,-1.269172,-44.725307,-0.275087,0.018420,-0.032881,1.000000,0.999997,0.069440,83460.992188,0.962725,1.000000,1.000000,1.000000,1.000000,1.000000,1.000000,1.000000,0.791378,1.000000,0.458375,0.000000
72.593154,4.000000,1689.151611,-0.971658,701.914862,0.109327,0.000000,87.751404,76.337349,79.598201,-3.209551,0.044989,-3.811980,0.223800,0.313139,-1.279219,-44.784924,-0.241481,0.014054,-0.020965,1.000000,0.999997,-0.150035,83460.992188,0.887834,1.000000,1.000000,1.000000,1.000000,1.000000,1.000000,1.000000,0.795178,1.000000,0.430165,0.000000
72.646175,4.000000,1691.314941,-0.948000,701.925702,0.112501,0.000000,87.116051,75.771324,79.008287,-3.224754,0.032021,-3.799531,0.198433,0.279719,-1.288767,-44.841572,-0.202021,0.012104,-0.006093,1.000000,0.999997,-0.373598,83460.992188,0.940995,1.000000,1.000000,1.000000,1.000000,1.000000,1.000000,1.000000,0.798890,1.000000,0.407370,0.000000
72.696705,4.000000,1693.365479,-0.925443,701.935445,0.110609,0.000000,86.512589,75.231392,78.445386,-3.246433,0.021843,-3.814123,0.191155,0.271394,-1.298012,-44.895267,-0.183132,0.010358,0.008724,1.000000,0.999997,-0.469821,83460.992188,0.952156,1.000000,1.000000,1.000000,1.000000,1.000000,1.000000,1.000000,0.800000,1.000000,0.399473,0.000000
72.748467,4.000000,1695.428833,-0.902629,701.945231,0.095472,0.000000,85.896454,74.675751,77.866045,-3.273253,0.014293,-3.841083,0.188956,0.270267,-1.307666,-44.949299,-0.163677,0.006353,0.022704,1.000000,0.999997,-0.560263,83460.992188,0.964008,1.000000,1.000000,1.000000,1.000000,1.000000,1.000000,1.000000,0.800000,1.000000,0.396576,0.000000
72.802679,4.000000,1697.561646,-0.878945,701.955619,0.082777,0.000000,85.253380,74.077202,77.241903,-3.306294,0.011304,-3.885355,0.193804,0.279441,-1.318229,-45.005146,-0.141832,0.001615,0.033592,1.000000,0.999997,-0.653630,83460.992188,0.979329,1.000000,1.000000,1.000000,1.000000,1.000000,1.000000,1.000000,0.800000,1.000000,0.401098,0.000000
72.856898,4.000000,1699.688721,-0.855240,701.966570,0.080213,0.000000,84.612503,73.439125,76.576479,-3.344635,0.012680,-3.943846,0.205907,0.299471,-1.329680,-45.060844,-0.116304,-0.003814,0.038200,1.000000,0.999997,-0.757154,83460.992188,0.974779,1.000000,1.000000,1.000000,1.000000,1.000000,1.000000,1.000000,0.800000,1.000000,0.411423,0.000000
72.912497,4.000000,1701.909058,-0.830431,701.978472,0.077650,0.000000,83.956978,72.744858,75.852432,-3.388601,0.018174,-4.008903,0.218487,0.320802,-1.342367,-45.118988,-0.098683,-0.006894,0.037062,1.000000,0.999997,-0.806539,83460.992188,0.976623,1.000000,1.000000,1.000000,1.000000,1.000000,1.000000,1.000000,0.800000,1.000000,0.421953,0.000000
72.967742,4.000000,1704.047363,-0.806501,701.990961,0.075941,0.000000,83.306709,72.080589,75.159676,-3.433055,0.024486,-4.072810,0.229815,0.340544,-1.354735,-45.174980,-0.090891,-0.006817,0.035302,1.000000,0.999997,-0.799069,83460.992188,0.974751,1.000000,1.000000,1.000000,1.000000,1.000000,1.000000,1.000000,0.800000,1.000000,0.431202,0.000000
73.022169,4.000000,1706.111938,-0.783408,702.003832,0.073133,0.000000,82.666763,71.431190,74.482433,-3.476201,0.029935,-4.132627,0.239514,0.358143,-1.367049,-45.229046,-0.084216,-0.006017,0.033158,1.000000,0.999997,-0.786011,83460.992188,0.963647,1.000000,1.000000,1.000000,1.000000,1.000000,1.000000,1.000000,0.800000,1.000000,0.438408,0.000000
73.075468,4.000000,1708.154175,-0.760608,702.015716,0.070936,0.000000,82.040489,70.831848,73.857912,-3.515343,0.049799,-4.111984,0.205434,0.309782,-1.378604,-45.282520,-0.099119,-0.048068,0.040193,1.000000,0.999997,-0.658567,83460.992188,0.869361,1.000000,1.000000,1.000000,1.000000,1.000000,1.000000,1.000000,0.800000,1.000000,0.395192,0.000000
73.128273,4.000000,1710.156128,-0.738144,702.025082,0.087232,0.000000,81.420670,70.264816,73.267048,-3.545686,0.106077,-4.088668,0.165858,0.252121,-1.389717,-45.334946,-0.120057,-0.080915,0.047349,1.000000,0.999997,-0.511782,83460.992188,0.902106,1.000000,1.000000,1.000000,1.000000,1.000000,1.000000,1.000000,0.800000,1.000000,0.356729,0.000000
73.180022,4.000000,1712.094360,-0.716153,702.032104,0.098829,0.000000,80.814430,69.721207,72.700617,-3.568157,0.168565,-4.021353,0.112301,0.172039,-1.400541,-45.385700,-0.147339,-0.064821,0.043452,1.000000,0.999997,-0.342347,83460.992188,0.821342,1.000000,1.000000,1.000000,1.000000,1.000000,1.000000,1.000000,0.800000,1.000000,0.295378,0.000000
73.233028,4.000000,1714.061768,-0.693659,702.035776,0.115369,0.000000,80.195129,69.197372,72.154668,-3.580756,0.203634,-3.947047,0.051578,0.079613,-1.411134,-45.437218,-0.179344,-0.039432,0.034936,1.000000,0.999997,-0.161550,83460.992188,0.869585,1.000000,1.000000,1.000000,1.000000,1.000000,1.000000,1.000000,0.800000,1.000000,0.236827,0.000000
73.287668,4.000000,1716.065796,-0.670756,702.037016,0.125684,0.000000,79.559227,68.629219,71.562306,-3.586054,0.222763,-3.892951,0.010871,0.016919,-1.422809,-45.489697,-0.200784,-0.028926,0.029537,1.000000,0.999997,-0.048303,83460.992188,0.899209,1.000000,1.000000,1.000000,1.000000,1.000000,1.000000,1.000000,0.800000,1.000000,0.196694,0.000000
73.339599,4.000000,1717.968384,-0.649125,702.036569,0.132032,0.000000,78.957817,68.075264,70.984664,-3.586051,0.235482,-3.851757,-0.016836,-0.026416,-1.434383,-45.539516,-0.218591,-0.026711,0.026798,1.000000,0.999997,0.038332,83460.992188,0.917287,1.000000,1.000000,1.000000,1.000000,1.000000,1.000000,1.000000,0.800000,1.000000,0.168842,0.000000
73.392997,4.000000,1719.929932,-0.626995,702.035017,0.135633,0.000000,78.342064,67.489296,70.373631,-3.581915,0.246131,-3.823765,-0.033453,-0.052944,-1.446832,-45.590881,-0.234093,-0.023950,0.024645,1.000000,0.999997,0.105288,83460.992188,0.936055,1.000000,1.000000,1.000000,1.000000,1.000000,1.000000,1.000000,0.800000,1.000000,0.152311,0.000000
73.446625,4.000000,1721.847290,-0.605577,702.032946,0.127210,0.000000,77.726433,66.902985,69.762249,-3.575117,0.252584,-3.808128,-0.040002,-0.063862,-1.459506,-45.641090,-0.244607,-0.018720,0.021535,1.000000,0.999997,0.139149,83460.992188,0.954141,1.000000,1.000000,1.000000,1.000000,1.000000,1.000000,1.000000,0.800000,1.000000,0.145424,0.000000
73.504873,4.000000,1723.882080,-0.583141,702.030703,0.117261,0.000000,77.060234,66.265221,69.097219,-3.566510,0.252614,-3.807162,-0.036402,-0.058675,-1.473547,-45.694370,-0.252207,-0.011332,0.016784,1.000000,0.999997,0.150499,83460.992188,0.972508,1.000000,1.000000,1.000000,1.000000,1.000000,1.000000,1.000000,0.800000,1.000000,0.148732,0.000000
73.560946,4.000000,1725.867676,-0.561609,702.029028,0.111402,0.000000,76.421570,65.631180,68.436097,-3.558691,0.248721,-3.816087,-0.026312,-0.042821,-1.487776,-45.746365,-0.253312,-0.010213,0.013887,1.000000,0.999997,0.124758,83460.992188,0.978601,1.000000,1.000000,1.000000,1.000000,1.000000,1.000000,1.000000,0.800000,1.000000,0.157589,0.000000
73.614489,4.000000,1727.768555,-0.541357,702.028024,0.101392,0.000000,75.813805,65.014511,67.793082,-3.553202,0.245417,-3.827800,-0.015308,-0.025150,-1.496553,-45.796143,-0.250972,-0.010306,0.011790,1.000000,0.999997,0.081948,83460.992188,0.976341,1.000000,1.000000,1.000000,1.000000,1.000000,1.000000,1.000000,0.800000,1.000000,0.166593,0.000000
73.671469,4.000000,1729.711914,-0.521026,702.027545,0.097486,0.000000,75.168335,64.381317,67.132827,-3.549848,0.241159,-3.839580,-0.005493,-0.009112,-1.496553,-45.847031,-0.248045,-0.008856,0.008560,1.000000,0.999997,0.036789,83460.992188,0.967103,1.000000,1.000000,1.000000,1.000000,1.000000,1.000000,1.000000,0.800000,1.000000,0.174061,0.000000
73.726219,4.000000,1731.615356,-0.501487,702.027403,0.093397,0.000000,74.549690,63.761436,66.486453,-3.549032,0.236509,-3.845051,-0.001191,-0.001995,-1.496553,-45.896873,-0.245338,-0.008152,0.006180,1.000000,0.999997,-0.002164,83460.992188,0.962142,1.000000,1.000000,1.000000,1.000000,1.000000,1.000000,1.000000,0.800000,1.000000,0.176170,0.000000
73.780112,4.000000,1733.458618,-0.482920,702.027441,0.096937,0.000000,73.941872,63.158272,65.857513,-3.550018,0.232438,-3.851137,0.001941,0.003283,-1.496553,-45.945141,-0.243449,-0.010749,0.004984,1.000000,0.999997,-0.033084,83460.992188,0.960147,1.000000,1.000000,1.000000,1.000000,1.000000,1.000000,1.000000,0.800000,1.000000,0.177540,0.000000
73.832692,4.000000,1735.223755,-0.465456,702.027534,0.098646,0.000000,73.349968,62.581337,65.255912,-3.552546,0.232472,-3.851199,0.001196,0.002041,-1.496553,-45.991364,-0.241599,-0.015486,0.004659,1.000000,0.999997,-0.060513,83460.992188,0.950770,1.000000,1.000000,1.000000,1.000000,1.000000,1.000000,1.000000,0.800000,1.000000,0.174476,0.000000
73.886984,4.000000,1737.035400,-0.447819,702.027481,0.096632,0.000000,72.739601,61.991413,64.640793,-3.556069,0.235860,-3.850310,-0.001759,-0.003031,-1.496553,-46.038803,-0.242530,-0.018413,0.003660,1.000000,0.999997,-0.071324,83460.992188,0.955104,1.000000,1.000000,1.000000,1.000000,1.000000,1.000000,1.000000,0.800000,1.000000,0.170267,0.000000
73.938941,4.000000,1738.748535,-0.431391,702.027402,0.094739,0.000000,72.156647,61.426342,64.051561,-3.559820,0.240428,-3.856096,-0.000974,-0.001694,-1.496553,-46.083664,-0.244925,-0.019167,0.002515,1.000000,0.999997,-0.072364,83460.992188,0.961249,1.000000,1.000000,1.000000,1.000000,1.000000,1.000000,1.000000,0.800000,1.000000,0.169884,0.000000
73.991558,4.000000,1740.473511,-0.415093,702.027407,0.093397,0.000000,71.567230,60.852859,63.453571,-3.563651,0.243993,-3.862794,0.000683,0.001199,-1.496553,-46.128834,-0.247997,-0.017493,0.000965,1.000000,0.999997,-0.069733,83460.992188,0.960908,1.000000,1.000000,1.000000,1.000000,1.000000,1.000000,1.000000,0.800000,1.000000,0.169931,0.000000
74.047185,4.000000,1742.254761,-0.398529,702.027506,0.091260,0.000000,70.944847,60.257862,62.833136,-3.567343,0.245905,-3.870207,0.002459,0.004359,-1.496553,-46.175476,-0.251458,-0.015355,-0.000742,1.000000,0.999997,-0.066341,83460.992188,0.963904,1.000000,1.000000,1.000000,1.000000,1.000000,1.000000,1.000000,0.800000,1.000000,0.170342,0.000000
74.102086,4.000000,1744.030518,-0.382299,702.027876,0.089063,0.000000,70.331779,59.654556,62.204054,-3.570705,0.247086,-3.888020,0.009684,0.017339,-1.496553,-46.221977,-0.255239,-0.016169,-0.002276,1.000000,0.999997,-0.061516,83460.992188,0.975337,1.000000,1.000000,1.000000,1.000000,1.000000,1.000000,1.000000,0.800000,1.000000,0.176721,0.000000
74.154571,4.000000,1745.701172,-0.367287,702.028726,0.092603,0.000000,69.746910,59.080437,61.605394,-3.573910,0.248556,-3.908807,0.019462,0.035185,-1.496553,-46.265724,-0.258537,-0.016459,-0.003222,1.000000,0.999997,-0.058591,83460.992188,0.973138,1.000000,1.000000,1.000000,1.000000,1.000000,1.000000,1.000000,0.800000,1.000000,0.184742,0.000000
74.207274,4.000000,1747.349243,-0.352714,702.029946,0.095289,0.000000,69.160461,58.513992,61.014730,-3.576535,0.251059,-3.919229,0.024326,0.044404,-1.496553,-46.308880,-0.264330,-0.018536,-0.003448,1.000000,0.999997,-0.042850,83460.992188,0.961650,1.000000,1.000000,1.000000,1.000000,1.000000,1.000000,1.000000,0.800000,1.000000,0.187225,0.000000
74.260870,4.000000,1749.026978,-0.338101,702.031232,0.096998,0.000000,68.564957,57.946060,60.422536,-3.577800,0.255947,-3.916427,0.023069,0.042522,-1.496553,-46.352814,-0.273780,-0.021585,-0.004623,1.000000,0.999997,-0.009494,83460.992188,0.946644,1.000000,1.000000,1.000000,1.000000,1.000000,1.000000,1.000000,0.800000,1.000000,0.183221,0.000000
74.313519,4.000000,1750.663086,-0.324044,702.032175,0.104688,0.000000,67.981102,57.390553,59.843303,-3.577911,0.262107,-3.902199,0.015402,0.028664,-1.496553,-46.395657,0.053947,-0.022720,-0.005649,1.000000,0.999997,0.000932,83460.992188,0.946299,1.000000,1.000000,1.000000,1.000000,1.000000,1.000000,0.000000,0.800000,1.000000,0.173798,0.000000
74.365132,4.000000,1752.238770,-0.310677,702.032500,0.106824,0.000000,67.410149,56.894218,59.325760,-3.577027,0.269118,-3.876538,0.002276,0.004272,-1.496553,-46.436916,0.044694,-0.024916,-0.007783,1.000000,0.999997,0.030859,83460.992188,0.944390,1.000000,1.000000,1.000000,1.000000,1.000000,1.000000,0.000000,0.800000,1.000000,0.159107,0.000000
74.417783,4.000000,1753.840454,-0.297249,702.032340,0.111951,0.000000,66.829445,56.388874,58.798819,-3.574496,0.276740,-3.860878,-0.005079,-0.009621,-1.496553,-46.478859,0.035000,-0.024122,-0.013409,1.000000,0.999997,0.061231,83460.992188,0.950386,1.000000,1.000000,1.000000,1.000000,1.000000,1.000000,0.000000,0.800000,1.000000,0.150779,0.000000
74.470724,4.000000,1755.410767,-0.284247,702.031783,0.115125,0.000000,66.247902,55.906528,58.295851,-3.570526,0.282487,-3.840053,-0.013332,-0.025471,-1.496553,-46.519978,0.026010,-0.022830,-0.021629,1.000000,0.999997,0.085937,83460.992188,0.945520,1.000000,1.000000,1.000000,1.000000,1.000000,1.000000,0.000000,0.800000,1.000000,0.140675,0.000000
74.523866,4.000000,1756.998657,-0.271270,702.030743,0.116529,0.000000,65.667122,55.429222,57.798130,-3.565160,0.287459,-3.818303,-0.022123,-0.042630,-1.496553,-46.561562,0.015633,-0.022552,-0.032547,1.000000,0.999997,0.116833,83460.992188,0.953203,1.000000,1.000000,1.000000,1.000000,1.000000,1.000000,0.000000,0.800000,1.000000,0.131010,0.000000
74.576994,4.000000,1758.581543,-0.258508,702.029339,0.114454,0.000000,65.090019,54.968502,57.317715,-3.557892,0.291308,-3.799347,-0.028294,-0.054978,-1.496553,-46.603008,0.003441,-0.021681,-0.046215,1.000000,0.999997,0.155108,83460.992188,0.958433,1.000000,1.000000,1.000000,1.000000,1.000000,1.000000,0.000000,0.800000,1.000000,0.123949,0.000000
74.628725,4.000000,1760.091553,-0.246490,702.027758,0.111524,0.000000,64.532188,54.538017,56.868815,-3.549463,0.294339,-3.784620,-0.031323,-0.061344,-1.496553,-46.642551,-0.004133,-0.021988,-0.062672,1.000000,0.999997,0.166342,83460.992188,0.960042,1.000000,1.000000,1.000000,1.000000,1.000000,1.000000,0.000000,0.800000,1.000000,0.119797,0.000000
74.681410,4.000000,1761.618530,-0.234474,702.026017,0.110548,0.000000,63.968609,54.109959,56.422462,-3.540610,0.298352,-3.772067,-0.033328,-0.065787,-1.496553,-46.682537,-0.010688,-0.024778,-0.080280,1.000000,0.999997,0.170771,83460.992188,0.966749,1.000000,1.000000,1.000000,1.000000,1.000000,1.000000,0.000000,0.800000,1.000000,0.117031,0.000000
74.735232,4.000000,1763.179443,-0.222288,702.024146,0.105665,0.000000,63.398090,53.676929,55.970908,-3.532089,0.305594,-3.759693,-0.035224,-0.070092,-1.496553,-46.723408,-0.012236,-0.030154,-0.098505,1.000000,0.999997,0.147408,83460.992188,0.971062,1.000000,1.000000,1.000000,1.000000,1.000000,1.000000,0.000000,0.800000,1.000000,0.114213,0.000000
74.790520,4.000000,1764.718506,-0.210295,702.022316,0.099500,0.000000,62.818001,53.244881,55.520398,-3.524960,0.317299,-3.760571,-0.031541,-0.063272,-1.496553,-46.763710,-0.012005,-0.035090,-0.117166,1.000000,0.999997,0.115493,83460.992188,0.979107,1.000000,1.000000,1.000000,1.000000,1.000000,1.000000,0.000000,0.800000,1.000000,0.117313,0.000000
74.842443,4.000000,1766.234497,-0.198431,702.020883,0.091444,0.000000,62.279346,52.813496,55.070586,-3.519991,0.330086,-3.767595,-0.025435,-0.051440,-1.496553,-46.803410,-0.011092,-0.035620,-0.134137,1.000000,0.999997,0.083567,83460.992188,0.982280,1.000000,1.000000,1.000000,1.000000,1.000000,1.000000,0.000000,0.800000,1.000000,0.122376,0.000000
74.894859,4.000000,1767.707153,-0.186807,702.019861,0.084730,0.000000,61.741390,52.386375,54.625223,-3.516482,0.339753,-3.784564,-0.015856,-0.032328,-1.496553,-46.841972,-0.011716,-0.031990,-0.151440,1.000000,0.999997,0.061184,83460.992188,0.991705,1.000000,1.000000,1.000000,1.000000,1.000000,1.000000,0.000000,0.800000,1.000000,0.131491,0.000000
74.946677,4.000000,1769.157227,-0.175249,702.019484,0.084180,0.000000,61.215385,51.958523,54.179089,-3.514218,0.346363,-3.808813,-0.002922,-0.006007,-1.496553,-46.879944,-0.011142,-0.029993,-0.167492,1.000000,0.999997,0.032748,83460.992188,0.994760,1.000000,1.000000,1.000000,1.000000,1.000000,1.000000,0.000000,0.800000,1.000000,0.143389,0.000000
75.013446,4.000000,1770.600098,-0.163595,702.019892,0.085035,0.000000,60.542824,51.531246,53.733555,-3.514010,0.352825,-3.831674,0.007994,0.016569,-1.496553,-46.917725,-0.006991,-0.028322,-0.186809,1.000000,0.999997,-0.019540,83460.992188,0.974463,1.000000,1.000000,1.000000,1.000000,1.000000,1.000000,0.000000,0.800000,1.000000,0.153064,0.000000
75.064769,4.000000,1772.411011,-0.148670,702.020509,0.086317,0.000000,60.034645,50.993763,53.173094,-3.515520,0.353969,-3.839399,0.013002,0.027233,-1.496553,-46.965145,-0.007838,-0.023011,-0.194112,1.000000,0.999997,-0.034527,83460.992188,0.970360,1.000000,1.000000,1.000000,1.000000,1.000000,1.000000,0.000000,0.800000,1.000000,0.154892,0.000000
75.119366,4.000000,1773.879761,-0.136294,702.021241,0.087293,0.000000,59.499489,50.540661,52.700632,-3.518322,0.350306,-3.842672,0.013499,0.028529,-1.496553,-47.003609,-0.008363,-0.017099,-0.204424,1.000000,0.999997,-0.050404,83460.992188,0.967174,1.000000,1.000000,1.000000,1.000000,1.000000,1.000000,0.000000,0.800000,1.000000,0.153817,0.000000
75.172873,4.000000,1775.331055,-0.123803,702.021969,0.091077,0.000000,58.980507,50.084755,52.225245,-3.521295,0.341573,-3.846357,0.013820,0.029472,-1.496553,-47.041611,-0.011766,-0.011724,-0.211973,1.000000,0.999997,-0.049479,83460.992188,0.966220,1.000000,1.000000,1.000000,1.000000,1.000000,1.000000,0.000000,0.800000,1.000000,0.152845,0.000000
75.226069,4.000000,1776.748413,-0.111329,702.022652,0.091260,0.000000,58.469517,49.620186,51.740823,-3.524280,0.329056,-3.846394,0.012376,0.026640,-1.496553,-47.078724,-0.014454,-0.006845,-0.215198,1.000000,0.999997,-0.052282,83460.992188,0.965418,1.000000,1.000000,1.000000,1.000000,1.000000,1.000000,0.000000,0.800000,1.000000,0.150108,0.000000
75.279086,4.000000,1778.123901,-0.098933,702.023325,0.089918,0.000000,57.964645,49.136089,51.236034,-3.527552,0.313490,-3.850327,0.012802,0.027829,-1.496553,-47.114742,-0.015469,-0.002907,-0.211975,1.000000,0.999997,-0.063673,83460.992188,0.959086,1.000000,1.000000,1.000000,1.000000,1.000000,1.000000,0.000000,0.800000,1.000000,0.148940,0.000000
75.331792,4.000000,1779.524902,-0.085977,702.023962,0.096021,0.000000,57.466331,48.598118,50.675069,-3.531516,0.296365,-3.852789,0.012103,0.026600,-1.496553,-47.151432,-0.016108,-0.001783,-0.201064,1.000000,0.999997,-0.075688,83460.992188,0.957250,1.000000,1.000000,1.000000,1.000000,1.000000,1.000000,0.000000,0.800000,1.000000,0.146669,0.000000
75.384942,4.000000,1780.903320,-0.072844,702.024549,0.098341,0.000000,56.966408,48.065178,50.119360,-3.535376,0.281516,-3.853668,0.010622,0.023605,-1.496553,-47.187527,-0.021744,-0.004421,-0.188798,1.000000,0.999997,-0.060224,83460.992188,0.958855,1.000000,1.000000,1.000000,1.000000,1.000000,1.000000,0.000000,0.800000,1.000000,0.143725,0.000000
75.437454,4.000000,1782.247803,-0.059575,702.025041,0.105299,0.000000,56.474316,47.537289,49.568910,-3.538124,0.269965,-3.850887,0.008608,0.019340,-1.496553,-47.222733,-0.028398,-0.006809,-0.176690,1.000000,0.999997,-0.040487,83460.992188,0.952769,1.000000,1.000000,1.000000,1.000000,1.000000,1.000000,0.000000,0.800000,1.000000,0.139686,0.000000
75.489349,4.000000,1783.565552,-0.046047,702.025315,0.109083,0.000000,55.989147,47.015694,49.025036,-3.539962,0.261275,-3.842508,0.003874,0.008800,-1.496553,-47.257240,-0.033650,-0.008071,-0.165723,1.000000,0.999997,-0.029095,83460.992188,0.954925,1.000000,1.000000,1.000000,1.000000,1.000000,1.000000,0.000000,0.800000,1.000000,0.133655,0.000000
75.541178,4.000000,1784.865967,-0.032129,702.025370,0.111768,0.000000,55.505177,46.491665,48.478615,-3.541587,0.252141,-3.835024,-0.000286,-0.000658,-1.496553,-47.291290,-0.036713,-0.005524,-0.156172,1.000000,0.999997,-0.029416,83460.992188,0.956752,1.000000,1.000000,1.000000,1.000000,1.000000,1.000000,0.000000,0.800000,1.000000,0.128183,0.000000
75.594260,4.000000,1786.168579,-0.017599,702.025332,0.112195,0.000000,55.009506,45.956200,47.920260,-3.543336,0.241293,-3.836725,-0.000506,-0.001176,-1.496553,-47.325401,-0.039119,-0.003296,-0.147070,1.000000,0.999997,-0.033247,83460.992188,0.958984,1.000000,1.000000,1.000000,1.000000,1.000000,1.000000,0.000000,0.800000,1.000000,0.126638,0.000000
75.646253,4.000000,1787.427368,-0.002993,702.025268,0.107740,0.000000,54.523769,45.433517,47.375240,-3.545028,0.230899,-3.835499,-0.001510,-0.003551,-1.496553,-47.358364,-0.042675,-0.004344,-0.138165,1.000000,0.999997,-0.030284,83460.992188,0.957357,1.000000,1.000000,1.000000,1.000000,1.000000,1.000000,0.000000,0.800000,1.000000,0.123909,0.000000
75.699151,4.000000,1788.693481,0.012283,702.025177,0.107801,0.000000,54.028843,44.903156,46.822216,-3.546778,0.222290,-3.838198,-0.001424,-0.003387,-1.496553,-47.391518,-0.045370,-0.005502,-0.129628,1.000000,0.999997,-0.032206,83460.992188,0.961829,1.000000,1.000000,1.000000,1.000000,1.000000,1.000000,0.000000,0.800000,1.000000,0.122806,0.000000
75.754265,4.000000,1790.027466,0.029044,702.025123,0.107130,0.000000,53.512054,44.341850,46.236918,-3.548607,0.215040,-3.839572,-0.001050,-0.002529,-1.496553,-47.426449,-0.048688,-0.007581,-0.121465,1.000000,0.999997,-0.031468,83460.992188,0.956712,1.000000,1.000000,1.000000,1.000000,1.000000,1.000000,0.000000,0.800000,1.000000,0.121068,0.000000
75.805166,4.000000,1791.219727,0.044615,702.024958,0.110242,0.000000,53.033478,43.840973,45.714633,-3.550197,0.211240,-3.833177,-0.004185,-0.010197,-1.496553,-47.457668,-0.052639,-0.010258,-0.113327,1.000000,0.999997,-0.025712,83460.992188,0.956171,1.000000,1.000000,1.000000,1.000000,1.000000,1.000000,0.000000,0.800000,1.000000,0.116384,0.000000
75.857660,4.000000,1792.460815,0.061429,702.024658,0.109571,0.000000,52.539318,43.314110,45.165243,-3.551096,0.209382,-3.829382,-0.006221,-0.015339,-1.496553,-47.490170,-0.059190,-0.012300,-0.106525,1.000000,0.999997,-0.006861,83460.992188,0.958643,1.000000,1.000000,1.000000,1.000000,1.000000,1.000000,0.000000,0.800000,1.000000,0.113077,0.000000
75.910515,4.000000,1793.684692,0.078625,702.024339,0.106885,0.000000,52.040615,42.786694,44.615289,-3.551284,0.210331,-3.832886,-0.005280,-0.013179,-1.496553,-47.522217,-0.063709,-0.016173,-0.099920,1.000000,0.999997,-0.000590,83460.992188,0.963992,1.000000,1.000000,1.000000,1.000000,1.000000,1.000000,0.000000,0.800000,1.000000,0.112998,0.000000
75.963128,4.000000,1794.868530,0.095859,702.024120,0.104261,0.000000,51.543049,42.272411,44.079027,-3.551131,0.214574,-3.836620,-0.003594,-0.009081,-1.496553,-47.553219,-0.068724,-0.019599,-0.093337,1.000000,0.999997,0.007543,83460.992188,0.966075,1.000000,1.000000,1.000000,1.000000,1.000000,1.000000,0.000000,0.800000,1.000000,0.113140,0.000000
76.013301,4.000000,1795.978882,0.112566,702.024024,0.102003,0.000000,51.066990,41.798836,43.585217,-3.550253,0.220517,-3.843086,-0.000910,-0.002324,-1.496553,-47.582294,-0.076081,-0.021061,-0.085590,1.000000,0.999997,0.027921,83460.992188,0.969203,1.000000,1.000000,1.000000,1.000000,1.000000,1.000000,0.000000,0.800000,1.000000,0.114708,0.000000
76.065193,4.000000,1797.156982,0.130858,702.024073,0.097913,0.000000,50.574440,41.316505,43.082275,-3.548144,0.225758,-3.848454,0.002022,0.005228,-1.496553,-47.613144,-0.085195,-0.017626,-0.075338,1.000000,0.999997,0.054678,83460.992188,0.971330,1.000000,1.000000,1.000000,1.000000,1.000000,1.000000,0.000000,0.800000,1.000000,0.116274,0.000000
76.116448,4.000000,1798.288330,0.148924,702.024247,0.093946,0.000000,50.087505,40.873360,42.620187,-3.544709,0.226855,-3.847392,0.003682,0.009621,-1.496553,-47.642769,-0.094537,-0.013167,-0.060859,1.000000,0.999997,0.080128,83460.992188,0.963408,1.000000,1.000000,1.000000,1.000000,1.000000,1.000000,0.000000,0.800000,1.000000,0.115919,0.000000
76.168504,4.000000,1799.420654,0.167435,702.024350,0.091871,0.000000,49.593040,40.458870,42.187978,-3.539724,0.225851,-3.836215,0.001314,0.003469,-1.496553,-47.672421,-0.104659,-0.011414,-0.044245,1.000000,0.999997,0.107016,83460.992188,0.964840,1.000000,1.000000,1.000000,1.000000,1.000000,1.000000,0.000000,0.800000,1.000000,0.112366,0.000000
76.219892,4.000000,1800.539917,0.186113,702.024357,0.088026,0.000000,49.105885,40.061718,41.773855,-3.533844,0.224301,-3.827793,-0.000044,-0.000117,-1.496553,-47.701729,-0.111986,-0.010729,-0.027654,1.000000,0.999997,0.117367,83460.992188,0.972309,1.000000,1.000000,1.000000,1.000000,1.000000,1.000000,0.000000,0.800000,1.000000,0.110287,0.000000
76.271011,4.000000,1801.618286,0.204427,702.024459,0.085950,0.000000,48.622982,39.692970,41.389349,-3.527396,0.222539,-3.831831,0.003514,0.009457,-1.496553,-47.729965,-0.120675,-0.009964,-0.013549,1.000000,0.999997,0.133983,83460.992188,0.977100,1.000000,1.000000,1.000000,1.000000,1.000000,1.000000,0.000000,0.800000,1.000000,0.113116,0.000000
76.322917,4.000000,1802.716309,0.223353,702.024703,0.086805,0.000000,48.135124,39.332287,41.013247,-3.519961,0.220231,-3.827849,0.005124,0.013916,-1.496553,-47.758720,-0.129696,-0.008961,-0.002959,1.000000,0.999997,0.149690,83460.992188,0.973490,1.000000,1.000000,1.000000,1.000000,1.000000,1.000000,0.000000,0.800000,1.000000,0.113322,0.000000
76.375290,4.000000,1803.807129,0.242368,702.024972,0.089063,0.000000,47.646255,38.988510,40.654779,-3.511439,0.217730,-3.818429,0.005014,0.013735,-1.496553,-47.787281,-0.140199,-0.009520,0.003342,1.000000,0.999997,0.171253,83460.992188,0.970904,1.000000,1.000000,1.000000,1.000000,1.000000,1.000000,0.000000,0.800000,1.000000,0.111965,0.000000
76.428343,4.000000,1804.901733,0.261608,702.025155,0.091566,0.000000,47.155308,38.656467,40.308553,-3.501632,0.216990,-3.801152,0.002587,0.007147,-1.496553,-47.815945,-0.151176,-0.012175,0.005160,1.000000,0.999997,0.193001,83460.992188,0.967970,1.000000,1.000000,1.000000,1.000000,1.000000,1.000000,0.000000,0.800000,1.000000,0.108274,0.000000
76.480795,4.000000,1805.987915,0.280816,702.025125,0.091321,0.000000,46.675053,38.336979,39.975411,-3.491160,0.217761,-3.777368,-0.002069,-0.005764,-1.496553,-47.844387,-0.159649,-0.012841,0.002625,1.000000,0.999997,0.200436,83460.992188,0.966554,1.000000,1.000000,1.000000,1.000000,1.000000,1.000000,0.000000,0.800000,1.000000,0.102584,0.000000
76.535823,4.000000,1807.113647,0.300783,702.024841,0.091749,0.000000,46.177265,38.011597,39.636115,-3.480374,0.218546,-3.754895,-0.006393,-0.017963,-1.496553,-47.873867,-0.164421,-0.012635,-0.004113,1.000000,0.999997,0.186367,83460.992188,0.969243,1.000000,1.000000,1.000000,1.000000,1.000000,1.000000,0.000000,0.800000,1.000000,0.097535,0.000000
76.589072,4.000000,1808.196045,0.319973,702.024362,0.092542,0.000000,45.702354,37.700054,39.311256,-3.471086,0.219616,-3.736149,-0.010032,-0.028423,-1.496553,-47.902210,-0.166675,-0.014554,-0.014046,1.000000,0.999997,0.162063,83460.992188,0.974095,1.000000,1.000000,1.000000,1.000000,1.000000,1.000000,0.000000,0.800000,1.000000,0.093387,0.000000
76.643666,4.000000,1809.291748,0.339337,702.023755,0.092481,0.000000,45.222656,37.381618,38.979208,-3.462788,0.222665,-3.722793,-0.011648,-0.033280,-1.496553,-47.930904,-0.169697,-0.016719,-0.026809,1.000000,0.999997,0.143304,83460.992188,0.972500,1.000000,1.000000,1.000000,1.000000,1.000000,1.000000,0.000000,0.800000,1.000000,0.090816,0.000000
76.697364,4.000000,1810.342896,0.357822,702.023027,0.094251,0.000000,44.758408,37.070564,38.654853,-3.455323,0.226396,-3.705601,-0.014589,-0.042034,-1.496553,-47.958427,-0.173980,-0.016915,-0.038355,1.000000,0.999997,0.133432,83460.992188,0.968591,1.000000,1.000000,1.000000,1.000000,1.000000,1.000000,0.000000,0.800000,1.000000,0.086669,0.000000
76.750365,4.000000,1811.403931,0.376341,702.022108,0.091444,0.000000,44.307625,36.745949,38.316358,-3.448828,0.229460,-3.689285,-0.018305,-0.053209,-1.496553,-47.986214,-0.175728,-0.016961,-0.045384,1.000000,0.999997,0.111875,83460.992188,0.973784,1.000000,1.000000,1.000000,1.000000,1.000000,1.000000,0.000000,0.800000,1.000000,0.082545,0.000000
76.804862,4.000000,1812.466309,0.394708,702.021118,0.090345,0.000000,43.851627,36.405003,37.960837,-3.443335,0.232931,-3.687146,-0.017633,-0.051735,-1.496553,-48.014030,-0.177072,-0.017644,-0.045724,1.000000,0.999997,0.089186,83460.992188,0.980606,1.000000,1.000000,1.000000,1.000000,1.000000,1.000000,0.000000,0.800000,1.000000,0.082916,0.000000
76.859081,4.000000,1813.508057,0.412545,702.020331,0.087110,0.000000,43.405281,36.042774,37.583134,-3.439686,0.236161,-3.699867,-0.012586,-0.037299,-1.496553,-48.041309,-0.173937,-0.016562,-0.037283,1.000000,0.999997,0.043981,83460.992188,0.985403,1.000000,1.000000,1.000000,1.000000,1.000000,1.000000,0.000000,0.800000,1.000000,0.087589,0.000000
76.913104,4.000000,1814.555786,0.430323,702.019905,0.086561,0.000000,42.967190,35.631157,37.153932,-3.438972,0.236972,-3.719596,-0.005636,-0.016894,-1.496553,-48.068745,-0.167188,-0.012076,-0.017813,1.000000,0.999997,-0.017632,83460.992188,0.983981,1.000000,1.000000,1.000000,1.000000,1.000000,1.000000,0.000000,0.800000,1.000000,0.093386,0.000000
76.965629,4.000000,1815.558105,0.447194,702.019850,0.084852,0.000000,42.546741,35.213779,36.718717,-3.440966,0.233982,-3.739820,0.000877,0.002659,-1.496553,-48.094994,-0.164330,-0.007992,0.004237,1.000000,0.999997,-0.053726,83460.992188,0.977639,1.000000,1.000000,1.000000,1.000000,1.000000,1.000000,0.000000,0.800000,1.000000,0.098293,0.000000
77.018987,4.000000,1816.560913,0.463980,702.019991,0.083570,0.000000,42.124046,34.805233,36.292719,-3.444255,0.228593,-3.749117,0.003197,0.009811,-1.496553,-48.121254,-0.164696,-0.005172,0.024941,1.000000,0.999997,-0.070779,83460.992188,0.973628,1.000000,1.000000,1.000000,1.000000,1.000000,1.000000,0.000000,0.800000,1.000000,0.099090,0.000000
77.071631,4.000000,1817.532715,0.480193,702.020197,0.082716,0.000000,41.710781,34.412491,35.883186,-3.448080,0.222177,-3.756215,0.004172,0.012949,-1.496553,-48.146702,-0.167258,-0.004205,0.044067,1.000000,0.999997,-0.074380,83460.992188,0.973448,1.000000,1.000000,1.000000,1.000000,1.000000,1.000000,0.000000,0.800000,1.000000,0.098997,0.000000
77.122256,4.000000,1818.467529,0.495778,702.020441,0.084974,0.000000,41.316551,34.039009,35.493741,-3.451655,0.215742,-3.763393,0.005214,0.016362,-1.496553,-48.171181,-0.171110,-0.002335,0.060805,1.000000,0.999997,-0.070207,83460.992188,0.974997,1.000000,1.000000,1.000000,1.000000,1.000000,1.000000,0.000000,0.800000,1.000000,0.099045,0.000000
77.179570,4.000000,1819.497437,0.512954,702.020829,0.085706,0.000000,40.873447,33.627850,35.065014,-3.454950,0.206418,-3.775730,0.007718,0.024513,-1.496553,-48.198147,-0.178988,0.000628,0.077236,1.000000,0.999997,-0.047176,83460.992188,0.979361,1.000000,1.000000,1.000000,1.000000,1.000000,1.000000,0.000000,0.800000,1.000000,0.100650,0.000000
77.231083,4.000000,1820.416382,0.528275,702.021323,0.089368,0.000000,40.477768,33.262630,34.684177,-3.456667,0.196464,-3.786006,0.010407,0.033418,-1.496553,-48.222210,-0.186037,0.002783,0.089203,1.000000,0.999997,-0.028747,83460.992188,0.976886,1.000000,1.000000,1.000000,1.000000,1.000000,1.000000,0.000000,0.800000,1.000000,0.102184,0.000000
77.285045,4.000000,1821.373535,0.544189,702.021941,0.084913,0.000000,40.065609,32.876579,34.281630,-3.458004,0.185895,-3.790640,0.011637,0.037807,-1.496553,-48.247276,-0.190359,0.002909,0.099358,1.000000,0.999997,-0.027190,83460.992188,0.970692,1.000000,1.000000,1.000000,1.000000,1.000000,1.000000,0.000000,0.800000,1.000000,0.101984,0.000000
77.338269,4.000000,1822.309204,0.559683,702.022532,0.084913,0.000000,39.661453,32.493237,33.881903,-3.459193,0.176802,-3.789011,0.010794,0.035480,-1.496553,-48.271778,-0.195034,0.001255,0.106669,1.000000,0.999997,-0.023559,83460.992188,0.968846,1.000000,1.000000,1.000000,1.000000,1.000000,1.000000,0.000000,0.800000,1.000000,0.099918,0.000000
77.390153,4.000000,1823.204468,0.574445,702.023047,0.081861,0.000000,39.269550,32.121223,33.493993,-3.460032,0.170744,-3.787634,0.009727,0.032344,-1.496553,-48.295219,-0.201047,-0.002246,0.111327,1.000000,0.999997,-0.012467,83460.992188,0.973056,1.000000,1.000000,1.000000,1.000000,1.000000,1.000000,0.000000,0.800000,1.000000,0.098082,0.000000
77.443968,4.000000,1824.119019,0.589465,702.023605,0.079969,0.000000,38.864868,31.735407,33.091690,-3.460169,0.167854,-3.792329,0.010859,0.036549,-1.496553,-48.319168,-0.207785,-0.005389,0.114491,1.000000,0.999997,0.000534,83460.992188,0.972765,1.000000,1.000000,1.000000,1.000000,1.000000,1.000000,0.000000,0.800000,1.000000,0.098212,0.000000
77.498152,4.000000,1825.020264,0.604192,702.024196,0.079664,0.000000,38.459156,31.347397,32.687096,-3.459658,0.167258,-3.791250,0.010834,0.036915,-1.496553,-48.342770,-0.214155,-0.007355,0.116184,1.000000,0.999997,0.010202,83460.992188,0.968084,1.000000,1.000000,1.000000,1.000000,1.000000,1.000000,0.000000,0.800000,1.000000,0.096795,0.000000
77.551027,4.000000,1825.914917,0.618690,702.024710,0.083265,0.000000,38.064831,30.955996,32.278972,-3.458982,0.168895,-3.785304,0.009227,0.031837,-1.496553,-48.366196,-0.218680,-0.010857,0.116812,1.000000,0.999997,0.009916,83460.992188,0.967854,1.000000,1.000000,1.000000,1.000000,1.000000,1.000000,0.000000,0.800000,1.000000,0.094048,0.000000
77.603686,4.000000,1826.788208,0.632697,702.025107,0.087659,0.000000,37.673435,30.569193,31.875642,-3.458378,0.173610,-3.776402,0.006735,0.023533,-1.496553,-48.389065,-0.222863,-0.014121,0.116648,1.000000,0.999997,0.008322,83460.992188,0.966800,1.000000,1.000000,1.000000,1.000000,1.000000,1.000000,0.000000,0.800000,1.000000,0.090469,0.000000
77.658438,4.000000,1827.670776,0.646681,702.025392,0.093030,0.000000,37.267578,30.171827,31.461296,-3.457740,0.180424,-3.768970,0.004648,0.016455,-1.496553,-48.412174,-0.227992,-0.016266,0.114698,1.000000,0.999997,0.011593,83460.992188,0.966880,1.000000,1.000000,1.000000,1.000000,1.000000,1.000000,0.000000,0.800000,1.000000,0.087322,0.000000
77.711943,4.000000,1828.526611,0.660042,702.025532,0.093275,0.000000,36.872074,29.773733,31.046191,-3.457021,0.188508,-3.757285,0.001590,0.005703,-1.496553,-48.434586,-0.231829,-0.018567,0.111121,1.000000,0.999997,0.008719,83460.992188,0.964970,1.000000,1.000000,1.000000,1.000000,1.000000,1.000000,0.000000,0.800000,1.000000,0.083067,0.000000
77.764429,4.000000,1829.349731,0.672661,702.025510,0.092603,0.000000,36.484924,29.373711,30.629070,-3.456770,0.197941,-3.747409,-0.001226,-0.004459,-1.496553,-48.456139,-0.233222,-0.020962,0.105380,1.000000,0.999997,-0.005728,83460.992188,0.964971,1.000000,1.000000,1.000000,1.000000,1.000000,1.000000,0.000000,0.800000,1.000000,0.079252,0.000000
77.818033,4.000000,1830.197876,0.685379,702.025403,0.092298,0.000000,36.089905,28.933878,30.170440,-3.457767,0.209292,-3.747437,-0.001994,-0.007361,-1.496553,-48.478348,-0.231043,-0.023888,0.096901,1.000000,0.999997,-0.037878,83460.992188,0.968563,1.000000,1.000000,1.000000,1.000000,1.000000,1.000000,0.000000,0.800000,1.000000,0.077764,0.000000
77.871784,4.000000,1831.025146,0.697460,702.025333,0.095594,0.000000,35.693710,28.468670,29.685348,-3.461086,0.222679,-3.755048,-0.000895,-0.003357,-1.496553,-48.500011,-0.224657,-0.027333,0.084284,1.000000,0.999997,-0.089568,83460.992188,0.967179,1.000000,1.000000,1.000000,1.000000,1.000000,1.000000,0.000000,0.800000,1.000000,0.077601,0.000000
77.922688,4.000000,1831.796631,0.708398,702.025334,0.095289,0.000000,35.317898,27.988129,29.184275,-3.467239,0.237059,-3.768023,0.000670,0.002559,-1.496553,-48.520214,-0.215188,-0.030076,0.067393,1.000000,0.999997,-0.152530,83460.992188,0.966494,1.000000,1.000000,1.000000,1.000000,1.000000,1.000000,0.000000,0.800000,1.000000,0.078023,0.000000
77.974887,4.000000,1832.564819,0.718917,702.025448,0.095167,0.000000,34.930767,27.465631,28.639445,-3.476792,0.252825,-3.788211,0.003073,0.011950,-1.496553,-48.540329,-0.206708,-0.032425,0.047683,1.000000,0.999997,-0.205023,83460.992188,0.968574,1.000000,1.000000,1.000000,1.000000,1.000000,1.000000,0.000000,0.800000,1.000000,0.079247,0.000000
78.027372,4.000000,1833.333374,0.728969,702.025717,0.096937,0.000000,34.538712,26.932491,28.083516,-3.488021,0.269838,-3.809280,0.005817,0.023068,-1.496553,-48.560455,-0.204642,-0.035421,0.032558,1.000000,0.999997,-0.219686,83460.992188,0.963673,1.000000,1.000000,1.000000,1.000000,1.000000,1.000000,0.000000,0.800000,1.000000,0.080180,0.000000
78.079812,4.000000,1834.079346,0.738197,702.026033,0.095167,0.000000,34.143414,26.410231,27.538936,-3.499579,0.288341,-3.821696,0.006035,0.024406,-1.496553,-48.579990,-0.204694,-0.038067,0.021365,1.000000,0.999997,-0.221999,83460.992188,0.959939,1.000000,1.000000,1.000000,1.000000,1.000000,1.000000,0.000000,0.800000,1.000000,0.078821,0.000000
78.132844,4.000000,1834.819336,0.746800,702.026336,0.095106,0.000000,33.739376,25.881622,26.987738,-3.511106,0.306969,-3.833030,0.005707,0.023552,-1.496553,-48.599365,-0.206818,-0.038276,0.012526,1.000000,0.999997,-0.212690,83460.992188,0.962795,1.000000,1.000000,1.000000,1.000000,1.000000,1.000000,0.000000,0.800000,1.000000,0.077198,0.000000
78.185351,4.000000,1835.541870,0.754634,702.026665,0.096265,0.000000,33.334747,25.358965,26.442743,-3.521689,0.324119,-3.849012,0.006725,0.028323,-1.496553,-48.618286,-0.211052,-0.037560,0.006347,1.000000,0.999997,-0.192904,83460.992188,0.963790,1.000000,1.000000,1.000000,1.000000,1.000000,1.000000,0.000000,0.800000,1.000000,0.076936,0.000000
78.237799,4.000000,1836.248047,0.761723,702.027042,0.099317,0.000000,32.925678,24.836754,25.898215,-3.531270,0.339336,-3.861387,0.007340,0.031564,-1.496553,-48.636780,-0.215440,-0.036297,0.001387,1.000000,0.999997,-0.173972,83460.992188,0.961887,1.000000,1.000000,1.000000,1.000000,1.000000,1.000000,0.000000,0.800000,1.000000,0.076027,0.000000
78.289506,4.000000,1836.928223,0.768010,702.027412,0.101820,0.000000,32.517490,24.325296,25.364898,-3.539834,0.352362,-3.868649,0.007022,0.030834,-1.496553,-48.654591,-0.218670,-0.034705,-0.000718,1.000000,0.999997,-0.162666,83460.992188,0.959880,1.000000,1.000000,1.000000,1.000000,1.000000,1.000000,0.000000,0.800000,1.000000,0.074197,0.000000
78.342086,4.000000,1837.602295,0.773724,702.027741,0.102796,0.000000,32.097275,23.810028,24.827609,-3.548113,0.363921,-3.871639,0.005815,0.026084,-1.496553,-48.672241,-0.221717,-0.034009,-0.002411,1.000000,0.999997,-0.152719,83460.992188,0.958614,1.000000,1.000000,1.000000,1.000000,1.000000,1.000000,0.000000,0.800000,1.000000,0.071478,0.000000
78.395574,4.000000,1838.276978,0.778961,702.027972,0.103162,0.000000,31.664516,23.291225,24.286635,-3.555644,0.374403,-3.868011,0.003485,0.015981,-1.496553,-48.689907,-0.227415,-0.033355,-0.003244,1.000000,0.999997,-0.128910,83460.992188,0.955014,1.000000,1.000000,1.000000,1.000000,1.000000,1.000000,0.000000,0.800000,1.000000,0.067531,0.000000
78.448305,4.000000,1838.920288,0.783538,702.028048,0.100721,0.000000,31.232922,22.787302,23.761179,-3.561579,0.383663,-3.861973,0.000704,0.003300,-1.496553,-48.706753,-0.234464,-0.032397,-0.003696,1.000000,0.999997,-0.099006,83460.992188,0.957351,1.000000,1.000000,1.000000,1.000000,1.000000,1.000000,0.000000,0.800000,1.000000,0.063536,0.000000
78.499373,4.000000,1839.541504,0.787600,702.028035,0.096326,0.000000,30.810484,22.288551,23.241113,-3.565855,0.390957,-3.860905,-0.000571,-0.002734,-1.496553,-48.723019,-0.241136,-0.030698,-0.004696,1.000000,0.999997,-0.072785,83460.992188,0.959330,1.000000,1.000000,1.000000,1.000000,1.000000,1.000000,0.000000,0.800000,1.000000,0.061074,0.000000
78.550394,4.000000,1840.147461,0.791234,702.027992,0.095472,0.000000,30.384113,21.791723,22.723052,-3.568952,0.396776,-3.863816,-0.000804,-0.003943,-1.496553,-48.738888,-0.247072,-0.029787,-0.004026,1.000000,0.999997,-0.052443,83460.992188,0.962403,1.000000,1.000000,1.000000,1.000000,1.000000,1.000000,0.000000,0.800000,1.000000,0.059712,0.000000
78.601724,4.000000,1840.738403,0.794490,702.027985,0.095655,0.000000,29.950983,21.293924,22.203975,-3.571265,0.401825,-3.872348,0.000334,0.001674,-1.496553,-48.754364,-0.251810,-0.029447,-0.003949,1.000000,0.999997,-0.040422,83460.992188,0.964433,1.000000,1.000000,1.000000,1.000000,1.000000,1.000000,0.000000,0.800000,1.000000,0.059608,0.000000
78.654064,4.000000,1841.329224,0.797494,702.028036,0.095594,0.000000,29.505152,20.791384,21.679961,-3.572992,0.406489,-3.878901,0.001280,0.006575,-1.496553,-48.769833,-0.257150,-0.029142,-0.002695,1.000000,0.999997,-0.026873,83460.992188,0.965696,1.000000,1.000000,1.000000,1.000000,1.000000,1.000000,0.000000,0.800000,1.000000,0.059160,0.000000
78.706366,4.000000,1841.900269,0.800193,702.028165,0.094923,0.000000,29.055769,20.302164,21.169832,-3.573845,0.410548,-3.891458,0.003215,0.016913,-1.496553,-48.784786,-0.263894,-0.028453,-0.001130,1.000000,0.999997,-0.007538,83460.992188,0.969316,1.000000,1.000000,1.000000,1.000000,1.000000,1.000000,0.000000,0.800000,1.000000,0.059989,0.000000
78.759963,4.000000,1842.470459,0.802720,702.028470,0.095350,0.000000,28.591494,19.802570,20.648880,-3.573812,0.413734,-3.914424,0.007121,0.038407,-1.496553,-48.799717,-0.270102,-0.027353,0.000874,1.000000,0.999997,0.005771,83460.992188,0.971226,1.000000,1.000000,1.000000,1.000000,1.000000,1.000000,0.000000,0.800000,1.000000,0.062758,0.000000
78.815919,4.000000,1843.041748,0.805100,702.029015,0.093214,0.000000,28.103010,19.292288,20.116784,-3.573309,0.414868,-3.934274,0.010784,0.059706,-1.496553,-48.814678,-0.275015,-0.023989,0.002754,1.000000,0.999997,0.009853,83460.992188,0.968405,1.000000,1.000000,1.000000,1.000000,1.000000,1.000000,0.000000,0.800000,1.000000,0.064765,0.000000
78.871477,4.000000,1843.623047,0.807347,702.029693,0.090833,0.000000,27.614767,18.761131,19.562925,-3.572559,0.412766,-3.943984,0.012689,0.072241,-1.496553,-48.829899,-0.280121,-0.020673,0.003120,1.000000,0.999997,0.014729,83460.992188,0.964290,1.000000,1.000000,1.000000,1.000000,1.000000,1.000000,0.000000,0.800000,1.000000,0.064871,0.000000
78.927117,4.000000,1844.169922,0.809260,702.030387,0.089918,0.000000,27.122881,18.244110,19.023809,-3.571860,0.408116,-3.941451,0.012224,0.070038,-1.496553,-48.844219,-0.283306,-0.018124,0.004002,1.000000,0.999997,0.008982,83460.992188,0.960991,1.000000,1.000000,1.000000,1.000000,1.000000,1.000000,0.000000,0.800000,1.000000,0.062772,0.000000
78.982999,4.000000,1844.705688,0.810924,702.031040,0.088331,0.000000,26.626207,17.722908,18.480335,-3.571434,0.401832,-3.938423,0.011452,0.065616,-1.496553,-48.858250,-0.286721,-0.016146,0.004330,1.000000,0.999997,0.004873,83460.992188,0.960843,1.000000,1.000000,1.000000,1.000000,1.000000,1.000000,0.000000,0.800000,1.000000,0.060556,0.000000
79.037288,4.000000,1845.214600,0.812304,702.031636,0.089979,0.000000,26.140558,17.214209,17.949892,-3.571140,0.394072,-3.937409,0.010875,0.062309,-1.496553,-48.871574,-0.290397,-0.013662,0.003478,1.000000,0.999998,0.003040,83460.992188,0.962852,1.000000,1.000000,1.000000,1.000000,1.000000,1.000000,0.000000,0.800000,1.000000,0.058714,0.000000
79.090867,4.000000,1845.703735,0.813421,702.032229,0.090772,0.000000,25.660339,16.702190,17.415992,-3.571089,0.384220,-3.943071,0.011281,0.064634,-1.496553,-48.884384,-0.293675,-0.010323,0.003262,1.000000,0.999998,-0.000292,83460.992188,0.965537,1.000000,1.000000,1.000000,1.000000,1.000000,1.000000,0.000000,0.800000,1.000000,0.057886,0.000000
79.145442,4.000000,1846.182861,0.814274,702.032889,0.091321,0.000000,25.169193,16.187332,16.879126,-3.571084,0.371774,-3.952194,0.012401,0.071050,-1.496553,-48.896931,-0.297253,-0.007275,0.002795,1.000000,0.999998,-0.002280,83460.992188,0.963952,1.000000,1.000000,1.000000,1.000000,1.000000,1.000000,0.000000,0.800000,1.000000,0.057493,0.000000
79.200040,4.000000,1846.645264,0.814840,702.033601,0.092969,0.000000,24.676029,15.661370,16.330684,-3.571859,0.358036,-3.964837,0.013520,0.077466,-1.496553,-48.909039,-0.295949,-0.005825,-0.000069,1.000000,0.999998,-0.029966,83460.992188,0.964151,1.000000,1.000000,1.000000,1.000000,1.000000,1.000000,0.000000,0.800000,1.000000,0.057344,0.000000
79.253462,4.000000,1847.087280,0.815123,702.034378,0.093702,0.000000,24.191771,15.132200,15.778891,-3.573953,0.344093,-3.978426,0.014901,0.085375,-1.496553,-48.920612,-0.296009,-0.004397,-0.002552,1.000000,0.999998,-0.047299,83460.992188,0.963579,1.000000,1.000000,1.000000,1.000000,1.000000,1.000000,0.000000,0.800000,1.000000,0.057061,0.000000
79.306694,4.000000,1847.515503,0.815141,702.035157,0.093641,0.000000,23.707418,14.605801,15.229997,-3.576741,0.329612,-3.980375,0.014440,0.082736,-1.496553,-48.931828,-0.296989,-0.003000,-0.004186,1.000000,0.999998,-0.058170,83460.992188,0.959321,1.000000,1.000000,1.000000,1.000000,1.000000,1.000000,0.000000,0.800000,1.000000,0.054990,0.000000
79.357970,4.000000,1847.910034,0.814930,702.035859,0.093641,0.000000,23.239252,14.101567,14.704219,-3.579708,0.315683,-3.977279,0.013258,0.075962,-1.496553,-48.942158,-0.300126,-0.002812,-0.005711,1.000000,0.999998,-0.055905,83460.992188,0.958155,1.000000,1.000000,1.000000,1.000000,1.000000,1.000000,0.000000,0.800000,1.000000,0.052319,0.000000
79.410788,4.000000,1848.298584,0.814532,702.036486,0.095045,0.000000,22.755127,13.592450,14.173349,-3.582555,0.302263,-3.967429,0.011208,0.064216,-1.496553,-48.952332,-0.303284,-0.003292,-0.006854,1.000000,0.999998,-0.054268,83460.992188,0.957072,1.000000,1.000000,1.000000,1.000000,1.000000,1.000000,0.000000,0.800000,1.000000,0.048805,0.000000
79.466299,4.000000,1848.689331,0.813976,702.037024,0.095899,0.000000,22.244272,13.058236,13.616309,-3.585571,0.289303,-3.954480,0.008914,0.051073,-1.496553,-48.962566,-0.306163,-0.003758,-0.007853,1.000000,0.999998,-0.054521,83460.992188,0.956633,1.000000,1.000000,1.000000,1.000000,1.000000,1.000000,0.000000,0.800000,1.000000,0.044922,0.000000
79.519233,4.000000,1849.054688,0.813350,702.037418,0.097547,0.000000,21.755682,12.540831,13.076795,-3.588438,0.277766,-3.944048,0.006868,0.039351,-1.496553,-48.972134,-0.308606,-0.003819,-0.008315,1.000000,0.999998,-0.055426,83460.992188,0.957840,1.000000,1.000000,1.000000,1.000000,1.000000,1.000000,0.000000,0.800000,1.000000,0.041594,0.000000
79.571113,4.000000,1849.396362,0.812690,702.037734,0.099439,0.000000,21.275370,12.030599,12.544759,-3.591502,0.267270,-3.942120,0.005866,0.033607,-1.496553,-48.981079,-0.309678,-0.004267,-0.009274,1.000000,0.999998,-0.062640,83460.992188,0.960548,1.000000,1.000000,1.000000,1.000000,1.000000,1.000000,0.000000,0.800000,1.000000,0.039336,0.000000
79.623175,4.000000,1849.724854,0.811999,702.038031,0.100538,0.000000,20.791853,11.519712,12.012039,-3.594755,0.257721,-3.944016,0.005536,0.031720,-1.496553,-48.989681,-0.312252,-0.004992,-0.010219,1.000000,0.999998,-0.061079,83460.992188,0.959258,1.000000,1.000000,1.000000,1.000000,1.000000,1.000000,0.000000,0.800000,1.000000,0.037513,0.000000
79.676074,4.000000,1850.043091,0.811296,702.038292,0.102003,0.000000,20.299017,10.999570,11.469667,-3.597916,0.249234,-3.939924,0.004622,0.026483,-1.496553,-48.998013,-0.315326,-0.005767,-0.009972,1.000000,0.999998,-0.056927,83460.992188,0.958456,1.000000,1.000000,1.000000,1.000000,1.000000,1.000000,0.000000,0.800000,1.000000,0.035065,0.000000
79.729144,4.000000,1850.347412,0.810621,702.038472,0.103895,0.000000,19.803137,10.481016,10.928954,-3.600740,0.241570,-3.924953,0.002741,0.015706,-1.496553,-49.005981,-0.318414,-0.005905,-0.009678,1.000000,0.999998,-0.052781,83460.992188,0.956908,1.000000,1.000000,1.000000,1.000000,1.000000,1.000000,0.000000,0.800000,1.000000,0.031658,0.000000
79.783384,4.000000,1850.638916,0.809980,702.038562,0.105848,0.000000,19.294811,9.953890,10.379299,-3.603436,0.234135,-3.914696,0.001310,0.007507,-1.496553,-49.013615,-0.321846,-0.005872,-0.009923,1.000000,0.999998,-0.046689,83460.992188,0.957890,1.000000,1.000000,1.000000,1.000000,1.000000,1.000000,0.000000,0.800000,1.000000,0.028832,0.000000
79.839423,4.000000,1850.932495,0.809330,702.038593,0.107374,0.000000,18.768019,9.398138,9.799798,-3.605655,0.226802,-3.904278,0.000159,0.000910,-1.496553,-49.021305,-0.326185,-0.005848,-0.010312,1.000000,0.999998,-0.036605,83460.992188,0.958413,1.000000,1.000000,1.000000,1.000000,1.000000,1.000000,0.000000,0.800000,1.000000,0.026124,0.000000
79.892349,4.000000,1851.190918,0.808747,702.038565,0.108533,0.000000,18.269369,8.869102,9.248151,-3.607692,0.220320,-3.895736,-0.000782,-0.004479,-1.496553,-49.028072,-0.327870,-0.006028,-0.009776,1.000000,0.999998,-0.040257,83460.992188,0.957433,1.000000,1.000000,1.000000,1.000000,1.000000,1.000000,0.000000,0.800000,1.000000,0.023766,0.000000
79.948244,4.000000,1851.443481,0.808177,702.038489,0.109510,0.000000,17.741100,8.326317,8.682167,-3.609639,0.214116,-3.885002,-0.001647,-0.009437,-1.496553,-49.034683,-0.332031,-0.006434,-0.009576,1.000000,0.999998,-0.031076,83460.992188,0.958365,1.000000,1.000000,1.000000,1.000000,1.000000,1.000000,0.000000,0.800000,1.000000,0.021296,0.000000
80.001548,4.000000,1851.674805,0.807670,702.038367,0.110425,0.000000,17.236237,7.791095,8.124070,-3.611262,0.208904,-3.873138,-0.002546,-0.014588,-1.496553,-49.040741,-0.334829,-0.006968,-0.009102,1.000000,0.999998,-0.029001,83460.992188,0.959562,1.000000,1.000000,1.000000,1.000000,1.000000,1.000000,0.000000,0.800000,1.000000,0.018947,0.000000
80.056453,4.000000,1851.897827,0.807210,702.038201,0.110853,0.000000,16.714766,7.232948,7.542068,-3.612879,0.204454,-3.863511,-0.003200,-0.018334,-1.496553,-49.046581,-0.337258,-0.007826,-0.008356,1.000000,0.999998,-0.029345,83460.992188,0.960200,1.000000,1.000000,1.000000,1.000000,1.000000,1.000000,0.000000,0.800000,1.000000,0.016834,0.000000
80.108515,4.000000,1852.092041,0.806860,702.038025,0.111707,0.000000,16.219236,6.710333,6.997118,-3.614356,0.201343,-3.857265,-0.003438,-0.019696,-1.496553,-49.051666,-0.339532,-0.008901,-0.008553,1.000000,0.999998,-0.029931,83460.992188,0.959117,1.000000,1.000000,1.000000,1.000000,1.000000,1.000000,0.000000,0.800000,1.000000,0.015118,0.000000
80.161015,4.000000,1852.272583,0.806597,702.037835,0.112195,0.000000,15.718227,6.184791,6.449114,-3.615789,0.199081,-3.848721,-0.003705,-0.021226,-1.496553,-49.056396,-0.342532,-0.009637,-0.007555,1.000000,0.999998,-0.026759,83460.992188,0.958935,1.000000,1.000000,1.000000,1.000000,1.000000,1.000000,0.000000,0.800000,1.000000,0.013349,0.000000
80.214019,4.000000,1852.438477,0.806425,702.037622,0.112379,0.000000,15.211086,5.663283,5.905315,-3.617114,0.197695,-3.834299,-0.004156,-0.023815,-1.496553,-49.060741,-0.345663,-0.010619,-0.007419,1.000000,0.999998,-0.023189,83460.992188,0.958032,1.000000,1.000000,1.000000,1.000000,1.000000,1.000000,0.000000,0.800000,1.000000,0.011371,0.000000
80.266498,4.000000,1852.589355,0.806342,702.037372,0.112379,0.000000,14.707838,5.147973,5.367979,-3.618200,0.197215,-3.807220,-0.005054,-0.028955,-1.496553,-49.064690,-0.348973,-0.011598,-0.008000,1.000000,0.999998,-0.018775,83460.992188,0.958751,1.000000,1.000000,1.000000,1.000000,1.000000,1.000000,0.000000,0.800000,1.000000,0.008977,0.000000
80.319789,4.000000,1852.727905,0.806334,702.037071,0.111890,0.000000,14.195634,4.625956,4.823647,-3.619088,0.197435,-3.777796,-0.005861,-0.033580,-1.496553,-49.068317,-0.352632,-0.012243,-0.007513,1.000000,0.999998,-0.012800,83460.992188,0.960164,1.000000,1.000000,1.000000,1.000000,1.000000,1.000000,0.000000,0.800000,1.000000,0.006758,0.000000
80.371059,4.000000,1852.849487,0.806393,702.036754,0.111280,0.000000,13.702131,4.113493,4.289280,-3.619703,0.198195,-3.753057,-0.006251,-0.035813,-1.496553,-49.071503,-0.355535,-0.012901,-0.007505,1.000000,0.999998,-0.010812,83460.992188,0.961000,1.000000,1.000000,1.000000,1.000000,1.000000,1.000000,0.000000,0.800000,1.000000,0.005044,0.000000
80.422392,4.000000,1852.954956,0.806506,702.036429,0.111463,0.000000,13.207229,3.615304,3.769795,-3.620029,0.199492,-3.725622,-0.006367,-0.036481,-1.496553,-49.074265,-0.359504,-0.013632,-0.007679,1.000000,0.999998,-0.003539,83460.992188,0.959544,1.000000,1.000000,1.000000,1.000000,1.000000,1.000000,0.000000,0.800000,1.000000,0.003495,0.000000
80.475395,4.000000,1853.049561,0.806672,702.036085,0.111402,0.000000,12.695376,3.100291,3.232766,-3.619991,0.201331,-3.688733,-0.006531,-0.037417,-1.496553,-49.076740,-0.363248,-0.014312,-0.008423,1.000000,0.999998,0.001260,83460.992188,0.960780,1.000000,1.000000,1.000000,1.000000,1.000000,1.000000,0.000000,0.800000,1.000000,0.001938,0.000000
80.529925,4.000000,1853.131226,0.806882,702.035734,0.111341,0.000000,12.168056,2.581416,2.691712,-3.619609,0.203633,-3.640760,-0.006459,-0.037005,-1.496553,-49.078880,-0.368727,-0.014660,-0.007834,1.000000,0.999998,0.014425,83460.992188,0.961243,1.000000,1.000000,1.000000,1.000000,1.000000,1.000000,0.000000,0.800000,1.000000,0.000483,0.000000
80.583876,4.000000,1853.197754,0.807124,702.035368,0.111219,0.000000,11.646024,2.083741,2.172754,-3.618237,0.206009,-3.537730,-0.006988,-0.040039,-1.496553,-49.080624,-0.376344,-0.014905,-0.006911,1.000000,0.999998,0.037833,83460.992188,0.962035,1.000000,1.000000,1.000000,1.000000,1.000000,1.000000,0.000000,0.800000,1.000000,-0.001533,0.000000
80.636537,4.000000,1853.250000,0.807390,702.034937,0.110853,0.000000,11.136665,1.697881,1.770357,-3.614014,0.209090,-2.827376,-0.009087,-0.052067,-1.496553,-49.081989,-0.399202,-0.016796,-0.012075,1.000000,0.999998,0.141817,83460.992188,0.949987,1.000000,1.000000,1.000000,1.000000,1.000000,1.000000,0.000000,0.800000,1.000000,-0.005792,0.000000
80.688726,4.000000,1853.291260,0.807638,702.034269,0.110487,0.000000,10.632925,1.276088,1.330346,-3.606777,0.212773,-1.723323,-0.014013,-0.080289,-1.496553,-49.083069,-0.405399,-0.016756,-0.011606,1.000000,0.999998,0.149490,83460.992188,0.966830,1.000000,1.000000,1.000000,1.000000,1.000000,1.000000,0.000000,0.800000,1.000000,-0.011074,0.000000
80.742241,4.000000,1853.321411,0.807894,702.033421,0.109876,0.000000,10.118382,0.874654,0.911469,-3.598402,0.216176,-0.742436,-0.016532,-0.094719,-1.496553,-49.083858,-0.412521,-0.016590,-0.011805,1.000000,0.999998,0.160990,83460.992188,0.969583,1.000000,1.000000,1.000000,1.000000,1.000000,1.000000,0.000000,0.800000,1.000000,-0.014509,0.000000
