time,phase,along_m,cross_m,elevation_m,agl_m,height_ft,ias,eas,groundspeed_kt,pitch,bank,alpha,vy,gamma,gamma_cmd,h_cmd,yoke,roll,rudder,speedbrake,speedbrake_actual,Q,mass,nz,main_wow,nose_wow,gear_cmd,gear0,gear1,gear2,chute,brakes,derotating,local_vy,radar_height_ft
0.003529,1.000000,-8483.588867,-11.120764,2965.415812,2265.502686,7433.715820,0.003685,0.000000,325.841886,-12.000009,-0.000022,7.991119,-62.312748,-20.391779,-20.544558,2255.737793,-0.025172,0.048175,-0.000003,0.000000,0.000000,-0.004435,83460.992188,1.709908,0.000000,0.000000,0.000000,0.000000,0.000000,0.000000,0.000000,0.000000,0.000000,-61.138611,7436.243164
0.053780,1.000000,-8482.998047,-11.119447,2962.299447,2262.385742,7433.030762,2.264536,298.620697,325.858140,-12.004985,0.032999,7.866274,-62.286308,-20.382905,-20.544868,2255.522949,-0.015700,-0.002227,0.000550,0.025126,0.000000,-0.130363,83460.992188,1.728654,0.000000,0.000000,0.000000,0.000000,0.000000,0.000000,0.000000,0.000000,0.000000,-60.778194,7435.558105
0.104048,1.000000,-8467.286133,-11.084911,2959.196261,2259.281982,7413.978516,6.275274,298.622528,326.240497,-12.016096,0.063093,7.733277,-61.609821,-20.157726,-20.539471,2249.804199,-0.084792,0.014017,0.000198,0.050260,0.003464,-0.323806,83460.992188,1.770596,0.000000,0.000000,0.000000,0.000000,0.000000,0.000000,0.000000,0.000000,0.000000,-60.410652,7416.506348
0.155157,1.000000,-8458.747070,-11.066453,2956.060603,2256.145508,7403.715820,12.325739,298.610046,326.443673,-12.040300,0.087471,7.580028,-61.221260,-20.029260,-20.538052,2246.696289,-0.121140,0.015733,0.000097,0.075814,0.009135,-0.614668,83460.992188,1.783284,0.000000,0.000000,0.000000,0.000000,0.000000,0.000000,0.000000,0.000000,0.000000,-60.019451,7402.763184
0.207794,1.000000,-8449.867188,-11.047482,2952.852164,2252.936279,7393.121094,20.204462,298.591400,326.648302,-12.082193,0.111034,7.405195,-60.814846,-19.895281,-20.537857,2243.464111,-0.150953,0.015665,0.000035,0.102133,0.016996,-0.961534,83460.992188,1.775545,0.000000,0.000000,0.000000,0.000000,0.000000,0.000000,0.000000,0.000000,0.000000,-59.615383,7392.167969
0.262777,1.000000,-8440.539063,-11.027782,2949.523181,2249.606689,7382.075684,29.785742,298.570984,326.854562,-12.146306,0.134739,7.204971,-60.395203,-19.757158,-20.539055,2240.069092,-0.174766,0.015322,-0.000023,0.129624,0.027189,-1.351369,83460.992188,1.753287,0.000000,0.000000,0.000000,0.000000,0.000000,0.000000,0.000000,0.000000,0.000000,-59.201103,7381.123047
0.318169,1.000000,-8431.279297,-11.008434,2946.191987,2246.274658,7371.194824,40.466366,298.552521,327.049374,-12.232804,0.157825,6.986954,-59.994804,-19.625420,-20.541624,2236.698730,-0.191010,0.014939,-0.000082,0.157320,0.039284,-1.749032,83460.992188,1.714113,0.000000,0.000000,0.000000,0.000000,0.000000,0.000000,0.000000,0.000000,0.000000,-58.800716,7370.200684
0.372377,1.000000,-8422.257813,-10.989758,2942.952787,2243.034912,7360.669434,51.607323,298.540070,327.228792,-12.338464,0.179707,6.760652,-59.627522,-19.504486,-20.545380,2233.415283,-0.183893,0.014551,-0.000140,0.184424,0.052712,-2.120517,83460.992188,1.645938,0.000000,0.000000,0.000000,0.000000,0.000000,0.000000,0.000000,0.000000,0.000000,-58.433834,7359.675293
0.426815,1.000000,-8412.957031,-10.970663,2939.718377,2239.799561,7349.888184,63.230671,298.546021,327.399548,-12.462009,0.201039,6.533129,-59.301788,-19.396555,-20.550421,2230.030029,-0.155624,0.014109,-0.000200,0.211643,0.067615,-2.383835,83460.992188,1.534391,0.000000,0.000000,0.000000,0.000000,0.000000,0.000000,0.000000,0.000000,0.000000,-58.119781,7348.894531
0.480999,1.000000,-8403.857422,-10.952113,2936.514522,2236.612305,7339.398926,75.027229,298.569580,327.552004,-12.596191,0.221677,6.311355,-59.035179,-19.307498,-20.556332,2226.718018,-0.138847,0.013686,-0.000260,0.238735,0.083715,-2.546645,83460.992188,1.450194,0.000000,0.000000,0.000000,0.000000,0.000000,0.000000,0.000000,0.000000,0.000000,-57.857246,7338.405273
0.534576,1.000000,-8394.845703,-10.933856,2933.359411,2233.470215,7329.060059,86.751083,298.604156,327.689630,-12.735608,0.241508,6.097486,-58.810070,-19.231809,-20.563002,2223.437988,-0.129577,0.013294,-0.000316,0.265524,0.100748,-2.643879,83460.992188,1.384700,0.000000,0.000000,0.000000,0.000000,0.000000,0.000000,0.000000,0.000000,0.000000,-57.635506,7328.044922
0.588388,1.000000,-8385.805664,-10.915637,2930.201528,2230.325195,7318.730469,98.454742,298.646149,327.815421,-12.879646,0.260858,5.888414,-58.614971,-19.165853,-20.570383,2220.147705,-0.124927,0.012922,-0.000366,0.292430,0.118857,-2.701056,83460.992188,1.331290,0.000000,0.000000,0.000000,0.000000,0.000000,0.000000,0.000000,0.000000,0.000000,-57.442829,7317.715332
0.643368,1.000000,-8376.542969,-10.897054,2926.985055,2227.122070,7308.182617,110.229706,298.693542,327.931928,-13.029166,0.280047,5.680802,-58.440990,-19.106800,-20.578560,2216.776367,-0.123236,0.012571,-0.000415,0.319920,0.138286,-2.733007,83460.992188,1.285358,0.000000,0.000000,0.000000,0.000000,0.000000,0.000000,0.000000,0.000000,0.000000,-57.271362,7307.167480
0.697533,1.000000,-8367.402344,-10.878791,2923.824844,2223.975098,7297.806641,121.561974,298.743042,328.035148,-13.177699,0.298327,5.482136,-58.291115,-19.055774,-20.587183,2213.449463,-0.123396,0.012306,-0.000483,0.347002,0.158250,-2.748761,83460.992188,1.245803,0.000000,0.000000,0.000000,0.000000,0.000000,0.000000,0.000000,0.000000,0.000000,-57.123825,7296.791504
0.752945,1.000000,-8358.123047,-10.860318,2920.599616,2220.762939,7287.301758,132.825302,298.791840,328.128876,-13.330245,0.316441,5.284749,-58.158348,-19.010451,-20.596409,2210.072021,-0.124670,0.011956,-0.000541,0.374708,0.179408,-2.755394,83460.992188,1.209491,0.000000,0.000000,0.000000,0.000000,0.000000,0.000000,0.000000,0.000000,0.000000,-56.992203,7286.503418
0.808547,1.000000,-8348.746094,-10.841712,2917.370080,2217.546875,7276.712402,143.711594,298.847687,328.212548,-13.483509,0.334077,5.092529,-58.042328,-18.970751,-20.606174,2206.659180,-0.126604,0.011619,-0.000592,0.402509,0.201353,-2.756506,83460.992188,1.175796,0.000000,0.000000,0.000000,0.000000,0.000000,0.000000,0.000000,0.000000,0.000000,-56.878120,7275.914063
0.858949,1.000000,-8340.251953,-10.824898,2914.447659,2214.636719,7267.138672,153.200623,298.896118,328.278988,-13.622399,0.349607,4.923172,-57.951675,-18.939675,-20.615339,2203.567383,-0.128708,0.011320,-0.000631,0.411364,0.221315,-2.754607,83460.992188,1.147149,0.000000,0.000000,0.000000,0.000000,0.000000,0.000000,0.000000,0.000000,0.000000,-56.789055,7266.340332
0.914950,1.000000,-8330.827148,-10.806278,2911.205424,2211.407715,7256.534668,163.294525,298.950104,328.342611,-13.776559,0.366369,4.740264,-57.866203,-18.910323,-20.625824,2200.137207,-0.131226,0.010999,-0.000668,0.413254,0.241603,-2.751061,83460.992188,1.116856,0.000000,0.000000,0.000000,0.000000,0.000000,0.000000,0.000000,0.000000,0.000000,-56.705177,7255.736328
0.971109,1.000000,-8321.380859,-10.787645,2907.958308,2208.174072,7245.922363,172.927078,299.004303,328.396445,-13.930937,0.382673,4.562209,-57.795761,-18.886059,-20.636606,2196.698975,-0.133788,0.010689,-0.000700,0.415151,0.259985,-2.747281,83460.992188,1.087652,0.000000,0.000000,0.000000,0.000000,0.000000,0.000000,0.000000,0.000000,0.000000,-56.636311,7245.278809
1.027304,1.000000,-8311.892578,-10.768951,2904.712545,2204.941895,7235.276367,182.066391,299.058746,328.441025,-14.085217,0.398495,4.389220,-57.739822,-18.866694,-20.647665,2193.245605,-0.136300,0.010390,-0.000726,0.417056,0.276621,-2.744013,83460.992188,1.059294,0.000000,0.000000,0.000000,0.000000,0.000000,0.000000,0.000000,0.000000,0.000000,-56.582184,7234.632324
1.078532,1.000000,-8303.241211,-10.751921,2901.755977,2201.997314,7225.579102,189.962753,299.108643,328.473652,-14.225725,0.412500,4.235867,-57.701370,-18.853277,-20.657921,2190.096680,-0.138509,0.010121,-0.000745,0.418803,0.290414,-2.741772,83460.992188,1.034105,0.000000,0.000000,0.000000,0.000000,0.000000,0.000000,0.000000,0.000000,0.000000,-56.545349,7224.935059
1.133628,1.000000,-8293.928711,-10.733593,2898.577910,2198.832764,7215.146484,197.993546,299.163330,328.500732,-14.376738,0.427132,4.075420,-57.673069,-18.843239,-20.669065,2186.707275,-0.140775,0.009843,-0.000763,0.420717,0.303940,-2.740315,83460.992188,1.007625,0.000000,0.000000,0.000000,0.000000,0.000000,0.000000,0.000000,0.000000,0.000000,-56.518764,7214.708496
1.188734,1.000000,-8284.629883,-10.715296,2895.400357,2195.668701,7204.734863,205.557419,299.218018,328.519774,-14.527733,0.441333,3.919408,-57.658028,-18.837656,-20.680304,2183.322754,-0.142926,0.009574,-0.000777,0.422631,0.316252,-2.739840,83460.992188,0.981763,0.000000,0.000000,0.000000,0.000000,0.000000,0.000000,0.000000,0.000000,0.000000,-56.505363,7204.297363
1.243451,1.000000,-8275.433594,-10.697194,2892.245604,2192.527100,7194.439453,212.615997,299.273010,328.531075,-14.677663,0.455020,3.768765,-57.655857,-18.836395,-20.691448,2179.975586,-0.144949,0.009315,-0.000788,0.424556,0.327402,-2.740312,83460.992188,0.956694,0.000000,0.000000,0.000000,0.000000,0.000000,0.000000,0.000000,0.000000,0.000000,-56.504829,7194.001953
1.293836,1.000000,-8266.883789,-10.680359,2889.340350,2189.634033,7184.868164,218.730789,299.324707,328.535079,-14.815765,0.467274,3.633683,-57.664902,-18.838928,-20.701828,2176.863770,-0.146717,0.009084,-0.000796,0.426365,0.336820,-2.741515,83460.992188,0.934009,0.000000,0.000000,0.000000,0.000000,0.000000,0.000000,0.000000,0.000000,0.000000,-56.515327,7184.430664
1.348113,1.000000,-8257.681641,-10.662226,2886.209776,2186.516602,7174.563477,224.917465,299.381378,328.532617,-14.964631,0.480104,3.491929,-57.686333,-18.845566,-20.712957,2173.514404,-0.148527,0.008851,-0.000805,0.428348,0.346150,-2.743557,83460.992188,0.910101,0.000000,0.000000,0.000000,0.000000,0.000000,0.000000,0.000000,0.000000,0.000000,-56.538200,7174.226563
1.402511,1.000000,-8248.552734,-10.644222,2883.070653,2183.390625,7164.336426,230.718979,299.438416,328.523541,-15.113955,0.492594,3.353652,-57.719296,-18.856058,-20.723946,2170.191650,-0.150246,0.008619,-0.000813,0.430344,0.354741,-2.746343,83460.992188,0.886762,0.000000,0.000000,0.000000,0.000000,0.000000,0.000000,0.000000,0.000000,0.000000,-56.572887,7163.999512
1.457849,1.000000,-8239.209961,-10.625775,2879.875020,2180.208496,7153.860840,236.229736,299.497559,328.507554,-15.266034,0.504937,3.216743,-57.764839,-18.870738,-20.735062,2166.791260,-0.151905,0.008387,-0.000818,0.432415,0.362783,-2.749853,83460.992188,0.863487,0.000000,0.000000,0.000000,0.000000,0.000000,0.000000,0.000000,0.000000,0.000000,-56.619991,7153.524414
1.512900,1.000000,-8229.933594,-10.607439,2876.693055,2177.039795,7143.451172,241.339050,299.557892,328.485338,-15.417527,0.516868,3.084184,-57.821617,-18.889159,-20.745968,2163.414795,-0.153472,0.008166,-0.000822,0.434526,0.370163,-2.753954,83460.992188,0.840872,0.000000,0.000000,0.000000,0.000000,0.000000,0.000000,0.000000,0.000000,0.000000,-56.678417,7143.114258
1.567495,1.000000,-8220.759766,-10.589280,2873.533966,2173.893799,7133.145020,246.057785,299.618317,328.457220,-15.568011,0.528363,2.956178,-57.888836,-18.911062,-20.756588,2160.075928,-0.154950,0.007954,-0.000824,0.436641,0.376940,-2.758547,83460.992188,0.818977,0.000000,0.000000,0.000000,0.000000,0.000000,0.000000,0.000000,0.000000,0.000000,-56.747490,7132.963867
1.622189,1.000000,-8211.477539,-10.570879,2870.365003,2170.738037,7122.702148,250.456406,299.681702,328.421864,-15.718780,0.539562,2.832905,-57.971046,-18.937900,-20.767099,2156.697510,-0.144743,0.007739,-0.000825,0.438859,0.383247,-2.748371,83460.992188,0.779137,0.000000,0.000000,0.000000,0.000000,0.000000,0.000000,0.000000,0.000000,0.000000,-56.831860,7122.520996
1.673333,1.000000,-8203.002930,-10.554055,2867.397003,2167.782227,7113.152344,254.289246,299.743622,328.381407,-15.858220,0.549760,2.725627,-58.065487,-18.968718,-20.776459,2153.613037,-0.134831,0.007538,-0.000826,0.441026,0.388764,-2.702195,83460.992188,0.742502,0.000000,0.000000,0.000000,0.000000,0.000000,0.000000,0.000000,0.000000,0.000000,-56.930584,7112.971191
1.723435,1.000000,-8194.462891,-10.537078,2864.484166,2164.881592,7103.509277,257.794983,299.809296,328.333535,-15.991784,0.559489,2.628711,-58.176857,-19.005064,-20.785604,2150.504639,-0.125999,0.007344,-0.000826,0.443326,0.393860,-2.630301,83460.992188,0.711675,0.000000,0.000000,0.000000,0.000000,0.000000,0.000000,0.000000,0.000000,0.000000,-57.043053,7103.328125
1.777807,1.000000,-8185.235352,-10.518711,2861.316309,2161.726807,7093.066895,261.336670,299.883026,328.274836,-16.132011,0.569761,2.533071,-58.312515,-19.049351,-20.795118,2147.145996,-0.117422,0.007148,-0.000825,0.445906,0.399092,-2.529976,83460.992188,0.684062,0.000000,0.000000,0.000000,0.000000,0.000000,0.000000,0.000000,0.000000,0.000000,-57.179852,7093.049805
1.831536,1.000000,-8176.186035,-10.500673,2858.178270,2158.601563,7082.797852,264.584229,299.958008,328.211243,-16.264725,0.579613,2.448483,-58.458256,-19.096949,-20.804010,2143.852295,-0.109843,0.006960,-0.000822,0.448530,0.403996,-2.414507,83460.992188,0.661436,0.000000,0.000000,0.000000,0.000000,0.000000,0.000000,0.000000,0.000000,0.000000,-57.327431,7082.780762
1.886513,1.000000,-8166.935059,-10.482208,2854.958849,2155.395264,7072.270020,267.664825,300.036224,328.141036,-16.393749,0.589393,2.372082,-58.617798,-19.149076,-20.812626,2140.485352,-0.102730,0.006776,-0.000818,0.451267,0.408775,-2.285015,83460.992188,0.642856,0.000000,0.000000,0.000000,0.000000,0.000000,0.000000,0.000000,0.000000,0.000000,-57.488747,7072.252930
1.942223,1.000000,-8157.545898,-10.463441,2851.687221,2152.136963,7061.551270,270.552704,300.117188,328.065224,-16.516987,0.598992,2.305002,-58.788555,-19.204892,-20.820841,2137.067871,-0.096007,0.006594,-0.000813,0.454102,0.413404,-2.146051,83460.992188,0.627645,0.000000,0.000000,0.000000,0.000000,0.000000,0.000000,0.000000,0.000000,0.000000,-57.660820,7061.706543
1.998063,1.000000,-8148.137695,-10.444609,2848.398125,2148.861328,7050.775879,273.228485,300.199402,327.985555,-16.632589,0.608296,2.247828,-58.966347,-19.263035,-20.828506,2133.643555,-0.089620,0.006419,-0.000806,0.456979,0.417848,-2.003365,83460.992188,0.615553,0.000000,0.000000,0.000000,0.000000,0.000000,0.000000,0.000000,0.000000,0.000000,-57.839771,7050.930664
2.049101,1.000000,-8139.557129,-10.427410,2845.383047,2145.858154,7040.915527,275.493164,300.275757,327.910039,-16.731209,0.616536,2.204291,-59.133755,-19.317798,-20.834980,2130.520508,-0.084275,0.006264,-0.000799,0.459651,0.421772,-1.869363,83460.992188,0.606749,0.000000,0.000000,0.000000,0.000000,0.000000,0.000000,0.000000,0.000000,0.000000,-58.008430,7041.070313
2.104347,1.000000,-8130.289063,-10.408807,2842.109606,2142.597900,7030.230469,277.764130,300.359009,327.826277,-16.830235,0.625158,2.166141,-59.318501,-19.378241,-20.841415,2127.147217,-0.078931,0.006104,-0.000791,0.462566,0.425885,-1.723524,83460.992188,0.599762,0.000000,0.000000,0.000000,0.000000,0.000000,0.000000,0.000000,0.000000,0.000000,-58.194775,7030.385254
2.159766,1.000000,-8120.939941,-10.390010,2838.815521,2139.317139,7019.413574,279.867035,300.443268,327.739964,-16.921513,0.633496,2.136755,-59.507607,-19.440129,-20.847292,2123.744385,-0.073689,0.005944,-0.000782,0.465514,0.429886,-1.578575,83460.992188,0.595730,0.000000,0.000000,0.000000,0.000000,0.000000,0.000000,0.000000,0.000000,0.000000,-58.384212,7019.748535
2.215295,1.000000,-8111.566406,-10.371134,2835.504350,2136.019287,7008.530762,281.811035,300.528473,327.652347,-17.004980,0.641556,2.115782,-59.698769,-19.502694,-20.852571,2120.332764,-0.068731,0.005790,-0.000773,0.468496,0.433784,-1.435672,83460.992188,0.593163,0.000000,0.000000,0.000000,0.000000,0.000000,0.000000,0.000000,0.000000,0.000000,-58.575462,7008.865723
2.271181,1.000000,-8102.200195,-10.352240,2832.161182,2132.689209,6997.617188,283.614868,300.613800,327.564017,-17.081053,0.649371,2.102745,-59.890362,-19.565415,-20.857212,2116.923828,-0.064251,0.005640,-0.000763,0.471483,0.437609,-1.295140,83460.992188,0.592856,0.000000,0.000000,0.000000,0.000000,0.000000,0.000000,0.000000,0.000000,0.000000,-58.768333,6997.952148
2.326536,1.000000,-8092.887207,-10.333418,2828.839199,2129.380127,6986.727051,285.261719,300.699158,327.476043,-17.148775,0.656813,2.097290,-60.080494,-19.627659,-20.861202,2113.534180,-0.059984,0.005498,-0.000754,0.474471,0.441312,-1.159859,83460.992188,0.594463,0.000000,0.000000,0.000000,0.000000,0.000000,0.000000,0.000000,0.000000,0.000000,-58.958839,6987.062012
2.381467,1.000000,-8083.607422,-10.314627,2825.532305,2126.086182,6975.838379,286.768829,300.784454,327.388692,-17.208702,0.663918,2.098705,-60.268665,-19.689263,-20.864567,2110.156494,-0.055911,0.005360,-0.000744,0.477456,0.444914,-1.030071,83460.992188,0.596966,0.000000,0.000000,0.000000,0.000000,0.000000,0.000000,0.000000,0.000000,0.000000,-59.146523,6976.330078
2.436678,1.000000,-8074.400391,-10.295944,2822.198253,2122.765381,6964.997070,288.165558,300.868866,327.302706,-17.261890,0.670774,2.106473,-60.453434,-19.749751,-20.867287,2106.805420,-0.052495,0.005225,-0.000735,0.480410,0.448467,-0.904588,83460.992188,0.601566,0.000000,0.000000,0.000000,0.000000,0.000000,0.000000,0.000000,0.000000,0.000000,-59.333023,6965.488770
2.487442,1.000000,-8065.853516,-10.278566,2819.123746,2119.702881,6954.900879,289.353302,300.946991,327.223838,-17.304832,0.676822,2.118718,-60.622433,-19.805076,-20.869286,2103.694580,-0.049275,0.005103,-0.000726,0.483145,0.451678,-0.794434,83460.992188,0.606894,0.000000,0.000000,0.000000,0.000000,0.000000,0.000000,0.000000,0.000000,0.000000,-59.501873,6955.392578
2.541113,1.000000,-8056.789063,-10.260095,2815.863978,2116.455811,6944.158691,290.515564,301.029755,327.141352,-17.344261,0.682974,2.136677,-60.798794,-19.862810,-20.870844,2100.395508,-0.046078,0.004977,-0.000717,0.486042,0.455025,-0.682348,83460.992188,0.613167,0.000000,0.000000,0.000000,0.000000,0.000000,0.000000,0.000000,0.000000,0.000000,-59.677464,6944.799316
2.595483,1.000000,-8047.676270,-10.241482,2812.552280,2113.156738,6933.325195,291.602600,301.112335,327.060022,-17.378237,0.688939,2.159564,-60.972359,-19.919623,-20.871849,2097.078613,-0.043321,0.004854,-0.000709,0.488932,0.458366,-0.574643,83460.992188,0.621068,0.000000,0.000000,0.000000,0.000000,0.000000,0.000000,0.000000,0.000000,0.000000,-59.851460,6933.965820
2.650520,1.000000,-8038.418457,-10.222527,2809.190472,2109.807861,6922.285156,292.617523,301.195953,326.979315,-17.406841,0.694711,2.187053,-61.144295,-19.975899,-20.872301,2093.708984,-0.040651,0.004734,-0.000700,0.491858,0.461701,-0.471774,83460.992188,0.629750,0.000000,0.000000,0.000000,0.000000,0.000000,0.000000,0.000000,0.000000,0.000000,-60.023125,6922.925781
2.701011,1.000000,-8030.029297,-10.205305,2806.098172,2106.727539,6912.250488,293.478790,301.271179,326.908070,-17.428249,0.699778,2.215696,-61.295952,-20.025531,-20.872213,2090.655762,-0.038749,0.004627,-0.000693,0.494491,0.464720,-0.382863,83460.992188,0.638296,0.000000,0.000000,0.000000,0.000000,0.000000,0.000000,0.000000,0.000000,0.000000,-60.176311,6912.891113
2.756831,1.000000,-8020.639648,-10.185979,2802.670673,2103.313232,6900.987793,294.358978,301.354828,326.830567,-17.446859,0.705130,2.250766,-61.460724,-20.079448,-20.871599,2087.238037,-0.036517,0.004512,-0.000686,0.497419,0.468017,-0.290306,83460.992188,0.648289,0.000000,0.000000,0.000000,0.000000,0.000000,0.000000,0.000000,0.000000,0.000000,-60.340626,6901.825684
2.812297,1.000000,-8011.259766,-10.166615,2799.256018,2099.911377,6889.703613,295.164459,301.437653,326.755703,-17.460419,0.710184,2.288704,-61.619728,-20.131472,-20.870440,2083.824219,-0.034373,0.004399,-0.000679,0.500318,0.471252,-0.204496,83460.992188,0.659046,0.000000,0.000000,0.000000,0.000000,0.000000,0.000000,0.000000,0.000000,0.000000,-60.498276,6890.541992
2.862442,1.000000,-8002.916016,-10.149340,2796.161572,2096.828857,6879.639160,295.838165,301.510315,326.691399,-17.468716,0.714534,2.325296,-61.756233,-20.176128,-20.868958,2080.787354,-0.033064,0.004301,-0.000673,0.502861,0.474143,-0.132219,83460.992188,0.669701,0.000000,0.000000,0.000000,0.000000,0.000000,0.000000,0.000000,0.000000,0.000000,-60.635715,6880.477051
2.917802,1.000000,-7993.515625,-10.129817,2792.737501,2093.417725,6868.271484,296.526123,301.592010,326.621637,-17.473846,0.719105,2.367827,-61.904091,-20.224495,-20.866817,2077.365723,-0.031260,0.004195,-0.000667,0.505720,0.477298,-0.058089,83460.992188,0.680297,0.000000,0.000000,0.000000,0.000000,0.000000,0.000000,0.000000,0.000000,0.000000,-60.781654,6869.109375
2.970908,1.000000,-7984.764160,-10.111581,2789.445412,2090.137695,6857.661621,297.135925,301.664642,326.559201,-17.475050,0.723259,2.410350,-62.036182,-20.267703,-20.864382,2074.180420,-0.030413,0.004096,-0.000662,0.508263,0.480286,0.006662,83460.992188,0.696467,0.000000,0.000000,0.000000,0.000000,0.000000,0.000000,0.000000,0.000000,0.000000,-60.915546,6858.596191
3.023742,1.000000,-7975.823242,-10.092887,2786.163332,2086.867920,6846.796875,297.697235,301.742004,326.498308,-17.473011,0.727173,2.454021,-62.164822,-20.309779,-20.861465,2070.926270,-0.029176,0.004001,-0.000657,0.510970,0.483223,0.066257,83460.992188,0.703399,0.000000,0.000000,0.000000,0.000000,0.000000,0.000000,0.000000,0.000000,0.000000,-61.043037,6847.730957
3.074300,1.000000,-7967.328125,-10.075063,2783.016508,2083.733154,6836.451660,298.195160,301.812714,326.442901,-17.468227,0.730725,2.496875,-62.281933,-20.348077,-20.858324,2067.834229,-0.028341,0.003913,-0.000653,0.513445,0.486005,0.119001,83460.992188,0.714825,0.000000,0.000000,0.000000,0.000000,0.000000,0.000000,0.000000,0.000000,0.000000,-61.159634,6837.385742
3.125039,1.000000,-7958.812988,-10.057134,2779.852659,2080.580811,6826.060547,298.659271,301.882782,326.389838,-17.460867,0.734098,2.540625,-62.393776,-20.384655,-20.854822,2064.735107,-0.027680,0.003824,-0.000649,0.515897,0.488765,0.167207,83460.992188,0.726198,0.000000,0.000000,0.000000,0.000000,0.000000,0.000000,0.000000,0.000000,0.000000,-61.271088,6826.995117
3.179593,1.000000,-7949.697266,-10.037868,2776.444821,2077.185547,6814.915039,299.121521,301.956482,326.335856,-17.450363,0.737514,2.588262,-62.507484,-20.421839,-20.850700,2061.417236,-0.027270,0.003735,-0.000646,0.518477,0.491700,0.214370,83460.992188,0.739046,0.000000,0.000000,0.000000,0.000000,0.000000,0.000000,0.000000,0.000000,0.000000,-61.384815,6816.034668
3.235063,1.000000,-7940.376465,-10.018085,2772.973618,2073.727295,6803.495605,299.555573,302.030853,326.283653,-17.437210,0.740777,2.636990,-62.617031,-20.457669,-20.846107,2058.024658,-0.026848,0.003646,-0.000643,0.521080,0.494645,0.256815,83460.992188,0.751538,0.000000,0.000000,0.000000,0.000000,0.000000,0.000000,0.000000,0.000000,0.000000,-61.493759,6804.615234
3.290610,1.000000,-7931.073242,-9.998256,2769.491760,2070.258057,6792.076660,299.956879,302.103699,326.234535,-17.421825,0.743826,2.685831,-62.719727,-20.491263,-20.841171,2054.638672,-0.026659,0.003560,-0.000640,0.523630,0.497554,0.294284,83460.992188,0.764002,0.000000,0.000000,0.000000,0.000000,0.000000,0.000000,0.000000,0.000000,0.000000,-61.596191,6793.196777
3.345315,1.000000,-7921.936523,-9.978694,2766.057331,2066.836426,6780.842285,300.322113,302.173950,326.189184,-17.404774,0.746632,2.733735,-62.814224,-20.522180,-20.835983,2051.313232,-0.026665,0.003480,-0.000638,0.526088,0.500381,0.326603,83460.992188,0.776356,0.000000,0.000000,0.000000,0.000000,0.000000,0.000000,0.000000,0.000000,0.000000,-61.690643,6781.961914
3.399905,1.000000,-7912.812500,-9.959072,2762.625175,2063.416748,6769.605957,300.659302,302.242859,326.146620,-17.386124,0.749234,2.781129,-62.902317,-20.551015,-20.830509,2047.992310,-0.026775,0.003398,-0.000636,0.528500,0.503163,0.354400,83460.992188,0.788354,0.000000,0.000000,0.000000,0.000000,0.000000,0.000000,0.000000,0.000000,0.000000,-61.778599,6770.883301
3.455615,1.000000,-7903.473633,-9.938894,2759.117861,2059.922363,6758.086914,300.977661,302.311859,326.105896,-17.365652,0.751698,2.828844,-62.986053,-20.578436,-20.824608,2044.593140,-0.026915,0.003318,-0.000634,0.530915,0.505959,0.378267,83460.992188,0.800406,0.000000,0.000000,0.000000,0.000000,0.000000,0.000000,0.000000,0.000000,0.000000,-61.861919,6759.364258
3.505672,1.000000,-7895.084961,-9.920685,2755.962648,2056.778564,6747.727051,301.243286,302.372772,326.071698,-17.346235,0.753749,2.870991,-63.055885,-20.601315,-20.819084,2041.539917,-0.027145,0.003250,-0.000633,0.533047,0.508435,0.396220,83460.992188,0.811115,0.000000,0.000000,0.000000,0.000000,0.000000,0.000000,0.000000,0.000000,0.000000,-61.931404,6749.004395
3.555888,1.000000,-7886.723145,-9.902452,2752.794067,2053.621338,6737.387695,301.491669,302.432495,326.039694,-17.325924,0.755657,2.912492,-63.120529,-20.622513,-20.813360,2038.496460,-0.027557,0.003184,-0.000632,0.535137,0.510884,0.411177,83460.992188,0.821263,0.000000,0.000000,0.000000,0.000000,0.000000,0.000000,0.000000,0.000000,0.000000,-61.996120,6738.798828
3.607480,1.000000,-7878.020020,-9.883387,2749.535433,2050.374512,6726.614746,301.729523,302.493164,326.008580,-17.304363,0.757462,2.954157,-63.182632,-20.642897,-20.807203,2035.328857,-0.027809,0.003116,-0.000631,0.537260,0.513363,0.423291,83460.992188,0.831872,0.000000,0.000000,0.000000,0.000000,0.000000,0.000000,0.000000,0.000000,0.000000,-62.057461,6728.025879
3.658673,1.000000,-7869.471680,-9.864570,2746.299025,2047.149902,6716.021973,301.949463,302.552002,325.980076,-17.282431,0.759105,2.994454,-63.238705,-20.661324,-20.800970,2032.217529,-0.028318,0.003052,-0.000631,0.539320,0.515785,0.432685,83460.992188,0.841445,0.000000,0.000000,0.000000,0.000000,0.000000,0.000000,0.000000,0.000000,0.000000,-62.113438,6717.433105
3.709220,1.000000,-7860.976074,-9.845778,2743.100790,2043.963135,6705.484863,302.151978,302.609070,325.953737,-17.260376,0.760584,3.033129,-63.289738,-20.678117,-20.794609,2029.125366,-0.028782,0.002991,-0.000631,0.541318,0.518140,0.439431,83460.992188,0.851003,0.000000,0.000000,0.000000,0.000000,0.000000,0.000000,0.000000,0.000000,0.000000,-62.164021,6706.895996
3.764830,1.000000,-7851.691895,-9.825136,2739.579421,2040.454468,6693.959473,302.359283,302.670074,325.927072,-17.235785,0.762056,3.074336,-63.340343,-20.694800,-20.787481,2025.746216,-0.029469,0.002926,-0.000631,0.543453,0.520690,0.444230,83460.992188,0.861311,0.000000,0.000000,0.000000,0.000000,0.000000,0.000000,0.000000,0.000000,0.000000,-62.214497,6695.453613
3.819357,1.000000,-7842.528320,-9.804654,2736.124074,2037.011597,6682.574707,302.548126,302.729218,325.902839,-17.211493,0.763341,3.113273,-63.385120,-20.709598,-20.780296,2022.410889,-0.030109,0.002861,-0.000631,0.545522,0.523147,0.446347,83460.992188,0.870775,0.000000,0.000000,0.000000,0.000000,0.000000,0.000000,0.000000,0.000000,0.000000,-62.258873,6684.069336
3.875350,1.000000,-7833.157715,-9.783591,2732.573476,2033.473877,6670.923828,302.728455,302.788208,325.880089,-17.186512,0.764502,3.151648,-63.425789,-20.723081,-20.772787,2019.000244,-0.030847,0.002800,-0.000631,0.547587,0.525623,0.445911,83460.992188,0.880203,0.000000,0.000000,0.000000,0.000000,0.000000,0.000000,0.000000,0.000000,0.000000,-62.299335,6672.418457
3.929551,1.000000,-7824.023926,-9.762948,2729.134509,2030.047119,6659.559570,302.890747,302.844696,325.859772,-17.162409,0.765486,3.187223,-63.460724,-20.734708,-20.765341,2015.675903,-0.031521,0.002741,-0.000631,0.549564,0.527978,0.443472,83460.992188,0.888834,0.000000,0.000000,0.000000,0.000000,0.000000,0.000000,0.000000,0.000000,0.000000,-62.333862,6661.054199
3.980212,1.000000,-7815.870117,-9.744423,2725.918580,2026.842773,6649.409180,303.032471,302.893951,325.843043,-17.140039,0.766288,3.219040,-63.488129,-20.743874,-20.758598,2012.708130,-0.032680,0.002692,-0.000632,0.551288,0.530140,0.439404,83460.992188,0.896655,0.000000,0.000000,0.000000,0.000000,0.000000,0.000000,0.000000,0.000000,0.000000,-62.362148,6651.125488
4.030532,1.000000,-7807.202637,-9.724631,2722.722993,2023.658447,6638.614746,303.164459,302.945374,325.826700,-17.118074,0.766970,3.249214,-63.513481,-20.752404,-20.751347,2009.553467,-0.033073,0.002640,-0.000632,0.553088,0.532250,0.433685,83460.992188,0.904131,0.000000,0.000000,0.000000,0.000000,0.000000,0.000000,0.000000,0.000000,0.000000,-62.386581,6640.331055
4.083843,1.000000,-7798.261230,-9.704103,2719.336236,2020.283936,6627.474609,303.295563,302.997681,325.811336,-17.095165,0.767562,3.279619,-63.535793,-20.759969,-20.743786,2006.299072,-0.033824,0.002585,-0.000633,0.554919,0.534444,0.426204,83460.992188,0.911217,0.000000,0.000000,0.000000,0.000000,0.000000,0.000000,0.000000,0.000000,0.000000,-62.408726,6629.190430
4.139787,1.000000,-7788.975586,-9.682659,2715.781055,2016.741333,6615.900879,303.424286,303.044495,325.796594,-17.071592,0.768053,3.309779,-63.555260,-20.766646,-20.735857,2002.919312,-0.034582,0.002530,-0.000634,0.556557,0.536699,0.416498,83460.992188,0.923053,0.000000,0.000000,0.000000,0.000000,0.000000,0.000000,0.000000,0.000000,0.000000,-62.427937,6617.616699
4.193746,1.000000,-7779.848633,-9.661465,2712.351137,2013.323730,6604.521973,303.539978,303.101257,325.783573,-17.049376,0.768417,3.337300,-63.570484,-20.771956,-20.728006,1999.597412,-0.035406,0.002482,-0.000635,0.558544,0.538838,0.407246,83460.992188,0.925137,0.000000,0.000000,0.000000,0.000000,0.000000,0.000000,0.000000,0.000000,0.000000,-62.443192,6606.326172
4.249935,1.000000,-7770.534668,-9.639710,2708.778716,2009.764038,6592.906250,303.652802,303.152039,325.771294,-17.026815,0.768668,3.364238,-63.582722,-20.776329,-20.719940,1996.207397,-0.036373,0.002435,-0.000636,0.560322,0.541025,0.396251,83460.992188,0.931620,0.000000,0.000000,0.000000,0.000000,0.000000,0.000000,0.000000,0.000000,0.000000,-62.455463,6594.710449
4.304369,1.000000,-7761.430176,-9.618324,2705.317329,2006.314941,6581.550293,303.755219,303.200653,325.760319,-17.005571,0.768799,3.388701,-63.591446,-20.779577,-20.712023,1992.893555,-0.037223,0.002386,-0.000637,0.562023,0.543102,0.384699,83460.992188,0.937513,0.000000,0.000000,0.000000,0.000000,0.000000,0.000000,0.000000,0.000000,0.000000,-62.464119,6583.354980
4.360178,1.000000,-7752.244141,-9.596622,2701.768128,2002.778198,6570.090820,303.853760,303.248566,325.750324,-16.984474,0.768816,3.412104,-63.597183,-20.781875,-20.703999,1989.550171,-0.038201,0.002341,-0.000638,0.563700,0.545189,0.372010,83460.992188,0.943134,0.000000,0.000000,0.000000,0.000000,0.000000,0.000000,0.000000,0.000000,0.000000,-62.469879,6571.895020
4.415125,1.000000,-7742.852539,-9.574304,2698.273532,1999.295898,6558.373535,303.944946,303.296112,325.740951,-16.964415,0.768732,3.433527,-63.600105,-20.783295,-20.695768,1986.131958,-0.038834,0.002295,-0.000639,0.565364,0.547201,0.358830,83460.992188,0.948587,0.000000,0.000000,0.000000,0.000000,0.000000,0.000000,0.000000,0.000000,0.000000,-62.472675,6560.352051
4.471400,1.000000,-7733.493652,-9.551932,2694.694414,1995.729492,6546.697266,304.032776,303.343109,325.732438,-16.944639,0.768537,3.453846,-63.600258,-20.783837,-20.687567,1982.725586,-0.039696,0.002253,-0.000640,0.567009,0.549220,0.344894,83460.992188,0.953335,0.000000,0.000000,0.000000,0.000000,0.000000,0.000000,0.000000,0.000000,0.000000,-62.472836,6548.675781
4.526483,1.000000,-7724.208008,-9.529605,2691.191187,1992.238770,6535.112305,304.113922,303.388428,325.724608,-16.926044,0.768246,3.472203,-63.597923,-20.783596,-20.679424,1979.345825,-0.040421,0.002212,-0.000642,0.568595,0.551157,0.330961,83460.992188,0.957804,0.000000,0.000000,0.000000,0.000000,0.000000,0.000000,0.000000,0.000000,0.000000,-62.470535,6537.090332
4.576679,1.000000,-7715.870605,-9.509446,2687.998947,1989.057861,6524.709961,304.183929,303.428345,325.718082,-16.909773,0.767894,3.487641,-63.593853,-20.782761,-20.672113,1976.311279,-0.041145,0.002173,-0.000643,0.569992,0.552887,0.318077,83460.992188,0.961537,0.000000,0.000000,0.000000,0.000000,0.000000,0.000000,0.000000,0.000000,0.000000,-62.466473,6526.859863
4.626833,1.000000,-7707.487793,-9.489073,2684.809641,1985.879639,6514.251953,304.250336,303.467804,325.711972,-16.894169,0.767472,3.501873,-63.588036,-20.781378,-20.664772,1973.260132,-0.041813,0.002140,-0.000644,0.571374,0.554584,0.305152,83460.992188,0.964941,0.000000,0.000000,0.000000,0.000000,0.000000,0.000000,0.000000,0.000000,0.000000,-62.460697,6516.401855
4.682323,1.000000,-7698.131348,-9.466208,2681.281423,1982.348633,6502.581055,304.320129,303.511261,325.705566,-16.877661,0.766917,3.516291,-63.579655,-20.779247,-20.656603,1969.854736,-0.042487,0.002101,-0.000645,0.572894,0.556425,0.290883,83460.992188,0.968344,0.000000,0.000000,0.000000,0.000000,0.000000,0.000000,0.000000,0.000000,0.000000,-62.452457,6504.730957
4.746872,1.000000,-7688.881836,-9.443471,2677.177882,1978.218872,6491.044434,304.396973,303.553040,325.699545,-16.859459,0.766160,3.531378,-63.569576,-20.776586,-20.648540,1966.488159,-0.044125,0.002062,-0.000644,0.574357,0.558519,0.274442,83460.992188,0.971693,0.000000,0.000000,0.000000,0.000000,0.000000,0.000000,0.000000,0.000000,0.000000,-62.440670,6493.194336
4.802273,1.000000,-7678.131836,-9.416883,2673.656577,1974.674805,6477.639160,304.459412,303.600769,325.692782,-16.844692,0.765429,3.542931,-63.555820,-20.772868,-20.639217,1962.575439,-0.043930,0.002009,-0.000642,0.576027,0.560275,0.260326,83460.992188,0.974731,0.000000,0.000000,0.000000,0.000000,0.000000,0.000000,0.000000,0.000000,0.000000,-62.428776,6479.851563
4.856916,1.000000,-7668.973633,-9.394092,2670.184147,1971.180176,6466.221191,304.518158,303.640900,325.687324,-16.830862,0.764627,3.553176,-63.542618,-20.769240,-20.631306,1959.242188,-0.044543,0.001976,-0.000640,0.577432,0.561977,0.246987,83460.992188,0.977187,0.000000,0.000000,0.000000,0.000000,0.000000,0.000000,0.000000,0.000000,0.000000,-62.415726,6468.433594
4.912374,1.000000,-7659.680176,-9.370831,2666.660709,1967.634033,6454.637207,304.575134,303.680542,325.681926,-16.817558,0.763737,3.562446,-63.527901,-20.765154,-20.623318,1955.859619,-0.045133,0.001941,-0.000639,0.578819,0.563670,0.233710,83460.992188,0.979542,0.000000,0.000000,0.000000,0.000000,0.000000,0.000000,0.000000,0.000000,0.000000,-62.401169,6456.849121
4.966530,1.000000,-7650.636719,-9.348072,2663.220818,1964.172119,6443.367188,304.628387,303.718689,325.676706,-16.805269,0.762799,3.570458,-63.512447,-20.760838,-20.615591,1952.568115,-0.045701,0.001913,-0.000638,0.580154,0.565293,0.221137,83460.992188,0.981510,0.000000,0.000000,0.000000,0.000000,0.000000,0.000000,0.000000,0.000000,0.000000,-62.385841,6445.579590
5.022959,1.000000,-7641.284668,-9.324404,2659.637482,1960.565674,6431.715820,304.681549,303.757446,325.671397,-16.793184,0.761746,3.577761,-63.495380,-20.756045,-20.607647,1949.164185,-0.046291,0.001882,-0.000637,0.581511,0.566950,0.208407,83460.992188,0.983326,0.000000,0.000000,0.000000,0.000000,0.000000,0.000000,0.000000,0.000000,0.000000,-62.368786,6433.641602
5.074970,1.000000,-7632.649902,-9.302432,2656.335589,1957.242676,6420.960449,304.728790,303.792542,325.666443,-16.782671,0.760712,3.583611,-63.478767,-20.751365,-20.600353,1946.021362,-0.046790,0.001855,-0.000636,0.582739,0.568448,0.197062,83460.992188,0.984835,0.000000,0.000000,0.000000,0.000000,0.000000,0.000000,0.000000,0.000000,0.000000,-62.352207,6422.886719
5.126256,1.000000,-7623.951660,-9.280183,2653.080599,1953.966675,6410.128418,304.773712,303.827393,325.661223,-16.772877,0.759630,3.588608,-63.461296,-20.746444,-20.593042,1942.855469,-0.047174,0.001828,-0.000636,0.583959,0.569899,0.186310,83460.992188,0.986125,0.000000,0.000000,0.000000,0.000000,0.000000,0.000000,0.000000,0.000000,0.000000,-62.335152,6412.054688
5.176919,1.000000,-7615.505859,-9.258473,2649.866037,1950.731323,6399.614258,304.816681,303.860718,325.656003,-16.763718,0.758506,3.592858,-63.443733,-20.741496,-20.586000,1939.781494,-0.047599,0.001800,-0.000636,0.585125,0.571309,0.176191,83460.992188,0.987236,0.000000,0.000000,0.000000,0.000000,0.000000,0.000000,0.000000,0.000000,0.000000,-62.317711,6401.209961
5.229051,1.000000,-7606.790527,-9.235960,2646.559219,1947.403320,6388.767578,304.859497,303.894684,325.650693,-16.754818,0.757291,3.596531,-63.425022,-20.736208,-20.578785,1936.609375,-0.048014,0.001772,-0.000636,0.586313,0.572734,0.166223,83460.992188,0.988240,0.000000,0.000000,0.000000,0.000000,0.000000,0.000000,0.000000,0.000000,0.000000,-62.299187,6390.363281
5.282258,1.000000,-7597.882813,-9.212831,2643.185238,1944.007568,6377.684570,304.901855,303.928833,325.644969,-16.746264,0.756000,3.599617,-63.405380,-20.730666,-20.571459,1933.367188,-0.048396,0.001747,-0.000636,0.587509,0.574162,0.156529,83460.992188,0.989132,0.000000,0.000000,0.000000,0.000000,0.000000,0.000000,0.000000,0.000000,0.000000,-62.279774,6379.280273
5.333872,1.000000,-7589.168457,-9.190093,2639.913284,1940.714355,6366.845215,304.941742,303.961975,325.639096,-16.738440,0.754703,3.602023,-63.385723,-20.725127,-20.564341,1930.195435,-0.048723,0.001722,-0.000637,0.588670,0.575526,0.147669,83460.992188,0.989820,0.000000,0.000000,0.000000,0.000000,0.000000,0.000000,0.000000,0.000000,0.000000,-62.260525,6368.440918
5.386229,1.000000,-7580.490234,-9.167339,2636.595269,1937.374878,6356.054199,304.981171,303.994232,325.632956,-16.730953,0.753333,3.603922,-63.365788,-20.719520,-20.557306,1927.036865,-0.049084,0.001699,-0.000637,0.589798,0.576886,0.139195,83460.992188,0.990462,0.000000,0.000000,0.000000,0.000000,0.000000,0.000000,0.000000,0.000000,0.000000,-62.240627,6357.431641
5.438017,1.000000,-7571.778809,-9.144389,2633.314360,1934.072876,6345.225098,305.019196,304.026428,325.626639,-16.723976,0.751929,3.605285,-63.345440,-20.713799,-20.550303,1923.866211,-0.049389,0.001674,-0.000637,0.590925,0.578209,0.131306,83460.992188,0.990927,0.000000,0.000000,0.000000,0.000000,0.000000,0.000000,0.000000,0.000000,0.000000,-62.220631,6346.602539
5.493669,1.000000,-7562.495117,-9.119811,2629.789833,1930.525391,6333.687988,305.059082,304.060425,325.619639,-16.716911,0.750374,3.606245,-63.323475,-20.707634,-20.542894,1920.487183,-0.049720,0.001652,-0.000638,0.592115,0.579610,0.123412,83460.992188,0.991359,0.000000,0.000000,0.000000,0.000000,0.000000,0.000000,0.000000,0.000000,0.000000,-62.198864,6335.065430
5.548198,1.000000,-7553.284180,-9.095302,2626.337624,1927.050781,6322.245117,305.097290,304.093750,325.612312,-16.710400,0.748797,3.606724,-63.301414,-20.701458,-20.535599,1917.134644,-0.049984,0.001624,-0.000638,0.593282,0.580960,0.116194,83460.992188,0.991707,0.000000,0.000000,0.000000,0.000000,0.000000,0.000000,0.000000,0.000000,0.000000,-62.177280,6323.622559
5.602158,1.000000,-7544.320801,-9.071335,2622.922617,1923.613647,6311.113770,305.134186,304.126068,325.604838,-16.704325,0.747191,3.606791,-63.279762,-20.695412,-20.528566,1913.872314,-0.050274,0.001603,-0.000639,0.594413,0.582276,0.109572,83460.992188,0.991925,0.000000,0.000000,0.000000,0.000000,0.000000,0.000000,0.000000,0.000000,0.000000,-62.155743,6312.134277
5.655591,1.000000,-7535.325684,-9.047170,2619.542126,1920.211304,6299.946777,305.169983,304.157928,325.597007,-16.698643,0.745556,3.606498,-63.257874,-20.689315,-20.521574,1910.598267,-0.050514,0.001580,-0.000640,0.595527,0.583561,0.103482,83460.992188,0.992130,0.000000,0.000000,0.000000,0.000000,0.000000,0.000000,0.000000,0.000000,0.000000,-62.134262,6300.967285
5.705676,1.000000,-7526.968750,-9.024616,2616.374511,1917.022949,6289.574707,305.203033,304.187225,325.589444,-16.693605,0.743983,3.605919,-63.237411,-20.683629,-20.515120,1907.556641,-0.050734,0.001559,-0.000640,0.596553,0.584747,0.098171,83460.992188,0.992215,0.000000,0.000000,0.000000,0.000000,0.000000,0.000000,0.000000,0.000000,0.000000,-62.114010,6290.595215
5.760327,1.000000,-7517.873047,-8.999959,2612.919293,1913.545166,6278.290039,305.238403,304.218506,325.580783,-16.688406,0.742222,3.604992,-63.215084,-20.677447,-20.508163,1904.246094,-0.050969,0.001534,-0.000641,0.597648,0.586024,0.092866,83460.992188,0.992292,0.000000,0.000000,0.000000,0.000000,0.000000,0.000000,0.000000,0.000000,0.000000,-62.091850,6279.310547
5.814853,1.000000,-7508.716309,-8.975020,2609.473201,1910.076660,6266.932617,305.273193,304.249573,325.571677,-16.683485,0.740423,3.603802,-63.192535,-20.671224,-20.501217,1900.913330,-0.051164,0.001511,-0.000641,0.598735,0.587280,0.088024,83460.992188,0.992340,0.000000,0.000000,0.000000,0.000000,0.000000,0.000000,0.000000,0.000000,0.000000,-62.069679,6267.793945
5.870427,1.000000,-7499.465820,-8.949710,2605.962137,1906.542725,6255.463379,305.308105,304.281189,325.562156,-16.678732,0.738542,3.602337,-63.169708,-20.664942,-20.494267,1897.546387,-0.051378,0.001488,-0.000642,0.599842,0.588541,0.083549,83460.992188,0.992215,0.000000,0.000000,0.000000,0.000000,0.000000,0.000000,0.000000,0.000000,0.000000,-62.047043,6256.324707
5.925157,1.000000,-7490.293945,-8.924501,2602.505641,1903.063721,6244.095215,305.341980,304.311676,325.552190,-16.674278,0.736653,3.600687,-63.147060,-20.658737,-20.487434,1894.208130,-0.051553,0.001465,-0.000642,0.600909,0.589766,0.079571,83460.992188,0.992142,0.000000,0.000000,0.000000,0.000000,0.000000,0.000000,0.000000,0.000000,0.000000,-62.024738,6244.956543
5.978275,1.000000,-7481.662598,-8.900675,2599.152136,1899.688232,6233.400391,305.374420,304.339569,325.542491,-16.670158,0.734782,3.598911,-63.125755,-20.652919,-20.481056,1891.066528,-0.051768,0.001445,-0.000642,0.601885,0.590937,0.076054,83460.992188,0.992113,0.000000,0.000000,0.000000,0.000000,0.000000,0.000000,0.000000,0.000000,0.000000,-62.003094,6234.261719
6.033570,1.000000,-7472.197754,-8.874434,2595.662431,1896.175781,6221.676758,305.407745,304.370636,325.531428,-16.666061,0.732792,3.596884,-63.102375,-20.646557,-20.474133,1887.621582,-0.051872,0.001422,-0.000643,0.602973,0.592137,0.072739,83460.992188,0.991905,0.000000,0.000000,0.000000,0.000000,0.000000,0.000000,0.000000,0.000000,0.000000,-61.980556,6222.177734
6.089301,1.000000,-7462.933105,-8.848633,2592.146479,1892.636841,6210.204590,305.440826,304.400635,325.520068,-16.662098,0.730755,3.594731,-63.079567,-20.640384,-20.467413,1884.249512,-0.052035,0.001401,-0.000643,0.604023,0.593333,0.069897,83460.992188,0.991701,0.000000,0.000000,0.000000,0.000000,0.000000,0.000000,0.000000,0.000000,0.000000,-61.957928,6210.705566
6.146683,1.000000,-7453.633789,-8.822621,2588.527705,1888.994263,6198.693359,305.474548,304.429962,325.508322,-16.658175,0.728621,3.592389,-63.056721,-20.634220,-20.460724,1880.864868,-0.052243,0.001383,-0.000643,0.605049,0.594548,0.067311,83460.992188,0.991567,0.000000,0.000000,0.000000,0.000000,0.000000,0.000000,0.000000,0.000000,0.000000,-61.934669,6199.194336
6.200047,1.000000,-7444.401855,-8.796689,2585.163539,1885.608154,6187.269531,305.505493,304.458801,325.496161,-16.654657,0.726599,3.590116,-63.034061,-20.628135,-20.454151,1877.504761,-0.052292,0.001360,-0.000643,0.606058,0.595660,0.065143,83460.992188,0.991365,0.000000,0.000000,0.000000,0.000000,0.000000,0.000000,0.000000,0.000000,0.000000,-61.913071,6187.553223
6.252047,1.000000,-7435.981445,-8.772943,2581.886482,1882.309570,6176.853027,305.535370,304.484680,325.484742,-16.651323,0.724604,3.587849,-63.013470,-20.622626,-20.448215,1874.439941,-0.052478,0.001346,-0.000644,0.606963,0.596733,0.063378,83460.992188,0.991215,0.000000,0.000000,0.000000,0.000000,0.000000,0.000000,0.000000,0.000000,0.000000,-61.892097,6177.137207
6.304808,1.000000,-7426.990723,-8.747486,2578.562595,1878.963745,6165.734375,305.565308,304.512543,325.472136,-16.648033,0.722545,3.585494,-62.991516,-20.616777,-20.441921,1871.167603,-0.052547,0.001324,-0.000644,0.607939,0.597805,0.061784,83460.992188,0.990957,0.000000,0.000000,0.000000,0.000000,0.000000,0.000000,0.000000,0.000000,0.000000,-61.870865,6166.018066
6.354865,1.000000,-7418.562500,-8.723533,2575.410109,1875.791748,6155.314453,305.593506,304.537903,325.459975,-16.644981,0.720566,3.583217,-62.970978,-20.611325,-20.436081,1868.099976,-0.052635,0.001304,-0.000644,0.608827,0.598809,0.060444,83460.992188,0.990776,0.000000,0.000000,0.000000,0.000000,0.000000,0.000000,0.000000,0.000000,0.000000,-61.850758,6155.598633
6.406223,1.000000,-7410.388672,-8.700215,2572.176748,1872.537598,6145.211426,305.622070,304.561615,325.447814,-16.641914,0.718508,3.580859,-62.951134,-20.606081,-20.430452,1865.125000,-0.052814,0.001292,-0.000644,0.609656,0.599828,0.059298,83460.992188,0.990701,0.000000,0.000000,0.000000,0.000000,0.000000,0.000000,0.000000,0.000000,0.000000,-61.830196,6145.282227
6.460586,1.000000,-7400.948730,-8.673185,2568.755362,1869.094116,6133.547852,305.651978,304.590240,325.433369,-16.638725,0.716302,3.578351,-62.928265,-20.600062,-20.424021,1861.689087,-0.052841,0.001271,-0.000644,0.610658,0.600893,0.058301,83460.992188,0.990363,0.000000,0.000000,0.000000,0.000000,0.000000,0.000000,0.000000,0.000000,0.000000,-61.808502,6133.618164
6.514487,1.000000,-7391.881348,-8.647121,2565.364230,1865.681152,6122.348145,305.681396,304.616577,325.419014,-16.635618,0.714086,3.575853,-62.906380,-20.594331,-20.417900,1858.388794,-0.052928,0.001252,-0.000644,0.611580,0.601937,0.057529,83460.992188,0.990193,0.000000,0.000000,0.000000,0.000000,0.000000,0.000000,0.000000,0.000000,0.000000,-61.787064,6122.418457
6.571240,1.000000,-7382.460938,-8.619938,2561.794933,1862.088745,6110.715332,305.712067,304.643890,325.403798,-16.632378,0.711719,3.573227,-62.883701,-20.588411,-20.411596,1854.960083,-0.053042,0.001234,-0.000643,0.612536,0.603020,0.056860,83460.992188,0.989968,0.000000,0.000000,0.000000,0.000000,0.000000,0.000000,0.000000,0.000000,0.000000,-61.764553,6110.785645
6.624656,1.000000,-7373.386230,-8.593653,2558.436685,1858.708984,6099.513184,305.740479,304.670197,325.388700,-16.629360,0.709463,3.570769,-62.861908,-20.582749,-20.405581,1851.657104,-0.053107,0.001213,-0.000643,0.613457,0.604028,0.056412,83460.992188,0.989705,0.000000,0.000000,0.000000,0.000000,0.000000,0.000000,0.000000,0.000000,0.000000,-61.743427,6099.260742
6.679338,1.000000,-7364.254395,-8.567103,2555.000030,1855.250000,6088.243652,305.769287,304.695831,325.373069,-16.626293,0.707127,3.568269,-62.840038,-20.577094,-20.399578,1848.333496,-0.053196,0.001192,-0.000643,0.614355,0.605047,0.056056,83460.992188,0.989531,0.000000,0.000000,0.000000,0.000000,0.000000,0.000000,0.000000,0.000000,0.000000,-61.721855,6087.991211
6.734280,1.000000,-7355.062012,-8.540280,2551.548232,1851.776001,6076.902832,305.797974,304.721558,325.356963,-16.623220,0.704754,3.565787,-62.818092,-20.571443,-20.393593,1844.987671,-0.053291,0.001174,-0.000643,0.615254,0.606061,0.055890,83460.992188,0.989352,0.000000,0.000000,0.000000,0.000000,0.000000,0.000000,0.000000,0.000000,0.000000,-61.700249,6076.650391
6.789445,1.000000,-7345.835449,-8.513261,2548.083634,1848.288940,6065.522949,305.826508,304.746216,325.340413,-16.620140,0.702339,3.563327,-62.796116,-20.565807,-20.387642,1841.629517,-0.053382,0.001153,-0.000642,0.616118,0.607066,0.055777,83460.992188,0.989299,0.000000,0.000000,0.000000,0.000000,0.000000,0.000000,0.000000,0.000000,0.000000,-61.678604,6065.270996
6.845545,1.000000,-7336.564453,-8.486014,2544.561555,1844.743896,6054.092285,305.855164,304.771942,325.323417,-16.617020,0.699867,3.560846,-62.774059,-20.560172,-20.381721,1838.255127,-0.053500,0.001136,-0.000641,0.617018,0.608074,0.055728,83460.992188,0.989046,0.000000,0.000000,0.000000,0.000000,0.000000,0.000000,0.000000,0.000000,0.000000,-61.656635,6053.520020
6.900311,1.000000,-7327.454102,-8.459145,2541.124437,1841.284668,6042.862793,305.882874,304.796204,325.306392,-16.613977,0.697429,3.558444,-62.752411,-20.554660,-20.375956,1834.939209,-0.053594,0.001118,-0.000641,0.617867,0.609043,0.055672,83460.992188,0.988907,0.000000,0.000000,0.000000,0.000000,0.000000,0.000000,0.000000,0.000000,0.000000,-61.635208,6042.290527
6.950585,1.000000,-7319.020996,-8.434189,2537.970281,1838.109863,6032.470703,305.908020,304.818481,325.290256,-16.611179,0.695173,3.556282,-62.732422,-20.549594,-20.370661,1831.869873,-0.053665,0.001102,-0.000640,0.618647,0.609924,0.055721,83460.992188,0.988790,0.000000,0.000000,0.000000,0.000000,0.000000,0.000000,0.000000,0.000000,0.000000,-61.615593,6031.898438
7.003771,1.000000,-7310.165039,-8.407900,2534.634518,1834.765015,6021.561035,305.934387,304.841217,325.272994,-16.608221,0.692761,3.554011,-62.711456,-20.544299,-20.365152,1828.646484,-0.053753,0.001084,-0.000639,0.619442,0.610844,0.055787,83460.992188,0.988704,0.000000,0.000000,0.000000,0.000000,0.000000,0.000000,0.000000,0.000000,0.000000,-61.594860,6020.988770
7.055716,1.000000,-7301.453613,-8.381957,2531.377668,1831.512085,6010.832031,305.959869,304.864227,325.255672,-16.605322,0.690389,3.551838,-62.690857,-20.539117,-20.359785,1825.475830,-0.053831,0.001069,-0.000638,0.620248,0.611732,0.055901,83460.992188,0.988513,0.000000,0.000000,0.000000,0.000000,0.000000,0.000000,0.000000,0.000000,0.000000,-61.574650,6009.967773
7.108925,1.000000,-7292.592773,-8.355488,2528.042671,1828.222168,5999.922852,305.985657,304.886719,325.237698,-16.602354,0.687935,3.549633,-62.669930,-20.533873,-20.354383,1822.250732,-0.053929,0.001052,-0.000637,0.621035,0.612630,0.056031,83460.992188,0.988402,0.000000,0.000000,0.000000,0.000000,0.000000,0.000000,0.000000,0.000000,0.000000,-61.553967,5999.058594
7.159841,1.000000,-7283.977539,-8.329671,2524.852438,1825.114136,5989.318359,306.010162,304.908844,325.219931,-16.599501,0.685572,3.547559,-62.649601,-20.528796,-20.349171,1819.115112,-0.053993,0.001035,-0.000636,0.621810,0.613479,0.056173,83460.992188,0.988271,0.000000,0.000000,0.000000,0.000000,0.000000,0.000000,0.000000,0.000000,0.000000,-61.534195,5988.454102
7.211662,1.000000,-7275.534180,-8.304294,2521.606549,1821.951660,5978.928223,306.034821,304.929779,325.202223,-16.596590,0.683148,3.545475,-62.629688,-20.523839,-20.344105,1816.041870,-0.054117,0.001024,-0.000635,0.622542,0.614336,0.056326,83460.992188,0.988219,0.000000,0.000000,0.000000,0.000000,0.000000,0.000000,0.000000,0.000000,0.000000,-61.514084,5978.063965
7.262523,1.000000,-7266.870117,-8.278176,2518.421819,1818.849121,5968.269043,306.058807,304.951843,325.183774,-16.593729,0.680751,3.543452,-62.609276,-20.518774,-20.338951,1812.888428,-0.054169,0.001005,-0.000634,0.623315,0.615166,0.056466,83460.992188,0.988074,0.000000,0.000000,0.000000,0.000000,0.000000,0.000000,0.000000,0.000000,0.000000,-61.494370,5967.965332
7.320361,1.000000,-7257.534180,-8.249949,2514.801451,1815.322021,5956.787109,306.085663,304.974823,325.163486,-16.590456,0.678009,3.541203,-62.587296,-20.513344,-20.333460,1809.490479,-0.054328,0.000993,-0.000633,0.624118,0.616101,0.056635,83460.992188,0.987985,0.000000,0.000000,0.000000,0.000000,0.000000,0.000000,0.000000,0.000000,0.000000,-61.471966,5956.483398
7.370847,1.000000,-7248.788086,-8.223426,2511.642355,1812.244141,5946.033203,306.108826,304.996094,325.144148,-16.587599,0.675591,3.539259,-62.566711,-20.508277,-20.328356,1806.307129,-0.054353,0.000972,-0.000632,0.624863,0.616906,0.056744,83460.992188,0.987882,0.000000,0.000000,0.000000,0.000000,0.000000,0.000000,0.000000,0.000000,0.000000,-61.452427,5945.729492
7.421806,1.000000,-7240.281250,-8.197556,2508.454677,1809.138550,5935.576172,306.131958,305.016449,325.125106,-16.584702,0.673139,3.537327,-62.546700,-20.503365,-20.323439,1803.210938,-0.054442,0.000955,-0.000631,0.625575,0.617711,0.056854,83460.992188,0.987811,0.000000,0.000000,0.000000,0.000000,0.000000,0.000000,0.000000,0.000000,0.000000,-61.432705,5936.303223
7.476170,1.000000,-7231.130371,-8.169647,2505.055131,1805.826660,5924.330566,306.156250,305.038574,325.104284,-16.581610,0.670501,3.535287,-62.525173,-20.498099,-20.318197,1799.880249,-0.054518,0.000938,-0.000630,0.626350,0.618558,0.056920,83460.992188,0.987661,0.000000,0.000000,0.000000,0.000000,0.000000,0.000000,0.000000,0.000000,0.000000,-61.411686,5925.057129
7.526190,1.000000,-7222.855957,-8.144343,2501.928250,1802.780273,5914.164551,306.178528,305.057800,325.085153,-16.578764,0.668065,3.533431,-62.505733,-20.493361,-20.313505,1796.868652,-0.054620,0.000922,-0.000628,0.627023,0.619330,0.057015,83460.992188,0.987606,0.000000,0.000000,0.000000,0.000000,0.000000,0.000000,0.000000,0.000000,0.000000,-61.392353,5914.891602
7.577973,1.000000,-7214.200195,-8.117805,2498.692195,1799.627686,5903.533691,306.201141,305.077911,325.064835,-16.575806,0.665521,3.531538,-62.485382,-20.488417,-20.308647,1793.718140,-0.054720,0.000918,-0.000631,0.627727,0.620119,0.057099,83460.992188,0.987532,0.000000,0.000000,0.000000,0.000000,0.000000,0.000000,0.000000,0.000000,0.000000,-61.372337,5904.260254
7.632157,1.000000,-7205.109375,-8.089854,2495.307219,1796.329834,5892.370605,306.224579,305.098724,325.043242,-16.572704,0.662838,3.529579,-62.464016,-20.483241,-20.303585,1790.409424,-0.054817,0.000900,-0.000633,0.628455,0.620936,0.057167,83460.992188,0.987464,0.000000,0.000000,0.000000,0.000000,0.000000,0.000000,0.000000,0.000000,0.000000,-61.351402,5894.209473
7.688128,1.000000,-7195.836426,-8.061266,2491.811816,1792.889282,5880.986816,306.248474,305.119232,325.020848,-16.569510,0.660050,3.527562,-62.442215,-20.477979,-20.298471,1787.034302,-0.054930,0.000880,-0.000634,0.629173,0.621769,0.057163,83460.992188,0.987416,0.000000,0.000000,0.000000,0.000000,0.000000,0.000000,0.000000,0.000000,0.000000,-61.329762,5882.825684
7.744510,1.000000,-7186.452148,-8.032256,2488.291989,1789.371094,5869.470215,306.272156,305.140045,324.997742,-16.566288,0.657227,3.525563,-62.420143,-20.472676,-20.293354,1783.618774,-0.055036,0.000861,-0.000635,0.629902,0.622596,0.057101,83460.992188,0.987318,0.000000,0.000000,0.000000,0.000000,0.000000,0.000000,0.000000,0.000000,0.000000,-61.307972,5871.309082
7.797237,1.000000,-7177.622070,-8.004889,2485.001468,1786.082275,5858.636719,306.294220,305.159058,324.975734,-16.563292,0.654574,3.523688,-62.399391,-20.467705,-20.288586,1780.404785,-0.055123,0.000843,-0.000635,0.630567,0.623358,0.056984,83460.992188,0.987258,0.000000,0.000000,0.000000,0.000000,0.000000,0.000000,0.000000,0.000000,0.000000,-61.287601,5860.475098
7.849170,1.000000,-7168.993652,-7.978082,2481.761564,1782.843872,5848.053223,306.315491,305.177155,324.953993,-16.560339,0.651954,3.521863,-62.379116,-20.462861,-20.283978,1777.264404,-0.055228,0.000826,-0.000635,0.631200,0.624100,0.056853,83460.992188,0.987219,0.000000,0.000000,0.000000,0.000000,0.000000,0.000000,0.000000,0.000000,0.000000,-61.267544,5850.406738
7.905183,1.000000,-7159.563965,-7.948709,2478.268307,1779.352539,5836.489746,306.338104,305.197662,324.929938,-16.557159,0.649107,3.519907,-62.356976,-20.457589,-20.278980,1773.832275,-0.055316,0.000805,-0.000634,0.631918,0.624890,0.056694,83460.992188,0.987086,0.000000,0.000000,0.000000,0.000000,0.000000,0.000000,0.000000,0.000000,0.000000,-61.245941,5838.843262
7.964188,1.000000,-7151.044434,-7.922110,2474.589793,1775.675781,5826.045898,306.361633,305.215027,324.907959,-16.553825,0.646095,3.517854,-62.336975,-20.452840,-20.274525,1770.731323,-0.055611,0.000802,-0.000633,0.632525,0.625710,0.056465,83460.992188,0.987016,0.000000,0.000000,0.000000,0.000000,0.000000,0.000000,0.000000,0.000000,0.000000,-61.223183,5828.399414
8.015832,1.000000,-7141.162109,-7.891175,2471.371294,1772.458862,5813.934082,306.381927,305.235626,324.882125,-16.550926,0.643453,3.516051,-62.313770,-20.447348,-20.269396,1767.134521,-0.055528,0.000770,-0.000632,0.633247,0.626415,0.056183,83460.992188,0.986915,0.000000,0.000000,0.000000,0.000000,0.000000,0.000000,0.000000,0.000000,0.000000,-61.203262,5816.287598
8.068882,1.000000,-7132.307617,-7.863389,2468.066258,1769.155273,5803.084961,306.402435,305.253174,324.858634,-16.547960,0.640725,3.514213,-62.293022,-20.442459,-20.264854,1763.911743,-0.055623,0.000751,-0.000631,0.633861,0.627133,0.055918,83460.992188,0.986853,0.000000,0.000000,0.000000,0.000000,0.000000,0.000000,0.000000,0.000000,0.000000,-61.182842,5805.289551
8.124633,1.000000,-7123.074219,-7.834347,2464.594136,1765.685059,5791.775391,306.423737,305.272095,324.833837,-16.544863,0.637852,3.512282,-62.271381,-20.437375,-20.260174,1760.551025,-0.055738,0.000736,-0.000630,0.634523,0.627876,0.055592,83460.992188,0.986708,0.000000,0.000000,0.000000,0.000000,0.000000,0.000000,0.000000,0.000000,0.000000,-61.161388,5793.979980
8.176260,1.000000,-7114.389648,-7.806966,2461.379934,1762.472290,5781.140137,306.443268,305.289398,324.810287,-16.542002,0.635178,3.510513,-62.251057,-20.432615,-20.255808,1757.390137,-0.055823,0.000718,-0.000628,0.635129,0.628557,0.055286,83460.992188,0.986594,0.000000,0.000000,0.000000,0.000000,0.000000,0.000000,0.000000,0.000000,0.000000,-61.141552,5783.344238
8.226853,1.000000,-7105.989746,-7.780424,2458.231114,1759.325073,5770.855469,306.462128,305.305847,324.787270,-16.539211,0.632548,3.508781,-62.231422,-20.428031,-20.251623,1754.332764,-0.055918,0.000703,-0.000626,0.635705,0.629216,0.054973,83460.992188,0.986495,0.000000,0.000000,0.000000,0.000000,0.000000,0.000000,0.000000,0.000000,0.000000,-61.122139,5773.060059
8.279966,1.000000,-7097.174316,-7.752512,2454.926528,1756.021973,5760.065918,306.481598,305.322510,324.762859,-16.536308,0.629770,3.506959,-62.210838,-20.423240,-20.247290,1751.124268,-0.056025,0.000687,-0.000624,0.636288,0.629898,0.054591,83460.992188,0.986414,0.000000,0.000000,0.000000,0.000000,0.000000,0.000000,0.000000,0.000000,0.000000,-61.101780,5762.379883
8.331038,1.000000,-7088.540039,-7.725112,2451.749964,1752.846924,5749.500000,306.500122,305.338806,324.738567,-16.533537,0.627096,3.505212,-62.190701,-20.418576,-20.243076,1747.981567,-0.056097,0.000667,-0.000622,0.636858,0.630545,0.054217,83460.992188,0.986309,0.000000,0.000000,0.000000,0.000000,0.000000,0.000000,0.000000,0.000000,0.000000,-61.082233,5751.813965
8.385349,1.000000,-7079.589844,-7.696654,2448.373055,1749.471436,5738.550781,306.519501,305.355347,324.713089,-16.530615,0.624237,3.503352,-62.169846,-20.413763,-20.238760,1744.723999,-0.056205,0.000652,-0.000620,0.637437,0.631223,0.053794,83460.992188,0.986176,0.000000,0.000000,0.000000,0.000000,0.000000,0.000000,0.000000,0.000000,0.000000,-61.061462,5740.864258
8.438820,1.000000,-7070.697754,-7.668321,2445.049499,1746.149536,5727.675293,306.538391,305.371460,324.687580,-16.527756,0.621414,3.501523,-62.149147,-20.408998,-20.234518,1741.487549,-0.056299,0.000629,-0.000617,0.638001,0.631879,0.053311,83460.992188,0.986077,0.000000,0.000000,0.000000,0.000000,0.000000,0.000000,0.000000,0.000000,0.000000,-61.041039,5729.988770
8.495032,1.000000,-7061.311035,-7.638347,2441.556764,1742.658447,5716.197754,306.557831,305.388519,324.660411,-16.524782,0.618435,3.499592,-62.127335,-20.403992,-20.230087,1738.071045,-0.056400,0.000611,-0.000615,0.638599,0.632560,0.052833,83460.992188,0.985939,0.000000,0.000000,0.000000,0.000000,0.000000,0.000000,0.000000,0.000000,0.000000,-61.019611,5718.458496
8.549187,1.000000,-7052.234863,-7.609305,2438.192996,1739.296143,5705.103516,306.576294,305.404724,324.633894,-16.521942,0.615564,3.497735,-62.106285,-20.399178,-20.225859,1734.767578,-0.056500,0.000594,-0.000612,0.639166,0.633208,0.052356,83460.992188,0.985820,0.000000,0.000000,0.000000,0.000000,0.000000,0.000000,0.000000,0.000000,0.000000,-60.999012,5707.363770
8.603978,1.000000,-7043.133789,-7.580123,2434.790876,1735.895508,5693.980957,306.594666,305.420990,324.606933,-16.519094,0.612642,3.495860,-62.085217,-20.394382,-20.221657,1731.455078,-0.056599,0.000577,-0.000609,0.639735,0.633855,0.051853,83460.992188,0.985660,0.000000,0.000000,0.000000,0.000000,0.000000,0.000000,0.000000,0.000000,0.000000,-60.978214,5696.241211
8.656504,1.000000,-7034.285156,-7.551695,2431.530481,1732.636597,5683.169434,306.612030,305.436188,324.580505,-16.516388,0.609838,3.494062,-62.064774,-20.389743,-20.217613,1728.234497,-0.056680,0.000560,-0.000606,0.640266,0.634467,0.051363,83460.992188,0.985551,0.000000,0.000000,0.000000,0.000000,0.000000,0.000000,0.000000,0.000000,0.000000,-60.958313,5685.472656
8.707271,1.000000,-7025.849121,-7.524542,2428.380278,1729.487793,5672.864746,306.628571,305.450867,324.555027,-16.513790,0.607118,3.492335,-62.045322,-20.385347,-20.213800,1725.163940,-0.056771,0.000545,-0.000604,0.640780,0.635051,0.050885,83460.992188,0.985399,0.000000,0.000000,0.000000,0.000000,0.000000,0.000000,0.000000,0.000000,0.000000,-60.939129,5675.167969
8.759600,1.000000,-7017.153320,-7.496503,2425.134195,1726.243164,5662.245605,306.645325,305.465698,324.528599,-16.511141,0.604315,3.490548,-62.025307,-20.380835,-20.209915,1721.999023,-0.056863,0.000527,-0.000601,0.641299,0.635642,0.050339,83460.992188,0.985245,0.000000,0.000000,0.000000,0.000000,0.000000,0.000000,0.000000,0.000000,0.000000,-60.919388,5664.548340
8.811603,1.000000,-7008.488770,-7.468516,2421.909364,1723.019775,5651.666504,306.661835,305.480286,324.501993,-16.508535,0.601520,3.488776,-62.005424,-20.376372,-20.206079,1718.845337,-0.056950,0.000512,-0.000598,0.641810,0.636225,0.049833,83460.992188,0.985128,0.000000,0.000000,0.000000,0.000000,0.000000,0.000000,0.000000,0.000000,0.000000,-60.899830,5653.969727
8.862728,1.000000,-7000.006348,-7.441070,2418.739986,1719.851685,5641.313477,306.677673,305.494446,324.475684,-16.506001,0.598771,3.487032,-61.985996,-20.372028,-20.202377,1715.757935,-0.057049,0.000499,-0.000595,0.642306,0.636792,0.049326,83460.992188,0.984997,0.000000,0.000000,0.000000,0.000000,0.000000,0.000000,0.000000,0.000000,0.000000,-60.880638,5643.651855
8.915021,1.000000,-6991.226074,-7.412608,2415.499231,1716.612305,5630.598145,306.693695,305.509125,324.448159,-16.503433,0.595950,3.485252,-61.965923,-20.367558,-20.198570,1712.562256,-0.057124,0.000481,-0.000592,0.642819,0.637364,0.048783,83460.992188,0.984839,0.000000,0.000000,0.000000,0.000000,0.000000,0.000000,0.000000,0.000000,0.000000,-60.861053,5632.936523
8.966116,1.000000,-6982.740723,-7.385058,2412.333724,1713.448242,5620.245605,306.709045,305.522858,324.421316,-16.500952,0.593189,3.483513,-61.946575,-20.363268,-20.194939,1709.473877,-0.057213,0.000469,-0.000589,0.643300,0.637916,0.048258,83460.992188,0.984696,0.000000,0.000000,0.000000,0.000000,0.000000,0.000000,0.000000,0.000000,0.000000,-60.841972,5622.583984
9.020893,1.000000,-6973.642090,-7.355467,2408.941208,1710.057007,5609.147461,306.725342,305.537445,324.392278,-16.498323,0.590223,3.481648,-61.925877,-20.358695,-20.191090,1706.162231,-0.057306,0.000452,-0.000586,0.643811,0.638500,0.047670,83460.992188,0.984536,0.000000,0.000000,0.000000,0.000000,0.000000,0.000000,0.000000,0.000000,0.000000,-60.821564,5611.486328
9.071854,1.000000,-6965.026855,-7.327399,2405.786045,1706.903320,5598.641113,306.740234,305.551453,324.364575,-16.495907,0.587456,3.479912,-61.906338,-20.354394,-20.187481,1703.026489,-0.057379,0.000436,-0.000583,0.644301,0.639037,0.047143,83460.992188,0.984365,0.000000,0.000000,0.000000,0.000000,0.000000,0.000000,0.000000,0.000000,0.000000,-60.802643,5601.048340
9.127650,1.000000,-6955.832031,-7.297396,2402.332653,1703.451416,5587.431152,306.756409,305.565857,324.334766,-16.493296,0.584425,3.478014,-61.885555,-20.349838,-20.183678,1699.679810,-0.057481,0.000422,-0.000580,0.644805,0.639619,0.046566,83460.992188,0.984200,0.000000,0.000000,0.000000,0.000000,0.000000,0.000000,0.000000,0.000000,0.000000,-60.781994,5589.838379
9.179199,1.000000,-6947.226074,-7.269269,2399.143163,1700.262939,5576.941895,306.771027,305.578918,324.306529,-16.490908,0.581619,3.476260,-61.866146,-20.345605,-20.180157,1696.547485,-0.057561,0.000406,-0.000577,0.645262,0.640148,0.046023,83460.992188,0.984039,0.000000,0.000000,0.000000,0.000000,0.000000,0.000000,0.000000,0.000000,0.000000,-60.762962,5579.349121
9.230887,1.000000,-6938.632813,-7.241142,2395.946073,1697.067139,5566.469727,306.785522,305.591980,324.278144,-16.488535,0.578801,3.474509,-61.846817,-20.341403,-20.176674,1693.419800,-0.057641,0.000389,-0.000573,0.645719,0.640671,0.045477,83460.992188,0.983879,0.000000,0.000000,0.000000,0.000000,0.000000,0.000000,0.000000,0.000000,0.000000,-60.743935,5568.876953
9.286186,1.000000,-6929.370605,-7.210779,2392.526733,1693.649170,5555.184570,306.800659,305.605804,324.247326,-16.486046,0.575783,3.472621,-61.826054,-20.336908,-20.172964,1690.048706,-0.057722,0.000375,-0.000570,0.646203,0.641225,0.044894,83460.992188,0.983713,0.000000,0.000000,0.000000,0.000000,0.000000,0.000000,0.000000,0.000000,0.000000,-60.723652,5557.653809
9.341768,1.000000,-6920.118164,-7.180401,2389.091042,1690.215088,5543.915039,306.815613,305.619568,324.216242,-16.483578,0.572742,3.470731,-61.805382,-20.332454,-20.169308,1686.681030,-0.057808,0.000357,-0.000566,0.646685,0.641774,0.044304,83460.992188,0.983517,0.000000,0.000000,0.000000,0.000000,0.000000,0.000000,0.000000,0.000000,0.000000,-60.703335,5546.384277
9.392014,1.000000,-6911.800293,-7.153054,2385.986173,1687.111328,5533.786133,306.829071,305.631470,324.188124,-16.481363,0.569988,3.469030,-61.786858,-20.328478,-20.166063,1683.653564,-0.057894,0.000342,-0.000563,0.647102,0.642262,0.043770,83460.992188,0.983353,0.000000,0.000000,0.000000,0.000000,0.000000,0.000000,0.000000,0.000000,0.000000,-60.685036,5536.255371
9.442021,1.000000,-6903.470215,-7.125628,2382.897000,1684.023438,5523.644043,306.842194,305.643585,324.159738,-16.479197,0.567246,3.467331,-61.768364,-20.324525,-20.162838,1680.621704,-0.057967,0.000326,-0.000560,0.647526,0.642743,0.043248,83460.992188,0.983181,0.000000,0.000000,0.000000,0.000000,0.000000,0.000000,0.000000,0.000000,0.000000,-60.666882,5526.113281
9.496568,1.000000,-6894.360840,-7.095596,2379.528420,1680.656006,5512.555664,306.856232,305.656433,324.128446,-16.476862,0.564247,3.465483,-61.748211,-20.320237,-20.159359,1677.306152,-0.058049,0.000307,-0.000556,0.647976,0.643260,0.042680,83460.992188,0.983004,0.000000,0.000000,0.000000,0.000000,0.000000,0.000000,0.000000,0.000000,0.000000,-60.647152,5515.021973
9.552714,1.000000,-6885.056152,-7.064879,2376.062235,1677.191284,5501.232422,306.870453,305.669342,324.096175,-16.474493,0.561157,3.463586,-61.727703,-20.315897,-20.155848,1673.919556,-0.058133,0.000290,-0.000553,0.648427,0.643784,0.042094,83460.992188,0.982800,0.000000,0.000000,0.000000,0.000000,0.000000,0.000000,0.000000,0.000000,0.000000,-60.626923,5503.698730
9.608572,1.000000,-6875.721680,-7.034021,2372.614974,1673.745361,5489.875488,306.884369,305.682037,324.063578,-16.472162,0.558079,3.461711,-61.707211,-20.311580,-20.152367,1670.522095,-0.058210,0.000272,-0.000549,0.648871,0.644298,0.041521,83460.992188,0.982603,0.000000,0.000000,0.000000,0.000000,0.000000,0.000000,0.000000,0.000000,0.000000,-60.606880,5492.341797
9.664460,1.000000,-6866.448242,-7.003323,2369.167000,1670.298584,5478.595215,306.897949,305.694641,324.030951,-16.469870,0.554996,3.459833,-61.686928,-20.307327,-20.148951,1667.146851,-0.058292,0.000252,-0.000545,0.649313,0.644804,0.040957,83460.992188,0.982392,0.000000,0.000000,0.000000,0.000000,0.000000,0.000000,0.000000,0.000000,0.000000,-60.586910,5481.061523
9.714744,1.000000,-6858.177246,-6.975910,2366.065731,1667.198486,5468.536133,306.910004,305.705597,324.001587,-16.467829,0.552223,3.458159,-61.668907,-20.303568,-20.145931,1664.136475,-0.058361,0.000239,-0.000541,0.649696,0.645253,0.040458,83460.992188,0.982208,0.000000,0.000000,0.000000,0.000000,0.000000,0.000000,0.000000,0.000000,0.000000,-60.569016,5470.893555
9.766747,1.000000,-6849.449707,-6.946953,2362.859404,1663.993286,5457.924805,306.922272,305.716797,323.970414,-16.465746,0.549353,3.456427,-61.649967,-20.299635,-20.142794,1660.959839,-0.058429,0.000220,-0.000537,0.650088,0.645710,0.039944,83460.992188,0.982033,0.000000,0.000000,0.000000,0.000000,0.000000,0.000000,0.000000,0.000000,0.000000,-60.550583,5460.282227
9.817735,1.000000,-6840.975098,-6.918801,2359.716605,1660.851685,5447.622559,306.934174,305.727844,323.939982,-16.463728,0.546536,3.454735,-61.631638,-20.295843,-20.139774,1657.875366,-0.058498,0.000202,-0.000534,0.650474,0.646153,0.039452,83460.992188,0.981843,0.000000,0.000000,0.000000,0.000000,0.000000,0.000000,0.000000,0.000000,0.000000,-60.532578,5449.979980
9.868614,1.000000,-6832.584473,-6.890896,2356.581453,1657.717773,5437.424805,306.945862,305.738525,323.909609,-16.461739,0.543721,3.453059,-61.613567,-20.292125,-20.136820,1654.821411,-0.058568,0.000186,-0.000530,0.650848,0.646589,0.038972,83460.992188,0.981656,0.000000,0.000000,0.000000,0.000000,0.000000,0.000000,0.000000,0.000000,0.000000,-60.514694,5439.782227
9.919902,1.000000,-6823.978516,-6.862245,2353.422035,1654.559570,5426.967773,306.957458,305.749207,323.878288,-16.459757,0.540878,3.451377,-61.595108,-20.288343,-20.133831,1651.689087,-0.058633,0.000170,-0.000526,0.651222,0.647022,0.038482,83460.992188,0.981473,0.000000,0.000000,0.000000,0.000000,0.000000,0.000000,0.000000,0.000000,0.000000,-60.496735,5429.439941
9.970388,1.000000,-6815.583496,-6.834266,2350.312936,1651.451416,5416.768555,306.968628,305.759491,323.847411,-16.457834,0.538074,3.449736,-61.577179,-20.284695,-20.130939,1648.633545,-0.058691,0.000152,-0.000522,0.651582,0.647443,0.038029,83460.992188,0.981267,0.000000,0.000000,0.000000,0.000000,0.000000,0.000000,0.000000,0.000000,0.000000,-60.479141,5419.240723
10.026709,1.000000,-6806.323730,-6.803372,2346.845566,1647.985107,5405.520996,306.980865,305.770233,323.813212,-16.455706,0.534955,3.447922,-61.557480,-20.280702,-20.127794,1645.263306,-0.058767,0.000136,-0.000518,0.651958,0.647903,0.037519,83460.992188,0.981084,0.000000,0.000000,0.000000,0.000000,0.000000,0.000000,0.000000,0.000000,0.000000,-60.459595,5407.993164
10.081200,1.000000,-6797.159668,-6.772764,2343.491923,1644.632813,5394.392578,306.992706,305.781708,323.779132,-16.453680,0.531931,3.446169,-61.538071,-20.276788,-20.124720,1641.927856,-0.058828,0.000116,-0.000514,0.652360,0.648342,0.037045,83460.992188,0.980860,0.000000,0.000000,0.000000,0.000000,0.000000,0.000000,0.000000,0.000000,0.000000,-60.440769,5396.899414
10.132938,1.000000,-6788.466309,-6.743699,2340.308677,1641.450439,5383.837891,307.003510,305.792053,323.746624,-16.451778,0.529061,3.444513,-61.519730,-20.273106,-20.121841,1638.763672,-0.058893,0.000098,-0.000510,0.652722,0.648753,0.036611,83460.992188,0.980662,0.000000,0.000000,0.000000,0.000000,0.000000,0.000000,0.000000,0.000000,0.000000,-60.422966,5386.344727
10.188300,1.000000,-6780.187988,-6.715994,2336.903500,1638.046631,5373.788086,307.015045,305.801575,323.715450,-16.449772,0.525986,3.442758,-61.502342,-20.269636,-20.119123,1635.750610,-0.059006,0.000095,-0.000505,0.653055,0.649188,0.036156,83460.992188,0.980469,0.000000,0.000000,0.000000,0.000000,0.000000,0.000000,0.000000,0.000000,0.000000,-60.404015,5376.294922
10.241530,1.000000,-6770.466797,-6.683431,2333.630461,1634.774658,5361.990234,307.025848,305.812805,323.678612,-16.447865,0.523029,3.441084,-61.482014,-20.265599,-20.115978,1632.212402,-0.059020,0.000066,-0.000501,0.653449,0.649597,0.035701,83460.992188,0.980262,0.000000,0.000000,0.000000,0.000000,0.000000,0.000000,0.000000,0.000000,0.000000,-60.385876,5364.497070
10.293762,1.000000,-6761.737793,-6.654163,2330.419740,1631.564941,5351.398438,307.036255,305.822601,323.645273,-16.446020,0.520133,3.439449,-61.463852,-20.262017,-20.113192,1629.035278,-0.059079,0.000049,-0.000497,0.653791,0.649995,0.035294,83460.992188,0.980057,0.000000,0.000000,0.000000,0.000000,0.000000,0.000000,0.000000,0.000000,0.000000,-60.368164,5353.923828
10.344518,1.000000,-6753.386230,-6.626135,2327.300651,1628.446777,5341.266113,307.046295,305.831818,323.613329,-16.444246,0.517312,3.437866,-61.446537,-20.258610,-20.110550,1625.995605,-0.059144,0.000036,-0.000493,0.654114,0.650376,0.034903,83460.992188,0.979871,0.000000,0.000000,0.000000,0.000000,0.000000,0.000000,0.000000,0.000000,0.000000,-60.351021,5343.791992
10.395356,1.000000,-6744.859863,-6.597497,2324.177410,1625.324707,5330.923828,307.055939,305.841248,323.580405,-16.442493,0.514490,3.436295,-61.428940,-20.255173,-20.107883,1622.892212,-0.059193,0.000021,-0.000489,0.654444,0.650753,0.034516,83460.992188,0.979689,0.000000,0.000000,0.000000,0.000000,0.000000,0.000000,0.000000,0.000000,0.000000,-60.333923,5333.449219
10.446565,1.000000,-6736.380371,-6.568993,2321.032270,1622.180542,5320.640625,307.065674,305.850525,323.547423,-16.440741,0.511649,3.434739,-61.411510,-20.251789,-20.105267,1619.806030,-0.059249,0.000005,-0.000485,0.654768,0.651127,0.034134,83460.992188,0.979507,0.000000,0.000000,0.000000,0.000000,0.000000,0.000000,0.000000,0.000000,0.000000,-60.316788,5323.166016
10.498812,1.000000,-6727.739746,-6.539926,2317.824299,1618.973633,5310.163574,307.075226,305.860077,323.513639,-16.438976,0.508748,3.433163,-61.393829,-20.248375,-20.102631,1616.661011,-0.059307,-0.000011,-0.000481,0.655102,0.651504,0.033759,83460.992188,0.979312,0.000000,0.000000,0.000000,0.000000,0.000000,0.000000,0.000000,0.000000,0.000000,-60.299377,5312.717773
10.550919,1.000000,-6719.089844,-6.510806,2314.625845,1615.776123,5299.677734,307.084717,305.869324,323.479677,-16.437235,0.505852,3.431603,-61.376213,-20.244989,-20.100029,1613.512695,-0.059366,-0.000026,-0.000476,0.655426,0.651876,0.033395,83460.992188,0.979119,0.000000,0.000000,0.000000,0.000000,0.000000,0.000000,0.000000,0.000000,0.000000,-60.282101,5302.231934
10.601910,1.000000,-6710.530762,-6.481969,2311.496781,1612.648193,5289.303223,307.093842,305.878448,323.445864,-16.435549,0.503020,3.430086,-61.358849,-20.241670,-20.097477,1610.397461,-0.059414,-0.000044,-0.000472,0.655746,0.652235,0.033048,83460.992188,0.978944,0.000000,0.000000,0.000000,0.000000,0.000000,0.000000,0.000000,0.000000,0.000000,-60.265263,5291.857422
10.657787,1.000000,-6701.266113,-6.450732,2308.068890,1609.221191,5278.075684,307.103699,305.888519,323.409115,-16.433725,0.499922,3.428436,-61.340130,-20.238109,-20.094751,1607.025391,-0.059476,-0.000058,-0.000468,0.656098,0.652625,0.032676,83460.992188,0.978739,0.000000,0.000000,0.000000,0.000000,0.000000,0.000000,0.000000,0.000000,0.000000,-60.246895,5280.629883
10.713667,1.000000,-6692.012207,-6.419509,2304.641859,1605.795166,5266.863770,307.113342,305.897980,323.372098,-16.431923,0.496828,3.426810,-61.321529,-20.234598,-20.092066,1603.657349,-0.059533,-0.000071,-0.000463,0.656429,0.653009,0.032309,83460.992188,0.978542,0.000000,0.000000,0.000000,0.000000,0.000000,0.000000,0.000000,0.000000,0.000000,-60.228622,5269.369629
10.764844,1.000000,-6683.562500,-6.390980,2301.504169,1602.658447,5256.627930,307.122070,305.906525,323.338196,-16.430285,0.493991,3.425335,-61.304615,-20.231418,-20.089643,1600.581909,-0.059590,-0.000087,-0.000459,0.656728,0.653356,0.031977,83460.992188,0.978355,0.000000,0.000000,0.000000,0.000000,0.000000,0.000000,0.000000,0.000000,0.000000,-60.211964,5259.133789
10.820409,1.000000,-6674.333496,-6.359798,2298.098429,1599.253662,5245.449219,307.131378,305.915955,323.300972,-16.428526,0.490911,3.423751,-61.286221,-20.227980,-20.087023,1597.222778,-0.059641,-0.000102,-0.000455,0.657059,0.653728,0.031623,83460.992188,0.978168,0.000000,0.000000,0.000000,0.000000,0.000000,0.000000,0.000000,0.000000,0.000000,-60.193954,5247.955078
10.871350,1.000000,-6666.004395,-6.331642,2294.977004,1596.133301,5235.363281,307.139709,305.924042,323.267129,-16.426928,0.488090,3.422315,-61.269688,-20.224911,-20.084700,1594.191284,-0.059703,-0.000114,-0.000451,0.657342,0.654064,0.031304,83460.992188,0.977987,0.000000,0.000000,0.000000,0.000000,0.000000,0.000000,0.000000,0.000000,0.000000,-60.177517,5237.869141
10.921466,1.000000,-6657.502441,-6.302885,2291.906963,1593.064087,5225.069336,307.147675,305.932159,323.232426,-16.425375,0.485318,3.420915,-61.252880,-20.221807,-20.082346,1591.096802,-0.059740,-0.000132,-0.000447,0.657626,0.654390,0.030988,83460.992188,0.977820,0.000000,0.000000,0.000000,0.000000,0.000000,0.000000,0.000000,0.000000,0.000000,-60.161411,5227.616211
10.971606,1.000000,-6649.200195,-6.274790,2288.836274,1589.994141,5215.019043,307.155487,305.940247,323.198405,-16.423836,0.482545,3.419525,-61.236534,-20.218803,-20.080080,1588.074951,-0.059792,-0.000145,-0.000443,0.657909,0.654712,0.030683,83460.992188,0.977655,0.000000,0.000000,0.000000,0.000000,0.000000,0.000000,0.000000,0.000000,0.000000,-60.145370,5217.565918
11.023365,1.000000,-6640.644043,-6.245822,2285.667294,1586.826172,5204.662598,307.163544,305.948029,323.163049,-16.422268,0.479685,3.418107,-61.219761,-20.215746,-20.077768,1584.960815,-0.059838,-0.000161,-0.000439,0.658181,0.655039,0.030377,83460.992188,0.977466,0.000000,0.000000,0.000000,0.000000,0.000000,0.000000,0.000000,0.000000,0.000000,-60.128891,5207.209961
11.075325,1.000000,-6632.008789,-6.216573,2282.486881,1583.646606,5194.212402,307.171448,305.956177,323.127427,-16.420706,0.476811,3.416695,-61.202919,-20.212682,-20.075464,1581.817871,-0.059888,-0.000177,-0.000434,0.658466,0.655363,0.030078,83460.992188,0.977291,0.000000,0.000000,0.000000,0.000000,0.000000,0.000000,0.000000,0.000000,0.000000,-60.112427,5196.759766
11.130290,1.000000,-6622.794922,-6.185347,2279.123483,1580.284180,5183.063965,307.179718,305.964935,323.089076,-16.419071,0.473775,3.415223,-61.185017,-20.209453,-20.073038,1578.464233,-0.059934,-0.000193,-0.000430,0.658773,0.655702,0.029761,83460.992188,0.977102,0.000000,0.000000,0.000000,0.000000,0.000000,0.000000,0.000000,0.000000,0.000000,-60.095089,5185.547363
11.180683,1.000000,-6614.502930,-6.157233,2276.040707,1577.202393,5173.032227,307.187103,305.972260,323.054432,-16.417589,0.470992,3.413890,-61.168976,-20.206575,-20.070875,1575.446167,-0.059978,-0.000207,-0.000426,0.659029,0.656007,0.029480,83460.992188,0.976931,0.000000,0.000000,0.000000,0.000000,0.000000,0.000000,0.000000,0.000000,0.000000,-60.079262,5175.515625
11.236482,1.000000,-6605.202637,-6.125688,2272.628168,1573.790649,5161.783203,307.195038,305.980499,323.015369,-16.415966,0.467914,3.412423,-61.151058,-20.203380,-20.068487,1572.061157,-0.060028,-0.000225,-0.000421,0.659317,0.656341,0.029175,83460.992188,0.976752,0.000000,0.000000,0.000000,0.000000,0.000000,0.000000,0.000000,0.000000,0.000000,-60.061813,5164.266602
11.292549,1.000000,-6595.942871,-6.094266,2269.200239,1570.363525,5150.584961,307.202972,305.988739,322.976365,-16.414347,0.464823,3.410970,-61.133305,-20.200230,-20.066147,1568.690918,-0.060087,-0.000241,-0.000416,0.659606,0.656672,0.028870,83460.992188,0.976576,0.000000,0.000000,0.000000,0.000000,0.000000,0.000000,0.000000,0.000000,0.000000,-60.044365,5153.068359
11.343259,1.000000,-6587.535645,-6.065726,2266.100695,1567.264648,5140.418945,307.209930,305.995941,322.940772,-16.412897,0.462027,3.409671,-61.117241,-20.197397,-20.064043,1565.630981,-0.060133,-0.000256,-0.000412,0.659858,0.656966,0.028585,83460.992188,0.976405,0.000000,0.000000,0.000000,0.000000,0.000000,0.000000,0.000000,0.000000,0.000000,-60.028645,5142.968750
11.394264,1.000000,-6579.063477,-6.036954,2262.983940,1564.148804,5130.175781,307.216766,306.002930,322.904645,-16.411455,0.459215,3.408378,-61.101120,-20.194577,-20.061941,1562.547363,-0.060168,-0.000274,-0.000408,0.660102,0.657258,0.028303,83460.992188,0.976250,0.000000,0.000000,0.000000,0.000000,0.000000,0.000000,0.000000,0.000000,0.000000,-60.012905,5132.725586
11.450306,1.000000,-6569.771484,-6.005390,2259.560332,1560.726074,5118.943848,307.224152,306.010712,322.864900,-16.409880,0.456136,3.406984,-61.083523,-20.191515,-20.059671,1559.165283,-0.060215,-0.000289,-0.000403,0.660374,0.657574,0.028011,83460.992188,0.976070,0.000000,0.000000,0.000000,0.000000,0.000000,0.000000,0.000000,0.000000,0.000000,-59.995697,5121.493164
11.506270,1.000000,-6560.470215,-5.973786,2256.142471,1557.309448,5107.702637,307.231323,306.018250,322.824917,-16.408323,0.453067,3.405608,-61.065998,-20.188488,-20.057434,1555.779907,-0.060261,-0.000305,-0.000398,0.660639,0.657884,0.027726,83460.992188,0.975885,0.000000,0.000000,0.000000,0.000000,0.000000,0.000000,0.000000,0.000000,0.000000,-59.978596,5110.245605
11.558019,1.000000,-6551.956543,-5.944850,2252.982899,1554.150879,5097.414063,307.237762,306.025116,322.788168,-16.406904,0.450228,3.404356,-61.050026,-20.185746,-20.055407,1552.681152,-0.060302,-0.000320,-0.000394,0.660879,0.658166,0.027471,83460.992188,0.975715,0.000000,0.000000,0.000000,0.000000,0.000000,0.000000,0.000000,0.000000,0.000000,-59.962864,5099.957520
11.608920,1.000000,-6543.481934,-5.916043,2249.875913,1551.044922,5087.174805,307.244049,306.031647,322.751388,-16.405512,0.447433,3.403141,-61.034180,-20.183044,-20.053415,1549.596680,-0.060341,-0.000337,-0.000389,0.661108,0.658439,0.027225,83460.992188,0.975557,0.000000,0.000000,0.000000,0.000000,0.000000,0.000000,0.000000,0.000000,0.000000,-59.947441,5089.718262
11.659170,1.000000,-6535.125488,-5.887634,2246.809448,1547.979370,5077.080078,307.250092,306.038269,322.714995,-16.404156,0.444684,3.401947,-61.018612,-20.180403,-20.051483,1546.555176,-0.060387,-0.000351,-0.000385,0.661339,0.658704,0.026980,83460.992188,0.975405,0.000000,0.000000,0.000000,0.000000,0.000000,0.000000,0.000000,0.000000,0.000000,-59.932278,5079.623535
11.709965,1.000000,-6526.743652,-5.859133,2243.710516,1544.881226,5066.956055,307.256073,306.044525,322.678393,-16.402796,0.441910,3.400755,-61.003063,-20.177779,-20.049561,1543.504517,-0.060428,-0.000365,-0.000381,0.661559,0.658969,0.026734,83460.992188,0.975253,0.000000,0.000000,0.000000,0.000000,0.000000,0.000000,0.000000,0.000000,0.000000,-59.917011,5069.547852
11.760130,1.000000,-6518.436523,-5.830881,2240.650796,1541.822632,5056.922852,307.261841,306.050720,322.641911,-16.401461,0.439169,3.399595,-60.987709,-20.175207,-20.047676,1540.480957,-0.060464,-0.000380,-0.000376,0.661775,0.659226,0.026492,83460.992188,0.975108,0.000000,0.000000,0.000000,0.000000,0.000000,0.000000,0.000000,0.000000,0.000000,-59.902000,5059.514648
11.814398,1.000000,-6509.399902,-5.800145,2237.341685,1538.514526,5046.010742,307.267944,306.057556,322.602165,-16.400026,0.436217,3.398362,-60.971088,-20.172437,-20.045654,1537.191895,-0.060503,-0.000394,-0.000371,0.662014,0.659500,0.026237,83460.992188,0.974944,0.000000,0.000000,0.000000,0.000000,0.000000,0.000000,0.000000,0.000000,0.000000,-59.885841,5048.602539
11.870011,1.000000,-6500.203613,-5.768866,2233.951489,1535.125244,5034.907715,307.273987,306.064056,322.561471,-16.398575,0.433191,3.397113,-60.954243,-20.169652,-20.043629,1533.844727,-0.060547,-0.000410,-0.000367,0.662242,0.659777,0.025978,83460.992188,0.974773,0.000000,0.000000,0.000000,0.000000,0.000000,0.000000,0.000000,0.000000,0.000000,-59.869350,5037.499512
11.920759,1.000000,-6491.832520,-5.740390,2230.858683,1532.033325,5024.802246,307.279358,306.069702,322.524306,-16.397261,0.430434,3.395988,-60.938972,-20.167142,-20.041807,1530.797852,-0.060586,-0.000426,-0.000362,0.662440,0.660024,0.025745,83460.992188,0.974635,0.000000,0.000000,0.000000,0.000000,0.000000,0.000000,0.000000,0.000000,0.000000,-59.854370,5027.404297
11.971694,1.000000,-6483.410645,-5.711739,2227.755260,1528.930908,5014.636719,307.284668,306.075653,322.486874,-16.395956,0.427668,3.394871,-60.923679,-20.164641,-20.039993,1527.732544,-0.060623,-0.000438,-0.000358,0.662648,0.660268,0.025512,83460.992188,0.974489,0.000000,0.000000,0.000000,0.000000,0.000000,0.000000,0.000000,0.000000,0.000000,-59.839409,5017.238770
12.027207,1.000000,-6474.150879,-5.680237,2224.373790,1525.550293,5003.461914,307.290222,306.081970,322.445497,-16.394543,0.424660,3.393672,-60.906921,-20.161919,-20.038033,1524.362305,-0.060665,-0.000455,-0.000353,0.662869,0.660530,0.025256,83460.992188,0.974326,0.000000,0.000000,0.000000,0.000000,0.000000,0.000000,0.000000,0.000000,0.000000,-59.823154,5006.063477
12.081864,1.000000,-6465.159668,-5.649647,2221.045361,1522.222900,4992.611816,307.295532,306.088379,322.405099,-16.393169,0.421697,3.392506,-60.890713,-20.159308,-20.036140,1521.089722,-0.060699,-0.000470,-0.000348,0.663093,0.660784,0.025020,83460.992188,0.974162,0.000000,0.000000,0.000000,0.000000,0.000000,0.000000,0.000000,0.000000,0.000000,-59.807228,4995.213867
12.132147,1.000000,-6456.874023,-5.621459,2217.984080,1519.162598,4982.615723,307.300415,306.094025,322.367816,-16.391920,0.418980,3.391439,-60.875835,-20.156922,-20.034435,1518.073975,-0.060745,-0.000486,-0.000344,0.663291,0.661015,0.024801,83460.992188,0.974039,0.000000,0.000000,0.000000,0.000000,0.000000,0.000000,0.000000,0.000000,0.000000,-59.792629,4985.182129
12.182717,1.000000,-6448.419434,-5.592696,2214.906083,1516.085205,4972.416016,307.305176,306.100006,322.329613,-16.390673,0.416249,3.390383,-60.860710,-20.154514,-20.032705,1514.996826,-0.060774,-0.000502,-0.000339,0.663500,0.661243,0.024568,83460.992188,0.973896,0.000000,0.000000,0.000000,0.000000,0.000000,0.000000,0.000000,0.000000,0.000000,-59.778008,4974.982422
12.238807,1.000000,-6439.196289,-5.561321,2211.492988,1512.673096,4961.291016,307.310364,306.106079,322.287821,-16.389297,0.413221,3.389232,-60.844284,-20.151914,-20.030848,1511.639771,-0.060815,-0.000518,-0.000334,0.663713,0.661494,0.024316,83460.992188,0.973734,0.000000,0.000000,0.000000,0.000000,0.000000,0.000000,0.000000,0.000000,0.000000,-59.761864,4963.857910
12.290674,1.000000,-6430.704102,-5.532435,2208.337688,1509.518799,4951.049316,307.314911,306.111725,322.249203,-16.388039,0.410431,3.388180,-60.829208,-20.149543,-20.029161,1508.548950,-0.060856,-0.000534,-0.000329,0.663910,0.661723,0.024081,83460.992188,0.973597,0.000000,0.000000,0.000000,0.000000,0.000000,0.000000,0.000000,0.000000,0.000000,-59.746990,4953.616211
12.341678,1.000000,-6422.156250,-5.503363,2205.235657,1506.417480,4940.741699,307.319427,306.117371,322.210110,-16.386814,0.407685,3.387154,-60.814083,-20.147183,-20.027479,1505.437744,-0.060883,-0.000549,-0.000325,0.664108,0.661945,0.023854,83460.992188,0.973464,0.000000,0.000000,0.000000,0.000000,0.000000,0.000000,0.000000,0.000000,0.000000,-59.732410,4943.375488
12.391912,1.000000,-6413.768066,-5.474838,2202.181199,1503.363892,4930.627441,307.323700,306.122894,322.171610,-16.385622,0.404987,3.386160,-60.799305,-20.144894,-20.025848,1502.384766,-0.060909,-0.000564,-0.000320,0.664301,0.662160,0.023639,83460.992188,0.973322,0.000000,0.000000,0.000000,0.000000,0.000000,0.000000,0.000000,0.000000,0.000000,-59.718124,4933.261230
12.442204,1.000000,-6405.470703,-5.446628,2199.123949,1500.307617,4920.624512,307.327820,306.128052,322.133526,-16.384441,0.402294,3.385169,-60.784748,-20.142648,-20.024269,1499.364746,-0.060952,-0.000576,-0.000316,0.664481,0.662373,0.023431,83460.992188,0.973194,0.000000,0.000000,0.000000,0.000000,0.000000,0.000000,0.000000,0.000000,0.000000,-59.703873,4923.258301
12.493338,1.000000,-6397.033691,-5.417945,2196.016265,1497.200684,4910.454102,307.331818,306.132996,322.094552,-16.383245,0.399556,3.384181,-60.769993,-20.140393,-20.022669,1496.293945,-0.060979,-0.000593,-0.000311,0.664655,0.662587,0.023212,83460.992188,0.973064,0.000000,0.000000,0.000000,0.000000,0.000000,0.000000,0.000000,0.000000,0.000000,-59.689438,4913.087891
12.545235,1.000000,-6388.493164,-5.388918,2192.862982,1494.048096,4900.160156,307.335938,306.138275,322.055073,-16.382046,0.396780,3.383192,-60.755104,-20.138125,-20.021074,1493.185425,-0.061015,-0.000610,-0.000306,0.664840,0.662800,0.022992,83460.992188,0.972928,0.000000,0.000000,0.000000,0.000000,0.000000,0.000000,0.000000,0.000000,0.000000,-59.674847,4902.779297
12.597750,1.000000,-6379.851074,-5.359553,2189.672937,1490.858765,4889.745605,307.339874,306.143555,322.015031,-16.380838,0.393972,3.382200,-60.740105,-20.135855,-20.019487,1490.039917,-0.061054,-0.000624,-0.000301,0.665024,0.663012,0.022770,83460.992188,0.972798,0.000000,0.000000,0.000000,0.000000,0.000000,0.000000,0.000000,0.000000,0.000000,-59.660137,4892.364258
12.653227,1.000000,-6370.584961,-5.328074,2186.303821,1487.490479,4878.580078,307.343994,306.149048,321.971934,-16.379583,0.391024,3.381162,-60.724079,-20.133447,-20.017799,1486.667358,-0.061085,-0.000636,-0.000296,0.665217,0.663233,0.022538,83460.992188,0.972652,0.000000,0.000000,0.000000,0.000000,0.000000,0.000000,0.000000,0.000000,0.000000,-59.644661,4881.198730
12.704656,1.000000,-6362.207520,-5.299623,2183.181324,1484.368896,4868.486328,307.347748,306.153870,321.932842,-16.378433,0.388292,3.380203,-60.709641,-20.131292,-20.016296,1483.618164,-0.061121,-0.000646,-0.000292,0.665386,0.663435,0.022327,83460.992188,0.972519,0.000000,0.000000,0.000000,0.000000,0.000000,0.000000,0.000000,0.000000,0.000000,-59.630371,4871.104980
12.758215,1.000000,-6353.229004,-5.269141,2179.930326,1481.118652,4857.669922,307.351532,306.152313,321.890872,-16.377243,0.385451,3.379222,-60.694229,-20.129006,-20.014713,1480.350342,-0.061152,-0.000672,-0.000287,0.665331,0.663641,0.022074,83460.992188,0.972488,0.000000,0.000000,0.000000,0.000000,0.000000,0.000000,0.000000,0.000000,0.000000,-59.615540,4860.333008
12.808774,1.000000,-6344.895020,-5.240856,2176.862150,1478.051025,4847.631348,307.354950,306.163544,321.851749,-16.376135,0.382780,3.378309,-60.679977,-20.126908,-20.013262,1477.317017,-0.061186,-0.000675,-0.000282,0.665724,0.663831,0.021866,83460.992188,0.972251,0.000000,0.000000,0.000000,0.000000,0.000000,0.000000,0.000000,0.000000,0.000000,-59.601612,4850.294434
12.859300,1.000000,-6336.486328,-5.212326,2173.796697,1474.986328,4837.503418,307.358307,306.168091,321.812182,-16.375042,0.380113,3.377401,-60.665657,-20.124815,-20.011806,1474.256470,-0.061208,-0.000688,-0.000278,0.665883,0.664020,0.021654,83460.992188,0.972133,0.000000,0.000000,0.000000,0.000000,0.000000,0.000000,0.000000,0.000000,0.000000,-59.587742,4840.166504
12.914836,1.000000,-6327.393066,-5.181488,2170.428110,1471.618652,4826.553223,307.361786,306.173157,321.769263,-16.373846,0.377191,3.376430,-60.650230,-20.122576,-20.010269,1470.946777,-0.061248,-0.000697,-0.000273,0.666061,0.664225,0.021430,83460.992188,0.971993,0.000000,0.000000,0.000000,0.000000,0.000000,0.000000,0.000000,0.000000,0.000000,-59.572567,4829.216309
12.974740,1.000000,-6320.019531,-5.156489,2166.795568,1467.986938,4817.673828,307.365570,306.176697,321.734322,-16.372576,0.374046,3.375389,-60.637760,-20.120780,-20.009024,1468.263062,-0.061333,-0.000677,-0.000268,0.666184,0.664442,0.021212,83460.992188,0.971844,0.000000,0.000000,0.000000,0.000000,0.000000,0.000000,0.000000,0.000000,0.000000,-59.556259,4820.258789
13.028273,1.000000,-6308.939453,-5.118942,2163.550186,1464.742310,4804.333984,307.368744,306.182617,321.681764,-16.371447,0.371245,3.374470,-60.619091,-20.118105,-20.007193,1464.230225,-0.061315,-0.000724,-0.000263,0.666391,0.664628,0.020989,83460.992188,0.971719,0.000000,0.000000,0.000000,0.000000,0.000000,0.000000,0.000000,0.000000,0.000000,-59.541744,4806.918457
13.079896,1.000000,-6300.124023,-5.089085,2160.421348,1461.614014,4793.721680,307.371735,306.186829,321.639764,-16.370373,0.368540,3.373596,-60.604301,-20.116006,-20.005762,1461.021606,-0.061341,-0.000739,-0.000259,0.666539,0.664808,0.020786,83460.992188,0.971594,0.000000,0.000000,0.000000,0.000000,0.000000,0.000000,0.000000,0.000000,0.000000,-59.527805,4796.306152
13.129968,1.000000,-6291.806641,-5.060928,2157.387218,1458.580566,4783.709961,307.374573,306.191071,321.600048,-16.369341,0.365929,3.372756,-60.590401,-20.114047,-20.004425,1457.994385,-0.061367,-0.000752,-0.000255,0.666687,0.664980,0.020597,83460.992188,0.971479,0.000000,0.000000,0.000000,0.000000,0.000000,0.000000,0.000000,0.000000,0.000000,-59.514336,4786.375488
13.180138,1.000000,-6283.519531,-5.032887,2154.347843,1455.541870,4773.735840,307.377228,306.195068,321.560422,-16.368319,0.363322,3.371926,-60.576603,-20.112113,-20.003113,1454.978149,-0.061396,-0.000763,-0.000251,0.666828,0.665149,0.020404,83460.992188,0.971365,0.000000,0.000000,0.000000,0.000000,0.000000,0.000000,0.000000,0.000000,0.000000,-59.500893,4776.401367
13.234635,1.000000,-6274.515625,-5.002436,2151.047116,1452.241699,4762.899902,307.379913,306.199097,321.517147,-16.367212,0.360488,3.371043,-60.561657,-20.110038,-20.001699,1451.700928,-0.061420,-0.000777,-0.000246,0.666968,0.665328,0.020205,83460.992188,0.971225,0.000000,0.000000,0.000000,0.000000,0.000000,0.000000,0.000000,0.000000,0.000000,-59.486343,4765.565430
13.284986,1.000000,-6266.188477,-4.974290,2147.998220,1449.193604,4752.879883,307.382355,306.203064,321.476986,-16.366205,0.357876,3.370238,-60.547894,-20.108144,-20.000418,1448.670166,-0.061446,-0.000790,-0.000242,0.667108,0.665492,0.020027,83460.992188,0.971109,0.000000,0.000000,0.000000,0.000000,0.000000,0.000000,0.000000,0.000000,0.000000,-59.472961,4755.545410
13.341418,1.000000,-6256.938965,-4.943043,2144.581922,1445.777954,4741.750488,307.385040,306.207336,321.432406,-16.365082,0.354957,3.369350,-60.532665,-20.106057,-19.999004,1445.303589,-0.061474,-0.000801,-0.000237,0.667257,0.665672,0.019840,83460.992188,0.970977,0.000000,0.000000,0.000000,0.000000,0.000000,0.000000,0.000000,0.000000,0.000000,-59.458023,4744.412598
13.392097,1.000000,-6248.514648,-4.914602,2141.514637,1442.711182,4731.615723,307.387390,306.210846,321.391623,-16.364086,0.352344,3.368557,-60.518841,-20.104179,-19.997744,1442.237427,-0.061500,-0.000816,-0.000233,0.667380,0.665830,0.019664,83460.992188,0.970869,0.000000,0.000000,0.000000,0.000000,0.000000,0.000000,0.000000,0.000000,0.000000,-59.444649,4734.277832
13.448189,1.000000,-6239.287109,-4.883469,2138.120545,1439.317749,4720.515137,307.389893,306.214935,321.346835,-16.362993,0.349458,3.367699,-60.503754,-20.102146,-19.996374,1438.878784,-0.061524,-0.000830,-0.000228,0.667522,0.666002,0.019472,83460.992188,0.970747,0.000000,0.000000,0.000000,0.000000,0.000000,0.000000,0.000000,0.000000,0.000000,-59.429905,4723.177734
13.503321,1.000000,-6230.180664,-4.852767,2134.785368,1435.983276,4709.562012,307.392212,306.218658,321.302551,-16.361929,0.346634,3.366868,-60.488911,-20.100157,-19.995052,1435.564331,-0.061558,-0.000843,-0.000224,0.667653,0.666168,0.019286,83460.992188,0.970630,0.000000,0.000000,0.000000,0.000000,0.000000,0.000000,0.000000,0.000000,0.000000,-59.415470,4712.224609
13.553402,1.000000,-6221.984863,-4.825152,2131.756455,1432.954956,4699.705078,307.394165,306.221954,321.262569,-16.360975,0.344079,3.366113,-60.475594,-20.098387,-19.993870,1432.581299,-0.061581,-0.000855,-0.000219,0.667769,0.666315,0.019115,83460.992188,0.970517,0.000000,0.000000,0.000000,0.000000,0.000000,0.000000,0.000000,0.000000,0.000000,-59.402401,4702.341797
13.608609,1.000000,-6212.822754,-4.794305,2128.418297,1429.617554,4688.687012,307.396301,306.225800,321.217751,-16.359930,0.341263,3.365301,-60.460766,-20.096433,-19.992573,1429.246582,-0.061607,-0.000867,-0.000215,0.667903,0.666473,0.018926,83460.992188,0.970396,0.000000,0.000000,0.000000,0.000000,0.000000,0.000000,0.000000,0.000000,0.000000,-59.388050,4691.324219
13.663871,1.000000,-6203.691895,-4.763587,2125.077626,1426.277832,4677.708496,307.398254,306.229218,321.173023,-16.358894,0.338455,3.364501,-60.446053,-20.094508,-19.991304,1425.923218,-0.061637,-0.000879,-0.000210,0.668022,0.666629,0.018735,83460.992188,0.970273,0.000000,0.000000,0.000000,0.000000,0.000000,0.000000,0.000000,0.000000,0.000000,-59.373753,4680.345215
13.714599,1.000000,-6195.346680,-4.735532,2122.011756,1423.212524,4667.674316,307.399963,306.232086,321.132002,-16.357958,0.335882,3.363773,-60.432648,-20.092769,-19.990149,1422.885864,-0.061653,-0.000892,-0.000206,0.668123,0.666769,0.018567,83460.992188,0.970171,0.000000,0.000000,0.000000,0.000000,0.000000,0.000000,0.000000,0.000000,0.000000,-59.360672,4670.311035
13.765220,1.000000,-6186.975586,-4.707414,2118.953030,1420.154541,4657.610840,307.401611,306.235626,321.090804,-16.357027,0.333325,3.363059,-60.419247,-20.091041,-19.989017,1419.838989,-0.061681,-0.000903,-0.000202,0.668247,0.666905,0.018406,83460.992188,0.970062,0.000000,0.000000,0.000000,0.000000,0.000000,0.000000,0.000000,0.000000,0.000000,-59.347668,4660.300781
13.817852,1.000000,-6178.451660,-4.678802,2115.773509,1416.975586,4647.363770,307.403107,306.239105,321.048774,-16.356071,0.330673,3.362324,-60.405640,-20.089297,-19.987867,1416.736572,-0.061702,-0.000915,-0.000198,0.668369,0.667045,0.018238,83460.992188,0.969956,0.000000,0.000000,0.000000,0.000000,0.000000,0.000000,0.000000,0.000000,0.000000,-59.334190,4650.053711
13.869748,1.000000,-6169.741699,-4.649592,2112.639161,1413.842041,4636.895020,307.404419,306.242523,321.005707,-16.355137,0.328065,3.361613,-60.391792,-20.087539,-19.986719,1413.566406,-0.061724,-0.000928,-0.000193,0.668489,0.667181,0.018079,83460.992188,0.969842,0.000000,0.000000,0.000000,0.000000,0.000000,0.000000,0.000000,0.000000,0.000000,-59.320957,4639.584961
13.920862,1.000000,-6161.293945,-4.621284,2109.552732,1410.756104,4626.741699,307.405823,306.245850,320.963826,-16.354227,0.325503,3.360917,-60.378403,-20.085853,-19.985620,1410.491699,-0.061747,-0.000940,-0.000189,0.668605,0.667314,0.017921,83460.992188,0.969740,0.000000,0.000000,0.000000,0.000000,0.000000,0.000000,0.000000,0.000000,0.000000,-59.307964,4629.431641
13.971658,1.000000,-6152.919434,-4.593245,2106.486179,1407.690186,4616.677734,307.407196,306.249146,320.922301,-16.353325,0.322960,3.360238,-60.365170,-20.084193,-19.984543,1407.443604,-0.061769,-0.000953,-0.000185,0.668720,0.667444,0.017762,83460.992188,0.969636,0.000000,0.000000,0.000000,0.000000,0.000000,0.000000,0.000000,0.000000,0.000000,-59.295094,4619.437012
14.025011,1.000000,-6144.285156,-4.564361,2103.265983,1404.470581,4606.302734,307.408417,306.252045,320.879352,-16.352388,0.320296,3.359538,-60.351566,-20.082502,-19.983454,1404.300903,-0.061798,-0.000963,-0.000181,0.668822,0.667579,0.017587,83460.992188,0.969549,0.000000,0.000000,0.000000,0.000000,0.000000,0.000000,0.000000,0.000000,0.000000,-59.281620,4609.062012
14.077815,1.000000,-6135.459473,-4.534862,2100.079649,1401.284912,4595.697754,307.409729,306.255676,320.835395,-16.351471,0.317667,3.358849,-60.337708,-20.080790,-19.982346,1401.088623,-0.061814,-0.000978,-0.000176,0.668949,0.667709,0.017416,83460.992188,0.969431,0.000000,0.000000,0.000000,0.000000,0.000000,0.000000,0.000000,0.000000,0.000000,-59.268333,4598.457520
14.128819,1.000000,-6127.077148,-4.506872,2097.002614,1398.208496,4585.627441,307.410645,306.258575,320.793574,-16.350590,0.315137,3.358199,-60.324596,-20.079183,-19.981316,1398.037720,-0.061837,-0.000989,-0.000172,0.669051,0.667834,0.017256,83460.992188,0.969337,0.000000,0.000000,0.000000,0.000000,0.000000,0.000000,0.000000,0.000000,0.000000,-59.255547,4588.386719
14.180015,1.000000,-6118.647461,-4.478751,2093.914669,1395.121094,4575.500488,307.411560,306.261475,320.751366,-16.349716,0.312601,3.357552,-60.311443,-20.077585,-19.980293,1394.969604,-0.061858,-0.001003,-0.000168,0.669152,0.667957,0.017097,83460.992188,0.969243,0.000000,0.000000,0.000000,0.000000,0.000000,0.000000,0.000000,0.000000,0.000000,-59.242752,4578.133789
14.231364,1.000000,-6110.128906,-4.450360,2090.818171,1392.025146,4565.268066,307.412537,306.264404,320.708655,-16.348848,0.310063,3.356913,-60.298195,-20.075987,-19.979280,1391.869141,-0.061883,-0.001016,-0.000164,0.669254,0.668079,0.016934,83460.992188,0.969138,0.000000,0.000000,0.000000,0.000000,0.000000,0.000000,0.000000,0.000000,0.000000,-59.229965,4567.901367
14.285656,1.000000,-6101.140625,-4.420432,2087.544934,1388.752563,4554.472168,307.413330,306.267670,320.663511,-16.347937,0.307387,3.356246,-60.284256,-20.074317,-19.978214,1388.597656,-0.061899,-0.001031,-0.000159,0.669368,0.668206,0.016765,83460.992188,0.969040,0.000000,0.000000,0.000000,0.000000,0.000000,0.000000,0.000000,0.000000,0.000000,-59.216484,4557.104980
14.341123,1.000000,-6092.075684,-4.390281,2084.201631,1385.409912,4543.584961,307.414124,306.270355,320.617893,-16.347023,0.304662,3.355573,-60.270252,-20.072653,-19.977163,1385.298218,-0.061922,-0.001046,-0.000154,0.669463,0.668332,0.016593,83460.992188,0.968941,0.000000,0.000000,0.000000,0.000000,0.000000,0.000000,0.000000,0.000000,0.000000,-59.202766,4546.218262
14.392013,1.000000,-6083.731934,-4.362558,2081.134898,1382.343750,4533.564941,307.414795,306.272980,320.575775,-16.346180,0.302164,3.354972,-60.257397,-20.071140,-19.976210,1382.261353,-0.061943,-0.001058,-0.000150,0.669555,0.668446,0.016446,83460.992188,0.968849,0.000000,0.000000,0.000000,0.000000,0.000000,0.000000,0.000000,0.000000,0.000000,-59.190220,4536.315430
14.443813,1.000000,-6075.187012,-4.334195,2078.014000,1379.223145,4523.304199,307.415283,306.275452,320.532648,-16.345339,0.299635,3.354358,-60.244274,-20.069602,-19.975245,1379.151245,-0.061963,-0.001073,-0.000146,0.669641,0.668559,0.016286,83460.992188,0.968752,0.000000,0.000000,0.000000,0.000000,0.000000,0.000000,0.000000,0.000000,0.000000,-59.177490,4526.054199
14.499785,1.000000,-6065.982422,-4.303675,2074.642502,1375.852417,4512.252441,307.415955,306.278412,320.486051,-16.344437,0.296900,3.353715,-60.230186,-20.067968,-19.974224,1375.801147,-0.061985,-0.001089,-0.000141,0.669744,0.668680,0.016115,83460.992188,0.968648,0.000000,0.000000,0.000000,0.000000,0.000000,0.000000,0.000000,0.000000,0.000000,-59.163788,4515.002441
14.554830,1.000000,-6056.894043,-4.273574,2071.327611,1372.537964,4501.340820,307.416382,306.281067,320.440018,-16.343555,0.294218,3.353088,-60.216328,-20.066371,-19.973232,1372.493164,-0.062007,-0.001105,-0.000136,0.669837,0.668795,0.015952,83460.992188,0.968547,0.000000,0.000000,0.000000,0.000000,0.000000,0.000000,0.000000,0.000000,0.000000,-59.150368,4504.050781
14.610116,1.000000,-6047.844238,-4.243635,2067.998970,1369.209961,4490.476563,307.416870,306.283905,320.394044,-16.342676,0.291543,3.352474,-60.202568,-20.064801,-19.972258,1369.199341,-0.062026,-0.001118,-0.000131,0.669936,0.668909,0.015784,83460.992188,0.968453,0.000000,0.000000,0.000000,0.000000,0.000000,0.000000,0.000000,0.000000,0.000000,-59.136925,4493.186523
14.660841,1.000000,-6039.456543,-4.215918,2064.945608,1366.156982,4480.408203,307.417236,306.285980,320.351273,-16.341877,0.289101,3.351923,-60.189846,-20.063364,-19.971369,1366.146484,-0.062041,-0.001131,-0.000127,0.670009,0.669011,0.015631,83460.992188,0.968362,0.000000,0.000000,0.000000,0.000000,0.000000,0.000000,0.000000,0.000000,0.000000,-59.124630,4483.117676
14.715753,1.000000,-6030.456055,-4.186211,2061.640934,1362.852783,4469.605469,307.417419,306.288422,320.305418,-16.341021,0.286463,3.351325,-60.176247,-20.061835,-19.970436,1362.870605,-0.062068,-0.001143,-0.000122,0.670094,0.669119,0.015475,83460.992188,0.968272,0.000000,0.000000,0.000000,0.000000,0.000000,0.000000,0.000000,0.000000,0.000000,-59.111366,4472.314941
14.766493,1.000000,-6022.106934,-4.158685,2058.588002,1359.800171,4459.584961,307.417664,306.290558,320.262884,-16.340237,0.284030,3.350777,-60.163662,-20.060425,-19.969580,1359.831665,-0.062091,-0.001155,-0.000118,0.670170,0.669217,0.015320,83460.992188,0.968198,0.000000,0.000000,0.000000,0.000000,0.000000,0.000000,0.000000,0.000000,0.000000,-59.099148,4462.308594
14.823224,1.000000,-6012.859375,-4.128231,2055.175356,1356.388062,4448.486816,307.417664,306.292938,320.215546,-16.339369,0.281318,3.350185,-60.149765,-20.058889,-19.968639,1356.465820,-0.062106,-0.001167,-0.000113,0.670253,0.669324,0.015149,83460.992188,0.968084,0.000000,0.000000,0.000000,0.000000,0.000000,0.000000,0.000000,0.000000,0.000000,-59.085537,4451.209961
14.875857,1.000000,-6004.063477,-4.099301,2052.009936,1353.223145,4437.931152,307.417725,306.295105,320.170491,-16.338573,0.278814,3.349638,-60.136593,-20.057444,-19.967762,1353.264404,-0.062121,-0.001181,-0.000108,0.670329,0.669419,0.014986,83460.992188,0.968006,0.000000,0.000000,0.000000,0.000000,0.000000,0.000000,0.000000,0.000000,0.000000,-59.072945,4440.654785
14.929132,1.000000,-5995.284668,-4.070463,2048.806596,1350.020264,4427.397461,307.417694,306.297363,320.125377,-16.337776,0.276286,3.349100,-60.123489,-20.056023,-19.966902,1350.069214,-0.062135,-0.001194,-0.000104,0.670408,0.669515,0.014831,83460.992188,0.967908,0.000000,0.000000,0.000000,0.000000,0.000000,0.000000,0.000000,0.000000,0.000000,-59.060253,4430.121094
14.983352,1.000000,-5986.428223,-4.041408,2045.547148,1346.761230,4416.771484,307.417633,306.299194,320.079789,-16.336966,0.273721,3.348562,-60.110298,-20.054601,-19.966045,1346.845703,-0.062152,-0.001208,-0.000099,0.670472,0.669610,0.014681,83460.992188,0.967811,0.000000,0.000000,0.000000,0.000000,0.000000,0.000000,0.000000,0.000000,0.000000,-59.047363,4419.427246
15.036375,1.000000,-5977.655762,-4.012667,2042.360353,1343.574829,4406.247070,307.417389,306.301300,320.034586,-16.336185,0.271219,3.348043,-60.097286,-20.053213,-19.965218,1343.652832,-0.062172,-0.001220,-0.000095,0.670545,0.669701,0.014537,83460.992188,0.967724,0.000000,0.000000,0.000000,0.000000,0.000000,0.000000,0.000000,0.000000,0.000000,-59.034813,4408.902832
15.089485,1.000000,-5968.943848,-3.984160,2039.169014,1340.384033,4395.795898,307.417084,306.303101,319.989590,-16.335411,0.268724,3.347530,-60.084400,-20.051850,-19.964399,1340.481934,-0.062184,-0.001233,-0.000090,0.670609,0.669789,0.014400,83460.992188,0.967646,0.000000,0.000000,0.000000,0.000000,0.000000,0.000000,0.000000,0.000000,0.000000,-59.022278,4398.451660
15.143197,1.000000,-5960.145508,-3.955411,2035.942198,1337.157471,4385.242188,307.416779,306.304810,319.944091,-16.334637,0.266205,3.347022,-60.071415,-20.050485,-19.963598,1337.279541,-0.062208,-0.001244,-0.000085,0.670669,0.669875,0.014254,83460.992188,0.967560,0.000000,0.000000,0.000000,0.000000,0.000000,0.000000,0.000000,0.000000,0.000000,-59.009636,4387.897949
15.197441,1.000000,-5951.257324,-3.926407,2032.684130,1333.899658,4374.581055,307.416229,306.306488,319.898028,-16.333860,0.263667,3.346516,-60.058346,-20.049127,-19.962788,1334.044556,-0.062218,-0.001259,-0.000081,0.670727,0.669960,0.014113,83460.992188,0.967469,0.000000,0.000000,0.000000,0.000000,0.000000,0.000000,0.000000,0.000000,0.000000,-58.996918,4377.318848
15.247878,1.000000,-5942.993164,-3.899477,2029.655360,1330.871338,4364.668945,307.415802,306.307953,319.855198,-16.333151,0.261314,3.346051,-60.046238,-20.047878,-19.962051,1331.036621,-0.062233,-0.001273,-0.000076,0.670779,0.670036,0.013989,83460.992188,0.967383,0.000000,0.000000,0.000000,0.000000,0.000000,0.000000,0.000000,0.000000,0.000000,-58.985138,4367.407227
15.297982,1.000000,-5934.710938,-3.872524,2026.647191,1327.863525,4354.736328,307.415222,306.309418,319.812160,-16.332449,0.258987,3.345602,-60.034142,-20.046643,-19.961323,1328.022217,-0.062243,-0.001288,-0.000072,0.670829,0.670110,0.013870,83460.992188,0.967300,0.000000,0.000000,0.000000,0.000000,0.000000,0.000000,0.000000,0.000000,0.000000,-58.973473,4357.474121
15.353775,1.000000,-5925.556641,-3.842774,2023.298171,1324.514893,4343.758301,307.414490,306.311279,319.764643,-16.331676,0.256401,3.345101,-60.020805,-20.045286,-19.960535,1324.690308,-0.062264,-0.001301,-0.000067,0.670895,0.670190,0.013736,83460.992188,0.967216,0.000000,0.000000,0.000000,0.000000,0.000000,0.000000,0.000000,0.000000,0.000000,-58.960522,4346.496582
15.408957,1.000000,-5916.492188,-3.813360,2019.986557,1321.203613,4332.889160,307.413757,306.312897,319.717453,-16.330917,0.253853,3.344616,-60.007633,-20.043959,-19.959764,1321.391113,-0.062279,-0.001317,-0.000063,0.670951,0.670267,0.013597,83460.992188,0.967131,0.000000,0.000000,0.000000,0.000000,0.000000,0.000000,0.000000,0.000000,0.000000,-58.947746,4335.658203
15.464096,1.000000,-5907.395508,-3.783886,2016.678248,1317.895508,4321.981934,307.413025,306.314758,319.669996,-16.330164,0.251308,3.344146,-59.994450,-20.042644,-19.959007,1318.080200,-0.062296,-0.001330,-0.000058,0.671017,0.670341,0.013463,83460.992188,0.967050,0.000000,0.000000,0.000000,0.000000,0.000000,0.000000,0.000000,0.000000,0.000000,-58.935020,4324.751465
15.519179,1.000000,-5898.341309,-3.754596,2013.374021,1314.591553,4311.126465,307.412170,306.316650,319.622717,-16.329418,0.248780,3.343684,-59.981369,-20.041350,-19.958267,1314.784668,-0.062315,-0.001344,-0.000053,0.671082,0.670415,0.013331,83460.992188,0.966965,0.000000,0.000000,0.000000,0.000000,0.000000,0.000000,0.000000,0.000000,0.000000,-58.922348,4313.895996
15.573818,1.000000,-5889.466797,-3.725929,2010.097136,1311.315063,4300.487305,307.411255,306.318298,319.576357,-16.328688,0.246281,3.343228,-59.968590,-20.040096,-19.957548,1311.554688,-0.062329,-0.001357,-0.000048,0.671140,0.670487,0.013200,83460.992188,0.966892,0.000000,0.000000,0.000000,0.000000,0.000000,0.000000,0.000000,0.000000,0.000000,-58.909821,4303.264160
15.626647,1.000000,-5880.710449,-3.697686,2006.929472,1308.147705,4289.990234,307.410278,306.320129,319.530561,-16.327990,0.243882,3.342793,-59.956009,-20.038869,-19.956852,1308.367554,-0.062344,-0.001369,-0.000043,0.671205,0.670556,0.013076,83460.992188,0.966814,0.000000,0.000000,0.000000,0.000000,0.000000,0.000000,0.000000,0.000000,0.000000,-58.897743,4292.767090
15.680028,1.000000,-5872.039063,-3.669760,2003.729377,1304.947754,4279.595703,307.409241,306.321594,319.485091,-16.327291,0.241467,3.342361,-59.943588,-20.037673,-19.956177,1305.211426,-0.062360,-0.001377,-0.000039,0.671255,0.670624,0.012943,83460.992188,0.966733,0.000000,0.000000,0.000000,0.000000,0.000000,0.000000,0.000000,0.000000,0.000000,-58.885574,4282.372559
15.736113,1.000000,-5862.900879,-3.640375,2000.367903,1301.586670,4268.642578,307.407837,306.323151,319.437071,-16.326565,0.238930,3.341919,-59.930538,-20.036429,-19.955475,1301.885498,-0.062372,-0.001389,-0.000034,0.671310,0.670694,0.012812,83460.992188,0.966657,0.000000,0.000000,0.000000,0.000000,0.000000,0.000000,0.000000,0.000000,0.000000,-58.872829,4271.419434
15.789312,1.000000,-5854.155762,-3.612299,1997.180083,1298.398926,4258.161133,307.406647,306.324585,319.391126,-16.325884,0.236536,3.341506,-59.918091,-20.035251,-19.954815,1298.702515,-0.062386,-0.001402,-0.000030,0.671360,0.670759,0.012698,83460.992188,0.966580,0.000000,0.000000,0.000000,0.000000,0.000000,0.000000,0.000000,0.000000,0.000000,-58.860790,4260.859863
15.841112,1.000000,-5845.611328,-3.584910,1994.076729,1295.295898,4247.920410,307.405609,306.325989,319.346101,-16.325228,0.234209,3.341109,-59.905952,-20.034115,-19.954176,1295.592529,-0.062394,-0.001414,-0.000025,0.671409,0.670820,0.012592,83460.992188,0.966502,0.000000,0.000000,0.000000,0.000000,0.000000,0.000000,0.000000,0.000000,0.000000,-58.849094,4250.619141
15.891668,1.000000,-5837.308594,-3.558338,1991.048504,1292.267822,4237.970703,307.404449,306.327362,319.302322,-16.324594,0.231950,3.340728,-59.894192,-20.033023,-19.953577,1292.570679,-0.062413,-0.001427,-0.000021,0.671458,0.670879,0.012488,83460.992188,0.966439,0.000000,0.000000,0.000000,0.000000,0.000000,0.000000,0.000000,0.000000,0.000000,-58.837704,4240.669434
15.947314,1.000000,-5828.170410,-3.529140,1987.716081,1288.935547,4227.020020,307.403137,306.328827,319.254094,-16.323904,0.229473,3.340314,-59.881279,-20.031832,-19.952917,1289.244629,-0.062424,-0.001438,-0.000016,0.671509,0.670942,0.012371,83460.992188,0.966359,0.000000,0.000000,0.000000,0.000000,0.000000,0.000000,0.000000,0.000000,0.000000,-58.825214,4229.718750
15.999431,1.000000,-5819.616699,-3.501856,1984.595646,1285.815430,4216.770996,307.401917,306.329956,319.208920,-16.323261,0.227158,3.339940,-59.869232,-20.030731,-19.952320,1286.131348,-0.062442,-0.001451,-0.000011,0.671549,0.670999,0.012260,83460.992188,0.966287,0.000000,0.000000,0.000000,0.000000,0.000000,0.000000,0.000000,0.000000,0.000000,-58.813549,4219.487305
16.055882,1.000000,-5810.438477,-3.472630,1981.216429,1282.436279,4205.773438,307.400391,306.328278,319.160366,-16.322578,0.224662,3.339532,-59.856342,-20.029566,-19.951677,1282.790649,-0.062449,-0.001464,-0.000006,0.671489,0.671061,0.012141,83460.992188,0.966232,0.000000,0.000000,0.000000,0.000000,0.000000,0.000000,0.000000,0.000000,0.000000,-58.800953,4208.489746
16.111883,1.000000,-5801.244141,-3.443407,1977.864868,1279.084961,4194.758301,307.398865,306.332275,319.111604,-16.321899,0.222190,3.339147,-59.843472,-20.028418,-19.951059,1279.444214,-0.062465,-0.001474,-0.000001,0.671630,0.671118,0.012035,83460.992188,0.966133,0.000000,0.000000,0.000000,0.000000,0.000000,0.000000,0.000000,0.000000,0.000000,-58.788502,4197.474609
16.163633,1.000000,-5792.758789,-3.416482,1974.768361,1275.988525,4184.591797,307.397308,306.333191,319.066549,-16.321281,0.219914,3.338791,-59.831619,-20.027370,-19.950485,1276.355835,-0.062471,-0.001486,0.000003,0.671662,0.671171,0.011944,83460.992188,0.966075,0.000000,0.000000,0.000000,0.000000,0.000000,0.000000,0.000000,0.000000,0.000000,-58.777027,4187.308594
16.215918,1.000000,-5784.195313,-3.389359,1971.640464,1272.860840,4174.333496,307.395752,306.334442,319.021109,-16.320663,0.217621,3.338438,-59.819683,-20.026317,-19.949926,1273.239014,-0.062489,-0.001498,0.000007,0.671705,0.671222,0.011853,83460.992188,0.966008,0.000000,0.000000,0.000000,0.000000,0.000000,0.000000,0.000000,0.000000,0.000000,-58.765461,4177.137207
16.266849,1.000000,-5775.861328,-3.363006,1968.594166,1269.814697,4164.350098,307.394104,306.335541,318.976796,-16.320059,0.215398,3.338110,-59.808105,-20.025310,-19.949385,1270.205688,-0.062497,-0.001511,0.000011,0.671744,0.671270,0.011757,83460.992188,0.965932,0.000000,0.000000,0.000000,0.000000,0.000000,0.000000,0.000000,0.000000,0.000000,-58.754230,4167.153809
16.318603,1.000000,-5767.355469,-3.336156,1965.499248,1266.719971,4154.161621,307.392395,306.336212,318.931504,-16.319456,0.213142,3.337772,-59.796307,-20.024291,-19.948849,1267.109741,-0.062512,-0.001523,0.000015,0.671767,0.671318,0.011661,83460.992188,0.965876,0.000000,0.000000,0.000000,0.000000,0.000000,0.000000,0.000000,0.000000,0.000000,-58.742836,4156.965332
16.370438,1.000000,-5758.822754,-3.309267,1962.400095,1263.620850,4143.941406,307.390778,306.337280,318.885975,-16.318855,0.210892,3.337448,-59.784500,-20.023282,-19.948313,1264.004150,-0.062520,-0.001537,0.000019,0.671805,0.671364,0.011569,83460.992188,0.965803,0.000000,0.000000,0.000000,0.000000,0.000000,0.000000,0.000000,0.000000,0.000000,-58.731457,4146.745117
16.420901,1.000000,-5750.582031,-3.283345,1959.383556,1260.604370,4134.071777,307.389160,306.338074,318.842077,-16.318274,0.208711,3.337131,-59.773113,-20.022309,-19.947813,1261.004761,-0.062541,-0.001548,0.000023,0.671833,0.671408,0.011475,83460.992188,0.965748,0.000000,0.000000,0.000000,0.000000,0.000000,0.000000,0.000000,0.000000,0.000000,-58.720402,4136.856934
16.473550,1.000000,-5741.937012,-3.256197,1956.236957,1257.457764,4123.717773,307.387238,306.338867,318.795984,-16.317680,0.206442,3.336800,-59.761215,-20.021304,-19.947289,1257.858154,-0.062549,-0.001563,0.000028,0.671860,0.671451,0.011364,83460.992188,0.965686,0.000000,0.000000,0.000000,0.000000,0.000000,0.000000,0.000000,0.000000,0.000000,-58.708912,4126.502930
16.525114,1.000000,-5733.559082,-3.229937,1953.155808,1254.376709,4113.684570,307.385406,306.339691,318.751226,-16.317101,0.204229,3.336489,-59.749706,-20.020342,-19.946791,1254.808838,-0.062560,-0.001575,0.000032,0.671889,0.671492,0.011263,83460.992188,0.965628,0.000000,0.000000,0.000000,0.000000,0.000000,0.000000,0.000000,0.000000,0.000000,-58.697681,4116.469727
16.578167,1.000000,-5724.908203,-3.202870,1949.986309,1251.207275,4103.325195,307.383392,306.340424,318.704896,-16.316507,0.201959,3.336181,-59.737854,-20.019365,-19.946291,1251.660278,-0.062571,-0.001588,0.000036,0.671915,0.671533,0.011154,83460.992188,0.965565,0.000000,0.000000,0.000000,0.000000,0.000000,0.000000,0.000000,0.000000,0.000000,-58.686161,4106.110352
16.634269,1.000000,-5715.665039,-3.174006,1946.635340,1247.856445,4092.257324,307.381317,306.341248,318.655451,-16.315887,0.199570,3.335850,-59.725216,-20.018325,-19.945766,1248.296021,-0.062586,-0.001601,0.000041,0.671944,0.671575,0.011041,83460.992188,0.965499,0.000000,0.000000,0.000000,0.000000,0.000000,0.000000,0.000000,0.000000,0.000000,-58.674007,4095.085938
16.684739,1.000000,-5707.433594,-3.148350,1943.621371,1244.842407,4082.401367,307.379395,306.341644,318.611346,-16.315334,0.197428,3.335565,-59.713997,-20.017414,-19.945305,1245.299927,-0.062595,-0.001613,0.000045,0.671958,0.671611,0.010939,83460.992188,0.965433,0.000000,0.000000,0.000000,0.000000,0.000000,0.000000,0.000000,0.000000,0.000000,-58.663109,4085.229980
16.740866,1.000000,-5698.242188,-3.119758,1940.270244,1241.491455,4071.396484,307.377319,306.342194,318.561991,-16.314732,0.195060,3.335244,-59.701485,-20.016407,-19.944803,1241.954590,-0.062610,-0.001622,0.000050,0.671976,0.671649,0.010830,83460.992188,0.965370,0.000000,0.000000,0.000000,0.000000,0.000000,0.000000,0.000000,0.000000,0.000000,-58.651009,4074.225098
16.790991,1.000000,-5690.059082,-3.094352,1937.278068,1238.499268,4061.599121,307.375336,306.342712,318.518004,-16.314196,0.192951,3.334971,-59.690392,-20.015528,-19.944361,1238.976196,-0.062615,-0.001633,0.000054,0.671995,0.671680,0.010732,83460.992188,0.965305,0.000000,0.000000,0.000000,0.000000,0.000000,0.000000,0.000000,0.000000,0.000000,-58.640244,4064.250000
16.842566,1.000000,-5681.567383,-3.068039,1934.199913,1235.421143,4051.432617,307.373199,306.343140,318.472356,-16.313656,0.190793,3.334684,-59.678890,-20.014618,-19.943907,1235.885498,-0.062622,-0.001645,0.000059,0.672010,0.671712,0.010639,83460.992188,0.965235,0.000000,0.000000,0.000000,0.000000,0.000000,0.000000,0.000000,0.000000,0.000000,-58.629185,4054.083496
16.893943,1.000000,-5673.239746,-3.042284,1931.134161,1232.355225,4041.463379,307.371124,306.343658,318.427598,-16.313118,0.188653,3.334410,-59.667645,-20.013735,-19.943476,1232.854492,-0.062635,-0.001651,0.000063,0.672028,0.671742,0.010545,83460.992188,0.965184,0.000000,0.000000,0.000000,0.000000,0.000000,0.000000,0.000000,0.000000,0.000000,-58.618206,4044.114258
16.945700,1.000000,-5664.727539,-3.016011,1928.046322,1229.267334,4031.273926,307.368866,306.344086,318.381713,-16.312576,0.186504,3.334146,-59.656178,-20.012849,-19.943045,1229.756226,-0.062645,-0.001663,0.000067,0.672043,0.671770,0.010446,83460.992188,0.965129,0.000000,0.000000,0.000000,0.000000,0.000000,0.000000,0.000000,0.000000,0.000000,-58.607174,4033.924805
17.001468,1.000000,-5655.562988,-2.987784,1924.719843,1225.940918,4020.303711,307.366425,306.344391,318.332209,-16.311998,0.184195,3.333868,-59.643860,-20.011909,-19.942587,1226.420654,-0.062652,-0.001674,0.000071,0.672054,0.671800,0.010347,83460.992188,0.965062,0.000000,0.000000,0.000000,0.000000,0.000000,0.000000,0.000000,0.000000,0.000000,-58.595310,4022.997559
17.051739,1.000000,-5647.328613,-2.962474,1921.721838,1222.942749,4010.447754,307.364258,306.344208,318.287748,-16.311487,0.182121,3.333619,-59.632816,-20.011071,-19.942188,1223.423584,-0.062664,-0.001686,0.000076,0.672047,0.671825,0.010257,83460.992188,0.965010,0.000000,0.000000,0.000000,0.000000,0.000000,0.000000,0.000000,0.000000,0.000000,-58.584652,4013.141357
17.105367,1.000000,-5638.602539,-2.935707,1918.524240,1219.745239,4000.003418,307.361877,306.345154,318.240617,-16.310944,0.179922,3.333362,-59.621151,-20.010195,-19.941767,1220.247559,-0.062671,-0.001695,0.000080,0.672081,0.671849,0.010172,83460.992188,0.964932,0.000000,0.000000,0.000000,0.000000,0.000000,0.000000,0.000000,0.000000,0.000000,-58.573311,4002.697021
17.158954,1.000000,-5629.909668,-2.909098,1915.329714,1216.550537,3989.599121,307.359375,306.345428,318.193604,-16.310411,0.177734,3.333106,-59.609558,-20.009335,-19.941351,1217.083618,-0.062674,-0.001706,0.000084,0.672090,0.671873,0.010084,83460.992188,0.964885,0.000000,0.000000,0.000000,0.000000,0.000000,0.000000,0.000000,0.000000,0.000000,-58.562012,3992.292725
17.214647,1.000000,-5620.861328,-2.881462,1912.010304,1213.230957,3978.770264,307.356842,306.345947,318.144605,-16.309855,0.175469,3.332855,-59.597515,-20.008449,-19.940937,1213.790283,-0.062685,-0.001718,0.000089,0.672108,0.671897,0.009992,83460.992188,0.964826,0.000000,0.000000,0.000000,0.000000,0.000000,0.000000,0.000000,0.000000,0.000000,-58.550297,3981.409912
17.266104,1.000000,-5612.367676,-2.855579,1908.943966,1210.164551,3968.605713,307.354309,306.346344,318.098512,-16.309351,0.173386,3.332625,-59.586231,-20.007630,-19.940556,1210.698853,-0.062694,-0.001729,0.000093,0.672122,0.671918,0.009916,83460.992188,0.964764,0.000000,0.000000,0.000000,0.000000,0.000000,0.000000,0.000000,0.000000,0.000000,-58.539494,3971.245605
17.317913,1.000000,-5603.914551,-2.829875,1905.857233,1207.077637,3958.489990,307.351807,306.346619,318.052686,-16.308840,0.171297,3.332405,-59.575031,-20.006822,-19.940180,1207.622192,-0.062702,-0.001741,0.000097,0.672131,0.671938,0.009841,83460.992188,0.964724,0.000000,0.000000,0.000000,0.000000,0.000000,0.000000,0.000000,0.000000,0.000000,-58.528652,3961.129883
17.370293,1.000000,-5595.369629,-2.803947,1902.737070,1203.957520,3948.264893,307.349121,306.346924,318.006297,-16.308334,0.169194,3.332170,-59.563725,-20.006012,-19.939808,1204.512085,-0.062712,-0.001752,0.000101,0.672143,0.671958,0.009767,83460.992188,0.964667,0.000000,0.000000,0.000000,0.000000,0.000000,0.000000,0.000000,0.000000,0.000000,-58.517696,3950.904785
17.421705,1.000000,-5586.938965,-2.778421,1899.675144,1200.895508,3938.177002,307.346558,306.347504,317.960531,-16.307838,0.167135,3.331958,-59.552597,-20.005222,-19.939449,1201.443481,-0.062721,-0.001764,0.000105,0.672162,0.671977,0.009681,83460.992188,0.964617,0.000000,0.000000,0.000000,0.000000,0.000000,0.000000,0.000000,0.000000,0.000000,-58.506985,3940.895264
17.472790,1.000000,-5578.618652,-2.753284,1896.633257,1197.853516,3928.221436,307.343903,306.347687,317.915209,-16.307352,0.165097,3.331752,-59.541634,-20.004456,-19.939102,1198.415161,-0.062727,-0.001773,0.000109,0.672169,0.671995,0.009603,83460.992188,0.964560,0.000000,0.000000,0.000000,0.000000,0.000000,0.000000,0.000000,0.000000,0.000000,-58.496357,3930.939941
17.523489,1.000000,-5570.345215,-2.728341,1893.614908,1194.834961,3918.322266,307.341339,306.348053,317.870243,-16.306875,0.163087,3.331544,-59.530762,-20.003698,-19.938757,1195.403931,-0.062730,-0.001786,0.000114,0.672182,0.672013,0.009526,83460.992188,0.964523,0.000000,0.000000,0.000000,0.000000,0.000000,0.000000,0.000000,0.000000,0.000000,-58.485836,3921.040771
17.574334,1.000000,-5562.055176,-2.703405,1890.588420,1191.808228,3908.404053,307.338745,306.348145,317.825070,-16.306400,0.161073,3.331344,-59.519886,-20.002951,-19.938429,1192.386597,-0.062741,-0.001796,0.000118,0.672185,0.672029,0.009447,83460.992188,0.964470,0.000000,0.000000,0.000000,0.000000,0.000000,0.000000,0.000000,0.000000,0.000000,-58.475307,3911.122559
17.624824,1.000000,-5553.798828,-2.678624,1887.583610,1188.803345,3898.526367,307.335938,306.348328,317.780075,-16.305929,0.159084,3.331151,-59.509071,-20.002212,-19.938105,1189.381470,-0.062750,-0.001809,0.000122,0.672191,0.672045,0.009371,83460.992188,0.964415,0.000000,0.000000,0.000000,0.000000,0.000000,0.000000,0.000000,0.000000,0.000000,-58.464870,3901.316895
17.680587,1.000000,-5544.712891,-2.651414,1884.265620,1185.485107,3887.656494,307.333008,306.348602,317.730541,-16.305414,0.156891,3.330946,-59.497204,-20.001410,-19.937754,1186.074463,-0.062756,-0.001821,0.000126,0.672202,0.672061,0.009278,83460.992188,0.964360,0.000000,0.000000,0.000000,0.000000,0.000000,0.000000,0.000000,0.000000,0.000000,-58.453381,3890.447021
17.736771,1.000000,-5535.515625,-2.623939,1880.923249,1182.142578,3876.654053,307.329956,306.348724,317.680385,-16.304901,0.154693,3.330740,-59.485210,-20.000604,-19.937408,1182.726929,-0.062765,-0.001835,0.000131,0.672205,0.672076,0.009182,83460.992188,0.964321,0.000000,0.000000,0.000000,0.000000,0.000000,0.000000,0.000000,0.000000,0.000000,-58.441830,3879.444580
17.788543,1.000000,-5527.083984,-2.598812,1877.843942,1179.062988,3866.568115,307.327087,306.348694,317.634352,-16.304428,0.152690,3.330560,-59.474243,-19.999877,-19.937105,1179.658081,-0.062777,-0.001845,0.000135,0.672205,0.672088,0.009091,83460.992188,0.964276,0.000000,0.000000,0.000000,0.000000,0.000000,0.000000,0.000000,0.000000,0.000000,-58.431210,3869.358643
17.844304,1.000000,-5518.065918,-2.572000,1874.528010,1175.746826,3855.781006,307.324219,306.348999,317.585115,-16.303921,0.150536,3.330376,-59.462540,-19.999108,-19.936779,1176.375732,-0.062784,-0.001855,0.000140,0.672215,0.672102,0.009000,83460.992188,0.964223,0.000000,0.000000,0.000000,0.000000,0.000000,0.000000,0.000000,0.000000,0.000000,-58.419804,3858.515625
17.894913,1.000000,-5509.807129,-2.547503,1871.519021,1172.737671,3845.902344,307.321411,306.348907,317.539942,-16.303469,0.148597,3.330200,-59.451828,-19.998410,-19.936489,1173.369873,-0.062792,-0.001865,0.000144,0.672211,0.672112,0.008912,83460.992188,0.964173,0.000000,0.000000,0.000000,0.000000,0.000000,0.000000,0.000000,0.000000,0.000000,-58.409454,3848.637207
17.945710,1.000000,-5501.496094,-2.522910,1868.499398,1169.717773,3835.961914,307.318573,306.348877,317.494442,-16.303019,0.146659,3.330040,-59.441078,-19.997719,-19.936207,1170.344849,-0.062801,-0.001874,0.000148,0.672211,0.672122,0.008828,83460.992188,0.964128,0.000000,0.000000,0.000000,0.000000,0.000000,0.000000,0.000000,0.000000,0.000000,-58.399101,3838.696533
17.998457,1.000000,-5492.850098,-2.497384,1865.364448,1166.582642,3825.620850,307.315521,306.348785,317.447104,-16.302553,0.144654,3.329873,-59.429920,-19.997008,-19.935913,1167.197998,-0.062804,-0.001888,0.000152,0.672208,0.672127,0.008734,83460.992188,0.964090,0.000000,0.000000,0.000000,0.000000,0.000000,0.000000,0.000000,0.000000,0.000000,-58.388374,3828.355469
18.050585,1.000000,-5484.774414,-2.473597,1862.266847,1163.484619,3815.962158,307.312378,306.348724,317.402880,-16.302094,0.142684,3.329711,-59.419506,-19.996346,-19.935644,1164.258667,-0.062811,-0.001888,0.000156,0.672206,0.672135,0.008643,83460.992188,0.964046,0.000000,0.000000,0.000000,0.000000,0.000000,0.000000,0.000000,0.000000,0.000000,-58.377785,3818.637939
18.102949,1.000000,-5475.820801,-2.447289,1859.155797,1160.373291,3805.254395,307.309265,306.348480,317.353761,-16.301638,0.140708,3.329560,-59.407990,-19.995627,-19.935366,1160.999878,-0.062824,-0.001905,0.000160,0.672196,0.672140,0.008553,83460.992188,0.964001,0.000000,0.000000,0.000000,0.000000,0.000000,0.000000,0.000000,0.000000,0.000000,-58.367180,3807.930420
18.153765,1.000000,-5467.558594,-2.423071,1856.137265,1157.354492,3795.373291,307.306213,306.348236,317.308351,-16.301201,0.138803,3.329413,-59.397381,-19.994974,-19.935101,1157.992676,-0.062823,-0.001914,0.000164,0.672188,0.672145,0.008470,83460.992188,0.963947,0.000000,0.000000,0.000000,0.000000,0.000000,0.000000,0.000000,0.000000,0.000000,-58.356903,3798.049316
18.207289,1.000000,-5458.803711,-2.397475,1852.958459,1154.175537,3784.904053,307.303040,306.347290,317.260330,-16.300747,0.136806,3.329257,-59.386162,-19.994282,-19.934839,1154.806152,-0.062837,-0.001927,0.000168,0.672155,0.672149,0.008378,83460.992188,0.963911,0.000000,0.000000,0.000000,0.000000,0.000000,0.000000,0.000000,0.000000,0.000000,-58.346107,3787.706299
18.257407,1.000000,-5450.584961,-2.373503,1849.982477,1151.199097,3775.075684,307.299988,306.347778,317.215187,-16.300322,0.134940,3.329117,-59.375645,-19.993641,-19.934587,1151.814697,-0.062838,-0.001937,0.000172,0.672172,0.672151,0.008284,83460.992188,0.963859,0.000000,0.000000,0.000000,0.000000,0.000000,0.000000,0.000000,0.000000,0.000000,-58.336014,3777.877686
18.311502,1.000000,-5441.901855,-2.348241,1846.770931,1147.987183,3764.692627,307.296661,306.347382,317.167522,-16.299875,0.132933,3.328963,-59.364555,-19.992969,-19.934336,1148.654297,-0.062848,-0.001947,0.000177,0.672159,0.672152,0.008182,83460.992188,0.963812,0.000000,0.000000,0.000000,0.000000,0.000000,0.000000,0.000000,0.000000,0.000000,-58.325142,3767.494873
18.363992,1.000000,-5433.421387,-2.323630,1843.655252,1144.871338,3754.552246,307.293335,306.347015,317.120836,-16.299446,0.130997,3.328821,-59.353752,-19.992329,-19.934095,1145.567749,-0.062852,-0.001957,0.000181,0.672145,0.672153,0.008084,83460.992188,0.963785,0.000000,0.000000,0.000000,0.000000,0.000000,0.000000,0.000000,0.000000,0.000000,-58.314621,3757.354492
18.417242,1.000000,-5424.670410,-2.298300,1840.495044,1141.710693,3744.088867,307.289978,306.346710,317.072696,-16.299017,0.129042,3.328679,-59.342636,-19.991676,-19.933851,1142.382568,-0.062855,-0.001969,0.000185,0.672135,0.672151,0.007993,83460.992188,0.963720,0.000000,0.000000,0.000000,0.000000,0.000000,0.000000,0.000000,0.000000,0.000000,-58.303982,3746.827393
18.469840,1.000000,-5416.149414,-2.273700,1837.374105,1138.589355,3733.900635,307.286530,306.346222,317.025773,-16.298594,0.127118,3.328549,-59.331825,-19.991046,-19.933620,1139.281250,-0.062860,-0.001981,0.000189,0.672118,0.672149,0.007908,83460.992188,0.963676,0.000000,0.000000,0.000000,0.000000,0.000000,0.000000,0.000000,0.000000,0.000000,-58.293491,3736.639160
18.522753,1.000000,-5407.545410,-2.248926,1834.235052,1135.449951,3723.614014,307.283295,306.345917,316.978346,-16.298174,0.125193,3.328416,-59.320934,-19.990421,-19.933401,1136.149658,-0.062869,-0.001989,0.000193,0.672107,0.672145,0.007818,83460.992188,0.963641,0.000000,0.000000,0.000000,0.000000,0.000000,0.000000,0.000000,0.000000,0.000000,-58.282955,3726.352539
18.575854,1.000000,-5398.885254,-2.224055,1831.085425,1132.300049,3713.260010,307.279877,306.345215,316.930622,-16.297756,0.123270,3.328287,-59.309994,-19.989797,-19.933172,1132.997559,-0.062869,-0.002000,0.000197,0.672082,0.672141,0.007736,83460.992188,0.963597,0.000000,0.000000,0.000000,0.000000,0.000000,0.000000,0.000000,0.000000,0.000000,-58.272411,3715.998535
18.627167,1.000000,-5390.448242,-2.199890,1828.042400,1129.256470,3703.173584,307.276642,306.344940,316.884114,-16.297359,0.121418,3.328169,-59.299355,-19.989197,-19.932968,1129.926758,-0.062881,-0.002012,0.000201,0.672072,0.672135,0.007663,83460.992188,0.963546,0.000000,0.000000,0.000000,0.000000,0.000000,0.000000,0.000000,0.000000,0.000000,-58.262249,3705.870361
18.677272,1.000000,-5382.310059,-2.176638,1825.071534,1126.285278,3693.444336,307.273346,306.344635,316.839207,-16.296980,0.119625,3.328046,-59.289116,-19.988627,-19.932766,1126.964722,-0.062880,-0.002020,0.000205,0.672062,0.672129,0.007580,83460.992188,0.963511,0.000000,0.000000,0.000000,0.000000,0.000000,0.000000,0.000000,0.000000,0.000000,-58.252338,3696.140869
18.733075,1.000000,-5373.214355,-2.150721,1821.763422,1122.976807,3682.571045,307.269562,306.344025,316.788992,-16.296556,0.117638,3.327920,-59.277683,-19.987995,-19.932552,1123.654175,-0.062887,-0.002027,0.000209,0.672041,0.672121,0.007490,83460.992188,0.963455,0.000000,0.000000,0.000000,0.000000,0.000000,0.000000,0.000000,0.000000,0.000000,-58.241329,3685.267578
18.783978,1.000000,-5365.020508,-2.127437,1818.746346,1119.959229,3672.776123,307.266144,306.343506,316.743759,-16.296179,0.115835,3.327802,-59.267414,-19.987434,-19.932365,1120.671875,-0.062892,-0.002034,0.000213,0.672023,0.672112,0.007411,83460.992188,0.963416,0.000000,0.000000,0.000000,0.000000,0.000000,0.000000,0.000000,0.000000,0.000000,-58.231304,3675.472656
18.835869,1.000000,-5356.525879,-2.103365,1815.671254,1116.883789,3662.622070,307.262543,306.342896,316.696777,-16.295797,0.114010,3.327698,-59.256790,-19.986865,-19.932180,1117.580078,-0.062898,-0.002042,0.000217,0.672002,0.672102,0.007332,83460.992188,0.963365,0.000000,0.000000,0.000000,0.000000,0.000000,0.000000,0.000000,0.000000,0.000000,-58.221115,3665.319092
18.891485,1.000000,-5347.409668,-2.077603,1812.376022,1113.587891,3651.725098,307.258575,306.342499,316.646383,-16.295391,0.112068,3.327584,-59.245411,-19.986259,-19.931982,1114.261963,-0.062902,-0.002050,0.000221,0.671988,0.672091,0.007256,83460.992188,0.963337,0.000000,0.000000,0.000000,0.000000,0.000000,0.000000,0.000000,0.000000,0.000000,-58.210220,3654.422119
18.942047,1.000000,-5339.216309,-2.054513,1809.380783,1110.592285,3641.931396,307.255188,306.342133,316.601061,-16.295031,0.110309,3.327477,-59.235203,-19.985722,-19.931805,1111.279907,-0.062902,-0.002058,0.000225,0.671975,0.672081,0.007189,83460.992188,0.963284,0.000000,0.000000,0.000000,0.000000,0.000000,0.000000,0.000000,0.000000,0.000000,-58.200333,3644.628418
18.998011,1.000000,-5330.099121,-2.028894,1806.066138,1107.277100,3631.034424,307.251434,306.342072,316.550638,-16.294630,0.108375,3.327368,-59.223869,-19.985132,-19.931623,1107.961426,-0.062910,-0.002064,0.000229,0.671972,0.672070,0.007110,83460.992188,0.963247,0.000000,0.000000,0.000000,0.000000,0.000000,0.000000,0.000000,0.000000,0.000000,-58.189415,3633.731445
19.059186,1.000000,-5321.027344,-2.003477,1802.443581,1103.654053,3620.191406,307.247223,306.341675,316.500393,-16.294195,0.106277,3.327252,-59.212589,-19.984548,-19.931438,1104.659668,-0.062912,-0.002059,0.000233,0.671959,0.672057,0.007022,83460.992188,0.963203,0.000000,0.000000,0.000000,0.000000,0.000000,0.000000,0.000000,0.000000,0.000000,-58.177483,3622.883301
19.110355,1.000000,-5311.818848,-1.977756,1799.414121,1100.624023,3609.185547,307.243683,306.341125,316.449317,-16.293844,0.104535,3.327152,-59.201176,-19.983970,-19.931263,1101.307983,-0.062914,-0.002077,0.000236,0.671939,0.672045,0.006944,83460.992188,0.963172,0.000000,0.000000,0.000000,0.000000,0.000000,0.000000,0.000000,0.000000,0.000000,-58.167538,3611.877441
19.161404,1.000000,-5303.598633,-1.954863,1796.392290,1097.601807,3599.361328,307.239899,306.340668,316.403729,-16.293495,0.102802,3.327065,-59.191017,-19.983463,-19.931112,1098.316040,-0.062918,-0.002080,0.000240,0.671924,0.672034,0.006885,83460.992188,0.963114,0.000000,0.000000,0.000000,0.000000,0.000000,0.000000,0.000000,0.000000,0.000000,-58.157642,3602.053223
19.212349,1.000000,-5295.237793,-1.931643,1793.377136,1094.586182,3589.369385,307.236359,306.340179,316.357369,-16.293150,0.101086,3.326973,-59.180683,-19.982947,-19.930965,1095.272949,-0.062927,-0.002086,0.000243,0.671906,0.672023,0.006823,83460.992188,0.963082,0.000000,0.000000,0.000000,0.000000,0.000000,0.000000,0.000000,0.000000,0.000000,-58.147778,3592.061279
19.263029,1.000000,-5287.049805,-1.908966,1790.378183,1091.586670,3579.583984,307.232758,306.339539,316.311899,-16.292810,0.099388,3.326892,-59.170597,-19.982455,-19.930819,1092.292847,-0.062924,-0.002093,0.000246,0.671884,0.672011,0.006759,83460.992188,0.963046,0.000000,0.000000,0.000000,0.000000,0.000000,0.000000,0.000000,0.000000,0.000000,-58.137989,3582.246094
19.319433,1.000000,-5277.980957,-1.883926,1787.041122,1088.249023,3568.746338,307.228790,306.339081,316.261535,-16.292431,0.097507,3.326806,-59.159443,-19.981916,-19.930670,1088.992065,-0.062931,-0.002100,0.000250,0.671867,0.671996,0.006693,83460.992188,0.963006,0.000000,0.000000,0.000000,0.000000,0.000000,0.000000,0.000000,0.000000,0.000000,-58.127117,3571.408691
19.371598,1.000000,-5269.476074,-1.860513,1783.955418,1085.162720,3558.582764,307.224945,306.338562,316.214226,-16.292089,0.095776,3.326732,-59.149006,-19.981423,-19.930525,1085.896484,-0.062925,-0.002105,0.000253,0.671850,0.671982,0.006632,83460.992188,0.962968,0.000000,0.000000,0.000000,0.000000,0.000000,0.000000,0.000000,0.000000,0.000000,-58.117085,3561.244873
19.422577,1.000000,-5261.157227,-1.837679,1780.940392,1082.147217,3548.641602,307.221222,306.337982,316.168015,-16.291759,0.094096,3.326653,-59.138813,-19.980941,-19.930391,1082.868652,-0.062927,-0.002112,0.000257,0.671829,0.671967,0.006583,83460.992188,0.962931,0.000000,0.000000,0.000000,0.000000,0.000000,0.000000,0.000000,0.000000,0.000000,-58.107304,3551.303955
19.472646,1.000000,-5253.024902,-1.815422,1777.979688,1079.185913,3538.924072,307.217499,306.337555,316.122842,-16.291437,0.092457,3.326581,-59.128864,-19.980474,-19.930271,1079.908691,-0.062934,-0.002118,0.000260,0.671814,0.671953,0.006530,83460.992188,0.962899,0.000000,0.000000,0.000000,0.000000,0.000000,0.000000,0.000000,0.000000,0.000000,-58.097713,3541.581299
19.522794,1.000000,-5244.873535,-1.793176,1775.014812,1076.220459,3529.183838,307.213898,306.336853,316.077461,-16.291113,0.090820,3.326524,-59.118908,-19.980017,-19.930149,1076.941895,-0.062933,-0.002123,0.000263,0.671790,0.671939,0.006478,83460.992188,0.962858,0.000000,0.000000,0.000000,0.000000,0.000000,0.000000,0.000000,0.000000,0.000000,-58.088123,3531.841064
19.573272,1.000000,-5236.712891,-1.770969,1772.030928,1073.235840,3519.432861,307.210327,306.336029,316.032050,-16.290794,0.089185,3.326457,-59.108952,-19.979562,-19.930033,1073.971680,-0.062936,-0.002127,0.000266,0.671761,0.671923,0.006422,83460.992188,0.962840,0.000000,0.000000,0.000000,0.000000,0.000000,0.000000,0.000000,0.000000,0.000000,-58.078480,3522.089844
19.624817,1.000000,-5228.300293,-1.748147,1768.984492,1070.188965,3509.381348,307.206543,306.335327,315.985157,-16.290466,0.087531,3.326395,-59.098705,-19.979103,-19.929926,1070.909668,-0.062944,-0.002133,0.000269,0.671736,0.671906,0.006368,83460.992188,0.962792,0.000000,0.000000,0.000000,0.000000,0.000000,0.000000,0.000000,0.000000,0.000000,-58.068645,3512.038574
19.679574,1.000000,-5219.397949,-1.724069,1765.748792,1066.952637,3498.744141,307.202576,306.334686,315.935653,-16.290127,0.085784,3.326329,-59.087875,-19.978613,-19.929800,1067.669556,-0.062943,-0.002139,0.000272,0.671714,0.671888,0.006306,83460.992188,0.962759,0.000000,0.000000,0.000000,0.000000,0.000000,0.000000,0.000000,0.000000,0.000000,-58.058224,3501.429199
19.735581,1.000000,-5210.333984,-1.699638,1762.439839,1063.642944,3487.915039,307.198273,306.333862,315.885111,-16.289780,0.084005,3.326268,-59.076859,-19.978126,-19.929695,1064.370483,-0.062954,-0.002145,0.000276,0.671685,0.671868,0.006238,83460.992188,0.962720,0.000000,0.000000,0.000000,0.000000,0.000000,0.000000,0.000000,0.000000,0.000000,-58.047573,3490.600098
19.791840,1.000000,-5201.248047,-1.675227,1759.116620,1060.318970,3477.059082,307.193970,306.332825,315.834451,-16.289438,0.082229,3.326208,-59.065857,-19.977651,-19.929579,1061.063477,-0.062949,-0.002151,0.000279,0.671648,0.671847,0.006174,83460.992188,0.962680,0.000000,0.000000,0.000000,0.000000,0.000000,0.000000,0.000000,0.000000,0.000000,-58.036915,3479.744141
19.842828,1.000000,-5192.958496,-1.653029,1756.105295,1057.307129,3467.155518,307.190155,306.332214,315.788299,-16.289127,0.080632,3.326160,-59.055832,-19.977216,-19.929483,1058.046387,-0.062953,-0.002157,0.000282,0.671628,0.671827,0.006114,83460.992188,0.962651,0.000000,0.000000,0.000000,0.000000,0.000000,0.000000,0.000000,0.000000,0.000000,-58.027279,3469.780273
19.893224,1.000000,-5184.750977,-1.631119,1753.129434,1054.330566,3457.350098,307.186310,306.331390,315.742591,-16.288830,0.079060,3.326105,-59.045921,-19.976792,-19.929394,1055.059082,-0.062958,-0.002162,0.000285,0.671598,0.671806,0.006052,83460.992188,0.962624,0.000000,0.000000,0.000000,0.000000,0.000000,0.000000,0.000000,0.000000,0.000000,-58.017757,3459.974854
19.944255,1.000000,-5176.469238,-1.609079,1750.116583,1051.317017,3447.456299,307.182373,306.330475,315.696380,-16.288528,0.077478,3.326067,-59.035938,-19.976374,-19.929310,1052.044800,-0.062962,-0.002169,0.000288,0.671567,0.671785,0.005989,83460.992188,0.962588,0.000000,0.000000,0.000000,0.000000,0.000000,0.000000,0.000000,0.000000,0.000000,-58.008144,3450.081055
19.995700,1.000000,-5168.147461,-1.587003,1747.079804,1048.279541,3437.514160,307.178406,306.329468,315.649813,-16.288225,0.075894,3.326027,-59.025913,-19.975963,-19.929216,1049.015869,-0.062952,-0.002176,0.000291,0.671532,0.671762,0.005932,83460.992188,0.962544,0.000000,0.000000,0.000000,0.000000,0.000000,0.000000,0.000000,0.000000,0.000000,-57.998455,3440.138916
20.050282,1.000000,-5159.265137,-1.563519,1743.858413,1045.057373,3426.903076,307.174133,306.328827,315.600279,-16.287907,0.074222,3.325984,-59.015232,-19.975521,-19.929131,1045.782959,-0.062958,-0.002183,0.000294,0.671508,0.671737,0.005878,83460.992188,0.962529,0.000000,0.000000,0.000000,0.000000,0.000000,0.000000,0.000000,0.000000,0.000000,-57.988201,3429.478760
20.103039,1.000000,-5150.793457,-1.541197,1740.745284,1041.943359,3416.783203,307.169952,306.327789,315.552911,-16.287603,0.072616,3.325952,-59.005077,-19.975117,-19.929056,1042.699585,-0.062959,-0.002188,0.000298,0.671473,0.671712,0.005826,83460.992188,0.962481,0.000000,0.000000,0.000000,0.000000,0.000000,0.000000,0.000000,0.000000,0.000000,-57.978321,3419.358643
20.154918,1.000000,-5142.412109,-1.519183,1737.684491,1038.881836,3406.770996,307.165985,306.326752,315.506196,-16.287310,0.071053,3.325913,-58.995037,-19.974710,-19.928980,1039.648926,-0.062963,-0.002193,0.000301,0.671437,0.671686,0.005775,83460.992188,0.962456,0.000000,0.000000,0.000000,0.000000,0.000000,0.000000,0.000000,0.000000,0.000000,-57.968616,3409.346436
20.205419,1.000000,-5134.229492,-1.497762,1734.705499,1035.902100,3396.996582,307.161926,306.325867,315.460370,-16.287029,0.069537,3.325887,-58.985256,-19.974332,-19.928913,1036.670776,-0.062960,-0.002200,0.000304,0.671405,0.671661,0.005725,83460.992188,0.962417,0.000000,0.000000,0.000000,0.000000,0.000000,0.000000,0.000000,0.000000,0.000000,-57.959187,3399.572021
20.260410,1.000000,-5125.187012,-1.474169,1731.462209,1032.657959,3386.194824,307.157562,306.324799,315.409887,-16.286713,0.067891,3.325866,-58.974461,-19.973909,-19.928839,1033.379517,-0.062961,-0.002209,0.000307,0.671368,0.671632,0.005674,83460.992188,0.962384,0.000000,0.000000,0.000000,0.000000,0.000000,0.000000,0.000000,0.000000,0.000000,-57.948940,3388.808105
20.316347,1.000000,-5116.200684,-1.450808,1728.163724,1029.358521,3375.461182,307.153168,306.323608,315.359672,-16.286400,0.066228,3.325848,-58.963760,-19.973500,-19.928776,1030.108765,-0.062965,-0.002216,0.000310,0.671327,0.671602,0.005626,83460.992188,0.962354,0.000000,0.000000,0.000000,0.000000,0.000000,0.000000,0.000000,0.000000,0.000000,-57.938541,3378.074219
20.366954,1.000000,-5108.044434,-1.429677,1725.180057,1026.374023,3365.718994,307.149109,306.322510,315.314053,-16.286121,0.064737,3.325822,-58.954048,-19.973131,-19.928720,1027.140137,-0.062968,-0.002221,0.000313,0.671288,0.671574,0.005572,83460.992188,0.962330,0.000000,0.000000,0.000000,0.000000,0.000000,0.000000,0.000000,0.000000,0.000000,-57.929134,3368.332031
20.421610,1.000000,-5099.109375,-1.406607,1721.958225,1023.151367,3355.046387,307.144684,306.321625,315.264075,-16.285818,0.063137,3.325810,-58.943428,-19.972733,-19.928659,1023.888062,-0.062967,-0.002227,0.000317,0.671257,0.671543,0.005516,83460.992188,0.962290,0.000000,0.000000,0.000000,0.000000,0.000000,0.000000,0.000000,0.000000,0.000000,-57.918995,3357.659668
20.475424,1.000000,-5090.412109,-1.384231,1718.786588,1019.978882,3344.658447,307.140411,306.320465,315.215372,-16.285521,0.061570,3.325804,-58.933105,-19.972353,-19.928608,1020.722534,-0.062969,-0.002235,0.000320,0.671216,0.671512,0.005464,83460.992188,0.962270,0.000000,0.000000,0.000000,0.000000,0.000000,0.000000,0.000000,0.000000,0.000000,-57.909031,3347.364502
20.529252,1.000000,-5081.677246,-1.361839,1715.614682,1016.806030,3334.225342,307.135986,306.319244,315.166432,-16.285234,0.060014,3.325791,-58.922745,-19.971975,-19.928555,1017.543274,-0.062967,-0.002243,0.000323,0.671174,0.671480,0.005418,83460.992188,0.962235,0.000000,0.000000,0.000000,0.000000,0.000000,0.000000,0.000000,0.000000,0.000000,-57.899075,3336.931641
20.584737,1.000000,-5072.784668,-1.339128,1712.345716,1013.536133,3323.604492,307.131409,306.318085,315.116602,-16.284943,0.058418,3.325782,-58.912224,-19.971599,-19.928509,1014.306641,-0.062969,-0.002247,0.000327,0.671133,0.671445,0.005376,83460.992188,0.962199,0.000000,0.000000,0.000000,0.000000,0.000000,0.000000,0.000000,0.000000,0.000000,-57.888836,3326.310791
20.638273,1.000000,-5064.216797,-1.317325,1709.192137,1010.381653,3313.371338,307.127075,306.316986,315.068581,-16.284662,0.056895,3.325772,-58.902088,-19.971237,-19.928467,1011.188232,-0.062972,-0.002252,0.000330,0.671095,0.671412,0.005327,83460.992188,0.962181,0.000000,0.000000,0.000000,0.000000,0.000000,0.000000,0.000000,0.000000,0.000000,-57.878963,3316.077637
20.689840,1.000000,-5055.769043,-1.295903,1706.155061,1007.343628,3303.282227,307.122833,306.316254,315.021243,-16.284399,0.055435,3.325763,-58.892128,-19.970891,-19.928429,1008.113464,-0.062971,-0.002259,0.000333,0.671069,0.671380,0.005279,83460.992188,0.962158,0.000000,0.000000,0.000000,0.000000,0.000000,0.000000,0.000000,0.000000,0.000000,-57.869488,3305.871582
20.742470,1.000000,-5047.252930,-1.274384,1703.055902,1004.243591,3293.111328,307.118469,306.315430,314.973519,-16.284126,0.053956,3.325767,-58.882103,-19.970546,-19.928392,1005.013855,-0.062969,-0.002263,0.000336,0.671040,0.671347,0.005230,83460.992188,0.962131,0.000000,0.000000,0.000000,0.000000,0.000000,0.000000,0.000000,0.000000,0.000000,-57.859829,3295.700684
20.794952,1.000000,-5038.779297,-1.253051,1699.965987,1001.152710,3282.991699,307.114136,306.314301,314.926002,-16.283857,0.052489,3.325770,-58.872128,-19.970205,-19.928362,1001.929749,-0.062972,-0.002271,0.000339,0.671001,0.671314,0.005186,83460.992188,0.962094,0.000000,0.000000,0.000000,0.000000,0.000000,0.000000,0.000000,0.000000,0.000000,-57.850208,3285.581055
20.845468,1.000000,-5030.562500,-1.232438,1696.992311,998.178162,3273.178955,307.109894,306.313293,314.879969,-16.283604,0.051082,3.325771,-58.862484,-19.969880,-19.928337,998.939026,-0.062975,-0.002274,0.000342,0.670965,0.671283,0.005143,83460.992188,0.962080,0.000000,0.000000,0.000000,0.000000,0.000000,0.000000,0.000000,0.000000,0.000000,-57.840969,3275.768311
20.901520,1.000000,-5021.567871,-1.209956,1693.693320,994.878235,3262.437500,307.105286,306.312775,314.829546,-16.283319,0.049534,3.325780,-58.851936,-19.969530,-19.928312,995.665283,-0.062976,-0.002280,0.000346,0.670947,0.671249,0.005090,83460.992188,0.962055,0.000000,0.000000,0.000000,0.000000,0.000000,0.000000,0.000000,0.000000,0.000000,-57.830730,3265.025391
20.952364,1.000000,-5013.323242,-1.189426,1690.701365,991.885315,3252.591797,307.101227,306.311554,314.783305,-16.283066,0.048138,3.325787,-58.842266,-19.969209,-19.928293,992.664490,-0.062980,-0.002286,0.000349,0.670904,0.671218,0.005040,83460.992188,0.962030,0.000000,0.000000,0.000000,0.000000,0.000000,0.000000,0.000000,0.000000,0.000000,-57.821445,3255.179688
21.003180,1.000000,-5005.059570,-1.168922,1687.711547,988.894470,3242.722900,307.096924,306.310730,314.736945,-16.282816,0.046753,3.325795,-58.832592,-19.968894,-19.928267,989.656738,-0.062974,-0.002293,0.000352,0.670875,0.671186,0.004987,83460.992188,0.961998,0.000000,0.000000,0.000000,0.000000,0.000000,0.000000,0.000000,0.000000,0.000000,-57.812180,3245.311035
21.055588,1.000000,-4996.927246,-1.148818,1684.628574,985.810547,3233.011963,307.092468,306.309631,314.691267,-16.282562,0.045337,3.325807,-58.823090,-19.968593,-19.928259,986.696838,-0.062979,-0.002294,0.000355,0.670837,0.671153,0.004938,83460.992188,0.961982,0.000000,0.000000,0.000000,0.000000,0.000000,0.000000,0.000000,0.000000,0.000000,-57.802643,3235.634766
21.107400,1.000000,-4988.217773,-1.127368,1681.581171,982.762146,3222.611328,307.088196,306.308655,314.642416,-16.282312,0.043950,3.325816,-58.812920,-19.968268,-19.928240,983.526855,-0.062977,-0.002303,0.000358,0.670803,0.671120,0.004890,83460.992188,0.961962,0.000000,0.000000,0.000000,0.000000,0.000000,0.000000,0.000000,0.000000,0.000000,-57.793228,3225.234131
21.159058,1.000000,-4979.993164,-1.107188,1678.543329,979.723328,3212.790039,307.083862,306.307495,314.596205,-16.282070,0.042574,3.325831,-58.803337,-19.967972,-19.928230,980.533325,-0.062975,-0.002307,0.000361,0.670763,0.671087,0.004843,83460.992188,0.961934,0.000000,0.000000,0.000000,0.000000,0.000000,0.000000,0.000000,0.000000,0.000000,-57.783867,3215.413086
21.211376,1.000000,-4971.454590,-1.086318,1675.467187,976.646118,3202.594482,307.079407,306.306488,314.548273,-16.281826,0.041188,3.325848,-58.793396,-19.967665,-19.928228,977.425537,-0.062981,-0.002316,0.000364,0.670727,0.671053,0.004799,83460.992188,0.961906,0.000000,0.000000,0.000000,0.000000,0.000000,0.000000,0.000000,0.000000,0.000000,-57.774391,3205.217285
21.262702,1.000000,-4963.130859,-1.066052,1672.449870,973.627808,3192.655273,307.075012,306.305450,314.501528,-16.281591,0.039837,3.325865,-58.783733,-19.967376,-19.928223,974.395935,-0.062977,-0.002321,0.000367,0.670690,0.671019,0.004757,83460.992188,0.961877,0.000000,0.000000,0.000000,0.000000,0.000000,0.000000,0.000000,0.000000,0.000000,-57.765121,3195.304443
21.313803,1.000000,-4954.887207,-1.046056,1669.446271,970.623230,3182.812012,307.070618,306.304077,314.455139,-16.281353,0.038506,3.325893,-58.774162,-19.967094,-19.928223,971.395508,-0.062976,-0.002328,0.000370,0.670643,0.670985,0.004716,83460.992188,0.961853,0.000000,0.000000,0.000000,0.000000,0.000000,0.000000,0.000000,0.000000,0.000000,-57.755898,3185.461182
21.365739,1.000000,-4946.581543,-1.025986,1666.394094,967.569946,3172.894287,307.066132,306.303009,314.408453,-16.281118,0.037160,3.325914,-58.764530,-19.966810,-19.928221,968.372498,-0.062974,-0.002333,0.000373,0.670605,0.670950,0.004678,83460.992188,0.961831,0.000000,0.000000,0.000000,0.000000,0.000000,0.000000,0.000000,0.000000,0.000000,-57.746529,3175.543701
21.418893,1.000000,-4937.955566,-1.005224,1663.270860,964.445679,3162.594727,307.061493,306.301880,314.359928,-16.280867,0.035794,3.325958,-58.754539,-19.966522,-19.928225,965.232910,-0.062975,-0.002339,0.000377,0.670566,0.670912,0.004650,83460.992188,0.961815,0.000000,0.000000,0.000000,0.000000,0.000000,0.000000,0.000000,0.000000,0.000000,-57.736961,3165.243896
21.470151,1.000000,-4929.697266,-0.985425,1660.259531,961.433289,3152.734131,307.057007,306.300568,314.313509,-16.280638,0.034480,3.325980,-58.744984,-19.966247,-19.928230,962.227112,-0.062976,-0.002343,0.000380,0.670520,0.670877,0.004612,83460.992188,0.961786,0.000000,0.000000,0.000000,0.000000,0.000000,0.000000,0.000000,0.000000,0.000000,-57.727737,3155.336426
21.521404,1.000000,-4921.418945,-0.965654,1657.248987,958.421753,3142.850098,307.052612,306.299316,314.266912,-16.280411,0.033176,3.326008,-58.735413,-19.965977,-19.928242,959.214050,-0.062978,-0.002347,0.000383,0.670476,0.670840,0.004573,83460.992188,0.961767,0.000000,0.000000,0.000000,0.000000,0.000000,0.000000,0.000000,0.000000,0.000000,-57.718529,3145.452148
21.572711,1.000000,-4913.157715,-0.946000,1654.235761,955.407349,3132.986084,307.048279,306.298065,314.220493,-16.280190,0.031881,3.326029,-58.725868,-19.965705,-19.928249,956.207214,-0.062977,-0.002352,0.000386,0.670432,0.670803,0.004523,83460.992188,0.961753,0.000000,0.000000,0.000000,0.000000,0.000000,0.000000,0.000000,0.000000,0.000000,-57.709320,3135.588135
21.624680,1.000000,-4904.726074,-0.926020,1651.184157,952.354736,3122.919678,307.043701,306.297058,314.173095,-16.279968,0.030582,3.326057,-58.716152,-19.965436,-19.928270,953.138367,-0.062982,-0.002359,0.000389,0.670397,0.670764,0.004471,83460.992188,0.961717,0.000000,0.000000,0.000000,0.000000,0.000000,0.000000,0.000000,0.000000,0.000000,-57.700020,3125.521729
21.675138,1.000000,-4896.606445,-0.906853,1648.221757,949.391296,3113.225098,307.039368,306.295624,314.127388,-16.279753,0.029333,3.326090,-58.706795,-19.965181,-19.928282,950.183044,-0.062978,-0.002361,0.000391,0.670347,0.670727,0.004422,83460.992188,0.961698,0.000000,0.000000,0.000000,0.000000,0.000000,0.000000,0.000000,0.000000,0.000000,-57.690987,3115.867676
21.725159,1.000000,-4888.450195,-0.887677,1645.285481,946.453918,3103.487305,307.035126,306.294556,314.081473,-16.279543,0.028102,3.326121,-58.697418,-19.964932,-19.928305,947.214417,-0.062980,-0.002367,0.000394,0.670310,0.670689,0.004381,83460.992188,0.961673,0.000000,0.000000,0.000000,0.000000,0.000000,0.000000,0.000000,0.000000,0.000000,-57.682056,3106.130127
21.780315,1.000000,-4879.638672,-0.867042,1642.048312,943.215515,3092.967041,307.030365,306.292969,314.031851,-16.279316,0.026754,3.326155,-58.687290,-19.964664,-19.928324,944.007263,-0.062976,-0.002370,0.000397,0.670254,0.670647,0.004332,83460.992188,0.961655,0.000000,0.000000,0.000000,0.000000,0.000000,0.000000,0.000000,0.000000,0.000000,-57.672215,3095.609619
21.832744,1.000000,-4871.136719,-0.847217,1638.971718,940.137695,3082.816650,307.025818,306.291656,313.984008,-16.279091,0.025487,3.326200,-58.677532,-19.964408,-19.928347,940.912842,-0.062976,-0.002374,0.000400,0.670208,0.670605,0.004288,83460.992188,0.961624,0.000000,0.000000,0.000000,0.000000,0.000000,0.000000,0.000000,0.000000,0.000000,-57.662876,3085.459229
21.882844,1.000000,-4863.078125,-0.828503,1636.032267,937.197144,3073.195801,307.021271,306.290436,313.938686,-16.278885,0.024284,3.326230,-58.668289,-19.964166,-19.928375,937.979736,-0.062981,-0.002377,0.000403,0.670166,0.670565,0.004243,83460.992188,0.961610,0.000000,0.000000,0.000000,0.000000,0.000000,0.000000,0.000000,0.000000,0.000000,-57.653954,3075.740723
21.933002,1.000000,-4854.981445,-0.809775,1633.089877,934.253601,3063.529297,307.016846,306.289063,313.893098,-16.278687,0.023087,3.326263,-58.659019,-19.963930,-19.928400,935.032776,-0.062976,-0.002380,0.000406,0.670118,0.670525,0.004188,83460.992188,0.961590,0.000000,0.000000,0.000000,0.000000,0.000000,0.000000,0.000000,0.000000,0.000000,-57.645042,3066.074219
21.983070,1.000000,-4846.919434,-0.791201,1630.153229,931.315857,3053.904785,307.012329,306.287720,313.847687,-16.278481,0.021900,3.326312,-58.649799,-19.963700,-19.928434,932.098450,-0.062978,-0.002383,0.000408,0.670070,0.670484,0.004138,83460.992188,0.961563,0.000000,0.000000,0.000000,0.000000,0.000000,0.000000,0.000000,0.000000,0.000000,-57.636162,3056.449707
22.038352,1.000000,-4838.112305,-0.770996,1626.911302,928.072632,3043.390625,307.007416,306.285980,313.798094,-16.278250,0.020610,3.326372,-58.639751,-19.963456,-19.928469,928.892883,-0.062975,-0.002385,0.000411,0.670010,0.670437,0.004088,83460.992188,0.961537,0.000000,0.000000,0.000000,0.000000,0.000000,0.000000,0.000000,0.000000,0.000000,-57.626381,3045.935547
22.090110,1.000000,-4829.682617,-0.751741,1623.876541,925.036804,3033.327148,307.002930,306.284729,313.750548,-16.278038,0.019409,3.326433,-58.630150,-19.963231,-19.928503,925.824768,-0.062969,-0.002389,0.000414,0.669965,0.670392,0.004055,83460.992188,0.961511,0.000000,0.000000,0.000000,0.000000,0.000000,0.000000,0.000000,0.000000,0.000000,-57.617241,3035.935547
22.141024,1.000000,-4821.458008,-0.733033,1620.891746,922.050781,3023.509033,306.998444,306.283051,313.704159,-16.277842,0.018239,3.326483,-58.620796,-19.963016,-19.928543,922.831238,-0.062968,-0.002393,0.000416,0.669907,0.670349,0.004030,83460.992188,0.961485,0.000000,0.000000,0.000000,0.000000,0.000000,0.000000,0.000000,0.000000,0.000000,-57.608261,3026.117432
22.191569,1.000000,-4813.311035,-0.714579,1617.929054,919.086914,3013.783203,306.993927,306.281708,313.658274,-16.277641,0.017090,3.326540,-58.611530,-19.962799,-19.928581,919.865967,-0.062967,-0.002395,0.000419,0.669860,0.670304,0.003995,83460.992188,0.961472,0.000000,0.000000,0.000000,0.000000,0.000000,0.000000,0.000000,0.000000,0.000000,-57.599350,3016.391602
22.242364,1.000000,-4805.155273,-0.696184,1614.952178,916.108765,3004.046875,306.989258,306.280334,313.612240,-16.277443,0.015947,3.326604,-58.602280,-19.962596,-19.928617,916.897522,-0.062958,-0.002398,0.000421,0.669812,0.670259,0.003973,83460.992188,0.961440,0.000000,0.000000,0.000000,0.000000,0.000000,0.000000,0.000000,0.000000,0.000000,-57.590416,3006.655273
22.293374,1.000000,-4796.981934,-0.677829,1611.963177,913.118591,2994.290283,306.984711,306.278687,313.566148,-16.277248,0.014807,3.326665,-58.593006,-19.962388,-19.928665,913.922668,-0.062958,-0.002401,0.000424,0.653437,0.669793,0.003923,83460.992188,0.961412,0.000000,0.000000,0.000000,0.000000,0.000000,0.000000,0.000000,0.000000,0.000000,-57.581455,2996.838135
22.344096,1.000000,-4788.750488,-0.659423,1608.991520,910.146301,2984.463867,306.980164,306.277649,313.519936,-16.277060,0.013679,3.326730,-58.583748,-19.962193,-19.928705,910.926697,-0.062895,-0.002404,0.000426,0.628076,0.667117,0.003472,83460.992188,0.961252,0.000000,0.000000,0.000000,0.000000,0.000000,0.000000,0.000000,0.000000,0.000000,-57.572632,2987.011719
22.396259,1.000000,-4780.397461,-0.640826,1605.935919,907.089783,2974.492676,306.975403,306.277344,313.473666,-16.276911,0.012533,3.326797,-58.574581,-19.962029,-19.928755,907.886414,-0.062720,-0.002407,0.000429,0.601994,0.662081,0.002186,83460.992188,0.960792,0.000000,0.000000,0.000000,0.000000,0.000000,0.000000,0.000000,0.000000,0.000000,-57.563820,2977.040527
22.447860,1.000000,-4772.049316,-0.622323,1602.913695,904.066711,2964.527344,306.970703,306.278198,313.428314,-16.276852,0.011404,3.326881,-58.565903,-19.961965,-19.928802,904.847961,-0.062375,-0.002410,0.000431,0.576194,0.655040,-0.000004,83460.992188,0.959920,0.000000,0.000000,0.000000,0.000000,0.000000,0.000000,0.000000,0.000000,0.000000,-57.555611,2967.075195
22.501176,1.000000,-4763.542480,-0.603553,1599.791469,900.943604,2954.372803,306.965668,306.280487,313.383378,-16.276932,0.010247,3.326999,-58.557827,-19.962066,-19.928856,901.751709,-0.061823,-0.002412,0.000434,0.549536,0.645832,-0.003134,83460.992188,0.958591,0.000000,0.000000,0.000000,0.000000,0.000000,0.000000,0.000000,0.000000,0.000000,-57.547932,2956.930176
22.552977,1.000000,-4755.181641,-0.585187,1596.758344,897.909546,2944.391846,306.961029,306.284637,313.340667,-16.277189,0.009134,3.327187,-58.550919,-19.962403,-19.928898,898.708618,-0.061066,-0.002415,0.000436,0.523635,0.635186,-0.006792,83460.992188,0.956820,0.000000,0.000000,0.000000,0.000000,0.000000,0.000000,0.000000,0.000000,0.000000,-57.541538,2946.949463
22.604460,1.000000,-4746.853027,-0.566975,1593.744149,894.894470,2934.449463,306.956451,306.290894,313.299765,-16.277637,0.008040,3.327498,-58.545334,-19.963049,-19.928942,895.677246,-0.060099,-0.002413,0.000438,0.497894,0.623111,-0.010765,83460.992188,0.954641,0.000000,0.000000,0.000000,0.000000,0.000000,0.000000,0.000000,0.000000,0.000000,-57.536491,2937.007080
22.655992,1.000000,-4738.543945,-0.548888,1590.727321,891.876709,2924.530029,306.952057,306.299530,313.260820,-16.278301,0.006950,3.327968,-58.541294,-19.964066,-19.928978,892.653015,-0.058917,-0.002416,0.000440,0.472128,0.609682,-0.014796,83460.992188,0.952073,0.000000,0.000000,0.000000,0.000000,0.000000,0.000000,0.000000,0.000000,0.000000,-57.532986,2927.087646
22.706525,1.000000,-4730.447754,-0.531344,1587.769124,888.917664,2914.864746,306.948090,306.311005,313.224783,-16.279150,0.005884,3.328658,-58.539043,-19.965475,-19.929014,889.706238,-0.057569,-0.002415,0.000442,0.446861,0.595334,-0.018519,83460.992188,0.949198,0.000000,0.000000,0.000000,0.000000,0.000000,0.000000,0.000000,0.000000,0.000000,-57.531265,2917.336670
22.756965,1.000000,-4722.343750,-0.513857,1584.816423,885.963989,2905.188232,306.944305,306.325348,313.190851,-16.280169,0.004828,3.329642,-58.538658,-19.967346,-19.929018,886.756592,-0.056012,-0.002416,0.000444,0.421641,0.579962,-0.021767,83460.992188,0.946047,0.000000,0.000000,0.000000,0.000000,0.000000,0.000000,0.000000,0.000000,0.000000,-57.531437,2907.660156
22.807937,1.000000,-4714.195313,-0.496352,1581.832531,882.979187,2895.458008,306.940796,306.342926,313.159025,-16.281347,0.003766,3.331003,-58.540298,-19.969730,-19.929014,883.790833,-0.054269,-0.002414,0.000446,0.396155,0.563466,-0.024368,83460.992188,0.942651,0.000000,0.000000,0.000000,0.000000,0.000000,0.000000,0.000000,0.000000,0.000000,-57.533665,2897.929932
22.858556,1.000000,-4706.031738,-0.478892,1578.869148,880.014893,2885.708008,306.937927,306.363708,313.129512,-16.282619,0.002726,3.332805,-58.544136,-19.972669,-19.928978,880.819519,-0.052336,-0.002409,0.000448,0.370846,0.546219,-0.026055,83460.992188,0.939072,0.000000,0.000000,0.000000,0.000000,0.000000,0.000000,0.000000,0.000000,0.000000,-57.538078,2888.179932
22.909419,1.000000,-4697.775879,-0.461313,1575.891208,877.036011,2875.846436,306.935608,306.388275,313.102284,-16.283962,0.001690,3.335120,-58.550339,-19.976217,-19.928919,877.814636,-0.050218,-0.002408,0.000450,0.345414,0.528105,-0.026697,83460.992188,0.935332,0.000000,0.000000,0.000000,0.000000,0.000000,0.000000,0.000000,0.000000,0.000000,-57.544800,2878.360352
22.961128,1.000000,-4689.533203,-0.443842,1572.863334,874.007080,2865.998779,306.933960,306.416656,313.077843,-16.285322,0.000642,3.338082,-58.558949,-19.980359,-19.928831,874.814514,-0.047955,-0.002404,0.000451,0.319560,0.508965,-0.026167,83460.992188,0.931558,0.000000,0.000000,0.000000,0.000000,0.000000,0.000000,0.000000,0.000000,0.000000,-57.554070,2868.512939
23.012367,1.000000,-4681.305176,-0.426480,1569.862453,871.005249,2856.165771,306.933105,306.449493,313.056399,-16.286621,-0.000394,3.341665,-58.569973,-19.985083,-19.928692,871.819763,-0.045524,-0.002402,0.000453,0.293940,0.489365,-0.024557,83460.992188,0.927558,0.000000,0.000000,0.000000,0.000000,0.000000,0.000000,0.000000,0.000000,0.000000,-57.565701,2858.679688
23.064792,1.000000,-4672.879883,-0.408782,1566.791439,867.933228,2846.093994,306.933258,306.487396,313.037475,-16.287815,-0.001446,3.346128,-58.583935,-19.990583,-19.928503,868.753235,-0.042922,-0.002400,0.000454,0.267728,0.468684,-0.021194,83460.992188,0.923495,0.000000,0.000000,0.000000,0.000000,0.000000,0.000000,0.000000,0.000000,0.000000,-57.580273,2848.608154
23.116374,1.000000,-4664.559082,-0.391384,1563.769005,864.909851,2836.144775,306.934326,306.528992,313.021992,-16.288780,-0.002478,3.351351,-58.600323,-19.996642,-19.928272,865.724731,-0.040234,-0.002401,0.000456,0.241937,0.447795,-0.016457,83460.992188,0.919609,0.000000,0.000000,0.000000,0.000000,0.000000,0.000000,0.000000,0.000000,0.000000,-57.597179,2838.519287
23.166961,1.000000,-4656.371094,-0.374340,1560.803971,861.943787,2826.350342,306.936676,306.574432,313.010039,-16.289457,-0.003483,3.357332,-58.618954,-20.003199,-19.927977,862.744507,-0.037469,-0.002400,0.000457,0.216643,0.426838,-0.010420,83460.992188,0.915798,0.000000,0.000000,0.000000,0.000000,0.000000,0.000000,0.000000,0.000000,0.000000,-57.616230,2828.724854
23.217973,1.000000,-4648.196289,-0.357398,1557.812997,858.951782,2816.567871,306.940369,306.624115,313.001467,-16.289785,-0.004489,3.364278,-58.640007,-20.010318,-19.927618,859.769165,-0.034628,-0.002397,0.000459,0.191137,0.405282,-0.003002,83460.992188,0.912150,0.000000,0.000000,0.000000,0.000000,0.000000,0.000000,0.000000,0.000000,0.000000,-57.637867,2818.942383
23.268238,1.000000,-4640.101074,-0.340697,1554.864689,856.002563,2806.877441,306.945404,306.677551,312.996395,-16.289707,-0.005477,3.372067,-58.663227,-20.017911,-19.927206,856.822693,-0.031734,-0.002398,0.000460,0.166005,0.383665,0.005606,83460.992188,0.908779,0.000000,0.000000,0.000000,0.000000,0.000000,0.000000,0.000000,0.000000,0.000000,-57.661537,2809.251953
23.323531,1.000000,-4631.235352,-0.322489,1551.620027,852.756714,2796.259277,306.952789,306.741608,312.994912,-16.289072,-0.006561,3.381775,-58.691288,-20.026813,-19.926666,853.595886,-0.028499,-0.002396,0.000461,0.138358,0.359495,0.016537,83460.992188,0.905098,0.000000,0.000000,0.000000,0.000000,0.000000,0.000000,0.000000,0.000000,0.000000,-57.690201,2798.674316
23.379234,1.000000,-4622.222656,-0.304069,1548.349637,849.485168,2785.459717,306.962219,306.811798,312.997848,-16.287792,-0.007647,3.392766,-58.722515,-20.036448,-19.926022,850.315491,-0.025103,-0.002398,0.000463,0.110507,0.334778,0.028874,83460.992188,0.901779,0.000000,0.000000,0.000000,0.000000,0.000000,0.000000,0.000000,0.000000,0.000000,-57.721718,2787.874512
23.434393,1.000000,-4613.387207,-0.286098,1545.109392,846.243774,2774.866455,306.973694,306.886597,313.005175,-16.285803,-0.008712,3.404908,-58.755680,-20.046431,-19.925291,847.099670,-0.021759,-0.002397,0.000464,0.105000,0.310795,0.042486,83460.992188,0.898569,0.000000,0.000000,0.000000,0.000000,0.000000,0.000000,0.000000,0.000000,0.000000,-57.755466,2777.281494
23.490204,1.000000,-4604.423340,-0.267954,1541.828892,842.962097,2764.113525,306.987701,306.967316,313.016980,-16.282978,-0.009786,3.418467,-58.791668,-20.057035,-19.924448,843.837097,-0.018393,-0.002397,0.000465,0.105000,0.288996,0.058010,83460.992188,0.896017,0.000000,0.000000,0.000000,0.000000,0.000000,0.000000,0.000000,0.000000,0.000000,-57.791901,2766.578369
23.546066,1.000000,-4595.428223,-0.249836,1538.543310,839.675598,2753.316650,307.004211,307.053040,313.032818,-16.279222,-0.010856,3.433331,-58.829742,-20.068053,-19.923492,840.563110,-0.015137,-0.002399,0.000466,0.105000,0.269489,0.075631,83460.992188,0.894154,0.000000,0.000000,0.000000,0.000000,0.000000,0.000000,0.000000,0.000000,0.000000,-57.830261,2755.781494
23.597227,1.000000,-4587.230469,-0.233403,1535.532312,836.663940,2743.471191,307.021667,307.135010,313.050585,-16.274874,-0.011823,3.448049,-58.865723,-20.078298,-19.922527,837.579407,-0.012357,-0.002400,0.000468,0.105000,0.253441,0.093427,83460.992188,0.893079,0.000000,0.000000,0.000000,0.000000,0.000000,0.000000,0.000000,0.000000,0.000000,-57.866634,2745.936035
23.648895,1.000000,-4578.914551,-0.216807,1532.489570,833.620605,2733.478271,307.041656,307.221222,313.071615,-16.269516,-0.012792,3.463950,-58.903080,-20.088780,-19.921450,834.552673,-0.009706,-0.002400,0.000469,0.105000,0.238823,0.112758,83460.992188,0.892814,0.000000,0.000000,0.000000,0.000000,0.000000,0.000000,0.000000,0.000000,0.000000,-57.904160,2735.943115
23.704945,1.000000,-4569.895020,-0.198891,1529.186573,830.316711,2722.632568,307.066101,307.318207,313.097716,-16.262543,-0.013837,3.482317,-58.944115,-20.100113,-19.920160,831.269775,-0.007081,-0.002404,0.000470,0.105000,0.224590,0.135009,83460.992188,0.893207,0.000000,0.000000,0.000000,0.000000,0.000000,0.000000,0.000000,0.000000,0.000000,-57.945332,2725.135498
23.755425,1.000000,-4561.812500,-0.182912,1526.209842,827.339355,2712.908203,307.090698,307.407227,313.123877,-16.255177,-0.014771,3.499762,-58.980911,-20.110110,-19.918909,828.328003,-0.004967,-0.002407,0.000471,0.105000,0.213071,0.155537,83460.992188,0.894509,0.000000,0.000000,0.000000,0.000000,0.000000,0.000000,0.000000,0.000000,0.000000,-57.982365,2715.411133
23.806838,1.000000,-4553.496582,-0.166547,1523.176187,824.304932,2702.897705,307.118225,307.500305,313.153360,-16.246603,-0.015711,3.518308,-59.018391,-20.120121,-19.917534,825.301270,-0.002952,-0.002410,0.000472,0.105000,0.202478,0.176449,83460.992188,0.896834,0.000000,0.000000,0.000000,0.000000,0.000000,0.000000,0.000000,0.000000,0.000000,-58.019638,2705.400635
23.858120,1.000000,-4545.386230,-0.150658,1520.148376,821.276428,2693.128906,307.148193,307.594452,313.184592,-16.236984,-0.016641,3.537510,-59.054237,-20.129514,-19.916096,822.349365,-0.001330,-0.002405,0.000472,0.105000,0.192947,0.197137,83460.992188,0.898635,0.000000,0.000000,0.000000,0.000000,0.000000,0.000000,0.000000,0.000000,0.000000,-58.056122,2695.632080
23.912963,1.000000,-4536.417480,-0.133174,1516.908285,818.035645,2682.321045,307.182983,307.699158,313.221876,-16.225538,-0.017630,3.558688,-59.092812,-20.139402,-19.914415,819.084961,0.000423,-0.002406,0.000470,0.105000,0.183784,0.218554,83460.992188,0.901944,0.000000,0.000000,0.000000,0.000000,0.000000,0.000000,0.000000,0.000000,0.000000,-58.093994,2684.766357
23.968210,1.000000,-4527.567871,-0.116008,1513.642273,814.768860,2671.650635,307.221008,307.804169,313.261354,-16.212854,-0.018615,3.580533,-59.129368,-20.148523,-19.912649,815.864014,0.001809,-0.002411,0.000469,0.105000,0.175518,0.238998,83460.992188,0.905586,0.000000,0.000000,0.000000,0.000000,0.000000,0.000000,0.000000,0.000000,0.000000,-58.130615,2674.095947
24.022703,1.000000,-4518.750488,-0.098994,1510.418909,811.544678,2661.014404,307.261475,307.910004,313.303205,-16.199276,-0.019568,3.602441,-59.164028,-20.156907,-19.910816,812.654724,0.003015,-0.002416,0.000468,0.105000,0.168216,0.257717,83460.992188,0.909615,0.000000,0.000000,0.000000,0.000000,0.000000,0.000000,0.000000,0.000000,0.000000,-58.164955,2663.459717
24.076611,1.000000,-4510.073730,-0.082339,1507.228367,808.353333,2650.542969,307.304199,308.015167,313.346866,-16.184887,-0.020502,3.624314,-59.196205,-20.164403,-19.908928,809.496643,0.003975,-0.002421,0.000467,0.105000,0.161736,0.274572,83460.992188,0.914172,0.000000,0.000000,0.000000,0.000000,0.000000,0.000000,0.000000,0.000000,0.000000,-58.196960,2652.988281
24.128595,1.000000,-4501.664063,-0.066277,1504.150117,805.274292,2640.389648,307.347900,308.118073,313.391387,-16.170208,-0.021385,3.645426,-59.225304,-20.170881,-19.907026,806.435791,0.004772,-0.002427,0.000466,0.105000,0.156116,0.288848,83460.992188,0.918510,0.000000,0.000000,0.000000,0.000000,0.000000,0.000000,0.000000,0.000000,0.000000,-58.225750,2642.827148
24.182496,1.000000,-4493.065918,-0.049940,1500.956841,802.080078,2630.005859,307.395721,308.223755,313.438992,-16.154245,-0.022292,3.667252,-59.252937,-20.176716,-19.905033,803.306274,0.005318,-0.002429,0.000466,0.105000,0.150877,0.301978,83460.992188,0.923360,0.000000,0.000000,0.000000,0.000000,0.000000,0.000000,0.000000,0.000000,0.000000,-58.253433,2632.443359
24.235565,1.000000,-4484.558594,-0.033859,1497.811460,798.933899,2619.728516,307.445465,308.328339,313.488140,-16.137894,-0.023175,3.688518,-59.277939,-20.181633,-19.903004,800.209900,0.005758,-0.002436,0.000466,0.105000,0.146242,0.312612,83460.992188,0.928299,0.000000,0.000000,0.000000,0.000000,0.000000,0.000000,0.000000,0.000000,0.000000,-58.278316,2622.165771
24.287178,1.000000,-4476.281738,-0.018295,1494.751178,795.872925,2609.727051,307.496033,308.430603,313.537792,-16.121519,-0.024020,3.708859,-59.300045,-20.185613,-19.900988,797.197388,0.006042,-0.002442,0.000465,0.105000,0.142185,0.321090,83460.992188,0.933104,0.000000,0.000000,0.000000,0.000000,0.000000,0.000000,0.000000,0.000000,0.000000,-58.300274,2612.164307
24.338375,1.000000,-4467.974609,-0.002755,1491.714505,792.835327,2599.687256,307.548157,308.533081,313.589253,-16.104895,-0.024848,3.728618,-59.319973,-20.188803,-19.898939,794.173828,0.006244,-0.002449,0.000466,0.105000,0.138555,0.327560,83460.992188,0.937990,0.000000,0.000000,0.000000,0.000000,0.000000,0.000000,0.000000,0.000000,0.000000,-58.319805,2602.069336
24.393923,1.000000,-4459.013672,0.013916,1488.418703,789.538696,2588.855713,307.607178,308.644043,313.646677,-16.086538,-0.025733,3.749477,-59.338932,-20.191335,-19.896700,790.912292,0.006303,-0.002454,0.000466,0.105000,0.135016,0.332474,83460.992188,0.943163,0.000000,0.000000,0.000000,0.000000,0.000000,0.000000,0.000000,0.000000,0.000000,-58.338486,2591.237549
24.444246,1.000000,-4450.941406,0.028853,1485.432082,786.551270,2579.096436,307.662781,308.743652,313.699888,-16.069731,-0.026522,3.767751,-59.353745,-20.192819,-19.894653,787.974243,0.006254,-0.002461,0.000466,0.105000,0.132134,0.334984,83460.992188,0.947851,0.000000,0.000000,0.000000,0.000000,0.000000,0.000000,0.000000,0.000000,0.000000,-58.353119,2581.478516
24.496057,1.000000,-4442.604492,0.044195,1482.356442,783.474731,2569.017578,307.721893,308.846375,313.756273,-16.052340,-0.027320,3.785870,-59.366825,-20.193573,-19.892542,784.939819,0.006121,-0.002468,0.000467,0.105000,0.129454,0.335694,83460.992188,0.952560,0.000000,0.000000,0.000000,0.000000,0.000000,0.000000,0.000000,0.000000,0.000000,-58.365963,2571.389893
24.551527,1.000000,-4433.616211,0.060641,1479.062928,780.180298,2558.150879,307.787109,308.957275,313.818679,-16.033743,-0.028165,3.804389,-59.378452,-20.193517,-19.890266,781.668396,0.005889,-0.002474,0.000467,0.105000,0.126879,0.334531,83460.992188,0.957431,0.000000,0.000000,0.000000,0.000000,0.000000,0.000000,0.000000,0.000000,0.000000,-58.377266,2560.523193
24.607616,1.000000,-4424.610840,0.077021,1475.732100,776.848450,2547.263428,307.855164,309.067841,313.882568,-16.015057,-0.029005,3.822133,-59.387592,-20.192595,-19.887981,778.390686,0.005569,-0.002480,0.000468,0.105000,0.124550,0.331371,83460.992188,0.962189,0.000000,0.000000,0.000000,0.000000,0.000000,0.000000,0.000000,0.000000,0.000000,-58.386181,2549.635742
24.657900,1.000000,-4416.558105,0.091583,1472.745632,773.861145,2537.528320,307.917786,309.166595,313.940881,-15.998502,-0.029749,3.837131,-59.393723,-20.191063,-19.885954,775.459717,0.005220,-0.002484,0.000468,0.105000,0.122674,0.326961,83460.992188,0.966244,0.000000,0.000000,0.000000,0.000000,0.000000,0.000000,0.000000,0.000000,0.000000,-58.392120,2539.900635
24.709743,1.000000,-4408.188477,0.106631,1469.666313,770.780884,2527.412109,307.984131,309.268799,314.002575,-15.981703,-0.030513,3.851653,-59.398140,-20.188797,-19.883881,772.413452,0.004807,-0.002491,0.000469,0.105000,0.120928,0.320962,83460.992188,0.970253,0.000000,0.000000,0.000000,0.000000,0.000000,0.000000,0.000000,0.000000,0.000000,-58.396294,2529.791504
24.767258,1.000000,-4400.957031,0.119563,1466.249904,767.363464,2518.672119,308.059692,309.357025,314.056706,-15.963493,-0.031342,3.866605,-59.400433,-20.186314,-19.882099,769.781433,0.004315,-0.002480,0.000470,0.105000,0.119189,0.312804,83460.992188,0.973867,0.000000,0.000000,0.000000,0.000000,0.000000,0.000000,0.000000,0.000000,0.000000,-58.398788,2521.051758
24.817589,1.000000,-4390.694336,0.137801,1463.260162,764.372864,2506.270996,308.126984,309.481659,314.134625,-15.947962,-0.032055,3.878664,-59.401447,-20.182028,-19.879612,766.046082,0.003838,-0.002501,0.000471,0.105000,0.117826,0.304435,83460.992188,0.977886,0.000000,0.000000,0.000000,0.000000,0.000000,0.000000,0.000000,0.000000,0.000000,-58.399143,2508.650391
24.868851,1.000000,-4382.450195,0.152356,1460.215143,761.326843,2496.311035,308.196716,309.581421,314.198099,-15.932611,-0.032773,3.889933,-59.400394,-20.177951,-19.877653,763.045471,0.003327,-0.002504,0.000472,0.105000,0.116572,0.294851,83460.992188,0.981157,0.000000,0.000000,0.000000,0.000000,0.000000,0.000000,0.000000,0.000000,0.000000,-58.397900,2498.690430
24.920152,1.000000,-4374.202148,0.166831,1457.167911,758.278809,2486.349365,308.267761,309.680908,314.262285,-15.917764,-0.033483,3.900183,-59.397835,-20.173363,-19.875746,760.043396,0.002789,-0.002509,0.000473,0.105000,0.115440,0.284328,83460.992188,0.984178,0.000000,0.000000,0.000000,0.000000,0.000000,0.000000,0.000000,0.000000,0.000000,-58.395153,2488.753174
24.971728,1.000000,-4365.889648,0.181332,1454.104527,755.214355,2476.312012,308.340424,309.780701,314.327627,-15.903406,-0.034189,3.909445,-59.393837,-20.168259,-19.873859,757.017944,0.002239,-0.002514,0.000474,0.105000,0.114414,0.272936,83460.992188,0.986947,0.000000,0.000000,0.000000,0.000000,0.000000,0.000000,0.000000,0.000000,0.000000,-58.390976,2478.715820
25.023970,1.000000,-4357.454102,0.195957,1451.001841,752.110718,2466.129883,308.415314,309.881775,314.394482,-15.889482,-0.034889,3.917768,-59.388447,-20.162633,-19.872009,753.947632,0.001660,-0.002517,0.000475,0.105000,0.113477,0.260684,83460.992188,0.989548,0.000000,0.000000,0.000000,0.000000,0.000000,0.000000,0.000000,0.000000,0.000000,-58.385426,2468.533691
25.074891,1.000000,-4349.229492,0.210129,1447.977921,749.085815,2456.204834,308.489410,309.980011,314.460092,-15.876542,-0.035563,3.924857,-59.382023,-20.156760,-19.870255,750.954102,0.001099,-0.002519,0.000476,0.105000,0.112654,0.248158,83460.992188,0.991803,0.000000,0.000000,0.000000,0.000000,0.000000,0.000000,0.000000,0.000000,0.000000,-58.378860,2458.608643
25.126154,1.000000,-4340.972656,0.224267,1444.934058,746.041016,2446.244385,308.565063,310.078278,314.526384,-15.864174,-0.036235,3.930992,-59.374523,-20.150513,-19.868549,747.948853,0.000540,-0.002524,0.000477,0.105000,0.111906,0.235085,83460.992188,0.993839,0.000000,0.000000,0.000000,0.000000,0.000000,0.000000,0.000000,0.000000,0.000000,-58.371208,2448.580322
25.177255,1.000000,-4332.688965,0.238362,1441.900229,743.006226,2436.255127,308.641479,310.176544,314.593328,-15.852518,-0.036898,3.936128,-59.366074,-20.143933,-19.866905,744.933838,-0.000036,-0.002526,0.000479,0.105000,0.111233,0.221713,83460.992188,0.995636,0.000000,0.000000,0.000000,0.000000,0.000000,0.000000,0.000000,0.000000,0.000000,-58.362667,2438.591309
25.228896,1.000000,-4324.341797,0.252474,1438.834806,739.939758,2426.193359,308.719818,310.275238,314.660865,-15.841439,-0.037554,3.940352,-59.356716,-20.137038,-19.865313,741.895752,-0.000598,-0.002528,0.000480,0.105000,0.110619,0.207955,83460.992188,0.997183,0.000000,0.000000,0.000000,0.000000,0.000000,0.000000,0.000000,0.000000,0.000000,-58.353207,2428.529297
25.280323,1.000000,-4316.046875,0.266408,1435.782592,736.886475,2416.197754,308.798584,310.373260,314.728284,-15.831122,-0.038197,3.943608,-59.346699,-20.129946,-19.863791,738.876648,-0.001140,-0.002530,0.000481,0.105000,0.110068,0.194103,83460.992188,0.998555,0.000000,0.000000,0.000000,0.000000,0.000000,0.000000,0.000000,0.000000,0.000000,-58.343075,2418.533936
25.330573,1.000000,-4307.892090,0.280018,1432.800751,733.903625,2406.375000,308.876404,310.469299,314.794724,-15.821730,-0.038818,3.945911,-59.336258,-20.122781,-19.862364,735.908508,-0.001675,-0.002534,0.000483,0.105000,0.109582,0.180478,83460.992188,0.999677,0.000000,0.000000,0.000000,0.000000,0.000000,0.000000,0.000000,0.000000,0.000000,-58.332600,2408.683594
25.382323,1.000000,-4299.631836,0.293716,1429.730464,730.832275,2396.429688,308.957550,310.566162,314.862024,-15.812772,-0.039450,3.947420,-59.325188,-20.115373,-19.860991,732.902039,-0.002158,-0.002533,0.000484,0.105000,0.109130,0.166496,83460.992188,1.000538,0.000000,0.000000,0.000000,0.000000,0.000000,0.000000,0.000000,0.000000,0.000000,-58.321320,2398.738281
25.437891,1.000000,-4290.494629,0.308762,1426.434321,727.535034,2385.433350,309.045563,310.673187,314.936502,-15.803955,-0.040120,3.948114,-59.312527,-20.107049,-19.859562,729.576355,-0.002778,-0.002536,0.000486,0.105000,0.108694,0.151724,83460.992188,1.001350,0.000000,0.000000,0.000000,0.000000,0.000000,0.000000,0.000000,0.000000,0.000000,-58.308804,2387.741943
25.489352,1.000000,-4282.220215,0.322294,1423.382423,724.482056,2375.479736,309.127777,310.769775,315.003921,-15.796519,-0.040729,3.947914,-59.300686,-20.099398,-19.858339,726.564758,-0.003242,-0.002537,0.000487,0.105000,0.108332,0.138069,83460.992188,1.001828,0.000000,0.000000,0.000000,0.000000,0.000000,0.000000,0.000000,0.000000,0.000000,-58.296852,2377.788330
25.540892,1.000000,-4273.901855,0.335807,1420.326461,721.430420,2365.477295,309.210907,310.866882,315.071666,-15.789774,-0.041335,3.946957,-59.288586,-20.091650,-19.857182,723.537109,-0.003697,-0.002538,0.000488,0.105000,0.108004,0.124646,83460.992188,1.002182,0.000000,0.000000,0.000000,0.000000,0.000000,0.000000,0.000000,0.000000,0.000000,-58.284687,2367.834961
25.591965,1.000000,-4265.613770,0.349181,1417.298811,718.411011,2355.515137,309.294067,310.963287,315.139055,-15.783757,-0.041924,3.945312,-59.276398,-20.083897,-19.856094,720.520508,-0.004142,-0.002538,0.000490,0.105000,0.107712,0.111649,83460.992188,1.002294,0.000000,0.000000,0.000000,0.000000,0.000000,0.000000,0.000000,0.000000,0.000000,-58.272514,2357.872559
25.646990,1.000000,-4256.651855,0.363540,1414.037578,715.158569,2344.748291,309.384338,311.067535,315.211724,-15.778005,-0.042557,3.942801,-59.263153,-20.075509,-19.855013,717.258606,-0.004615,-0.002543,0.000492,0.105000,0.107428,0.097979,83460.992188,1.002345,0.000000,0.000000,0.000000,0.000000,0.000000,0.000000,0.000000,0.000000,0.000000,-58.259335,2347.105957
25.699351,1.000000,-4248.253906,0.376900,1410.934910,712.064209,2334.663086,309.471100,311.164581,315.279617,-15.773220,-0.043147,3.939758,-59.250778,-20.067674,-19.854067,714.202026,-0.004986,-0.002543,0.000493,0.105000,0.107186,0.085491,83460.992188,1.002050,0.000000,0.000000,0.000000,0.000000,0.000000,0.000000,0.000000,0.000000,0.000000,-58.246853,2337.020752
25.750399,1.000000,-4240.015137,0.389917,1407.910669,709.048035,2324.773926,309.556396,311.260254,315.345998,-15.769177,-0.043716,3.936216,-59.238747,-20.060038,-19.853224,711.203369,-0.005350,-0.002545,0.000495,0.105000,0.106973,0.073703,83460.992188,1.001781,0.000000,0.000000,0.000000,0.000000,0.000000,0.000000,0.000000,0.000000,0.000000,-58.234787,2327.169434
25.801267,1.000000,-4231.694824,0.402973,1404.897700,706.043152,2314.790771,309.641937,311.356689,315.412764,-15.765732,-0.044276,3.932175,-59.226749,-20.052392,-19.852436,708.174988,-0.005736,-0.002547,0.000496,0.105000,0.106782,0.062424,83460.992188,1.001310,0.000000,0.000000,0.000000,0.000000,0.000000,0.000000,0.000000,0.000000,0.000000,-58.222923,2317.186279
25.857115,1.000000,-4222.680664,0.417017,1401.590448,702.744812,2303.979736,309.736603,311.461334,315.484840,-15.762592,-0.044887,3.927177,-59.213993,-20.044201,-19.851665,704.894104,-0.006075,-0.002548,0.000498,0.105000,0.106593,0.050527,83460.992188,1.000797,0.000000,0.000000,0.000000,0.000000,0.000000,0.000000,0.000000,0.000000,0.000000,-58.210140,2306.375244
25.908007,1.000000,-4214.450195,0.429747,1398.577298,699.739685,2294.113037,309.823547,311.556671,315.550271,-15.760295,-0.045437,3.922184,-59.202629,-20.036836,-19.851036,701.898499,-0.006372,-0.002549,0.000500,0.105000,0.106438,0.040258,83460.992188,1.000175,0.000000,0.000000,0.000000,0.000000,0.000000,0.000000,0.000000,0.000000,0.000000,-58.198788,2296.508545
25.958290,1.000000,-4206.272949,0.442309,1395.600764,696.771118,2284.313721,309.909912,311.651245,315.614991,-15.758530,-0.045971,3.916855,-59.191643,-20.029632,-19.850473,698.922180,-0.006662,-0.002550,0.000502,0.105000,0.106300,0.030596,83460.992188,0.999464,0.000000,0.000000,0.000000,0.000000,0.000000,0.000000,0.000000,0.000000,0.000000,-58.187874,2286.789551
26.011389,1.000000,-4197.752441,0.455306,1392.458120,693.636902,2274.107666,310.001648,311.749451,315.682113,-15.757169,-0.046534,3.910864,-59.180573,-20.022264,-19.849966,695.820984,-0.006906,-0.002549,0.000504,0.105000,0.106169,0.021003,83460.992188,0.998534,0.000000,0.000000,0.000000,0.000000,0.000000,0.000000,0.000000,0.000000,0.000000,-58.176739,2276.583496
26.067144,1.000000,-4188.676758,0.469048,1389.158906,690.346497,2263.240479,310.098816,311.854370,315.753180,-15.756277,-0.047114,3.904208,-59.169254,-20.014591,-19.849495,692.517700,-0.007197,-0.002551,0.000506,0.105000,0.106045,0.011595,83460.992188,0.997666,0.000000,0.000000,0.000000,0.000000,0.000000,0.000000,0.000000,0.000000,0.000000,-58.165520,2265.716553
26.120380,1.000000,-4180.004883,0.482081,1386.009321,687.205261,2252.861572,310.192047,311.954376,315.820718,-15.755900,-0.047666,3.897543,-59.158878,-20.007420,-19.849121,689.361389,-0.007450,-0.002553,0.000507,0.105000,0.105939,0.003073,83460.992188,0.996668,0.000000,0.000000,0.000000,0.000000,0.000000,0.000000,0.000000,0.000000,0.000000,-58.155247,2255.462402
26.173086,1.000000,-4171.505859,0.494760,1382.891617,684.095886,2242.693115,310.285004,312.052429,315.886416,-15.755958,-0.048206,3.890684,-59.149166,-20.000565,-19.848822,686.268005,-0.007635,-0.002553,0.000509,0.105000,0.105845,-0.004852,83460.992188,0.995676,0.000000,0.000000,0.000000,0.000000,0.000000,0.000000,0.000000,0.000000,0.000000,-58.145538,2245.293945
26.228463,1.000000,-4162.535156,0.508044,1379.616452,680.829468,2231.964355,310.383240,312.155762,315.955288,-15.756447,-0.048760,3.883259,-59.139481,-19.993536,-19.848570,683.002930,-0.007829,-0.002554,0.000511,0.105000,0.105756,-0.012495,83460.992188,0.994573,0.000000,0.000000,0.000000,0.000000,0.000000,0.000000,0.000000,0.000000,0.000000,-58.135906,2234.565186
26.282352,1.000000,-4153.868164,0.520779,1376.429789,677.651306,2221.603271,310.479279,312.255615,316.021373,-15.757322,-0.049296,3.875822,-59.130646,-19.986936,-19.848402,679.848389,-0.007972,-0.002555,0.000513,0.105000,0.105679,-0.019442,83460.992188,0.993469,0.000000,0.000000,0.000000,0.000000,0.000000,0.000000,0.000000,0.000000,0.000000,-58.127064,2224.204102
26.336173,1.000000,-4145.041016,0.533653,1373.247606,674.477478,2211.053711,310.575714,312.357178,316.088406,-15.758550,-0.049823,3.868242,-59.122219,-19.980411,-19.848286,676.635620,-0.008171,-0.002555,0.000515,0.105000,0.105609,-0.025812,83460.992188,0.992283,0.000000,0.000000,0.000000,0.000000,0.000000,0.000000,0.000000,0.000000,0.000000,-58.118805,2213.769775
26.388668,1.000000,-4136.459473,0.546074,1370.144236,671.382446,2200.801758,310.670227,312.455963,316.152977,-15.760070,-0.050330,3.860724,-59.114578,-19.974275,-19.848238,673.512146,-0.008329,-0.002556,0.000517,0.105000,0.105548,-0.031563,83460.992188,0.991158,0.000000,0.000000,0.000000,0.000000,0.000000,0.000000,0.000000,0.000000,0.000000,-58.111290,2203.517578
26.440943,1.000000,-4127.981934,0.558254,1367.054250,668.300537,2190.677246,310.764771,312.553558,316.216481,-15.761863,-0.050832,3.853142,-59.107563,-19.968398,-19.848248,670.426575,-0.008448,-0.002556,0.000519,0.105000,0.105494,-0.036813,83460.992188,0.990021,0.000000,0.000000,0.000000,0.000000,0.000000,0.000000,0.000000,0.000000,0.000000,-58.104340,2193.393066
26.492048,1.000000,-4119.723633,0.570033,1364.033760,665.288147,2180.818115,310.857483,312.648560,316.277878,-15.763867,-0.051313,3.845670,-59.101254,-19.962865,-19.848314,667.420837,-0.008538,-0.002556,0.000521,0.105000,0.105446,-0.041528,83460.992188,0.988893,0.000000,0.000000,0.000000,0.000000,0.000000,0.000000,0.000000,0.000000,0.000000,-58.098076,2183.533936
26.545148,1.000000,-4111.105957,0.582234,1360.895681,662.158264,2170.532715,310.954224,312.747437,316.341412,-15.766188,-0.051806,3.837890,-59.095257,-19.957307,-19.848434,664.284241,-0.008632,-0.002556,0.000523,0.105000,0.105401,-0.045897,83460.992188,0.987677,0.000000,0.000000,0.000000,0.000000,0.000000,0.000000,0.000000,0.000000,0.000000,-58.092159,2173.442871
26.597015,1.000000,-4102.634277,0.594137,1357.830759,659.101563,2160.424072,311.049164,312.844971,316.403491,-15.768681,-0.052281,3.830250,-59.089909,-19.952037,-19.848595,661.200806,-0.008726,-0.002558,0.000525,0.105000,0.105361,-0.049765,83460.992188,0.986587,0.000000,0.000000,0.000000,0.000000,0.000000,0.000000,0.000000,0.000000,0.000000,-58.086918,2163.334229
26.647644,1.000000,-4094.387939,0.605636,1354.839241,656.117859,2150.587646,311.142090,312.939667,316.463495,-15.771290,-0.052738,3.822800,-59.085217,-19.947094,-19.848808,658.199402,-0.008803,-0.002557,0.000527,0.105000,0.105326,-0.053190,83460.992188,0.985480,0.000000,0.000000,0.000000,0.000000,0.000000,0.000000,0.000000,0.000000,0.000000,-58.082310,2153.497803
26.697996,1.000000,-4086.263184,0.616882,1351.864309,653.150696,2140.898682,311.234711,313.033081,316.522342,-15.774052,-0.053186,3.815398,-59.081089,-19.942394,-19.849060,655.242188,-0.008845,-0.002557,0.000529,0.105000,0.105295,-0.056247,83460.992188,0.984407,0.000000,0.000000,0.000000,0.000000,0.000000,0.000000,0.000000,0.000000,0.000000,-58.078232,2143.808838
26.754118,1.000000,-4077.094971,0.629474,1348.548695,649.843872,2129.968262,311.338379,313.138306,316.588248,-15.777294,-0.053673,3.807199,-59.077030,-19.937308,-19.849392,651.905273,-0.008920,-0.002555,0.000531,0.105000,0.105263,-0.059247,83460.992188,0.983190,0.000000,0.000000,0.000000,0.000000,0.000000,0.000000,0.000000,0.000000,0.000000,-58.074284,2132.839355
26.810790,1.000000,-4067.950684,0.641931,1345.200796,646.504822,2119.069092,311.443481,313.243225,316.653502,-15.780729,-0.054156,3.798978,-59.073589,-19.932453,-19.849770,648.577026,-0.008943,-0.002552,0.000533,0.105000,0.105235,-0.061880,83460.992188,0.981997,0.000000,0.000000,0.000000,0.000000,0.000000,0.000000,0.000000,0.000000,0.000000,-58.070908,2121.940186
26.861369,1.000000,-4059.649658,0.653149,1342.212989,643.524841,2109.177734,311.537445,313.338257,316.712230,-15.783913,-0.054581,3.791712,-59.070995,-19.928242,-19.850159,645.555664,-0.009007,-0.002551,0.000534,0.105000,0.105212,-0.063890,83460.992188,0.980937,0.000000,0.000000,0.000000,0.000000,0.000000,0.000000,0.000000,0.000000,0.000000,-58.068417,2112.048828
26.917278,1.000000,-4050.534180,0.665369,1338.910460,640.230896,2098.318359,311.641632,313.442688,316.776386,-15.787542,-0.055051,3.783756,-59.068680,-19.923804,-19.850628,642.237915,-0.009051,-0.002550,0.000536,0.105000,0.105190,-0.065835,83460.992188,0.979798,0.000000,0.000000,0.000000,0.000000,0.000000,0.000000,0.000000,0.000000,0.000000,-58.066196,2101.189453
26.967303,1.000000,-4042.398682,0.676189,1335.955591,637.283813,2088.628906,311.734955,313.535919,316.833275,-15.790879,-0.055461,3.776720,-59.067097,-19.920016,-19.851084,639.276855,-0.009078,-0.002552,0.000538,0.105000,0.105172,-0.067312,83460.992188,0.978813,0.000000,0.000000,0.000000,0.000000,0.000000,0.000000,0.000000,0.000000,0.000000,-58.064690,2091.749512
27.022916,1.000000,-4033.357178,0.688119,1332.670725,634.007629,2077.862305,311.838959,313.639832,316.896097,-15.794663,-0.055912,3.769001,-59.065849,-19.915990,-19.851629,635.986023,-0.009099,-0.002550,0.000540,0.105000,0.105154,-0.068714,83460.992188,0.977838,0.000000,0.000000,0.000000,0.000000,0.000000,0.000000,0.000000,0.000000,0.000000,-58.063519,2080.982910
27.079352,1.000000,-4024.204102,0.700096,1329.337300,630.682800,2066.965332,311.944794,313.744415,316.959274,-15.798580,-0.056363,3.761289,-59.065113,-19.912104,-19.852221,632.654541,-0.009112,-0.002550,0.000541,0.105000,0.105137,-0.069861,83460.992188,0.976751,0.000000,0.000000,0.000000,0.000000,0.000000,0.000000,0.000000,0.000000,0.000000,-58.062874,2070.085938
27.129602,1.000000,-4015.958008,0.710797,1326.369274,627.722534,2057.149902,312.039154,313.838928,317.015748,-15.802110,-0.056751,3.754540,-59.064899,-19.908769,-19.852785,629.653198,-0.009146,-0.002551,0.000543,0.105000,0.105124,-0.070684,83460.992188,0.975904,0.000000,0.000000,0.000000,0.000000,0.000000,0.000000,0.000000,0.000000,0.000000,-58.062733,2060.270508
27.185379,1.000000,-4006.936768,0.722411,1323.074792,624.436707,2046.414063,312.144043,313.942078,317.077264,-15.806078,-0.057181,3.747151,-59.065109,-19.905275,-19.853437,626.369751,-0.009144,-0.002549,0.000545,0.105000,0.105111,-0.071440,83460.992188,0.974932,0.000000,0.000000,0.000000,0.000000,0.000000,0.000000,0.000000,0.000000,0.000000,-58.063030,2049.491455
27.235588,1.000000,-3998.741943,0.732876,1320.109161,621.478699,2036.663574,312.238708,314.035706,317.132759,-15.809679,-0.057562,3.740623,-59.065712,-19.902253,-19.854063,623.387085,-0.009164,-0.002547,0.000547,0.105000,0.105100,-0.071947,83460.992188,0.974092,0.000000,0.000000,0.000000,0.000000,0.000000,0.000000,0.000000,0.000000,0.000000,-58.063705,2039.740967
27.286523,1.000000,-3990.453125,0.743377,1317.100605,618.477966,2026.802612,312.334747,314.130371,317.188551,-15.813351,-0.057940,3.734113,-59.066692,-19.899331,-19.854717,620.370178,-0.009172,-0.002547,0.000548,0.105000,0.105091,-0.072319,83460.992188,0.973274,0.000000,0.000000,0.000000,0.000000,0.000000,0.000000,0.000000,0.000000,0.000000,-58.064762,2029.880005
27.336968,1.000000,-3982.223145,0.753722,1314.120931,615.506104,2017.013184,312.429962,314.224609,317.243691,-15.817004,-0.058308,3.727773,-59.068016,-19.896555,-19.855394,617.374756,-0.009188,-0.002545,0.000550,0.105000,0.105082,-0.072598,83460.992188,0.972556,0.000000,0.000000,0.000000,0.000000,0.000000,0.000000,0.000000,0.000000,0.000000,-58.066154,2020.163086
27.388500,1.000000,-3973.830322,0.764187,1311.076969,612.470032,2007.031616,312.527374,314.320190,317.299571,-15.820749,-0.058674,3.721417,-59.069729,-19.893857,-19.856110,614.320007,-0.009196,-0.002542,0.000551,0.105000,0.105074,-0.072766,83460.992188,0.971761,0.000000,0.000000,0.000000,0.000000,0.000000,0.000000,0.000000,0.000000,0.000000,-58.067944,2010.181519
27.439639,2.000000,-3965.457275,0.774543,1308.056122,609.457031,1997.074951,312.624023,314.415863,317.355126,-15.824471,-0.059029,3.715220,-59.071774,-19.891282,-19.856850,611.272461,-0.009220,-0.002540,0.000553,0.105000,0.105067,-0.072862,83460.992188,0.971046,0.000000,0.000000,0.000000,0.000000,0.000000,0.000000,0.000000,0.000000,0.000000,-58.070053,2000.224976
27.490287,2.000000,-3957.231689,0.784638,1305.064167,606.472839,1987.295044,312.719971,314.510101,317.409346,-15.828161,-0.059377,3.709196,-59.074093,-19.888871,-19.857595,608.278564,-0.009218,-0.002538,0.000554,0.105000,0.105060,-0.072906,83460.992188,0.970379,0.000000,0.000000,0.000000,0.000000,0.000000,0.000000,0.000000,0.000000,0.000000,-58.072449,1990.444946
27.547171,2.000000,-3948.110352,0.795737,1301.703674,603.120911,1976.451294,312.827820,314.614594,317.469201,-15.832304,-0.059751,3.702561,-59.077030,-19.886326,-19.858446,604.958679,-0.009197,-0.002534,0.000556,0.105000,0.105054,-0.072801,83460.992188,0.969689,0.000000,0.000000,0.000000,0.000000,0.000000,0.000000,0.000000,0.000000,0.000000,-58.075516,1979.867676
27.599768,2.000000,-3939.408936,0.806233,1298.596280,600.021606,1966.108521,312.927399,314.713806,317.525942,-15.836129,-0.060093,3.696549,-59.080143,-19.884016,-19.859285,601.791626,-0.009241,-0.002532,0.000557,0.105000,0.105048,-0.072723,83460.992188,0.968983,0.000000,0.000000,0.000000,0.000000,0.000000,0.000000,0.000000,0.000000,0.000000,-58.078663,1969.524780
27.651917,2.000000,-3930.886719,0.816427,1295.515184,596.948364,1955.979614,313.026184,314.811279,317.581170,-15.839918,-0.060420,3.690698,-59.083477,-19.881864,-19.860123,598.689819,-0.009251,-0.002527,0.000558,0.105000,0.105043,-0.072617,83460.992188,0.968388,0.000000,0.000000,0.000000,0.000000,0.000000,0.000000,0.000000,0.000000,0.000000,-58.082062,1959.395996
27.706478,2.000000,-3921.972900,0.826994,1292.291384,593.732910,1945.386719,313.129639,314.913025,317.638653,-15.843878,-0.060752,3.684693,-59.087284,-19.879728,-19.861021,595.445435,-0.009266,-0.002524,0.000559,0.105000,0.105039,-0.072429,83460.992188,0.967793,0.000000,0.000000,0.000000,0.000000,0.000000,0.000000,0.000000,0.000000,0.000000,-58.085934,1948.803101
27.758246,2.000000,-3913.528076,0.836919,1289.232412,590.681824,1935.352173,313.227753,315.009247,317.692902,-15.847617,-0.061062,3.679102,-59.091133,-19.877793,-19.861891,592.371765,-0.009276,-0.002520,0.000561,0.105000,0.105035,-0.072283,83460.992188,0.967185,0.000000,0.000000,0.000000,0.000000,0.000000,0.000000,0.000000,0.000000,0.000000,-58.089855,1938.728882
27.810827,2.000000,-3904.979736,0.846880,1286.125186,587.582642,1925.195801,313.327362,315.106689,317.747567,-15.851412,-0.061364,3.673520,-59.095287,-19.875928,-19.862789,589.260437,-0.009283,-0.002514,0.000562,0.105000,0.105032,-0.072103,83460.992188,0.966641,0.000000,0.000000,0.000000,0.000000,0.000000,0.000000,0.000000,0.000000,0.000000,-58.094097,1928.572510
27.861539,2.000000,-3896.685303,0.856463,1283.128193,584.625977,1915.342163,313.423462,315.201416,317.800392,-15.855067,-0.061651,3.668227,-59.099545,-19.874203,-19.863678,586.241516,-0.009300,-0.002514,0.000563,0.105000,0.105029,-0.071956,83460.992188,0.966170,0.000000,0.000000,0.000000,0.000000,0.000000,0.000000,0.000000,0.000000,0.000000,-58.098408,1918.718872
27.912326,2.000000,-3888.406982,0.865946,1280.126543,581.710815,1905.508545,313.519653,315.295685,317.852862,-15.858718,-0.061933,3.663014,-59.104008,-19.872562,-19.864580,583.228455,-0.009312,-0.002510,0.000564,0.105000,0.105026,-0.071804,83460.992188,0.965665,0.000000,0.000000,0.000000,0.000000,0.000000,0.000000,0.000000,0.000000,0.000000,-58.102947,1908.885254
27.962918,2.000000,-3880.089355,0.875392,1277.136186,578.451599,1895.628906,313.615540,315.390381,317.905332,-15.862345,-0.062206,3.657914,-59.108711,-19.870996,-19.865499,580.201050,-0.009338,-0.002509,0.000565,0.105000,0.105023,-0.071639,83460.992188,0.965201,0.000000,0.000000,0.000000,0.000000,0.000000,0.000000,0.000000,0.000000,0.000000,-58.107685,1899.616089
28.014331,2.000000,-3871.749023,0.884782,1274.097045,575.343262,1885.723022,313.713379,315.485077,317.957743,-15.866019,-0.062476,3.652833,-59.113678,-19.869516,-19.866432,577.165466,-0.009361,-0.002504,0.000566,0.105000,0.105021,-0.071308,83460.992188,0.964776,0.000000,0.000000,0.000000,0.000000,0.000000,0.000000,0.000000,0.000000,0.000000,-58.112751,1889.710205
28.067214,2.000000,-3863.139404,0.894391,1270.970742,572.175476,1875.498535,313.813599,315.582916,318.011606,-15.869793,-0.062743,3.647670,-59.118950,-19.868047,-19.867413,574.031799,-0.009368,-0.002500,0.000567,0.105000,0.105019,-0.071213,83460.992188,0.964313,0.000000,0.000000,0.000000,0.000000,0.000000,0.000000,0.000000,0.000000,0.000000,-58.118107,1879.485718
28.119426,2.000000,-3854.505371,0.903940,1267.883825,569.047668,1865.245483,313.912384,315.681030,318.065441,-15.873507,-0.063000,3.642648,-59.124435,-19.866646,-19.868406,570.889282,-0.009406,-0.002496,0.000568,0.105000,0.105017,-0.071112,83460.992188,0.963883,0.000000,0.000000,0.000000,0.000000,0.000000,0.000000,0.000000,0.000000,0.000000,-58.123592,1869.232666
28.171403,2.000000,-3846.164307,0.913082,1264.810515,565.933655,1855.341309,314.010773,315.775635,318.117199,-15.877211,-0.063254,3.637723,-59.129910,-19.865362,-19.869381,567.853394,-0.009391,-0.002493,0.000569,0.105000,0.105015,-0.071040,83460.992188,0.963458,0.000000,0.000000,0.000000,0.000000,0.000000,0.000000,0.000000,0.000000,0.000000,-58.129230,1857.838379
28.223125,2.000000,-3837.652100,0.922327,1261.751989,562.834473,1845.234497,314.108582,315.872162,318.169787,-15.880886,-0.063493,3.632900,-59.135685,-19.864124,-19.870386,564.755188,-0.009422,-0.002489,0.000570,0.105000,0.105014,-0.070948,83460.992188,0.963060,0.000000,0.000000,0.000000,0.000000,0.000000,0.000000,0.000000,0.000000,0.000000,-58.135036,1847.731689
28.275724,2.000000,-3829.133545,0.931495,1258.641292,559.758240,1835.120728,314.208038,315.968628,318.222227,-15.884615,-0.063733,3.628065,-59.141628,-19.862946,-19.871401,561.654663,-0.009427,-0.002485,0.000571,0.105000,0.105012,-0.070870,83460.992188,0.962661,0.000000,0.000000,0.000000,0.000000,0.000000,0.000000,0.000000,0.000000,0.000000,-58.141106,1837.617920
28.329936,2.000000,-3820.235107,0.940981,1255.434866,556.601318,1824.556763,314.310577,316.069244,318.276773,-15.888455,-0.063962,3.623157,-59.148022,-19.861788,-19.872473,558.415894,-0.009460,-0.002481,0.000571,0.105000,0.105011,-0.070782,83460.992188,0.962264,0.000000,0.000000,0.000000,0.000000,0.000000,0.000000,0.000000,0.000000,0.000000,-58.147541,1827.053955
28.384507,2.000000,-3811.397705,0.950310,1252.206851,553.423218,1814.065918,314.413574,316.168762,318.330726,-15.892323,-0.064186,3.618283,-59.154541,-19.860702,-19.873550,555.199341,-0.009471,-0.002476,0.000572,0.105000,0.105010,-0.070724,83460.992188,0.961826,0.000000,0.000000,0.000000,0.000000,0.000000,0.000000,0.000000,0.000000,0.000000,-58.154202,1816.570068
28.438381,2.000000,-3802.480225,0.959632,1249.019707,550.285095,1803.480469,314.515289,316.269989,318.385005,-15.896134,-0.064401,3.613535,-59.161293,-19.859670,-19.874645,551.953674,-0.009516,-0.002471,0.000573,0.105000,0.105009,-0.070700,83460.992188,0.961539,0.000000,0.000000,0.000000,0.000000,0.000000,0.000000,0.000000,0.000000,0.000000,-58.160938,1805.984619
28.491110,2.000000,-3793.870361,0.968543,1245.899949,547.213501,1793.260986,314.614685,316.367126,318.437089,-15.899865,-0.064603,3.608947,-59.167942,-19.858733,-19.875713,548.819946,-0.009537,-0.002468,0.000574,0.105000,0.105008,-0.070718,83460.992188,0.961176,0.000000,0.000000,0.000000,0.000000,0.000000,0.000000,0.000000,0.000000,0.000000,-58.167667,1795.765137
28.542914,2.000000,-3785.362061,0.977263,1242.834571,544.195435,1783.162476,314.712250,316.463226,318.488462,-15.903536,-0.064798,3.604488,-59.174675,-19.857863,-19.876776,545.723145,-0.009566,-0.002463,0.000575,0.105000,0.105007,-0.070759,83460.992188,0.960866,0.000000,0.000000,0.000000,0.000000,0.000000,0.000000,0.000000,0.000000,0.000000,-58.174435,1785.666504
28.599298,2.000000,-3776.220703,0.986539,1239.497782,540.910095,1772.312866,314.818451,316.565887,318.543453,-15.907527,-0.064999,3.599705,-59.182068,-19.856990,-19.877922,542.395996,-0.009579,-0.002458,0.000575,0.105000,0.105006,-0.070768,83460.992188,0.960472,0.000000,0.000000,0.000000,0.000000,0.000000,0.000000,0.000000,0.000000,0.000000,-58.181973,1775.516479
28.654855,2.000000,-3767.146729,0.995651,1236.209517,537.672485,1761.543823,314.922943,316.668213,318.597732,-15.911463,-0.065188,3.595052,-59.189552,-19.856186,-19.879070,539.093323,-0.009602,-0.002452,0.000576,0.105000,0.105006,-0.070814,83460.992188,0.960175,0.000000,0.000000,0.000000,0.000000,0.000000,0.000000,0.000000,0.000000,0.000000,-58.189545,1764.747437
28.708199,2.000000,-3758.391602,1.004352,1233.051838,534.563538,1751.153687,315.023132,316.766876,318.649905,-15.915239,-0.065354,3.590631,-59.196903,-19.855461,-19.880186,535.906738,-0.009630,-0.002446,0.000577,0.105000,0.105005,-0.070904,83460.992188,0.959881,0.000000,0.000000,0.000000,0.000000,0.000000,0.000000,0.000000,0.000000,0.000000,-58.196941,1754.357422
28.760432,2.000000,-3749.751221,1.012854,1229.959541,531.518860,1740.900146,315.121155,316.864075,318.701307,-15.918950,-0.065510,3.586338,-59.204277,-19.854789,-19.881294,532.761902,-0.009674,-0.002442,0.000577,0.105000,0.105005,-0.071020,83460.992188,0.959599,0.000000,0.000000,0.000000,0.000000,0.000000,0.000000,0.000000,0.000000,0.000000,-58.204311,1744.721802
28.811528,2.000000,-3741.358154,1.021029,1226.934181,528.539978,1730.940674,315.217102,316.958466,318.750959,-15.922577,-0.065657,3.582195,-59.211578,-19.854195,-19.882378,529.707031,-0.009708,-0.002439,0.000578,0.105000,0.105004,-0.071091,83460.992188,0.959352,0.000000,0.000000,0.000000,0.000000,0.000000,0.000000,0.000000,0.000000,0.000000,-58.211651,1734.762207
28.864174,2.000000,-3732.821045,1.029263,1223.816657,525.470276,1720.810303,315.315765,317.054321,318.801382,-15.926325,-0.065802,3.577948,-59.219093,-19.853622,-19.883482,526.599792,-0.009719,-0.002433,0.000578,0.105000,0.105004,-0.071257,83460.992188,0.959059,0.000000,0.000000,0.000000,0.000000,0.000000,0.000000,0.000000,0.000000,0.000000,-58.219303,1724.631836
28.916474,2.000000,-3724.285156,1.037412,1220.719222,522.420410,1710.681519,315.413757,317.150024,318.851657,-15.930063,-0.065935,3.573759,-59.226727,-19.853095,-19.884588,523.492981,-0.009739,-0.002428,0.000579,0.105000,0.105003,-0.071424,83460.992188,0.958765,0.000000,0.000000,0.000000,0.000000,0.000000,0.000000,0.000000,0.000000,0.000000,-58.227036,1714.503052
28.970103,2.000000,-3715.522949,1.045690,1217.542658,519.292542,1700.284790,315.514160,317.248108,318.903059,-15.933904,-0.066061,3.569510,-59.234684,-19.852604,-19.885735,520.303833,-0.009765,-0.002423,0.000579,0.105000,0.105003,-0.071588,83460.992188,0.958477,0.000000,0.000000,0.000000,0.000000,0.000000,0.000000,0.000000,0.000000,0.000000,-58.235081,1704.649902
29.020188,2.000000,-3707.262695,1.053413,1214.575612,516.371033,1690.483521,315.607788,317.340912,318.951228,-15.937466,-0.066179,3.566078,-59.242504,-19.852256,-19.868574,517.297729,0.004770,-0.002359,0.000589,0.105000,0.105003,-0.066708,83460.992188,0.939479,0.000000,0.000000,0.000000,0.000000,0.000000,0.000000,0.000000,0.000000,0.000000,-58.244118,1694.848633
29.071967,2.000000,-3698.737549,1.061305,1211.506915,513.349487,1680.365723,315.704498,317.438110,318.981156,-15.937745,-0.066410,3.578203,-59.282036,-19.862749,-19.803675,514.203430,0.046897,-0.002214,0.000663,0.105000,0.105003,0.074232,83460.992188,0.848606,0.000000,0.000000,0.000000,0.000000,0.000000,0.000000,0.000000,0.000000,0.000000,-58.288975,1684.730835
29.124981,2.000000,-3690.065674,1.069265,1208.361639,510.252380,1670.062622,315.803253,317.536194,318.986198,-15.926487,-0.066664,3.613204,-59.356483,-19.885449,-19.736860,511.067108,0.078050,-0.002177,0.000727,0.105000,0.105002,0.347394,83460.992188,0.803200,0.000000,0.000000,0.000000,0.000000,0.000000,0.000000,0.000000,0.000000,0.000000,-58.366390,1674.427734
29.177474,2.000000,-3681.487061,1.077078,1205.242815,507.181152,1659.854248,315.900604,317.632294,318.979317,-15.899040,-0.066896,3.668729,-59.444683,-19.913072,-19.669889,507.975739,0.100790,-0.002147,0.000779,0.105000,0.105002,0.682308,83460.992188,0.788561,0.000000,0.000000,0.000000,0.000000,0.000000,0.000000,0.000000,0.000000,0.000000,-58.455902,1664.849609
29.229455,2.000000,-3672.928711,1.084812,1202.149751,504.135376,1649.652100,315.996307,317.726990,318.969469,-15.853790,-0.067104,3.742053,-59.534447,-19.941340,-19.602179,504.902740,0.118222,-0.002119,0.000821,0.105000,0.105002,1.037939,83460.992188,0.795159,0.000000,0.000000,0.000000,0.000000,0.000000,0.000000,0.000000,0.000000,0.000000,-58.545059,1654.647339
29.279693,2.000000,-3664.738770,1.092154,1199.156169,501.187378,1639.872803,316.087585,317.815857,318.962470,-15.792400,-0.067281,3.828251,-59.614395,-19.966408,-19.536552,501.972382,0.130360,-0.002090,0.000854,0.105000,0.105002,1.382138,83460.992188,0.817587,0.000000,0.000000,0.000000,0.000000,0.000000,0.000000,0.000000,0.000000,0.000000,-58.624283,1644.868164
29.331110,2.000000,-3656.387939,1.099578,1196.088555,498.166382,1629.886963,316.179443,317.905151,318.961936,-15.712052,-0.067433,3.929618,-59.683537,-19.987764,-19.468832,498.994873,0.139466,-0.002067,0.000881,0.105000,0.105001,1.718344,83460.992188,0.845604,0.000000,0.000000,0.000000,0.000000,0.000000,0.000000,0.000000,0.000000,0.000000,-58.692478,1634.882324
29.386944,2.000000,-3647.144043,1.107713,1192.754021,494.823914,1618.819702,316.276825,318.001343,318.972436,-15.606136,-0.067575,4.051502,-59.740425,-20.004699,-19.392984,495.711151,0.147489,-0.002041,0.000905,0.105000,0.105001,2.050253,83460.992188,0.886901,0.000000,0.000000,0.000000,0.000000,0.000000,0.000000,0.000000,0.000000,0.000000,-58.746407,1624.302368
29.443175,2.000000,-3637.925781,1.115732,1189.393376,491.463440,1607.773315,316.371643,318.094116,318.994355,-15.481669,-0.067676,4.184563,-59.775791,-20.014335,-19.316488,492.449341,0.145020,-0.002020,0.000923,0.105000,0.105001,2.351796,83460.992188,0.942451,0.000000,0.000000,0.000000,0.000000,0.000000,0.000000,0.000000,0.000000,0.000000,-58.778641,1613.255981
29.499207,2.000000,-3628.748291,1.123610,1186.044102,488.114136,1596.772827,316.462402,318.182831,319.043176,-15.344029,-0.067743,4.314805,-59.767075,-20.008829,-19.239603,489.214630,0.126617,-0.001993,0.000936,0.105000,0.105001,2.529405,83460.992188,1.040289,0.000000,0.000000,0.000000,0.000000,0.000000,0.000000,0.000000,0.000000,0.000000,-58.764259,1602.255371
29.555527,2.000000,-3619.543213,1.131387,1182.679667,484.750122,1585.746582,316.549377,318.267609,319.116142,-15.198778,-0.067777,4.439419,-59.717495,-19.989337,-19.161934,485.982849,0.119033,-0.001973,0.000945,0.105000,0.105001,2.614159,83460.992188,1.098476,0.000000,0.000000,0.000000,0.000000,0.000000,0.000000,0.000000,0.000000,0.000000,-58.711079,1591.229248
29.605933,2.000000,-3611.255859,1.138272,1179.671684,481.742371,1575.831665,316.623138,318.339752,319.192963,-15.065856,-0.067783,4.546734,-59.650650,-19.964305,-19.091629,483.084167,0.116434,-0.001956,0.000951,0.105000,0.105001,2.653909,83460.992188,1.134497,0.000000,0.000000,0.000000,0.000000,0.000000,0.000000,0.000000,0.000000,0.000000,-58.642242,1581.383423
29.662064,2.000000,-3602.075928,1.145761,1176.326659,478.397705,1564.866211,316.700562,318.415344,319.285742,-14.916055,-0.067759,4.662218,-59.558693,-19.930617,-19.013399,479.885223,0.115612,-0.001942,0.000957,0.105000,0.105001,2.680182,83460.992188,1.165931,0.000000,0.000000,0.000000,0.000000,0.000000,0.000000,0.000000,0.000000,0.000000,-58.548100,1570.417969
29.712491,2.000000,-3593.795166,1.152387,1173.326430,475.397705,1554.993652,316.765594,318.479523,319.374249,-14.780454,-0.067707,4.762684,-59.462437,-19.895855,-18.942568,477.010437,0.115716,-0.001928,0.000960,0.105000,0.105001,2.696348,83460.992188,1.190351,0.000000,0.000000,0.000000,0.000000,0.000000,0.000000,0.000000,0.000000,0.000000,-58.450413,1560.545410
29.763311,2.000000,-3585.432861,1.158950,1170.308107,472.379639,1545.043701,316.826813,318.540497,319.467295,-14.643064,-0.067628,4.860997,-59.353825,-19.857025,-18.870815,474.117737,0.116177,-0.001915,0.000963,0.105000,0.105001,2.709363,83460.992188,1.212966,0.000000,0.000000,0.000000,0.000000,0.000000,0.000000,0.000000,0.000000,0.000000,-58.340698,1550.595459
29.813861,2.000000,-3577.146729,1.165322,1167.311630,469.383423,1535.206177,316.883179,318.597290,319.562506,-14.505795,-0.067521,4.955991,-59.235668,-19.815132,-18.799528,471.261658,0.116794,-0.001901,0.000965,0.105000,0.105001,2.720735,83460.992188,1.234175,0.000000,0.000000,0.000000,0.000000,0.000000,0.000000,0.000000,0.000000,0.000000,-58.221062,1540.727295
29.869150,2.000000,-3568.068604,1.172149,1164.041478,466.113770,1524.455566,316.939636,318.655121,319.669878,-14.355032,-0.067377,5.056816,-59.094772,-19.765531,-18.721256,468.144318,0.117543,-0.001885,0.000966,0.105000,0.105000,2.732294,83460.992188,1.256387,0.000000,0.000000,0.000000,0.000000,0.000000,0.000000,0.000000,0.000000,0.000000,-58.078770,1529.976563
29.924295,2.000000,-3558.993408,1.178808,1160.788041,462.860901,1513.738647,316.990662,318.708130,319.779889,-14.204035,-0.067200,5.154344,-58.942490,-19.712268,-18.642860,465.040222,0.118318,-0.001871,0.000967,0.105000,0.105000,2.743338,83460.992188,1.277738,0.000000,0.000000,0.000000,0.000000,0.000000,0.000000,0.000000,0.000000,0.000000,-57.925446,1519.259766
29.977054,2.000000,-3550.363525,1.184982,1157.683561,459.756836,1503.577881,317.034302,318.754242,319.886727,-14.059011,-0.067004,5.244878,-58.787373,-19.658312,-18.568211,462.099792,0.119060,-0.001856,0.000967,0.105000,0.105000,2.753656,83460.992188,1.297439,0.000000,0.000000,0.000000,0.000000,0.000000,0.000000,0.000000,0.000000,0.000000,-57.768379,1509.055054
30.028361,2.000000,-3541.951416,1.190851,1154.672716,456.746460,1493.703125,317.072052,318.795563,319.992764,-13.917463,-0.066789,5.330425,-58.626823,-19.602722,-18.495373,459.244202,0.119776,-0.001844,0.000967,0.105000,0.105000,2.763531,83460.992188,1.316042,0.000000,0.000000,0.000000,0.000000,0.000000,0.000000,0.000000,0.000000,0.000000,-57.606220,1499.180176
30.082612,2.000000,-3533.127930,1.196844,1151.498446,453.572632,1483.379150,317.106964,318.834534,320.105653,-13.767245,-0.066537,5.418305,-58.448830,-19.541354,-18.418936,456.260223,0.120522,-0.001829,0.000966,0.105000,0.105000,2.773830,83460.992188,1.335057,0.000000,0.000000,0.000000,0.000000,0.000000,0.000000,0.000000,0.000000,0.000000,-57.424965,1488.856201
30.135540,2.000000,-3524.361328,1.202629,1148.411316,450.486023,1473.157471,317.135834,318.869446,320.219283,-13.620152,-0.066261,5.501572,-58.262520,-19.477370,-18.342983,453.306885,0.121237,-0.001814,0.000965,0.105000,0.105000,2.783764,83460.992188,1.353200,0.000000,0.000000,0.000000,0.000000,0.000000,0.000000,0.000000,0.000000,0.000000,-57.238678,1478.634644
30.187728,2.000000,-3515.850586,1.208081,1145.377238,447.452271,1463.269287,317.159698,318.899109,320.331015,-13.474608,-0.066009,5.581373,-58.072929,-19.412473,-18.269257,450.450623,0.121955,-0.001690,0.000931,0.105000,0.105000,2.793235,83460.992188,1.370346,0.000000,0.000000,0.000000,0.000000,0.000000,0.000000,0.000000,0.000000,0.000000,-57.046192,1468.775513
30.243076,2.000000,-3506.671143,1.213761,1142.170702,444.245911,1452.645386,317.179779,318.926605,320.452742,-13.319715,-0.065780,5.663605,-57.859173,-19.339533,-18.189789,447.381897,0.122701,-0.001684,0.000880,0.105000,0.105000,2.803191,83460.992188,1.388137,0.000000,0.000000,0.000000,0.000000,0.000000,0.000000,0.000000,0.000000,0.000000,-56.832787,1458.151489
30.296324,2.000000,-3497.862549,1.219015,1139.097204,441.172424,1442.492188,317.194305,318.949432,320.570733,-13.170197,-0.065528,5.740456,-57.645306,-19.266757,-18.113609,444.448853,0.123445,-0.001686,0.000838,0.105000,0.105000,2.812338,83460.992188,1.404549,0.000000,0.000000,0.000000,0.000000,0.000000,0.000000,0.000000,0.000000,0.000000,-56.618801,1447.998413
30.347846,2.000000,-3489.456787,1.223846,1136.134379,438.209656,1432.842407,317.204010,318.967041,320.683799,-13.025056,-0.065256,5.812788,-57.433426,-19.194859,-18.041000,441.660583,0.124120,-0.001695,0.000804,0.105000,0.105000,2.821359,83460.992188,1.420005,0.000000,0.000000,0.000000,0.000000,0.000000,0.000000,0.000000,0.000000,0.000000,-56.403812,1438.348511
30.399700,2.000000,-3480.838379,1.228612,1133.163852,435.239014,1422.989502,317.209229,318.981262,320.800069,-12.878507,-0.064952,5.883649,-57.208492,-19.118725,-17.966669,438.812561,0.124772,-0.001700,0.000776,0.105000,0.105000,2.830479,83460.992188,1.435300,0.000000,0.000000,0.000000,0.000000,0.000000,0.000000,0.000000,0.000000,0.000000,-56.179760,1428.498169
30.451997,2.000000,-3472.230225,1.233185,1130.179923,432.255249,1413.191284,317.210205,318.991394,320.916369,-12.730230,-0.064617,5.953197,-56.976231,-19.040303,-17.892570,435.978851,0.125410,-0.001703,0.000752,0.105000,0.105000,2.839640,83460.992188,1.450244,0.000000,0.000000,0.000000,0.000000,0.000000,0.000000,0.000000,0.000000,0.000000,-55.946159,1418.699951
30.507610,2.000000,-3463.010742,1.237871,1127.020400,429.095825,1402.746338,317.206573,318.997681,321.040796,-12.572028,-0.064232,6.025124,-56.719292,-18.953760,-17.813393,432.955933,0.126071,-0.001707,0.000732,0.105000,0.105000,2.849307,83460.992188,1.465724,0.000000,0.000000,0.000000,0.000000,0.000000,0.000000,0.000000,0.000000,0.000000,-55.689556,1408.255005
30.559572,2.000000,-3454.487549,1.242007,1124.081421,426.156921,1393.136353,317.198822,318.999329,321.155820,-12.423743,-0.063850,6.090292,-56.474258,-18.871405,-17.740379,430.172424,0.123159,-0.001711,0.000716,0.105000,0.105000,2.856095,83460.992188,1.485722,0.000000,0.000000,0.000000,0.000000,0.000000,0.000000,0.000000,0.000000,0.000000,-55.441841,1398.645020
30.611003,2.000000,-3445.967529,1.245953,1121.185507,423.261108,1383.576172,317.187225,318.996613,321.274285,-12.277311,-0.063449,6.149796,-56.215748,-18.784654,-17.667612,427.400574,0.115893,-0.001711,0.000703,0.105000,0.105000,2.834351,83460.992188,1.516423,0.000000,0.000000,0.000000,0.000000,0.000000,0.000000,0.000000,0.000000,0.000000,-55.182392,1389.178467
30.662954,2.000000,-3437.399170,1.249725,1118.274232,420.349976,1374.011108,317.171600,318.989349,321.396635,-12.131298,-0.062989,6.203754,-55.942291,-18.693019,-17.594702,424.623688,0.109654,-0.001859,0.000666,0.105000,0.105000,2.786725,83460.992188,1.539284,0.000000,0.000000,0.000000,0.000000,0.000000,0.000000,0.000000,0.000000,0.000000,-54.907227,1379.613403
30.715053,2.000000,-3428.798828,1.253311,1115.369299,417.445007,1364.462280,317.152069,318.977112,321.519876,-11.987792,-0.062348,6.251805,-55.657677,-18.597835,-17.521822,421.847229,0.104028,-0.002018,0.000588,0.105000,0.105000,2.724163,83460.992188,1.556651,0.000000,0.000000,0.000000,0.000000,0.000000,0.000000,0.000000,0.000000,0.000000,-54.621349,1370.064575
30.771120,2.000000,-3419.581055,1.256933,1112.259989,414.335754,1354.286987,317.126953,318.958710,321.651035,-11.837328,-0.061593,6.296806,-55.343758,-18.493068,-17.444073,418.883453,0.098459,-0.002079,0.000514,0.105000,0.105000,2.646188,83460.992188,1.571711,0.000000,0.000000,0.000000,0.000000,0.000000,0.000000,0.000000,0.000000,0.000000,-54.304859,1359.889404
30.824806,2.000000,-3410.750000,1.260187,1109.299590,411.375305,1344.598022,317.099182,318.936310,321.775225,-11.697578,-0.060831,6.333448,-55.036068,-18.390571,-17.369972,416.055603,0.093566,-0.002125,0.000453,0.105000,0.105000,2.564323,83460.992188,1.583182,0.000000,0.000000,0.000000,0.000000,0.000000,0.000000,0.000000,0.000000,0.000000,-53.994881,1350.093750
30.878686,2.000000,-3402.035156,1.263190,1106.345378,408.421143,1335.093750,317.067902,318.910553,321.896033,-11.561887,-0.060046,6.364034,-54.727173,-18.287834,-17.297224,413.276123,0.089035,-0.002168,0.000401,0.105000,0.105000,2.477606,83460.992188,1.591982,0.000000,0.000000,0.000000,0.000000,0.000000,0.000000,0.000000,0.000000,0.000000,-53.678413,1340.589478
30.934337,2.000000,-3392.623291,1.266204,1103.312121,405.387939,1324.894531,317.032288,318.879028,322.024226,-11.426732,-0.059216,6.389329,-54.389095,-18.175553,-17.219101,410.286743,0.084389,-0.002210,0.000355,0.105000,0.105000,2.385082,83460.992188,1.599664,0.000000,0.000000,0.000000,0.000000,0.000000,0.000000,0.000000,0.000000,0.000000,-53.347168,1330.390259
30.985619,2.000000,-3384.090332,1.268731,1100.533340,402.609131,1315.706665,316.996826,318.847565,322.138094,-11.306789,-0.058436,6.407160,-54.079433,-18.072847,-17.148678,407.587646,0.080737,-0.002244,0.000318,0.105000,0.105000,2.298174,83460.992188,1.603885,0.000000,0.000000,0.000000,0.000000,0.000000,0.000000,0.000000,0.000000,0.000000,-53.038898,1321.202271
31.036460,2.000000,-3375.682129,1.271031,1097.794100,399.869812,1306.707642,316.959473,318.814270,322.247898,-11.192264,-0.057655,6.419995,-53.772579,-17.971183,-17.079660,404.938324,0.077381,-0.002278,0.000287,0.105000,0.105000,2.212449,83460.992188,1.606461,0.000000,0.000000,0.000000,0.000000,0.000000,0.000000,0.000000,0.000000,0.000000,-52.731586,1312.260010
31.087531,2.000000,-3367.288574,1.273141,1095.058221,397.133972,1297.779053,316.919952,318.778961,322.355003,-11.081577,-0.056867,6.428318,-53.465336,-17.869490,-17.011145,402.303864,0.074279,-0.002310,0.000260,0.105000,0.105000,2.127586,83460.992188,1.607588,0.000000,0.000000,0.000000,0.000000,0.000000,0.000000,0.000000,0.000000,0.000000,-52.421936,1303.331421
31.138613,2.000000,-3358.790283,1.275090,1092.337579,394.413208,1288.794800,316.878662,318.741089,322.460743,-10.975155,-0.056076,6.432356,-53.154011,-17.766540,-16.942167,399.646912,0.071376,-0.002337,0.000237,0.105000,0.105000,2.044645,83460.992188,1.607343,0.000000,0.000000,0.000000,0.000000,0.000000,0.000000,0.000000,0.000000,0.000000,-52.111958,1294.347168
31.189996,2.000000,-3350.330078,1.276844,1089.616868,391.692444,1279.906006,316.835663,318.701996,322.563191,-10.872310,-0.055277,6.432417,-52.844448,-17.664260,-16.873882,397.012238,0.068734,-0.002363,0.000217,0.105000,0.105000,1.963709,83460.992188,1.605950,0.000000,0.000000,0.000000,0.000000,0.000000,0.000000,0.000000,0.000000,0.000000,-51.800510,1285.458374
31.240722,2.000000,-3341.853760,1.278418,1086.946608,389.022217,1271.055176,316.792084,318.661499,322.662851,-10.774787,-0.054494,6.428854,-52.535233,-17.562181,-16.805845,394.382935,0.066308,-0.002387,0.000200,0.105000,0.105000,1.886725,83460.992188,1.603549,0.000000,0.000000,0.000000,0.000000,0.000000,0.000000,0.000000,0.000000,0.000000,-51.493961,1276.535645
31.291793,2.000000,-3333.446777,1.279797,1084.273859,386.349304,1262.331299,316.747345,318.620056,322.758715,-10.680459,-0.053712,6.421949,-52.229980,-17.461487,-16.738745,391.785400,0.064141,-0.002412,0.000186,0.105000,0.105000,1.812525,83460.992188,1.600117,0.000000,0.000000,0.000000,0.000000,0.000000,0.000000,0.000000,0.000000,0.000000,-51.186741,1267.811890
31.343327,2.000000,-3324.896729,1.281018,1081.592734,383.668213,1253.513672,316.701477,318.576874,322.853125,-10.589024,-0.052928,6.411922,-51.921436,-17.359780,-16.670872,389.154083,0.062145,-0.002435,0.000173,0.105000,0.105000,1.741347,83460.992188,1.595822,0.000000,0.000000,0.000000,0.000000,0.000000,0.000000,0.000000,0.000000,0.000000,-50.878616,1258.994141
31.395508,2.000000,-3316.224121,1.282071,1078.894067,380.969360,1244.625732,316.654633,318.532288,322.945666,-10.500068,-0.052140,6.398983,-51.610855,-17.257473,-16.602407,386.495819,0.060332,-0.002453,0.000163,0.105000,0.105000,1.673279,83460.992188,1.590739,0.000000,0.000000,0.000000,0.000000,0.000000,0.000000,0.000000,0.000000,0.000000,-50.568970,1250.106323
31.447703,2.000000,-3307.500732,1.282944,1076.210763,378.286011,1235.742188,316.607513,318.486450,323.035449,-10.414530,-0.051361,6.383557,-51.301235,-17.155551,-16.533915,383.832916,0.058712,-0.002473,0.000154,0.105000,0.105000,1.609380,83460.992188,1.584910,0.000000,0.000000,0.000000,0.000000,0.000000,0.000000,0.000000,0.000000,0.000000,-50.261955,1241.298218
31.502529,2.000000,-3298.395020,1.283658,1073.409330,375.484375,1226.528687,316.558014,318.438446,323.125647,-10.328133,-0.050546,6.365026,-50.981335,-17.050315,-16.462809,381.064972,0.057249,-0.002490,0.000147,0.105000,0.105000,1.546808,83460.992188,1.578320,0.000000,0.000000,0.000000,0.000000,0.000000,0.000000,0.000000,0.000000,0.000000,-49.942688,1232.084839
31.556416,2.000000,-3289.497070,1.284166,1070.672823,372.747986,1217.583618,316.509644,318.390839,323.210358,-10.246420,-0.049751,6.344832,-50.672279,-16.948710,-16.393698,378.371704,0.056022,-0.002505,0.000141,0.105000,0.105000,1.490002,83460.992188,1.571328,0.000000,0.000000,0.000000,0.000000,0.000000,0.000000,0.000000,0.000000,0.000000,-49.632416,1223.139648
31.607298,2.000000,-3281.057373,1.284474,1068.104197,370.179443,1209.151367,316.464355,318.345123,323.287417,-10.171960,-0.049010,6.324250,-50.382591,-16.853535,-16.328476,375.827606,0.055020,-0.002519,0.000137,0.105000,0.105000,1.440720,83460.992188,1.564358,0.000000,0.000000,0.000000,0.000000,0.000000,0.000000,0.000000,0.000000,0.000000,-49.342869,1214.631104
31.663419,2.000000,-3271.711914,1.284620,1065.288055,367.363281,1199.872681,316.415009,318.294189,323.369132,-10.092600,-0.048221,6.300175,-50.065910,-16.749558,-16.256607,373.022400,0.054072,-0.002480,0.000144,0.105000,0.105000,1.391321,83460.992188,1.556228,0.000000,0.000000,0.000000,0.000000,0.000000,0.000000,0.000000,0.000000,0.000000,-49.027557,1205.352295
31.714687,2.000000,-3263.205566,1.284579,1062.730808,364.806030,1191.479980,316.370575,318.247406,323.440110,-10.022396,-0.047567,6.277208,-49.781555,-16.656260,-16.191513,370.479950,0.053337,-0.002412,0.000170,0.105000,0.105000,1.350774,83460.992188,1.548726,0.000000,0.000000,0.000000,0.000000,0.000000,0.000000,0.000000,0.000000,0.000000,-48.743343,1196.959595
31.771044,2.000000,-3253.916748,1.284345,1059.936399,362.011597,1182.371460,316.322571,318.196167,323.513965,-9.947483,-0.046932,6.251169,-49.475300,-16.555845,-16.120752,367.715424,0.052669,-0.002328,0.000217,0.105000,0.105000,1.310957,83460.992188,1.540412,0.000000,0.000000,0.000000,0.000000,0.000000,0.000000,0.000000,0.000000,0.000000,-48.435184,1187.851074
31.823563,2.000000,-3245.096680,1.283943,1057.347836,359.422974,1173.776611,316.278717,318.146881,323.580524,-9.879556,-0.046409,6.226414,-49.188679,-16.461937,-16.053873,365.101837,0.052153,-0.002249,0.000272,0.105000,0.105000,1.278256,83460.992188,1.532558,0.000000,0.000000,0.000000,0.000000,0.000000,0.000000,0.000000,0.000000,0.000000,-48.152077,1179.368652
31.876215,2.000000,-3236.375000,1.283372,1054.767534,356.842712,1165.327881,316.235657,318.097839,323.643078,-9.813070,-0.045949,6.201330,-48.909203,-16.370433,-15.988010,362.528320,0.051733,-0.002165,0.000336,0.105000,0.105000,1.249465,83460.992188,1.524809,0.000000,0.000000,0.000000,0.000000,0.000000,0.000000,0.000000,0.000000,0.000000,-47.872166,1170.920044
31.928693,2.000000,-3227.677246,1.282633,1052.210315,354.285400,1156.951904,316.193726,318.048004,323.702133,-9.748208,-0.045536,6.176260,-48.634422,-16.280533,-15.922592,359.972656,0.051398,-0.002117,0.000399,0.105000,0.105000,1.224612,83460.992188,1.517173,0.000000,0.000000,0.000000,0.000000,0.000000,0.000000,0.000000,0.000000,0.000000,-47.597076,1162.543945
31.979892,2.000000,-3219.148926,1.281744,1049.729223,351.804443,1148.785767,316.153748,317.999695,323.756916,-9.686087,-0.045140,6.151909,-48.368729,-16.193669,-15.858685,357.477234,0.051139,-0.002091,0.000450,0.105000,0.105000,1.203918,83460.992188,1.509721,0.000000,0.000000,0.000000,0.000000,0.000000,0.000000,0.000000,0.000000,0.000000,-47.332386,1154.377930
32.029894,2.000000,-3210.788818,1.280716,1047.319118,349.394348,1140.825317,316.115601,317.951569,323.807636,-9.626358,-0.044756,6.128372,-48.111786,-16.109728,-15.796257,355.041077,0.050961,-0.002067,0.000491,0.105000,0.105000,1.186763,83460.992188,1.502679,0.000000,0.000000,0.000000,0.000000,0.000000,0.000000,0.000000,0.000000,0.000000,-47.077316,1146.345581
32.080510,2.000000,-3202.442871,1.279535,1044.892326,346.967651,1132.921631,316.077942,317.902802,323.855390,-9.566699,-0.044363,6.104888,-47.858646,-16.027089,-15.734144,352.618958,0.050807,-0.002041,0.000527,0.105000,0.105000,1.172162,83460.992188,1.495869,0.000000,0.000000,0.000000,0.000000,0.000000,0.000000,0.000000,0.000000,0.000000,-46.822460,1138.442017
32.130799,2.000000,-3194.027344,1.278188,1042.493901,344.569275,1124.995117,316.041473,317.853210,323.900741,-9.508086,-0.043968,6.082011,-47.606686,-15.944893,-15.671708,350.186646,0.050757,-0.002019,0.000557,0.105000,0.105000,1.160154,83460.992188,1.489302,0.000000,0.000000,0.000000,0.000000,0.000000,0.000000,0.000000,0.000000,0.000000,-46.572491,1130.515503
32.181967,2.000000,-3185.540283,1.276670,1040.066379,342.141785,1117.044312,316.004974,317.803070,323.943690,-9.449005,-0.043557,6.059277,-47.355812,-15.863110,-15.608931,347.743866,0.050729,-0.001995,0.000582,0.105000,0.105000,1.150266,83460.992188,1.482705,0.000000,0.000000,0.000000,0.000000,0.000000,0.000000,0.000000,0.000000,0.000000,-46.321362,1122.564697
32.234389,2.000000,-3176.782959,1.274938,1037.592617,339.668030,1108.885498,315.968475,317.750458,323.985244,-9.388946,-0.043125,6.036626,-47.100266,-15.779860,-15.544349,345.233978,0.050786,-0.001974,0.000604,0.105000,0.105000,1.142305,83460.992188,1.476348,0.000000,0.000000,0.000000,0.000000,0.000000,0.000000,0.000000,0.000000,0.000000,-46.067314,1114.412476
32.288366,2.000000,-3167.956055,1.273022,1035.059314,337.134766,1100.707031,315.931519,317.697357,324.024218,-9.327472,-0.042669,6.014076,-46.845936,-15.697069,-15.479436,342.715149,0.050782,-0.001952,0.000622,0.105000,0.105000,1.136265,83460.992188,1.469880,0.000000,0.000000,0.000000,0.000000,0.000000,0.000000,0.000000,0.000000,0.000000,-45.809048,1106.234009
32.342779,2.000000,-3159.253662,1.270967,1032.519581,334.594971,1092.688110,315.894928,317.644073,324.059930,-9.265774,-0.042195,5.992198,-46.598324,-15.616522,-15.415611,340.242645,0.050676,-0.001932,0.000637,0.105000,0.105000,1.132210,83460.992188,1.463901,0.000000,0.000000,0.000000,0.000000,0.000000,0.000000,0.000000,0.000000,0.000000,-45.551975,1098.214966
32.395147,2.000000,-3150.021729,1.268606,1030.088408,332.163757,1084.228394,315.860382,317.586975,324.094989,-9.206560,-0.041726,5.971985,-46.338802,-15.532159,-15.348079,337.631378,0.051171,-0.001911,0.000649,0.105000,0.105000,1.129843,83460.992188,1.458170,0.000000,0.000000,0.000000,0.000000,0.000000,0.000000,0.000000,0.000000,0.000000,-45.307491,1089.755249
32.447251,2.000000,-3141.395508,1.266233,1027.682122,329.757507,1076.366821,315.826324,317.533295,324.125095,-9.147719,-0.041246,5.952765,-46.099213,-15.454334,-15.285131,335.202301,0.051311,-0.001895,0.000659,0.105000,0.105000,1.129133,83460.992188,1.452773,0.000000,0.000000,0.000000,0.000000,0.000000,0.000000,0.000000,0.000000,0.000000,-45.067055,1081.885986
32.498137,2.000000,-3132.877686,1.263736,1025.344107,327.419434,1068.644409,315.793549,317.479828,324.152501,-9.090259,-0.040764,5.934849,-45.865189,-15.378364,-15.223108,332.814056,0.051533,-0.001877,0.000667,0.105000,0.105000,1.129672,83460.992188,1.447707,0.000000,0.000000,0.000000,0.000000,0.000000,0.000000,0.000000,0.000000,0.000000,-44.834755,1074.163574
32.551225,2.000000,-3124.143555,1.261014,1022.917472,324.992737,1060.767212,315.759644,317.424103,324.178158,-9.030249,-0.040246,5.917078,-45.627701,-15.301323,-15.159644,330.375793,0.051672,-0.001860,0.000674,0.105000,0.105000,1.131223,83460.992188,1.442916,0.000000,0.000000,0.000000,0.000000,0.000000,0.000000,0.000000,0.000000,0.000000,-44.594875,1066.286377
32.602799,2.000000,-3115.492188,1.258159,1020.572326,322.647522,1053.005737,315.726837,317.368561,324.201352,-8.971843,-0.039726,5.900724,-45.394833,-15.225826,-15.096916,327.971222,0.051939,-0.001844,0.000680,0.105000,0.105000,1.133710,83460.992188,1.438285,0.000000,0.000000,0.000000,0.000000,0.000000,0.000000,0.000000,0.000000,0.000000,-44.364185,1058.524902
32.654813,2.000000,-3106.868896,1.255157,1018.219012,320.294312,1045.308960,315.693878,317.312286,324.222174,-8.912787,-0.039188,5.885141,-45.164951,-15.151346,-15.034502,325.584900,0.052141,-0.001828,0.000684,0.105000,0.105000,1.136993,83460.992188,1.434180,0.000000,0.000000,0.000000,0.000000,0.000000,0.000000,0.000000,0.000000,0.000000,-44.133717,1050.822998
32.705661,2.000000,-3098.343750,1.252038,1015.929985,318.005371,1037.738281,315.661652,317.256317,324.240623,-8.854876,-0.038648,5.870786,-44.939735,-15.078424,-14.972903,323.236023,0.052423,-0.001812,0.000687,0.105000,0.105000,1.140919,83460.992188,1.429971,0.000000,0.000000,0.000000,0.000000,0.000000,0.000000,0.000000,0.000000,0.000000,-43.910450,1043.252319
32.755976,2.000000,-3089.964844,1.248825,1013.676080,315.751587,1030.334595,315.629578,317.200348,324.256699,-8.797357,-0.038099,5.857438,-44.720280,-15.007410,-14.912461,320.937378,0.052652,-0.001799,0.000690,0.105000,0.105000,1.145341,83460.992188,1.426487,0.000000,0.000000,0.000000,0.000000,0.000000,0.000000,0.000000,0.000000,0.000000,-43.691372,1035.848633
32.809566,2.000000,-3081.076904,1.245253,1011.287974,313.363525,1022.522217,315.595032,317.140137,324.272953,-8.736069,-0.037483,5.842561,-44.486210,-14.931662,-14.848470,318.509857,0.047535,-0.001799,0.000687,0.105000,0.105000,1.135939,83460.992188,1.435317,0.000000,0.000000,0.000000,0.000000,0.000000,0.000000,0.000000,0.000000,0.000000,-43.455967,1028.036133
32.865145,2.000000,-3071.782471,1.241347,1008.824207,310.899841,1014.395874,315.559174,317.076202,324.288406,-8.673343,-0.036836,5.826844,-44.241825,-14.852594,-14.781657,315.983154,0.049550,-0.001769,0.000690,0.105000,0.105000,1.124162,83460.992188,1.424744,0.000000,0.000000,0.000000,0.000000,0.000000,0.000000,0.000000,0.000000,0.000000,-43.213421,1019.930603
32.918030,2.000000,-3062.971680,1.237479,1006.492286,308.567993,1006.733643,315.524689,317.014984,324.299707,-8.613977,-0.036207,5.813065,-44.014698,-14.779198,-14.718425,313.599091,0.050923,-0.001753,0.000692,0.105000,0.105000,1.122260,83460.992188,1.417371,0.000000,0.000000,0.000000,0.000000,0.000000,0.000000,0.000000,0.000000,0.000000,-42.987000,1012.268433
32.970390,2.000000,-3054.352051,1.233542,1004.195219,306.270874,999.275574,315.490051,316.954620,324.308101,-8.555130,-0.035567,5.800615,-43.795818,-14.708533,-14.656645,311.277283,0.051819,-0.001738,0.000693,0.105000,0.105000,1.126188,83460.992188,1.411743,0.000000,0.000000,0.000000,0.000000,0.000000,0.000000,0.000000,0.000000,0.000000,-42.766109,1004.810303
33.026606,2.000000,-3044.959229,1.229080,1001.741834,303.817566,991.190979,315.452240,316.888306,324.314775,-8.491618,-0.034864,5.788495,-43.560043,-14.632468,-14.589413,308.759003,0.052716,-0.001722,0.000694,0.105000,0.105000,1.133709,83460.992188,1.406851,0.000000,0.000000,0.000000,0.000000,0.000000,0.000000,0.000000,0.000000,0.000000,-42.531612,996.725769
33.079653,2.000000,-3036.137207,1.224728,999.438751,301.514465,983.637390,315.415985,316.825134,324.318601,-8.431216,-0.034179,5.778292,-43.340885,-14.561822,-14.526340,306.404968,0.053327,-0.001708,0.000695,0.105000,0.105000,1.143192,83460.992188,1.403433,0.000000,0.000000,0.000000,0.000000,0.000000,0.000000,0.000000,0.000000,0.000000,-42.312542,989.205872
33.133204,2.000000,-3027.270264,1.220197,997.125541,299.201294,976.083313,315.378754,316.761078,324.320410,-8.369703,-0.033469,5.769108,-43.122269,-14.491393,-14.463005,304.049896,0.053784,-0.001692,0.000696,0.105000,0.105000,1.153690,83460.992188,1.400269,0.000000,0.000000,0.000000,0.000000,0.000000,0.000000,0.000000,0.000000,0.000000,-42.093067,981.651855
33.185668,2.000000,-3018.436768,1.215528,994.870648,296.946350,968.595764,315.341553,316.696289,324.320321,-8.308887,-0.032761,5.761143,-42.905922,-14.421732,-14.399971,301.714569,0.054335,-0.001679,0.000696,0.105000,0.105000,1.164333,83460.992188,1.397888,0.000000,0.000000,0.000000,0.000000,0.000000,0.000000,0.000000,0.000000,0.000000,-41.879421,974.164246
33.236967,2.000000,-3009.873047,1.210855,992.676636,294.752319,961.372498,315.304382,316.632813,324.318423,-8.248873,-0.032051,5.754307,-42.697350,-14.354610,-14.338914,299.460968,0.054710,-0.001665,0.000696,0.105000,0.105000,1.174826,83460.992188,1.395688,0.000000,0.000000,0.000000,0.000000,0.000000,0.000000,0.000000,0.000000,0.000000,-41.671677,966.957397
33.288194,2.000000,-3001.417725,1.206100,990.496323,292.571960,954.274963,315.266449,316.569000,324.314864,-8.188416,-0.031327,5.748334,-42.492359,-14.288672,-14.278675,297.245880,0.054916,-0.001650,0.000695,0.105000,0.105000,1.184984,83460.992188,1.394159,0.000000,0.000000,0.000000,0.000000,0.000000,0.000000,0.000000,0.000000,0.000000,-41.465149,959.859863
33.338463,2.000000,-2992.933594,1.201187,988.367054,290.442688,947.187500,315.228394,316.504364,324.309762,-8.128596,-0.030598,5.743244,-42.287453,-14.222786,-14.218278,295.033264,0.055321,-0.001637,0.000695,0.105000,0.105000,1.194463,83460.992188,1.392488,0.000000,0.000000,0.000000,0.000000,0.000000,0.000000,0.000000,0.000000,0.000000,-41.263260,952.772400
33.388841,2.000000,-2984.544922,1.196191,986.243341,288.318909,940.213196,315.189392,316.439301,324.303059,-8.068177,-0.029857,5.738859,-42.085560,-14.157900,-14.158602,292.855347,0.055548,-0.001624,0.000694,0.105000,0.105000,1.203434,83460.992188,1.391328,0.000000,0.000000,0.000000,0.000000,0.000000,0.000000,0.000000,0.000000,0.000000,-41.061626,945.798035
33.439466,2.000000,-2976.105957,1.191026,984.119447,286.194946,933.230408,315.149231,316.373169,324.294872,-8.007028,-0.029096,5.735102,-41.883053,-14.092837,-14.098605,290.674225,0.055760,-0.001612,0.000694,0.105000,0.105000,1.211820,83460.992188,1.390100,0.000000,0.000000,0.000000,0.000000,0.000000,0.000000,0.000000,0.000000,0.000000,-40.859608,938.792603
33.489593,2.000000,-2967.732666,1.185766,982.026517,284.101868,926.335083,315.108398,316.306396,324.285114,-7.946074,-0.028327,5.731977,-41.682648,-14.028479,-14.039117,288.519806,0.055942,-0.001600,0.000693,0.105000,0.105000,1.219696,83460.992188,1.389222,0.000000,0.000000,0.000000,0.000000,0.000000,0.000000,0.000000,0.000000,0.000000,-40.660084,931.897278
33.545458,2.000000,-2958.492188,1.179804,979.705794,281.781128,918.763672,315.061707,316.231323,324.272182,-7.877686,-0.027446,5.729143,-41.461926,-13.957640,-13.973508,286.153564,0.055951,-0.001588,0.000695,0.105000,0.105000,1.228005,83460.992188,1.388346,0.000000,0.000000,0.000000,0.000000,0.000000,0.000000,0.000000,0.000000,0.000000,-40.438179,924.325867
33.596299,2.000000,-2950.025146,1.174199,977.604562,279.679749,911.860962,315.018066,316.161438,324.258835,-7.815079,-0.026630,5.727057,-41.260006,-13.892855,-13.913429,283.995758,0.056045,-0.001575,0.000696,0.105000,0.105000,1.234429,83460.992188,1.387690,0.000000,0.000000,0.000000,0.000000,0.000000,0.000000,0.000000,0.000000,0.000000,-40.236568,917.423157
33.649499,2.000000,-2941.221680,1.168226,975.416828,277.491882,904.719421,314.971222,316.087708,324.243411,-7.749240,-0.025760,5.725327,-41.050385,-13.825619,-13.851003,281.762726,0.056071,-0.001560,0.000696,0.105000,0.105000,1.240142,83460.992188,1.387090,0.000000,0.000000,0.000000,0.000000,0.000000,0.000000,0.000000,0.000000,0.000000,-40.025928,910.290955
33.700912,2.000000,-2932.616211,1.162244,973.313220,275.388367,897.773254,314.924622,316.014618,324.226683,-7.685344,-0.024908,5.724081,-40.845882,-13.760050,-13.790014,279.590240,0.056198,-0.001545,0.000696,0.105000,0.105000,1.245214,83460.992188,1.386433,0.000000,0.000000,0.000000,0.000000,0.000000,0.000000,0.000000,0.000000,0.000000,-39.822788,903.344788
33.758344,2.000000,-2923.403564,1.155683,970.975753,273.050964,890.374939,314.871002,315.935181,324.207225,-7.613691,-0.023939,5.723069,-40.627186,-13.689946,-13.724762,277.275818,0.055802,-0.001532,0.000696,0.105000,0.105000,1.249769,83460.992188,1.385734,0.000000,0.000000,0.000000,0.000000,0.000000,0.000000,0.000000,0.000000,0.000000,-39.596138,895.946472
33.810794,2.000000,-2914.364502,1.149089,968.852386,270.927551,883.154236,314.820679,315.856140,324.186344,-7.548041,-0.023037,5.722510,-40.413021,-13.621319,-13.660777,275.016357,0.056264,-0.001517,0.000695,0.105000,0.105000,1.253573,83460.992188,1.385051,0.000000,0.000000,0.000000,0.000000,0.000000,0.000000,0.000000,0.000000,0.000000,-39.389561,888.725769
33.862434,2.000000,-2905.737305,1.142651,966.772393,268.847595,876.297546,314.769806,315.779541,324.164810,-7.483213,-0.022136,5.722284,-40.208977,-13.555956,-13.599739,272.870361,0.056314,-0.001505,0.000695,0.105000,0.105000,1.256994,83460.992188,1.384658,0.000000,0.000000,0.000000,0.000000,0.000000,0.000000,0.000000,0.000000,0.000000,-39.186531,881.758301
33.912600,2.000000,-2897.336182,1.136247,964.761808,266.836975,869.653381,314.719116,315.704193,324.142416,-7.420078,-0.021248,5.722329,-40.010536,-13.492404,-13.540330,270.790466,0.056369,-0.001492,0.000694,0.105000,0.105000,1.259887,83460.992188,1.384123,0.000000,0.000000,0.000000,0.000000,0.000000,0.000000,0.000000,0.000000,0.000000,-38.989578,875.114075
33.964833,2.000000,-2888.691895,1.129519,962.678904,264.754089,862.850708,314.665039,315.625275,324.117887,-7.354208,-0.020309,5.722580,-39.806534,-13.427086,-13.479233,268.660461,0.056296,-0.001477,0.000693,0.105000,0.105000,1.262133,83460.992188,1.383967,0.000000,0.000000,0.000000,0.000000,0.000000,0.000000,0.000000,0.000000,0.000000,-38.784687,868.311462
34.020475,2.000000,-2879.484131,1.122199,960.471870,262.546997,855.642395,314.605713,315.540192,324.090125,-7.283936,-0.019292,5.723026,-39.589371,-13.357570,-13.414189,266.402954,0.056229,-0.001464,0.000692,0.105000,0.105000,1.263703,83460.992188,1.383230,0.000000,0.000000,0.000000,0.000000,0.000000,0.000000,0.000000,0.000000,0.000000,-38.566624,861.103149
34.074524,2.000000,-2870.487549,1.114894,958.339633,260.414856,848.636719,314.546661,315.455841,324.061354,-7.215595,-0.018289,5.723665,-39.377537,-13.289777,-13.350668,264.208435,0.056212,-0.001450,0.000691,0.105000,0.105000,1.265033,83460.992188,1.383063,0.000000,0.000000,0.000000,0.000000,0.000000,0.000000,0.000000,0.000000,0.000000,-38.355141,854.185730
34.128781,2.000000,-2861.361572,1.107330,956.210698,258.286011,841.568237,314.485779,315.369293,324.030507,-7.146934,-0.017266,5.724461,-39.162861,-13.221090,-13.286268,261.993713,0.056315,-0.001436,0.000689,0.105000,0.105000,1.265934,83460.992188,1.382245,0.000000,0.000000,0.000000,0.000000,0.000000,0.000000,0.000000,0.000000,0.000000,-38.143108,847.117249
34.181366,2.000000,-2852.643799,1.099961,954.158344,256.233704,834.851135,314.425354,315.285309,323.999333,-7.080345,-0.016262,5.725403,-38.958122,-13.155602,-13.224775,259.888702,0.056214,-0.001422,0.000688,0.105000,0.105000,1.266744,83460.992188,1.381882,0.000000,0.000000,0.000000,0.000000,0.000000,0.000000,0.000000,0.000000,0.000000,-37.937943,840.400146
34.233128,2.000000,-2844.019775,1.092533,952.148652,254.224136,828.240234,314.364441,315.201141,323.967033,-7.014763,-0.015260,5.726449,-38.755791,-13.090896,-13.163971,257.816589,0.056168,-0.001410,0.000686,0.105000,0.105000,1.267202,83460.992188,1.381484,0.000000,0.000000,0.000000,0.000000,0.000000,0.000000,0.000000,0.000000,0.000000,-37.736229,833.789246
34.285652,2.000000,-2835.319824,1.084902,950.120063,252.195511,821.605286,314.301300,315.115143,323.932923,-6.948205,-0.014230,5.727602,-38.551872,-13.025696,-13.102657,255.736526,0.056057,-0.001397,0.000685,0.105000,0.105000,1.267247,83460.992188,1.381167,0.000000,0.000000,0.000000,0.000000,0.000000,0.000000,0.000000,0.000000,0.000000,-37.531754,827.122253
34.338780,2.000000,-2826.415771,1.076947,948.079088,250.154617,814.850281,314.235992,315.025909,323.896410,-6.880888,-0.013174,5.728842,-38.343361,-12.959041,-13.039935,253.618393,0.056102,-0.001382,0.000683,0.105000,0.105000,1.266875,83460.992188,1.380853,0.000000,0.000000,0.000000,0.000000,0.000000,0.000000,0.000000,0.000000,0.000000,-37.325146,820.367249
34.390209,2.000000,-2817.838135,1.069148,946.113835,248.189346,808.376709,314.171387,314.938995,323.859720,-6.815744,-0.012140,5.730140,-38.142769,-12.894929,-12.979536,251.588150,0.056062,-0.001369,0.000681,0.105000,0.105000,1.266539,83460.992188,1.380234,0.000000,0.000000,0.000000,0.000000,0.000000,0.000000,0.000000,0.000000,0.000000,-37.125469,813.893677
34.440329,2.000000,-2809.506592,1.061444,944.208482,246.284012,802.120605,314.107025,314.853973,323.822941,-6.752289,-0.011123,5.731482,-37.948254,-12.832760,-12.920894,249.625763,0.056030,-0.001350,0.000678,0.105000,0.105000,1.265715,83460.992188,1.379465,0.000000,0.000000,0.000000,0.000000,0.000000,0.000000,0.000000,0.000000,0.000000,-36.931232,807.637573
34.490834,2.000000,-2801.121338,1.053564,942.298353,244.373856,795.855896,314.040924,314.767395,323.784649,-6.688389,-0.010088,5.732890,-37.752766,-12.770286,-12.861897,247.660294,0.055978,-0.001337,0.000674,0.105000,0.105000,1.264836,83460.992188,1.378973,0.000000,0.000000,0.000000,0.000000,0.000000,0.000000,0.000000,0.000000,0.000000,-36.735786,801.375366
34.541848,2.000000,-2792.686523,1.045509,940.379005,242.454544,789.585876,313.972961,314.679138,323.744696,-6.623890,-0.009031,5.734365,-37.556389,-12.707539,-12.802572,245.692886,0.055876,-0.001327,0.000671,0.105000,0.105000,1.263885,83460.992188,1.378805,0.000000,0.000000,0.000000,0.000000,0.000000,0.000000,0.000000,0.000000,0.000000,-36.538651,795.105347
34.592617,2.000000,-2784.199463,1.037274,938.478869,240.554337,783.309204,313.903961,314.589508,323.703052,-6.559752,-0.007966,5.735881,-37.359001,-12.644477,-12.742900,243.723068,0.055897,-0.001314,0.000668,0.105000,0.105000,1.262899,83460.992188,1.378049,0.000000,0.000000,0.000000,0.000000,0.000000,0.000000,0.000000,0.000000,0.000000,-36.342735,788.828674
34.644266,2.000000,-2775.712158,1.028909,936.556019,238.631424,777.064575,313.832458,314.498566,323.659807,-6.494551,-0.006870,5.737469,-37.161877,-12.581515,-12.683248,241.762985,0.055713,-0.001305,0.000665,0.105000,0.105000,1.261824,83460.992188,1.377697,0.000000,0.000000,0.000000,0.000000,0.000000,0.000000,0.000000,0.000000,0.000000,-36.143700,782.584045
34.697885,2.000000,-2766.746582,1.019932,934.570731,236.646133,770.503113,313.756714,314.401123,323.612646,-6.426933,-0.005720,5.739129,-36.953884,-12.515087,-12.620256,239.703110,0.055778,-0.001289,0.000662,0.105000,0.105000,1.260366,83460.992188,1.378089,0.000000,0.000000,0.000000,0.000000,0.000000,0.000000,0.000000,0.000000,0.000000,-35.937302,776.108276
34.750125,2.000000,-2758.087402,1.011127,932.647142,234.722549,764.199951,313.681549,314.306854,323.565605,-6.361123,-0.004585,5.740817,-36.753262,-12.451020,-12.559440,237.723984,0.055677,-0.001277,0.000659,0.105000,0.105000,1.259299,83460.992188,1.376481,0.000000,0.000000,0.000000,0.000000,0.000000,0.000000,0.000000,0.000000,0.000000,-35.736629,769.805115
34.802304,2.000000,-2749.429688,1.002191,930.736276,232.811783,757.931213,313.605194,314.210846,323.516991,-6.295445,-0.003442,5.742548,-36.553005,-12.387082,-12.498652,235.755371,0.055611,-0.001266,0.000657,0.105000,0.105000,1.258153,83460.992188,1.376210,0.000000,0.000000,0.000000,0.000000,0.000000,0.000000,0.000000,0.000000,0.000000,-35.536476,763.536377
34.854001,2.000000,-2740.760986,0.993113,928.853368,230.929031,751.687744,313.528290,314.113922,323.466864,-6.230435,-0.002295,5.744304,-36.352737,-12.323144,-12.437804,233.794464,0.055676,-0.001254,0.000654,0.105000,0.105000,1.256988,83460.992188,1.375455,0.000000,0.000000,0.000000,0.000000,0.000000,0.000000,0.000000,0.000000,0.000000,-35.338478,757.292969
34.905791,2.000000,-2732.229980,0.984051,926.977347,229.052994,745.575989,313.450104,314.017334,323.416026,-6.165369,-0.001138,5.746110,-36.155949,-12.260326,-12.377940,231.874649,0.055516,-0.001243,0.000652,0.105000,0.105000,1.255887,83460.992188,1.374936,0.000000,0.000000,0.000000,0.000000,0.000000,0.000000,0.000000,0.000000,0.000000,-35.140446,751.102722
34.959544,2.000000,-2723.304932,0.974434,925.041095,227.116837,739.216553,313.367462,313.915100,323.361272,-6.097903,0.000077,5.748005,-35.950302,-12.194687,-12.315331,229.876709,0.055485,-0.001230,0.000649,0.105000,0.105000,1.254457,83460.992188,1.374617,0.000000,0.000000,0.000000,0.000000,0.000000,0.000000,0.000000,0.000000,0.000000,-34.935158,744.743286
35.010595,2.000000,-2714.772705,0.965111,923.212379,225.288162,733.169678,313.287872,313.816498,323.307438,-6.033889,0.001241,5.749876,-35.754040,-12.132050,-12.255490,227.976776,0.055513,-0.001218,0.000647,0.105000,0.105000,1.253421,83460.992188,1.373882,0.000000,0.000000,0.000000,0.000000,0.000000,0.000000,0.000000,0.000000,0.000000,-34.740589,738.696411
35.061429,2.000000,-2706.304199,0.955734,921.401316,223.477127,727.199768,313.207336,313.717529,323.252536,-5.970200,0.002410,5.751786,-35.559521,-12.069975,-12.196113,226.100784,0.055509,-0.001208,0.000645,0.105000,0.105000,1.252372,83460.992188,1.373353,0.000000,0.000000,0.000000,0.000000,0.000000,0.000000,0.000000,0.000000,0.000000,-34.547150,732.726501
35.113397,2.000000,-2697.991699,0.946409,919.560038,221.635880,721.370544,313.123779,313.619415,323.197278,-5.905141,0.003617,5.753799,-35.368858,-12.009135,-12.137843,224.268768,0.054985,-0.001199,0.000643,0.105000,0.105000,1.251392,83460.992188,1.372670,0.000000,0.000000,0.000000,0.000000,0.000000,0.000000,0.000000,0.000000,0.000000,-34.349728,726.887512
35.165720,2.000000,-2689.104248,0.936308,917.716562,219.792435,715.171692,313.038513,313.513214,323.136711,-5.839708,0.004841,5.755820,-35.165215,-11.944154,-12.075557,222.320374,0.055281,-0.001184,0.000640,0.105000,0.105000,1.249991,83460.992188,1.372383,0.000000,0.000000,0.000000,0.000000,0.000000,0.000000,0.000000,0.000000,0.000000,-34.151169,720.688660
35.219398,2.000000,-2680.311279,0.926183,915.836163,217.912003,709.072632,312.949707,313.407257,323.075283,-5.772647,0.006107,5.757954,-34.964039,-11.879964,-12.013944,220.403183,0.055086,-0.001173,0.000638,0.105000,0.105000,1.248764,83460.992188,1.371665,0.000000,0.000000,0.000000,0.000000,0.000000,0.000000,0.000000,0.000000,0.000000,-33.947853,714.589539
35.275421,2.000000,-2670.809326,0.915096,913.885238,215.961075,702.519836,312.855774,313.291473,323.007093,-5.702717,0.007439,5.760273,-34.747078,-11.810744,-11.947378,218.343124,0.055355,-0.001162,0.000636,0.105000,0.105000,1.247847,83460.992188,1.371078,0.000000,0.000000,0.000000,0.000000,0.000000,0.000000,0.000000,0.000000,0.000000,-33.736118,708.098816
35.326339,2.000000,-2662.357666,0.905105,912.122457,214.198257,696.724731,312.769012,313.187134,322.944954,-5.639233,0.008658,5.762336,-34.554180,-11.749202,-11.888186,216.521011,0.055414,-0.001150,0.000634,0.105000,0.105000,1.246162,83460.992188,1.370856,0.000000,0.000000,0.000000,0.000000,0.000000,0.000000,0.000000,0.000000,0.000000,-33.543774,702.303650
35.378042,2.000000,-2653.873535,0.894957,910.342474,212.418228,690.938477,312.679962,313.081696,322.881124,-5.574812,0.009906,5.764594,-34.361084,-11.687602,-11.828772,214.701569,0.055234,-0.001139,0.000632,0.105000,0.105000,1.245589,83460.992188,1.370099,0.000000,0.000000,0.000000,0.000000,0.000000,0.000000,0.000000,0.000000,0.000000,-33.349091,696.517395
35.433044,2.000000,-2644.788086,0.883955,908.460006,210.535721,684.776794,312.583710,312.967621,322.811214,-5.506333,0.011245,5.767012,-34.154488,-11.621694,-11.765160,212.763901,0.055182,-0.001128,0.000630,0.105000,0.105000,1.244554,83460.992188,1.369324,0.000000,0.000000,0.000000,0.000000,0.000000,0.000000,0.000000,0.000000,0.000000,-33.142216,690.355713
35.485458,2.000000,-2636.019287,0.873208,906.676695,208.752335,678.863708,312.490936,312.856415,322.742253,-5.441119,0.012531,5.769415,-33.955486,-11.558209,-11.703770,210.904297,0.055288,-0.001115,0.000627,0.105000,0.105000,1.243922,83460.992188,1.368841,0.000000,0.000000,0.000000,0.000000,0.000000,0.000000,0.000000,0.000000,0.000000,-32.945507,684.452515
35.538788,2.000000,-2627.119141,0.862169,904.872822,206.948380,672.896118,312.395203,312.742310,322.670652,-5.374797,0.013848,5.771918,-33.753769,-11.493860,-11.641470,209.027420,0.055385,-0.001103,0.000625,0.105000,0.105000,1.243171,83460.992188,1.368492,0.000000,0.000000,0.000000,0.000000,0.000000,0.000000,0.000000,0.000000,0.000000,-32.745655,678.484985
35.590338,2.000000,-2618.614990,0.851499,903.139286,205.214798,667.225952,312.301575,312.632416,322.600712,-5.310718,0.015130,5.774445,-33.561367,-11.432485,-11.581949,207.243973,0.055301,-0.001093,0.000623,0.105000,0.105000,1.242811,83460.992188,1.367636,0.000000,0.000000,0.000000,0.000000,0.000000,0.000000,0.000000,0.000000,0.000000,-32.552891,672.814819
35.645930,2.000000,-2609.323730,0.839706,901.280964,203.356339,661.066589,312.199402,312.511230,322.522764,-5.241638,0.016520,5.777263,-33.351509,-11.365538,-11.516925,205.306564,0.055397,-0.001083,0.000621,0.105000,0.105000,1.242581,83460.992188,1.366890,0.000000,0.000000,0.000000,0.000000,0.000000,0.000000,0.000000,0.000000,0.000000,-32.345406,666.655457
35.696682,2.000000,-2601.010742,0.829034,899.594526,201.669876,655.587158,312.104919,312.401794,322.451607,-5.178585,0.017798,5.779908,-33.163979,-11.305712,-11.458750,203.582947,0.055244,-0.001073,0.000619,0.105000,0.105000,1.242227,83460.992188,1.366448,0.000000,0.000000,0.000000,0.000000,0.000000,0.000000,0.000000,0.000000,0.000000,-32.156254,661.140808
35.752647,2.000000,-2591.676514,0.816918,897.746005,199.821182,649.469971,311.999603,312.277679,322.370100,-5.109078,0.019216,5.782905,-32.953712,-11.238629,-11.393435,201.658630,0.055348,-0.001062,0.000617,0.105000,0.105000,1.241846,83460.992188,1.366128,0.000000,0.000000,0.000000,0.000000,0.000000,0.000000,0.000000,0.000000,0.000000,-31.948013,655.023621
35.802907,2.000000,-2583.366211,0.806012,896.095870,198.170914,644.055298,311.903778,312.166199,322.296007,-5.046673,0.020497,5.785673,-32.766743,-11.178979,-11.335289,199.955215,0.055338,-0.001051,0.000615,0.105000,0.105000,1.241496,83460.992188,1.365647,0.000000,0.000000,0.000000,0.000000,0.000000,0.000000,0.000000,0.000000,0.000000,-31.761295,649.608887
35.858281,2.000000,-2574.198242,0.793852,894.288705,196.363785,638.116028,311.797180,312.042145,322.212868,-4.977933,0.021918,5.788817,-32.560802,-11.113267,-11.271146,198.086731,0.055340,-0.001039,0.000613,0.105000,0.105000,1.241279,83460.992188,1.365175,0.000000,0.000000,0.000000,0.000000,0.000000,0.000000,0.000000,0.000000,0.000000,-31.555952,643.669678
35.913606,2.000000,-2565.074463,0.781616,892.494513,194.569656,632.240906,311.689240,311.917450,322.128395,-4.909266,0.023348,5.792053,-32.356129,-11.047958,-11.207311,196.238403,0.055298,-0.001028,0.000610,0.105000,0.105000,1.241099,83460.992188,1.364505,0.000000,0.000000,0.000000,0.000000,0.000000,0.000000,0.000000,0.000000,0.000000,-31.351141,637.703369
35.969014,2.000000,-2555.898926,0.769179,890.709003,192.784134,626.368347,311.579895,311.790894,322.041934,-4.840508,0.024789,5.795382,-32.150581,-10.982362,-11.143119,194.390808,0.055326,-0.001016,0.000608,0.105000,0.105000,1.240902,83460.992188,1.363973,0.000000,0.000000,0.000000,0.000000,0.000000,0.000000,0.000000,0.000000,0.000000,-31.146357,631.830811
36.019300,2.000000,-2547.603516,0.757820,889.098393,191.173538,621.089783,311.479553,311.675354,321.962354,-4.778115,0.026104,5.798468,-31.964975,-10.923123,-11.085082,192.730118,0.055322,-0.001005,0.000606,0.105000,0.105000,1.240657,83460.992188,1.363717,0.000000,0.000000,0.000000,0.000000,0.000000,0.000000,0.000000,0.000000,0.000000,-30.960772,626.552307
36.070580,2.000000,-2539.169434,0.746160,887.465579,189.540726,615.753174,311.376099,311.556915,321.880046,-4.714501,0.027452,5.801691,-31.776480,-10.862957,-11.026078,191.051071,0.055283,-0.000995,0.000604,0.105000,0.105000,1.240423,83460.992188,1.363118,0.000000,0.000000,0.000000,0.000000,0.000000,0.000000,0.000000,0.000000,0.000000,-30.771805,621.215637
36.124379,2.000000,-2530.277344,0.733747,885.763010,187.838089,610.159363,311.266388,311.430481,321.791805,-4.647777,0.028874,5.805118,-31.578012,-10.799601,-10.963870,189.291122,0.055370,-0.000984,0.000602,0.105000,0.105000,1.239903,83460.992188,1.363966,0.000000,0.000000,0.000000,0.000000,0.000000,0.000000,0.000000,0.000000,0.000000,-30.573780,615.630676
36.177378,2.000000,-2521.533447,0.721421,884.096183,186.171402,604.691589,311.157104,311.306000,321.703564,-4.582064,0.030283,5.808610,-31.383055,-10.737356,-10.902699,187.570786,0.055368,-0.000975,0.000600,0.105000,0.105000,1.239882,83460.992188,1.361991,0.000000,0.000000,0.000000,0.000000,0.000000,0.000000,0.000000,0.000000,0.000000,-30.379143,610.162903
36.229188,2.000000,-2512.931641,0.709179,882.476730,184.552078,599.343994,311.049225,311.182037,321.615294,-4.517822,0.031666,5.812126,-31.191647,-10.676239,-10.842518,185.888336,0.055468,-0.000964,0.000597,0.105000,0.105000,1.240072,83460.992188,1.361522,0.000000,0.000000,0.000000,0.000000,0.000000,0.000000,0.000000,0.000000,0.000000,-30.189217,604.815308
36.280395,2.000000,-2504.502441,0.697072,880.885806,182.961197,594.134155,310.941559,311.059509,321.527439,-4.454313,0.033041,5.815705,-31.004354,-10.616427,-10.783545,184.249207,0.055447,-0.000955,0.000595,0.105000,0.105000,1.240396,83460.992188,1.361303,0.000000,0.000000,0.000000,0.000000,0.000000,0.000000,0.000000,0.000000,0.000000,-30.001810,599.605469
36.332023,2.000000,-2495.945557,0.684670,879.291539,181.366959,588.875854,310.831848,310.934174,321.436855,-4.390268,0.034433,5.819399,-30.814388,-10.555752,-10.723672,182.594910,0.055535,-0.000944,0.000593,0.105000,0.105000,1.240637,83460.992188,1.360703,0.000000,0.000000,0.000000,0.000000,0.000000,0.000000,0.000000,0.000000,0.000000,-29.813116,594.360596
36.390234,2.000000,-2486.651855,0.671074,877.505697,179.581192,583.199768,310.706879,310.796783,321.336839,-4.318034,0.036014,5.823702,-30.608410,-10.489954,-10.658641,180.809189,0.055046,-0.000936,0.000591,0.105000,0.105000,1.241196,83460.992188,1.360310,0.000000,0.000000,0.000000,0.000000,0.000000,0.000000,0.000000,0.000000,0.000000,-29.600761,588.684509
36.442168,2.000000,-2478.155273,0.658530,875.922936,177.998428,578.042480,310.594177,310.670197,321.244120,-4.253595,0.037430,5.827520,-30.419987,-10.429743,-10.599188,179.186676,0.055024,-0.000925,0.000589,0.105000,0.105000,1.240718,83460.992188,1.359301,0.000000,0.000000,0.000000,0.000000,0.000000,0.000000,0.000000,0.000000,0.000000,-29.411325,583.527222
36.497923,2.000000,-2468.612061,0.644310,874.234726,176.310318,572.286194,310.471832,310.526489,321.138320,-4.184462,0.038959,5.831610,-30.208553,-10.362165,-10.532409,177.375717,0.055770,-0.000911,0.000586,0.105000,0.105000,1.239709,83460.992188,1.358851,0.000000,0.000000,0.000000,0.000000,0.000000,0.000000,0.000000,0.000000,0.000000,-29.208124,577.824768
36.549054,2.000000,-2460.355469,0.631900,872.696455,174.772049,567.336609,310.358734,310.400970,321.045245,-4.121048,0.040367,5.835604,-30.026333,-10.303924,-10.474626,175.818665,0.055539,-0.000901,0.000584,0.105000,0.105000,1.240411,83460.992188,1.359569,0.000000,0.000000,0.000000,0.000000,0.000000,0.000000,0.000000,0.000000,0.000000,-29.022493,572.875122
36.605093,2.000000,-2450.924561,0.617600,871.021437,173.097000,561.717957,310.233429,310.257111,320.937428,-4.051518,0.041917,5.840095,-29.818298,-10.237413,-10.408617,174.051224,0.055884,-0.000890,0.000582,0.105000,0.105000,1.241289,83460.992188,1.358278,0.000000,0.000000,0.000000,0.000000,0.000000,0.000000,0.000000,0.000000,0.000000,-28.819370,567.256470
36.657902,2.000000,-2442.181885,0.604227,869.453378,171.528946,556.542297,310.114258,310.122314,320.835929,-3.985932,0.043384,5.844505,-29.625820,-10.175866,-10.347415,172.423279,0.055953,-0.000879,0.000579,0.105000,0.105000,1.242509,83460.992188,1.357847,0.000000,0.000000,0.000000,0.000000,0.000000,0.000000,0.000000,0.000000,0.000000,-28.628336,562.080872
36.709917,2.000000,-2433.600342,0.590992,867.918773,169.994278,551.493225,309.995880,309.989044,320.734934,-3.921270,0.044836,5.848958,-29.437057,-10.115490,-10.287337,170.835175,0.055978,-0.000869,0.000577,0.105000,0.105000,1.243590,83460.992188,1.357523,0.000000,0.000000,0.000000,0.000000,0.000000,0.000000,0.000000,0.000000,0.000000,-28.440392,557.080139
36.763721,2.000000,-2424.879150,0.577432,866.341708,168.417252,546.393311,309.872131,309.852478,320.630855,-3.854335,0.046344,5.853649,-29.245308,-10.054143,-10.226272,169.231216,0.055773,-0.000860,0.000575,0.105000,0.105000,1.244391,83460.992188,1.357055,0.000000,0.000000,0.000000,0.000000,0.000000,0.000000,0.000000,0.000000,0.000000,-28.246153,551.980164
36.817353,2.000000,-2415.998535,0.563511,864.780225,166.855606,541.233032,309.747498,309.712189,320.523750,-3.787689,0.047852,5.857884,-29.049171,-9.991346,-10.164089,167.608276,0.054775,-0.000849,0.000572,0.105000,0.105000,1.240569,83460.992188,1.359251,0.000000,0.000000,0.000000,0.000000,0.000000,0.000000,0.000000,0.000000,0.000000,-28.051542,546.819946
36.868965,2.000000,-2407.451660,0.550007,863.287331,165.362747,536.297546,309.626617,309.576050,320.419107,-3.723734,0.049311,5.861981,-28.860741,-9.931008,-10.104234,166.056183,0.055218,-0.000839,0.000570,0.105000,0.105000,1.238237,83460.992188,1.357569,0.000000,0.000000,0.000000,0.000000,0.000000,0.000000,0.000000,0.000000,0.000000,-27.864912,541.884460
36.919456,2.000000,-2399.174805,0.536831,861.836181,163.911636,531.547058,309.507385,309.443268,320.316392,-3.661233,0.050742,5.866162,-28.678986,-9.872802,-10.046264,164.562302,0.055412,-0.000829,0.000568,0.105000,0.105000,1.237718,83460.992188,1.356406,0.000000,0.000000,0.000000,0.000000,0.000000,0.000000,0.000000,0.000000,0.000000,-27.683094,537.115479
36.970120,2.000000,-2390.793701,0.523390,860.389301,162.464798,526.765747,309.386658,309.307800,320.211008,-3.598521,0.052184,5.870498,-28.495401,-9.814001,-9.987556,163.058838,0.055695,-0.000821,0.000565,0.105000,0.105000,1.238039,83460.992188,1.355673,0.000000,0.000000,0.000000,0.000000,0.000000,0.000000,0.000000,0.000000,0.000000,-27.501144,532.334167
37.022578,2.000000,-2382.219727,0.509537,858.900928,160.976578,521.904480,309.260620,309.168152,320.101797,-3.533554,0.053683,5.875134,-28.307934,-9.753942,-9.927487,161.530350,0.055793,-0.000811,0.000563,0.105000,0.105000,1.238834,83460.992188,1.355284,0.000000,0.000000,0.000000,0.000000,0.000000,0.000000,0.000000,0.000000,0.000000,-27.313143,527.472900
37.078965,2.000000,-2372.931641,0.494416,857.312132,159.387772,516.672852,309.123810,309.015839,319.981968,-3.463674,0.055299,5.880236,-28.105055,-9.688924,-9.862410,159.885498,0.056027,-0.000798,0.000560,0.105000,0.105000,1.239713,83460.992188,1.354383,0.000000,0.000000,0.000000,0.000000,0.000000,0.000000,0.000000,0.000000,0.000000,-27.111364,522.241272
37.132261,2.000000,-2364.138916,0.479991,855.820882,157.896561,511.752899,308.993408,308.870483,319.866943,-3.397551,0.056833,5.885273,-27.913435,-9.627501,-9.800788,158.338852,0.056216,-0.000790,0.000558,0.105000,0.105000,1.241341,83460.992188,1.353928,0.000000,0.000000,0.000000,0.000000,0.000000,0.000000,0.000000,0.000000,0.000000,-26.921137,517.260803
37.185489,2.000000,-2355.462158,0.465652,854.341673,156.417435,506.929108,308.862061,308.725922,319.751978,-3.331421,0.058370,5.890482,-27.724598,-9.566952,-9.739966,156.822586,0.056207,-0.000779,0.000555,0.105000,0.105000,1.243205,83460.992188,1.353626,0.000000,0.000000,0.000000,0.000000,0.000000,0.000000,0.000000,0.000000,0.000000,-26.731474,512.436951
37.240565,2.000000,-2346.405762,0.450576,852.821774,154.897537,501.927307,308.724854,308.573730,319.630458,-3.262902,0.059965,5.895994,-27.527615,-9.503768,-9.676472,155.250534,0.056356,-0.000769,0.000553,0.105000,0.105000,1.244848,83460.992188,1.353513,0.000000,0.000000,0.000000,0.000000,0.000000,0.000000,0.000000,0.000000,0.000000,-26.535406,507.435181
37.293627,2.000000,-2337.678711,0.435942,851.367678,153.443497,497.139435,308.591553,308.426147,319.511905,-3.196793,0.061507,5.901492,-27.338041,-9.442940,-9.615275,153.745880,0.056463,-0.000758,0.000550,0.105000,0.105000,1.246803,83460.992188,1.352997,0.000000,0.000000,0.000000,0.000000,0.000000,0.000000,0.000000,0.000000,0.000000,-26.346851,502.647308
37.347164,2.000000,-2328.906494,0.421128,849.910734,151.986526,492.358124,308.455933,308.276581,319.391304,-3.129990,0.063069,5.907173,-27.147602,-9.381810,-9.553745,152.243515,0.056526,-0.000748,0.000548,0.105000,0.105000,1.248610,83460.992188,1.352736,0.000000,0.000000,0.000000,0.000000,0.000000,0.000000,0.000000,0.000000,0.000000,-26.156790,497.909912
37.399406,2.000000,-2320.310303,0.406511,848.498857,150.574661,487.703583,308.322388,308.128937,319.271742,-3.064708,0.064597,5.912859,-26.961145,-9.321936,-9.493441,150.781097,0.056634,-0.000741,0.000545,0.105000,0.105000,1.250442,83460.992188,1.352443,0.000000,0.000000,0.000000,0.000000,0.000000,0.000000,0.000000,0.000000,0.000000,-25.971556,493.255371
37.453189,2.000000,-2311.539063,0.391495,847.055480,149.131241,482.985504,308.183929,307.977173,319.148353,-2.997409,0.066175,5.918822,-26.770969,-9.260841,-9.431894,149.298920,0.056633,-0.000730,0.000543,0.105000,0.105000,1.252022,83460.992188,1.352492,0.000000,0.000000,0.000000,0.000000,0.000000,0.000000,0.000000,0.000000,0.000000,-25.780993,488.537292
37.507502,2.000000,-2302.586182,0.376062,845.608313,147.684097,478.202209,308.042847,307.821136,319.020960,-2.929368,0.067773,5.924940,-26.576904,-9.198468,-9.369058,147.796448,0.056805,-0.000720,0.000540,0.105000,0.105000,1.253420,83460.992188,1.352206,0.000000,0.000000,0.000000,0.000000,0.000000,0.000000,0.000000,0.000000,0.000000,-25.588705,483.786499
37.560183,2.000000,-2293.948975,0.361073,844.214622,146.290359,473.618774,307.904999,307.669464,318.896504,-2.863293,0.069327,5.931017,-26.389860,-9.138331,-9.308426,146.356934,0.056868,-0.000711,0.000538,0.105000,0.105000,1.254989,83460.992188,1.351837,0.000000,0.000000,0.000000,0.000000,0.000000,0.000000,0.000000,0.000000,0.000000,-25.402454,479.203064
37.612577,2.000000,-2285.421631,0.346177,842.838280,144.913956,469.123627,307.766724,307.518555,318.772315,-2.797498,0.070877,5.937166,-26.205317,-9.078971,-9.248551,144.945313,0.056827,-0.000702,0.000535,0.105000,0.105000,1.256474,83460.992188,1.351850,0.000000,0.000000,0.000000,0.000000,0.000000,0.000000,0.000000,0.000000,0.000000,-25.217394,474.707916
37.665616,2.000000,-2276.706299,0.330855,841.454904,143.530533,464.560181,307.625458,307.363251,318.644002,-2.730819,0.072449,5.943465,-26.016708,-9.018274,-9.187345,143.512405,0.056948,-0.000693,0.000533,0.105000,0.105000,1.257648,83460.992188,1.351625,0.000000,0.000000,0.000000,0.000000,0.000000,0.000000,0.000000,0.000000,0.000000,-25.030149,470.144470
37.720340,2.000000,-2267.754883,0.315015,840.038030,142.113602,459.905457,307.478577,307.202515,318.510707,-2.661967,0.074075,5.950031,-25.823038,-8.955918,-9.124465,142.051056,0.057022,-0.000682,0.000530,0.105000,0.105000,1.258617,83460.992188,1.351434,0.000000,0.000000,0.000000,0.000000,0.000000,0.000000,0.000000,0.000000,0.000000,-24.837091,465.406097
37.773587,2.000000,-2259.076660,0.299560,838.669554,140.745010,455.424225,307.334442,307.045441,318.379992,-2.594912,0.075662,5.956532,-25.635473,-8.895503,-9.063492,140.644302,0.057024,-0.000674,0.000528,0.105000,0.105000,1.259781,83460.992188,1.351673,0.000000,0.000000,0.000000,0.000000,0.000000,0.000000,0.000000,0.000000,0.000000,-24.649487,460.924835
37.826909,2.000000,-2250.392334,0.283997,837.309190,139.384537,450.970703,307.189148,306.887299,318.247824,-2.527709,0.077254,5.963121,-25.447821,-8.835027,-9.002464,139.246445,0.057007,-0.000667,0.000525,0.105000,0.105000,1.260893,83460.992188,1.351167,0.000000,0.000000,0.000000,0.000000,0.000000,0.000000,0.000000,0.000000,0.000000,-24.461798,456.471313
37.881327,2.000000,-2241.460205,0.267890,835.931222,138.006485,446.422272,307.039581,306.723358,318.110406,-2.459069,0.078882,5.969897,-25.254866,-8.772811,-8.939680,137.818970,0.057146,-0.000656,0.000522,0.105000,0.105000,1.261694,83460.992188,1.351266,0.000000,0.000000,0.000000,0.000000,0.000000,0.000000,0.000000,0.000000,0.000000,-24.270346,451.922882
37.936837,2.000000,-2232.542236,0.251708,834.536374,136.611526,441.913696,306.885803,306.558441,317.971713,-2.389008,0.080547,5.976887,-25.062330,-8.710698,-8.876985,136.404160,0.056946,-0.000648,0.000520,0.105000,0.105000,1.262541,83460.992188,1.351318,0.000000,0.000000,0.000000,0.000000,0.000000,0.000000,0.000000,0.000000,0.000000,-24.075260,447.440643
37.994141,2.000000,-2223.598389,0.235380,833.107857,135.182938,437.424622,306.725525,306.392090,317.831121,-2.316636,0.082270,5.984179,-24.869305,-8.648393,-8.814091,134.995667,0.056281,-0.000642,0.000517,0.105000,0.105000,1.263401,83460.992188,1.350931,0.000000,0.000000,0.000000,0.000000,0.000000,0.000000,0.000000,0.000000,0.000000,-23.874077,442.951569
38.048488,2.000000,-2214.214111,0.218141,831.763717,133.838821,432.749908,306.572357,306.216034,317.681957,-2.247973,0.083907,5.991125,-24.666832,-8.583003,-8.748090,133.529053,0.057260,-0.000630,0.000515,0.105000,0.105000,1.263931,83460.992188,1.350701,0.000000,0.000000,0.000000,0.000000,0.000000,0.000000,0.000000,0.000000,0.000000,-23.683401,438.276855
38.103625,2.000000,-2205.347412,0.201753,830.410657,132.485733,428.365875,306.415680,306.048553,317.539467,-2.178255,0.085572,5.998293,-24.475719,-8.521249,-8.685711,132.153885,0.057073,-0.000619,0.000512,0.105000,0.105000,1.264864,83460.992188,1.350389,0.000000,0.000000,0.000000,0.000000,0.000000,0.000000,0.000000,0.000000,0.000000,-23.490255,433.892822
38.156491,2.000000,-2196.631836,0.185551,829.123397,131.198563,424.088074,306.264282,305.882416,317.398104,-2.111382,0.087171,6.005114,-24.287762,-8.460473,-8.624386,130.812134,0.057377,-0.000607,0.000509,0.105000,0.105000,1.264678,83460.992188,1.351385,0.000000,0.000000,0.000000,0.000000,0.000000,0.000000,0.000000,0.000000,0.000000,-23.304953,429.696442
38.208125,2.000000,-2188.157959,0.169710,827.875556,129.950638,419.958557,306.115509,305.720551,317.259173,-2.046043,0.088738,6.011979,-24.105387,-8.401478,-8.564748,129.517090,0.057449,-0.000598,0.000507,0.105000,0.105000,1.266103,83460.992188,1.349842,0.000000,0.000000,0.000000,0.000000,0.000000,0.000000,0.000000,0.000000,0.000000,-23.124596,425.566925
38.260651,2.000000,-2179.576660,0.153579,826.615751,128.690872,415.806519,305.963074,305.554993,317.117010,-1.979512,0.090336,6.019007,-23.920786,-8.341733,-8.504339,128.215164,0.057514,-0.000586,0.000504,0.105000,0.105000,1.267092,83460.992188,1.350008,0.000000,0.000000,0.000000,0.000000,0.000000,0.000000,0.000000,0.000000,0.000000,-22.941175,421.414917
38.317135,2.000000,-2170.461182,0.136348,825.271828,127.347061,411.429138,305.797699,305.377960,316.964554,-1.907928,0.092058,6.026570,-23.724606,-8.278196,-8.440160,126.842682,0.057432,-0.000575,0.000501,0.105000,0.105000,1.267512,83460.992188,1.349913,0.000000,0.000000,0.000000,0.000000,0.000000,0.000000,0.000000,0.000000,0.000000,-22.743958,417.037537
38.371404,2.000000,-2161.534180,0.119376,823.991116,126.066422,407.174988,305.637726,305.203400,316.813729,-1.839125,0.093716,6.033907,-23.532629,-8.215983,-8.377291,125.509071,0.057641,-0.000563,0.000498,0.105000,0.105000,1.268115,83460.992188,1.349646,0.000000,0.000000,0.000000,0.000000,0.000000,0.000000,0.000000,0.000000,0.000000,-22.554733,412.777832
38.421648,2.000000,-2153.442139,0.103909,822.814592,124.889969,403.346954,305.488464,305.044037,316.675718,-1.775401,0.095255,6.040720,-23.358646,-8.159567,-8.320293,124.309143,0.057561,-0.000554,0.000495,0.105000,0.105000,1.268378,83460.992188,1.349725,0.000000,0.000000,0.000000,0.000000,0.000000,0.000000,0.000000,0.000000,0.000000,-22.379641,408.949799
38.476959,2.000000,-2144.410889,0.086557,821.529609,123.605057,399.106262,305.323059,304.865234,316.520206,-1.705232,0.096952,6.048292,-23.164608,-8.096611,-8.256669,122.979996,0.057664,-0.000543,0.000492,0.105000,0.105000,1.268961,83460.992188,1.349030,0.000000,0.000000,0.000000,0.000000,0.000000,0.000000,0.000000,0.000000,0.000000,-22.187166,404.709137
38.532637,2.000000,-2135.385498,0.069122,820.246887,122.322342,394.901428,305.155304,304.685181,316.363272,-1.634563,0.098664,6.055964,-22.970825,-8.033697,-8.193250,121.662300,0.057522,-0.000532,0.000489,0.105000,0.105000,1.269471,83460.992188,1.349073,0.000000,0.000000,0.000000,0.000000,0.000000,0.000000,0.000000,0.000000,0.000000,-21.993605,400.441986
38.588314,2.000000,-2126.499512,0.051864,818.975095,121.050674,390.794312,304.986023,304.506104,316.207523,-1.564007,0.100378,6.062814,-22.778696,-7.971244,-8.136725,120.374893,0.052975,-0.000523,0.000486,0.105000,0.105000,1.262220,83460.992188,1.357684,0.000000,0.000000,0.000000,0.000000,0.000000,0.000000,0.000000,0.000000,0.000000,-21.798145,396.334869
38.641376,2.000000,-2117.831543,0.034941,817.773338,119.848892,386.819794,304.823669,304.330475,316.055097,-1.497774,0.102059,6.066161,-22.585430,-7.908234,-8.089203,119.127426,0.044597,-0.000659,0.000457,0.105000,0.105000,1.232056,83460.992188,1.370586,0.000000,0.000000,0.000000,0.000000,0.000000,0.000000,0.000000,0.000000,0.000000,-21.605778,392.360352
38.697354,2.000000,-2108.663574,0.016948,816.516839,118.592422,382.651489,304.651398,304.140076,315.891132,-1.430477,0.103968,6.064380,-22.373056,-7.838816,-8.046122,117.815773,0.032667,-0.000733,0.000404,0.105000,0.105000,1.170962,83460.992188,1.385928,0.000000,0.000000,0.000000,0.000000,0.000000,0.000000,0.000000,0.000000,0.000000,-21.394989,388.192047
38.750980,2.000000,-2099.918213,-0.000304,815.324450,117.400040,378.710999,304.485260,303.953369,315.731350,-1.370088,0.105835,6.055879,-22.162418,-7.769802,-8.011031,116.571060,0.019613,-0.000765,0.000359,0.105000,0.105000,1.081989,83460.992188,1.400090,0.000000,0.000000,0.000000,0.000000,0.000000,0.000000,0.000000,0.000000,0.000000,-21.185247,384.216461
38.804897,2.000000,-2091.098389,-0.017793,814.137169,116.212723,374.773560,304.317352,303.760376,315.566822,-1.315014,0.107735,6.039362,-21.942919,-7.697738,-7.980768,115.321312,0.005794,-0.000791,0.000319,0.105000,0.105000,0.963898,83460.992188,1.411636,0.000000,0.000000,0.000000,0.000000,0.000000,0.000000,0.000000,0.000000,0.000000,-20.967710,380.278992
38.857205,2.000000,-2082.661133,-0.034606,812.996761,115.072281,371.042542,304.153473,303.572021,315.406417,-1.268386,0.109594,6.014982,-21.728207,-7.627137,-7.955953,114.130371,-0.007270,-0.000815,0.000284,0.105000,0.105000,0.826212,83460.992188,1.419119,0.000000,0.000000,0.000000,0.000000,0.000000,0.000000,0.000000,0.000000,0.000000,-20.752268,376.548004
38.913091,2.000000,-2073.807129,-0.052334,811.790892,113.866409,367.165131,303.977753,303.370728,315.235126,-1.227175,0.111595,5.979221,-21.499350,-7.551787,-7.933577,112.884895,-0.019896,-0.000841,0.000252,0.105000,0.105000,0.656739,83460.992188,1.420337,0.000000,0.000000,0.000000,0.000000,0.000000,0.000000,0.000000,0.000000,0.000000,-20.519018,372.670593
38.967808,2.000000,-2064.781006,-0.070495,810.622915,112.698380,363.252869,303.805298,303.163971,315.057993,-1.196450,0.113562,5.934510,-21.265730,-7.474811,-7.913965,111.619247,-0.032138,-0.000855,0.000224,0.105000,0.105000,0.475467,83460.992188,1.419710,0.000000,0.000000,0.000000,0.000000,0.000000,0.000000,0.000000,0.000000,0.000000,-20.290594,368.736115
39.021168,2.000000,-2056.137451,-0.087967,809.495915,111.571365,359.544617,303.637024,302.964661,314.886346,-1.176324,0.115484,5.881866,-21.043974,-7.401721,-7.897618,110.410721,-0.042154,-0.000868,0.000200,0.105000,0.105000,0.289561,83460.992188,1.412916,0.000000,0.000000,0.000000,0.000000,0.000000,0.000000,0.000000,0.000000,0.000000,-20.070318,365.027832
39.075416,2.000000,-2047.419678,-0.105667,808.362114,110.437515,355.841858,303.466125,302.763702,314.711971,-1.166146,0.117438,5.819826,-20.825071,-7.329582,-7.882997,109.195007,-0.050482,-0.000876,0.000179,0.105000,0.105000,0.097737,83460.992188,1.400472,0.000000,0.000000,0.000000,0.000000,0.000000,0.000000,0.000000,0.000000,0.000000,-19.851665,361.325073
39.127838,2.000000,-2038.898560,-0.123041,807.277578,109.353043,352.257843,303.301483,302.568481,314.540561,-1.166145,0.119323,5.752484,-20.618063,-7.261417,-7.870033,108.009651,-0.057193,-0.000882,0.000162,0.105000,0.105000,-0.085318,83460.992188,1.385070,0.000000,0.000000,0.000000,0.000000,0.000000,0.000000,0.000000,0.000000,0.000000,-19.647619,357.741089
39.180272,2.000000,-2030.442017,-0.140354,806.203284,108.278885,348.733978,303.137695,302.376373,314.369805,-1.175559,0.121207,5.678836,-20.421450,-7.196767,-7.858026,106.836060,-0.062005,-0.000881,0.000149,0.105000,0.105000,-0.261291,83460.992188,1.365562,0.000000,0.000000,0.000000,0.000000,0.000000,0.000000,0.000000,0.000000,0.000000,-19.452732,354.323486
39.233836,2.000000,-2021.834595,-0.158042,805.116120,107.191788,345.179382,302.971375,302.183624,314.196141,-1.194399,0.123133,5.598278,-20.232346,-7.134715,-7.846270,105.644333,-0.065102,-0.000929,0.000148,0.105000,0.105000,-0.429362,83460.992188,1.342041,0.000000,0.000000,0.000000,0.000000,0.000000,0.000000,0.000000,0.000000,0.000000,-19.265085,350.768890
39.287716,2.000000,-2013.164551,-0.175919,804.032354,106.108047,341.629608,302.805664,301.992920,314.021440,-1.222000,0.125127,5.513115,-20.054714,-7.076607,-7.834508,104.446815,-0.066549,-0.000957,0.000168,0.105000,0.105000,-0.582717,83460.992188,1.315564,0.000000,0.000000,0.000000,0.000000,0.000000,0.000000,0.000000,0.000000,0.000000,-19.089546,347.219116
39.341163,2.000000,-2004.463379,-0.193913,802.966274,105.042007,338.095490,302.643188,301.805756,313.846946,-1.257024,0.127091,5.425929,-19.890804,-7.023212,-7.822411,103.247993,-0.066575,-0.000926,0.000184,0.105000,0.105000,-0.716307,83460.992188,1.287189,0.000000,0.000000,0.000000,0.000000,0.000000,0.000000,0.000000,0.000000,0.000000,-18.929823,343.731750
39.393413,2.000000,-1996.107544,-0.211242,801.931945,104.007706,334.726074,302.486450,301.630615,313.680579,-1.297606,0.128986,5.339420,-19.747887,-6.976910,-7.810195,102.099686,-0.064726,-0.000894,0.000199,0.105000,0.105000,-0.826739,83460.992188,1.258111,0.000000,0.000000,0.000000,0.000000,0.000000,0.000000,0.000000,0.000000,0.000000,-18.788431,340.362335
39.446353,2.000000,-1987.489136,-0.229161,800.891096,102.966934,331.273193,302.329987,301.454651,313.510356,-1.343979,0.130880,5.251904,-19.616152,-6.934549,-7.796683,100.918465,-0.061768,-0.000857,0.000212,0.105000,0.105000,-0.915819,83460.992188,1.227074,0.000000,0.000000,0.000000,0.000000,0.000000,0.000000,0.000000,0.000000,0.000000,-18.660818,336.909454
39.499188,2.000000,-1978.996338,-0.246863,799.858639,101.934464,327.890167,302.176575,301.286530,313.344048,-1.394297,0.132746,5.166024,-19.502270,-6.898303,-7.782187,99.757797,-0.057350,-0.000820,0.000224,0.105000,0.105000,-0.980785,83460.992188,1.196234,0.000000,0.000000,0.000000,0.000000,0.000000,0.000000,0.000000,0.000000,0.000000,-18.549400,333.526428
39.550642,2.000000,-1970.772461,-0.264045,798.858433,100.934280,324.630005,302.029785,301.128448,313.184474,-1.445941,0.134542,5.085060,-19.407145,-6.868442,-7.766799,98.637245,-0.051957,-0.000782,0.000235,0.105000,0.105000,-1.020249,83460.992188,1.166316,0.000000,0.000000,0.000000,0.000000,0.000000,0.000000,0.000000,0.000000,0.000000,-18.456255,330.232788
39.602552,2.000000,-1962.416748,-0.281538,797.853839,99.929642,321.331024,301.884460,300.972565,313.023891,-1.499436,0.136336,5.007231,-19.325611,-6.843336,-7.749595,97.502342,-0.045626,-0.000748,0.000245,0.105000,0.105000,-1.035944,83460.992188,1.136645,0.000000,0.000000,0.000000,0.000000,0.000000,0.000000,0.000000,0.000000,0.000000,-18.377432,326.933807
39.654989,2.000000,-1953.941040,-0.299318,796.842820,98.918655,317.995758,301.740692,300.819153,312.862388,-1.553622,0.138107,4.933677,-19.258053,-6.823126,-7.730331,96.355118,-0.038405,-0.000609,0.000272,0.105000,0.105000,-1.027084,83460.992188,1.107110,0.000000,0.000000,0.000000,0.000000,0.000000,0.000000,0.000000,0.000000,0.000000,-18.312824,323.598541
39.706722,2.000000,-1945.634155,-0.316776,795.848319,97.924088,314.735291,301.601776,300.671783,312.703792,-1.605889,0.139737,4.867460,-19.206615,-6.808492,-7.709512,95.234901,-0.030874,-0.000508,0.000327,0.105000,0.105000,-0.991496,83460.992188,1.078948,0.000000,0.000000,0.000000,0.000000,0.000000,0.000000,0.000000,0.000000,0.000000,-18.263800,320.338074
39.759904,2.000000,-1937.123779,-0.334693,794.828251,96.904007,311.400848,301.461884,300.522705,312.540213,-1.656968,0.141385,4.806927,-19.167933,-6.798430,-7.686031,94.091805,-0.022792,-0.000462,0.000373,0.105000,0.105000,-0.929377,83460.992188,1.053526,0.000000,0.000000,0.000000,0.000000,0.000000,0.000000,0.000000,0.000000,0.000000,-18.227299,316.880096
39.812189,2.000000,-1928.732666,-0.352390,793.826965,95.902603,308.116730,301.327179,300.377655,312.377940,-1.703326,0.142998,4.755615,-19.142187,-6.792878,-7.660619,92.969536,-0.014489,-0.000420,0.000411,0.105000,0.105000,-0.845784,83460.992188,1.030431,0.000000,0.000000,0.000000,0.000000,0.000000,0.000000,0.000000,0.000000,0.000000,-18.203732,313.595978
39.865039,2.000000,-1920.240723,-0.370331,792.815840,94.891434,304.794647,301.193542,300.232239,312.212789,-1.745179,0.144626,4.712564,-19.127197,-6.791166,-7.632501,91.838966,-0.005733,-0.000383,0.000442,0.105000,0.105000,-0.741610,83460.992188,1.010788,0.000000,0.000000,0.000000,0.000000,0.000000,0.000000,0.000000,0.000000,0.000000,-18.190716,310.273895
39.917672,2.000000,-1911.829468,-0.388131,791.809317,93.884842,301.503876,301.062805,300.089752,312.048557,-1.780889,0.146246,4.678981,-19.121857,-6.792827,-7.602178,90.724594,0.003086,-0.000347,0.000468,0.105000,0.105000,-0.620390,83460.992188,0.993781,0.000000,0.000000,0.000000,0.000000,0.000000,0.000000,0.000000,0.000000,0.000000,-18.187149,306.983093
39.971049,2.000000,-1903.311157,-0.406185,790.788568,92.864029,298.169342,300.932343,299.944794,311.879817,-1.810164,0.147901,4.654691,-19.124456,-6.797383,-7.568886,89.601891,0.012479,-0.000347,0.000589,0.105000,0.105000,-0.484859,83460.992188,0.983967,0.000000,0.000000,1.000000,0.009221,0.015949,0.012850,0.000000,0.000000,0.000000,-18.191004,303.798126
40.024079,2.000000,-1894.768799,-0.424319,789.774188,91.849503,294.822113,300.804321,299.732086,311.638557,-1.832007,0.149528,4.640728,-19.130857,-6.804852,-7.532853,88.482269,0.023706,-0.000240,0.000621,0.105000,0.105000,-0.344747,83460.992188,0.969242,0.000000,0.000000,1.000000,0.027568,0.047682,0.038419,0.000000,0.000000,0.000000,-18.199202,300.450897
40.076367,2.000000,-1886.431641,-0.442047,788.773419,90.848648,291.550659,300.678711,299.517822,311.394509,-1.845790,0.151119,4.637365,-19.144299,-6.814874,-7.495066,87.395905,0.034295,-0.000196,0.000648,0.105000,0.105000,-0.189725,83460.992188,0.957044,0.000000,0.000000,1.000000,0.045659,0.078972,0.063630,0.000000,0.000000,0.000000,-18.214407,297.179413
40.131181,2.000000,-1877.635864,-0.460780,787.723346,89.798416,288.093018,300.546509,299.288849,311.132634,-1.851145,0.152791,4.644889,-19.163984,-6.827504,-7.452363,86.256935,0.045566,-0.000156,0.000671,0.105000,0.105000,-0.014172,83460.992188,0.947703,0.000000,0.000000,1.000000,0.064623,0.111773,0.090059,0.000000,0.000000,0.000000,-18.235611,293.721802
40.184748,2.000000,-1869.084473,-0.479025,786.695971,88.770950,284.724457,300.415985,299.063965,310.874675,-1.846734,0.154429,4.663308,-19.187180,-6.841308,-7.408035,85.156998,0.056124,-0.000118,0.000689,0.105000,0.105000,0.168741,83460.992188,0.942796,0.000000,0.000000,1.000000,0.083156,0.143828,0.115887,0.000000,0.000000,0.000000,-18.260115,290.324677
40.240974,2.000000,-1860.138550,-0.498144,785.616182,87.691238,281.192413,300.276428,298.826721,310.602331,-1.831305,0.156156,4.694050,-19.213228,-6.856457,-7.358696,84.014458,0.066850,-0.000083,0.000706,0.105000,0.105000,0.367826,83460.992188,0.941551,0.000000,0.000000,1.000000,0.109949,0.174094,0.137206,0.000000,0.000000,0.000000,-18.287369,286.792633
40.291269,2.000000,-1852.133789,-0.515281,784.649037,86.724075,278.024841,300.148529,298.612915,310.356829,-1.807859,0.157707,4.731282,-19.236713,-6.870136,-7.311993,82.999474,0.076130,-0.000054,0.000724,0.105000,0.105000,0.551105,83460.992188,0.941536,0.000000,0.000000,1.000000,0.140046,0.198344,0.151439,0.000000,0.000000,0.000000,-18.311842,283.625092
40.344564,2.000000,-1843.633667,-0.533508,783.622940,85.697952,274.653900,300.009521,298.384064,310.094480,-1.772853,0.159356,4.780615,-19.261047,-6.884507,-7.259782,81.929596,0.085602,-0.000021,0.000744,0.105000,0.105000,0.750270,83460.992188,0.946448,0.000000,0.000000,1.000000,0.171938,0.224041,0.166522,0.000000,0.000000,0.000000,-18.336832,280.254120
40.397580,2.000000,-1835.143799,-0.551744,782.601027,84.676041,271.279816,299.866821,298.153748,309.831182,-1.727480,0.161001,4.839191,-19.282349,-6.897848,-7.204983,80.869438,0.094868,0.000013,0.000765,0.105000,0.105000,0.948944,83460.992188,0.952857,0.000000,0.000000,1.000000,0.203663,0.249603,0.181525,0.000000,0.000000,0.000000,-18.358604,276.846008
40.450610,2.000000,-1826.811157,-0.569674,781.577857,83.652969,267.961670,299.719147,297.925720,309.571621,-1.671571,0.162649,4.906809,-19.299223,-6.909559,-7.148670,79.837379,0.102684,0.000043,0.000786,0.105000,0.105000,1.146762,83460.992188,0.962845,0.000000,0.000000,1.000000,0.235397,0.275171,0.196533,0.000000,0.000000,0.000000,-18.376045,273.527893
40.502419,2.000000,-1818.491577,-0.587608,780.577553,82.652786,264.643158,299.569458,297.695770,309.311348,-1.606905,0.164262,4.980999,-19.310699,-6.919389,-7.090005,78.815582,0.111100,0.000075,0.000806,0.105000,0.105000,1.337195,83460.992188,0.975192,0.000000,0.000000,1.000000,0.266400,0.300151,0.211195,0.000000,0.000000,0.000000,-18.387581,270.209381
40.555178,2.000000,-1810.122437,-0.605685,779.558526,81.633804,261.300323,299.411316,297.462036,309.048643,-1.531020,0.165907,5.064205,-19.315613,-6.926959,-7.028598,77.796661,0.118573,0.000103,0.000825,0.105000,0.105000,1.526539,83460.992188,0.990458,0.000000,0.000000,1.000000,0.297971,0.325589,0.226125,0.000000,0.000000,0.000000,-18.392546,266.826416
40.609598,2.000000,-1801.529907,-0.624282,778.507431,80.582779,257.864746,299.241486,297.219360,308.777930,-1.442450,0.167604,5.157400,-19.312527,-6.931876,-6.963134,76.760170,0.125567,0.000132,0.000844,0.105000,0.105000,1.715446,83460.992188,1.007904,0.000000,0.000000,1.000000,0.330537,0.351828,0.241526,0.000000,0.000000,0.000000,-18.389359,263.390869
40.663488,2.000000,-1792.921509,-0.642953,777.467057,79.542435,254.420944,299.066345,296.973328,308.505704,-1.344810,0.169283,5.256419,-19.300224,-6.933557,-6.895183,75.731796,0.132619,0.000165,0.000861,0.105000,0.105000,1.895797,83460.992188,1.024464,0.000000,0.000000,1.000000,0.362785,0.377812,0.256777,0.000000,0.000000,0.000000,-18.377140,259.947052
40.715998,2.000000,-1784.642944,-0.660950,776.454266,78.529739,251.108749,298.888763,296.733459,308.242821,-1.240499,0.170918,5.358769,-19.279335,-6.931975,-6.827689,74.752525,0.138210,0.000195,0.000876,0.105000,0.105000,2.064827,83460.992188,1.044819,0.000000,0.000000,1.000000,0.394208,0.403130,0.271637,0.000000,0.000000,0.000000,-18.355890,256.634857
40.783457,2.000000,-1776.451294,-0.678798,775.155412,77.230911,247.832718,298.648346,296.492981,307.981688,-1.093632,0.173015,5.497792,-19.248756,-6.926898,-6.758924,73.793114,0.128508,0.000208,0.000893,0.105000,0.105000,2.268777,83460.992188,1.070634,0.000000,0.000000,1.000000,0.434576,0.435655,0.290728,0.000000,0.000000,0.000000,-18.313604,253.336044
40.835447,2.000000,-1765.701660,-0.702286,774.157033,76.232620,243.539703,298.455963,296.172150,307.639433,-0.972698,0.174607,5.604738,-19.183620,-6.911291,-6.665871,72.548874,0.142135,0.000309,0.000890,0.105000,0.105000,2.379965,83460.992188,1.107085,0.000000,0.000000,1.000000,0.465687,0.460723,0.305441,0.000000,0.000000,0.000000,-18.258856,249.043015
40.886922,2.000000,-1757.564697,-0.720122,773.171538,75.247086,240.297623,298.257843,295.925507,307.378953,-0.846985,0.176156,5.714484,-19.123291,-6.895547,-6.593445,71.618423,0.148277,0.000333,0.000881,0.105000,0.105000,2.497371,83460.992188,1.121912,0.000000,0.000000,1.000000,0.496490,0.485542,0.320009,0.000000,0.000000,0.000000,-18.198692,245.800934
40.940706,2.000000,-1749.170532,-0.738573,772.145452,74.221024,236.961563,298.042603,295.667480,307.108743,-0.709173,0.177779,5.832310,-19.052198,-6.876145,-6.517038,70.669014,0.151884,0.000349,0.000875,0.105000,0.105000,2.618441,83460.992188,1.142069,0.000000,0.000000,1.000000,0.528675,0.511474,0.335230,0.000000,0.000000,0.000000,-18.126598,242.464874
40.993462,2.000000,-1740.760254,-0.757115,771.143237,73.218826,233.629822,297.823242,295.404572,306.837140,-0.568356,0.179376,5.947161,-18.964664,-6.850855,-6.438869,69.728615,0.143584,0.000362,0.000873,0.105000,0.105000,2.705814,83460.992188,1.187678,0.000000,0.000000,1.000000,0.560245,0.536911,0.350160,0.000000,0.000000,0.000000,-18.038177,239.164612
41.047244,2.000000,-1732.377563,-0.775653,770.126990,72.202591,230.323364,297.591095,295.137573,306.566101,-0.421295,0.181009,6.060562,-18.856745,-6.818203,-6.359486,68.802238,0.139715,0.000373,0.000872,0.105000,0.105000,2.755178,83460.992188,1.220501,0.000000,0.000000,1.000000,0.592428,0.562842,0.365380,0.000000,0.000000,0.000000,-17.928095,235.858139
41.100081,2.000000,-1723.997314,-0.794244,769.134834,71.210403,227.035233,297.354889,294.866028,306.293667,-0.274862,0.182612,6.168775,-18.733944,-6.780184,-6.278787,67.887184,0.138235,0.000397,0.000874,0.105000,0.105000,2.783528,83460.992188,1.245769,0.000000,0.000000,1.000000,0.624046,0.588318,0.380333,0.000000,0.000000,0.000000,-17.805683,232.570023
41.152524,2.000000,-1715.751343,-0.812597,768.156847,70.232376,223.819077,297.112091,294.594513,306.023695,-0.128351,0.184202,6.273279,-18.601444,-6.738556,-6.198187,66.997719,0.137922,0.000412,0.000877,0.105000,0.105000,2.801559,83460.992188,1.266562,0.000000,0.000000,1.000000,0.655429,0.613603,0.395174,0.000000,0.000000,0.000000,-17.672943,229.353867
41.206129,2.000000,-1707.368042,-0.831315,767.164730,69.240189,220.570877,296.855560,294.314117,305.746931,0.022218,0.185825,6.377313,-18.456625,-6.692569,-6.115134,66.104660,0.138202,0.000431,0.000881,0.105000,0.105000,2.814653,83460.992188,1.285288,0.000000,0.000000,1.000000,0.687506,0.639449,0.410345,0.000000,0.000000,0.000000,-17.527370,226.157593
41.260444,2.000000,-1698.892456,-0.850302,766.167758,68.243240,217.310715,296.587158,294.026184,305.464532,0.175409,0.187467,6.480006,-18.300900,-6.642688,-6.030131,65.213394,0.138786,0.000452,0.000885,0.105000,0.105000,2.825159,83460.992188,1.302703,0.000000,0.000000,1.000000,0.714463,0.656137,0.429636,0.000000,0.000000,0.000000,-17.370697,222.897430
41.314231,2.000000,-1690.436523,-0.869308,765.189163,67.264542,214.083527,296.313232,293.734772,305.180145,0.327630,0.189090,6.579121,-18.136850,-6.589749,-5.944387,64.335930,0.139500,0.000469,0.000883,0.105000,0.105000,2.834223,83460.992188,1.319008,0.000000,0.000000,1.000000,0.740397,0.671358,0.449278,0.000000,0.000000,0.000000,-17.207087,219.670242
41.367986,2.000000,-1681.957275,-0.888431,764.220228,66.343277,210.874496,296.031494,293.438080,304.892109,0.480227,0.190708,6.675713,-17.964090,-6.533637,-5.857563,63.467911,0.140272,0.000488,0.000878,0.105000,0.105000,2.842592,83460.992188,1.334544,0.000000,0.000000,1.000000,0.766315,0.686571,0.468908,0.000000,0.000000,0.000000,-17.035620,216.461212
41.422724,2.000000,-1673.472534,-0.907632,763.243337,65.414322,207.691925,295.736694,293.136932,304.600930,0.636064,0.192353,6.771648,-17.783306,-6.474576,-5.769932,62.611305,0.141081,0.000503,0.000870,0.105000,0.105000,2.850737,83460.992188,1.349619,0.000000,0.000000,1.000000,0.792707,0.702062,0.488898,0.000000,0.000000,0.000000,-16.853241,213.367599
41.476908,2.000000,-1664.971313,-0.926936,762.286436,64.504776,204.533203,295.437256,292.830841,304.306132,0.790757,0.193980,6.864288,-17.594526,-6.412573,-5.681471,61.765114,0.141885,0.000520,0.000859,0.105000,0.105000,2.858598,83460.992188,1.364078,0.000000,0.000000,1.000000,0.818832,0.717396,0.508685,0.000000,0.000000,0.000000,-16.665281,210.208878
41.530819,2.000000,-1656.532104,-0.946165,761.344724,63.610119,201.428665,295.131927,292.522705,304.010385,0.945089,0.195597,6.954248,-17.399815,-6.348309,-5.593092,60.937119,0.142677,0.000535,0.000846,0.105000,0.105000,2.866305,83460.992188,1.377958,0.000000,0.000000,1.000000,0.844826,0.732653,0.528372,0.000000,0.000000,0.000000,-16.471218,207.104340
41.583349,2.000000,-1648.324585,-0.964929,760.437432,62.748669,198.440262,294.827728,292.218994,303.719770,1.095865,0.197171,7.039851,-17.203680,-6.283282,-5.506684,60.143383,0.143438,0.000548,0.000832,0.105000,0.105000,2.873745,83460.992188,1.391030,0.000000,0.000000,1.000000,0.870153,0.747519,0.547555,0.000000,0.000000,0.000000,-16.275597,204.674042
41.636064,2.000000,-1640.119141,-0.983750,759.537509,61.894665,195.484329,294.515961,291.911469,303.426218,1.247564,0.198749,7.123794,-17.001135,-6.215849,-5.419927,59.361256,0.144188,0.000559,0.000817,0.105000,0.105000,2.881161,83460.992188,1.403710,0.000000,0.000000,1.000000,0.895570,0.762437,0.566805,0.000000,0.000000,0.000000,-16.073042,201.718109
41.687296,2.000000,-1632.101929,-1.002199,758.673339,61.075085,192.627884,294.206970,291.607208,303.136432,1.395369,0.200281,7.203551,-16.797188,-6.147683,-5.334874,58.608109,0.144902,0.000569,0.000802,0.105000,0.105000,2.888335,83460.992188,1.415679,0.000000,0.000000,1.000000,0.920272,0.776936,0.585514,0.000000,0.000000,0.000000,-15.870391,198.861664
41.740246,2.000000,-1623.940308,-1.021040,757.791331,60.239025,189.753250,293.881531,291.293549,302.838342,1.548515,0.201862,7.284162,-16.583611,-6.076032,-5.248071,57.852619,0.145625,0.000581,0.000785,0.105000,0.105000,2.895710,83460.992188,1.427583,0.000000,0.000000,1.000000,0.945802,0.791920,0.604851,0.000000,0.000000,0.000000,-15.655159,195.987045
41.794890,2.000000,-1615.428467,-1.040756,756.893303,59.388500,186.792206,293.539490,290.962311,302.523998,1.706969,0.203490,7.365483,-16.354670,-5.998947,-5.157382,57.076794,0.146355,0.000591,0.000767,0.105000,0.105000,2.903287,83460.992188,1.439529,0.000000,0.000000,1.000000,0.972149,0.807384,0.624806,0.000000,0.000000,0.000000,-15.427094,193.551773
41.848483,2.000000,-1607.076050,-1.060166,756.024866,58.566418,183.924240,293.198151,290.633087,302.212145,1.862777,0.205084,7.443451,-16.124041,-5.921016,-5.068304,56.327492,0.147054,0.000599,0.000750,0.105000,0.105000,2.910694,83460.992188,1.450872,0.000000,0.000000,1.000000,0.997990,0.822551,0.644377,0.000000,0.000000,0.000000,-15.197743,190.683807
41.900857,2.000000,-1598.918823,-1.079185,755.188254,57.775158,181.160400,292.859283,290.307983,301.904504,2.015415,0.206638,7.517996,-15.893297,-5.842779,-4.981290,55.607166,0.147761,0.000605,0.000733,0.105000,0.105000,2.917581,83460.992188,1.461452,0.000000,0.000000,1.000000,1.000000,0.837373,0.663503,0.000000,0.000000,0.000000,-14.968416,187.919952
41.953347,2.000000,-1590.830688,-1.098103,754.362038,56.994396,178.457092,292.514496,289.982056,301.596241,2.168754,0.208193,7.591130,-15.659328,-5.763194,-4.895059,54.904121,0.148440,0.000610,0.000716,0.105000,0.105000,2.924575,83460.992188,1.471745,0.000000,0.000000,1.000000,1.000000,0.852227,0.682671,0.000000,0.000000,0.000000,-14.733631,185.216644
42.006277,2.000000,-1582.648926,-1.117300,753.541576,56.219616,175.761047,292.161835,289.648560,301.281125,2.323754,0.209755,7.663335,-15.417537,-5.680687,-4.807935,54.204247,0.149095,0.000621,0.000698,0.105000,0.105000,2.931715,83460.992188,1.481852,0.000000,0.000000,1.000000,1.000000,0.867207,0.702000,0.000000,0.000000,0.000000,-14.492012,183.175476
42.061307,2.000000,-1574.332153,-1.136876,752.702351,55.427807,173.061279,291.789978,289.305603,300.957230,2.485307,0.211375,7.736819,-15.166627,-5.594805,-4.719542,53.504463,0.149754,0.000628,0.000680,0.105000,0.105000,2.939161,83460.992188,1.491942,0.000000,0.000000,1.000000,1.000000,0.882780,0.722096,0.000000,0.000000,0.000000,-14.235799,180.475708
42.114113,2.000000,-1566.088623,-1.156340,751.910533,54.681469,170.426895,291.428223,288.961975,300.632712,2.640714,0.212923,7.805866,-14.912990,-5.507722,-4.632156,52.822399,0.150368,0.000637,0.000662,0.105000,0.105000,2.946295,83460.992188,1.501453,0.000000,0.000000,1.000000,1.000000,0.897724,0.741380,0.000000,0.000000,0.000000,-13.985318,177.841324
42.168979,2.000000,-1557.551147,-1.176561,751.101990,53.920177,167.742874,291.047882,288.602051,300.292771,2.802582,0.214525,7.876132,-14.645255,-5.415521,-4.541944,52.128109,0.150987,0.000644,0.000644,0.105000,0.105000,2.953693,83460.992188,1.511004,0.000000,0.000000,1.000000,1.000000,0.913251,0.761416,0.000000,0.000000,0.000000,-13.720423,175.157303
42.222760,2.000000,-1549.193726,-1.196418,750.323727,53.192883,165.160202,290.670593,288.245789,299.956181,2.961643,0.216090,7.943604,-14.378349,-5.323328,-4.453978,51.460342,0.151580,0.000650,0.000626,0.105000,0.105000,2.960907,83460.992188,1.520047,0.000000,0.000000,1.000000,1.000000,0.929007,0.782767,0.000000,0.000000,0.000000,-13.456347,173.202713
42.276498,2.000000,-1540.928101,-1.216117,749.560458,52.467480,162.650314,290.289398,287.889648,299.619591,3.120950,0.217646,8.009545,-14.109714,-5.230262,-4.367362,50.811428,0.149545,0.000657,0.000605,0.105000,0.105000,2.966719,83460.992188,1.532104,0.000000,0.000000,1.000000,1.000000,0.948631,0.816500,0.000000,0.000000,0.000000,-13.187942,170.692825
42.329941,2.000000,-1532.772583,-1.235611,748.815990,51.751781,160.218384,289.906342,287.533844,299.283862,3.279217,0.219186,8.071356,-13.835736,-5.134973,-4.282331,50.182350,0.143307,0.000660,0.000582,0.105000,0.105000,2.953232,83460.992188,1.552369,0.000000,0.000000,1.000000,1.000000,0.968147,0.850048,0.000000,0.000000,0.000000,-12.911751,168.260895
42.384566,2.000000,-1524.416504,-1.255646,748.070667,51.065807,157.774414,289.510681,287.164948,298.936505,3.439608,0.220743,8.129491,-13.545183,-5.033508,-4.195718,49.549278,0.137659,0.000679,0.000550,0.105000,0.105000,2.918449,83460.992188,1.569317,0.000000,0.000000,1.000000,1.000000,0.988095,0.884338,0.000000,0.000000,0.000000,-12.620105,165.816925
42.439617,2.000000,-1515.910156,-1.276104,747.335952,50.376110,155.337936,289.107849,286.785187,298.579034,3.598847,0.222301,8.182656,-13.241161,-4.926955,-4.108140,48.916702,0.132542,0.000680,0.000516,0.105000,0.105000,2.867796,83460.992188,1.582676,0.000000,0.000000,1.000000,1.000000,1.000000,0.918895,0.000000,0.000000,0.000000,-12.318627,163.874969
42.490018,2.000000,-1508.375000,-1.294279,746.678085,49.726452,153.224091,288.735931,286.445374,298.259084,3.741894,0.223721,8.226431,-12.966301,-4.830321,-4.031106,48.366310,0.127825,0.000679,0.000478,0.105000,0.105000,2.811275,83460.992188,1.592685,0.000000,0.000000,1.000000,1.000000,1.000000,0.950533,0.000000,0.000000,0.000000,-12.037354,161.761124
42.543640,2.000000,-1500.032349,-1.314458,745.993894,49.063366,150.933472,288.337402,286.065857,297.901317,3.890729,0.225227,8.267814,-12.657042,-4.721276,-3.946455,47.767803,0.123395,0.000677,0.000433,0.105000,0.105000,2.743286,83460.992188,1.600772,0.000000,0.000000,1.000000,1.000000,1.000000,0.984194,0.000000,0.000000,0.000000,-11.733768,159.470505
42.600153,2.000000,-1491.335571,-1.335556,745.290654,48.342663,148.602219,287.914032,285.666412,297.524359,4.043433,0.226812,8.305613,-12.330342,-4.605745,-3.858968,47.155979,0.118833,0.000671,0.000383,0.105000,0.105000,2.664856,83460.992188,1.608272,0.000000,0.000000,1.000000,1.000000,1.000000,1.000000,0.000000,0.000000,0.000000,-11.410061,157.466110
42.653602,2.000000,-1483.119141,-1.355546,744.642485,47.737926,146.453476,287.511200,285.286316,297.164722,4.183653,0.228308,8.335980,-12.018622,-4.495202,-3.777055,46.589226,0.114611,0.000657,0.000339,0.105000,0.105000,2.586461,83460.992188,1.612591,0.000000,0.000000,1.000000,1.000000,1.000000,1.000000,0.000000,0.000000,0.000000,-11.101442,155.317368
42.707837,2.000000,-1474.890137,-1.375621,744.001774,47.052197,144.354385,287.100128,284.902771,296.801260,4.321558,0.229825,8.361523,-11.704301,-4.383443,-3.695771,46.032524,0.110410,0.000647,0.000301,0.105000,0.105000,2.503769,83460.992188,1.616055,0.000000,0.000000,1.000000,1.000000,1.000000,1.000000,0.000000,0.000000,0.000000,-10.786599,153.218277
42.761333,2.000000,-1466.699707,-1.395654,743.386611,46.453991,142.318146,286.692993,284.518921,296.436344,4.453125,0.231317,8.381663,-11.390068,-4.271431,-3.615639,45.489216,0.106441,0.000637,0.000267,0.105000,0.105000,2.420133,83460.992188,1.617658,0.000000,0.000000,1.000000,1.000000,1.000000,1.000000,0.000000,0.000000,0.000000,-10.475175,151.182037
42.814594,2.000000,-1458.616821,-1.415473,742.790774,45.873119,140.360779,286.286346,284.137756,296.073179,4.579638,0.232798,8.396899,-11.079319,-4.160389,-3.537334,44.963531,0.102605,0.000629,0.000237,0.105000,0.105000,2.335695,83460.992188,1.618142,0.000000,0.000000,1.000000,1.000000,1.000000,1.000000,0.000000,0.000000,0.000000,-10.164931,149.148987
42.869323,2.000000,-1450.357300,-1.435776,742.195801,45.254650,138.414291,285.867126,283.746429,295.699157,4.704933,0.234314,8.407752,-10.761796,-4.046652,-3.458128,44.437057,0.098821,0.000619,0.000211,0.105000,0.105000,2.248460,83460.992188,1.617356,0.000000,0.000000,1.000000,1.000000,1.000000,1.000000,0.000000,0.000000,0.000000,-9.846645,147.202515
42.928142,2.000000,-1441.807129,-1.456845,741.575884,44.655895,136.456558,285.415436,283.339386,295.308941,4.834258,0.235935,8.414229,-10.433755,-3.928862,-3.377012,43.903378,0.094925,0.000603,0.000186,0.105000,0.105000,2.155009,83460.992188,1.615089,0.000000,0.000000,1.000000,1.000000,1.000000,1.000000,0.000000,0.000000,0.000000,-9.505843,145.244766
42.982800,2.000000,-1433.049927,-1.478478,741.017770,44.082653,134.511749,284.995789,282.920959,294.906385,4.949544,0.237432,8.415735,-10.099183,-3.808430,-3.294866,43.368633,0.091513,0.000600,0.000166,0.105000,0.105000,2.069019,83460.992188,1.612145,0.000000,0.000000,1.000000,1.000000,1.000000,1.000000,0.000000,0.000000,0.000000,-9.190973,143.299957
43.035763,2.000000,-1425.192749,-1.497932,740.493460,43.555187,132.818558,284.588837,282.543976,294.542715,5.056773,0.238877,8.413147,-9.800497,-3.700662,-3.221971,42.898998,0.087902,0.000592,0.000149,0.105000,0.105000,1.986056,83460.992188,1.609009,0.000000,0.000000,1.000000,1.000000,1.000000,1.000000,0.000000,0.000000,0.000000,-8.887789,141.696915
43.090836,2.000000,-1416.775757,-1.518818,739.965224,43.022228,131.058670,284.166321,282.139191,294.150719,5.163659,0.240368,8.406562,-9.482716,-3.585745,-3.144731,42.406483,0.084896,0.000586,0.000134,0.105000,0.105000,1.901269,83460.992188,1.603611,0.000000,0.000000,1.000000,1.000000,1.000000,1.000000,0.000000,0.000000,0.000000,-8.575248,139.937027
43.145383,2.000000,-1408.570679,-1.539222,739.458970,42.546459,129.396515,283.748474,281.743561,293.766346,5.265001,0.241836,8.396515,-9.175901,-3.474546,-3.070278,41.936836,0.082083,0.000582,0.000121,0.105000,0.105000,1.820035,83460.992188,1.597451,0.000000,0.000000,1.000000,1.000000,1.000000,1.000000,0.000000,0.000000,0.000000,-8.269126,138.274872
43.199086,2.000000,-1400.425537,-1.559520,738.976822,42.046642,127.798294,283.338226,281.350189,293.382804,5.360529,0.243275,8.383464,-8.874580,-3.365097,-2.997191,41.480774,0.079455,0.000579,0.000110,0.105000,0.105000,1.742891,83460.992188,1.590832,0.000000,0.000000,1.000000,1.000000,1.000000,1.000000,0.000000,0.000000,0.000000,-7.971400,136.676651
43.250911,2.000000,-1392.580444,-1.579108,738.526642,41.615002,126.307182,282.943481,280.970551,293.011540,5.448869,0.244654,8.368163,-8.587729,-3.260683,-2.927559,41.051018,0.077071,0.000575,0.000101,0.105000,0.105000,1.671213,83460.992188,1.583832,0.000000,0.000000,1.000000,1.000000,1.000000,1.000000,0.000000,0.000000,0.000000,-7.687836,135.151001
43.303415,2.000000,-1384.665894,-1.598906,738.085512,41.177380,124.850464,282.545013,280.587189,292.635383,5.534655,0.246043,8.350169,-8.301954,-3.156443,-2.858749,40.626827,0.074288,0.000573,0.000092,0.105000,0.105000,1.601176,83460.992188,1.576937,0.000000,0.000000,1.000000,1.000000,1.000000,1.000000,0.000000,0.000000,0.000000,-7.404501,133.694275
43.356669,2.000000,-1376.721436,-1.618816,737.653260,40.727551,123.435776,282.142456,280.201782,292.256201,5.617897,0.247444,8.329074,-8.018014,-3.052643,-2.792822,40.210209,0.070028,0.000570,0.000085,0.105000,0.105000,1.528961,83460.992188,1.572291,0.000000,0.000000,1.000000,1.000000,1.000000,1.000000,0.000000,0.000000,0.000000,-7.120288,132.279602
43.409650,2.000000,-1368.767456,-1.638784,737.238246,40.304638,122.066849,281.743744,279.815399,291.875031,5.696753,0.248827,8.304675,-7.735625,-2.949163,-2.729957,39.801903,0.064687,0.000571,0.000078,0.105000,0.105000,1.451595,83460.992188,1.568952,0.000000,0.000000,1.000000,1.000000,1.000000,1.000000,0.000000,0.000000,0.000000,-6.839718,130.926361
43.463452,2.000000,-1360.717163,-1.659029,736.832036,39.900219,120.729507,281.340942,279.423859,291.487810,5.772419,0.250223,8.275922,-7.451353,-2.844735,-2.669432,39.397251,0.058552,0.000571,0.000072,0.105000,0.105000,1.365113,83460.992188,1.565689,0.000000,0.000000,1.000000,1.000000,1.000000,1.000000,0.000000,0.000000,0.000000,-6.556705,129.589020
43.517208,2.000000,-1352.693481,-1.679242,736.441399,39.532238,119.444633,280.940735,279.033173,291.100590,5.843121,0.251611,8.242778,-7.169619,-2.740979,-2.612117,39.002174,0.051999,0.000571,0.000066,0.105000,0.105000,1.269903,83460.992188,1.561870,0.000000,0.000000,1.000000,1.000000,1.000000,1.000000,0.000000,0.000000,0.000000,-6.275956,128.304153
43.570636,2.000000,-1344.703857,-1.699402,736.068100,39.128979,118.212677,280.545471,278.643951,290.713814,5.908076,0.252987,8.205153,-6.891037,-2.638129,-2.557940,38.616596,0.045202,0.000557,0.000059,0.105000,0.105000,1.166951,83460.992188,1.556946,0.000000,0.000000,1.000000,1.000000,1.000000,1.000000,0.000000,0.000000,0.000000,-5.999326,127.072197
43.623554,2.000000,-1336.836792,-1.719283,735.712908,38.789867,117.045586,280.156647,278.260010,290.331428,5.966829,0.254358,8.163335,-6.619627,-2.537695,-2.507330,38.244232,0.038331,0.000548,0.000050,0.105000,0.105000,1.059520,83460.992188,1.550034,0.000000,0.000000,1.000000,1.000000,1.000000,1.000000,0.000000,0.000000,0.000000,-5.728746,125.853973
43.676708,2.000000,-1328.875488,-1.739433,735.370508,38.422863,115.910500,279.768860,277.870819,289.942665,6.019995,0.255742,8.116738,-6.348585,-2.437176,-2.458791,37.874470,0.031203,0.000537,0.000046,0.105000,0.105000,0.947277,83460.992188,1.542545,0.000000,0.000000,1.000000,1.000000,1.000000,1.000000,0.000000,0.000000,0.000000,-5.460961,124.718880
43.728728,2.000000,-1321.119263,-1.759091,735.049136,38.122204,114.848549,279.392212,277.491302,289.562563,6.066139,0.257098,8.066628,-6.088395,-2.340469,-2.414011,37.520775,0.024351,0.000540,0.000042,0.105000,0.105000,0.833275,83460.992188,1.533838,0.000000,0.000000,1.000000,1.000000,1.000000,1.000000,0.000000,0.000000,0.000000,-5.203174,123.656929
43.781767,2.000000,-1313.265991,-1.779022,734.735216,37.810070,113.816887,279.011322,277.107117,289.176766,6.106980,0.258478,8.011000,-5.829547,-2.244055,-2.371114,37.168968,0.017665,0.000545,0.000038,0.105000,0.105000,0.713768,83460.992188,1.523632,0.000000,0.000000,1.000000,1.000000,1.000000,1.000000,0.000000,0.000000,0.000000,-4.945385,122.625267
43.835092,2.000000,-1305.388672,-1.799039,734.433299,37.502331,112.825356,278.631592,276.722015,288.789130,6.141575,0.259860,7.950560,-5.575223,-2.149126,-2.330475,36.822189,0.011272,0.000552,0.000035,0.105000,0.105000,0.591172,83460.992188,1.512175,0.000000,0.000000,1.000000,1.000000,1.000000,1.000000,0.000000,0.000000,0.000000,-4.691994,121.677635
43.888297,2.000000,-1297.416016,-1.819324,734.145421,37.244884,111.865059,278.256317,276.333038,288.396541,6.169535,0.261234,7.885905,-5.323908,-2.055125,-2.291699,36.477184,0.004924,0.000558,0.000032,0.105000,0.105000,0.467490,83460.992188,1.499640,0.000000,0.000000,1.000000,1.000000,1.000000,1.000000,0.000000,0.000000,0.000000,-4.445584,120.717339
43.941431,2.000000,-1289.607422,-1.839214,733.870884,36.931591,110.965683,277.885193,275.953064,288.012049,6.190874,0.262601,7.817210,-5.084366,-1.965350,-2.255937,36.144859,-0.000587,0.000567,0.000030,0.105000,0.105000,0.343515,83460.992188,1.485783,0.000000,0.000000,1.000000,1.000000,1.000000,1.000000,0.000000,0.000000,0.000000,-4.206552,119.817963
43.994421,2.000000,-1281.763550,-1.859216,733.609596,36.694408,110.102150,277.518951,275.572723,287.626252,6.205614,0.263964,7.744864,-4.850962,-1.877708,-2.222143,35.816360,-0.005816,0.000577,0.000027,0.105000,0.105000,0.220697,83460.992188,1.470350,0.000000,0.000000,1.000000,1.000000,1.000000,1.000000,0.000000,0.000000,0.000000,-3.975816,118.954437
44.049341,2.000000,-1273.664673,-1.879890,733.351532,36.418346,109.251274,277.143402,275.181854,287.228769,6.214069,0.265372,7.666199,-4.618333,-1.790194,-2.189409,35.482548,-0.010674,0.000588,0.000025,0.105000,0.105000,0.095557,83460.992188,1.453078,0.000000,0.000000,1.000000,1.000000,1.000000,1.000000,0.000000,0.000000,0.000000,-3.745451,118.111076
44.103579,2.000000,-1265.709351,-1.900218,733.108895,36.171093,108.454292,276.776825,274.799866,286.839443,6.215760,0.266763,7.585172,-4.398644,-1.707401,-2.159304,35.159737,-0.014844,0.000600,0.000023,0.105000,0.105000,-0.025023,83460.992188,1.435721,0.000000,0.000000,1.000000,1.000000,1.000000,1.000000,0.000000,0.000000,0.000000,-3.527162,117.314095
44.157802,2.000000,-1257.679810,-1.920755,732.877954,35.967785,107.687386,276.414795,274.416412,286.447654,6.211032,0.268156,7.501296,-4.186297,-1.627242,-2.130895,34.838814,-0.018755,0.000614,0.000021,0.105000,0.105000,-0.141340,83460.992188,1.416450,0.000000,0.000000,1.000000,1.000000,1.000000,1.000000,0.000000,0.000000,0.000000,-3.318677,116.547195
44.212063,2.000000,-1249.714111,-1.941149,732.657948,35.707653,106.962189,276.057098,274.038605,286.060819,6.200119,0.269553,7.414901,-3.985529,-1.551335,-2.104591,34.525097,-0.021938,0.000630,0.000020,0.105000,0.105000,-0.253053,83460.992188,1.397151,0.000000,0.000000,1.000000,1.000000,1.000000,1.000000,0.000000,0.000000,0.000000,-3.120208,115.821991
44.264117,2.000000,-1242.094116,-1.960674,732.456833,35.526073,106.300201,275.718048,273.679901,285.692730,6.184090,0.270896,7.330184,-3.803185,-1.482298,-2.081107,34.229153,-0.024508,0.000646,0.000019,0.105000,0.105000,-0.354422,83460.992188,1.377265,0.000000,0.000000,1.000000,1.000000,1.000000,1.000000,0.000000,0.000000,0.000000,-2.939903,115.138222
44.319427,2.000000,-1234.051636,-1.981298,732.253152,35.321484,105.633217,275.362701,273.304199,285.306488,6.161458,0.272328,7.238579,-3.621151,-1.413289,-2.058017,33.921032,-0.026550,0.000663,0.000017,0.105000,0.105000,-0.456444,83460.992188,1.356129,0.000000,0.000000,1.000000,1.000000,1.000000,1.000000,0.000000,0.000000,0.000000,-2.759137,114.471237
44.373876,2.000000,-1225.934570,-2.002130,732.062146,35.147655,104.991310,275.017731,272.928345,284.919327,6.133873,0.273747,7.147343,-3.448768,-1.347864,-2.036397,33.614277,-0.028564,0.000681,0.000016,0.105000,0.105000,-0.549775,83460.992188,1.334216,0.000000,0.000000,1.000000,1.000000,1.000000,1.000000,0.000000,0.000000,0.000000,-2.592563,113.829330
44.426293,2.000000,-1218.312378,-2.021705,731.886591,34.958752,104.415291,274.690277,272.578522,284.558297,6.102711,0.275119,7.058921,-3.297429,-1.290372,-2.017559,33.329926,-0.029577,0.000696,0.000015,0.105000,0.105000,-0.632837,83460.992188,1.313456,0.000000,0.000000,1.000000,1.000000,1.000000,1.000000,0.000000,0.000000,0.000000,-2.442918,113.175064
44.480268,2.000000,-1210.434814,-2.041950,731.713773,34.794567,103.845444,274.357574,272.220245,284.187953,6.066291,0.276541,6.967771,-3.151973,-1.235076,-1.999506,33.039661,-0.030300,0.000717,0.000014,0.105000,0.105000,-0.710500,83460.992188,1.291524,0.000000,0.000000,1.000000,1.000000,1.000000,1.000000,0.000000,0.000000,0.000000,-2.300040,112.605217
44.531517,2.000000,-1202.916382,-2.061284,731.556581,34.612438,103.323936,274.046082,271.881439,283.837245,6.028039,0.277902,6.881514,-3.023547,-1.186231,-1.983547,32.765915,-0.030679,0.000734,0.000013,0.105000,0.105000,-0.776977,83460.992188,1.270669,0.000000,0.000000,1.000000,1.000000,1.000000,1.000000,0.000000,0.000000,0.000000,-2.174854,112.083710
44.585637,2.000000,-1195.046875,-2.081532,731.397305,34.492992,102.799683,273.721527,271.529816,283.472714,5.984205,0.279347,6.791367,-2.900409,-1.139396,-1.968102,32.482685,-0.030712,0.000757,0.000013,0.105000,0.105000,-0.837486,83460.992188,1.247933,0.000000,0.000000,1.000000,1.000000,1.000000,1.000000,0.000000,0.000000,0.000000,-2.054150,111.559456
44.638233,2.000000,-1187.409424,-2.101194,731.248515,34.325756,102.310104,273.410553,271.191254,283.121205,5.938735,0.280763,6.705140,-2.791895,-1.098140,-1.954272,32.210907,-0.030495,0.000774,0.000012,0.105000,0.105000,-0.886974,83460.992188,1.226582,0.000000,0.000000,1.000000,1.000000,1.000000,1.000000,0.000000,0.000000,0.000000,-1.947975,111.118515
44.691019,2.000000,-1179.731567,-2.120969,731.104567,34.175732,101.835213,273.102722,270.853424,282.770082,5.890733,0.282199,6.620333,-2.693417,-1.060730,-1.941453,31.940643,-0.030101,0.000782,0.000011,0.105000,0.105000,-0.927830,83460.992188,1.205848,0.000000,0.000000,1.000000,1.000000,1.000000,1.000000,0.000000,0.000000,0.000000,-1.852103,110.643623
44.742989,2.000000,-1172.197510,-2.140381,730.967563,34.049450,101.384346,272.803589,270.524384,282.427679,5.841590,0.283638,6.538877,-2.606882,-1.027902,-1.929866,31.678204,-0.029475,0.000789,0.000009,0.105000,0.105000,-0.960050,83460.992188,1.185816,0.000000,0.000000,1.000000,1.000000,1.000000,1.000000,0.000000,0.000000,0.000000,-1.767906,110.192757
44.796413,2.000000,-1164.461426,-2.160323,730.831104,33.939648,100.935379,272.499512,270.189056,282.078305,5.789543,0.285132,6.457547,-2.528172,-0.998107,-1.918930,31.411461,-0.028749,0.000809,0.000008,0.105000,0.105000,-0.985020,83460.992188,1.166356,0.000000,0.000000,1.000000,1.000000,1.000000,1.000000,0.000000,0.000000,0.000000,-1.691548,109.743782
44.849275,2.000000,-1156.837524,-2.179982,730.699845,33.774120,100.504883,272.202942,269.860962,281.736198,5.736934,0.286625,6.379728,-2.460191,-0.972453,-1.909040,31.151192,-0.027693,0.000823,0.000006,0.105000,0.105000,-1.003045,83460.992188,1.147368,0.000000,0.000000,1.000000,1.000000,1.000000,1.000000,0.000000,0.000000,0.000000,-1.625714,109.294350
44.902507,2.000000,-1149.108154,-2.199920,730.570977,33.645519,100.079033,271.907990,269.530701,281.391511,5.683196,0.288144,6.304291,-2.400778,-0.950135,-1.899854,30.889853,-0.026514,0.000840,0.000004,0.105000,0.105000,-1.014196,83460.992188,1.129019,0.000000,0.000000,1.000000,1.000000,1.000000,1.000000,0.000000,0.000000,0.000000,-1.568904,108.868500
44.956085,2.000000,-1141.359253,-2.219914,730.444128,33.530285,99.661201,271.614594,269.201965,281.048129,5.628695,0.289687,6.231531,-2.350429,-0.931349,-1.891436,30.630312,-0.025155,0.000858,0.000002,0.105000,0.105000,-1.018903,83460.992188,1.111427,0.000000,0.000000,1.000000,1.000000,1.000000,1.000000,0.000000,0.000000,0.000000,-1.520911,108.450668
45.008834,2.000000,-1133.739624,-2.239579,730.321569,33.390331,99.257706,271.328857,268.880920,280.712488,5.574961,0.291222,6.163174,-2.309531,-0.916240,-1.883876,30.377403,-0.023681,0.000874,-0.000000,0.105000,0.105000,-1.017650,83460.992188,1.094975,0.000000,0.000000,1.000000,1.000000,1.000000,1.000000,0.000000,0.000000,0.000000,-1.482242,108.047180
45.060400,2.000000,-1126.296509,-2.258792,730.203571,33.303478,98.869232,271.052368,268.569366,280.386547,5.522639,0.292735,6.099634,-2.277454,-0.904567,-1.877127,30.132471,-0.022120,0.000887,-0.000002,0.105000,0.105000,-1.011246,83460.992188,1.079585,0.000000,0.000000,1.000000,1.000000,1.000000,1.000000,0.000000,0.000000,0.000000,-1.452284,107.644539
45.111790,2.000000,-1118.880615,-2.277938,730.087367,33.145702,98.486496,270.779358,268.260864,280.063631,5.470955,0.294257,6.039657,-2.252889,-0.895843,-1.870981,29.890436,-0.020460,0.000904,-0.000005,0.105000,0.105000,-1.000166,83460.992188,1.065069,0.000000,0.000000,1.000000,1.000000,1.000000,1.000000,0.000000,0.000000,0.000000,-1.429764,107.261803
45.164359,2.000000,-1111.327881,-2.297439,729.969554,33.047741,98.099876,270.502502,267.948639,279.736532,5.418799,0.295826,5.981837,-2.235044,-0.889787,-1.865271,29.645908,-0.018682,0.000918,-0.000007,0.105000,0.105000,-0.984413,83460.992188,1.051014,0.000000,0.000000,1.000000,1.000000,1.000000,1.000000,0.000000,0.000000,0.000000,-1.413871,106.875175
45.217501,2.000000,-1103.763672,-2.316972,729.851170,32.929638,97.714676,270.224823,267.637787,279.410709,5.367035,0.297424,5.927092,-2.224054,-0.886445,-1.860061,29.402927,-0.016840,0.000934,-0.000009,0.105000,0.105000,-0.964360,83460.992188,1.037827,0.000000,0.000000,1.000000,1.000000,1.000000,1.000000,0.000000,0.000000,0.000000,-1.404732,106.489975
45.273688,2.000000,-1095.713745,-2.337761,729.726389,32.798595,97.305672,269.933105,267.308990,279.065844,5.313584,0.299128,5.873284,-2.219402,-0.885684,-1.855031,29.146366,-0.014821,0.000946,-0.000012,0.105000,0.105000,-0.939200,83460.992188,1.024632,0.000000,0.000000,1.000000,1.000000,1.000000,1.000000,0.000000,0.000000,0.000000,-1.402108,106.115433
45.326991,2.000000,-1088.104004,-2.357415,729.608026,32.661572,96.918762,269.658508,266.999878,278.741504,5.264283,0.300754,5.826161,-2.221334,-0.887486,-1.850718,28.905674,-0.012889,0.000962,-0.000014,0.105000,0.105000,-0.911767,83460.992188,1.013071,0.000000,0.000000,1.000000,1.000000,1.000000,1.000000,0.000000,0.000000,0.000000,-1.405922,105.728523
45.378379,2.000000,-1080.902710,-2.376014,729.493630,32.571911,96.551430,269.395081,266.708649,278.435732,5.218229,0.302334,5.784301,-2.228348,-0.891266,-1.846998,28.679483,-0.011138,0.000974,-0.000016,0.105000,0.105000,-0.882511,83460.992188,1.003498,0.000000,0.000000,1.000000,1.000000,1.000000,1.000000,0.000000,0.000000,0.000000,-1.414837,105.361191
45.433735,2.000000,-1072.826416,-2.396873,729.369794,32.432507,96.137093,269.112762,266.383759,278.094337,5.170369,0.304046,5.743152,-2.241761,-0.897730,-1.843205,28.427567,-0.008975,0.000988,-0.000019,0.105000,0.105000,-0.848366,83460.992188,0.992517,0.000000,0.000000,1.000000,1.000000,1.000000,1.000000,0.000000,0.000000,0.000000,-1.429899,104.946854
45.485683,2.000000,-1065.397095,-2.416061,729.252746,32.316845,95.752831,268.848877,266.086334,277.781743,5.127234,0.305662,5.708172,-2.258892,-0.905607,-1.840034,28.197407,-0.007039,0.001001,-0.000021,0.105000,0.105000,-0.814510,83460.992188,0.983633,0.000000,0.000000,1.000000,1.000000,1.000000,1.000000,0.000000,0.000000,0.000000,-1.448640,104.494972
45.540402,2.000000,-1057.613770,-2.436161,729.128332,32.215160,95.346230,268.572083,265.776245,277.455624,5.083759,0.307374,5.675153,-2.281523,-0.915753,-1.837006,27.957832,-0.005057,0.001012,-0.000023,0.105000,0.105000,-0.776731,83460.992188,0.975235,0.000000,0.000000,1.000000,1.000000,1.000000,1.000000,0.000000,0.000000,0.000000,-1.472989,104.088371
45.595094,2.000000,-1049.827637,-2.456266,729.002587,32.055553,94.934540,268.296112,265.467499,277.130750,5.042411,0.309092,5.645954,-2.308391,-0.927621,-1.834246,27.719700,-0.003084,0.001026,-0.000026,0.105000,0.105000,-0.737493,83460.992188,0.967341,0.000000,0.000000,1.000000,1.000000,1.000000,1.000000,0.000000,0.000000,0.000000,-1.501498,103.676682
45.648652,2.000000,-1042.264038,-2.475794,728.877892,31.957960,94.529182,268.026428,265.168732,276.816168,5.004039,0.310782,5.620979,-2.338218,-0.940673,-1.831793,27.489777,-0.001273,0.001032,-0.000027,0.105000,0.105000,-0.697711,83460.992188,0.960621,0.000000,0.000000,1.000000,1.000000,1.000000,1.000000,0.000000,0.000000,0.000000,-1.533083,103.340530
45.704653,2.000000,-1034.561157,-2.495679,728.745657,31.820326,94.110214,267.744690,264.865479,276.496811,4.966225,0.312558,5.598564,-2.371923,-0.955332,-1.829499,27.256983,0.000290,0.001042,-0.000029,0.105000,0.105000,-0.655382,83460.992188,0.954704,0.000000,0.000000,1.000000,1.000000,1.000000,1.000000,0.000000,0.000000,0.000000,-1.569492,102.921562
45.754914,2.000000,-1027.126099,-2.514869,728.625224,31.693800,93.699387,267.492035,264.573975,276.189586,4.934304,0.314154,5.581513,-2.407167,-0.970603,-1.827456,27.033535,0.002461,0.001057,-0.000030,0.105000,0.105000,-0.617332,83460.992188,0.949487,0.000000,0.000000,1.000000,1.000000,1.000000,1.000000,0.000000,0.000000,0.000000,-1.604704,102.510735
45.809740,2.000000,-1019.311340,-2.535035,728.491816,31.579786,93.260284,267.216461,264.268738,275.867737,4.901686,0.315901,5.566228,-2.447037,-0.987827,-1.825466,26.799950,0.004337,0.001070,-0.000032,0.105000,0.105000,-0.575099,83460.992188,0.944384,0.000000,0.000000,1.000000,1.000000,1.000000,1.000000,0.000000,0.000000,0.000000,-1.645782,102.071632
45.863284,2.000000,-1011.722961,-2.554612,728.359349,31.460890,92.826286,266.947205,263.973328,275.556181,4.872070,0.317610,5.554484,-2.488113,-1.005540,-1.823668,26.574327,0.006062,0.001081,-0.000035,0.105000,0.105000,-0.533713,83460.992188,0.940188,0.000000,0.000000,1.000000,1.000000,1.000000,1.000000,0.000000,0.000000,0.000000,-1.688154,101.683296
45.919101,2.000000,-1003.805908,-2.575032,728.218843,31.282545,92.365036,266.666321,263.666138,275.232049,4.843544,0.319393,5.545403,-2.533000,-1.024882,-1.821911,26.340139,0.007843,0.001090,-0.000037,0.105000,0.105000,-0.490972,83460.992188,0.936655,0.000000,0.000000,1.000000,1.000000,1.000000,1.000000,0.000000,0.000000,0.000000,-1.734238,101.222054
45.972269,2.000000,-996.304443,-2.594374,728.082626,31.157301,91.919724,266.398529,263.376068,274.925802,4.818590,0.321092,5.539679,-2.577266,-1.043951,-1.820340,26.119333,0.009408,0.001102,-0.000040,0.105000,0.105000,-0.450400,83460.992188,0.933905,0.000000,0.000000,1.000000,1.000000,1.000000,1.000000,0.000000,0.000000,0.000000,-1.779782,100.776741
46.026771,2.000000,-988.715271,-2.613936,727.940496,31.020704,91.460709,266.123505,263.083374,274.616708,4.795231,0.322837,5.536594,-2.623392,-1.063826,-1.818828,25.896980,0.010785,0.001104,-0.000042,0.105000,0.105000,-0.409470,83460.992188,0.931508,0.000000,0.000000,1.000000,1.000000,1.000000,1.000000,0.000000,0.000000,0.000000,-1.827757,100.317726
46.082021,2.000000,-980.820801,-2.634277,727.793775,30.865248,90.973900,265.844055,262.779816,274.295986,4.773799,0.324602,5.536181,-2.672506,-1.085004,-1.817320,25.666740,0.012507,0.001111,-0.000045,0.105000,0.105000,-0.368905,83460.992188,0.929352,0.000000,0.000000,1.000000,1.000000,1.000000,1.000000,0.000000,0.000000,0.000000,-1.877430,99.817719
46.132554,2.000000,-973.858337,-2.652210,727.657202,30.718641,90.536499,265.587830,262.512695,274.013705,4.756146,0.326217,5.538091,-2.716619,-1.104045,-1.816035,25.464540,0.013559,0.001115,-0.000047,0.105000,0.105000,-0.332522,83460.992188,0.927958,0.000000,0.000000,1.000000,1.000000,1.000000,1.000000,0.000000,0.000000,0.000000,-1.923594,99.380318
46.188416,2.000000,-965.882935,-2.672743,727.503560,30.568678,90.026031,265.304016,262.207428,273.690997,4.738737,0.327998,5.542587,-2.767834,-1.126180,-1.814601,25.233870,0.015189,0.001123,-0.000050,0.105000,0.105000,-0.293269,83460.992188,0.926856,0.000000,0.000000,1.000000,1.000000,1.000000,1.000000,0.000000,0.000000,0.000000,-1.975210,98.869850
46.240157,2.000000,-958.618896,-2.691437,727.358726,30.425734,89.552238,265.040405,261.930054,273.397652,4.724549,0.329644,5.548925,-2.815042,-1.146612,-1.813321,25.024618,0.016387,0.001130,-0.000053,0.105000,0.105000,-0.257450,83460.992188,0.926358,0.000000,0.000000,1.000000,1.000000,1.000000,1.000000,0.000000,0.000000,0.000000,-2.023487,98.396057
46.295543,2.000000,-950.950867,-2.711163,727.200972,30.274122,89.042809,264.757324,261.637726,273.088499,4.711377,0.331401,5.557789,-2.864999,-1.168275,-1.811986,24.804564,0.017432,0.001133,-0.000055,0.105000,0.105000,-0.220654,83460.992188,0.926093,0.000000,0.000000,1.000000,1.000000,1.000000,1.000000,0.000000,0.000000,0.000000,-2.075217,97.966393
46.350067,2.000000,-943.257446,-2.730945,727.042934,30.137709,88.522079,264.477936,261.345093,272.778811,4.700360,0.333126,5.568501,-2.915179,-1.190080,-1.810654,24.584608,0.018689,0.001139,-0.000058,0.105000,0.105000,-0.185699,83460.992188,0.926220,0.000000,0.000000,1.000000,1.000000,1.000000,1.000000,0.000000,0.000000,0.000000,-2.126113,97.445663
46.404242,2.000000,-935.583984,-2.750666,726.883222,29.971876,87.993095,264.199341,261.053650,272.470399,4.691269,0.334835,5.580965,-2.965108,-1.211827,-1.809326,24.366013,0.019942,0.001146,-0.000061,0.105000,0.105000,-0.152232,83460.992188,0.926667,0.000000,0.000000,1.000000,1.000000,1.000000,1.000000,0.000000,0.000000,0.000000,-2.176485,96.916679
46.457054,2.000000,-928.198547,-2.769636,726.724966,29.804884,87.474937,263.927032,260.773682,272.173970,4.684117,0.336494,5.594752,-3.012945,-1.232712,-1.808042,24.156332,0.020921,0.001150,-0.000063,0.105000,0.105000,-0.120715,83460.992188,0.927293,0.000000,0.000000,1.000000,1.000000,1.000000,1.000000,0.000000,0.000000,0.000000,-2.225307,96.243675
46.509726,2.000000,-920.902832,-2.788365,726.564628,29.621229,86.954407,263.654419,260.497314,271.881426,4.678607,0.338143,5.609976,-3.059809,-1.253227,-1.806763,23.949856,0.021713,0.001153,-0.000066,0.105000,0.105000,-0.090566,83460.992188,0.928250,0.000000,0.000000,1.000000,1.000000,1.000000,1.000000,0.000000,0.000000,0.000000,-2.273528,95.723145
46.563601,2.000000,-913.394714,-2.807630,726.398073,29.482679,86.409775,263.374603,260.213593,271.580963,4.674564,0.339825,5.626917,-3.107450,-1.274140,-1.805429,23.738018,0.022601,0.001154,-0.000067,0.105000,0.105000,-0.061479,83460.992188,0.929315,0.000000,0.000000,1.000000,1.000000,1.000000,1.000000,0.000000,0.000000,0.000000,-2.322196,95.178513
46.619047,2.000000,-905.626709,-2.827548,726.224000,29.309584,85.836845,263.085541,259.920410,271.270505,4.671995,0.341550,5.645678,-3.156078,-1.295553,-1.804028,23.519510,0.023568,0.001157,-0.000069,0.105000,0.105000,-0.033090,83460.992188,0.931075,0.000000,0.000000,1.000000,1.000000,1.000000,1.000000,0.000000,0.000000,0.000000,-2.371526,94.605583
46.673492,2.000000,-898.043091,-2.846980,726.050489,29.129408,85.268356,262.800751,259.634583,270.967698,4.670973,0.343235,5.665323,-3.202785,-1.316188,-1.802636,23.306812,0.024362,0.001162,-0.000070,0.105000,0.105000,-0.006420,83460.992188,0.932305,0.000000,0.000000,1.000000,1.000000,1.000000,1.000000,0.000000,0.000000,0.000000,-2.419180,94.129539
46.726034,2.000000,-890.756226,-2.865638,725.880662,28.935804,84.713715,262.525116,259.360107,270.676994,4.671329,0.344852,5.685328,-3.246939,-1.335760,-1.801273,23.102989,0.025020,0.001167,-0.000071,0.105000,0.105000,0.018202,83460.992188,0.934039,0.000000,0.000000,1.000000,1.000000,1.000000,1.000000,0.000000,0.000000,0.000000,-2.464354,93.574898
46.778930,2.000000,-883.423157,-2.884402,725.707375,28.773329,84.147354,262.246552,259.084167,270.384628,4.672953,0.346470,5.706378,-3.290476,-1.355127,-1.799874,22.898394,0.025641,0.001170,-0.000073,0.105000,0.105000,0.041627,83460.992188,0.935952,0.000000,0.000000,1.000000,1.000000,1.000000,1.000000,0.000000,0.000000,0.000000,-2.508868,93.008545
46.834069,2.000000,-875.830444,-2.903815,725.524319,28.583509,83.552429,261.955353,258.798584,270.082089,4.675921,0.348147,5.729169,-3.334481,-1.374780,-1.798395,22.687080,0.026166,0.001175,-0.000075,0.105000,0.105000,0.064477,83460.992188,0.937989,0.000000,0.000000,1.000000,1.000000,1.000000,1.000000,0.000000,0.000000,0.000000,-2.554129,92.413620
46.889128,2.000000,-868.155457,-2.923421,725.339130,28.408949,82.942444,261.663452,258.510071,269.776406,4.680097,0.349810,5.752705,-3.377856,-1.394234,-1.796868,22.473993,0.026826,0.001179,-0.000076,0.105000,0.105000,0.085875,83460.992188,0.940038,0.000000,0.000000,1.000000,1.000000,1.000000,1.000000,0.000000,0.000000,0.000000,-2.598171,91.782562
46.942505,2.000000,-860.758240,-2.942302,725.157372,28.226637,82.346512,261.379730,258.232208,269.481934,4.685244,0.351414,5.776212,-3.418638,-1.412601,-1.795366,22.269085,0.027348,0.001184,-0.000078,0.105000,0.105000,0.105509,83460.992188,0.942275,0.000000,0.000000,1.000000,1.000000,1.000000,1.000000,0.000000,0.000000,0.000000,-2.639782,91.186630
46.995108,2.000000,-853.495361,-2.960824,724.976163,28.066725,81.753914,261.099396,257.959717,269.193217,4.691294,0.352983,5.799934,-3.457605,-1.430228,-1.793861,22.068323,0.027818,0.001189,-0.000080,0.105000,0.105000,0.123356,83460.992188,0.944229,0.000000,0.000000,1.000000,1.000000,1.000000,1.000000,0.000000,0.000000,0.000000,-2.679684,90.594025
47.048158,2.000000,-846.128906,-2.979594,724.791372,27.866713,81.145432,260.815887,257.683502,268.900584,4.698312,0.354554,5.824327,-3.496013,-1.447682,-1.792301,21.865105,0.028342,0.001194,-0.000082,0.105000,0.105000,0.140213,83460.992188,0.946470,0.000000,0.000000,1.000000,1.000000,1.000000,1.000000,0.000000,0.000000,0.000000,-2.718756,89.985542
47.101868,2.000000,-838.682251,-2.998550,724.602260,27.679029,80.522926,260.528046,257.404327,268.604837,4.706301,0.356134,5.849443,-3.533671,-1.464879,-1.790657,21.660074,0.028851,0.001199,-0.000084,0.105000,0.105000,0.156181,83460.992188,0.948864,0.000000,0.000000,1.000000,1.000000,1.000000,1.000000,0.000000,0.000000,0.000000,-2.757106,89.289543
47.154995,2.000000,-831.348816,-3.017201,724.413259,27.492628,79.902786,260.242676,257.129486,268.313628,4.715024,0.357686,5.874656,-3.569648,-1.481392,-1.788965,21.458536,0.029299,0.001203,-0.000086,0.105000,0.105000,0.171085,83460.992188,0.951597,0.000000,0.000000,1.000000,1.000000,1.000000,1.000000,0.000000,0.000000,0.000000,-2.793871,88.669411
47.207708,2.000000,-824.087341,-3.035652,724.223888,27.292799,79.281990,259.958557,256.857452,268.025356,4.724435,0.359215,5.899983,-3.604088,-1.497286,-1.787218,21.259331,0.029695,0.001210,-0.000088,0.105000,0.105000,0.185062,83460.992188,0.953311,0.000000,0.000000,1.000000,1.000000,1.000000,1.000000,0.000000,0.000000,0.000000,-2.829192,88.048615
47.260134,2.000000,-816.975281,-3.053706,724.033785,27.103895,78.667633,259.675476,256.590881,267.743015,4.734505,0.360726,5.925437,-3.636774,-1.512452,-1.785439,21.064552,0.029910,0.001213,-0.000090,0.105000,0.105000,0.198230,83460.992188,0.955603,0.000000,0.000000,1.000000,1.000000,1.000000,1.000000,0.000000,0.000000,0.000000,-2.863175,87.434250
47.314919,2.000000,-809.438721,-3.072816,723.833316,26.912977,78.009949,259.378876,256.308472,267.443828,4.745734,0.362292,5.952229,-3.670138,-1.528027,-1.783482,20.858492,0.030318,0.001220,-0.000092,0.105000,0.105000,0.210936,83460.992188,0.957986,0.000000,0.000000,1.000000,1.000000,1.000000,1.000000,0.000000,0.000000,0.000000,-2.897371,86.783722
47.369973,2.000000,-801.899658,-3.091912,723.630068,26.696180,77.345406,259.080292,256.025909,267.144581,4.757700,0.363852,5.979342,-3.702312,-1.543141,-1.781450,20.652699,0.030671,0.001224,-0.000094,0.105000,0.105000,0.222962,83460.992188,0.960594,0.000000,0.000000,1.000000,1.000000,1.000000,1.000000,0.000000,0.000000,0.000000,-2.930476,86.119179
47.424071,2.000000,-794.399048,-3.110889,723.428666,26.481764,76.677872,258.786255,255.744812,266.846847,4.770082,0.365374,6.006131,-3.733094,-1.557700,-1.779356,20.448280,0.031145,0.001233,-0.000097,0.105000,0.105000,0.234136,83460.992188,0.962811,0.000000,0.000000,1.000000,1.000000,1.000000,1.000000,0.000000,0.000000,0.000000,-2.961787,85.451645
47.478425,2.000000,-786.959778,-3.129688,723.224696,26.299208,76.009705,258.490265,255.465958,266.551545,4.783115,0.366892,6.033155,-3.762425,-1.571672,-1.777209,20.245838,0.031459,0.001236,-0.000099,0.105000,0.105000,0.244729,83460.992188,0.965068,0.000000,0.000000,1.000000,1.000000,1.000000,1.000000,0.000000,0.000000,0.000000,-2.992013,84.894638
47.530123,2.000000,-779.837585,-3.147665,723.029253,26.102674,75.364532,258.208221,255.198944,266.268789,4.796031,0.368324,6.058939,-3.789402,-1.584615,-1.775091,20.052299,0.031805,0.001242,-0.000101,0.105000,0.105000,0.254354,83460.992188,0.967117,0.000000,0.000000,1.000000,1.000000,1.000000,1.000000,0.000000,0.000000,0.000000,-3.019645,84.249466
47.581817,2.000000,-772.771606,-3.165479,722.832478,25.905836,74.719307,257.925934,254.934052,265.988288,4.809429,0.369745,6.084762,-3.815090,-1.597033,-1.772929,19.860544,0.032066,0.001247,-0.000104,0.105000,0.105000,0.263390,83460.992188,0.969385,0.000000,0.000000,1.000000,1.000000,1.000000,1.000000,0.000000,0.000000,0.000000,-3.046159,83.604240
47.637748,2.000000,-765.123596,-3.184736,722.618124,25.684584,74.015381,257.620026,254.647156,265.684621,4.824434,0.371269,6.112720,-3.841688,-1.609999,-1.770523,19.653271,0.032335,0.001250,-0.000106,0.105000,0.105000,0.272631,83460.992188,0.971871,0.000000,0.000000,1.000000,1.000000,1.000000,1.000000,0.000000,0.000000,0.000000,-3.073609,82.900307
47.688825,2.000000,-758.162231,-3.202241,722.421115,25.479811,73.369789,257.340210,254.386047,265.408243,4.838571,0.372648,6.138215,-3.864738,-1.621339,-1.768275,19.464846,0.032548,0.001257,-0.000108,0.105000,0.105000,0.280375,83460.992188,0.974056,0.000000,0.000000,1.000000,1.000000,1.000000,1.000000,0.000000,0.000000,0.000000,-3.097496,82.215614
47.740560,2.000000,-751.164307,-3.219816,722.220403,25.295301,72.716331,257.056458,254.123444,265.130322,4.853278,0.374032,6.163984,-3.886844,-1.632316,-1.765961,19.275654,0.032688,0.001264,-0.000111,0.105000,0.105000,0.287661,83460.992188,0.976353,0.000000,0.000000,1.000000,1.000000,1.000000,1.000000,0.000000,0.000000,0.000000,-3.120581,81.562157
47.794773,2.000000,-743.810547,-3.238259,722.008883,25.065199,72.024994,256.758698,253.847427,264.838193,4.869072,0.375470,6.190886,-3.908892,-1.643380,-1.763474,19.077072,0.032872,0.001268,-0.000113,0.105000,0.105000,0.294602,83460.992188,0.978613,0.000000,0.000000,1.000000,1.000000,1.000000,1.000000,0.000000,0.000000,0.000000,-3.143565,80.870819
47.848372,2.000000,-736.510803,-3.256540,721.798621,24.873426,71.334221,256.464081,253.573303,264.548201,4.885045,0.376878,6.217384,-3.929654,-1.653914,-1.760950,18.880175,0.033083,0.001275,-0.000116,0.105000,0.105000,0.301019,83460.992188,0.980739,0.000000,0.000000,1.000000,1.000000,1.000000,1.000000,0.000000,0.000000,0.000000,-3.165148,80.180046
47.902491,2.000000,-729.164917,-3.274911,721.585232,24.663221,70.634720,256.166260,253.297363,264.256280,4.901506,0.378288,6.244008,-3.949423,-1.664065,-1.758356,18.682253,0.033261,0.001281,-0.000119,0.105000,0.105000,0.307010,83460.992188,0.982952,0.000000,0.000000,1.000000,1.000000,1.000000,1.000000,0.000000,0.000000,0.000000,-3.185787,79.449478
47.956365,2.000000,-721.828003,-3.293234,721.371786,24.436720,69.931900,255.869537,253.021606,263.964626,4.918203,0.379678,6.270372,-3.968054,-1.673757,-1.755715,18.484781,0.033463,0.001287,-0.000121,0.105000,0.105000,0.312530,83460.992188,0.984994,0.000000,0.000000,1.000000,1.000000,1.000000,1.000000,0.000000,0.000000,0.000000,-3.205214,78.746651
48.013151,2.000000,-714.187195,-3.312285,721.145761,24.225599,69.195724,255.556351,252.734360,263.660871,4.936112,0.381130,6.297965,-3.986244,-1.683361,-1.752912,18.279346,0.033563,0.001295,-0.000124,0.105000,0.105000,0.317748,83460.992188,0.987184,0.000000,0.000000,1.000000,1.000000,1.000000,1.000000,0.000000,0.000000,0.000000,-3.224443,78.010475
48.063664,2.000000,-707.351685,-3.329303,720.943866,24.036207,68.533653,255.277618,252.477280,263.389030,4.952272,0.382409,6.322338,-4.001549,-1.691564,-1.750361,18.095741,0.033705,0.001297,-0.000126,0.105000,0.105000,0.321990,83460.992188,0.989127,0.000000,0.000000,1.000000,1.000000,1.000000,1.000000,0.000000,0.000000,0.000000,-3.240556,77.348412
48.118070,2.000000,-699.990479,-3.347600,720.725584,23.798841,67.817169,254.977417,252.200256,263.096220,4.969918,0.383775,6.348420,-4.017050,-1.700002,-1.747572,17.898199,0.033834,0.001304,-0.000129,0.105000,0.105000,0.326399,83460.992188,0.991399,0.000000,0.000000,1.000000,1.000000,1.000000,1.000000,0.000000,0.000000,0.000000,-3.256902,76.704048
48.172269,2.000000,-692.627441,-3.365873,720.507334,23.599318,67.097038,254.678314,251.923141,262.803261,4.987722,0.385121,6.374190,-4.031465,-1.707999,-1.744739,17.700788,0.033989,0.001309,-0.000132,0.105000,0.105000,0.330365,83460.992188,0.993291,0.000000,0.000000,1.000000,1.000000,1.000000,1.000000,0.000000,0.000000,0.000000,-3.272111,75.983917
48.226086,2.000000,-685.373840,-3.383844,720.289891,23.352064,66.384399,254.381226,251.649887,262.514544,5.005603,0.386445,6.399559,-4.044661,-1.715470,-1.741909,17.506481,0.034070,0.001315,-0.000135,0.105000,0.105000,0.333962,83460.992188,0.995381,0.000000,0.000000,1.000000,1.000000,1.000000,1.000000,0.000000,0.000000,0.000000,-3.286181,75.271278
48.278834,2.000000,-678.265564,-3.401428,720.076111,23.139845,65.683105,254.090088,251.382111,262.231551,5.023308,0.387729,6.424205,-4.056616,-1.722393,-1.739099,17.316227,0.034139,0.001318,-0.000137,0.105000,0.105000,0.337158,83460.992188,0.997245,0.000000,0.000000,1.000000,1.000000,1.000000,1.000000,0.000000,0.000000,0.000000,-3.298991,74.569984
48.335014,2.000000,-670.719849,-3.420062,719.847767,22.938978,64.935661,253.779724,251.097626,261.931028,5.042333,0.389082,6.450164,-4.068221,-1.729298,-1.736081,17.114429,0.034197,0.001325,-0.000140,0.105000,0.105000,0.339985,83460.992188,0.999270,0.000000,0.000000,1.000000,1.000000,1.000000,1.000000,0.000000,0.000000,0.000000,-3.311527,73.730011
48.389055,2.000000,-663.486572,-3.437893,719.627535,22.682814,64.216446,253.481247,250.824860,261.642904,5.060775,0.390369,6.474895,-4.078430,-1.735543,-1.733154,16.921143,0.034219,0.001328,-0.000143,0.105000,0.105000,0.342499,83460.992188,1.001136,0.000000,0.000000,1.000000,1.000000,1.000000,1.000000,0.000000,0.000000,0.000000,-3.322655,73.010796
48.444085,2.000000,-656.110291,-3.456045,719.402739,22.485548,63.480434,253.177338,250.546524,261.348967,5.079682,0.391666,6.499796,-4.087849,-1.741504,-1.730139,16.724182,0.034253,0.001335,-0.000145,0.105000,0.105000,0.344679,83460.992188,1.002831,0.000000,0.000000,1.000000,1.000000,1.000000,1.000000,0.000000,0.000000,0.000000,-3.332991,72.274780
48.499572,2.000000,-648.667786,-3.474326,719.175584,22.230787,62.735336,252.870956,250.265594,261.052330,5.098861,0.392959,6.524614,-4.096407,-1.747129,-1.727068,16.525599,0.034298,0.001343,-0.000148,0.105000,0.105000,0.346539,83460.992188,1.004743,0.000000,0.000000,1.000000,1.000000,1.000000,1.000000,0.000000,0.000000,0.000000,-3.342442,71.548378
48.555813,2.000000,-641.102722,-3.492872,718.944896,21.989393,61.975609,252.560455,249.979828,260.750680,5.118394,0.394256,6.549447,-4.104099,-1.752432,-1.723919,16.323893,0.034358,0.001351,-0.000151,0.105000,0.105000,0.348083,83460.992188,1.006573,0.000000,0.000000,1.000000,1.000000,1.000000,1.000000,0.000000,0.000000,0.000000,-3.351014,70.788651
48.612411,2.000000,-633.615967,-3.511192,718.712342,21.801588,61.221565,252.248108,249.696930,260.452056,5.138131,0.395545,6.574141,-4.110822,-1.757312,-1.720778,16.124411,0.034301,0.001358,-0.000154,0.105000,0.105000,0.349371,83460.992188,1.008269,0.000000,0.000000,1.000000,1.000000,1.000000,1.000000,0.000000,0.000000,0.000000,-3.358738,70.034607
48.669089,2.000000,-625.994019,-3.529806,718.479109,21.543837,60.451843,251.935349,249.408722,260.147975,5.157961,0.396824,6.598537,-4.116714,-1.761885,-1.717557,15.921465,0.034361,0.001366,-0.000157,0.105000,0.105000,0.350362,83460.992188,1.010005,0.000000,0.000000,1.000000,1.000000,1.000000,1.000000,0.000000,0.000000,0.000000,-3.365512,69.264885
48.723231,2.000000,-618.726074,-3.547520,718.256033,21.299330,59.716087,251.636917,249.133850,259.857893,5.176952,0.398034,6.621545,-4.121505,-1.765902,-1.714467,15.728066,0.034394,0.001374,-0.000159,0.105000,0.105000,0.351172,83460.992188,1.011594,0.000000,0.000000,1.000000,1.000000,1.000000,1.000000,0.000000,0.000000,0.000000,-3.371163,68.509445
48.783650,2.000000,-611.535034,-3.565013,718.006823,21.091932,58.986542,251.303497,248.861816,259.570836,5.198187,0.399366,6.646883,-4.125464,-1.769550,-1.711393,15.536829,0.033609,0.001373,-0.000162,0.105000,0.105000,0.351811,83460.992188,1.013024,0.000000,0.000000,1.000000,1.000000,1.000000,1.000000,0.000000,0.000000,0.000000,-3.376562,67.779900
48.838814,2.000000,-603.313660,-3.584969,717.779092,20.837294,58.150711,250.999725,248.550522,259.242522,5.217585,0.400568,6.669636,-4.128998,-1.773307,-1.707861,15.318324,0.034402,0.001392,-0.000165,0.105000,0.105000,0.351883,83460.992188,1.014684,0.000000,0.000000,1.000000,1.000000,1.000000,1.000000,0.000000,0.000000,0.000000,-3.380563,66.944069
48.894431,2.000000,-595.946411,-3.602811,717.549343,20.632704,57.400291,250.693619,248.271423,258.948199,5.237156,0.401766,6.692297,-4.131405,-1.776355,-1.704683,15.122635,0.034354,0.001400,-0.000168,0.105000,0.105000,0.352017,83460.992188,1.016104,0.000000,0.000000,1.000000,1.000000,1.000000,1.000000,0.000000,0.000000,0.000000,-3.383900,66.195984
48.948810,3.000000,-588.718079,-3.620280,717.323943,20.405958,56.661804,250.394608,247.998764,258.658473,5.258497,0.402927,6.739631,-4.169663,-1.794801,-0.645848,14.930738,0.209066,0.001417,-0.000172,0.105000,0.105000,0.533129,83460.992188,0.762128,0.000000,0.000000,1.000000,1.000000,1.000000,1.000000,0.000000,0.000000,0.000000,-3.440527,65.457497
49.000769,3.000000,-581.825500,-3.636913,717.103053,20.178907,55.940239,250.108963,247.742340,258.380700,5.297442,0.404025,6.830187,-4.288763,-1.848015,-0.646542,14.747847,0.191505,0.001421,-0.000176,0.105000,0.105000,0.927455,83460.992188,0.820626,0.000000,0.000000,1.000000,1.000000,1.000000,1.000000,0.000000,0.000000,0.000000,-3.556670,64.735931
49.055736,3.000000,-574.529297,-3.654493,716.863767,19.937696,55.156403,249.805862,247.469376,258.086852,5.358400,0.405177,6.932202,-4.383033,-1.890755,-0.647278,14.554338,0.173703,0.001416,-0.000180,0.105000,0.105000,1.255976,83460.992188,0.879333,0.000000,0.000000,1.000000,1.000000,1.000000,1.000000,0.000000,0.000000,0.000000,-3.647854,63.952095
49.110713,3.000000,-567.245422,-3.672014,716.620369,19.701063,54.358944,249.501389,247.194641,257.792914,5.435010,0.406313,7.036997,-4.446819,-1.920436,-0.648016,14.361248,0.156784,0.001407,-0.000182,0.105000,0.105000,1.503152,83460.992188,0.933005,0.000000,0.000000,1.000000,1.000000,1.000000,1.000000,0.000000,0.000000,0.000000,-3.708997,63.187462
49.169891,3.000000,-559.722961,-3.690074,716.355618,19.416822,53.525215,249.171310,246.907959,257.488061,5.530194,0.407510,7.149487,-4.483719,-1.938651,-0.648783,14.161925,0.139317,0.001394,-0.000184,0.105000,0.105000,1.689673,83460.992188,0.983405,0.000000,0.000000,1.000000,1.000000,1.000000,1.000000,0.000000,0.000000,0.000000,-3.744472,62.353729
49.223839,3.000000,-552.233582,-3.708017,716.113235,19.206923,52.689991,248.868149,246.619171,257.182763,5.624671,0.408567,7.249171,-4.494328,-1.945539,-0.649554,13.963571,0.125441,0.001389,-0.000185,0.105000,0.105000,1.797436,83460.992188,1.026716,0.000000,0.000000,1.000000,1.000000,1.000000,1.000000,0.000000,0.000000,0.000000,-3.752278,61.518509
49.278763,3.000000,-545.079468,-3.725117,715.866706,18.938124,51.891541,248.556641,246.340073,256.889152,5.725313,0.409608,7.346125,-4.483064,-1.942884,-0.650296,13.774176,0.111988,0.001382,-0.000186,0.105000,0.105000,1.856180,83460.992188,1.063452,0.000000,0.000000,1.000000,1.000000,1.000000,1.000000,0.000000,0.000000,0.000000,-3.739416,60.720055
49.332641,3.000000,-537.945190,-3.742131,715.626134,18.703932,51.098179,248.248215,246.058502,256.594176,5.825936,0.410591,7.435448,-4.453757,-1.932410,-0.651043,13.585382,0.099976,0.001375,-0.000187,0.105000,0.105000,1.872035,83460.992188,1.094799,0.000000,0.000000,1.000000,1.000000,1.000000,1.000000,0.000000,0.000000,0.000000,-3.709073,59.858509
49.387162,3.000000,-530.708557,-3.759345,715.384860,18.454054,50.299423,247.932907,245.769745,256.292764,5.927607,0.411545,7.519101,-4.408310,-1.914953,-0.651809,13.393952,0.088898,0.001370,-0.000187,0.105000,0.105000,1.853840,83460.992188,1.121511,0.000000,0.000000,1.000000,1.000000,1.000000,1.000000,0.000000,0.000000,0.000000,-3.663248,59.059753
49.440562,3.000000,-523.701965,-3.775969,715.151384,18.219007,49.534245,247.620926,245.487656,255.999034,6.025427,0.412441,7.593880,-4.351610,-1.892508,-0.652557,13.208678,0.079224,0.001364,-0.000187,0.105000,0.105000,1.809144,83460.992188,1.143119,0.000000,0.000000,1.000000,1.000000,1.000000,1.000000,0.000000,0.000000,0.000000,-3.606023,58.294575
49.493469,3.000000,-516.749634,-3.792421,714.923415,17.992994,48.784939,247.308914,245.205139,255.705512,6.119405,0.413293,7.660695,-4.285183,-1.865778,-0.653306,13.024902,0.070609,0.001364,-0.000187,0.105000,0.105000,1.744805,83460.992188,1.160766,0.000000,0.000000,1.000000,1.000000,1.000000,1.000000,0.000000,0.000000,0.000000,-3.539464,57.545269
49.546476,3.000000,-509.800110,-3.808821,714.698825,17.791090,48.047413,246.993454,244.920105,255.409943,6.209725,0.414057,7.720449,-4.210814,-1.835540,-0.654062,12.841263,0.062845,0.001489,-0.000170,0.105000,0.105000,1.666541,83460.992188,1.173624,0.000000,0.000000,1.000000,1.000000,1.000000,1.000000,0.000000,0.000000,0.000000,-3.465207,56.873100
49.600402,3.000000,-502.734161,-3.825449,714.474602,17.560011,47.310528,246.669785,244.627380,255.106721,6.297112,0.414707,7.774239,-4.129316,-1.802176,-0.654839,12.654608,0.055653,0.001552,-0.000147,0.105000,0.105000,1.578983,83460.992188,1.183663,0.000000,0.000000,1.000000,1.000000,1.000000,1.000000,0.000000,0.000000,0.000000,-3.384067,56.136215
49.652898,3.000000,-495.890198,-3.841510,714.260706,17.350233,46.610153,246.352310,244.341324,254.810589,6.377481,0.415277,7.819931,-4.045817,-1.767808,-0.655600,12.473874,0.049420,0.001580,-0.000125,0.105000,0.105000,1.488103,83460.992188,1.191347,0.000000,0.000000,1.000000,1.000000,1.000000,1.000000,0.000000,0.000000,0.000000,-3.300723,55.435841
49.706114,3.000000,-488.878052,-3.857917,714.048493,17.132399,45.906956,246.028442,244.046112,254.505113,6.453973,0.415806,7.859778,-3.956761,-1.730993,-0.656387,12.288754,0.043568,0.001610,-0.000104,0.105000,0.105000,1.392405,83460.992188,1.197297,0.000000,0.000000,1.000000,1.000000,1.000000,1.000000,0.000000,0.000000,0.000000,-3.212989,54.756645
49.761957,3.000000,-481.582977,-3.874935,713.830968,16.888502,45.191444,245.686371,243.737076,254.185519,6.528691,0.416320,7.894864,-3.861358,-1.691403,-0.657212,12.096222,0.038278,0.001638,-0.000084,0.105000,0.105000,1.289986,83460.992188,1.201288,0.000000,0.000000,1.000000,1.000000,1.000000,1.000000,0.000000,0.000000,0.000000,-3.118442,54.041134
49.817119,3.000000,-474.518982,-3.891365,713.621391,16.686293,44.514591,245.346848,243.436478,253.874615,6.596854,0.416791,7.923073,-3.767191,-1.652198,-0.658017,11.909842,0.034168,0.001664,-0.000066,0.105000,0.105000,1.188021,83460.992188,1.203866,0.000000,0.000000,1.000000,1.000000,1.000000,1.000000,0.000000,0.000000,0.000000,-3.023421,53.364281
49.871748,3.000000,-467.306732,-3.908089,713.419079,16.495619,43.840054,245.009384,243.128540,253.556089,6.658842,0.417226,7.945135,-3.670190,-1.611700,-0.658843,11.719604,0.030106,0.001691,-0.000049,0.105000,0.105000,1.087906,83460.992188,1.204422,0.000000,0.000000,1.000000,1.000000,1.000000,1.000000,0.000000,0.000000,0.000000,-2.928728,52.689743
49.925932,3.000000,-460.262726,-3.924375,713.223581,16.307020,43.197449,244.673904,242.827087,253.244236,6.714968,0.417630,7.961628,-3.575414,-1.572034,-0.659655,11.533854,0.027025,0.001722,-0.000034,0.105000,0.105000,0.990434,83460.992188,1.203945,0.000000,0.000000,1.000000,1.000000,1.000000,1.000000,0.000000,0.000000,0.000000,-2.834954,52.048866
49.981486,3.000000,-453.067108,-3.940960,713.028454,16.119276,42.557541,244.329391,242.518753,252.925146,6.767117,0.418021,7.973456,-3.479296,-1.531722,-0.660487,11.344153,0.024524,0.001753,-0.000020,0.105000,0.105000,0.893678,83460.992188,1.201549,0.000000,0.000000,1.000000,1.000000,1.000000,1.000000,0.000000,0.000000,0.000000,-2.739758,51.408955
50.035247,3.000000,-446.042053,-3.957105,712.844672,15.926039,41.948738,243.995895,242.217621,252.613412,6.812574,0.418383,7.980423,-3.386736,-1.492832,-0.661302,11.158996,0.022471,0.001785,-0.000007,0.105000,0.105000,0.803730,83460.992188,1.198590,0.000000,0.000000,1.000000,1.000000,1.000000,1.000000,0.000000,0.000000,0.000000,-2.649061,50.800156
50.091734,3.000000,-438.820343,-3.973651,712.656833,15.730482,41.339085,243.645630,241.908264,252.292987,6.855256,0.418749,7.983510,-3.293496,-1.453593,-0.662142,10.968700,0.021272,0.001815,0.000006,0.105000,0.105000,0.714146,83460.992188,1.194144,0.000000,0.000000,1.000000,1.000000,1.000000,1.000000,0.000000,0.000000,0.000000,-2.555921,50.190502
50.144867,3.000000,-431.900238,-3.989460,712.484945,15.548903,40.769981,243.316559,241.612274,251.986236,6.890932,0.419085,7.982951,-3.206534,-1.416950,-0.662948,10.786394,0.020202,0.001846,0.000017,0.105000,0.105000,0.635256,83460.992188,1.189568,0.000000,0.000000,1.000000,1.000000,1.000000,1.000000,0.000000,0.000000,0.000000,-2.470824,49.605885
50.199951,3.000000,-424.690247,-4.005884,712.311485,15.371778,40.192219,242.976639,241.304367,251.666968,6.923651,0.419424,7.979201,-3.118521,-1.379821,-0.663789,10.596492,0.019445,0.001876,0.000027,0.105000,0.105000,0.558521,83460.992188,1.184151,0.000000,0.000000,1.000000,1.000000,1.000000,1.000000,0.000000,0.000000,0.000000,-2.385292,49.028122
50.252977,3.000000,-417.886505,-4.021337,712.148921,15.218702,39.660824,242.650635,241.014420,251.366179,6.951313,0.419754,7.973000,-3.038304,-1.345949,-0.664583,10.417328,0.019444,0.001872,0.000033,0.105000,0.105000,0.490165,83460.992188,1.177948,0.000000,0.000000,1.000000,1.000000,1.000000,1.000000,0.000000,0.000000,0.000000,-2.305968,48.496727
50.307743,3.000000,-410.783447,-4.037423,711.985394,15.059401,39.119843,242.315292,240.712402,251.052665,6.976280,0.420220,7.964548,-2.958137,-1.312084,-0.665413,10.230319,0.019498,0.001711,0.000008,0.105000,0.105000,0.426825,83460.992188,1.170692,0.000000,0.000000,1.000000,1.000000,1.000000,1.000000,0.000000,0.000000,0.000000,-2.227757,47.955746
50.360336,3.000000,-404.051331,-4.052626,711.832332,14.904982,38.619503,241.995026,240.426437,250.755673,6.997200,0.420758,7.954951,-2.885756,-1.281506,-0.666201,10.053111,0.019941,0.001691,-0.000016,0.105000,0.105000,0.373352,83460.992188,1.163505,0.000000,0.000000,1.000000,1.000000,1.000000,1.000000,0.000000,0.000000,0.000000,-2.156383,47.394302
50.415294,3.000000,-396.978241,-4.068555,711.676342,14.761000,38.106194,241.662155,240.126495,250.443909,7.016283,0.421342,7.943872,-2.813674,-1.251061,-0.667030,9.866961,0.020424,0.001702,-0.000040,0.105000,0.105000,0.325384,83460.992188,1.156023,0.000000,0.000000,1.000000,1.000000,1.000000,1.000000,0.000000,0.000000,0.000000,-2.085863,46.880997
50.470107,3.000000,-389.922424,-4.084399,711.524564,14.603834,37.606079,241.332184,239.827728,250.133213,7.032900,0.421939,7.932091,-2.745647,-1.222339,-0.667858,9.681301,0.021005,0.001716,-0.000062,0.105000,0.105000,0.284725,83460.992188,1.148490,0.000000,0.000000,1.000000,1.000000,1.000000,1.000000,0.000000,0.000000,0.000000,-2.019489,46.380878
50.525151,3.000000,-382.940674,-4.100031,711.375753,14.449903,37.122295,241.003113,239.532547,249.826046,7.047540,0.422546,7.919849,-2.682077,-1.195514,-0.668679,9.497622,0.021878,0.001730,-0.000082,0.105000,0.105000,0.250493,83460.992188,1.141773,0.000000,0.000000,1.000000,1.000000,1.000000,1.000000,0.000000,0.000000,0.000000,-1.956668,45.996727
50.580397,3.000000,-375.854065,-4.115852,711.229820,14.292372,36.641899,240.675186,239.233383,249.514639,7.060526,0.423165,7.907454,-2.621204,-1.169846,-0.669514,9.311214,0.022634,0.001745,-0.000101,0.105000,0.105000,0.222320,83460.992188,1.134989,0.000000,0.000000,1.000000,1.000000,1.000000,1.000000,0.000000,0.000000,0.000000,-1.897366,45.516327
50.637282,3.000000,-368.524353,-4.132167,711.082931,14.166578,36.155647,240.340042,238.924545,249.192939,7.072447,0.423811,7.894872,-2.562013,-1.144912,-0.670378,9.118445,0.023390,0.001762,-0.000119,0.105000,0.105000,0.199211,83460.992188,1.128124,0.000000,0.000000,1.000000,1.000000,1.000000,1.000000,0.000000,0.000000,0.000000,-1.840104,45.030075
50.693460,3.000000,-361.343628,-4.148102,710.941015,14.028273,35.689098,240.011505,238.622498,248.878179,7.083080,0.424459,7.882825,-2.507538,-1.121991,-0.671226,8.929626,0.024267,0.001774,-0.000135,0.105000,0.105000,0.181444,83460.992188,1.121891,0.000000,0.000000,1.000000,1.000000,1.000000,1.000000,0.000000,0.000000,0.000000,-1.787091,44.563526
50.748691,3.000000,-354.254303,-4.163787,710.804353,13.888380,35.237438,239.691025,238.324677,248.567795,7.092698,0.425100,7.871545,-2.456993,-1.100753,-0.672064,8.743237,0.025093,0.001789,-0.000150,0.105000,0.105000,0.168400,83460.992188,1.116050,0.000000,0.000000,1.000000,1.000000,1.000000,1.000000,0.000000,0.000000,0.000000,-1.738229,44.060749
50.803931,3.000000,-347.185913,-4.179380,710.670337,13.744459,34.795429,239.372940,238.028320,248.258700,7.101712,0.425749,7.860957,-2.409599,-1.080869,-0.672901,8.557426,0.025933,0.001802,-0.000163,0.105000,0.105000,0.159273,83460.992188,1.110547,0.000000,0.000000,1.000000,1.000000,1.000000,1.000000,0.000000,0.000000,0.000000,-1.692376,43.618736
50.857508,3.000000,-340.414215,-4.194275,710.542750,13.603895,34.379284,239.066650,237.744751,247.962938,7.110073,0.426386,7.851444,-2.366804,-1.062943,-0.673703,8.379439,0.026832,0.001813,-0.000176,0.105000,0.105000,0.153580,83460.992188,1.105866,0.000000,0.000000,1.000000,1.000000,1.000000,1.000000,0.000000,0.000000,0.000000,-1.650550,43.202591
50.910386,3.000000,-333.638367,-4.209136,710.419006,13.490858,33.969639,238.766586,237.461487,247.667355,7.118105,0.427018,7.842892,-2.326389,-1.046043,-0.674507,8.201367,0.027561,0.001827,-0.000187,0.105000,0.105000,0.150713,83460.992188,1.101149,0.000000,0.000000,1.000000,1.000000,1.000000,1.000000,0.000000,0.000000,0.000000,-1.611714,42.792946
50.965211,3.000000,-326.695557,-4.224319,710.292861,13.380751,33.556496,238.457520,237.171661,247.364860,7.126348,0.427678,7.834992,-2.287394,-1.029770,-0.675332,8.018930,0.028375,0.001839,-0.000198,0.105000,0.105000,0.150258,83460.992188,1.096709,0.000000,0.000000,1.000000,1.000000,1.000000,1.000000,0.000000,0.000000,0.000000,-1.573888,42.392311
51.018991,3.000000,-319.842926,-4.239259,710.171123,13.261732,33.154877,238.156418,236.885941,247.066592,7.134471,0.428330,7.828238,-2.251108,-1.014661,-0.676147,7.838885,0.029091,0.001851,-0.000208,0.105000,0.105000,0.151852,83460.992188,1.092727,0.000000,0.000000,1.000000,1.000000,1.000000,1.000000,0.000000,0.000000,0.000000,-1.538995,41.990688
51.073289,3.000000,-313.008301,-4.254116,710.050112,13.131300,32.760048,237.854340,236.601303,246.769406,7.142807,0.428990,7.822430,-2.216904,-1.000451,-0.676961,7.659334,0.029836,0.001860,-0.000217,0.105000,0.105000,0.155206,83460.992188,1.089019,0.000000,0.000000,1.000000,1.000000,1.000000,1.000000,0.000000,0.000000,0.000000,-1.505792,41.595860
51.128454,3.000000,-305.995331,-4.269314,709.929015,13.001478,32.360542,237.549255,236.309662,246.464820,7.151507,0.429661,7.817575,-2.183680,-0.986678,-0.677798,7.475119,0.030453,0.001870,-0.000226,0.105000,0.105000,0.160101,83460.992188,1.085540,0.000000,0.000000,1.000000,1.000000,1.000000,1.000000,0.000000,0.000000,0.000000,-1.473947,41.196354
51.183152,3.000000,-299.084961,-4.284244,709.810683,12.861158,31.972143,237.248535,236.022583,246.164995,7.160431,0.430324,7.813791,-2.152628,-0.973834,-0.678623,7.293619,0.031038,0.001883,-0.000234,0.105000,0.105000,0.166020,83460.992188,1.082613,0.000000,0.000000,1.000000,1.000000,1.000000,1.000000,0.000000,0.000000,0.000000,-1.444060,40.796394
51.237550,3.000000,-292.159485,-4.299160,709.694631,12.772535,31.587872,236.951111,235.735199,245.864769,7.169652,0.430982,7.811037,-2.123033,-0.961621,-0.679452,7.111742,0.031515,0.001895,-0.000242,0.105000,0.105000,0.172700,83460.992188,1.079632,0.000000,0.000000,1.000000,1.000000,1.000000,1.000000,0.000000,0.000000,0.000000,-1.415883,40.412121
51.287722,3.000000,-285.882751,-4.312638,709.588966,12.678541,31.243681,236.678085,235.474976,245.592855,7.178495,0.431590,7.809416,-2.097521,-0.951119,-0.680204,6.946919,0.031996,0.001906,-0.000249,0.105000,0.105000,0.179420,83460.992188,1.077179,0.000000,0.000000,1.000000,1.000000,1.000000,1.000000,0.000000,0.000000,0.000000,-1.391231,40.067932
51.338599,3.000000,-279.493408,-4.326319,709.483095,12.559889,30.897110,236.402359,235.210297,245.316313,7.187819,0.432205,7.808612,-2.072663,-0.940908,-0.680971,6.779154,0.032410,0.001916,-0.000255,0.105000,0.105000,0.186599,83460.992188,1.075087,0.000000,0.000000,1.000000,1.000000,1.000000,1.000000,0.000000,0.000000,0.000000,-1.367351,39.703072
51.393460,3.000000,-272.498077,-4.341253,709.370314,12.437574,30.521860,236.106506,234.920715,245.013774,7.198284,0.432865,7.808624,-2.046542,-0.930200,-0.681812,6.595495,0.032726,0.001926,-0.000261,0.105000,0.105000,0.194478,83460.992188,1.072993,0.000000,0.000000,1.000000,1.000000,1.000000,1.000000,0.000000,0.000000,0.000000,-1.342697,39.327824
51.447163,3.000000,-265.801788,-4.355505,709.261246,12.349073,30.166586,235.818146,234.643799,244.724315,7.208945,0.433509,7.809509,-2.022558,-0.920387,-0.682618,6.419703,0.033081,0.001937,-0.000267,0.105000,0.105000,0.202181,83460.992188,1.070983,0.000000,0.000000,1.000000,1.000000,1.000000,1.000000,0.000000,0.000000,0.000000,-1.319615,38.972549
51.501997,3.000000,-258.934570,-4.370074,709.151183,12.237074,29.806072,235.524780,234.359940,244.427678,7.220263,0.434163,7.811289,-1.998974,-0.910761,-0.683446,6.239440,0.033377,0.001947,-0.000273,0.105000,0.105000,0.210015,83460.992188,1.069151,0.000000,0.000000,1.000000,1.000000,1.000000,1.000000,0.000000,0.000000,0.000000,-1.297083,38.612034
51.555860,3.000000,-252.134445,-4.384455,709.044300,12.116102,29.452745,235.237640,234.079010,244.134067,7.231794,0.434802,7.813810,-1.976462,-0.901588,-0.684268,6.060954,0.033583,0.001958,-0.000279,0.105000,0.105000,0.217530,83460.992188,1.067682,0.000000,0.000000,1.000000,1.000000,1.000000,1.000000,0.000000,0.000000,0.000000,-1.275786,38.269844
51.610727,3.000000,-245.331726,-4.398795,708.936636,12.016371,29.102802,234.946014,233.798187,243.840559,7.243943,0.435448,7.817119,-1.954700,-0.892736,-0.685092,5.882414,0.033802,0.001968,-0.000284,0.105000,0.105000,0.224891,83460.992188,1.066172,0.000000,0.000000,1.000000,1.000000,1.000000,1.000000,0.000000,0.000000,0.000000,-1.254887,37.919903
51.665681,3.000000,-238.389603,-4.413382,708.829981,11.919386,28.749187,234.654770,233.511749,243.541119,7.256508,0.436091,7.821158,-1.933248,-0.884026,-0.685934,5.700230,0.033918,0.001978,-0.000289,0.105000,0.105000,0.231905,83460.992188,1.064822,0.000000,0.000000,1.000000,1.000000,1.000000,1.000000,0.000000,0.000000,0.000000,-1.234718,37.566288
51.715735,3.000000,-232.147705,-4.426457,708.733834,11.811659,28.434158,234.390015,233.254303,243.272008,7.268275,0.436673,7.825409,-1.914540,-0.876441,-0.686693,5.536435,0.034023,0.001985,-0.000293,0.105000,0.105000,0.237948,83460.992188,1.063780,0.000000,0.000000,1.000000,1.000000,1.000000,1.000000,0.000000,0.000000,0.000000,-1.216935,37.251259
51.771945,3.000000,-225.122833,-4.441125,708.626960,11.683973,28.082817,234.093430,232.964737,242.969276,7.281839,0.437318,7.830752,-1.894000,-0.868120,-0.687548,5.352106,0.034081,0.001995,-0.000297,0.105000,0.105000,0.244226,83460.992188,1.062771,0.000000,0.000000,1.000000,1.000000,1.000000,1.000000,0.000000,0.000000,0.000000,-1.197491,36.882965
51.827636,3.000000,-218.172501,-4.455589,708.522190,11.578199,27.738462,233.800262,232.678253,242.669866,7.295609,0.437951,7.836603,-1.874195,-0.860103,-0.688397,5.169747,0.034103,0.002004,-0.000301,0.105000,0.105000,0.249856,83460.992188,1.061804,0.000000,0.000000,1.000000,1.000000,1.000000,1.000000,0.000000,0.000000,0.000000,-1.178763,36.538612
51.881657,3.000000,-211.433990,-4.469565,708.421595,11.496595,27.407612,233.516495,232.400681,242.379665,7.309246,0.438557,7.842777,-1.855488,-0.852539,-0.689221,4.992958,0.034107,0.002013,-0.000305,0.105000,0.105000,0.254731,83460.992188,1.060774,0.000000,0.000000,1.000000,1.000000,1.000000,1.000000,0.000000,0.000000,0.000000,-1.161119,36.207760
51.936891,3.000000,-204.543289,-4.483808,708.319766,11.398695,27.072273,233.226776,232.116882,242.082984,7.323447,0.439169,7.849566,-1.836861,-0.845016,-0.690065,4.812188,0.034091,0.002021,-0.000309,0.105000,0.105000,0.259198,83460.992188,1.059879,0.000000,0.000000,1.000000,1.000000,1.000000,1.000000,0.000000,0.000000,0.000000,-1.143589,35.872421
51.991539,3.000000,-197.780090,-4.497740,708.220010,11.295912,26.745995,232.940536,231.838470,241.791908,7.337727,0.439767,7.856708,-1.819033,-0.837822,-0.690896,4.634774,0.034081,0.002031,-0.000313,0.105000,0.105000,0.263082,83460.992188,1.059060,0.000000,0.000000,1.000000,1.000000,1.000000,1.000000,0.000000,0.000000,0.000000,-1.126717,35.590420
52.045641,3.000000,-191.048706,-4.511559,708.122202,11.137220,26.423996,232.657578,231.561417,241.502272,7.352056,0.440352,7.864082,-1.801578,-0.830779,-0.691724,4.458206,0.034008,0.002040,-0.000316,0.105000,0.105000,0.266433,83460.992188,1.058683,0.000000,0.000000,1.000000,1.000000,1.000000,1.000000,0.000000,0.000000,0.000000,-1.110294,35.268425
52.100060,3.000000,-184.305832,-4.525355,708.024764,10.981031,26.104166,232.373184,231.283936,241.212205,7.366637,0.440931,7.871724,-1.784248,-0.823778,-0.692556,4.281346,0.033879,0.002049,-0.000319,0.105000,0.105000,0.269220,83460.992188,1.058436,0.000000,0.000000,1.000000,1.000000,1.000000,1.000000,0.000000,0.000000,0.000000,-1.093940,34.948593
52.154859,3.000000,-177.551117,-4.539126,707.927596,10.833204,25.786488,232.087021,231.006104,240.921767,7.381454,0.441503,7.879589,-1.766974,-0.816787,-0.693391,4.104187,0.033699,0.002061,-0.000322,0.105000,0.105000,0.271353,83460.992188,1.058200,0.000000,0.000000,1.000000,1.000000,1.000000,1.000000,0.000000,0.000000,0.000000,-1.077576,34.227245
52.208078,3.000000,-170.971863,-4.552494,707.834134,10.674757,25.479662,231.809464,230.735504,240.638893,7.395934,0.442048,7.887333,-1.750217,-0.809993,-0.694206,3.931639,0.033475,0.002071,-0.000325,0.105000,0.105000,0.272707,83460.992188,1.058131,0.000000,0.000000,1.000000,1.000000,1.000000,1.000000,0.000000,0.000000,0.000000,-1.061760,33.920422
52.260899,3.000000,-164.387619,-4.565825,707.742253,10.524977,25.175175,231.534241,230.464828,240.355915,7.410359,0.442581,7.895066,-1.733452,-0.803180,-0.695023,3.758969,0.033187,0.002083,-0.000328,0.105000,0.105000,0.273349,83460.992188,1.058069,0.000000,0.000000,1.000000,1.000000,1.000000,1.000000,0.000000,0.000000,0.000000,-1.046085,33.615932
52.313354,3.000000,-157.942535,-4.578831,707.651876,10.369642,24.879620,231.261139,230.199875,240.078973,7.424695,0.443100,7.902750,-1.717044,-0.796496,-0.695825,3.589956,0.032901,0.002092,-0.000330,0.105000,0.105000,0.273266,83460.992188,1.058057,0.000000,0.000000,1.000000,1.000000,1.000000,1.000000,0.000000,0.000000,0.000000,-1.030535,33.320377
52.367560,3.000000,-151.282867,-4.592223,707.559390,10.225172,24.576826,230.979019,229.926224,239.792910,7.439485,0.443625,7.910655,-1.700087,-0.789572,-0.696655,3.415325,0.032574,0.002100,-0.000333,0.105000,0.105000,0.272468,83460.992188,1.057972,0.000000,0.000000,1.000000,1.000000,1.000000,1.000000,0.000000,0.000000,0.000000,-1.014486,32.255573
52.422466,3.000000,-144.546143,-4.605722,707.466647,10.088575,24.273224,230.693466,229.649399,239.503570,7.454402,0.444144,7.918619,-1.682979,-0.782571,-0.697496,3.238682,0.032235,0.002113,-0.000335,0.105000,0.105000,0.270937,83460.992188,1.057726,0.000000,0.000000,1.000000,1.000000,1.000000,1.000000,0.000000,0.000000,0.000000,-0.998305,31.951969
52.477468,3.000000,-137.780090,-4.619230,707.374684,9.945448,23.971020,230.407623,229.371475,239.213073,7.469240,0.444656,7.926504,-1.665859,-0.775552,-0.698343,3.061279,0.031883,0.002124,-0.000338,0.105000,0.105000,0.268736,83460.992188,1.057634,0.000000,0.000000,1.000000,1.000000,1.000000,1.000000,0.000000,0.000000,0.000000,-0.982167,31.649765
52.533657,3.000000,-130.890106,-4.632934,707.281705,9.799086,23.666079,230.115723,229.088547,238.917326,7.484254,0.445165,7.934455,-1.648515,-0.768428,-0.699208,2.880633,0.031530,0.002137,-0.000340,0.105000,0.105000,0.265877,83460.992188,1.057376,0.000000,0.000000,1.000000,1.000000,1.000000,1.000000,0.000000,0.000000,0.000000,-0.965803,31.344824
52.583761,3.000000,-124.793060,-4.645016,707.199616,9.643080,23.398579,229.855652,228.838211,238.655703,7.497495,0.445611,7.941401,-1.633207,-0.762128,-0.699974,2.720785,0.031220,0.002147,-0.000342,0.105000,0.105000,0.262869,83460.992188,1.057358,0.000000,0.000000,1.000000,1.000000,1.000000,1.000000,0.000000,0.000000,0.000000,-0.951251,30.488394
52.637123,3.000000,-118.282059,-4.657874,707.113037,9.505690,23.115351,229.578979,228.570984,238.376433,7.511412,0.446076,7.948604,-1.616841,-0.755376,-0.700794,2.550090,0.030866,0.002156,-0.000344,0.105000,0.105000,0.259141,83460.992188,1.057156,0.000000,0.000000,1.000000,1.000000,1.000000,1.000000,0.000000,0.000000,0.000000,-0.935767,30.205166
52.693203,3.000000,-111.401253,-4.671411,707.022989,9.363905,22.818769,229.288406,228.288757,238.081427,7.525814,0.446551,7.956006,-1.599684,-0.748287,-0.701662,2.369707,0.030490,0.002168,-0.000346,0.105000,0.105000,0.254788,83460.992188,1.056890,0.000000,0.000000,1.000000,1.000000,1.000000,1.000000,0.000000,0.000000,0.000000,-0.919653,29.908587
52.749389,3.000000,-104.494537,-4.684944,706.933728,9.210829,22.523878,228.997421,228.005493,237.785399,7.539984,0.447015,7.963211,-1.582583,-0.741210,-0.702536,2.188653,0.030113,0.002180,-0.000348,0.105000,0.105000,0.250025,83460.992188,1.056589,0.000000,0.000000,1.000000,1.000000,1.000000,1.000000,0.000000,0.000000,0.000000,-0.903651,29.613695
52.806190,3.000000,-97.663292,-4.698277,706.844462,9.076063,22.234978,228.703079,227.725449,237.492722,7.554026,0.447471,7.970276,-1.565823,-0.734265,-0.703402,2.009583,0.029762,0.002192,-0.000350,0.105000,0.105000,0.244938,83460.992188,1.056261,0.000000,0.000000,1.000000,1.000000,1.000000,1.000000,0.000000,0.000000,0.000000,-0.887650,28.595041
52.857099,3.000000,-91.397591,-4.710461,706.765265,8.928114,21.972359,228.439941,227.468643,237.224351,7.566358,0.447871,7.976417,-1.550591,-0.727945,-0.704197,1.845344,0.029439,0.002199,-0.000351,0.105000,0.105000,0.240024,83460.992188,1.055976,0.000000,0.000000,1.000000,1.000000,1.000000,1.000000,0.000000,0.000000,0.000000,-0.873467,28.332422
52.913699,3.000000,-84.471817,-4.723876,706.678102,8.772902,21.684679,228.147736,227.184967,236.927922,7.579766,0.448300,7.982944,-1.533799,-0.720964,-0.705078,1.663810,0.029074,0.002215,-0.000353,0.105000,0.105000,0.234290,83460.992188,1.055789,0.000000,0.000000,1.000000,1.000000,1.000000,1.000000,0.000000,0.000000,0.000000,-0.857747,28.044743
52.967739,3.000000,-77.851593,-4.736647,706.595769,8.653090,21.412304,227.868805,226.913986,236.644692,7.592261,0.448698,7.988970,-1.517956,-0.714371,-0.705922,1.490290,0.028739,0.002226,-0.000354,0.105000,0.105000,0.228628,83460.992188,1.055229,0.000000,0.000000,1.000000,1.000000,1.000000,1.000000,0.000000,0.000000,0.000000,-0.842989,27.086475
53.020350,3.000000,-71.480583,-4.748891,706.516419,8.580336,21.152523,227.597549,226.653305,236.372258,7.604125,0.449075,7.994697,-1.503035,-0.708165,-0.706735,1.323308,0.028489,0.002236,-0.000356,0.105000,0.105000,0.222933,83460.992188,1.054252,0.000000,0.000000,1.000000,1.000000,1.000000,1.000000,0.000000,0.000000,0.000000,-0.828992,26.826694
53.075171,3.000000,-64.800079,-4.761680,706.434549,8.510267,20.882496,227.315598,226.380096,236.086730,7.616168,0.449460,8.000605,-1.487941,-0.701902,-0.707590,1.148219,0.028316,0.002247,-0.000357,0.105000,0.105000,0.216999,83460.992188,1.052959,0.000000,0.000000,1.000000,1.000000,1.000000,1.000000,0.000000,0.000000,0.000000,-0.814991,26.556667
53.129800,3.000000,-58.245827,-4.774177,706.353760,8.425367,20.619841,227.034958,226.112137,235.806688,7.627852,0.449834,8.006479,-1.473793,-0.696054,-0.708430,0.976444,0.028258,0.002257,-0.000359,0.105000,0.105000,0.211368,83460.992188,1.051736,0.000000,0.000000,1.000000,1.000000,1.000000,1.000000,0.000000,0.000000,0.000000,-0.801720,26.294012
53.180794,3.000000,-52.052425,-4.785940,706.279032,8.356764,20.373617,226.773132,225.859085,235.542218,7.638494,0.450178,8.011988,-1.461035,-0.690804,-0.709226,0.814131,0.028234,0.002263,-0.000360,0.105000,0.105000,0.206537,83460.992188,1.050429,0.000000,0.000000,1.000000,1.000000,1.000000,1.000000,0.000000,0.000000,0.000000,-0.789968,25.904570
53.237434,3.000000,-45.223637,-4.798858,706.196766,8.272963,20.104237,226.482574,225.580292,235.250802,7.650042,0.450548,8.018153,-1.447670,-0.685334,-0.710104,0.635171,0.028266,0.002274,-0.000362,0.105000,0.105000,0.201744,83460.992188,1.049090,0.000000,0.000000,1.000000,1.000000,1.000000,1.000000,0.000000,0.000000,0.000000,-0.777625,25.635189
53.292871,3.000000,-38.479145,-4.811564,706.116951,8.212660,19.840204,226.198959,225.305038,234.963122,7.661096,0.450899,8.024300,-1.435229,-0.680276,-0.710974,0.458425,0.028350,0.002287,-0.000363,0.105000,0.105000,0.197568,83460.992188,1.047484,0.000000,0.000000,1.000000,1.000000,1.000000,1.000000,0.000000,0.000000,0.000000,-0.766329,25.371157
53.347014,3.000000,-31.965118,-4.823785,706.039631,8.115126,19.586977,225.922424,225.039398,234.685454,7.671689,0.451236,8.030427,-1.423949,-0.675728,-0.711815,0.287723,0.028487,0.002297,-0.000365,0.105000,0.105000,0.194138,83460.992188,1.046302,0.000000,0.000000,1.000000,1.000000,1.000000,1.000000,0.000000,0.000000,0.000000,-0.756020,25.117929
53.400700,3.000000,-25.501400,-4.835862,705.963546,8.034437,19.337328,225.648666,224.776001,234.410113,7.682026,0.451563,8.036623,-1.413358,-0.671491,-0.712651,0.118344,0.028626,0.002308,-0.000366,0.105000,0.105000,0.191350,83460.992188,1.045048,0.000000,0.000000,1.000000,1.000000,1.000000,1.000000,0.000000,0.000000,0.000000,-0.746418,24.907455
53.454754,3.000000,-18.966995,-4.848022,705.887490,7.976392,19.086485,225.373352,224.509872,234.131911,7.692298,0.451883,8.043060,-1.403356,-0.667532,-0.713497,-0.052883,0.028794,0.002317,-0.000367,0.105000,0.105000,0.189144,83460.992188,1.043529,0.000000,0.000000,1.000000,1.000000,1.000000,1.000000,0.000000,0.000000,0.000000,-0.737477,24.656612
53.508076,3.000000,-12.546262,-4.859921,705.812964,7.904066,18.841381,225.102158,224.248520,233.858706,7.702333,0.452191,8.049649,-1.394266,-0.663983,-0.714331,-0.221128,0.029001,0.002328,-0.000369,0.105000,0.105000,0.187579,83460.992188,1.042252,0.000000,0.000000,1.000000,1.000000,1.000000,1.000000,0.000000,0.000000,0.000000,-0.729386,24.411509
53.561860,3.000000,-6.103993,-4.871810,705.738261,7.814283,18.596714,224.828979,223.986465,233.584789,7.712388,0.452495,8.056505,-1.385743,-0.660698,-0.715168,-0.389934,0.029209,0.002338,-0.000370,0.105000,0.105000,0.186593,83460.992188,1.041148,0.000000,0.000000,1.000000,1.000000,1.000000,1.000000,0.000000,0.000000,0.000000,-0.721822,24.166840
53.616133,3.000000,0.368351,-4.883706,705.663325,7.743787,18.352077,224.553818,223.723419,233.309775,7.722495,0.452793,8.063644,-1.377728,-0.657651,-0.716011,-0.559524,0.029409,0.002347,-0.000372,0.105000,0.105000,0.186118,83460.992188,1.039968,0.000000,0.000000,1.000000,1.000000,1.000000,1.000000,0.000000,0.000000,0.000000,-0.714752,23.875734
53.672563,3.000000,7.174345,-4.896161,705.585851,7.662794,18.095991,224.268005,223.446945,233.020717,7.732990,0.453093,8.071345,-1.369935,-0.654743,-0.716899,-0.737852,0.029623,0.002359,-0.000373,0.105000,0.105000,0.186122,83460.992188,1.038864,0.000000,0.000000,1.000000,1.000000,1.000000,1.000000,0.000000,0.000000,0.000000,-0.708033,23.619648
53.726880,3.000000,13.625921,-4.907917,705.511670,7.595777,17.854239,223.993378,223.185043,232.746918,7.743106,0.453374,8.079025,-1.363081,-0.652233,-0.717743,-0.906891,0.029824,0.002368,-0.000374,0.105000,0.105000,0.186550,83460.992188,1.037771,0.000000,0.000000,1.000000,1.000000,1.000000,1.000000,0.000000,0.000000,0.000000,-0.702110,23.377895
53.781202,3.000000,20.153481,-4.919760,705.437837,7.520765,17.610531,223.719101,222.920242,232.470051,7.753257,0.453647,8.087013,-1.356727,-0.649966,-0.718597,-1.077917,0.030039,0.002378,-0.000376,0.105000,0.105000,0.187359,83460.992188,1.036772,0.000000,0.000000,1.000000,1.000000,1.000000,1.000000,0.000000,0.000000,0.000000,-0.696766,23.186182
53.835012,3.000000,26.543190,-4.931304,705.365022,7.429945,17.372753,223.447830,222.661209,232.199189,7.763365,0.453909,8.095169,-1.350930,-0.647944,-0.719436,-1.245329,0.030227,0.002388,-0.000377,0.105000,0.105000,0.188494,83460.992188,1.036091,0.000000,0.000000,1.000000,1.000000,1.000000,1.000000,0.000000,0.000000,0.000000,-0.691881,22.948402
53.889665,3.000000,33.055267,-4.943018,705.291374,7.357252,17.131151,223.172668,222.397263,231.923270,7.773704,0.454164,8.103696,-1.345377,-0.646049,-0.720291,-1.415943,0.030391,0.002401,-0.000378,0.105000,0.105000,0.189877,83460.992188,1.035294,0.000000,0.000000,1.000000,1.000000,1.000000,1.000000,0.000000,0.000000,0.000000,-0.687288,22.706802
53.943901,3.000000,39.509888,-4.954579,705.218574,7.283338,16.892345,222.900009,222.135864,231.649917,7.784040,0.454408,8.112424,-1.340280,-0.644361,-0.721141,-1.585049,0.030548,0.002412,-0.000379,0.105000,0.105000,0.191424,83460.992188,1.034571,0.000000,0.000000,1.000000,1.000000,1.000000,1.000000,0.000000,0.000000,0.000000,-0.683137,22.467997
53.999141,3.000000,46.024860,-4.966197,705.144696,7.223524,16.651907,222.622604,221.872177,231.374206,7.794659,0.454648,8.121590,-1.335509,-0.642833,-0.722000,-1.755733,0.030695,0.002424,-0.000380,0.105000,0.105000,0.193139,83460.992188,1.033725,0.000000,0.000000,1.000000,1.000000,1.000000,1.000000,0.000000,0.000000,0.000000,-0.679299,22.181828
54.053889,3.000000,52.584885,-4.977842,705.071723,7.161512,16.410347,222.348068,221.606796,231.096685,7.805278,0.454877,8.130967,-1.331129,-0.641494,-0.722867,-1.927595,0.030861,0.002435,-0.000382,0.105000,0.105000,0.194964,83460.992188,1.032915,0.000000,0.000000,1.000000,1.000000,1.000000,1.000000,0.000000,0.000000,0.000000,-0.675919,21.940268
54.109068,3.000000,59.140835,-4.989429,704.998402,7.085401,16.169401,222.071732,221.341736,230.819521,7.816089,0.455102,8.140708,-1.327147,-0.640343,-0.723735,-2.099347,0.031024,0.002445,-0.000383,0.105000,0.105000,0.196929,83460.992188,1.032317,0.000000,0.000000,1.000000,1.000000,1.000000,1.000000,0.000000,0.000000,0.000000,-0.672892,21.699322
54.160142,3.000000,65.093864,-4.999905,704.930722,7.025098,15.950971,221.816086,221.101151,230.567968,7.826193,0.455300,8.149933,-1.323765,-0.639408,-0.724525,-2.255301,0.031138,0.002456,-0.000384,0.105000,0.105000,0.198812,83460.992188,1.031785,0.000000,0.000000,1.000000,1.000000,1.000000,1.000000,0.000000,0.000000,0.000000,-0.670331,21.480892
54.215646,3.000000,71.758743,-5.011581,704.857361,6.943189,15.706774,221.538773,220.831894,230.286429,7.837284,0.455509,8.160200,-1.320264,-0.638497,-0.725411,-2.429902,0.031280,0.002470,-0.000385,0.105000,0.105000,0.200903,83460.992188,1.031370,0.000000,0.000000,1.000000,1.000000,1.000000,1.000000,0.000000,0.000000,0.000000,-0.667822,21.311964
54.270196,3.000000,78.175720,-5.022773,704.785440,6.861890,15.471974,221.266647,220.572861,230.015538,7.848297,0.455705,8.170472,-1.317056,-0.637695,-0.726265,-2.598006,0.031365,0.002483,-0.000386,0.105000,0.105000,0.202944,83460.992188,1.031087,0.000000,0.000000,1.000000,1.000000,1.000000,1.000000,0.000000,0.000000,0.000000,-0.665511,21.077164
54.323921,3.000000,84.522041,-5.033792,704.714774,6.802808,15.240040,220.998932,220.316727,229.747731,7.859248,0.455889,8.180779,-1.314039,-0.636976,-0.727111,-2.764257,0.031433,0.002494,-0.000387,0.105000,0.105000,0.204863,83460.992188,1.030598,0.000000,0.000000,1.000000,1.000000,1.000000,1.000000,0.000000,0.000000,0.000000,-0.663407,20.845230
54.377635,3.000000,90.873337,-5.044770,704.644276,6.730176,15.008166,220.731506,220.060593,229.479895,7.870302,0.456066,8.191287,-1.311237,-0.636360,-0.727960,-2.930636,0.031505,0.002504,-0.000388,0.105000,0.105000,0.206684,83460.992188,1.030282,0.000000,0.000000,1.000000,1.000000,1.000000,1.000000,0.000000,0.000000,0.000000,-0.661511,20.613356
54.430597,3.000000,97.143318,-5.055559,704.574891,6.643323,14.779437,220.468201,219.807968,229.215692,7.881345,0.456237,8.202286,-1.309282,-0.636143,-0.724616,-3.094883,0.034795,0.002486,-0.000383,0.105000,0.105000,0.211369,83460.992188,1.026537,0.000000,0.000000,1.000000,1.000000,1.000000,1.000000,0.000000,0.000000,0.000000,-0.660667,20.371408
54.482650,3.000000,103.266289,-5.066045,704.506730,6.555067,14.555971,220.209641,219.561630,228.958059,7.892613,0.456432,8.214427,-1.309288,-0.636862,-0.721188,-3.255277,0.037673,0.002470,-0.000369,0.105000,0.105000,0.222039,83460.992188,1.023311,0.000000,0.000000,1.000000,1.000000,1.000000,1.000000,0.000000,0.000000,0.000000,-0.661723,20.147942
54.534742,3.000000,109.363197,-5.076437,704.438468,6.464307,14.333071,219.949951,219.316620,228.701746,7.904593,0.456624,8.227839,-1.310518,-0.638175,-0.717759,-3.414986,0.039793,0.002485,-0.000356,0.105000,0.105000,0.236636,83460.992188,1.021531,0.000000,0.000000,1.000000,1.000000,1.000000,1.000000,0.000000,0.000000,0.000000,-0.663919,19.925041
54.588494,3.000000,115.653450,-5.087108,704.367936,6.364515,14.102564,219.683441,219.063980,228.437469,7.917826,0.456806,8.242979,-1.312714,-0.639984,-0.714202,-3.579758,0.041906,0.002506,-0.000344,0.105000,0.105000,0.255186,83460.992188,1.020322,0.000000,0.000000,1.000000,1.000000,1.000000,1.000000,0.000000,0.000000,0.000000,-0.667071,19.464813
54.642434,3.000000,121.939827,-5.097721,704.297020,6.247327,13.871512,219.416229,218.811691,228.173503,7.932180,0.456974,8.259428,-1.315328,-0.642000,-0.710626,-3.744427,0.043567,0.002527,-0.000332,0.105000,0.105000,0.276121,83460.992188,1.020123,0.000000,0.000000,1.000000,1.000000,1.000000,1.000000,0.000000,0.000000,0.000000,-0.670587,19.233761
54.698422,3.000000,128.566406,-5.108851,704.223265,6.130628,13.627192,219.139008,218.545776,227.895345,7.948311,0.457128,8.277637,-1.317937,-0.644058,-0.706833,-3.918005,0.044953,0.002555,-0.000321,0.105000,0.105000,0.298942,83460.992188,1.020699,0.000000,0.000000,1.000000,1.000000,1.000000,1.000000,0.000000,0.000000,0.000000,-0.674032,18.989441
54.750419,3.000000,134.500473,-5.118769,704.154652,6.039869,13.407785,218.881454,218.307739,227.646314,7.964454,0.457256,8.295483,-1.319870,-0.645708,-0.703416,-4.073442,0.045668,0.002577,-0.000312,0.105000,0.105000,0.320219,83460.992188,1.021960,0.000000,0.000000,1.000000,1.000000,1.000000,1.000000,0.000000,0.000000,0.000000,-0.676762,18.770035
54.808269,3.000000,141.229889,-5.129961,704.078223,5.924573,13.158382,218.595108,218.037781,227.363899,7.983687,0.457381,8.316219,-1.321286,-0.647204,-0.699521,-4.249710,0.046229,0.002602,-0.000303,0.105000,0.105000,0.343217,83460.992188,1.023525,0.000000,0.000000,1.000000,1.000000,1.000000,1.000000,0.000000,0.000000,0.000000,-0.678993,18.031158
54.863782,3.000000,147.782455,-5.140800,704.004842,5.822950,12.915095,218.320496,217.774811,227.088870,8.003358,0.457482,8.336802,-1.321611,-0.648147,-0.695710,-4.421344,0.046535,0.002628,-0.000295,0.105000,0.105000,0.363909,83460.992188,1.025684,0.000000,0.000000,1.000000,1.000000,1.000000,1.000000,0.000000,0.000000,0.000000,-0.680045,17.787872
54.919943,3.000000,154.377747,-5.151653,703.930635,5.706861,12.670007,218.042587,217.510025,226.811928,8.024369,0.457567,8.358072,-1.320596,-0.648440,-0.691862,-4.594096,0.046518,0.002653,-0.000287,0.105000,0.105000,0.382847,83460.992188,1.028383,0.000000,0.000000,1.000000,1.000000,1.000000,1.000000,0.000000,0.000000,0.000000,-0.679750,17.542784
54.977608,3.000000,160.989777,-5.162477,703.854562,5.577039,12.424361,217.757126,217.244431,226.534215,8.046978,0.457632,8.380080,-1.317897,-0.647908,-0.687996,-4.767284,0.046066,0.002681,-0.000280,0.105000,0.105000,0.399707,83460.992188,1.031798,0.000000,0.000000,1.000000,1.000000,1.000000,1.000000,0.000000,0.000000,0.000000,-0.677686,17.297138
55.033743,3.000000,167.658188,-5.173335,703.780728,5.463575,12.177030,217.479233,216.976425,226.254010,8.069824,0.457670,8.401436,-1.313285,-0.646440,-0.684096,-4.941948,0.045539,0.002710,-0.000273,0.105000,0.105000,0.413189,83460.992188,1.035072,0.000000,0.000000,1.000000,1.000000,1.000000,1.000000,0.000000,0.000000,0.000000,-0.673843,16.566149
55.086984,3.000000,173.691772,-5.183107,703.710998,5.357435,11.953896,217.215271,216.733765,226.000367,8.092119,0.457692,8.421460,-1.307463,-0.644297,-0.680571,-5.099983,0.044663,0.002736,-0.000267,0.105000,0.105000,0.423073,83460.992188,1.038725,0.000000,0.000000,1.000000,1.000000,1.000000,1.000000,0.000000,0.000000,0.000000,-0.668465,16.343016
55.137810,3.000000,179.650101,-5.192710,703.644781,5.278089,11.734428,216.963394,216.494064,225.749793,8.113809,0.457693,8.440240,-1.300116,-0.641388,-0.677100,-5.256045,0.043801,0.002762,-0.000262,0.105000,0.105000,0.429817,83460.992188,1.041064,0.000000,0.000000,1.000000,1.000000,1.000000,1.000000,0.000000,0.000000,0.000000,-0.661835,16.123549
55.189088,3.000000,185.652649,-5.202335,703.578396,5.193799,11.514469,216.709152,216.252319,225.497188,8.135970,0.457681,8.458791,-1.291367,-0.637786,-0.673618,-5.413264,0.042865,0.002788,-0.000257,0.105000,0.105000,0.433983,83460.992188,1.043963,0.000000,0.000000,1.000000,1.000000,1.000000,1.000000,0.000000,0.000000,0.000000,-0.653797,15.903588
55.245343,3.000000,192.112885,-5.212640,703.506139,5.064771,11.279287,216.430298,215.991989,225.225154,8.160440,0.457649,8.478421,-1.280214,-0.633041,-0.669892,-5.582470,0.041655,0.002820,-0.000252,0.105000,0.105000,0.435625,83460.992188,1.047345,0.000000,0.000000,1.000000,1.000000,1.000000,1.000000,0.000000,0.000000,0.000000,-0.643222,15.277651
55.300355,3.000000,198.521866,-5.222807,703.436157,4.965650,11.047897,216.157516,215.733459,224.955094,8.184369,0.457599,8.496703,-1.267283,-0.627400,-0.666224,-5.750332,0.040387,0.002850,-0.000247,0.105000,0.105000,0.434203,83460.992188,1.050436,0.000000,0.000000,1.000000,1.000000,1.000000,1.000000,0.000000,0.000000,0.000000,-0.631056,15.046261
55.354012,3.000000,204.734192,-5.232609,703.368632,4.879957,10.825737,215.891403,215.482773,224.693204,8.207551,0.457534,8.513647,-1.253240,-0.621171,-0.662702,-5.913042,0.039100,0.002878,-0.000243,0.105000,0.105000,0.430065,83460.992188,1.052975,0.000000,0.000000,1.000000,1.000000,1.000000,1.000000,0.000000,0.000000,0.000000,-0.617741,14.824100
55.408967,3.000000,211.019836,-5.242473,703.300303,4.766065,10.603347,215.618835,215.228943,224.428127,8.230989,0.457450,8.529971,-1.237621,-0.614155,-0.659177,-6.077671,0.037754,0.002910,-0.000239,0.105000,0.105000,0.423224,83460.992188,1.055855,0.000000,0.000000,1.000000,1.000000,1.000000,1.000000,0.000000,0.000000,0.000000,-0.602676,14.186985
55.463551,3.000000,217.280319,-5.252244,703.233348,4.664686,10.384509,215.348053,214.976013,224.163968,8.253826,0.457352,8.544978,-1.220539,-0.606393,-0.655709,-6.241641,0.036371,0.002942,-0.000235,0.105000,0.105000,0.413966,83460.992188,1.058407,0.000000,0.000000,1.000000,1.000000,1.000000,1.000000,0.000000,0.000000,0.000000,-0.586208,13.968147
55.520336,3.000000,223.859619,-5.262454,703.164739,4.556653,10.157679,215.066406,214.710098,223.886285,8.276972,0.457229,8.559265,-1.201149,-0.597500,-0.652118,-6.413959,0.034923,0.002977,-0.000231,0.105000,0.105000,0.401922,83460.992188,1.060886,0.000000,0.000000,1.000000,1.000000,1.000000,1.000000,0.000000,0.000000,0.000000,-0.567684,13.741316
55.571236,3.000000,229.462448,-5.271101,703.104212,4.447584,9.967255,214.813995,214.483490,223.649740,8.297087,0.457106,8.570837,-1.183517,-0.589352,-0.649106,-6.560701,0.033632,0.003010,-0.000228,0.105000,0.105000,0.389213,83460.992188,1.063065,0.000000,0.000000,1.000000,1.000000,1.000000,1.000000,0.000000,0.000000,0.000000,-0.549910,13.550893
55.625910,3.000000,236.008972,-5.281151,703.040282,4.348035,9.748197,214.543213,214.218704,223.373332,8.317919,0.456957,8.581903,-1.161669,-0.579189,-0.645645,-6.732159,0.032194,0.003044,-0.000225,0.105000,0.105000,0.373688,83460.992188,1.065054,0.000000,0.000000,1.000000,1.000000,1.000000,1.000000,0.000000,0.000000,0.000000,-0.529679,12.873160
55.683075,3.000000,242.468704,-5.291008,702.974701,4.273572,9.535872,214.260162,213.957352,223.100528,8.338734,0.456785,8.592092,-1.139223,-0.568693,-0.642297,-6.901342,0.030818,0.003079,-0.000222,0.105000,0.105000,0.355703,83460.992188,1.066053,0.000000,0.000000,1.000000,1.000000,1.000000,1.000000,0.000000,0.000000,0.000000,-0.507740,12.660835
55.736669,3.000000,248.683411,-5.300437,702.914423,4.175611,9.335336,213.995010,213.705856,222.838060,8.357274,0.456609,8.600352,-1.117028,-0.558271,-0.639141,-7.064108,0.029591,0.003113,-0.000219,0.105000,0.105000,0.337619,83460.992188,1.067266,0.000000,0.000000,1.000000,1.000000,1.000000,1.000000,0.000000,0.000000,0.000000,-0.486589,12.460299
55.787524,3.000000,254.476501,-5.309179,702.858329,4.081617,9.151789,213.743973,213.471481,222.593434,8.373945,0.456430,8.606945,-1.095712,-0.548220,-0.636259,-7.215830,0.028481,0.003145,-0.000216,0.105000,0.105000,0.319504,83460.992188,1.068302,0.000000,0.000000,1.000000,1.000000,1.000000,1.000000,0.000000,0.000000,0.000000,-0.465917,12.276752
55.842089,3.000000,260.734558,-5.318570,702.799370,3.970899,8.957301,213.475174,213.218338,222.329275,8.390789,0.456225,8.612688,-1.072130,-0.537059,-0.633212,-7.379729,0.027324,0.003182,-0.000214,0.105000,0.105000,0.299209,83460.992188,1.069372,0.000000,0.000000,1.000000,1.000000,1.000000,1.000000,0.000000,0.000000,0.000000,-0.443214,11.741569
55.897994,3.000000,267.132019,-5.328114,702.740315,3.878980,8.762679,213.200165,212.959610,222.059303,8.406871,0.455999,8.617086,-1.047390,-0.525305,-0.630171,-7.547278,0.026152,0.003224,-0.000211,0.105000,0.105000,0.277680,83460.992188,1.069847,0.000000,0.000000,1.000000,1.000000,1.000000,1.000000,0.000000,0.000000,0.000000,-0.419387,11.546946
55.952332,3.000000,273.292389,-5.337251,702.684242,3.789747,8.579351,212.933594,212.710632,221.799476,8.421333,0.455768,8.620109,-1.023409,-0.513879,-0.627316,-7.708617,0.025147,0.003260,-0.000209,0.105000,0.105000,0.256237,83460.992188,1.070033,0.000000,0.000000,1.000000,1.000000,1.000000,1.000000,0.000000,0.000000,0.000000,-0.396119,11.363619
56.007997,3.000000,279.630707,-5.346597,702.628161,3.705518,8.394943,212.661133,212.454575,221.532307,8.434935,0.455518,8.621958,-0.998671,-0.502063,-0.624453,-7.874616,0.024202,0.003298,-0.000207,0.105000,0.105000,0.234066,83460.992188,1.069840,0.000000,0.000000,1.000000,1.000000,1.000000,1.000000,0.000000,0.000000,0.000000,-0.372271,11.179210
56.063605,3.000000,285.915192,-5.355808,702.573504,3.649732,8.216314,212.389725,212.200851,221.267555,8.447289,0.455263,8.622721,-0.974403,-0.490450,-0.621691,-8.039204,0.023424,0.003331,-0.000205,0.105000,0.105000,0.211980,83460.992188,1.068662,0.000000,0.000000,1.000000,1.000000,1.000000,1.000000,0.000000,0.000000,0.000000,-0.348803,10.482613
56.119160,3.000000,292.260681,-5.365053,702.520227,3.595533,8.040122,212.119492,211.944839,221.000416,8.458419,0.455002,8.622642,-0.950626,-0.479061,-0.618976,-8.205388,0.022836,0.003363,-0.000203,0.105000,0.105000,0.190428,83460.992188,1.067002,0.000000,0.000000,1.000000,1.000000,1.000000,1.000000,0.000000,0.000000,0.000000,-0.326143,10.306420
56.175177,3.000000,298.595001,-5.374228,702.467805,3.537122,7.868278,211.847855,211.689499,220.733959,8.468453,0.454736,8.621802,-0.927766,-0.468106,-0.616338,-8.371280,0.022452,0.003395,-0.000202,0.105000,0.105000,0.169641,83460.992188,1.065195,0.000000,0.000000,1.000000,1.000000,1.000000,1.000000,0.000000,0.000000,0.000000,-0.304206,10.134577
56.231065,3.000000,304.952911,-5.383381,702.416748,3.477186,7.699695,211.577835,211.433456,220.466775,8.477345,0.454469,8.620310,-0.905763,-0.457558,-0.613761,-8.537788,0.022209,0.003429,-0.000201,0.105000,0.105000,0.150136,83460.992188,1.063247,0.000000,0.000000,1.000000,1.000000,1.000000,1.000000,0.000000,0.000000,0.000000,-0.283292,9.986389
56.287113,3.000000,311.260651,-5.392408,702.366732,3.427381,7.536123,211.308075,211.179718,220.201979,8.485209,0.454198,8.618361,-0.885109,-0.447663,-0.611270,-8.702983,0.022158,0.003463,-0.000200,0.105000,0.105000,0.132042,83460.992188,1.060836,0.000000,0.000000,1.000000,1.000000,1.000000,1.000000,0.000000,0.000000,0.000000,-0.263556,9.822818
56.344019,3.000000,317.680176,-5.401540,702.317090,3.383985,7.373190,211.035324,210.921814,219.932808,8.492207,0.453926,8.616083,-0.865445,-0.438253,-0.608797,-8.871103,0.022273,0.003493,-0.000199,0.105000,0.105000,0.115430,83460.992188,1.058073,0.000000,0.000000,1.000000,1.000000,1.000000,1.000000,0.000000,0.000000,0.000000,-0.244927,9.659884
56.400094,3.000000,323.986145,-5.410456,702.269212,3.344739,7.216356,210.767609,210.668732,219.668665,8.498240,0.453658,8.613750,-0.847652,-0.429760,-0.606425,-9.036250,0.022568,0.003522,-0.000198,0.105000,0.105000,0.101002,83460.992188,1.055137,0.000000,0.000000,1.000000,1.000000,1.000000,1.000000,0.000000,0.000000,0.000000,-0.228139,9.503050
56.457197,3.000000,330.459991,-5.419554,702.221427,3.291395,7.058382,210.496078,210.409286,219.397848,8.503612,0.453389,8.611370,-0.830948,-0.421811,-0.604043,-9.205792,0.023000,0.003554,-0.000198,0.105000,0.105000,0.088462,83460.992188,1.052418,0.000000,0.000000,1.000000,1.000000,1.000000,1.000000,0.000000,0.000000,0.000000,-0.212595,9.277588
56.515538,3.000000,336.819733,-5.428438,702.173522,3.257764,6.905903,210.219833,210.154739,219.132162,8.508429,0.453115,8.609138,-0.816148,-0.414801,-0.601750,-9.372346,0.023577,0.003585,-0.000198,0.105000,0.105000,0.077946,83460.992188,1.049077,0.000000,0.000000,1.000000,1.000000,1.000000,1.000000,0.000000,0.000000,0.000000,-0.198463,9.125110
56.570913,3.000000,343.316193,-5.437459,702.128814,3.202894,6.752613,209.958893,209.895081,218.861122,8.512499,0.452858,8.607282,-0.802680,-0.408461,-0.599450,-9.542479,0.024244,0.003618,-0.000198,0.105000,0.105000,0.070189,83460.992188,1.046474,0.000000,0.000000,1.000000,1.000000,1.000000,1.000000,0.000000,0.000000,0.000000,-0.186589,8.971819
56.626166,3.000000,349.458771,-5.445937,702.084866,3.150648,6.609706,209.699600,209.649933,218.605180,8.516194,0.452606,8.605742,-0.791300,-0.403142,-0.597310,-9.703343,0.024928,0.003648,-0.000198,0.105000,0.105000,0.064516,83460.992188,1.043952,0.000000,0.000000,1.000000,1.000000,1.000000,1.000000,0.000000,0.000000,0.000000,-0.176099,8.875887
56.676192,3.000000,355.018616,-5.453569,702.045584,3.116102,6.481874,209.465759,209.428329,218.373826,8.519319,0.452380,8.604714,-0.782132,-0.398893,-0.595398,-9.848948,0.025579,0.003674,-0.000199,0.105000,0.105000,0.061041,83460.992188,1.041506,0.000000,0.000000,1.000000,1.000000,1.000000,1.000000,0.000000,0.000000,0.000000,-0.167777,8.748055
56.731630,3.000000,361.318237,-5.462169,702.002543,3.079542,6.338536,209.207657,209.177597,218.112026,8.522627,0.452129,8.604135,-0.773170,-0.394796,-0.593255,-10.013925,0.026404,0.003704,-0.000199,0.105000,0.105000,0.059014,83460.992188,1.038704,0.000000,0.000000,1.000000,1.000000,1.000000,1.000000,0.000000,0.000000,0.000000,-0.159972,8.604717
56.792546,3.000000,366.741547,-5.469532,701.955759,3.025770,6.216218,208.924210,208.962021,217.886931,8.526205,0.451860,8.604205,-0.766597,-0.391844,-0.591427,-10.155951,0.026874,0.003729,-0.000200,0.105000,0.105000,0.058857,83460.992188,1.036606,0.000000,0.000000,1.000000,1.000000,1.000000,1.000000,0.000000,0.000000,0.000000,-0.152907,8.482400
56.842665,3.000000,373.758148,-5.479002,701.917605,2.981824,6.059244,208.692795,208.683472,217.596093,8.529164,0.451636,8.604656,-0.759100,-0.388531,-0.589081,-10.339704,0.027785,0.003766,-0.000200,0.105000,0.105000,0.059664,83460.992188,1.034806,0.000000,0.000000,1.000000,1.000000,1.000000,1.000000,0.000000,0.000000,0.000000,-0.147848,8.327898
56.898826,3.000000,379.922394,-5.487270,701.875162,2.943067,5.922307,208.434433,208.439194,217.340966,8.532574,0.451387,8.605867,-0.753730,-0.386235,-0.587034,-10.501134,0.028596,0.003795,-0.000201,0.105000,0.105000,0.062168,83460.992188,1.032505,0.000000,0.000000,1.000000,1.000000,1.000000,1.000000,0.000000,0.000000,0.000000,-0.143387,8.190962
56.954017,3.000000,386.159119,-5.495587,701.833707,2.900342,5.784474,208.181488,208.192307,217.083185,8.536110,0.451147,8.607836,-0.749493,-0.384520,-0.584970,-10.664462,0.029493,0.003824,-0.000202,0.105000,0.105000,0.066094,83460.992188,1.030528,0.000000,0.000000,1.000000,1.000000,1.000000,1.000000,0.000000,0.000000,0.000000,-0.140169,8.053128
57.008934,3.000000,392.278534,-5.503700,701.792650,2.861829,5.649737,207.930695,207.950409,216.830565,8.539883,0.450910,8.610539,-0.746313,-0.383335,-0.582950,-10.824717,0.030327,0.003852,-0.000203,0.105000,0.105000,0.071313,83460.992188,1.028712,0.000000,0.000000,1.000000,1.000000,1.000000,1.000000,0.000000,0.000000,0.000000,-0.137928,7.918392
57.063043,3.000000,398.303772,-5.511642,701.752336,2.823926,5.517401,207.684296,207.712540,216.582126,8.543907,0.450674,8.613963,-0.744072,-0.382622,-0.580962,-10.982506,0.031129,0.003883,-0.000203,0.105000,0.105000,0.077575,83460.992188,1.027006,0.000000,0.000000,1.000000,1.000000,1.000000,1.000000,0.000000,0.000000,0.000000,-0.136607,7.771787
57.117555,3.000000,404.357452,-5.519575,701.711815,2.794996,5.384616,207.436813,207.473785,216.332798,8.548338,0.450437,8.618216,-0.742653,-0.382332,-0.578963,-11.141039,0.031915,0.003911,-0.000204,0.105000,0.105000,0.084835,83460.992188,1.025317,0.000000,0.000000,1.000000,1.000000,1.000000,1.000000,0.000000,0.000000,0.000000,-0.136106,7.639002
57.171985,3.000000,410.432648,-5.527491,701.671401,2.744581,5.251382,207.190323,207.234467,216.082833,8.553182,0.450205,8.623284,-0.742061,-0.382470,-0.576952,-11.300135,0.032719,0.003938,-0.000205,0.105000,0.105000,0.092948,83460.992188,1.024296,0.000000,0.000000,1.000000,1.000000,1.000000,1.000000,0.000000,0.000000,0.000000,-0.136391,7.505769
57.227446,3.000000,416.498627,-5.535349,701.630239,2.693372,5.118270,206.939789,206.995773,215.833520,8.558592,0.449966,8.629119,-0.741866,-0.382811,-0.574937,-11.458989,0.033350,0.003971,-0.000206,0.105000,0.105000,0.101866,83460.992188,1.023591,0.000000,0.000000,1.000000,1.000000,1.000000,1.000000,0.000000,0.000000,0.000000,-0.137058,7.372656
57.277600,3.000000,422.115326,-5.542583,701.593018,2.651746,4.994895,206.713699,206.774994,215.602908,8.563919,0.449747,8.634932,-0.741895,-0.383235,-0.573065,-11.606077,0.033918,0.004002,-0.000207,0.105000,0.105000,0.110201,83460.992188,1.023092,0.000000,0.000000,1.000000,1.000000,1.000000,1.000000,0.000000,0.000000,0.000000,-0.137854,7.244573
57.332589,3.000000,428.245361,-5.550436,701.552194,2.624036,4.860066,206.466431,206.534225,215.351459,8.570248,0.449503,8.642000,-0.742304,-0.383894,-0.571012,-11.766608,0.034484,0.004030,-0.000207,0.105000,0.105000,0.119572,83460.992188,1.022084,0.000000,0.000000,1.000000,1.000000,1.000000,1.000000,0.000000,0.000000,0.000000,-0.139132,7.109744
57.385952,3.000000,434.123352,-5.557922,701.512539,2.597486,4.730524,206.226944,206.303619,215.110555,8.576889,0.449266,8.649620,-0.743194,-0.384785,-0.569033,-11.920539,0.034995,0.004054,-0.000208,0.105000,0.105000,0.128860,83460.992188,1.021185,0.000000,0.000000,1.000000,1.000000,1.000000,1.000000,0.000000,0.000000,0.000000,-0.140866,6.980202
57.437778,3.000000,439.877930,-5.565210,701.473967,2.566907,4.603382,205.994858,206.077972,214.874856,8.583815,0.449034,8.657672,-0.744434,-0.385850,-0.567084,-12.071238,0.035515,0.004082,-0.000209,0.105000,0.105000,0.138022,83460.992188,1.020609,0.000000,0.000000,1.000000,1.000000,1.000000,1.000000,0.000000,0.000000,0.000000,-0.142892,6.900610
57.490459,3.000000,445.597656,-5.572413,701.434683,2.534193,4.476643,205.759247,205.853897,214.640788,8.591345,0.448798,8.666498,-0.745957,-0.387061,-0.565136,-12.221023,0.035927,0.004108,-0.000210,0.105000,0.105000,0.147395,83460.992188,1.020173,0.000000,0.000000,1.000000,1.000000,1.000000,1.000000,0.000000,0.000000,0.000000,-0.145236,6.773871
57.545269,3.000000,451.687347,-5.580039,701.393722,2.480604,4.341268,205.514420,205.615479,214.391742,8.599693,0.448550,8.676189,-0.747614,-0.388371,-0.563047,-12.380496,0.036389,0.004140,-0.000210,0.105000,0.105000,0.157024,83460.992188,1.020483,0.000000,0.000000,1.000000,1.000000,1.000000,1.000000,0.000000,0.000000,0.000000,-0.147656,6.638496
57.598754,3.000000,457.549622,-5.587337,701.353672,2.438489,4.210542,205.275818,205.386108,214.152158,8.608346,0.448301,8.686051,-0.749011,-0.389532,-0.561023,-12.534014,0.036656,0.004173,-0.000211,0.105000,0.105000,0.166188,83460.992188,1.020693,0.000000,0.000000,1.000000,1.000000,1.000000,1.000000,0.000000,0.000000,0.000000,-0.149819,6.507770
57.651466,3.000000,463.421143,-5.594605,701.314134,2.379407,4.079244,205.040970,205.156586,213.912395,8.617341,0.448049,8.696101,-0.750177,-0.390576,-0.558983,-12.687773,0.036900,0.004207,-0.000211,0.105000,0.105000,0.174776,83460.992188,1.021547,0.000000,0.000000,1.000000,1.000000,1.000000,1.000000,0.000000,0.000000,0.000000,-0.151680,6.372234
57.705654,3.000000,469.300140,-5.601841,701.273447,2.310194,3.947489,204.799759,204.926865,213.672455,8.627043,0.447778,8.706528,-0.750701,-0.391287,-0.556930,-12.841728,0.036860,0.004246,-0.000211,0.105000,0.105000,0.182868,83460.992188,1.023015,0.000000,0.000000,1.000000,1.000000,1.000000,1.000000,0.000000,0.000000,0.000000,-0.152901,6.240480
57.760934,3.000000,475.390533,-5.609293,701.231945,2.230115,3.810841,204.553879,204.689102,213.424121,8.637361,0.447486,8.717047,-0.750257,-0.391511,-0.554794,-13.001219,0.036673,0.004292,-0.000211,0.105000,0.105000,0.189969,83460.992188,1.025171,0.000000,0.000000,1.000000,1.000000,1.000000,1.000000,0.000000,0.000000,0.000000,-0.153115,6.103831
57.814668,3.000000,481.254028,-5.616424,701.191670,2.149732,3.679330,204.315109,204.460327,213.185174,8.647726,0.447182,8.726950,-0.748584,-0.391076,-0.552734,-13.154768,0.036213,0.004340,-0.000211,0.105000,0.105000,0.195443,83460.992188,1.027500,0.000000,0.000000,1.000000,1.000000,1.000000,1.000000,0.000000,0.000000,0.000000,-0.152057,5.972321
57.869908,3.000000,487.279114,-5.623708,701.150413,2.059522,3.544487,204.069809,204.225372,212.939835,8.658630,0.446843,8.736576,-0.745395,-0.389858,-0.550618,-13.312548,0.035506,0.004395,-0.000211,0.105000,0.105000,0.199174,83460.992188,1.030521,0.000000,0.000000,1.000000,1.000000,1.000000,1.000000,0.000000,0.000000,0.000000,-0.149445,5.420109
57.926512,3.000000,493.450195,-5.631123,701.108385,1.984876,3.406992,203.818619,203.984940,212.688757,8.669955,0.446469,8.745671,-0.740353,-0.387679,-0.548457,-13.474151,0.034532,0.004450,-0.000210,0.105000,0.105000,0.200651,83460.992188,1.033221,0.000000,0.000000,1.000000,1.000000,1.000000,1.000000,0.000000,0.000000,0.000000,-0.145014,5.282614
57.983152,3.000000,499.635590,-5.638507,701.066665,1.925855,3.270086,203.567474,203.744019,212.437205,8.681292,0.446076,8.754156,-0.734069,-0.384844,-0.546305,-13.636128,0.033514,0.004493,-0.000209,0.105000,0.105000,0.199716,83460.992188,1.035226,0.000000,0.000000,1.000000,1.000000,1.000000,1.000000,0.000000,0.000000,0.000000,-0.139406,5.145708
58.036969,3.000000,505.506378,-5.645473,701.027398,1.844312,3.141187,203.328934,203.515472,212.198599,8.691958,0.445686,8.761442,-0.726894,-0.381510,-0.544278,-13.789867,0.032483,0.004540,-0.000208,0.105000,0.105000,0.196674,83460.992188,1.038035,0.000000,0.000000,1.000000,1.000000,1.000000,1.000000,0.000000,0.000000,0.000000,-0.132810,5.016810
58.093755,3.000000,511.654999,-5.652724,700.986444,1.767530,3.007553,203.077728,203.276245,211.948886,8.702964,0.445245,8.767966,-0.717649,-0.377102,-0.542178,-13.950881,0.031198,0.004599,-0.000207,0.105000,0.105000,0.191095,83460.992188,1.040695,0.000000,0.000000,1.000000,1.000000,1.000000,1.000000,0.000000,0.000000,0.000000,-0.124131,4.453542
58.143884,3.000000,517.142639,-5.659156,700.950772,1.703077,2.889708,202.856171,203.062881,211.726163,8.712354,0.444836,8.772779,-0.708205,-0.372531,-0.540328,-14.094586,0.030028,0.004646,-0.000205,0.105000,0.105000,0.184118,83460.992188,1.042907,0.000000,0.000000,1.000000,1.000000,1.000000,1.000000,0.000000,0.000000,0.000000,-0.115303,4.335697
58.200333,3.000000,523.206909,-5.666221,700.911209,1.646497,2.761262,202.607178,202.827209,211.480172,8.722447,0.444352,8.777136,-0.696626,-0.366867,-0.538316,-14.253390,0.028694,0.004695,-0.000204,0.105000,0.105000,0.174113,83460.992188,1.044503,0.000000,0.000000,1.000000,1.000000,1.000000,1.000000,0.000000,0.000000,0.000000,-0.104276,4.207251
58.250988,3.000000,528.733215,-5.672619,700.876300,1.570081,2.645999,202.384018,202.612595,211.256189,8.730976,0.443900,8.780016,-0.685190,-0.361227,-0.536515,-14.398108,0.027529,0.004746,-0.000202,0.105000,0.105000,0.163391,83460.992188,1.046705,0.000000,0.000000,1.000000,1.000000,1.000000,1.000000,0.000000,0.000000,0.000000,-0.093456,3.698787
58.305136,3.000000,534.631836,-5.679408,700.839667,1.510389,2.525059,202.146027,202.383698,211.017302,8.739440,0.443394,8.781754,-0.671653,-0.354491,-0.534630,-14.552574,0.026190,0.004804,-0.000200,0.105000,0.105000,0.150100,83460.992188,1.048475,0.000000,0.000000,1.000000,1.000000,1.000000,1.000000,0.000000,0.000000,0.000000,-0.080614,3.577846
58.355978,3.000000,540.122437,-5.685688,700.805962,1.436414,2.414597,201.922897,202.170807,210.795143,8.746686,0.442901,8.782272,-0.658286,-0.347803,-0.532915,-14.696356,0.024980,0.004854,-0.000199,0.105000,0.105000,0.136092,83460.992188,1.050354,0.000000,0.000000,1.000000,1.000000,1.000000,1.000000,0.000000,0.000000,0.000000,-0.067796,3.467385
58.407915,3.000000,545.721802,-5.692055,700.772275,1.359449,2.304211,201.695343,201.953949,210.568862,8.753314,0.442373,8.781385,-0.643496,-0.340354,-0.531209,-14.842986,0.023669,0.004918,-0.000197,0.105000,0.105000,0.120262,83460.992188,1.052537,0.000000,0.000000,1.000000,1.000000,1.000000,1.000000,0.000000,0.000000,0.000000,-0.053520,3.356999
58.458849,3.000000,551.291382,-5.698349,700.740024,1.294141,2.196875,201.472839,201.738403,210.343974,8.758970,0.441829,8.779130,-0.627722,-0.332366,-0.529558,-14.988835,0.022322,0.004979,-0.000195,0.105000,0.105000,0.103235,83460.992188,1.054163,0.000000,0.000000,1.000000,1.000000,1.000000,1.000000,0.000000,0.000000,0.000000,-0.038527,2.860663
58.515658,3.000000,557.359497,-5.705164,700.705017,1.235242,2.082895,201.225342,201.503845,210.099259,8.764212,0.441200,8.775201,-0.609825,-0.323266,-0.527816,-15.147739,0.020942,0.005041,-0.000193,0.105000,0.105000,0.082718,83460.992188,1.054849,0.000000,0.000000,1.000000,1.000000,1.000000,1.000000,0.000000,0.000000,0.000000,-0.021186,2.746683
58.568075,3.000000,563.030579,-5.711492,700.673644,1.170362,1.979269,200.997650,201.284882,209.870812,8.767986,0.440603,8.770260,-0.592655,-0.314506,-0.526244,-15.296247,0.019748,0.005097,-0.000191,0.105000,0.105000,0.062729,83460.992188,1.055721,0.000000,0.000000,1.000000,1.000000,1.000000,1.000000,0.000000,0.000000,0.000000,-0.004744,2.643057
58.624814,3.000000,569.154358,-5.718282,700.640716,1.097303,1.870610,200.752151,201.048813,209.624539,8.770861,0.439936,8.763337,-0.573461,-0.304678,-0.524609,-15.456609,0.018496,0.005168,-0.000189,0.105000,0.105000,0.040051,83460.992188,1.056722,0.000000,0.000000,1.000000,1.000000,1.000000,1.000000,0.000000,0.000000,0.000000,0.013696,2.534398
58.677031,3.000000,574.726624,-5.724420,700.611393,1.022535,1.774775,200.526962,200.834335,209.400793,8.772344,0.439300,8.755517,-0.555493,-0.295448,-0.523180,-15.602529,0.017405,0.005234,-0.000187,0.105000,0.105000,0.018411,83460.992188,1.057806,0.000000,0.000000,1.000000,1.000000,1.000000,1.000000,0.000000,0.000000,0.000000,0.031166,1.974629
58.733710,3.000000,580.873108,-5.731147,700.580655,0.966321,1.672530,200.283569,200.598129,209.154402,8.772653,0.438585,8.745450,-0.535086,-0.284929,-0.521671,-15.763484,0.016194,0.005306,-0.000185,0.105000,0.105000,-0.005878,83460.992188,1.057774,0.000000,0.000000,1.000000,1.000000,1.000000,1.000000,0.000000,0.000000,0.000000,0.050608,1.872383
58.788783,3.000000,586.819031,-5.737613,700.551883,0.910841,1.577125,200.048264,200.370010,208.916463,8.771620,0.437871,8.734358,-0.515380,-0.274749,-0.520279,-15.919188,0.015190,0.005372,-0.000183,0.105000,0.105000,-0.029913,83460.992188,1.057326,0.000000,0.000000,1.000000,1.000000,1.000000,1.000000,0.000000,0.000000,0.000000,0.069417,1.776979
58.843684,3.000000,592.718262,-5.743986,700.524258,0.857618,1.485844,199.814774,200.144073,208.680779,8.769272,0.437153,8.722258,-0.496325,-0.264889,-0.518965,-16.073669,0.014434,0.005430,-0.000182,0.105000,0.105000,-0.053830,83460.992188,1.056272,0.000000,0.000000,1.000000,1.000000,1.000000,1.000000,0.000000,0.000000,0.000000,0.087607,1.685698
58.899469,3.000000,598.670044,-5.750374,700.497250,0.789930,1.397091,199.578644,199.916595,208.443494,8.765550,0.436410,8.708670,-0.477256,-0.255002,-0.517705,-16.229527,0.013768,0.005502,-0.000180,0.105000,0.105000,-0.077859,83460.992188,1.055966,0.000000,0.000000,1.000000,1.000000,1.000000,1.000000,0.000000,0.000000,0.000000,0.105964,1.256323
58.953964,3.000000,604.511292,-5.756603,700.471887,0.726758,1.313224,199.349243,199.693802,208.211117,8.760628,0.435667,8.694268,-0.458834,-0.245433,-0.516531,-16.382488,0.013201,0.005573,-0.000179,0.105000,0.105000,-0.100947,83460.992188,1.055250,0.000000,0.000000,1.000000,1.000000,1.000000,1.000000,0.000000,0.000000,0.000000,0.123563,1.172457
59.009761,3.000000,610.464844,-5.762912,700.446946,0.664442,1.231004,199.115631,199.467270,207.974795,8.754306,0.434893,8.678400,-0.440355,-0.235816,-0.515399,-16.538393,0.012702,0.005646,-0.000177,0.105000,0.105000,-0.124068,83460.992188,1.054234,0.000000,0.000000,1.000000,1.000000,1.000000,1.000000,0.000000,0.000000,0.000000,0.141243,1.090236
59.060671,3.000000,615.891296,-5.768627,700.425077,0.609144,1.158877,198.903625,199.261246,207.759903,8.747424,0.434171,8.663003,-0.423898,-0.227238,-0.514423,-16.680492,0.012325,0.005716,-0.000176,0.105000,0.105000,-0.144589,83460.992188,1.053354,0.000000,0.000000,1.000000,1.000000,1.000000,1.000000,0.000000,0.000000,0.000000,0.156980,0.566539
59.117532,3.000000,621.915527,-5.774932,700.401617,0.561536,1.081851,198.668350,199.033096,207.521891,8.738523,0.433351,8.645023,-0.406364,-0.218089,-0.513399,-16.838245,0.012069,0.005786,-0.000175,0.105000,0.105000,-0.166692,83460.992188,1.051117,0.000000,0.000000,1.000000,1.000000,1.000000,1.000000,0.000000,0.000000,0.000000,0.173705,0.489512
59.173396,3.000000,627.921448,-5.781178,700.379504,0.516004,1.008081,198.438614,198.806168,207.285198,8.728590,0.432543,8.626768,-0.390009,-0.209551,-0.512438,-16.995520,0.011988,0.005851,-0.000174,0.105000,0.105000,-0.187223,83460.992188,1.048701,0.000000,0.000000,1.000000,1.000000,1.000000,1.000000,0.000000,0.000000,0.000000,0.188994,0.415742
59.229273,3.000000,633.834351,-5.787287,700.358234,0.496961,0.938167,198.210297,198.583313,207.052747,8.717554,0.431737,8.608357,-0.375562,-0.202015,-0.511545,-17.150358,0.012245,0.005897,-0.000174,0.105000,0.105000,-0.206102,83460.992188,1.044429,0.000000,0.000000,1.000000,1.000000,1.000000,1.000000,0.000000,0.000000,0.000000,0.202485,0.345829
59.284062,3.000000,639.689514,-5.793299,700.338070,0.480848,0.871189,197.987869,198.363220,206.823144,8.705775,0.430970,8.590842,-0.363991,-0.196008,-0.510705,-17.303684,0.012995,0.005926,-0.000175,0.105000,0.105000,-0.222121,83460.992188,1.039236,0.000000,0.000000,1.000000,1.000000,1.000000,1.000000,0.000000,0.000000,0.000000,0.212909,0.000000
59.338827,3.000000,645.503113,-5.799232,700.318450,0.482191,0.806422,197.766968,198.145187,206.595691,8.693214,0.430233,8.574018,-0.355177,-0.191472,-0.509904,-17.455923,0.014145,0.005952,-0.000176,0.105000,0.105000,-0.235066,83460.992188,1.032923,0.000000,0.000000,1.000000,1.000000,1.000000,1.000000,0.000000,0.000000,0.000000,0.220583,0.000000
59.392374,3.000000,651.197754,-5.805009,700.299605,0.484266,0.744099,197.552490,197.932144,206.373413,8.680358,0.429552,8.558997,-0.350237,-0.189013,-0.509141,-17.605045,0.015862,0.005957,-0.000177,0.105000,0.105000,-0.243871,83460.992188,1.026076,0.000000,0.000000,1.000000,1.000000,1.000000,1.000000,0.000000,0.000000,0.000000,0.224351,0.000000
59.445601,4.000000,656.832642,-5.810698,700.281248,0.483778,0.000000,197.340591,197.711639,206.143424,8.666743,0.426591,8.536508,-0.327861,-0.177134,-0.494015,-17.752602,0.077499,-0.011504,0.078010,1.000000,0.128234,-0.280076,83460.992188,0.936931,0.000000,0.000000,1.000000,1.000000,1.000000,1.000000,1.000000,0.000000,0.000000,0.240546,0.000000
59.499813,4.000000,662.567993,-5.816735,700.262051,0.492078,0.620874,197.125977,197.493668,205.915734,8.654715,0.406022,8.545001,-0.366487,-0.198222,-0.507670,-17.902790,0.061177,0.002736,0.070268,1.000000,0.218099,-0.174343,83460.992188,0.962160,0.000000,0.000000,1.000000,1.000000,1.000000,1.000000,1.000000,0.000000,0.000000,0.202459,0.000000
59.555165,4.000000,668.304260,-5.823140,700.240719,0.488477,0.552672,196.907745,197.270157,205.682304,8.647556,0.381186,8.552315,-0.393483,-0.213065,-0.506805,-18.053003,0.047507,0.004395,0.062826,1.000000,0.300310,-0.092291,83460.992188,0.983233,0.000000,0.000000,1.000000,1.000000,1.000000,1.000000,1.000000,0.000000,0.000000,0.175640,0.000000
59.609842,4.000000,674.185242,-5.830039,700.218532,0.474622,0.478775,196.692871,197.035294,205.437039,8.644300,0.358200,8.557908,-0.410676,-0.222640,-0.505846,-18.207005,0.036432,0.003661,0.056278,1.000000,0.373024,-0.032208,83460.992188,1.001316,0.000000,0.000000,1.000000,1.000000,1.000000,1.000000,1.000000,0.000000,0.000000,0.159243,0.000000
59.664212,4.000000,679.892700,-5.837019,700.195914,0.463026,0.000000,196.479492,196.799789,205.191241,8.643760,0.336911,8.558119,-0.416580,-0.226111,-0.496307,-18.356462,0.028867,0.008889,0.049644,1.000000,0.437834,0.002626,83460.992188,1.084756,1.000000,0.000000,1.000000,1.000000,1.000000,1.000000,1.000000,0.000000,0.000000,0.157797,0.000000
59.718747,4.000000,685.606567,-5.844251,700.174129,0.448865,0.000000,196.265427,196.528442,204.908322,8.643873,0.306554,8.544712,-0.390596,-0.212300,-0.496993,-18.506088,0.026904,0.019139,0.040046,1.000000,0.496113,0.003763,83460.992188,1.078775,1.000000,0.000000,1.000000,1.000000,1.000000,1.000000,1.000000,0.000000,0.000000,0.182582,0.000000
59.772282,4.000000,691.284119,-5.851626,700.154152,0.442640,0.000000,196.054901,196.253296,204.621399,8.644051,0.274632,8.530972,-0.363881,-0.198057,-0.497689,-18.654762,0.024331,0.020489,0.031270,1.000000,0.547439,0.005820,83460.992188,1.076421,1.000000,0.000000,1.000000,1.000000,1.000000,1.000000,1.000000,0.000000,0.000000,0.208010,0.000000
59.826816,4.000000,697.013916,-5.859207,700.135199,0.441907,0.000000,195.839600,195.973434,204.329597,8.644420,0.244700,8.518400,-0.338809,-0.184674,-0.498400,-18.804804,0.020691,0.018187,0.023692,1.000000,0.594354,0.010926,83460.992188,1.066022,1.000000,0.000000,1.000000,1.000000,1.000000,1.000000,1.000000,0.000000,0.000000,0.231558,0.000000
59.880598,4.000000,702.672302,-5.866783,700.117663,0.433485,0.000000,195.626160,195.698517,204.042927,8.645186,0.223425,8.507567,-0.317246,-0.173164,-0.499100,-18.952976,0.016594,0.003996,0.019772,1.000000,0.635855,0.016172,83460.992188,1.071363,1.000000,0.000000,1.000000,1.000000,1.000000,1.000000,1.000000,0.000000,0.000000,0.252569,0.000000
59.933501,4.000000,708.166748,-5.874198,700.101390,0.446241,0.000000,195.414917,195.439285,203.772510,8.646347,0.212378,8.503342,-0.304608,-0.166486,-0.499763,-19.096855,0.010207,0.001551,0.017287,1.000000,0.672531,0.032117,83460.992188,1.033536,1.000000,0.000000,1.000000,1.000000,1.000000,1.000000,1.000000,0.000000,0.000000,0.262178,0.000000
59.985010,4.000000,713.594910,-5.881566,700.085736,0.462415,0.040424,195.207886,195.195190,203.517887,8.648555,0.205294,8.505295,-0.303316,-0.165988,-0.501251,-19.239000,0.002512,-0.003472,0.016159,1.000000,0.704685,0.053056,83460.992188,1.031144,0.000000,0.000000,1.000000,1.000000,1.000000,1.000000,1.000000,0.000000,0.000000,0.262405,0.000000
60.037996,4.000000,719.138855,-5.889122,700.069782,0.457654,0.000000,194.992981,194.943008,203.254841,8.651697,0.200747,8.505993,-0.299035,-0.163857,-0.501035,-19.384174,-0.004049,-0.004236,0.015184,1.000000,0.734498,0.064961,83460.992188,1.046036,1.000000,0.000000,1.000000,1.000000,1.000000,1.000000,1.000000,0.000000,0.000000,0.266616,0.000000
60.092101,4.000000,724.739624,-5.896778,700.054014,0.442213,0.000000,194.772247,194.677261,202.977647,8.655168,0.194777,8.502639,-0.286555,-0.157232,-0.501720,-19.530838,-0.008792,-0.001613,0.013500,1.000000,0.761816,0.065045,83460.992188,1.051729,1.000000,0.000000,1.000000,1.000000,1.000000,1.000000,1.000000,0.000000,0.000000,0.278765,0.000000
60.147778,4.000000,730.486694,-5.904642,700.038387,0.451551,0.000000,194.543289,194.406418,202.695159,8.658916,0.190145,8.502126,-0.277799,-0.152641,-0.502419,-19.681334,-0.015001,-0.005422,0.012846,1.000000,0.786998,0.071468,83460.992188,1.044163,1.000000,0.000000,1.000000,1.000000,1.000000,1.000000,1.000000,0.000000,0.000000,0.286213,0.000000
60.202216,4.000000,736.188232,-5.912443,700.023550,0.468030,0.000000,194.317612,194.134949,202.412032,8.662885,0.188261,8.501843,-0.269430,-0.148249,-0.503121,-19.830635,-0.020826,-0.007245,0.012346,1.000000,0.809042,0.075441,83460.992188,1.044641,0.000000,0.000000,1.000000,1.000000,1.000000,1.000000,1.000000,0.000000,0.000000,0.293626,0.000000
60.257935,4.000000,741.967773,-5.920341,700.008867,0.450941,0.000000,194.084625,193.855576,202.120616,8.667072,0.187582,8.500951,-0.259856,-0.143188,-0.503847,-19.981979,-0.026322,-0.008229,0.011875,1.000000,0.829246,0.076413,83460.992188,1.048297,0.000000,0.000000,1.000000,1.000000,1.000000,1.000000,1.000000,0.000000,0.000000,0.302515,0.000000
60.312753,4.000000,747.692078,-5.928145,699.994996,0.448438,0.000000,193.853455,193.574585,201.827598,8.671169,0.187651,8.499305,-0.248917,-0.137359,-0.504578,-20.131878,-0.031293,-0.008943,0.011457,1.000000,0.847035,0.074836,83460.992188,1.050344,0.000000,0.000000,1.000000,1.000000,1.000000,1.000000,1.000000,0.000000,0.000000,0.312581,0.000000
60.368392,4.000000,753.378906,-5.935812,699.994117,0.435133,0.000000,193.616486,193.022430,201.252224,8.664627,0.166118,8.257549,0.134345,0.074347,-0.506021,-20.280794,0.019761,-0.003956,0.035029,1.000000,0.863197,-0.226133,83460.992188,1.657187,1.000000,0.000000,1.000000,1.000000,1.000000,1.000000,1.000000,0.000000,0.000000,0.736437,0.000000
60.424146,4.000000,759.209290,-5.943517,700.011419,0.424573,0.000000,193.376480,192.676483,200.890467,8.654108,0.159081,8.122622,0.383649,0.212695,-0.506932,-20.433470,0.001135,0.001597,0.034746,1.000000,0.877680,-0.145613,83460.992188,1.313252,1.000000,0.000000,1.000000,1.000000,1.000000,1.000000,1.000000,0.000000,0.000000,0.959592,0.000000
60.479372,4.000000,764.866089,-5.950916,700.037301,0.406141,0.000000,193.137207,192.385223,200.586000,8.647876,0.151729,8.050909,0.507408,0.281733,-0.507701,-20.581600,-0.015509,-0.001419,0.032094,1.000000,0.890513,-0.087502,83460.992188,1.207861,1.000000,0.000000,1.000000,1.000000,1.000000,1.000000,1.000000,0.000000,0.000000,1.076030,0.000000
60.534390,4.000000,770.531311,-5.958297,700.068178,0.386915,0.000000,192.897873,192.090454,200.278107,8.644167,0.147869,8.006390,0.585196,0.325423,-0.508482,-20.729950,-0.029150,-0.004607,0.029692,1.000000,0.901959,-0.051378,83460.992188,1.134379,1.000000,0.000000,1.000000,1.000000,1.000000,1.000000,1.000000,0.000000,0.000000,1.147771,0.000000
60.590103,4.000000,776.254639,-5.965747,700.102322,0.408094,0.000000,192.654495,191.789230,199.963956,8.641964,0.147576,7.986493,0.622356,0.346630,-0.509281,-20.879822,-0.040524,-0.007370,0.027388,1.000000,0.912331,-0.030236,83460.992188,1.042835,1.000000,0.000000,1.000000,1.000000,1.000000,1.000000,1.000000,0.000000,0.000000,1.177777,0.070082
60.645726,4.000000,781.942322,-5.973174,700.136873,0.418958,0.000000,192.410355,191.486786,199.648959,8.640578,0.147404,7.987193,0.619433,0.345546,-0.510084,-21.028761,-0.049596,-0.006241,0.025530,1.000000,0.921591,-0.020513,83460.992188,1.023046,1.000000,0.000000,1.000000,1.000000,1.000000,1.000000,1.000000,0.000000,0.000000,1.172227,0.183127
60.698163,4.000000,787.312927,-5.980211,700.169107,0.421766,0.000000,192.178680,191.197449,199.347680,8.639561,0.144632,7.989755,0.612193,0.342024,-0.510855,-21.169397,-0.056446,-0.001910,0.024283,1.000000,0.929426,-0.018156,83460.992188,1.025453,1.000000,0.000000,1.000000,1.000000,1.000000,1.000000,1.000000,0.000000,0.000000,1.164074,0.000000
60.754426,4.000000,793.060608,-5.987754,700.203563,0.411329,0.000000,191.928436,190.883469,199.020582,8.638460,0.139647,7.985738,0.614547,0.343903,-0.511695,-21.319906,-0.062366,-0.000294,0.023203,1.000000,0.936962,-0.020301,83460.992188,1.050075,1.000000,0.000000,1.000000,1.000000,1.000000,1.000000,1.000000,0.000000,0.000000,1.167380,0.081130
60.805588,4.000000,798.312500,-5.994634,700.235212,0.414136,0.000000,191.697281,190.593231,198.718146,8.637274,0.135122,7.981221,0.620482,0.347753,-0.512473,-21.457434,-0.066778,-0.002098,0.022274,1.000000,0.943135,-0.024684,83460.992188,1.039607,1.000000,0.000000,1.000000,1.000000,1.000000,1.000000,1.000000,0.000000,0.000000,1.171560,0.185372
60.860301,4.000000,803.909790,-6.001950,700.269118,0.414686,0.000000,191.449966,190.281403,198.393391,8.635684,0.133828,7.980412,0.618854,0.347408,-0.513312,-21.604006,-0.070424,-0.007054,0.021108,1.000000,0.949049,-0.032025,83460.992188,1.032198,1.000000,0.000000,1.000000,1.000000,1.000000,1.000000,1.000000,0.000000,0.000000,1.168295,0.297009
60.914639,4.000000,809.440735,-6.009151,700.302930,0.406995,0.000000,191.201935,189.970474,198.069481,8.633695,0.135977,7.973723,0.625613,0.351777,-0.514152,-21.748838,-0.073291,-0.010226,0.019954,1.000000,0.954313,-0.039725,83460.992188,1.041913,1.000000,0.000000,1.000000,1.000000,1.000000,1.000000,1.000000,0.000000,0.000000,1.174808,0.003763
60.969686,4.000000,815.004028,-6.016354,700.337145,0.429822,0.000000,190.948105,189.656525,197.742516,8.631230,0.140926,7.977557,0.616593,0.347278,-0.515002,-21.894520,-0.075434,-0.012464,0.018822,1.000000,0.959091,-0.048141,83460.992188,0.998421,1.000000,0.000000,1.000000,1.000000,1.000000,1.000000,1.000000,0.000000,0.000000,1.161777,0.115619
61.025553,4.000000,820.645325,-6.023628,700.370788,0.458387,0.954751,190.687698,189.337250,197.410183,8.628266,0.146314,7.986721,0.594792,0.335563,-0.536896,-22.042244,-0.077381,-0.012363,0.017882,1.000000,0.963430,-0.056251,83460.992188,0.992690,0.000000,0.000000,1.000000,1.000000,1.000000,1.000000,1.000000,0.000000,0.000000,1.138428,0.225953
61.081122,4.000000,826.328247,-6.030916,700.402967,0.481641,1.061845,190.425842,189.014038,197.073756,8.624878,0.151553,7.996282,0.571035,0.322711,-0.540175,-22.191057,-0.079074,-0.012779,0.017065,1.000000,0.967289,-0.063893,83460.992188,0.990315,0.000000,0.000000,1.000000,1.000000,1.000000,1.000000,1.000000,0.000000,0.000000,1.113707,0.333047
61.136286,4.000000,831.897644,-6.038009,700.433565,0.514112,1.162583,190.162872,188.695770,196.742446,8.621115,0.156957,8.006258,0.546265,0.309233,-0.543310,-22.336899,-0.080486,-0.013377,0.016353,1.000000,0.970717,-0.070780,83460.992188,0.987281,0.000000,0.000000,1.000000,1.000000,1.000000,1.000000,1.000000,0.000000,0.000000,1.087680,0.199633
61.191115,4.000000,837.417236,-6.044975,700.462555,0.546461,1.257979,189.898468,188.378860,196.412560,8.617024,0.162601,8.016976,0.519751,0.294718,-0.546335,-22.481436,-0.081703,-0.014022,0.015725,1.000000,0.973769,-0.076602,83460.992188,0.984100,0.000000,0.000000,1.000000,1.000000,1.000000,1.000000,1.000000,0.000000,0.000000,1.059857,0.295028
61.247191,4.000000,843.093201,-6.052061,700.490631,0.558240,1.351089,189.624817,188.051529,196.071818,8.612539,0.168648,8.028602,0.490755,0.278760,-0.549348,-22.630068,-0.082772,-0.014675,0.015164,1.000000,0.976561,-0.081540,83460.992188,0.981980,0.000000,0.000000,1.000000,1.000000,1.000000,1.000000,1.000000,0.000000,0.000000,1.029799,0.388138
61.302474,4.000000,848.632813,-6.058891,700.516687,0.577894,1.436835,189.351929,187.730759,195.737897,8.607874,0.174847,8.040515,0.461311,0.262482,-0.552190,-22.775127,-0.083666,-0.015295,0.014677,1.000000,0.979022,-0.085467,83460.992188,0.979472,0.000000,0.000000,1.000000,1.000000,1.000000,1.000000,1.000000,0.000000,0.000000,0.999042,0.428143
61.358613,4.000000,854.257629,-6.065728,700.541412,0.614759,1.518429,189.071640,187.403763,195.397437,8.602945,0.181355,8.053495,0.429653,0.244896,-0.554968,-22.922421,-0.084481,-0.015917,0.014243,1.000000,0.981258,-0.088236,83460.992188,0.976029,0.000000,0.000000,1.000000,1.000000,1.000000,1.000000,1.000000,0.000000,0.000000,0.966027,0.509737
61.414539,4.000000,859.892151,-6.072465,700.564203,0.635877,1.594268,188.789276,187.074890,195.055019,8.597922,0.188031,8.067417,0.396008,0.226115,-0.557632,-23.069965,-0.085227,-0.016523,0.013866,1.000000,0.983248,-0.089770,83460.992188,0.973390,0.000000,0.000000,1.000000,1.000000,1.000000,1.000000,1.000000,0.000000,0.000000,0.931317,0.585577
61.469513,4.000000,865.393982,-6.078928,700.584736,0.654798,1.662327,188.508713,186.752853,194.719645,8.592923,0.194745,8.081800,0.361852,0.206968,-0.560112,-23.214037,-0.085822,-0.017092,0.013541,1.000000,0.984998,-0.090590,83460.992188,0.970935,0.000000,0.000000,1.000000,1.000000,1.000000,1.000000,1.000000,0.000000,0.000000,0.895983,0.653635
61.523454,4.000000,870.758850,-6.085109,700.603013,0.669324,1.722738,188.230591,186.439133,194.392932,8.587970,0.201457,8.096675,0.327204,0.187465,-0.562405,-23.354523,-0.086153,-0.017629,0.013256,1.000000,0.986537,-0.091450,83460.992188,0.968594,0.000000,0.000000,1.000000,1.000000,1.000000,1.000000,1.000000,0.000000,0.000000,0.860025,0.709285
61.576036,4.000000,876.041443,-6.091072,700.618982,0.675001,1.776233,187.956909,186.130722,194.071751,8.583102,0.208090,8.111880,0.291824,0.167472,-0.564534,-23.492853,-0.086262,-0.018134,0.013010,1.000000,0.987885,-0.092200,83460.992188,0.966529,0.000000,0.000000,1.000000,1.000000,1.000000,1.000000,1.000000,0.000000,0.000000,0.823794,0.762780
61.627093,4.000000,881.162354,-6.096728,700.632689,0.695753,1.822210,187.688751,185.832260,193.760907,8.578335,0.214590,8.127284,0.256436,0.147400,-0.566471,-23.626949,-0.086195,-0.018609,0.012797,1.000000,0.989065,-0.092699,83460.992188,0.963683,0.000000,0.000000,1.000000,1.000000,1.000000,1.000000,1.000000,0.000000,0.000000,0.787548,0.808757
61.681831,4.000000,886.559631,-6.102548,700.645340,0.706495,1.864131,187.398544,185.518372,193.433883,8.573211,0.221616,8.144587,0.217780,0.125392,-0.568371,-23.768284,-0.085974,-0.019104,0.012591,1.000000,0.990202,-0.092824,83460.992188,0.961381,0.000000,0.000000,1.000000,1.000000,1.000000,1.000000,1.000000,0.000000,0.000000,0.747430,0.850678
61.734222,4.000000,891.790405,-6.108043,700.655409,0.726636,1.898129,187.118423,185.214783,193.117581,8.568313,0.228380,8.162020,0.178922,0.103187,-0.570067,-23.905256,-0.085649,-0.019569,0.012418,1.000000,0.991180,-0.092403,83460.992188,0.958465,0.000000,0.000000,1.000000,1.000000,1.000000,1.000000,1.000000,0.000000,0.000000,0.707661,0.881458
61.785673,4.000000,896.862793,-6.113228,700.663288,0.740552,1.924617,186.841248,184.920898,192.811378,8.563539,0.235050,8.179893,0.140032,0.080887,-0.571570,-24.038082,-0.085313,-0.020011,0.012264,1.000000,0.992045,-0.091471,83460.992188,0.956144,0.000000,0.000000,1.000000,1.000000,1.000000,1.000000,1.000000,0.000000,1.000000,0.667494,0.907946
61.838804,4.000000,902.098999,-6.118425,700.669274,0.754591,1.945027,186.552902,184.618164,192.495848,8.558663,0.241953,8.199051,0.098780,0.057152,-0.572967,-24.175198,-0.086706,-0.020468,0.012122,1.000000,0.992850,-0.090603,83460.992188,0.954909,0.000000,0.000000,1.000000,1.000000,1.000000,1.000000,1.000000,0.000000,1.000000,0.625038,0.928356
61.895655,4.000000,907.709778,-6.123811,700.673230,0.751966,1.958921,186.242020,184.294006,192.157983,8.553428,0.249360,8.219542,0.054457,0.031563,-0.574289,-24.322123,-0.090530,-0.020963,0.011988,1.000000,0.993621,-0.092203,83460.992188,0.956248,0.000000,0.000000,1.000000,1.000000,1.000000,1.000000,1.000000,0.000000,1.000000,0.579745,0.942250
61.947635,4.000000,912.886963,-6.128606,700.674683,0.742628,1.964526,185.956024,183.994934,191.846174,8.548455,0.256160,8.237448,0.014636,0.008497,-0.575350,-24.457693,-0.095735,-0.021419,0.011878,1.000000,0.994252,-0.097897,83460.992188,0.959235,0.000000,0.000000,1.000000,1.000000,1.000000,1.000000,1.000000,0.000000,1.000000,0.539581,0.951891
62.000214,4.000000,918.022156,-6.133191,700.674121,0.753065,1.963441,185.665039,183.698044,191.536605,8.542973,0.263065,8.254296,-0.023380,-0.013595,-0.576255,-24.592163,-0.102372,-0.021897,0.011774,1.000000,0.994828,-0.108946,83460.992188,0.961795,0.000000,0.000000,1.000000,1.000000,1.000000,1.000000,1.000000,0.000000,1.000000,0.500480,0.950806
62.054600,4.000000,923.374268,-6.137781,700.671478,0.753858,1.955500,185.362305,183.388184,191.213497,8.536511,0.270249,8.269962,-0.061330,-0.035722,-0.577048,-24.732313,-0.110422,-0.022405,0.011677,1.000000,0.995363,-0.126846,83460.992188,0.965477,0.000000,0.000000,1.000000,1.000000,1.000000,1.000000,1.000000,0.000000,1.000000,0.461836,0.942865
62.107782,4.000000,928.497070,-6.141986,700.666962,0.731885,1.941657,185.064529,183.091156,190.903690,8.529051,0.277325,8.282951,-0.095699,-0.055831,-0.577669,-24.866459,-0.119217,-0.022903,0.011585,1.000000,0.995832,-0.151321,83460.992188,0.970328,0.000000,0.000000,1.000000,1.000000,1.000000,1.000000,1.000000,0.000000,1.000000,0.426210,0.935981
62.163523,4.000000,933.991272,-6.146288,700.660330,0.729993,1.920460,184.750977,182.771973,190.570764,8.519599,0.284781,8.293460,-0.129912,-0.075924,-0.578194,-25.010330,-0.129153,-0.023420,0.011498,1.000000,0.996274,-0.184839,83460.992188,0.974523,0.000000,0.000000,1.000000,1.000000,1.000000,1.000000,1.000000,0.000000,1.000000,0.391513,0.914784
62.215435,4.000000,939.055481,-6.150055,700.652527,0.727491,1.895479,184.458038,182.477219,190.263286,8.508910,0.291759,8.300255,-0.159475,-0.093351,-0.578558,-25.142942,-0.138884,-0.023908,0.011422,1.000000,0.996642,-0.223301,83460.992188,0.978110,0.000000,0.000000,1.000000,1.000000,1.000000,1.000000,1.000000,0.000000,1.000000,0.361199,0.889802
62.265644,4.000000,943.993835,-6.153541,700.643584,0.709669,1.866371,184.173950,182.189285,189.962867,8.496494,0.298543,8.303662,-0.186432,-0.109304,-0.578807,-25.272259,-0.148570,-0.024371,0.011353,1.000000,0.996964,-0.267115,83460.992188,0.982197,0.000000,0.000000,1.000000,1.000000,1.000000,1.000000,1.000000,0.000000,1.000000,0.333821,0.860695
62.321944,4.000000,949.467163,-6.157179,700.632041,0.701368,1.829001,183.854599,181.869598,189.629318,8.479737,0.306171,8.303432,-0.214107,-0.125750,-0.578968,-25.415583,-0.159577,-0.024876,0.011279,1.000000,0.997289,-0.323738,83460.992188,0.985600,0.000000,0.000000,1.000000,1.000000,1.000000,1.000000,1.000000,0.000000,1.000000,0.305295,0.794051
62.378273,4.000000,954.958862,-6.160588,700.618996,0.684095,1.786428,183.534515,181.548309,189.294107,8.459560,0.313821,8.298833,-0.240163,-0.141303,-0.579015,-25.559389,-0.170586,-0.025374,0.011208,1.000000,0.997578,-0.387808,83460.992188,0.988731,0.000000,0.000000,1.000000,1.000000,1.000000,1.000000,1.000000,0.000000,1.000000,0.278488,0.751479
62.432780,4.000000,960.278137,-6.163650,700.605038,0.665113,1.740619,183.224457,181.236801,188.969056,8.436404,0.321217,8.289888,-0.263852,-0.155508,-0.578957,-25.698679,-0.181053,-0.025833,0.011146,1.000000,0.997829,-0.456439,83460.992188,0.991221,0.000000,0.000000,1.000000,1.000000,1.000000,1.000000,1.000000,0.000000,1.000000,0.254096,0.705669
62.487700,4.000000,965.598389,-6.166470,700.589721,0.642103,1.690523,182.911896,180.925003,188.643692,8.409115,0.328647,8.276241,-0.286315,-0.169038,-0.578801,-25.837996,-0.191258,-0.026269,0.011090,1.000000,0.998056,-0.531575,83460.992188,0.993050,0.000000,0.000000,1.000000,1.000000,1.000000,1.000000,1.000000,0.000000,1.000000,0.230749,0.655573
62.542914,4.000000,970.944336,-6.169054,700.573103,0.645338,1.636029,182.597702,180.611618,188.316683,8.377355,0.336067,8.257993,-0.308343,-0.182359,-0.578548,-25.977985,-0.201042,-0.026697,0.011037,1.000000,0.998260,-0.612345,83460.992188,0.992500,0.000000,0.000000,1.000000,1.000000,1.000000,1.000000,1.000000,0.000000,1.000000,0.207702,0.595351
62.597995,4.000000,976.279846,-6.171376,700.555305,0.632398,1.577471,182.284576,180.298935,187.990371,8.341104,0.343424,8.235452,-0.330664,-0.195900,-0.578198,-26.117701,-0.210190,-0.027110,0.010989,1.000000,0.998442,-0.697302,83460.992188,0.991792,0.000000,0.000000,1.000000,1.000000,1.000000,1.000000,1.000000,0.000000,1.000000,0.184404,0.536793
62.653025,4.000000,981.558472,-6.173415,700.536283,0.617750,1.515352,181.972305,179.989944,187.667840,8.300099,0.350702,8.208485,-0.353234,-0.209631,-0.577753,-26.255926,-0.218553,-0.027489,0.010945,1.000000,0.998605,-0.785818,83460.992188,0.990264,0.000000,0.000000,1.000000,1.000000,1.000000,1.000000,1.000000,0.000000,1.000000,0.160627,0.474673
62.708353,4.000000,986.872070,-6.175203,700.515873,0.590833,1.448479,181.659103,179.679413,187.343708,8.253874,0.357917,8.176871,-0.376719,-0.223955,-0.577200,-26.395069,-0.226020,-0.027824,0.010908,1.000000,0.998752,-0.877654,83460.992188,0.988319,0.000000,0.000000,1.000000,1.000000,1.000000,1.000000,1.000000,0.000000,1.000000,0.135968,0.407800
62.761949,4.000000,992.117920,-6.176700,700.494825,0.564832,1.378012,181.356735,179.373657,187.024529,8.204201,0.364769,8.142073,-0.401042,-0.238821,-0.576547,-26.532436,-0.232217,-0.028104,0.010881,1.000000,0.998879,-0.968448,83460.992188,0.985391,0.000000,0.000000,1.000000,1.000000,1.000000,1.000000,1.000000,0.000000,1.000000,0.110949,0.384615
62.812543,4.000000,996.961304,-6.177843,700.473733,0.538282,1.308796,181.072510,179.092239,186.730739,8.152828,0.371093,8.105764,-0.425120,-0.253558,-0.575843,-26.659266,-0.237030,-0.028337,0.010861,1.000000,0.998987,-1.054903,83460.992188,0.981597,0.000000,0.000000,1.000000,1.000000,1.000000,1.000000,1.000000,0.000000,1.000000,0.085693,0.315399
62.863538,4.000000,1001.823730,-6.178752,700.451186,0.487562,1.234997,180.787247,178.810883,186.436935,8.096616,0.377288,8.065651,-0.450821,-0.269310,-0.575029,-26.786592,-0.240727,-0.028507,0.010852,1.000000,0.999086,-1.142101,83460.992188,0.978366,0.000000,0.000000,1.000000,1.000000,1.000000,1.000000,1.000000,0.000000,1.000000,0.058782,0.241600
62.918428,4.000000,1007.052307,-6.179189,700.432550,0.438489,0.000000,180.481750,178.492462,186.106337,8.031327,0.306175,7.818398,-0.216981,-0.129850,-0.547200,-26.923508,-0.245702,0.082211,0.018576,1.000000,0.999181,-1.225132,83460.992188,2.013740,1.000000,0.000000,1.000000,1.000000,1.000000,1.000000,1.000000,0.000000,1.000000,0.361332,0.000000
62.973834,4.000000,1012.345398,-6.178154,700.436296,0.426588,0.000000,180.176895,178.160202,185.760033,7.960881,0.260168,7.528130,0.185467,0.111198,-0.548220,-27.062113,-0.251048,0.009400,0.018907,1.000000,0.999267,-1.313532,83460.992188,1.477681,1.000000,0.000000,1.000000,1.000000,1.000000,1.000000,1.000000,0.000000,1.000000,0.726303,0.000000
63.029144,4.000000,1017.517212,-6.175981,700.453775,0.424085,0.000000,179.877365,177.848404,185.434018,7.885386,0.248281,7.351098,0.367354,0.220637,-0.549184,-27.197542,-0.254979,-0.006407,0.018876,1.000000,0.999344,-1.408267,83460.992188,1.247950,1.000000,0.000000,1.000000,1.000000,1.000000,1.000000,1.000000,0.000000,1.000000,0.893777,0.013579
63.084886,4.000000,1022.879761,-6.172922,700.478067,0.410596,0.000000,179.581711,177.530975,185.102440,7.804042,0.243052,7.215877,0.465179,0.279891,-0.550167,-27.337967,-0.257264,-0.009546,0.018794,1.000000,0.999413,-1.503148,83460.992188,1.138674,1.000000,0.000000,1.000000,1.000000,1.000000,1.000000,1.000000,0.000000,1.000000,0.981617,0.090973
63.141596,4.000000,1028.278076,-6.169199,700.506188,0.398145,0.000000,179.286636,177.215775,184.773607,7.715934,0.238652,7.104237,0.507738,0.306041,-0.551146,-27.479326,-0.257280,-0.008607,0.018775,1.000000,0.999477,-1.596726,83460.992188,1.082515,1.000000,0.000000,1.000000,1.000000,1.000000,1.000000,1.000000,0.000000,1.000000,1.018833,0.000000
63.195937,4.000000,1033.453369,-6.165108,700.534713,0.391248,0.000000,179.009109,176.916183,184.461191,7.626669,0.236252,7.000081,0.533461,0.322090,-0.552080,-27.614847,-0.254887,-0.011584,0.018543,1.000000,0.999531,-1.681469,83460.992188,1.052560,1.000000,0.000000,1.000000,1.000000,1.000000,1.000000,1.000000,0.000000,1.000000,1.041735,0.000000
63.247207,4.000000,1038.270020,-6.160856,700.562319,0.386915,0.000000,178.751373,176.639984,184.173378,7.538374,0.231902,6.907678,0.540260,0.326705,-0.552943,-27.740974,-0.250371,-0.005335,0.018705,1.000000,0.999577,-1.755368,83460.992188,1.041116,1.000000,0.000000,1.000000,1.000000,1.000000,1.000000,1.000000,0.000000,1.000000,1.046819,0.072130
63.300706,4.000000,1043.394775,-6.155876,700.591304,0.392225,0.000000,178.486877,176.348724,183.869934,7.442438,0.223172,6.812061,0.540667,0.327491,-0.553855,-27.875172,-0.243699,-0.003968,0.018966,1.000000,0.999620,-1.824452,83460.992188,1.012633,1.000000,0.000000,1.000000,1.000000,1.000000,1.000000,1.000000,0.000000,1.000000,1.044445,0.167585
63.354016,4.000000,1048.408081,-6.150564,700.619555,0.406446,0.000000,178.227249,176.067078,183.576708,7.343425,0.217269,6.725298,0.522099,0.316749,-0.554740,-28.006451,-0.237134,-0.007424,0.018912,1.000000,0.999658,-1.884096,83460.992188,0.973515,1.000000,0.000000,1.000000,1.000000,1.000000,1.000000,1.000000,0.000000,1.000000,1.022488,0.000000
63.407784,4.000000,1053.455200,-6.144803,700.646531,0.420911,0.000000,177.969055,175.786499,183.284728,7.240600,0.213970,6.639991,0.491542,0.298686,-0.555623,-28.138615,-0.230837,-0.007941,0.018783,1.000000,0.999693,-1.935460,83460.992188,0.991332,1.000000,0.000000,1.000000,1.000000,1.000000,1.000000,1.000000,0.000000,1.000000,0.991985,0.000000
63.461134,4.000000,1058.457764,-6.138639,700.672250,0.407178,0.000000,177.716248,175.509781,182.996515,7.136055,0.207955,6.540750,0.479880,0.292059,-0.556498,-28.269611,-0.224834,-0.003546,0.018946,1.000000,0.999724,-1.979235,83460.992188,1.022789,1.000000,0.000000,1.000000,1.000000,1.000000,1.000000,1.000000,0.000000,1.000000,0.981599,0.001872
63.515889,4.000000,1063.611572,-6.131735,700.698464,0.392347,0.000000,177.460083,175.226395,182.701302,7.026532,0.200817,6.431283,0.478716,0.291821,-0.557397,-28.404570,-0.219121,-0.003393,0.019046,1.000000,0.999753,-2.017161,83460.992188,1.027719,1.000000,0.000000,1.000000,1.000000,1.000000,1.000000,1.000000,0.000000,1.000000,0.979795,0.087264
63.570262,4.000000,1068.691650,-6.124337,700.724583,0.384717,0.000000,177.208954,174.949066,182.412288,6.915907,0.191886,6.318212,0.481942,0.294253,-0.558281,-28.537596,-0.213986,0.000966,0.019338,1.000000,0.999778,-2.048223,83460.992188,1.025126,1.000000,0.000000,1.000000,1.000000,1.000000,1.000000,1.000000,0.000000,1.000000,0.982082,0.000000
63.624851,4.000000,1073.829346,-6.116240,700.750718,0.388746,0.000000,176.959991,174.671005,182.122681,6.803336,0.180153,6.208447,0.476543,0.291420,-0.559168,-28.672131,-0.209419,0.001886,0.019667,1.000000,0.999801,-2.073071,83460.992188,1.026559,1.000000,0.000000,1.000000,1.000000,1.000000,1.000000,1.000000,0.000000,1.000000,0.975729,0.000000
63.680315,4.000000,1078.946045,-6.107545,700.777160,0.384778,0.000000,176.710205,174.395782,181.835891,6.687719,0.171468,6.092487,0.476645,0.291941,-0.560050,-28.806118,-0.205178,-0.004148,0.019634,1.000000,0.999822,-2.093431,83460.992188,1.019939,1.000000,0.000000,1.000000,1.000000,1.000000,1.000000,1.000000,0.000000,1.000000,0.974571,0.041719
63.735712,4.000000,1084.154541,-6.098029,700.803217,0.382093,0.000000,176.463867,174.117813,181.546388,6.571272,0.169608,5.983661,0.465417,0.285519,-0.560943,-28.942507,-0.201549,-0.010721,0.019201,1.000000,0.999841,-2.108110,83460.992188,0.991469,1.000000,0.000000,1.000000,1.000000,1.000000,1.000000,1.000000,0.000000,1.000000,0.960570,0.000000
63.789982,4.000000,1089.241455,-6.088089,700.828000,0.367933,0.000000,176.225418,173.847076,181.264433,6.456564,0.170951,5.873329,0.454685,0.279369,-0.561816,-29.075712,-0.198461,-0.010665,0.018785,1.000000,0.999857,-2.117866,83460.992188,1.038872,1.000000,0.000000,1.000000,1.000000,1.000000,1.000000,1.000000,0.000000,1.000000,0.951978,0.000000
63.844942,4.000000,1094.309937,-6.077458,700.853385,0.347120,0.000000,175.986694,173.577805,180.983754,6.339911,0.171040,5.748937,0.466072,0.286810,-0.562687,-29.208435,-0.195525,-0.008493,0.018935,1.000000,0.999872,-2.125754,83460.992188,1.046041,1.000000,0.000000,1.000000,1.000000,1.000000,1.000000,1.000000,0.000000,1.000000,0.963045,0.000000
63.899763,4.000000,1099.430176,-6.065899,700.879306,0.357984,0.000000,175.751282,173.307343,180.701888,6.223197,0.169469,5.627213,0.475125,0.292837,-0.563565,-29.342514,-0.193028,-0.006533,0.019227,1.000000,0.999886,-2.130888,83460.992188,1.020837,1.000000,0.000000,1.000000,1.000000,1.000000,1.000000,1.000000,0.000000,1.000000,0.969630,0.000000
63.955244,4.000000,1104.554565,-6.053535,700.904840,0.380323,2.688776,175.515732,173.040787,180.424635,6.104927,0.160020,5.551397,0.430745,0.265892,-0.629220,-29.476702,-0.191736,0.005128,0.020025,1.000000,0.999897,-2.128768,83460.992188,0.647927,0.000000,0.000000,1.000000,1.000000,1.000000,1.000000,1.000000,0.000000,1.000000,0.899222,0.000000
64.009984,4.000000,1109.596313,-6.041009,700.921184,0.426343,2.746490,175.285675,172.788559,180.163161,5.988717,0.155623,5.559185,0.230829,0.142695,-0.631526,-29.608725,-0.191434,-0.010003,0.019868,1.000000,0.999908,-2.117426,83460.992188,0.645116,0.000000,0.000000,1.000000,1.000000,1.000000,1.000000,1.000000,0.000000,1.000000,0.697313,0.000000
64.065711,4.000000,1114.753662,-6.028010,700.926463,0.441236,2.768489,175.052917,172.533203,179.897490,5.871076,0.159758,5.569180,0.024516,0.015178,-0.632990,-29.743774,-0.189924,-0.015684,0.019435,1.000000,0.999918,-2.104725,83460.992188,0.642248,0.000000,0.000000,1.000000,1.000000,1.000000,1.000000,1.000000,0.000000,1.000000,0.490256,0.000000
64.121014,4.000000,1119.893677,-6.014866,700.920311,0.439039,2.752761,174.822952,172.281509,179.634696,5.755084,0.166772,5.580777,-0.182445,-0.113116,-0.633535,-29.878370,-0.187461,-0.017721,0.018947,1.000000,0.999926,-2.090266,83460.992188,0.644293,1.000000,0.000000,1.000000,1.000000,1.000000,1.000000,1.000000,0.000000,1.000000,0.283937,0.000000
64.176477,4.000000,1124.989868,-6.001599,700.903804,0.442213,0.000000,174.592911,172.032394,179.373919,5.639540,0.167026,5.563518,-0.346706,-0.215270,-0.567737,-30.011820,-0.183217,0.000973,0.019298,1.000000,0.999934,-2.077104,83460.992188,0.748008,1.000000,0.000000,1.000000,1.000000,1.000000,1.000000,1.000000,0.000000,1.000000,0.125276,0.000000
64.231277,4.000000,1130.024292,-5.988077,700.880638,0.434949,0.000000,174.365906,171.785400,179.115351,5.526100,0.144126,5.501350,-0.444231,-0.276221,-0.568556,-30.143650,-0.178450,0.014007,0.020784,1.000000,0.999941,-2.064576,83460.992188,0.973892,1.000000,0.000000,1.000000,1.000000,1.000000,1.000000,1.000000,0.000000,1.000000,0.042256,0.000000
64.286604,4.000000,1135.155640,-5.973585,700.855424,0.424512,0.000000,174.137207,171.530960,178.849695,5.412179,0.129299,5.396120,-0.459464,-0.286117,-0.569401,-30.278019,-0.173619,0.005670,0.021370,1.000000,0.999947,-2.053570,83460.992188,0.997308,1.000000,0.000000,1.000000,1.000000,1.000000,1.000000,1.000000,0.000000,1.000000,0.027971,0.000000
64.338604,4.000000,1139.871704,-5.959538,700.831264,0.419324,0.000000,173.922836,171.298019,178.606581,5.305728,0.118474,5.292873,-0.465477,-0.290256,-0.570176,-30.401514,-0.169928,0.006643,0.021856,1.000000,0.999952,-2.041178,83460.992188,1.018764,1.000000,0.000000,1.000000,1.000000,1.000000,1.000000,1.000000,0.000000,1.000000,0.022595,0.000000
64.393727,4.000000,1144.938843,-5.943635,700.805698,0.407972,0.000000,173.696808,171.048615,178.346308,5.193630,0.107559,5.178352,-0.461644,-0.288286,-0.571008,-30.534203,-0.166860,0.004015,0.022216,1.000000,0.999957,-2.026591,83460.992188,1.029466,1.000000,0.000000,1.000000,1.000000,1.000000,1.000000,1.000000,0.000000,1.000000,0.026239,0.000000
64.447904,4.000000,1149.900391,-5.927218,700.781037,0.387220,0.000000,173.475937,170.805115,178.092353,5.084256,0.100128,5.060575,-0.449668,-0.281208,-0.571822,-30.664125,-0.164779,0.001216,0.022353,1.000000,0.999961,-2.012042,83460.992188,1.060406,1.000000,0.000000,1.000000,1.000000,1.000000,1.000000,1.000000,0.000000,1.000000,0.039492,0.000000
64.501050,4.000000,1154.816284,-5.910090,700.757835,0.379468,0.000000,173.260681,170.560608,177.837375,4.977743,0.092709,4.942442,-0.430057,-0.269330,-0.572642,-30.792852,-0.174888,0.004688,0.022582,1.000000,0.999965,-1.996957,83460.992188,1.058398,1.000000,0.000000,1.000000,1.000000,1.000000,1.000000,1.000000,0.000000,1.000000,0.057847,0.000000
64.555613,4.000000,1159.695923,-5.892240,700.735162,0.356885,0.000000,173.041214,170.300491,177.566172,4.869217,0.082613,4.819754,-0.407445,-0.255558,-0.573516,-30.920631,-0.200642,0.005306,0.022952,1.000000,0.999969,-1.982124,83460.992188,1.061356,1.000000,0.000000,1.000000,1.000000,1.000000,1.000000,1.000000,0.000000,1.000000,0.080150,0.000000
64.612449,4.000000,1164.878540,-5.872375,700.712942,0.356214,0.000000,172.814056,169.991119,177.243627,4.756975,0.073174,4.692938,-0.382666,-0.240453,-0.574560,-31.056343,-0.239151,0.006455,0.023381,1.000000,0.999972,-1.968410,83460.992188,1.051756,1.000000,0.000000,1.000000,1.000000,1.000000,1.000000,1.000000,0.000000,1.000000,0.103024,0.000000
64.667711,4.000000,1169.958252,-5.852049,700.692526,0.356153,0.000000,172.594162,169.645645,176.883383,4.648556,0.064402,4.571343,-0.361358,-0.227527,-0.575730,-31.189360,-0.283403,0.005805,0.023869,1.000000,0.999975,-1.956245,83460.992188,1.063430,1.000000,0.000000,1.000000,1.000000,1.000000,1.000000,1.000000,0.000000,1.000000,0.123583,0.000000
64.722715,4.000000,1174.939087,-5.831346,700.673353,0.352552,0.000000,172.375168,169.261765,176.483111,4.541320,0.055758,4.453132,-0.342404,-0.216082,-0.577035,-31.319788,-0.329908,0.006619,0.024493,1.000000,0.999978,-1.943268,83460.992188,1.054495,1.000000,0.000000,1.000000,1.000000,1.000000,1.000000,1.000000,0.000000,1.000000,0.140543,0.000000
64.779275,4.000000,1180.030151,-5.809454,700.654476,0.346570,0.000000,172.148590,168.823639,176.026218,4.431882,0.048964,4.335852,-0.329124,-0.208240,-0.578533,-31.453102,-0.375846,0.000766,0.025041,1.000000,0.999980,-1.927170,83460.992188,1.056463,1.000000,0.000000,1.000000,1.000000,1.000000,1.000000,1.000000,0.000000,1.000000,0.152450,0.000000
64.833422,4.000000,1184.930176,-5.787720,700.637346,0.334058,0.000000,171.928680,168.362015,175.544884,4.328043,0.047579,4.218508,-0.308172,-0.195519,-0.580119,-31.581413,-0.413499,-0.000791,0.025435,1.000000,0.999982,-1.909884,83460.992188,1.078963,1.000000,0.000000,1.000000,1.000000,1.000000,1.000000,1.000000,0.000000,1.000000,0.173279,0.000000
64.889199,4.000000,1189.975708,-5.764673,700.621132,0.326429,0.000000,171.697968,167.856339,175.017650,4.222049,0.045235,4.096369,-0.281271,-0.178989,-0.581867,-31.713535,-0.441046,-0.000620,0.025929,1.000000,0.999984,-1.891611,83460.992188,1.072235,1.000000,0.000000,1.000000,1.000000,1.000000,1.000000,1.000000,0.000000,1.000000,0.198078,0.000000
64.944800,4.000000,1194.943604,-5.741348,700.606134,0.331190,0.000000,171.461975,167.342758,174.482140,4.117414,0.043300,3.982363,-0.264606,-0.168901,-0.583652,-31.843624,-0.452487,0.000260,0.026355,1.000000,0.999986,-1.873745,83460.992188,1.056980,1.000000,0.000000,1.000000,1.000000,1.000000,1.000000,1.000000,0.000000,1.000000,0.212104,0.000000
64.999277,4.000000,1199.848145,-5.717735,700.591997,0.342725,0.000000,171.223633,166.834869,173.952519,4.015778,0.040870,3.878287,-0.258255,-0.165349,-0.585429,-31.972055,-0.456024,-0.000163,0.026689,1.000000,0.999987,-1.858853,83460.992188,1.029788,1.000000,0.000000,1.000000,1.000000,1.000000,1.000000,1.000000,0.000000,1.000000,0.215235,0.000000
65.052646,4.000000,1204.647827,-5.694089,700.578121,0.343885,0.000000,170.982330,166.339966,173.436348,3.916926,0.039290,3.783283,-0.261815,-0.168127,-0.587172,-32.097740,-0.459353,-0.000715,0.026884,1.000000,0.999988,-1.846619,83460.992188,1.002671,1.000000,0.000000,1.000000,1.000000,1.000000,1.000000,1.000000,0.000000,1.000000,0.208584,0.000000
65.105570,4.000000,1209.311035,-5.670630,700.563785,0.345655,0.000000,170.734726,165.861145,172.936906,3.819489,0.036187,3.694630,-0.275239,-0.177258,-0.588867,-32.219849,-0.462412,0.001931,0.027132,1.000000,0.999989,-1.836733,83460.992188,1.015785,1.000000,0.000000,1.000000,1.000000,1.000000,1.000000,1.000000,0.000000,1.000000,0.194295,0.000000
65.162197,4.000000,1214.274414,-5.645125,700.548034,0.334363,0.000000,170.459946,165.352707,172.406617,3.715672,0.034317,3.592978,-0.278489,-0.179903,-0.590678,-32.349819,-0.464959,-0.002619,0.027236,1.000000,0.999990,-1.830976,83460.992188,1.025285,1.000000,0.000000,1.000000,1.000000,1.000000,1.000000,1.000000,0.000000,1.000000,0.190310,0.000000
65.216040,4.000000,1219.064331,-5.619969,700.532865,0.330457,0.000000,170.189316,164.863907,171.896794,3.617191,0.036102,3.498335,-0.283494,-0.183679,-0.592430,-32.475250,-0.467091,-0.004789,0.027114,1.000000,0.999991,-1.827789,83460.992188,1.027750,1.000000,0.000000,1.000000,1.000000,1.000000,1.000000,1.000000,0.000000,1.000000,0.183850,0.000000
65.271715,4.000000,1223.943237,-5.593674,700.521056,0.311353,0.000000,169.899567,164.355042,171.366891,3.514761,0.052370,3.240776,-0.099647,-0.064762,-0.594262,-32.603008,-0.461610,-0.019348,0.026697,1.000000,0.999992,-1.868512,83460.992188,1.803618,1.000000,0.000000,1.000000,1.000000,1.000000,1.000000,1.000000,0.000000,1.000000,0.422052,0.000000
65.326461,4.000000,1228.791504,-5.566098,700.527971,0.282789,0.000000,169.605347,163.841858,170.831411,3.410881,0.054436,2.949012,0.219414,0.143047,-0.596124,-32.729965,-0.456226,0.000247,0.027031,1.000000,0.999993,-1.917299,83460.992188,1.400203,1.000000,0.000000,1.000000,1.000000,1.000000,1.000000,1.000000,0.000000,1.000000,0.708815,0.000000
65.377811,4.000000,1233.329102,-5.539264,700.544495,0.287733,0.000000,169.321564,163.372253,170.340971,3.311781,0.050449,2.764902,0.363624,0.237747,-0.597841,-32.848785,-0.456666,0.001264,0.027206,1.000000,0.999994,-1.938383,83460.992188,1.188588,1.000000,0.000000,1.000000,1.000000,1.000000,1.000000,1.000000,0.000000,1.000000,0.836710,0.000000
65.430097,4.000000,1237.870605,-5.511672,700.565849,0.288221,0.000000,169.024933,162.907745,169.856256,3.210111,0.046277,2.624804,0.427017,0.279991,-0.599547,-32.967709,-0.459375,0.002392,0.027210,1.000000,0.999995,-1.949009,83460.992188,1.091980,1.000000,0.000000,1.000000,1.000000,1.000000,1.000000,1.000000,0.000000,1.000000,0.892844,0.000000
65.484521,4.000000,1242.588867,-5.482358,700.590010,0.295667,0.000000,168.707977,162.428635,169.356665,3.103828,0.041393,2.505225,0.449490,0.295596,-0.601315,-33.091263,-0.462854,0.003130,0.027132,1.000000,0.999996,-1.956015,83460.992188,1.038867,1.000000,0.000000,1.000000,1.000000,1.000000,1.000000,1.000000,0.000000,1.000000,0.910352,0.000000
65.540240,4.000000,1247.428589,-5.451666,700.615473,0.294385,0.000000,168.375122,161.939102,168.846308,2.994577,0.037104,2.386930,0.461679,0.304529,-0.603133,-33.217995,-0.465713,0.000531,0.026962,1.000000,0.999996,-1.965484,83460.992188,1.041251,1.000000,0.000000,1.000000,1.000000,1.000000,1.000000,1.000000,0.000000,1.000000,0.921261,0.000000
65.594806,4.000000,1252.158325,-5.421070,700.640988,0.278577,0.000000,168.041367,161.462326,168.349299,2.887000,0.036551,2.273107,0.470585,0.311320,-0.604913,-33.341846,-0.467763,-0.001786,0.026602,1.000000,0.999996,-1.977079,83460.992188,1.029120,1.000000,0.000000,1.000000,1.000000,1.000000,1.000000,1.000000,0.000000,1.000000,0.927980,0.000000
65.648435,4.000000,1256.813721,-5.390381,700.666297,0.282789,0.000000,167.705978,160.994888,167.862107,2.780622,0.036457,2.165740,0.472021,0.313176,-0.606669,-33.463753,-0.469236,-0.002849,0.026208,1.000000,0.999996,-1.989396,83460.992188,1.008961,1.000000,0.000000,1.000000,1.000000,1.000000,1.000000,1.000000,0.000000,1.000000,0.926794,0.000000
65.700707,4.000000,1261.300049,-5.360287,700.690680,0.275770,0.000000,167.372406,160.546402,167.394743,2.676302,0.037321,2.066903,0.463288,0.308240,-0.608362,-33.581230,-0.470226,-0.002611,0.025771,1.000000,0.999996,-2.001524,83460.992188,1.000849,1.000000,0.000000,1.000000,1.000000,1.000000,1.000000,1.000000,0.000000,1.000000,0.915972,0.000000
65.753876,4.000000,1265.857056,-5.329200,700.715090,0.267469,0.000000,167.026672,160.092178,166.921387,2.569467,0.037164,1.962501,0.457664,0.305362,-0.610087,-33.700562,-0.470283,-0.003242,0.025385,1.000000,0.999996,-2.016571,83460.992188,1.010072,1.000000,0.000000,1.000000,1.000000,1.000000,1.000000,1.000000,0.000000,1.000000,0.909726,0.000000
65.807689,4.000000,1270.432495,-5.297455,700.739548,0.274854,0.000000,166.670395,159.605881,166.414575,2.459773,0.037876,1.854941,0.453240,0.303331,-0.611945,-33.820374,-0.454053,-0.001761,0.025129,1.000000,0.999996,-2.118355,83460.992188,1.017510,1.000000,0.000000,1.000000,1.000000,1.000000,1.000000,1.000000,0.306264,1.000000,0.903564,0.000000
65.861692,4.000000,1275.059692,-5.264842,700.763538,0.278333,0.000000,166.305954,158.878357,165.656373,2.335619,0.033353,1.742223,0.437382,0.294058,-0.614746,-33.941540,-0.391623,0.005458,0.025582,1.000000,0.999996,-2.450581,83460.992188,0.967192,1.000000,0.000000,1.000000,1.000000,1.000000,1.000000,1.000000,0.310044,1.000000,0.882422,0.000000
65.915331,4.000000,1279.569702,-5.232583,700.785799,0.272779,0.000000,165.935135,158.172775,164.921158,2.195958,0.025596,1.624966,0.403366,0.272398,-0.617486,-34.059639,-0.332832,0.007925,0.026103,1.000000,0.999996,-2.731658,83460.992188,0.956184,1.000000,0.000000,1.000000,1.000000,1.000000,1.000000,1.000000,0.313799,1.000000,0.845235,0.000000
65.968651,4.000000,1284.111328,-5.199603,700.805969,0.262891,0.000000,165.556152,157.464310,164.182932,2.043505,0.018473,1.497496,0.364934,0.247553,-0.620262,-34.178566,-0.277901,0.005031,0.026536,1.000000,0.999996,-2.964636,83460.992188,0.948334,1.000000,0.000000,1.000000,1.000000,1.000000,1.000000,1.000000,0.317531,1.000000,0.804604,0.000000
66.021398,4.000000,1288.539551,-5.166929,700.823959,0.254835,0.000000,165.169952,156.774475,163.464090,1.881702,0.012508,1.357865,0.329878,0.224757,-0.622990,-34.294521,-0.227292,0.006632,0.026864,1.000000,0.999996,-3.151855,83460.992188,0.962723,1.000000,0.000000,1.000000,1.000000,1.000000,1.000000,1.000000,0.321223,1.000000,0.768494,0.000000
66.075282,4.000000,1293.030518,-5.133224,700.840705,0.249158,0.000000,164.763031,156.074799,162.734867,1.707418,0.006417,1.201328,0.302226,0.206840,-0.625781,-34.412125,-0.179791,0.005078,0.027180,1.000000,0.999996,-3.300858,83460.992188,0.965838,1.000000,0.000000,1.000000,1.000000,1.000000,1.000000,1.000000,0.324995,1.000000,0.739078,0.000000
66.132285,4.000000,1297.763428,-5.097034,700.856940,0.230787,0.000000,164.318207,155.336639,161.965483,1.515605,0.002677,1.024631,0.277454,0.190788,-0.628754,-34.536060,-0.134381,0.003380,0.027374,1.000000,0.999996,-3.415234,83460.992188,0.987654,1.000000,0.000000,1.000000,1.000000,1.000000,1.000000,1.000000,0.328985,1.000000,0.713568,0.000000
66.182817,4.000000,1301.936401,-5.064517,700.870497,0.219617,0.000000,163.911453,154.682938,161.284057,1.341078,-0.000112,0.859030,0.263980,0.182290,-0.631410,-34.645332,-0.098449,0.002766,0.027391,1.000000,0.999996,-3.482213,83460.992188,0.977840,1.000000,0.000000,1.000000,1.000000,1.000000,1.000000,1.000000,0.332523,1.000000,0.697607,0.000000
66.234246,4.000000,1306.152710,-5.031061,700.883493,0.214857,0.000000,163.485428,154.017487,160.590427,1.160784,-0.002560,0.688475,0.248492,0.172336,-0.634137,-34.755741,-0.065639,0.003397,0.027377,1.000000,0.999996,-3.522355,83460.992188,0.982998,1.000000,0.000000,1.000000,1.000000,1.000000,1.000000,1.000000,0.336123,1.000000,0.680529,0.000000
66.289908,4.000000,1310.808350,-4.993403,700.896713,0.207960,0.000000,163.010895,153.276901,159.818418,0.964082,-0.006677,0.502059,0.232500,0.162024,-0.637200,-34.877651,-0.033646,0.005640,0.027310,1.000000,0.999996,-3.540757,83460.992188,0.980329,1.000000,0.000000,1.000000,1.000000,1.000000,1.000000,1.000000,0.340019,1.000000,0.662528,0.000000
66.345593,4.000000,1315.342651,-4.956002,700.909113,0.194349,0.000000,162.522064,152.549576,159.060201,0.766669,-0.013973,0.313112,0.218531,0.153015,-0.640237,-34.996387,-0.002801,0.010123,0.027171,1.000000,0.999996,-3.548770,83460.992188,0.990601,1.000000,0.000000,1.000000,1.000000,1.000000,1.000000,1.000000,0.343917,1.000000,0.647229,0.000000
66.400140,4.000000,1319.834229,-4.918252,700.920792,0.181226,0.000000,162.029831,151.822891,158.302622,0.572978,-0.024708,0.122497,0.212331,0.149386,-0.643301,-35.114002,0.027012,0.015695,0.026974,1.000000,0.999996,-3.551405,83460.992188,0.999894,1.000000,0.000000,1.000000,1.000000,1.000000,1.000000,1.000000,0.347735,1.000000,0.639734,0.000000
66.454668,4.000000,1324.274658,-4.880259,700.932439,0.172681,0.000000,161.524658,151.098404,157.547267,0.379441,-0.036926,-0.075416,0.216015,0.152706,-0.646385,-35.230282,0.055725,0.012822,0.026797,1.000000,0.999996,-3.546145,83460.992188,1.020308,1.000000,0.000000,1.000000,1.000000,1.000000,1.000000,1.000000,0.351552,1.000000,0.642804,0.000000
66.509739,4.000000,1328.688721,-4.841826,700.944691,0.154188,0.000000,161.001312,150.372330,156.790252,0.184535,-0.043639,-0.278258,0.226051,0.160573,-0.649505,-35.345867,0.083153,0.007796,0.026634,1.000000,0.999996,-3.531578,83460.992188,1.020868,1.000000,0.000000,1.000000,1.000000,1.000000,1.000000,1.000000,0.355407,1.000000,0.650825,0.000000
66.560531,4.000000,1332.780273,-4.805609,700.956685,0.130079,0.000000,160.507034,149.693985,156.082948,0.005642,-0.046411,-0.470480,0.242535,0.173062,-0.652448,-35.453007,0.107471,0.004709,0.026450,1.000000,0.999996,-3.513086,83460.992188,1.037122,1.000000,0.000000,1.000000,1.000000,1.000000,1.000000,1.000000,0.358963,1.000000,0.666558,0.000000
66.616608,4.000000,1337.203125,-4.765822,700.971032,0.119092,0.000000,159.949097,148.955170,155.312555,-0.190599,-0.049348,-0.680684,0.262112,0.187959,-0.655684,-35.568825,0.132897,0.008003,0.026128,1.000000,0.999996,-3.486109,83460.992188,1.012243,1.000000,0.000000,1.000000,1.000000,1.000000,1.000000,1.000000,0.362888,1.000000,0.682674,0.000000
66.671983,4.000000,1341.632080,-4.725353,700.985869,0.104749,0.000000,159.385681,148.210098,154.535741,-0.382689,-0.055022,-0.879441,0.270958,0.195279,-0.658980,-35.684799,0.156568,0.010250,0.025727,1.000000,0.999996,-3.453109,83460.992188,0.999511,1.000000,0.000000,1.000000,1.000000,1.000000,1.000000,1.000000,0.366764,1.000000,0.688501,0.000000
66.727452,4.000000,1346.019653,-4.684678,701.001049,0.095838,0.000000,158.809265,147.466660,153.760647,-0.573188,-0.060695,-1.074288,0.275524,0.199570,-0.662302,-35.799694,0.179523,0.008472,0.025387,1.000000,0.999996,-3.417517,83460.992188,0.999930,1.000000,0.000000,1.000000,1.000000,1.000000,1.000000,1.000000,0.370647,1.000000,0.691024,0.000000
66.782824,4.000000,1350.399536,-4.643510,701.016544,0.088941,0.000000,158.222153,146.724472,152.986844,-0.761219,-0.061655,-1.268002,0.282103,0.205370,-0.665651,-35.914387,0.200630,0.001705,0.026316,1.000000,0.999996,-3.374067,83460.992188,0.997180,1.000000,0.000000,1.000000,1.000000,1.000000,1.000000,1.000000,0.374523,1.000000,0.695378,0.000000
66.837241,4.000000,1354.654175,-4.603005,701.028884,0.091749,0.000000,157.634262,146.021881,152.254891,-0.941982,-0.010597,-1.370487,0.186350,0.136314,-0.668851,-36.025795,0.210514,-0.100724,0.032206,1.000000,0.999996,-3.274055,83460.992188,0.823007,1.000000,0.000000,1.000000,1.000000,1.000000,1.000000,1.000000,0.378332,1.000000,0.585372,0.000000
66.893035,4.000000,1359.031738,-4.560766,701.033476,0.091444,0.000000,157.020950,145.301514,151.504253,-1.121186,0.061072,-1.423422,0.019271,0.014166,-0.672165,-36.140427,0.228654,-0.050539,0.034980,1.000000,0.999996,-3.160289,83460.992188,0.735549,1.000000,0.000000,1.000000,1.000000,1.000000,1.000000,1.000000,0.382238,1.000000,0.411166,0.000000
66.950014,4.000000,1363.378174,-4.518321,701.030356,0.089368,0.000000,156.384384,144.564804,150.735996,-1.298950,0.087564,-1.529298,-0.085181,-0.062937,-0.675590,-36.254242,0.262369,-0.020512,0.034735,1.000000,0.999996,-3.091895,83460.992188,0.860688,1.000000,0.000000,1.000000,1.000000,1.000000,1.000000,1.000000,0.386226,1.000000,0.311906,0.000000
67.003873,4.000000,1367.617676,-4.476455,701.023880,0.094068,0.000000,155.774109,143.828400,149.967976,-1.464221,0.092635,-1.661421,-0.134443,-0.099844,-0.679050,-36.365257,0.298669,-0.002794,0.033286,1.000000,0.999996,-3.049475,83460.992188,0.918773,1.000000,0.000000,1.000000,1.000000,1.000000,1.000000,1.000000,0.389997,1.000000,0.265736,0.000000
67.059737,4.000000,1371.910889,-4.433623,701.015397,0.099744,0.000000,155.132187,143.074554,149.181789,-1.633394,0.086322,-1.812096,-0.159697,-0.119224,-0.682628,-36.477680,0.337342,0.002403,0.031929,1.000000,0.999996,-3.009906,83460.992188,0.932814,1.000000,0.000000,1.000000,1.000000,1.000000,1.000000,1.000000,0.393907,1.000000,0.239536,0.000000
67.110701,4.000000,1375.825073,-4.394217,701.006643,0.080762,0.000000,154.539398,142.382233,148.459803,-1.785735,0.081148,-1.952644,-0.176272,-0.132238,-0.685947,-36.580177,0.371934,-0.000215,0.030411,1.000000,0.999996,-2.969550,83460.992188,0.959447,1.000000,0.000000,1.000000,1.000000,1.000000,1.000000,1.000000,0.397475,1.000000,0.222635,0.000000
67.163354,4.000000,1379.820435,-4.353644,700.997355,0.065076,0.000000,153.919479,141.682678,147.730313,-1.940637,0.078691,-2.109927,-0.174316,-0.131417,-0.689334,-36.684799,0.405319,-0.003335,0.026335,1.000000,0.999996,-2.915940,83460.992188,0.992449,1.000000,0.000000,1.000000,1.000000,1.000000,1.000000,1.000000,0.401160,1.000000,0.224672,0.000000
67.216363,4.000000,1383.712280,-4.313765,700.988551,0.056287,0.000000,153.288239,141.022034,147.041443,-2.093234,0.079456,-2.271867,-0.161491,-0.122318,-0.692563,-36.786709,0.434682,-0.007519,0.017765,1.000000,0.999996,-2.841811,83460.992188,0.991338,1.000000,0.000000,1.000000,1.000000,1.000000,1.000000,1.000000,0.404871,1.000000,0.235913,0.000000
67.267531,4.000000,1387.658081,-4.272943,700.980605,0.055799,0.000000,152.672729,140.377350,146.369242,-2.236111,0.083728,-2.420213,-0.152685,-0.116180,-0.695744,-36.890034,0.457386,-0.011505,0.005121,1.000000,0.999996,-2.744425,83460.992188,0.981489,1.000000,0.000000,1.000000,1.000000,1.000000,1.000000,1.000000,0.408453,1.000000,0.242051,0.000000
67.317674,4.000000,1391.459839,-4.233191,700.973064,0.053419,0.000000,152.064468,139.778015,145.744276,-2.370706,0.089842,-2.556020,-0.149508,-0.114250,-0.698727,-36.989586,0.474792,-0.013142,-0.010492,1.000000,0.999996,-2.629146,83460.992188,0.968042,1.000000,0.000000,1.000000,1.000000,1.000000,1.000000,1.000000,0.411963,1.000000,0.242629,0.000000
67.368011,4.000000,1395.212036,-4.193492,700.965481,0.050367,0.000000,151.449493,139.194611,145.135905,-2.499858,0.094995,-2.683145,-0.151395,-0.116177,-0.701655,-37.087841,0.490257,-0.010550,-0.026977,1.000000,0.999996,-2.510056,83460.992188,0.967666,1.000000,0.000000,1.000000,1.000000,1.000000,1.000000,1.000000,0.415486,1.000000,0.238989,0.000000
67.418173,4.000000,1398.924194,-4.153697,700.958039,0.042493,0.000000,150.833130,138.615585,144.532146,-2.622883,0.098303,-2.812150,-0.144629,-0.111449,-0.704586,-37.185047,0.506568,-0.012101,-0.042484,1.000000,0.999996,-2.403828,83460.992188,0.992216,1.000000,0.000000,1.000000,1.000000,1.000000,1.000000,1.000000,0.418998,1.000000,0.245761,0.000000
67.471530,4.000000,1402.850830,-4.110946,700.950813,0.034070,0.000000,150.174072,137.994019,143.884030,-2.748433,0.107399,-2.948035,-0.130130,-0.100727,-0.707759,-37.287872,0.526184,-0.021772,-0.056846,1.000000,0.999996,-2.310684,83460.992188,0.983555,1.000000,0.000000,1.000000,1.000000,1.000000,1.000000,1.000000,0.422733,1.000000,0.258029,0.000000
67.521872,4.000000,1406.529907,-4.070181,700.944656,0.024488,0.000000,149.549637,137.396332,143.260844,-2.862977,0.119929,-3.072538,-0.117423,-0.091287,-0.710838,-37.384212,0.548354,-0.022480,-0.067704,1.000000,0.999996,-2.248148,83460.992188,0.991914,1.000000,0.000000,1.000000,1.000000,1.000000,1.000000,1.000000,0.426257,1.000000,0.269754,0.000000
67.572975,4.000000,1410.289795,-4.027740,700.940308,-0.000781,0.000000,148.913635,136.695908,142.530641,-2.967213,0.130032,-3.250293,-0.041452,-0.032391,-0.714479,-37.482666,0.445517,-0.019641,-0.075253,1.000000,0.999996,-1.509630,83460.992188,1.233845,1.000000,1.000000,1.000000,1.000000,1.000000,1.000000,1.000000,0.429834,1.000000,0.362383,0.000000
67.629564,4.000000,1414.411743,-3.980302,700.941787,0.005994,0.000000,148.206131,135.871964,141.671519,-3.020948,0.139278,-3.357099,0.044718,0.035155,-0.718812,-37.590603,0.292737,-0.019294,-0.076147,1.000000,0.999996,-0.588721,83460.992188,0.989384,1.000000,1.000000,1.000000,1.000000,1.000000,1.000000,1.000000,0.433795,1.000000,0.427770,0.000000
67.684867,4.000000,1418.448120,-3.932942,700.944462,0.015394,0.000000,147.510651,135.128525,140.896366,-3.043310,0.146158,-3.377873,0.046760,0.036962,-0.722766,-37.696301,0.242301,-0.016368,-0.070681,1.000000,0.999996,-0.290517,83460.992188,0.931596,1.000000,1.000000,1.000000,1.000000,1.000000,1.000000,1.000000,0.437666,1.000000,0.423481,0.000000
67.739910,4.000000,1422.406250,-3.885624,700.946545,0.022047,0.000000,146.814697,134.395172,140.131742,-3.055256,0.152128,-3.378328,0.032891,0.026142,-0.726709,-37.799950,0.220695,-0.016606,-0.065346,1.000000,0.999996,-0.169365,83460.992188,0.922500,1.000000,1.000000,1.000000,1.000000,1.000000,1.000000,1.000000,0.441519,1.000000,0.406768,0.000000
67.795102,4.000000,1426.364868,-3.837430,700.947710,0.034376,0.000000,146.113327,133.659378,139.364553,-3.062903,0.161108,-3.372544,0.015732,0.012573,-0.730709,-37.903606,0.208948,-0.024682,-0.060194,1.000000,0.999996,-0.109371,83460.992188,0.928535,1.000000,1.000000,1.000000,1.000000,1.000000,1.000000,1.000000,0.445383,1.000000,0.387793,0.000000
67.849932,4.000000,1430.267212,-3.789049,700.948183,0.036878,0.000000,145.413483,132.930588,138.604660,-3.067503,0.176092,-3.370727,0.006525,0.005243,-0.734715,-38.005795,0.198491,-0.027110,-0.055545,1.000000,0.999996,-0.061015,83460.992188,0.948669,1.000000,1.000000,1.000000,1.000000,1.000000,1.000000,1.000000,0.449221,1.000000,0.377757,0.000000
67.904194,4.000000,1434.142700,-3.740132,700.948419,0.034620,0.000000,144.718170,132.203323,137.846355,-3.069803,0.187967,-3.369354,0.003016,0.002437,-0.738756,-38.107277,0.189953,-0.023406,-0.051547,1.000000,0.999996,-0.027052,83460.992188,0.934391,1.000000,1.000000,1.000000,1.000000,1.000000,1.000000,1.000000,0.453019,1.000000,0.371209,0.000000
67.960531,4.000000,1438.104614,-3.689254,700.948287,0.034498,0.000000,143.993454,131.456421,137.067568,-3.070573,0.197859,-3.365165,-0.004132,-0.003358,-0.742953,-38.211025,0.182422,-0.022176,-0.047732,1.000000,0.999996,-0.001895,83460.992188,0.952705,1.000000,1.000000,1.000000,1.000000,1.000000,1.000000,1.000000,0.456963,1.000000,0.363042,0.000000
68.014725,4.000000,1441.564087,-3.644119,700.948046,0.035047,0.000000,143.293274,130.800781,136.383948,-3.070571,0.203785,-3.365801,-0.004041,-0.003300,-0.746677,-38.301613,0.179657,-0.015563,-0.044490,1.000000,0.999997,-0.003964,83460.992188,0.960264,1.000000,1.000000,1.000000,1.000000,1.000000,1.000000,1.000000,0.460756,1.000000,0.361846,0.000000
68.070621,4.000000,1445.793823,-3.588059,700.947912,0.032911,0.000000,142.569946,129.994461,135.543200,-3.071242,0.205405,-3.367900,-0.001626,-0.001336,-0.751308,-38.412373,0.178296,-0.014670,-0.041498,1.000000,0.999997,-0.013652,83460.992188,0.957711,1.000000,1.000000,1.000000,1.000000,1.000000,1.000000,1.000000,0.464669,1.000000,0.361521,0.000000
68.120766,4.000000,1449.282471,-3.541123,700.947942,0.030164,0.000000,141.919312,129.325516,134.845699,-3.071898,0.207454,-3.372337,0.002456,0.002029,-0.755193,-38.503727,0.175717,-0.015283,-0.038989,1.000000,0.999997,-0.015117,83460.992188,0.965630,1.000000,1.000000,1.000000,1.000000,1.000000,1.000000,1.000000,0.468179,1.000000,0.364234,0.000000
68.170988,4.000000,1452.756836,-3.493761,700.948226,0.025831,0.000000,141.266251,128.655609,134.147219,-3.073317,0.208784,-3.378660,0.007817,0.006490,-0.759125,-38.594707,0.177261,-0.013732,-0.036723,1.000000,0.999997,-0.038642,83460.992188,0.975468,1.000000,1.000000,1.000000,1.000000,1.000000,1.000000,1.000000,0.471695,1.000000,0.368240,0.000000
68.221165,4.000000,1456.188599,-3.446385,700.948931,0.026380,0.000000,140.612549,127.991219,133.454463,-3.075788,0.208264,-3.388039,0.016855,0.014067,-0.763065,-38.684570,0.178430,-0.010945,-0.035061,1.000000,0.999997,-0.058872,83460.992188,0.963762,1.000000,1.000000,1.000000,1.000000,1.000000,1.000000,1.000000,0.475207,1.000000,0.374586,0.000000
68.272368,4.000000,1459.651001,-3.398009,700.949889,0.026929,0.000000,139.944183,127.327591,132.762523,-3.078919,0.205706,-3.393183,0.019688,0.016516,-0.767042,-38.775238,0.175640,-0.009081,-0.035562,1.000000,0.999997,-0.056787,83460.992188,0.958287,1.000000,1.000000,1.000000,1.000000,1.000000,1.000000,1.000000,0.478791,1.000000,0.375000,0.000000
68.328835,4.000000,1463.493408,-3.343665,700.951055,0.031324,0.000000,139.206161,126.608414,132.012641,-3.081415,0.202971,-3.396858,0.021251,0.017929,-0.771398,-38.875854,0.168533,-0.010614,-0.039812,1.000000,0.999997,-0.034045,83460.992188,0.956833,1.000000,1.000000,1.000000,1.000000,1.000000,1.000000,1.000000,0.482744,1.000000,0.374264,0.000000
68.380894,4.000000,1467.027588,-3.293059,700.952226,0.025281,0.000000,138.524902,125.963631,131.340337,-3.082347,0.203250,-3.400991,0.024287,0.020595,-0.775346,-38.968399,0.159766,-0.015370,-0.046740,1.000000,0.999997,-0.003399,83460.992188,0.967873,1.000000,1.000000,1.000000,1.000000,1.000000,1.000000,1.000000,0.486388,1.000000,0.376135,0.000000
68.433193,4.000000,1470.529907,-3.242291,700.953525,0.031080,0.000000,137.840408,125.340454,130.690589,-3.082525,0.208237,-3.399250,0.023948,0.020408,-0.779201,-39.060112,0.156323,-0.020418,-0.056395,1.000000,0.999997,-0.004008,83460.992188,0.942846,1.000000,1.000000,1.000000,1.000000,1.000000,1.000000,1.000000,0.490049,1.000000,0.372033,0.000000
68.483927,4.000000,1473.968506,-3.191814,700.954465,0.029249,0.000000,137.177200,124.741760,130.066350,-3.082466,0.214949,-3.393356,0.016493,0.014123,-0.782940,-39.150154,0.150625,-0.023146,-0.067995,1.000000,0.999997,0.008281,83460.992188,0.953431,1.000000,1.000000,1.000000,1.000000,1.000000,1.000000,1.000000,0.493600,1.000000,0.363498,0.000000
68.537221,4.000000,1477.383301,-3.141016,700.955275,0.029920,0.000000,136.481476,124.159714,129.459462,-3.081959,0.225471,-3.393049,0.015689,0.013498,-0.786610,-39.239574,0.145850,-0.028049,-0.082150,1.000000,0.999997,0.013780,83460.992188,0.968311,1.000000,1.000000,1.000000,1.000000,1.000000,1.000000,1.000000,0.497331,1.000000,0.362017,0.000000
68.590174,4.000000,1481.005249,-3.086333,700.956221,0.024183,0.000000,135.792282,123.550735,128.824485,-3.081516,0.236316,-3.395440,0.018984,0.016412,-0.790486,-39.334415,0.143523,-0.025932,-0.097631,1.000000,0.999997,0.005608,83460.992188,0.972126,1.000000,1.000000,1.000000,1.000000,1.000000,1.000000,1.000000,0.501038,1.000000,0.363636,0.000000
68.647022,4.000000,1484.693115,-3.029734,700.957497,0.020216,0.000000,135.055649,122.941078,128.188797,-3.081218,0.244458,-3.399940,0.024476,0.021266,-0.794406,-39.430988,0.139171,-0.023501,-0.115904,1.000000,0.999997,0.006949,83460.992188,0.972503,1.000000,1.000000,1.000000,1.000000,1.000000,1.000000,1.000000,0.505017,1.000000,0.367403,0.000000
68.699244,4.000000,1488.192017,-2.975100,700.958909,0.023756,0.000000,134.382065,122.369865,127.593225,-3.081114,0.250745,-3.401772,0.027747,0.024220,-0.798114,-39.522610,0.135864,-0.024015,-0.133504,1.000000,0.999997,0.004206,83460.992188,0.960127,1.000000,1.000000,1.000000,1.000000,1.000000,1.000000,1.000000,0.508673,1.000000,0.368024,0.000000
68.750278,4.000000,1491.440796,-2.923488,700.960199,0.026807,0.000000,133.727554,121.844566,127.045525,-3.080896,0.258210,-3.397795,0.024013,0.021051,-0.801554,-39.607681,0.131470,-0.027544,-0.151194,1.000000,0.999997,0.007729,83460.992188,0.956035,1.000000,1.000000,1.000000,1.000000,1.000000,1.000000,1.000000,0.512245,1.000000,0.362214,0.000000
68.805625,4.000000,1495.156128,-2.863297,700.961401,0.032850,0.000000,133.021301,121.248100,126.423569,-3.080818,0.269642,-3.396248,0.021729,0.019143,-0.805497,-39.704971,0.128510,-0.032297,-0.170672,1.000000,0.999997,0.001974,83460.992188,0.965284,1.000000,1.000000,1.000000,1.000000,1.000000,1.000000,1.000000,0.516119,1.000000,0.358962,0.000000
68.856203,4.000000,1498.348877,-2.810489,700.962386,0.031934,0.000000,132.381485,120.732941,125.886458,-3.081392,0.281253,-3.392347,0.017776,0.015727,-0.808933,-39.788574,0.128951,-0.031874,-0.187947,1.000000,0.999997,-0.019604,83460.992188,0.954343,1.000000,1.000000,1.000000,1.000000,1.000000,1.000000,1.000000,0.519660,1.000000,0.352490,0.000000
68.912157,4.000000,1502.016235,-2.748470,700.963255,0.030469,0.000000,131.679230,120.137741,125.265867,-3.083813,0.292228,-3.392287,0.014895,0.013243,-0.812940,-39.884609,0.132130,-0.032452,-0.206343,1.000000,0.999997,-0.055146,83460.992188,0.957485,1.000000,1.000000,1.000000,1.000000,1.000000,1.000000,1.000000,0.523576,1.000000,0.348164,0.000000
68.967597,4.000000,1505.571777,-2.686828,700.963969,0.030164,0.000000,130.989166,119.554100,124.657303,-3.088003,0.304512,-3.394111,0.012246,0.010941,-0.816908,-39.977715,0.133750,-0.036707,-0.223144,1.000000,0.999997,-0.078681,83460.992188,0.963435,1.000000,1.000000,1.000000,1.000000,1.000000,1.000000,1.000000,0.527457,1.000000,0.344022,0.000000
69.024513,4.000000,1509.207275,-2.622120,700.964799,0.027784,0.000000,130.286621,118.947083,124.024366,-3.092404,0.320730,-3.402984,0.016575,0.014884,-0.821077,-40.072914,0.129125,-0.040033,-0.238333,1.000000,0.999997,-0.067948,83460.992188,0.976814,1.000000,1.000000,1.000000,1.000000,1.000000,1.000000,1.000000,0.531441,1.000000,0.347494,0.000000
69.075515,4.000000,1512.404663,-2.563729,700.967088,0.033338,0.000000,129.661987,118.400803,123.454725,-3.084121,0.334895,-3.442609,0.064921,0.058568,-0.824865,-40.156639,0.036357,-0.038970,-0.246652,1.000000,0.999997,0.410037,83460.992188,1.036852,1.000000,1.000000,1.000000,1.000000,1.000000,1.000000,1.000000,0.535012,1.000000,0.399185,0.000000
69.128783,4.000000,1515.791870,-2.500365,700.971357,0.038160,0.000000,129.014069,117.813385,122.842201,-3.055739,0.345667,-3.424160,0.082551,0.074844,-0.828977,-40.245338,-0.012422,-0.033786,-0.255438,1.000000,0.999997,0.604953,83460.992188,0.953159,1.000000,1.000000,1.000000,1.000000,1.000000,1.000000,1.000000,0.538740,1.000000,0.408401,0.000000
69.181831,4.000000,1519.070190,-2.437487,700.975498,0.052442,0.000000,128.373535,117.227806,122.231673,-3.022633,0.354585,-3.383794,0.075628,0.068910,-0.833117,-40.331184,-0.034547,-0.034632,-0.262094,1.000000,0.999997,0.643105,83460.992188,0.940864,1.000000,1.000000,1.000000,1.000000,1.000000,1.000000,1.000000,0.542454,1.000000,0.398599,0.000000
69.232697,4.000000,1522.337036,-2.373237,700.979015,0.061719,0.000000,127.763519,116.622063,121.600129,-2.989367,0.362802,-3.342736,0.066615,0.061013,-0.837443,-40.416729,-0.055211,-0.034141,-0.265153,1.000000,0.999997,0.673654,83460.992188,0.944599,1.000000,1.000000,1.000000,1.000000,1.000000,1.000000,1.000000,0.546014,1.000000,0.388307,0.000000
69.284057,4.000000,1525.508545,-2.309290,700.982198,0.061475,0.000000,127.151031,116.007011,120.958842,-2.955009,0.368708,-3.303499,0.060544,0.055746,-0.841883,-40.499779,-0.070615,-0.029721,-0.264287,1.000000,0.999997,0.672368,83460.992188,0.956518,1.000000,1.000000,1.000000,1.000000,1.000000,1.000000,1.000000,0.549609,1.000000,0.381139,0.000000
69.339904,4.000000,1528.980957,-2.237437,700.985686,0.056470,0.000000,126.488403,115.296997,120.218533,-2.918452,0.370367,-3.285028,0.062409,0.057817,-0.847066,-40.590706,-0.081527,-0.011843,-0.258501,1.000000,0.999997,0.638957,83460.992188,1.200076,1.000000,1.000000,1.000000,1.000000,1.000000,1.000000,1.000000,0.553519,1.000000,0.398463,0.000000
69.390620,4.000000,1532.100586,-2.171147,700.992220,0.046339,0.000000,125.888351,114.619179,119.511503,-2.891012,0.322227,-3.335281,0.154055,0.143566,-0.852077,-40.672398,-0.064251,0.063385,-0.250460,1.000000,0.999997,0.463131,83460.992188,1.075531,1.000000,1.000000,1.000000,1.000000,1.000000,1.000000,1.000000,0.557069,1.000000,0.479091,0.000000
69.449291,4.000000,1535.457397,-2.098093,701.005666,0.048170,0.000000,125.194550,113.864120,118.723507,-2.870690,0.255260,-3.433365,0.268626,0.251996,-0.857731,-40.760296,-0.039301,0.026172,-0.234999,1.000000,0.999997,0.245422,83460.992188,1.122388,1.000000,1.000000,1.000000,1.000000,1.000000,1.000000,1.000000,0.561176,1.000000,0.601246,0.000000
69.503302,4.000000,1538.911255,-2.020963,701.022877,0.048719,0.000000,124.554985,113.083588,117.909106,-2.863529,0.228665,-3.476120,0.333383,0.314902,-0.863655,-40.850739,-0.011622,0.005216,-0.222947,1.000000,0.999997,0.037405,83460.992188,1.014521,1.000000,1.000000,1.000000,1.000000,1.000000,1.000000,1.000000,0.564957,1.000000,0.649919,0.000000
69.554015,4.000000,1542.050415,-1.949121,701.040680,0.041883,0.000000,123.953079,112.370544,117.165430,-2.867115,0.213833,-3.503688,0.358758,0.341021,-0.869136,-40.932941,0.017097,0.000482,-0.213059,1.000000,0.999997,-0.155122,83460.992188,0.994066,1.000000,1.000000,1.000000,1.000000,1.000000,1.000000,1.000000,0.568507,1.000000,0.671011,0.000000
69.607773,4.000000,1545.265625,-1.873812,701.060513,0.045423,0.000000,123.312935,111.639412,116.403009,-2.879753,0.200703,-3.530123,0.372802,0.356691,-0.874827,-41.017136,0.037535,0.000550,-0.202178,1.000000,0.999997,-0.288080,83460.992188,0.966017,1.000000,1.000000,1.000000,1.000000,1.000000,1.000000,1.000000,0.572270,1.000000,0.680941,0.000000
69.658655,4.000000,1548.258057,-1.802168,701.079519,0.046155,0.000000,122.703896,110.976440,115.711818,-2.895989,0.190022,-3.548609,0.373433,0.359429,-0.880052,-41.095493,0.042758,-0.001591,-0.188237,1.000000,0.999997,-0.327717,83460.992188,0.961481,1.000000,1.000000,1.000000,1.000000,1.000000,1.000000,1.000000,0.575831,1.000000,0.679101,0.000000
69.714948,4.000000,1551.623901,-1.719821,701.100623,0.050611,0.000000,122.027000,110.267220,114.972413,-2.912684,0.180437,-3.569834,0.375916,0.364146,-0.885711,-41.183632,0.027210,-0.002533,-0.166704,1.000000,0.999997,-0.254957,83460.992188,0.962869,1.000000,1.000000,1.000000,1.000000,1.000000,1.000000,1.000000,0.579772,1.000000,0.679405,0.000000
69.771570,4.000000,1554.937012,-1.636983,701.121951,0.031202,0.000000,121.343193,109.614159,114.291537,-2.924287,0.170070,-3.585824,0.377775,0.368126,-0.890987,-41.270390,0.007368,0.001443,-0.138308,1.000000,0.999997,-0.167056,83460.992188,0.972163,1.000000,1.000000,1.000000,1.000000,1.000000,1.000000,1.000000,0.583735,1.000000,0.679761,0.000000
69.826465,4.000000,1558.143921,-1.555181,701.142797,0.041028,0.000000,120.678490,109.016312,113.668239,-2.932155,0.158358,-3.597307,0.380280,0.372600,-0.895872,-41.354366,-0.005332,0.003317,-0.106137,1.000000,0.999997,-0.123678,83460.992188,0.961069,1.000000,1.000000,1.000000,1.000000,1.000000,1.000000,1.000000,0.587578,1.000000,0.679604,0.000000
69.883162,4.000000,1561.459595,-1.469060,701.164046,0.066480,0.000000,119.990990,108.413185,113.039588,-2.938018,0.144725,-3.594055,0.370399,0.364937,-0.900853,-41.441189,-0.017798,0.007323,-0.072179,1.000000,0.999997,-0.086200,83460.992188,0.939667,1.000000,1.000000,1.000000,1.000000,1.000000,1.000000,1.000000,0.591547,1.000000,0.666447,0.000000
69.938017,4.000000,1564.656006,-1.384723,701.183772,0.078931,0.000000,119.326385,107.833046,112.434969,-2.942516,0.128316,-3.583242,0.353582,0.350242,-0.905697,-41.524891,-0.024601,0.013640,-0.040448,1.000000,0.999997,-0.080982,83460.992188,0.927952,1.000000,1.000000,1.000000,1.000000,1.000000,1.000000,1.000000,0.595387,1.000000,0.647267,0.000000
69.988767,4.000000,1567.592285,-1.306283,701.201093,0.083143,0.000000,118.712982,107.296196,111.875501,-2.946901,0.110091,-3.572155,0.335555,0.334047,-0.910225,-41.601780,-0.027537,0.017282,-0.012677,1.000000,0.999997,-0.094265,83460.992188,0.937826,1.000000,1.000000,1.000000,1.000000,1.000000,1.000000,1.000000,0.598939,1.000000,0.628340,0.000000
70.043450,4.000000,1570.698486,-1.222457,701.219091,0.065687,0.000000,118.053604,106.719444,111.274293,-2.952381,0.087138,-3.573176,0.327515,0.327805,-0.915142,-41.683117,-0.030230,0.023809,0.014529,1.000000,0.999997,-0.109667,83460.992188,0.965808,1.000000,1.000000,1.000000,1.000000,1.000000,1.000000,1.000000,0.602767,1.000000,0.620272,0.000000
70.099131,4.000000,1573.851196,-1.136666,701.237444,0.057264,0.000000,117.384583,106.117783,110.646969,-2.958599,0.060274,-3.586781,0.331952,0.334129,-0.920330,-41.765675,-0.034681,0.028168,0.038423,1.000000,0.999997,-0.114541,83460.992188,0.977044,1.000000,1.000000,1.000000,1.000000,1.000000,1.000000,1.000000,0.606665,1.000000,0.623889,0.000000
70.151857,4.000000,1576.786255,-1.056322,701.255238,0.059705,0.000000,116.753227,105.538887,110.043344,-2.964887,0.034952,-3.603982,0.340605,0.344719,-0.925377,-41.842533,-0.037418,0.028297,0.057210,1.000000,0.999997,-0.126578,83460.992188,0.975990,1.000000,1.000000,1.000000,1.000000,1.000000,1.000000,1.000000,0.610355,1.000000,0.631043,0.000000
70.203418,4.000000,1579.724365,-0.975587,701.273011,0.056837,0.000000,116.138237,104.935074,109.413751,-2.971885,0.012608,-3.618793,0.346809,0.353018,-0.930701,-41.919468,-0.038774,0.024903,0.071022,1.000000,0.999997,-0.144032,83460.992188,0.968685,1.000000,1.000000,1.000000,1.000000,1.000000,1.000000,1.000000,0.613965,1.000000,0.635031,0.000000
70.258265,4.000000,1582.815430,-0.890476,701.292098,0.065259,0.000000,115.486542,104.267654,108.717911,-2.980347,-0.004654,-3.630254,0.348306,0.356811,-0.936657,-42.000412,-0.040240,0.018814,0.079911,1.000000,0.999997,-0.160480,83460.992188,0.955325,1.000000,1.000000,1.000000,1.000000,1.000000,1.000000,1.000000,0.617804,1.000000,0.633872,0.000000
70.313773,4.000000,1585.902344,-0.805422,701.311235,0.076551,0.000000,114.828537,103.557312,107.977386,-2.989621,-0.017542,-3.635016,0.342414,0.353181,-0.943080,-42.081245,-0.040915,0.016371,0.081163,1.000000,0.999997,-0.180118,83460.992188,0.940604,1.000000,1.000000,1.000000,1.000000,1.000000,1.000000,1.000000,0.621690,1.000000,0.625136,0.000000
70.369160,4.000000,1588.964966,-0.721113,701.329878,0.084180,0.000000,114.172592,102.803246,107.191311,-3.000973,-0.027231,-3.640407,0.334163,0.347198,-0.949994,-42.161442,-0.037459,0.012911,0.075574,1.000000,0.999997,-0.218677,83460.992188,0.939582,1.000000,1.000000,1.000000,1.000000,1.000000,1.000000,1.000000,0.625567,1.000000,0.614849,0.000000
70.424393,4.000000,1591.985718,-0.638130,701.347998,0.083509,0.000000,113.517952,102.049255,106.405280,-3.013189,-0.033685,-3.646289,0.325229,0.340412,-0.957011,-42.240543,-0.040875,0.010730,0.069767,1.000000,0.999997,-0.217129,83460.992188,0.947563,1.000000,1.000000,1.000000,1.000000,1.000000,1.000000,1.000000,0.629433,1.000000,0.604300,0.000000
70.480032,4.000000,1595.000000,-0.555592,701.365996,0.079175,0.000000,112.856911,101.290634,105.614362,-3.024880,-0.039232,-3.658543,0.323087,0.340703,-0.964176,-42.319477,-0.045069,0.010267,0.063297,1.000000,0.999997,-0.212091,83460.992188,0.951192,1.000000,1.000000,1.000000,1.000000,1.000000,1.000000,1.000000,0.633328,1.000000,0.600346,0.000000
70.535589,4.000000,1597.994263,-0.473972,701.383882,0.075208,0.000000,112.194511,100.529297,104.820611,-3.037575,-0.043203,-3.672963,0.321788,0.341902,-0.971476,-42.397884,-0.044255,0.007742,0.057449,1.000000,0.999997,-0.232716,83460.992188,0.957898,1.000000,1.000000,1.000000,1.000000,1.000000,1.000000,1.000000,0.637217,1.000000,0.597471,0.000000
70.590903,4.000000,1600.965698,-0.393426,701.401717,0.072401,0.000000,111.532059,99.769554,104.028492,-3.050247,-0.044679,-3.690380,0.323288,0.346112,-0.978872,-42.475693,-0.048179,0.004504,0.050698,1.000000,0.999997,-0.226565,83460.992188,0.964984,1.000000,1.000000,1.000000,1.000000,1.000000,1.000000,1.000000,0.641089,1.000000,0.597408,0.000000
70.647717,4.000000,1603.995239,-0.311841,701.420285,0.065259,0.000000,110.847885,98.986847,103.212348,-3.063435,-0.040038,-3.712839,0.329078,0.355096,-0.986611,-42.555023,-0.049181,-0.004778,0.045664,1.000000,0.999997,-0.236342,83460.992188,0.968642,1.000000,1.000000,1.000000,1.000000,1.000000,1.000000,1.000000,0.645066,1.000000,0.601322,0.000000
70.703082,4.000000,1606.911133,-0.233873,701.438738,0.073499,0.000000,110.177391,98.229813,102.422988,-3.076586,-0.027921,-3.733799,0.334700,0.363946,-0.994213,-42.631378,-0.052045,-0.011949,0.040438,1.000000,0.999997,-0.234487,83460.992188,0.953831,1.000000,1.000000,1.000000,1.000000,1.000000,1.000000,1.000000,0.648941,1.000000,0.603877,0.000000
70.757652,4.000000,1609.784302,-0.157619,701.456939,0.076551,0.000000,109.512589,97.490356,101.652046,-3.089114,-0.014937,-3.746652,0.332864,0.364695,-1.001751,-42.706615,-0.056566,-0.009183,0.033539,1.000000,0.999997,-0.223615,83460.992188,0.946108,1.000000,1.000000,1.000000,1.000000,1.000000,1.000000,1.000000,0.652761,1.000000,0.599620,0.000000
70.811611,4.000000,1612.593872,-0.083661,701.474744,0.074964,0.000000,108.851456,96.766998,100.897923,-3.100638,-0.006941,-3.756738,0.329009,0.363165,-1.009237,-42.780186,-0.062563,-0.005594,0.025862,1.000000,0.999997,-0.205540,83460.992188,0.947125,1.000000,1.000000,1.000000,1.000000,1.000000,1.000000,1.000000,0.656538,1.000000,0.593857,0.000000
70.868191,4.000000,1615.491943,-0.008067,701.493116,0.089551,0.000000,108.153946,96.021088,100.120293,-3.112134,0.002215,-3.762461,0.321845,0.358017,-1.017074,-42.856075,-0.065979,-0.010158,0.020582,1.000000,0.999997,-0.203205,83460.992188,0.938179,1.000000,1.000000,1.000000,1.000000,1.000000,1.000000,1.000000,0.660499,1.000000,0.584037,0.000000
70.924700,4.000000,1618.393677,0.066884,701.510942,0.086683,0.000000,107.453514,95.275574,99.343138,-3.123375,0.015114,-3.765876,0.312266,0.350079,-1.025029,-42.932060,-0.070806,-0.014575,0.015295,1.000000,0.999997,-0.193101,83460.992188,0.939153,1.000000,1.000000,1.000000,1.000000,1.000000,1.000000,1.000000,0.664455,1.000000,0.572501,0.000000
70.978354,4.000000,1621.120850,0.136642,701.527329,0.088026,0.000000,106.785416,94.571968,98.609666,-3.133458,0.032175,-3.765769,0.301523,0.340549,-1.032652,-43.003475,-0.076244,-0.022869,0.012063,1.000000,0.999997,-0.179473,83460.992188,0.929032,1.000000,1.000000,1.000000,1.000000,1.000000,1.000000,1.000000,0.668210,1.000000,0.559203,0.000000
71.034228,4.000000,1623.916504,0.207458,701.543708,0.089857,0.000000,106.086411,93.851219,97.858330,-3.142709,0.055822,-3.766005,0.290045,0.330101,-1.040578,-43.076679,-0.084805,-0.030024,0.008797,1.000000,0.999997,-0.151088,83460.992188,0.946455,1.000000,1.000000,1.000000,1.000000,1.000000,1.000000,1.000000,0.672121,1.000000,0.546893,0.000000
71.089189,4.000000,1626.695068,0.277133,701.559602,0.088514,0.000000,105.396210,93.123123,97.099194,-3.149685,0.083363,-3.776682,0.290124,0.332772,-1.048712,-43.149441,-0.097118,-0.034026,0.005027,1.000000,0.999997,-0.105040,83460.992188,0.956194,1.000000,1.000000,1.000000,1.000000,1.000000,1.000000,1.000000,0.675969,1.000000,0.545796,0.000000
71.145042,4.000000,1629.460449,0.345765,701.575802,0.087354,0.000000,104.692162,92.399597,96.344825,-3.154157,0.110573,-3.783917,0.290302,0.335583,-1.056921,-43.221855,-0.109100,-0.033557,0.000852,1.000000,0.999997,-0.065573,83460.992188,0.953420,1.000000,1.000000,1.000000,1.000000,1.000000,1.000000,1.000000,0.679878,1.000000,0.543819,0.000000
71.198692,4.000000,1632.098511,0.410547,701.591290,0.086927,0.000000,104.013947,91.700890,95.616366,-3.158095,0.134523,-3.787383,0.287666,0.335070,-1.064972,-43.290936,-0.109644,-0.031765,-0.003123,1.000000,0.999997,-0.088978,83460.992188,0.952434,1.000000,1.000000,1.000000,1.000000,1.000000,1.000000,1.000000,0.683634,1.000000,0.539189,0.000000
71.255033,4.000000,1634.844238,0.477224,701.607424,0.094556,0.000000,103.299400,90.971573,94.855984,-3.163194,0.154150,-3.792514,0.285354,0.335042,-1.073507,-43.362835,-0.114523,-0.024935,-0.008444,1.000000,0.999997,-0.087849,83460.992188,0.950547,1.000000,1.000000,1.000000,1.000000,1.000000,1.000000,1.000000,0.687578,1.000000,0.534838,0.000000
71.309741,4.000000,1637.513306,0.541264,701.622913,0.097364,0.000000,102.603935,90.263382,94.117632,-3.167840,0.167022,-3.795648,0.282047,0.333757,-1.081926,-43.432724,-0.119024,-0.021908,-0.012612,1.000000,0.999997,-0.088460,83460.992188,0.946717,1.000000,1.000000,1.000000,1.000000,1.000000,1.000000,1.000000,0.691407,1.000000,0.529367,0.000000
71.363859,4.000000,1640.117065,0.602975,701.637958,0.100416,0.000000,101.914581,89.573662,93.398560,-3.172627,0.177474,-3.795681,0.276195,0.329348,-1.090254,-43.500908,-0.123642,-0.020031,-0.015997,1.000000,0.999997,-0.087673,83460.992188,0.941393,1.000000,1.000000,1.000000,1.000000,1.000000,1.000000,1.000000,0.695196,1.000000,0.521305,0.000000
71.417795,4.000000,1642.687622,0.663143,701.652633,0.101758,0.000000,101.226494,88.892166,92.688075,-3.177131,0.186173,-3.796510,0.270632,0.325189,-1.098609,-43.568218,-0.129285,-0.019936,-0.018623,1.000000,0.999997,-0.081441,83460.992188,0.945813,1.000000,1.000000,1.000000,1.000000,1.000000,1.000000,1.000000,0.698971,1.000000,0.514239,0.000000
71.472720,4.000000,1645.293335,0.723363,701.667310,0.091383,0.000000,100.524826,88.196793,91.963100,-3.181463,0.195906,-3.798106,0.265799,0.321898,-1.107268,-43.636452,-0.134552,-0.022462,-0.020385,1.000000,0.999997,-0.078070,83460.992188,0.952538,1.000000,1.000000,1.000000,1.000000,1.000000,1.000000,1.000000,0.702816,1.000000,0.507935,0.000000
71.527079,4.000000,1647.854004,0.781780,701.681820,0.085035,0.000000,99.829895,87.508392,91.245304,-3.185259,0.206947,-3.809317,0.268757,0.328042,-1.115976,-43.703506,-0.142159,-0.023680,-0.021865,1.000000,0.999997,-0.062195,83460.992188,0.966572,1.000000,1.000000,1.000000,1.000000,1.000000,1.000000,1.000000,0.706621,1.000000,0.510015,0.000000
71.583323,4.000000,1650.468506,0.840643,701.697106,0.091505,0.000000,99.110321,86.803871,90.510689,-3.188436,0.217652,-3.820532,0.273272,0.336259,-1.125031,-43.771969,-0.148465,-0.023052,-0.023217,1.000000,0.999997,-0.055648,83460.992188,0.963081,1.000000,1.000000,1.000000,1.000000,1.000000,1.000000,1.000000,0.710558,1.000000,0.512389,0.000000
71.639318,4.000000,1653.047485,0.897927,701.712466,0.093519,0.000000,98.393852,86.110588,89.787828,-3.191386,0.227518,-3.826492,0.274286,0.340225,-1.134086,-43.839504,-0.155650,-0.023567,-0.023857,1.000000,0.999997,-0.044384,83460.992188,0.950887,1.000000,1.000000,1.000000,1.000000,1.000000,1.000000,1.000000,0.714478,1.000000,0.510681,0.000000
71.695210,4.000000,1655.623657,0.954382,701.727594,0.093336,0.000000,97.678864,85.429832,89.078106,-3.192905,0.237961,-3.822771,0.268453,0.335643,-1.143120,-43.906963,-0.167457,-0.024689,-0.022377,1.000000,0.999997,-0.009845,83460.992188,0.942423,1.000000,1.000000,1.000000,1.000000,1.000000,1.000000,1.000000,0.718390,1.000000,0.502457,0.000000
71.751925,4.000000,1658.207153,1.010231,701.742485,0.099073,0.000000,96.953949,84.776733,88.397260,-3.191907,0.247625,-3.813518,0.259608,0.327083,-1.151922,-43.974613,-0.183246,-0.022912,-0.016795,1.000000,0.999997,0.041911,83460.992188,0.948866,1.000000,1.000000,1.000000,1.000000,1.000000,1.000000,1.000000,0.722360,1.000000,0.492067,0.000000
71.807254,4.000000,1660.722900,1.063867,701.756589,0.100660,0.000000,96.248314,84.173790,87.768682,-3.187787,0.253853,-3.803212,0.252472,0.320371,-1.160169,-44.040489,-0.200757,-0.017798,-0.004744,1.000000,0.999997,0.098559,83460.992188,0.956660,1.000000,1.000000,1.000000,1.000000,1.000000,1.000000,1.000000,0.726233,1.000000,0.483719,0.000000
71.863754,4.000000,1663.241943,1.116780,701.770774,0.101209,0.000000,95.530113,83.588676,87.158643,-3.181383,0.253962,-3.797212,0.250634,0.320264,-1.168287,-44.106453,-0.212430,-0.011620,0.010577,1.000000,0.999997,0.117987,83460.992188,0.961472,1.000000,1.000000,1.000000,1.000000,1.000000,1.000000,1.000000,0.730188,1.000000,0.480642,0.000000
71.918795,4.000000,1665.695068,1.167489,701.784534,0.100904,0.000000,94.833961,83.014244,86.559719,-3.174747,0.251642,-3.791363,0.249696,0.321274,-1.176369,-44.170692,-0.219921,-0.011402,0.025085,1.000000,0.999997,0.114516,83460.992188,0.957455,1.000000,1.000000,1.000000,1.000000,1.000000,1.000000,1.000000,0.734041,1.000000,0.477924,0.000000
71.973949,4.000000,1668.127441,1.216934,701.798183,0.094495,0.000000,94.140350,82.426308,85.946743,-3.169399,0.251201,-3.784330,0.246526,0.319457,-1.184756,-44.234386,-0.219533,-0.014126,0.036158,1.000000,0.999997,0.069352,83460.992188,0.957242,1.000000,1.000000,1.000000,1.000000,1.000000,1.000000,1.000000,0.737902,1.000000,0.473180,0.000000
72.028691,4.000000,1670.551636,1.265357,701.811609,0.094800,0.000000,93.456253,81.806320,85.300333,-3.167662,0.253075,-3.783855,0.245085,0.319997,-1.193732,-44.297863,-0.212427,-0.017363,0.041436,1.000000,0.999997,-0.006622,83460.992188,0.960644,1.000000,1.000000,1.000000,1.000000,1.000000,1.000000,1.000000,0.741734,1.000000,0.470540,0.000000
72.084597,4.000000,1672.982666,1.313035,701.825372,0.089307,0.000000,92.761765,81.136353,84.601741,-3.170643,0.258811,-3.793387,0.247322,0.325584,-1.203586,-44.361523,-0.201138,-0.020887,0.038209,1.000000,0.999997,-0.098262,83460.992188,0.966938,1.000000,1.000000,1.000000,1.000000,1.000000,1.000000,1.000000,0.745647,1.000000,0.471562,0.000000
72.140785,4.000000,1675.423462,1.359997,701.839463,0.084913,0.000000,92.067429,80.445969,83.881854,-3.177527,0.264704,-3.810766,0.253018,0.335941,-1.213912,-44.425438,-0.198271,-0.018985,0.031986,1.000000,0.999997,-0.136420,83460.992188,0.968561,1.000000,1.000000,1.000000,1.000000,1.000000,1.000000,1.000000,0.749580,1.000000,0.475420,0.000000
72.195059,4.000000,1677.747925,1.403841,701.853376,0.085096,0.000000,91.399849,79.790733,83.198604,-3.184441,0.265888,-3.827797,0.258380,0.345877,-1.223878,-44.486305,-0.204385,-0.012805,0.024277,1.000000,0.999997,-0.123339,83460.992188,0.967638,1.000000,1.000000,1.000000,1.000000,1.000000,1.000000,1.000000,0.753380,1.000000,0.479072,0.000000
72.250140,4.000000,1680.074097,1.446807,701.867767,0.085157,0.000000,90.724762,79.133003,82.512745,-3.190444,0.261149,-3.842102,0.262671,0.354544,-1.234048,-44.547218,-0.212627,-0.006100,0.016619,1.000000,0.999997,-0.100345,83460.992188,0.962958,1.000000,1.000000,1.000000,1.000000,1.000000,1.000000,1.000000,0.757235,1.000000,0.481259,0.000000
72.304954,4.000000,1682.400146,1.488809,701.882294,0.089063,0.000000,90.055130,78.483879,81.835895,-3.194861,0.250828,-3.854461,0.266578,0.362794,-1.244252,-44.608128,-0.223810,-0.000376,0.007059,1.000000,0.999997,-0.063503,83460.992188,0.959039,1.000000,1.000000,1.000000,1.000000,1.000000,1.000000,1.000000,0.761072,1.000000,0.483223,0.000000
72.358279,4.000000,1684.636719,1.528255,701.896430,0.087659,0.000000,89.405746,77.872726,81.198701,-3.196920,0.238537,-3.854938,0.263928,0.362006,-1.254013,-44.666695,-0.236936,0.000050,-0.002633,1.000000,0.999997,-0.019030,83460.992188,0.952364,1.000000,1.000000,1.000000,1.000000,1.000000,1.000000,1.000000,0.764805,1.000000,0.478386,0.000000
72.411290,4.000000,1686.833252,1.566102,701.910179,0.094068,0.000000,88.762138,77.275017,80.575581,-3.198068,0.227904,-3.836837,0.255261,0.352825,-1.263707,-44.724213,-0.225421,-0.001683,-0.013187,1.000000,0.999997,-0.112562,83460.992188,0.845662,1.000000,1.000000,1.000000,1.000000,1.000000,1.000000,1.000000,0.768516,1.000000,0.460856,0.000000
72.464893,4.000000,1689.042480,1.603316,701.922389,0.102430,0.000000,88.113449,76.667961,79.943044,-3.214546,0.219023,-3.814455,0.219270,0.305477,-1.273703,-44.782066,-0.168057,-0.003462,-0.025263,1.000000,0.999997,-0.433886,83460.992188,0.934537,1.000000,1.000000,1.000000,1.000000,1.000000,1.000000,1.000000,0.772268,1.000000,0.429414,0.000000
72.518052,4.000000,1691.220215,1.639170,701.933715,0.105970,0.000000,87.472321,76.052177,79.301046,-3.241601,0.211692,-3.834410,0.211268,0.296712,-1.284011,-44.839092,-0.142481,-0.004132,-0.035583,1.000000,0.999997,-0.559565,83460.992188,0.951366,1.000000,1.000000,1.000000,1.000000,1.000000,1.000000,1.000000,0.775989,1.000000,0.420977,0.000000
72.569908,4.000000,1693.329346,1.673118,701.944481,0.109022,0.000000,86.848953,75.447792,78.670941,-3.272056,0.205331,-3.859138,0.205824,0.291381,-1.294292,-44.894321,-0.129783,-0.005901,-0.042458,1.000000,0.999997,-0.606326,83460.992188,0.946523,1.000000,1.000000,1.000000,1.000000,1.000000,1.000000,1.000000,0.779619,1.000000,0.413651,0.000000
72.621757,4.000000,1695.396240,1.705681,701.954995,0.102064,0.000000,86.227371,74.843620,78.041007,-3.304857,0.202792,-3.889264,0.201744,0.287910,-1.304735,-44.948444,-0.114925,-0.012023,-0.046492,1.000000,0.999997,-0.660106,83460.992188,0.954958,1.000000,1.000000,1.000000,1.000000,1.000000,1.000000,1.000000,0.783248,1.000000,0.408467,0.000000
72.678263,4.000000,1697.633423,1.740183,701.966438,0.093763,0.000000,85.551254,74.166100,77.334540,-3.344357,0.207349,-3.936408,0.204007,0.293799,-1.316650,-45.007027,-0.094253,-0.021508,-0.047313,1.000000,0.999997,-0.735924,83460.992188,0.970360,1.000000,1.000000,1.000000,1.000000,1.000000,1.000000,1.000000,0.787204,1.000000,0.410045,0.000000
72.730323,4.000000,1699.700439,1.771437,701.977318,0.088453,0.000000,84.929253,73.528709,76.669873,-3.383938,0.218468,-3.989556,0.211620,0.307405,-1.328060,-45.061153,-0.080060,-0.027315,-0.049449,1.000000,0.999997,-0.772196,83460.992188,0.969237,1.000000,1.000000,1.000000,1.000000,1.000000,1.000000,1.000000,0.790848,1.000000,0.415878,0.000000
72.787375,4.000000,1701.926880,1.804493,701.989614,0.080030,0.000000,84.248672,72.847656,75.959677,-3.427649,0.232995,-4.044112,0.217399,0.318753,-1.340473,-45.119453,-0.075181,-0.029423,-0.051364,1.000000,0.999997,-0.750892,83460.992188,0.962707,1.000000,1.000000,1.000000,1.000000,1.000000,1.000000,1.000000,0.794842,1.000000,0.419393,0.000000
72.840846,4.000000,1704.016846,1.834979,702.001359,0.074293,0.000000,83.610878,72.212280,75.297139,-3.466422,0.246917,-4.091361,0.221111,0.327048,-1.352263,-45.174183,-0.075011,-0.029149,-0.052818,1.000000,0.999997,-0.709144,83460.992188,0.962760,1.000000,1.000000,1.000000,1.000000,1.000000,1.000000,1.000000,0.798585,1.000000,0.421475,0.000000
72.897123,4.000000,1706.167847,1.865840,702.013420,0.076368,0.000000,82.940697,71.572517,74.630299,-3.504533,0.267368,-4.089938,0.199818,0.298195,-1.364341,-45.230507,-0.083564,-0.058245,-0.048202,1.000000,0.999997,-0.620317,83460.992188,0.866932,1.000000,1.000000,1.000000,1.000000,1.000000,1.000000,1.000000,0.800000,1.000000,0.391278,0.000000
72.953233,4.000000,1708.302246,1.896148,702.023109,0.088636,0.000000,82.273331,70.974518,74.007127,-3.534175,0.325812,-4.069559,0.161781,0.243464,-1.375825,-45.286400,-0.107056,-0.094448,-0.039055,1.000000,0.999997,-0.462292,83460.992188,0.909947,1.000000,1.000000,1.000000,1.000000,1.000000,1.000000,1.000000,0.800000,1.000000,0.354670,0.000000
73.014740,4.000000,1710.399658,1.925841,702.031138,0.100477,0.000000,81.542610,70.397537,73.405860,-3.557155,0.399095,-3.995045,0.111049,0.168487,-1.387090,-45.341324,-0.139416,-0.076041,-0.042507,1.000000,0.999997,-0.268189,83460.992188,0.824970,1.000000,1.000000,1.000000,1.000000,1.000000,1.000000,1.000000,0.800000,1.000000,0.287228,0.000000
73.071597,4.000000,1712.756836,1.959087,702.034583,0.105421,0.000000,80.870605,69.782501,72.764825,-3.566920,0.434444,-3.921180,0.042770,0.065464,-1.399305,-45.403046,-0.168053,-0.052935,-0.048340,1.000000,0.999997,-0.111436,83460.992188,0.883949,1.000000,1.000000,1.000000,1.000000,1.000000,1.000000,1.000000,0.800000,1.000000,0.230279,0.000000
73.121940,4.000000,1714.628662,1.985249,702.035623,0.117139,0.000000,80.278412,69.254509,72.214308,-3.570445,0.451036,-3.880720,0.012060,0.018600,-1.409969,-45.452061,-0.182370,-0.040597,-0.051131,1.000000,0.999997,-0.039599,83460.992188,0.907458,1.000000,1.000000,1.000000,1.000000,1.000000,1.000000,1.000000,0.800000,1.000000,0.200029,0.000000
73.177002,4.000000,1716.693359,2.013768,702.035299,0.129041,0.000000,79.634178,68.656792,71.591047,-3.570968,0.459062,-3.840560,-0.014904,-0.023186,-1.422239,-45.506130,-0.195122,-0.033254,-0.052985,1.000000,0.999997,0.018555,83460.992188,0.913243,1.000000,1.000000,1.000000,1.000000,1.000000,1.000000,1.000000,0.800000,1.000000,0.172225,0.000000
73.232203,4.000000,1718.692749,2.041008,702.033776,0.128980,0.000000,78.991783,68.077652,70.987125,-3.568112,0.462613,-3.814108,-0.031871,-0.050003,-1.434333,-45.558483,-0.209345,-0.028788,-0.055632,1.000000,0.999997,0.079742,83460.992188,0.946367,1.000000,1.000000,1.000000,1.000000,1.000000,1.000000,1.000000,0.800000,1.000000,0.155762,0.000000
73.286270,4.000000,1720.602417,2.066649,702.031864,0.121107,0.000000,78.365463,67.505905,70.390930,-3.562734,0.459597,-3.801743,-0.036603,-0.057914,-1.446476,-45.608490,-0.219132,-0.019706,-0.058006,1.000000,0.999997,0.111283,83460.992188,0.954920,1.000000,1.000000,1.000000,1.000000,1.000000,1.000000,1.000000,0.800000,1.000000,0.150054,0.000000
73.343539,4.000000,1722.701782,2.094373,702.029844,0.108045,0.000000,77.705803,66.851501,69.708571,-3.556173,0.448486,-3.801911,-0.033265,-0.053148,-1.460630,-45.663464,-0.224782,-0.012304,-0.059199,1.000000,0.999997,0.115058,83460.992188,0.971191,1.000000,1.000000,1.000000,1.000000,1.000000,1.000000,1.000000,0.800000,1.000000,0.152900,0.000000
73.400548,4.000000,1724.739258,2.120778,702.028337,0.103101,0.000000,77.052155,66.211281,69.041005,-3.549252,0.433360,-3.813269,-0.022193,-0.035800,-1.474746,-45.716816,-0.230959,-0.009549,-0.060195,1.000000,0.999997,0.118220,83460.992188,0.979141,1.000000,1.000000,1.000000,1.000000,1.000000,1.000000,1.000000,0.800000,1.000000,0.162831,0.000000
73.457188,4.000000,1726.728760,2.146084,702.027511,0.093275,0.000000,76.405312,65.573463,68.375922,-3.543312,0.419298,-3.824012,-0.011203,-0.018247,-1.489085,-45.768913,-0.230900,-0.010981,-0.060127,1.000000,0.999997,0.085395,83460.992188,0.971010,1.000000,1.000000,1.000000,1.000000,1.000000,1.000000,1.000000,0.800000,1.000000,0.171552,0.000000
73.507419,4.000000,1728.499023,2.168233,702.027238,0.088941,0.000000,75.833351,64.999084,67.776998,-3.540284,0.407672,-3.835574,-0.002366,-0.003888,-1.496553,-45.815269,-0.226741,-0.010621,-0.060649,1.000000,0.999997,0.036162,83460.992188,0.975794,1.000000,1.000000,1.000000,1.000000,1.000000,1.000000,1.000000,0.800000,1.000000,0.178980,0.000000
73.562649,4.000000,1730.421265,2.191913,702.027379,0.087965,0.000000,75.206223,64.371346,67.122431,-3.539831,0.395447,-3.844819,0.004471,0.007418,-1.496553,-45.865604,-0.221763,-0.010969,-0.060367,1.000000,0.999997,-0.015263,83460.992188,0.961713,1.000000,1.000000,1.000000,1.000000,1.000000,1.000000,1.000000,0.800000,1.000000,0.183151,0.000000
73.617821,4.000000,1732.306396,2.214785,702.027740,0.094556,0.000000,74.581139,63.751808,66.476413,-3.542070,0.386052,-3.853756,0.008161,0.013673,-1.496553,-45.914970,-0.217749,-0.015173,-0.059265,1.000000,0.999997,-0.056581,83460.992188,0.964875,1.000000,1.000000,1.000000,1.000000,1.000000,1.000000,1.000000,0.800000,1.000000,0.185415,0.000000
73.668626,4.000000,1734.022095,2.235330,702.028238,0.097425,0.000000,74.006363,63.189400,65.889969,-3.545269,0.381419,-3.859050,0.010100,0.017071,-1.496553,-45.959896,-0.218396,-0.019067,-0.058089,1.000000,0.999997,-0.068485,83460.992188,0.953223,1.000000,1.000000,1.000000,1.000000,1.000000,1.000000,1.000000,0.800000,1.000000,0.185030,0.000000
73.724226,4.000000,1735.904175,2.257617,702.028724,0.102003,0.000000,73.378548,62.570602,65.244737,-3.549428,0.379503,-3.859452,0.007974,0.013611,-1.496553,-46.009182,-0.219031,-0.021780,-0.057301,1.000000,0.999997,-0.080650,83460.992188,0.951731,1.000000,1.000000,1.000000,1.000000,1.000000,1.000000,1.000000,0.800000,1.000000,0.181047,0.000000
73.778136,4.000000,1737.711670,2.278796,702.029095,0.101636,0.000000,72.770950,61.968899,64.617309,-3.553918,0.379239,-3.862351,0.006683,0.011519,-1.496553,-46.056511,-0.220012,-0.021950,-0.056690,1.000000,0.999997,-0.089505,83460.992188,0.956621,1.000000,1.000000,1.000000,1.000000,1.000000,1.000000,1.000000,0.800000,1.000000,0.178404,0.000000
73.830266,4.000000,1739.442261,2.298881,702.029438,0.096632,0.000000,72.184326,61.388222,64.011816,-3.558655,0.377949,-3.867497,0.006781,0.011798,-1.496553,-46.101830,-0.222133,-0.020275,-0.056513,1.000000,0.999997,-0.090743,83460.992188,0.957809,1.000000,1.000000,1.000000,1.000000,1.000000,1.000000,1.000000,0.800000,1.000000,0.176990,0.000000
73.881611,4.000000,1741.107666,2.318024,702.029797,0.095899,0.000000,71.607391,60.828453,63.428130,-3.563281,0.376137,-3.872316,0.007074,0.012421,-1.496553,-46.145439,-0.224094,-0.020513,-0.055841,1.000000,0.999997,-0.092615,83460.992188,0.954429,1.000000,1.000000,1.000000,1.000000,1.000000,1.000000,1.000000,0.800000,1.000000,0.175485,0.000000
73.935746,4.000000,1742.862183,2.337999,702.030133,0.091810,0.000000,70.999695,60.236496,62.810883,-3.568588,0.375326,-3.877731,0.006396,0.011342,-1.496553,-46.191383,-0.224153,-0.021650,-0.055322,1.000000,0.999997,-0.104829,83460.992188,0.964793,1.000000,1.000000,1.000000,1.000000,1.000000,1.000000,1.000000,0.800000,1.000000,0.173848,0.000000
73.989270,4.000000,1744.571289,2.357279,702.030653,0.086805,0.000000,70.399796,59.654453,62.203965,-3.574215,0.374484,-3.893570,0.011795,0.021118,-1.496553,-46.236137,-0.226205,-0.021054,-0.054865,1.000000,0.999997,-0.105035,83460.992188,0.966924,1.000000,1.000000,1.000000,1.000000,1.000000,1.000000,1.000000,0.800000,1.000000,0.177861,0.000000
74.042700,4.000000,1746.254272,2.376089,702.031392,0.091138,0.000000,69.801811,59.081375,61.606391,-3.579521,0.373261,-3.903491,0.014542,0.026290,-1.496553,-46.280209,-0.231476,-0.020319,-0.053917,1.000000,0.999997,-0.087749,83460.992188,0.962539,1.000000,1.000000,1.000000,1.000000,1.000000,1.000000,1.000000,0.800000,1.000000,0.178694,0.000000
74.096502,4.000000,1747.970459,2.395092,702.032225,0.096693,0.000000,69.200577,58.505581,61.005984,-3.582550,0.371665,-3.908139,0.015792,0.028830,-1.496553,-46.325150,-0.245101,-0.020732,-0.055133,1.000000,0.999997,-0.028122,83460.992188,0.956522,1.000000,1.000000,1.000000,1.000000,1.000000,1.000000,1.000000,0.800000,1.000000,0.177879,0.000000
74.147551,4.000000,1749.517700,2.412073,702.032914,0.102064,0.000000,68.630844,58.002136,60.481023,-3.582257,0.371974,-3.899418,0.012068,0.022223,-1.496553,-46.365665,-0.260059,-0.023722,-0.054703,1.000000,0.999997,0.034228,83460.992188,0.946922,1.000000,1.000000,1.000000,1.000000,1.000000,1.000000,1.000000,0.800000,1.000000,0.171751,0.000000
74.200364,4.000000,1751.189453,2.430280,702.033221,0.107008,0.000000,68.042847,57.489983,59.946993,-3.578584,0.374031,-3.878276,0.002573,0.004781,-1.496553,-46.409439,-0.276925,-0.024657,-0.053550,1.000000,0.999997,0.100963,83460.992188,0.948402,1.000000,1.000000,1.000000,1.000000,1.000000,1.000000,0.000000,0.800000,1.000000,0.160897,0.000000
74.254169,4.000000,1752.826294,2.447979,702.032876,0.104871,0.000000,67.446732,57.081455,59.520995,-3.570603,0.376754,-3.841671,-0.011783,-0.022048,-1.496553,-46.452301,0.032818,-0.025470,-0.051898,1.000000,0.999997,0.198591,83460.992188,0.943904,1.000000,1.000000,1.000000,1.000000,1.000000,1.000000,0.000000,0.800000,1.000000,0.144499,0.000000
74.310402,4.000000,1754.536743,2.466337,702.031683,0.107252,0.000000,66.827927,56.729233,59.153702,-3.556107,0.377780,-3.802421,-0.025466,-0.047947,-1.496553,-46.497093,0.005713,-0.021551,-0.050240,1.000000,0.999997,0.305220,83460.992188,0.956190,1.000000,1.000000,1.000000,1.000000,1.000000,1.000000,0.000000,0.800000,1.000000,0.130486,0.000000
74.366911,4.000000,1756.264648,2.484719,702.029819,0.106946,0.000000,66.212807,56.408863,58.819611,-3.536560,0.375598,-3.760544,-0.037039,-0.070132,-1.496553,-46.542339,-0.015966,-0.019136,-0.047782,1.000000,0.999997,0.373844,83460.992188,0.954801,1.000000,1.000000,1.000000,1.000000,1.000000,1.000000,0.000000,0.800000,1.000000,0.117978,0.000000
74.421936,4.000000,1757.913696,2.502089,702.027380,0.107740,0.000000,65.622490,56.109032,58.506924,-3.515001,0.372445,-3.719357,-0.047585,-0.090583,-1.496553,-46.585522,-0.029828,-0.017961,-0.043836,1.000000,0.999997,0.396799,83460.992188,0.962340,1.000000,1.000000,1.000000,1.000000,1.000000,1.000000,0.000000,0.800000,1.000000,0.107043,0.000000
74.478016,4.000000,1759.603027,2.519696,702.024450,0.105054,0.000000,65.031052,55.787560,58.171688,-3.493594,0.369113,-3.685905,-0.054198,-0.103765,-1.496553,-46.629757,-0.032129,-0.018512,-0.037530,1.000000,0.999997,0.355778,83460.992188,0.969227,1.000000,1.000000,1.000000,1.000000,1.000000,1.000000,0.000000,0.800000,1.000000,0.100139,0.000000
74.532115,4.000000,1761.211670,2.536282,702.021483,0.107069,0.000000,64.471436,55.454636,57.824532,-3.476366,0.366449,-3.669849,-0.054115,-0.104229,-1.496553,-46.671883,-0.026886,-0.018759,-0.028214,1.000000,0.999997,0.280290,83460.992188,0.979884,1.000000,1.000000,1.000000,1.000000,1.000000,1.000000,0.000000,0.800000,1.000000,0.100133,0.000000
74.585686,4.000000,1762.793213,2.552414,702.018691,0.106336,0.000000,63.928005,55.088539,57.442787,-3.463949,0.364836,-3.664474,-0.050726,-0.098350,-1.496553,-46.713295,-0.016919,-0.019978,-0.014345,1.000000,0.999997,0.186065,83460.992188,0.985770,1.000000,1.000000,1.000000,1.000000,1.000000,1.000000,0.000000,0.800000,1.000000,0.103068,0.000000
74.640332,4.000000,1764.406860,2.568693,702.016267,0.101575,0.000000,63.384304,54.653877,56.989579,-3.456455,0.364885,-3.678618,-0.040135,-0.078435,-1.496553,-46.755550,-0.005662,-0.021034,0.006171,1.000000,0.999997,0.091359,83460.992188,0.996193,1.000000,1.000000,1.000000,1.000000,1.000000,1.000000,0.000000,0.800000,1.000000,0.113272,0.000000
74.694109,4.000000,1765.976196,2.584348,702.014693,0.092725,0.000000,62.858894,54.194305,56.510395,-3.453548,0.365831,-3.709149,-0.023098,-0.045523,-1.496553,-46.796646,0.002919,-0.022245,0.026531,1.000000,0.999997,0.017447,83460.992188,0.997546,1.000000,1.000000,1.000000,1.000000,1.000000,1.000000,0.000000,0.800000,1.000000,0.129214,0.000000
74.748253,4.000000,1767.529419,2.599655,702.013989,0.081800,0.000000,62.338261,53.724129,56.020141,-3.454623,0.368256,-3.739661,-0.007920,-0.015747,-1.496553,-46.837318,0.011795,-0.023538,0.044285,1.000000,0.999997,-0.053665,83460.992188,0.990531,1.000000,1.000000,1.000000,1.000000,1.000000,1.000000,0.000000,0.800000,1.000000,0.142802,0.000000
74.803059,4.000000,1769.101563,2.614937,702.013993,0.077833,0.000000,61.818634,53.233391,55.508430,-3.458708,0.372249,-3.766506,0.003948,0.007922,-1.496553,-46.878487,0.016717,-0.025109,0.057485,1.000000,0.999997,-0.098934,83460.992188,0.981955,1.000000,1.000000,1.000000,1.000000,1.000000,1.000000,0.000000,0.800000,1.000000,0.152748,0.000000
74.858818,4.000000,1770.676880,2.630002,702.014497,0.078382,0.000000,61.296326,52.725357,54.978679,-3.465737,0.376242,-3.789461,0.011764,0.023832,-1.496553,-46.919735,0.024851,-0.022930,0.066724,1.000000,0.999997,-0.157143,83460.992188,0.979470,1.000000,1.000000,1.000000,1.000000,1.000000,1.000000,0.000000,0.800000,1.000000,0.159048,0.000000
74.914639,4.000000,1772.244507,2.644673,702.015422,0.077894,0.000000,60.778748,52.203640,54.434657,-3.475791,0.376157,-3.815748,0.019363,0.039617,-1.496553,-46.960785,0.032333,-0.018441,0.071318,1.000000,0.999997,-0.206225,83460.992188,0.979174,1.000000,1.000000,1.000000,1.000000,1.000000,1.000000,0.000000,0.800000,1.000000,0.165319,0.000000
74.969525,4.000000,1773.767334,2.658533,702.016749,0.078016,0.000000,60.273972,51.676048,53.884514,-3.487849,0.374181,-3.842575,0.026472,0.054716,-1.496553,-47.000664,0.037520,-0.018146,0.072189,1.000000,0.999997,-0.238339,83460.992188,0.973733,1.000000,1.000000,1.000000,1.000000,1.000000,1.000000,0.000000,0.800000,1.000000,0.170712,0.000000
75.023742,4.000000,1775.264282,2.671725,702.018358,0.078565,0.000000,59.778252,51.135735,53.321105,-3.501093,0.373083,-3.865249,0.030995,0.064740,-1.496553,-47.039864,0.039729,-0.019269,0.069133,1.000000,0.999997,-0.251209,83460.992188,0.967105,1.000000,1.000000,1.000000,1.000000,1.000000,1.000000,0.000000,0.800000,1.000000,0.173381,0.000000
75.077432,4.000000,1776.720337,2.684113,702.020067,0.079603,0.000000,59.289158,50.594139,52.756357,-3.513921,0.372291,-3.878979,0.031696,0.066914,-1.496553,-47.077991,0.035080,-0.019312,0.062521,1.000000,0.999997,-0.226173,83460.992188,0.957202,1.000000,1.000000,1.000000,1.000000,1.000000,1.000000,0.000000,0.800000,1.000000,0.171925,0.000000
75.132182,4.000000,1778.205078,2.696255,702.021701,0.086866,0.000000,58.791260,50.045345,52.184128,-3.524781,0.372072,-3.883798,0.028728,0.061313,-1.496553,-47.116871,0.026311,-0.021314,0.056069,1.000000,0.999997,-0.181835,83460.992188,0.953831,1.000000,1.000000,1.000000,1.000000,1.000000,1.000000,0.000000,0.800000,1.000000,0.167209,0.000000
75.186917,4.000000,1779.649414,2.707561,702.023071,0.098096,0.000000,58.293766,49.507790,51.623611,-3.533081,0.375325,-3.879787,0.022949,0.049511,-1.496553,-47.154690,0.015666,-0.027143,0.051430,1.000000,0.999997,-0.131277,83460.992188,0.948296,1.000000,1.000000,1.000000,1.000000,1.000000,1.000000,0.000000,0.800000,1.000000,0.159659,0.000000
75.244815,4.000000,1781.109985,2.718492,702.024126,0.104932,0.000000,57.766987,48.963913,51.056494,-3.538313,0.384234,-3.869284,0.016134,0.035194,-1.496553,-47.192936,0.001311,-0.032078,0.046301,1.000000,0.999997,-0.066622,83460.992188,0.944207,1.000000,1.000000,1.000000,1.000000,1.000000,1.000000,0.000000,0.800000,1.000000,0.150591,0.000000
75.295421,4.000000,1782.493042,2.728377,702.024632,0.108778,0.000000,57.306110,48.447163,50.517674,-3.540515,0.393490,-3.853758,0.007467,0.016462,-1.496553,-47.229153,-0.007849,-0.032976,0.041757,1.000000,0.999997,-0.032477,83460.992188,0.944762,1.000000,1.000000,1.000000,1.000000,1.000000,1.000000,0.000000,0.800000,1.000000,0.141004,0.000000
75.350472,4.000000,1783.925415,2.738113,702.024756,0.106702,0.000000,56.804153,47.898563,49.945627,-3.541531,0.402727,-3.838792,-0.000198,-0.000443,-1.496553,-47.266663,-0.014618,-0.031161,0.035961,1.000000,0.999997,-0.014124,83460.992188,0.949481,1.000000,1.000000,1.000000,1.000000,1.000000,1.000000,0.000000,0.800000,1.000000,0.132238,0.000000
75.406706,4.000000,1785.355469,2.747276,702.024572,0.103895,0.000000,56.290211,47.345215,49.368637,-3.541550,0.408463,-3.830626,-0.004321,-0.009748,-1.496553,-47.304108,-0.021989,-0.027810,0.030773,1.000000,0.999997,0.006322,83460.992188,0.955427,1.000000,1.000000,1.000000,1.000000,1.000000,1.000000,0.000000,0.800000,1.000000,0.127072,0.000000
75.461411,4.000000,1786.737671,2.755551,702.024233,0.107679,0.000000,55.789078,46.797260,48.797260,-3.540848,0.411967,-3.824226,-0.007003,-0.015984,-1.496553,-47.340302,-0.026488,-0.026658,0.025025,1.000000,0.999997,0.010520,83460.992188,0.958877,1.000000,1.000000,1.000000,1.000000,1.000000,1.000000,0.000000,0.800000,1.000000,0.123119,0.000000
75.517856,4.000000,1788.124878,2.763251,702.023830,0.104200,0.000000,55.270359,46.242085,48.218357,-3.540138,0.414421,-3.824242,-0.006932,-0.016011,-1.496553,-47.376629,-0.030250,-0.026004,0.021246,1.000000,0.999997,0.010050,83460.992188,0.963158,1.000000,1.000000,1.000000,1.000000,1.000000,1.000000,0.000000,0.800000,1.000000,0.121969,0.000000
75.574553,4.000000,1789.535400,2.770445,702.023453,0.109571,0.000000,54.747608,45.681831,47.634156,-3.539157,0.417113,-3.822420,-0.006784,-0.015861,-1.496553,-47.413563,-0.036408,-0.026887,0.021067,1.000000,0.999997,0.022060,83460.992188,0.958078,1.000000,1.000000,1.000000,1.000000,1.000000,1.000000,0.000000,0.800000,1.000000,0.120176,0.000000
75.628996,4.000000,1790.852051,2.776593,702.022956,0.112867,0.000000,54.244263,45.179440,47.110289,-3.537185,0.419429,-3.811512,-0.010375,-0.024527,-1.496553,-47.448044,-0.044704,-0.026348,0.025044,1.000000,0.999997,0.045247,83460.992188,0.958284,1.000000,1.000000,1.000000,1.000000,1.000000,1.000000,0.000000,0.800000,1.000000,0.115095,0.000000
75.684518,4.000000,1792.193726,2.782300,702.022286,0.113233,0.000000,53.729664,44.687626,46.597459,-3.533572,0.421386,-3.803473,-0.012429,-0.029708,-1.496553,-47.483173,-0.055652,-0.025651,0.034137,1.000000,0.999997,0.080251,83460.992188,0.963572,1.000000,1.000000,1.000000,1.000000,1.000000,1.000000,0.000000,0.800000,1.000000,0.112013,0.000000
75.739945,4.000000,1793.502441,2.787325,702.021537,0.112379,0.000000,53.215336,44.226162,46.116269,-3.527849,0.422982,-3.793267,-0.014065,-0.033967,-1.496553,-47.517445,-0.067380,-0.025860,0.047403,1.000000,0.999997,0.115948,83460.992188,0.963255,1.000000,1.000000,1.000000,1.000000,1.000000,1.000000,0.000000,0.800000,1.000000,0.109002,0.000000
75.793229,4.000000,1794.777710,2.791719,702.020704,0.109022,0.000000,52.721130,43.792355,45.663917,-3.520636,0.425849,-3.780517,-0.016284,-0.039716,-1.496553,-47.550838,-0.078644,-0.028048,0.064136,1.000000,0.999997,0.147297,83460.992188,0.964689,1.000000,1.000000,1.000000,1.000000,1.000000,1.000000,0.000000,0.800000,1.000000,0.105671,0.000000
75.846382,4.000000,1796.012329,2.795517,702.019792,0.101209,0.000000,52.228970,43.383644,45.237734,-3.511898,0.430468,-3.769329,-0.017301,-0.042594,-1.496553,-47.583168,-0.088790,-0.029514,0.083693,1.000000,0.999997,0.169782,83460.992188,0.967174,1.000000,1.000000,1.000000,1.000000,1.000000,1.000000,0.000000,0.800000,1.000000,0.103653,0.000000
75.901876,4.000000,1797.286011,2.798972,702.018813,0.094617,0.000000,51.716629,42.967899,44.804213,-3.501594,0.436322,-3.758731,-0.017567,-0.043669,-1.496553,-47.616520,-0.098846,-0.029810,0.104700,1.000000,0.999997,0.187942,83460.992188,0.971555,1.000000,1.000000,1.000000,1.000000,1.000000,1.000000,0.000000,0.800000,1.000000,0.102482,0.000000
75.958048,4.000000,1798.574341,2.801970,702.017945,0.090955,0.000000,51.200459,42.547626,44.365990,-3.490499,0.442454,-3.759710,-0.013441,-0.033743,-1.496553,-47.650257,-0.106844,-0.031039,0.126102,1.000000,0.999997,0.192303,83460.992188,0.982848,1.000000,1.000000,1.000000,1.000000,1.000000,1.000000,0.000000,0.800000,1.000000,0.106219,0.000000
76.012649,4.000000,1799.819580,2.804361,702.017427,0.084424,0.000000,50.701809,42.140587,43.941557,-3.480090,0.449433,-3.764371,-0.007318,-0.018548,-1.496553,-47.682865,-0.110741,-0.031229,0.147270,1.000000,0.999997,0.174246,83460.992188,0.981147,1.000000,1.000000,1.000000,1.000000,1.000000,1.000000,0.000000,0.800000,1.000000,0.111065,0.000000
76.067048,4.000000,1801.036377,2.806170,702.017230,0.081556,0.000000,50.208378,41.745075,43.529139,-3.471003,0.455885,-3.771013,-0.001291,-0.003303,-1.496553,-47.714729,-0.112546,-0.030596,0.167853,1.000000,0.999997,0.145631,83460.992188,0.980851,1.000000,1.000000,1.000000,1.000000,1.000000,1.000000,0.000000,0.800000,1.000000,0.116071,0.000000
76.124035,4.000000,1802.289917,2.807427,702.017348,0.081922,0.000000,49.695339,41.333969,43.100475,-3.463316,0.462278,-3.776798,0.003769,0.009738,-1.496553,-47.747555,-0.112759,-0.030534,0.189211,1.000000,0.999997,0.108257,83460.992188,0.981953,1.000000,1.000000,1.000000,1.000000,1.000000,1.000000,0.000000,0.800000,1.000000,0.120023,0.000000
76.178585,4.000000,1803.503296,2.807996,702.017795,0.083875,0.000000,49.208534,40.935280,42.684743,-3.457835,0.468525,-3.790028,0.010664,0.027824,-1.496553,-47.779327,-0.113689,-0.031144,0.208742,1.000000,0.999997,0.079263,83460.992188,0.982918,1.000000,1.000000,1.000000,1.000000,1.000000,1.000000,0.000000,0.800000,1.000000,0.125934,0.000000
76.233711,4.000000,1804.697998,2.807880,702.018504,0.083082,0.000000,48.720890,40.544529,42.277283,-3.453357,0.475107,-3.791087,0.013315,0.035077,-1.496553,-47.810612,-0.116847,-0.031091,0.227259,1.000000,0.999997,0.064015,83460.992188,0.970867,1.000000,1.000000,1.000000,1.000000,1.000000,1.000000,0.000000,0.800000,1.000000,0.126715,0.000000
76.285274,4.000000,1805.808472,2.807113,702.019121,0.083448,0.000000,48.268684,40.186298,41.903747,-3.449772,0.480057,-3.780740,0.011053,0.029378,-1.496553,-47.839691,-0.120797,-0.028883,0.242730,1.000000,0.999997,0.056250,83460.992188,0.963031,1.000000,1.000000,1.000000,1.000000,1.000000,1.000000,0.000000,0.800000,1.000000,0.122945,0.000000
76.341692,4.000000,1807.021851,2.805468,702.019575,0.085828,0.000000,47.778824,39.790417,41.490948,-3.446249,0.483758,-3.768302,0.007007,0.018808,-1.496553,-47.871464,-0.124613,-0.028178,0.258514,1.000000,0.999997,0.045594,83460.992188,0.969782,1.000000,1.000000,1.000000,1.000000,1.000000,1.000000,0.000000,0.800000,1.000000,0.118311,0.000000
76.395751,4.000000,1808.171753,2.803042,702.019917,0.085889,0.000000,47.314331,39.403427,41.087418,-3.443712,0.487451,-3.764581,0.006155,0.016684,-1.496553,-47.901573,-0.126201,-0.028387,0.272359,1.000000,0.999997,0.025588,83460.992188,0.970764,1.000000,1.000000,1.000000,1.000000,1.000000,1.000000,0.000000,0.800000,1.000000,0.116620,0.000000
76.449423,4.000000,1809.296631,2.799784,702.020250,0.087232,0.000000,46.857716,39.013123,40.680435,-3.442223,0.491280,-3.764524,0.006363,0.017422,-1.496553,-47.931030,-0.127527,-0.029242,0.282881,1.000000,0.999997,0.006213,83460.992188,0.970932,1.000000,1.000000,1.000000,1.000000,1.000000,1.000000,0.000000,0.800000,1.000000,0.115881,0.000000
76.503216,4.000000,1810.408691,2.795646,702.020575,0.089124,0.000000,46.404400,38.609158,40.259213,-3.441974,0.495873,-3.763047,0.005808,0.016068,-1.496553,-47.960152,-0.127159,-0.029625,0.289842,1.000000,0.999997,-0.020379,83460.992188,0.967825,1.000000,1.000000,1.000000,1.000000,1.000000,1.000000,0.000000,0.800000,1.000000,0.114124,0.000000
76.557597,4.000000,1811.530518,2.790516,702.020836,0.089307,0.000000,45.950134,38.177799,39.809419,-3.443500,0.499373,-3.761367,0.004340,0.012141,-1.496553,-47.989529,-0.123913,-0.027224,0.287241,1.000000,0.999997,-0.059783,83460.992188,0.967769,1.000000,1.000000,1.000000,1.000000,1.000000,1.000000,0.000000,0.800000,1.000000,0.111592,0.000000
76.614542,4.000000,1812.649048,2.784580,702.021096,0.087171,0.000000,45.478020,37.711140,39.322813,-3.447895,0.500132,-3.769149,0.004961,0.014052,-1.496553,-48.018818,-0.116757,-0.025635,0.269245,1.000000,0.999997,-0.116821,83460.992188,0.969947,1.000000,1.000000,1.000000,1.000000,1.000000,1.000000,0.000000,0.800000,1.000000,0.111242,0.000000
76.670205,4.000000,1813.788940,2.777781,702.021514,0.087354,0.000000,45.019394,37.180145,38.769121,-3.455488,0.500759,-3.792482,0.009435,0.027105,-1.496553,-48.048664,-0.108731,-0.027299,0.238251,1.000000,0.999997,-0.172936,83460.992188,0.975303,1.000000,1.000000,1.000000,1.000000,1.000000,1.000000,0.000000,0.800000,1.000000,0.115049,0.000000
76.721306,4.000000,1814.805664,2.771112,702.022258,0.086011,0.000000,44.599499,36.659439,38.226156,-3.465140,0.502237,-3.824743,0.017066,0.049722,-1.496553,-48.075291,-0.102706,-0.029099,0.202649,1.000000,0.999997,-0.212580,83460.992188,0.972902,1.000000,1.000000,1.000000,1.000000,1.000000,1.000000,0.000000,0.800000,1.000000,0.121129,0.000000
76.773142,4.000000,1815.810059,2.763916,702.023353,0.086256,0.000000,44.173561,36.137371,37.681767,-3.476280,0.504995,-3.853726,0.023032,0.068075,-1.496553,-48.101589,-0.101193,-0.031687,0.169132,1.000000,0.999997,-0.224725,83460.992188,0.970020,1.000000,1.000000,1.000000,1.000000,1.000000,1.000000,0.000000,0.800000,1.000000,0.125399,0.000000
76.828855,4.000000,1816.867432,2.755571,702.024727,0.084608,0.000000,43.711582,35.596191,37.117453,-3.488232,0.509861,-3.870215,0.024896,0.074703,-1.496553,-48.129280,-0.103891,-0.034481,0.138415,1.000000,0.999997,-0.213497,83460.992188,0.959763,1.000000,1.000000,1.000000,1.000000,1.000000,1.000000,0.000000,0.800000,1.000000,0.125025,0.000000
76.885184,4.000000,1817.959961,2.746062,702.026089,0.083814,0.000000,43.246414,35.021534,36.518244,-3.500441,0.515915,-3.881045,0.023972,0.073109,-1.496553,-48.157887,-0.102561,-0.036031,0.110142,1.000000,0.999997,-0.224225,83460.992188,0.960677,1.000000,1.000000,1.000000,1.000000,1.000000,1.000000,0.000000,0.800000,1.000000,0.122646,0.000000
76.942311,4.000000,1819.005737,2.735996,702.027419,0.084486,0.000000,42.771927,34.462543,35.935363,-3.512846,0.521797,-3.891880,0.023049,0.071436,-1.496553,-48.185272,-0.105063,-0.035768,0.085663,1.000000,0.999997,-0.213390,83460.992188,0.960880,1.000000,1.000000,1.000000,1.000000,1.000000,1.000000,0.000000,0.800000,1.000000,0.120235,0.000000
76.993990,4.000000,1819.956543,2.725953,702.028615,0.086744,0.000000,42.339890,33.948044,35.398878,-3.523328,0.525627,-3.905705,0.023499,0.073933,-1.496553,-48.210171,-0.108418,-0.034619,0.067180,1.000000,0.999997,-0.198552,83460.992188,0.963561,1.000000,1.000000,1.000000,1.000000,1.000000,1.000000,0.000000,0.800000,1.000000,0.119613,0.000000
77.050670,4.000000,1820.980713,2.714121,702.029983,0.088270,0.000000,41.862881,33.381355,34.807974,-3.533884,0.528022,-3.918953,0.024273,0.077665,-1.496553,-48.236988,-0.113019,-0.032765,0.050068,1.000000,0.999997,-0.178546,83460.992188,0.961303,1.000000,1.000000,1.000000,1.000000,1.000000,1.000000,0.000000,0.800000,1.000000,0.118610,0.000000
77.107603,4.000000,1821.988281,2.701412,702.031354,0.092115,0.000000,41.379990,32.824043,34.226846,-3.543147,0.528475,-3.928971,0.024101,0.078425,-1.496553,-48.263374,-0.119367,-0.031577,0.036863,1.000000,0.999997,-0.150942,83460.992188,0.961409,1.000000,1.000000,1.000000,1.000000,1.000000,1.000000,0.000000,0.800000,1.000000,0.117018,0.000000
77.164600,4.000000,1822.983154,2.687823,702.032743,0.092969,0.000000,40.892700,32.263527,33.642367,-3.550940,0.528171,-3.938877,0.024510,0.081142,-1.496553,-48.289425,-0.126268,-0.031715,0.026929,1.000000,0.999997,-0.122627,83460.992188,0.960525,1.000000,1.000000,1.000000,1.000000,1.000000,1.000000,0.000000,0.800000,1.000000,0.115823,0.000000
77.214794,4.000000,1823.845825,2.675236,702.033932,0.091871,0.000000,40.460327,31.781157,33.139388,-3.556300,0.528927,-3.940370,0.023229,0.078069,-1.496553,-48.312016,-0.134335,-0.033735,0.018472,1.000000,0.999997,-0.089122,83460.992188,0.959452,1.000000,1.000000,1.000000,1.000000,1.000000,1.000000,0.000000,0.800000,1.000000,0.113088,0.000000
77.268983,4.000000,1824.770508,2.660975,702.035118,0.094739,0.000000,39.990551,31.275234,32.611858,-3.559658,0.530871,-3.937354,0.021129,0.072158,-1.496553,-48.336227,-0.147358,-0.034706,0.007411,1.000000,0.999997,-0.033149,83460.992188,0.960090,1.000000,1.000000,1.000000,1.000000,1.000000,1.000000,0.000000,0.800000,1.000000,0.109595,0.000000
77.322458,4.000000,1825.648926,2.646722,702.036127,0.096326,0.000000,39.524128,30.814152,32.131065,-3.559767,0.533480,-3.923677,0.017405,0.060331,-1.496553,-48.359230,-0.162329,-0.036126,-0.005342,1.000000,0.999997,0.028287,83460.992188,0.954380,1.000000,1.000000,1.000000,1.000000,1.000000,1.000000,0.000000,0.800000,1.000000,0.104135,0.000000
77.376967,4.000000,1826.539795,2.631587,702.036800,0.097974,0.000000,39.046322,30.361460,31.659044,-3.556597,0.537109,-3.891626,0.009407,0.033091,-1.496553,-48.382557,-0.177758,-0.037511,-0.018095,1.000000,0.999997,0.087161,83460.992188,0.950749,1.000000,1.000000,1.000000,1.000000,1.000000,1.000000,0.000000,0.800000,1.000000,0.094555,0.000000
77.430831,4.000000,1827.408691,2.616198,702.037000,0.099744,0.000000,38.572701,29.924660,31.203589,-3.550702,0.540606,-3.855450,0.000880,0.003143,-1.496553,-48.405312,-0.190810,-0.036976,-0.030311,1.000000,0.999997,0.130285,83460.992188,0.951952,1.000000,1.000000,1.000000,1.000000,1.000000,1.000000,0.000000,0.800000,1.000000,0.084871,0.000000
77.483495,4.000000,1828.251221,2.600701,702.036737,0.100172,0.000000,38.108952,29.503675,30.764603,-3.543392,0.542956,-3.814732,-0.008128,-0.029425,-1.496553,-48.427376,-0.199430,-0.035916,-0.041491,1.000000,0.999997,0.148536,83460.992188,0.949796,1.000000,1.000000,1.000000,1.000000,1.000000,1.000000,0.000000,0.800000,1.000000,0.074615,0.000000
77.536468,4.000000,1829.081421,2.584901,702.035998,0.099561,0.000000,37.642368,29.089378,30.332588,-3.535584,0.543950,-3.776713,-0.016588,-0.060906,-1.496553,-48.449112,-0.205154,-0.034485,-0.051473,1.000000,0.999997,0.151541,83460.992188,0.957979,1.000000,1.000000,1.000000,1.000000,1.000000,1.000000,0.000000,0.800000,1.000000,0.065500,0.000000
77.588947,4.000000,1829.893433,2.568962,702.034994,0.099866,0.000000,37.180691,28.682461,29.908271,-3.527890,0.543284,-3.757727,-0.019840,-0.073882,-1.496553,-48.470375,-0.209603,-0.032444,-0.060293,1.000000,0.999997,0.148620,83460.992188,0.966607,1.000000,1.000000,1.000000,1.000000,1.000000,1.000000,0.000000,0.800000,1.000000,0.061695,0.000000
77.641658,4.000000,1830.697632,2.552727,702.033888,0.101514,0.000000,36.717949,28.276983,29.485453,-3.520352,0.540547,-3.742253,-0.021579,-0.081508,-1.496553,-48.491436,-0.213817,-0.030007,-0.067680,1.000000,0.999997,0.144441,83460.992188,0.967469,1.000000,1.000000,1.000000,1.000000,1.000000,1.000000,0.000000,0.800000,1.000000,0.058863,0.000000
77.695109,4.000000,1831.493042,2.536258,702.032718,0.102979,0.000000,36.250126,27.871172,29.062299,-3.513366,0.535795,-3.732507,-0.021948,-0.084111,-1.496553,-48.512264,-0.215075,-0.027516,-0.074473,1.000000,0.999997,0.124252,83460.992188,0.968469,1.000000,1.000000,1.000000,1.000000,1.000000,1.000000,0.000000,0.800000,1.000000,0.057419,0.000000
77.750844,4.000000,1832.324219,2.518661,702.031456,0.104932,0.000000,35.764111,27.441751,28.614522,-3.507648,0.528352,-3.721080,-0.022998,-0.089513,-1.496553,-48.534031,-0.214240,-0.024222,-0.080168,1.000000,0.999997,0.093587,83460.992188,0.968193,1.000000,1.000000,1.000000,1.000000,1.000000,1.000000,0.000000,0.800000,1.000000,0.055199,0.000000
77.804892,4.000000,1833.113159,2.501619,702.030198,0.103834,0.000000,35.295086,27.032675,28.187955,-3.503363,0.518760,-3.715206,-0.023173,-0.091559,-1.496553,-48.554688,-0.215479,-0.021567,-0.083392,1.000000,0.999997,0.077090,83460.992188,0.972438,1.000000,1.000000,1.000000,1.000000,1.000000,1.000000,0.000000,0.800000,1.000000,0.054083,0.000000
77.861645,4.000000,1833.916870,2.483966,702.028910,0.101209,0.000000,34.804993,26.605804,27.742840,-3.499969,0.507416,-3.712741,-0.022465,-0.090188,-1.496553,-48.575733,-0.215313,-0.020318,-0.084217,1.000000,0.999997,0.052905,83460.992188,0.970284,1.000000,1.000000,1.000000,1.000000,1.000000,1.000000,0.000000,0.800000,1.000000,0.053537,0.000000
77.914774,4.000000,1834.674927,2.467119,702.027734,0.097974,0.000000,34.348438,26.184465,27.303491,-3.498161,0.496877,-3.710961,-0.022013,-0.089793,-1.496553,-48.595585,-0.213107,-0.019509,-0.079933,1.000000,0.999997,0.020771,83460.992188,0.968104,1.000000,1.000000,1.000000,1.000000,1.000000,1.000000,0.000000,0.800000,1.000000,0.052762,0.000000
77.969759,4.000000,1835.413330,2.450616,702.026561,0.097425,0.000000,33.878258,25.736652,26.836544,-3.498647,0.484337,-3.716938,-0.020739,-0.086070,-1.496553,-48.614922,-0.207267,-0.015502,-0.070313,1.000000,0.999997,-0.028543,83460.992188,0.971653,1.000000,1.000000,1.000000,1.000000,1.000000,1.000000,0.000000,0.800000,1.000000,0.053179,0.000000
78.020631,4.000000,1836.035034,2.436687,702.025663,0.096204,0.000000,33.444572,25.316816,26.398778,-3.501779,0.469814,-3.740443,-0.016729,-0.070576,-1.496553,-48.631199,-0.199784,-0.010757,-0.054211,1.000000,0.999998,-0.082013,83460.992188,0.976651,1.000000,1.000000,1.000000,1.000000,1.000000,1.000000,0.000000,0.800000,1.000000,0.057011,0.000000
78.071471,4.000000,1836.800903,2.419567,702.025052,0.098218,0.000000,33.013050,24.756929,25.814970,-3.507300,0.452079,-3.767740,-0.010303,-0.044449,-1.496553,-48.651257,-0.193621,-0.005427,-0.035956,1.000000,0.999998,-0.125599,83460.992188,0.969781,1.000000,1.000000,1.000000,1.000000,1.000000,1.000000,0.000000,0.800000,1.000000,0.060889,0.000000
78.128463,4.000000,1837.549316,2.403005,702.024614,0.101087,0.000000,32.529522,24.197317,25.231445,-3.515100,0.428899,-3.790896,-0.006505,-0.028714,-1.496553,-48.670853,-0.193310,-0.000847,-0.019873,1.000000,0.999998,-0.136307,83460.992188,0.970055,1.000000,1.000000,1.000000,1.000000,1.000000,1.000000,0.000000,0.800000,1.000000,0.062942,0.000000
78.184677,4.000000,1838.278198,2.387163,702.024383,0.101209,0.000000,32.052025,23.663116,24.674414,-3.522411,0.404114,-3.813133,-0.002908,-0.013128,-1.496553,-48.689941,-0.198767,0.002498,-0.005412,1.000000,0.999998,-0.116424,83460.992188,0.969085,1.000000,1.000000,1.000000,1.000000,1.000000,1.000000,0.000000,0.800000,1.000000,0.064807,0.000000
78.240790,4.000000,1838.973389,2.372428,702.024262,0.100294,0.000000,31.574400,23.174982,24.165425,-3.527707,0.378112,-3.821764,-0.001979,-0.009120,-1.496553,-48.708145,-0.209563,0.005301,0.010643,1.000000,0.999998,-0.070761,83460.992188,0.967422,1.000000,1.000000,1.000000,1.000000,1.000000,1.000000,0.000000,0.800000,1.000000,0.064103,0.000000
78.296315,4.000000,1839.662109,2.358297,702.024175,0.099500,0.000000,31.100943,22.715446,23.686248,-3.529925,0.352759,-3.826022,-0.001401,-0.006587,-1.496553,-48.726177,-0.223519,0.005536,0.027670,1.000000,0.999998,-0.012598,83460.992188,0.967973,1.000000,1.000000,1.000000,1.000000,1.000000,1.000000,0.000000,0.800000,1.000000,0.063196,0.000000
78.347752,4.000000,1840.268677,2.346340,702.024070,0.098279,0.000000,30.661768,22.323277,23.277316,-3.529299,0.331201,-3.820532,-0.002372,-0.011350,-1.496553,-48.742062,-0.235265,0.004417,0.041980,1.000000,0.999998,0.030341,83460.992188,0.968359,1.000000,1.000000,1.000000,1.000000,1.000000,1.000000,0.000000,0.800000,1.000000,0.060981,0.000000
78.399929,4.000000,1840.900146,2.334453,702.023933,0.097059,0.000000,30.216303,21.905504,22.841687,-3.527035,0.311845,-3.819017,-0.002497,-0.012177,-1.496553,-48.758598,-0.243259,0.002714,0.052038,1.000000,0.999998,0.049632,83460.992188,0.971554,1.000000,1.000000,1.000000,1.000000,1.000000,1.000000,0.000000,0.800000,1.000000,0.059925,0.000000
78.452876,4.000000,1841.501343,2.323695,702.023893,0.096204,0.000000,29.764696,21.487453,22.405771,-3.524448,0.295361,-3.834644,0.000532,0.002643,-1.496553,-48.774342,-0.246640,-0.000325,0.057528,1.000000,0.999998,0.041995,83460.992188,0.978048,1.000000,1.000000,1.000000,1.000000,1.000000,1.000000,0.000000,0.800000,1.000000,0.062328,0.000000
78.506440,4.000000,1842.116089,2.313257,702.024102,0.094373,0.000000,29.308401,21.031240,21.930060,-3.522898,0.282786,-3.856032,0.005336,0.027097,-1.496553,-48.790440,-0.246459,-0.004302,0.057300,1.000000,0.999998,0.015541,83460.992188,0.972701,1.000000,1.000000,1.000000,1.000000,1.000000,1.000000,0.000000,0.800000,1.000000,0.065438,0.000000
78.559447,4.000000,1842.703125,2.303795,702.024515,0.092359,0.000000,28.857380,20.555611,21.434099,-3.522957,0.273914,-3.877203,0.009079,0.047178,-1.496553,-48.805809,-0.244389,-0.007358,0.050458,1.000000,0.999998,-0.018370,83460.992188,0.971851,1.000000,1.000000,1.000000,1.000000,1.000000,1.000000,0.000000,0.800000,1.000000,0.067932,0.000000
78.610680,4.000000,1843.264160,2.295134,702.025164,0.092054,0.000000,28.421616,20.047434,20.904196,-3.525222,0.268274,-3.911277,0.014629,0.077940,-1.496553,-48.820503,-0.238608,-0.010895,0.038069,1.000000,0.999998,-0.068249,83460.992188,0.971583,1.000000,1.000000,1.000000,1.000000,1.000000,1.000000,0.000000,0.800000,1.000000,0.072160,0.000000
78.663965,4.000000,1843.821045,2.286785,702.026133,0.090955,0.000000,27.967607,19.516546,20.350601,-3.529808,0.265688,-3.944027,0.019681,0.107711,-1.496553,-48.835083,-0.236018,-0.014542,0.027272,1.000000,0.999998,-0.097167,83460.992188,0.967435,1.000000,1.000000,1.000000,1.000000,1.000000,1.000000,0.000000,0.800000,1.000000,0.075331,0.000000
78.715131,4.000000,1844.354492,2.278915,702.027218,0.088087,0.000000,27.530502,19.001049,19.813063,-3.535048,0.265888,-3.961953,0.021722,0.122102,-1.496553,-48.849052,-0.236672,-0.017293,0.019950,1.000000,0.999998,-0.105938,83460.992188,0.961818,1.000000,1.000000,1.000000,1.000000,1.000000,1.000000,0.000000,0.800000,1.000000,0.075592,0.000000
78.766409,4.000000,1844.866333,2.271421,702.028358,0.086072,0.000000,27.090719,18.491644,19.281883,-3.540303,0.267573,-3.973512,0.022365,0.128142,-1.496553,-48.862457,-0.240586,-0.018449,0.015354,1.000000,0.999998,-0.096511,83460.992188,0.961501,1.000000,1.000000,1.000000,1.000000,1.000000,1.000000,0.000000,0.800000,1.000000,0.074641,0.000000
78.822131,4.000000,1845.416626,2.263377,702.029578,0.084730,0.000000,26.610634,17.934074,18.700492,-3.545246,0.269637,-3.976627,0.021521,0.123303,-1.496553,-48.876865,-0.245626,-0.018285,0.011337,1.000000,0.999998,-0.083107,83460.992188,0.959423,1.000000,1.000000,1.000000,1.000000,1.000000,1.000000,0.000000,0.800000,1.000000,0.072108,0.000000
78.875940,4.000000,1845.925415,2.255894,702.030711,0.083814,0.000000,26.144547,17.400414,18.144024,-3.549618,0.270815,-3.981291,0.020881,0.119638,-1.496553,-48.890190,-0.248953,-0.017172,0.008399,1.000000,0.999998,-0.079264,83460.992188,0.961031,1.000000,1.000000,1.000000,1.000000,1.000000,1.000000,0.000000,0.800000,1.000000,0.070012,0.000000
78.930007,4.000000,1846.418213,2.248557,702.031802,0.082960,0.000000,25.673458,16.870316,17.591276,-3.553934,0.270738,-3.981209,0.019707,0.112910,-1.496553,-48.903095,-0.251487,-0.015728,0.006634,1.000000,0.999998,-0.079903,83460.992188,0.956735,1.000000,1.000000,1.000000,1.000000,1.000000,1.000000,0.000000,0.800000,1.000000,0.067177,0.000000
78.983497,4.000000,1846.896240,2.241326,702.032787,0.082166,0.000000,25.204626,16.338772,17.037023,-3.558162,0.269480,-3.976831,0.017754,0.101721,-1.496553,-48.915611,-0.254636,-0.014643,0.005131,1.000000,0.999998,-0.076920,83460.992188,0.958527,1.000000,1.000000,1.000000,1.000000,1.000000,1.000000,0.000000,0.800000,1.000000,0.063777,0.000000
79.034850,4.000000,1847.338989,2.234511,702.033647,0.082960,0.000000,24.751978,15.835921,16.512684,-3.561976,0.267604,-3.974263,0.016265,0.093194,-1.496553,-48.927204,-0.258356,-0.013928,0.004247,1.000000,0.999998,-0.070511,83460.992188,0.958086,1.000000,1.000000,1.000000,1.000000,1.000000,1.000000,0.000000,0.800000,1.000000,0.060877,0.000000
79.085073,4.000000,1847.760010,2.227935,702.034404,0.086256,0.000000,24.306871,15.343851,15.999589,-3.565357,0.265435,-3.966531,0.014320,0.082047,-1.496553,-48.938229,-0.262377,-0.013715,0.003430,1.000000,0.999998,-0.062632,83460.992188,0.955738,1.000000,1.000000,1.000000,1.000000,1.000000,1.000000,0.000000,0.800000,1.000000,0.057409,0.000000
79.141567,4.000000,1848.212280,2.220778,702.035114,0.089429,0.000000,23.803328,14.801793,15.434377,-3.568652,0.263232,-3.954143,0.011656,0.066781,-1.496553,-48.950073,-0.267215,-0.013925,0.002013,1.000000,0.999998,-0.052813,83460.992188,0.957530,1.000000,1.000000,1.000000,1.000000,1.000000,1.000000,0.000000,0.800000,1.000000,0.053208,0.000000
79.198481,4.000000,1848.647827,2.213811,702.035676,0.092786,0.000000,23.292711,14.276563,14.886704,-3.571144,0.261347,-3.940254,0.009046,0.051830,-1.496553,-48.961479,-0.274232,-0.014368,-0.001475,1.000000,0.999998,-0.031671,83460.992188,0.960561,1.000000,1.000000,1.000000,1.000000,1.000000,1.000000,0.000000,0.800000,1.000000,0.049125,0.000000
79.254409,4.000000,1849.074341,2.206911,702.036086,0.095167,0.000000,22.788635,13.772725,14.361339,-3.571944,0.260321,-3.920537,0.006285,0.036010,-1.496553,-48.972645,-0.283977,-0.015760,-0.007303,1.000000,0.999998,0.003111,83460.992188,0.958339,1.000000,1.000000,1.000000,1.000000,1.000000,1.000000,0.000000,0.800000,1.000000,0.044801,0.000000
79.305525,4.000000,1849.428223,2.201119,702.036257,0.095899,0.000000,22.326262,13.369967,13.941373,-3.570760,0.260773,-3.882451,0.001929,0.011055,-1.496553,-48.981915,-0.294649,-0.017496,-0.015027,1.000000,0.999998,0.042702,83460.992188,0.958610,1.000000,1.000000,1.000000,1.000000,1.000000,1.000000,0.000000,0.800000,1.000000,0.038851,0.000000
79.360860,4.000000,1849.828247,2.194483,702.036167,0.096448,0.000000,21.825171,12.916565,13.468591,-3.567540,0.262302,-3.840318,-0.003162,-0.018114,-1.496553,-48.992390,-0.303604,-0.018485,-0.022467,1.000000,0.999998,0.069610,83460.992188,0.961442,1.000000,1.000000,1.000000,1.000000,1.000000,1.000000,0.000000,0.800000,1.000000,0.032893,0.000000
79.417668,4.000000,1850.215820,2.187939,702.035866,0.096204,0.000000,21.310673,12.454980,12.987276,-3.563470,0.264421,-3.810648,-0.006204,-0.035549,-1.496553,-49.002537,-0.308429,-0.019058,-0.026907,1.000000,0.999998,0.072845,83460.992188,0.963426,1.000000,1.000000,1.000000,1.000000,1.000000,1.000000,0.000000,0.800000,1.000000,0.028760,0.000000
79.468580,4.000000,1850.538696,2.182407,702.035484,0.097059,0.000000,20.850027,12.048229,12.563137,-3.560007,0.266267,-3.789505,-0.008003,-0.045853,-1.496553,-49.010994,-0.310420,-0.018700,-0.026257,1.000000,0.999998,0.063522,83460.992188,0.962569,1.000000,1.000000,1.000000,1.000000,1.000000,1.000000,0.000000,0.800000,1.000000,0.025807,0.000000
79.518770,4.000000,1850.868530,2.176703,702.035054,0.098341,0.000000,20.396767,11.593026,12.088478,-3.557439,0.267075,-3.781823,-0.008587,-0.049199,-1.496553,-49.019630,-0.309301,-0.016684,-0.021618,1.000000,0.999998,0.038727,83460.992188,0.964732,1.000000,1.000000,1.000000,1.000000,1.000000,1.000000,0.000000,0.800000,1.000000,0.024311,0.000000
79.573157,4.000000,1851.195801,2.171015,702.034642,0.100599,0.000000,19.906652,11.079211,11.552707,-3.556744,0.265328,-3.798131,-0.006758,-0.038718,-1.496553,-49.028198,-0.303201,-0.012779,-0.012383,1.000000,0.999998,-0.012396,83460.992188,0.965577,1.000000,1.000000,1.000000,1.000000,1.000000,1.000000,0.000000,0.800000,1.000000,0.024963,0.000000
79.629520,4.000000,1851.520386,2.165362,702.034374,0.103162,0.000000,19.398951,10.522172,10.971867,-3.558533,0.260348,-3.826252,-0.003767,-0.021583,-1.496553,-49.036697,-0.300355,-0.009521,-0.004284,1.000000,0.999998,-0.043269,83460.992188,0.965525,1.000000,1.000000,1.000000,1.000000,1.000000,1.000000,0.000000,0.800000,1.000000,0.026282,0.000000
79.680813,4.000000,1851.794434,2.160605,702.034246,0.105237,0.000000,18.936625,10.029635,10.458280,-3.561342,0.254241,-3.845679,-0.001974,-0.011313,-1.496553,-49.043873,-0.299100,-0.007949,0.000297,1.000000,0.999998,-0.062975,83460.992188,0.963003,1.000000,1.000000,1.000000,1.000000,1.000000,1.000000,0.000000,0.800000,1.000000,0.026549,0.000000
79.732960,4.000000,1852.075195,2.155771,702.034187,0.106702,0.000000,18.466011,9.499144,9.905116,-3.564931,0.247391,-3.860061,-0.000808,-0.004629,-1.496553,-49.051228,-0.299584,-0.006982,0.003038,1.000000,0.999998,-0.072590,83460.992188,0.963910,1.000000,1.000000,1.000000,1.000000,1.000000,1.000000,0.000000,0.800000,1.000000,0.026128,0.000000
79.786649,4.000000,1852.342651,2.151202,702.034172,0.106580,0.000000,17.980940,8.965523,9.348692,-3.569017,0.239991,-3.873565,0.000021,0.000118,-1.496553,-49.058231,-0.300966,-0.006274,0.004908,1.000000,0.999998,-0.077235,83460.992188,0.963056,1.000000,1.000000,1.000000,1.000000,1.000000,1.000000,0.000000,0.800000,1.000000,0.025441,0.000000
79.840783,4.000000,1852.592651,2.146964,702.034200,0.107618,0.000000,17.490582,8.435502,8.796019,-3.573141,0.232575,-3.886641,0.000758,0.004345,-1.496553,-49.064777,-0.303384,-0.005961,0.005801,1.000000,0.999998,-0.076501,83460.992188,0.961590,1.000000,1.000000,1.000000,1.000000,1.000000,1.000000,0.000000,0.800000,1.000000,0.024614,0.000000
79.892556,4.000000,1852.817017,2.143178,702.034249,0.108167,0.000000,17.019958,7.929381,8.268267,-3.576976,0.225520,-3.892817,0.000985,0.005642,-1.496553,-49.070652,-0.306497,-0.005543,0.006955,1.000000,0.999998,-0.071661,83460.992188,0.959743,1.000000,1.000000,1.000000,1.000000,1.000000,1.000000,0.000000,0.800000,1.000000,0.023287,0.000000
79.947240,4.000000,1853.043457,2.139370,702.034280,0.108350,0.000000,16.521702,7.388592,7.704364,-3.580631,0.218356,-3.885626,0.000249,0.001426,-1.496553,-49.076580,-0.310650,-0.005678,0.007404,1.000000,0.999998,-0.062214,83460.992188,0.960122,1.000000,1.000000,1.000000,1.000000,1.000000,1.000000,0.000000,0.800000,1.000000,0.020962,0.000000
79.998553,4.000000,1853.239990,2.136079,702.034261,0.108900,0.000000,16.052893,6.883895,7.178098,-3.583660,0.212252,-3.874923,-0.000653,-0.003743,-1.496553,-49.081726,-0.314113,-0.006080,0.007942,1.000000,0.999998,-0.056024,83460.992188,0.959176,1.000000,1.000000,1.000000,1.000000,1.000000,1.000000,0.000000,0.800000,1.000000,0.018643,0.000000
80.052979,4.000000,1853.430664,2.132911,702.034190,0.109815,0.000000,15.553851,6.357577,6.629286,-3.586377,0.206570,-3.858350,-0.001691,-0.009686,-1.496553,-49.086720,-0.318669,-0.006755,0.008191,1.000000,0.999998,-0.045004,83460.992188,0.960379,1.000000,1.000000,1.000000,1.000000,1.000000,1.000000,0.000000,0.800000,1.000000,0.016053,0.000000
80.105913,4.000000,1853.602783,2.130093,702.034066,0.110425,0.000000,15.066536,5.846370,6.096230,-3.588442,0.201957,-3.840188,-0.002662,-0.015254,-1.496553,-49.091228,-0.323192,-0.007592,0.008637,1.000000,0.999998,-0.034361,83460.992188,0.960069,1.000000,1.000000,1.000000,1.000000,1.000000,1.000000,0.000000,0.800000,1.000000,0.013647,0.000000
80.160727,4.000000,1853.766235,2.127472,702.033894,0.110548,0.000000,14.560815,5.312525,5.539568,-3.590194,0.198329,-3.824917,-0.003291,-0.018855,-1.496553,-49.095509,-0.326779,-0.008589,0.009245,1.000000,0.999998,-0.029792,83460.992188,0.959737,1.000000,1.000000,1.000000,1.000000,1.000000,1.000000,0.000000,0.800000,1.000000,0.011547,0.000000
80.215699,4.000000,1853.914307,2.125166,702.033702,0.110670,0.000000,14.052064,4.776596,4.980732,-3.591731,0.195785,-3.813105,-0.003573,-0.020469,-1.496553,-49.099384,-0.330367,-0.009565,0.009835,1.000000,0.999998,-0.025531,83460.992188,0.960362,1.000000,1.000000,1.000000,1.000000,1.000000,1.000000,0.000000,0.800000,1.000000,0.009776,0.000000
80.267503,4.000000,1854.038818,2.123298,702.033517,0.110975,0.000000,13.570982,4.275281,4.457993,-3.592951,0.194378,-3.806094,-0.003530,-0.020225,-1.496553,-49.102646,-0.334458,-0.010574,0.010005,1.000000,0.999998,-0.017999,83460.992188,0.961703,1.000000,1.000000,1.000000,1.000000,1.000000,1.000000,0.000000,0.800000,1.000000,0.008407,0.000000
80.321897,4.000000,1854.156372,2.121609,702.033324,0.111219,0.000000,13.064816,3.743663,3.903653,-3.593849,0.193712,-3.795827,-0.003514,-0.020131,-1.496553,-49.105724,-0.337413,-0.011480,0.010581,1.000000,0.999998,-0.018277,83460.992188,0.961633,1.000000,1.000000,1.000000,1.000000,1.000000,1.000000,0.000000,0.800000,1.000000,0.006961,0.000000
80.378457,4.000000,1854.259277,2.120213,702.033137,0.111463,0.000000,12.536873,3.200901,3.337695,-3.594869,0.194045,-3.788059,-0.003219,-0.018442,-1.496553,-49.108418,-0.340624,-0.012536,0.010818,1.000000,0.999998,-0.017815,83460.992188,0.961361,1.000000,1.000000,1.000000,1.000000,1.000000,1.000000,0.000000,0.800000,1.000000,0.005655,0.000000
80.433716,4.000000,1854.346191,2.119116,702.032964,0.111646,0.000000,12.019846,2.653517,2.766916,-3.595899,0.195241,-3.771598,-0.003086,-0.017680,-1.496553,-49.110695,-0.343357,-0.013425,0.011436,1.000000,0.999998,-0.019671,83460.992188,0.960243,1.000000,1.000000,1.000000,1.000000,1.000000,1.000000,0.000000,0.800000,1.000000,0.004246,0.000000
80.486744,4.000000,1854.411987,2.118368,702.032807,0.112012,0.000000,11.522152,2.147423,2.239193,-3.596931,0.197069,-3.751121,-0.002899,-0.016609,-1.496553,-49.112419,-0.346622,-0.014258,0.011814,1.000000,0.999998,-0.017901,83460.992188,0.961978,1.000000,1.000000,1.000000,1.000000,1.000000,1.000000,0.000000,0.800000,1.000000,0.002972,0.000000
80.541695,4.000000,1854.469360,2.117806,702.032588,0.112012,0.000000,11.005855,1.784573,1.860812,-3.593945,0.199553,-3.193322,-0.005381,-0.030830,-1.496553,-49.113918,-0.385488,-0.015131,0.011885,1.000000,0.999998,0.174174,83460.992188,0.938597,1.000000,1.000000,1.000000,1.000000,1.000000,1.000000,0.000000,0.800000,1.000000,-0.002363,0.000000
80.596117,4.000000,1854.514160,2.117435,702.031969,0.111768,0.000000,10.494977,1.335452,1.392293,-3.586126,0.202842,-1.901360,-0.013117,-0.075152,-1.496553,-49.115093,-0.384979,-0.016105,0.011911,1.000000,0.999998,0.142195,83460.992188,0.966385,1.000000,1.000000,1.000000,1.000000,1.000000,1.000000,0.000000,0.800000,1.000000,-0.009924,0.000000
80.651009,4.000000,1854.546753,2.117241,702.031151,0.111097,0.000000,9.981297,0.921469,0.960373,-3.578100,0.206482,-0.900353,-0.015581,-0.089271,-1.496553,-49.115948,-0.390580,-0.016446,0.012383,1.000000,0.999998,0.144920,83460.992188,0.961635,1.000000,1.000000,1.000000,1.000000,1.000000,1.000000,0.000000,0.800000,1.000000,-0.013342,0.000000
