time,phase,along_m,cross_m,elevation_m,agl_m,height_ft,ias,eas,groundspeed_kt,pitch,bank,alpha,vy,gamma,gamma_cmd,h_cmd,yoke,roll,rudder,speedbrake,speedbrake_actual,Q,mass,nz,main_wow,nose_wow,gear_cmd,gear0,gear1,gear2,chute,brakes,derotating,local_vy,radar_height_ft
0.003613,4.000000,-8483.588867,-11.120764,2965.410581,2265.497314,0.000000,0.003862,0.000000,325.841886,-12.000009,-0.000024,7.990911,-62.312748,-20.391779,-16.298019,2255.737793,0.421178,0.048184,-0.000003,0.001807,0.000000,-0.004540,83460.992188,1.709881,0.000000,0.000000,1.000000,0.000000,0.000000,0.000000,0.000000,0.000000,0.000000,-61.137981,7426.122070
0.053864,1.000000,-8482.984375,-11.119416,2962.279985,2262.366211,7433.013672,2.266612,298.620605,325.858526,-11.953534,0.028773,8.046473,-62.285679,-20.382694,-20.544853,2255.517822,-0.243850,0.003186,-0.000713,0.000000,0.000177,1.226639,83460.992188,0.964000,0.000000,0.000000,0.000000,0.013031,0.032990,0.032679,0.000000,0.000000,0.000000,-61.150536,7425.419922
0.110014,1.000000,-8466.228516,-11.082426,2958.800690,2258.886230,7412.586426,6.879483,298.469879,325.944928,-11.908544,0.061101,7.894598,-61.748020,-20.216126,-20.537828,2249.419189,-0.237540,0.013812,-0.000862,0.028075,0.001492,0.445786,83460.992188,2.071831,0.000000,0.000000,0.000000,0.000000,0.000000,0.000000,0.000000,0.000000,0.000000,-60.534416,7404.992676
0.160734,1.000000,-8457.784180,-11.064111,2955.686356,2255.771240,7402.414551,13.072664,298.385040,326.154481,-11.903811,0.085481,7.730075,-61.225479,-20.046877,-20.536037,2246.345703,-0.249614,0.015161,-0.000818,0.053435,0.005158,-0.213347,83460.992188,2.026151,0.000000,0.000000,0.000000,0.000000,0.000000,0.000000,0.000000,0.000000,0.000000,-60.011200,7401.437500
0.211427,1.000000,-8449.241211,-11.045801,2952.599480,2252.683594,7392.220703,20.769636,298.308807,326.358190,-11.931605,0.108382,7.541363,-60.722843,-19.883816,-20.535828,2243.236328,-0.258313,0.015140,-0.000758,0.078782,0.010919,-0.838046,83460.992188,1.967389,0.000000,0.000000,0.000000,0.000000,0.000000,0.000000,0.000000,0.000000,0.000000,-59.514587,7391.243164
0.265098,1.000000,-8440.270508,-11.026783,2949.358003,2249.441406,7381.613770,30.214077,298.244476,326.562553,-11.994425,0.131693,7.320005,-60.232075,-19.724173,-20.537218,2239.971191,-0.254658,0.014820,-0.000707,0.105617,0.019022,-1.440245,83460.992188,1.888821,0.000000,0.000000,0.000000,0.000000,0.000000,0.000000,0.000000,0.000000,0.000000,-59.026688,7380.636230
0.316749,1.000000,-8431.611328,-11.008601,2946.261764,2246.344482,7371.460938,40.169079,298.199707,326.749593,-12.083159,0.153401,7.092998,-59.801407,-19.583555,-20.539982,2236.819580,-0.216290,0.014446,-0.000676,0.131442,0.028681,-1.940299,83460.992188,1.769026,0.000000,0.000000,0.000000,0.000000,0.000000,0.000000,0.000000,0.000000,0.000000,-58.602909,7370.478516
0.372690,1.000000,-8422.202148,-10.989013,2942.930735,2243.012695,7360.511719,51.642536,298.184631,326.938650,-12.203348,0.176193,6.847260,-59.411076,-19.454960,-20.544369,2233.395020,-0.175752,0.014002,-0.000661,0.159413,0.040937,-2.309382,83460.992188,1.631480,0.000000,0.000000,0.000000,0.000000,0.000000,0.000000,0.000000,0.000000,0.000000,-58.221615,7359.529297
0.428708,1.000000,-8412.753906,-10.969496,2939.614470,2239.699707,7349.591797,63.590958,298.195618,327.112937,-12.340121,0.198313,6.605303,-59.087021,-19.347208,-20.550018,2229.956055,-0.150745,0.013576,-0.000658,0.187422,0.054882,-2.542321,83460.992188,1.525306,0.000000,0.000000,0.000000,0.000000,0.000000,0.000000,0.000000,0.000000,0.000000,-57.904984,7348.609375
0.484712,1.000000,-8403.375000,-10.950244,2936.315209,2236.413818,7338.811523,75.771713,298.223328,327.271117,-12.487020,0.219734,6.369122,-58.816639,-19.256586,-20.556614,2226.542480,-0.136251,0.013174,-0.000660,0.215424,0.070318,-2.683484,83460.992188,1.443723,0.000000,0.000000,0.000000,0.000000,0.000000,0.000000,0.000000,0.000000,0.000000,-57.638275,7337.829102
0.540820,1.000000,-8393.959961,-10.931026,2933.023596,2233.135986,7328.042480,88.029144,298.262543,327.416158,-12.640244,0.240524,6.138929,-58.584969,-19.178413,-20.564121,2223.115723,-0.128488,0.012789,-0.000665,0.243478,0.087121,-2.766102,83460.992188,1.378816,0.000000,0.000000,0.000000,0.000000,0.000000,0.000000,0.000000,0.000000,0.000000,-57.409843,7327.069824
0.590868,1.000000,-8385.489258,-10.913809,2930.097551,2230.221924,7318.390137,98.888924,298.303802,327.535572,-12.779904,0.258514,5.939211,-58.403816,-19.116958,-20.571484,2220.032471,-0.125169,0.012459,-0.000669,0.268502,0.103124,-2.808532,83460.992188,1.330504,0.000000,0.000000,0.000000,0.000000,0.000000,0.000000,0.000000,0.000000,0.000000,-57.232525,7317.416992
0.644102,1.000000,-8376.540039,-10.895687,2926.994301,2227.131592,7308.227539,110.262077,298.352539,327.650715,-12.930181,0.277089,5.732607,-58.235950,-19.059767,-20.579851,2216.775391,-0.124023,0.012125,-0.000673,0.295119,0.121095,-2.833084,83460.992188,1.286434,0.000000,0.000000,0.000000,0.000000,0.000000,0.000000,0.000000,0.000000,0.000000,-57.066883,7307.254883
0.699936,1.000000,-8367.209961,-10.876855,2923.748314,2223.898682,7297.665527,121.916138,298.405121,327.758977,-13.088760,0.295930,5.522241,-58.082989,-19.007475,-20.589123,2213.379395,-0.124455,0.011866,-0.000699,0.323036,0.140878,-2.844828,83460.992188,1.245683,0.000000,0.000000,0.000000,0.000000,0.000000,0.000000,0.000000,0.000000,0.000000,-56.915104,7296.692871
0.749975,1.000000,-8358.708984,-10.859745,2920.845945,2221.008545,7288.067871,132.061874,298.454926,327.847840,-13.231218,0.312279,5.339094,-57.961151,-18.965683,-20.598001,2210.285400,-0.125686,0.011572,-0.000721,0.348055,0.159343,-2.848181,83460.992188,1.212103,0.000000,0.000000,0.000000,0.000000,0.000000,0.000000,0.000000,0.000000,0.000000,-56.796242,7287.297363
0.804915,1.000000,-8349.449219,-10.841153,2917.665661,2217.841553,7277.637207,142.826340,298.510193,327.934272,-13.387690,0.329702,5.143689,-57.845814,-18.925998,-20.608082,2206.915039,-0.127593,0.011249,-0.000741,0.375525,0.180337,-2.847213,83460.992188,1.177958,0.000000,0.000000,0.000000,0.000000,0.000000,0.000000,0.000000,0.000000,0.000000,-56.682846,7276.867188
0.859779,1.000000,-8340.232422,-10.822683,2914.495505,2214.684570,7267.277344,153.149750,298.565582,328.009729,-13.543792,0.346572,4.954319,-57.747711,-18.892141,-20.618484,2203.560303,-0.129857,0.010935,-0.000758,0.399795,0.201972,-2.843313,83460.992188,1.145991,0.000000,0.000000,0.000000,0.000000,0.000000,0.000000,0.000000,0.000000,0.000000,-56.586246,7266.507324
0.910321,1.000000,-8331.691406,-10.805594,2911.579393,2211.780518,7257.693848,162.262527,298.617218,328.070444,-13.687364,0.361657,4.784783,-57.670753,-18.865502,-20.628414,2200.451660,-0.132124,0.010655,-0.000770,0.401602,0.221125,-2.838312,83460.992188,1.117920,0.000000,0.000000,0.000000,0.000000,0.000000,0.000000,0.000000,0.000000,0.000000,-56.511089,7256.923828
0.964021,1.000000,-8322.676758,-10.787574,2908.484842,2208.698730,7247.592285,171.508286,298.671387,328.125465,-13.839618,0.377229,4.609653,-57.603436,-18.842099,-20.639124,2197.170654,-0.134580,0.010368,-0.000780,0.403499,0.239645,-2.832724,83460.992188,1.089293,0.000000,0.000000,0.000000,0.000000,0.000000,0.000000,0.000000,0.000000,0.000000,-56.445164,7246.939941
1.014708,1.000000,-8314.147461,-10.770535,2905.566828,2205.792969,7238.046387,179.820816,298.723236,328.169303,-13.983068,0.391501,4.448894,-57.552399,-18.824243,-20.649464,2194.066162,-0.136871,0.010105,-0.000788,0.405314,0.255566,-2.827781,83460.992188,1.063087,0.000000,0.000000,0.000000,0.000000,0.000000,0.000000,0.000000,0.000000,0.000000,-56.395615,7237.394531
1.066534,1.000000,-8305.468750,-10.753202,2902.585505,2202.823975,7228.341797,187.900742,298.776093,328.206112,-14.129498,0.405681,4.288940,-57.512749,-18.810225,-20.660133,2190.907471,-0.139140,0.009844,-0.000794,0.407163,0.270437,-2.823440,83460.992188,1.037038,0.000000,0.000000,0.000000,0.000000,0.000000,0.000000,0.000000,0.000000,0.000000,-56.357346,7227.689941
1.121703,1.000000,-8296.067383,-10.734427,2899.413671,2199.665527,7217.837402,196.035721,298.833740,328.237552,-14.285159,0.420333,4.123416,-57.483456,-18.799644,-20.671833,2187.485596,-0.141447,0.009571,-0.000798,0.409181,0.284858,-2.819821,83460.992188,1.009779,0.000000,0.000000,0.000000,0.000000,0.000000,0.000000,0.000000,0.000000,0.000000,-56.330067,7217.185059
1.178248,1.000000,-8286.674805,-10.715664,2896.163881,2196.429443,7207.346680,203.886322,298.891846,328.260480,-14.444528,0.434902,3.958651,-57.468002,-18.793724,-20.683603,2184.066895,-0.143691,0.009303,-0.000801,0.411215,0.298291,-2.817183,83460.992188,0.982799,0.000000,0.000000,0.000000,0.000000,0.000000,0.000000,0.000000,0.000000,0.000000,-56.316139,7206.918457
1.228779,1.000000,-8278.001953,-10.698330,2893.260079,2193.537842,7197.663086,210.493546,298.946259,328.274539,-14.586844,0.447543,3.815446,-57.465710,-18.792278,-20.694532,2180.910400,-0.145590,0.009067,-0.000802,0.413119,0.309259,-2.815750,83460.992188,0.958902,0.000000,0.000000,0.000000,0.000000,0.000000,0.000000,0.000000,0.000000,0.000000,-56.315449,7197.234863
1.284537,1.000000,-8268.659180,-10.679643,2890.055595,2190.346924,7187.230469,217.349380,299.005402,328.282251,-14.743827,0.461096,3.661699,-57.475842,-18.794949,-20.706308,2177.509766,-0.147573,0.008821,-0.000802,0.415189,0.320349,-2.815131,83460.992188,0.933362,0.000000,0.000000,0.000000,0.000000,0.000000,0.000000,0.000000,0.000000,0.000000,-56.327282,7186.802246
1.338739,1.000000,-8259.463867,-10.661231,2886.939558,2187.243896,7176.959473,223.591736,299.064575,328.282548,-14.896420,0.473883,3.516400,-57.498291,-18.801758,-20.717859,2174.163086,-0.149398,0.008595,-0.000803,0.417260,0.330217,-2.815386,83460.992188,0.908976,0.000000,0.000000,0.000000,0.000000,0.000000,0.000000,0.000000,0.000000,0.000000,-56.351177,7176.666504
1.392858,1.000000,-8250.338867,-10.642941,2883.826672,2184.144287,7166.762695,229.426773,299.124146,328.276022,-15.048813,0.486279,3.375257,-57.532520,-18.812512,-20.729263,2170.841797,-0.151123,0.008368,-0.000804,0.419345,0.339268,-2.816438,83460.992188,0.885233,0.000000,0.000000,0.000000,0.000000,0.000000,0.000000,0.000000,0.000000,0.000000,-56.386944,7166.469727
1.447915,1.000000,-8241.123047,-10.624443,2880.657516,2180.988281,7156.456055,234.973389,299.185303,328.262764,-15.203925,0.498529,3.235566,-57.578899,-18.827316,-20.740664,2167.487549,-0.152785,0.008146,-0.000803,0.421486,0.347743,-2.818249,83460.992188,0.861692,0.000000,0.000000,0.000000,0.000000,0.000000,0.000000,0.000000,0.000000,0.000000,-56.435253,7156.163086
1.500187,1.000000,-8232.441406,-10.606994,2877.645910,2177.989502,7146.738770,239.893906,299.243561,328.244315,-15.351307,0.509835,3.106442,-57.633186,-18.844799,-20.751282,2164.327637,-0.154285,0.007940,-0.000802,0.423524,0.355177,-2.820571,83460.992188,0.839915,0.000000,0.000000,0.000000,0.000000,0.000000,0.000000,0.000000,0.000000,0.000000,-56.491978,7146.445801
1.550642,1.000000,-8223.910156,-10.589819,2874.735914,2175.091309,7137.178711,244.340393,299.302185,328.220794,-15.493686,0.520454,2.984950,-57.696327,-18.865242,-20.761547,2161.222656,-0.155666,0.007749,-0.000800,0.425577,0.361844,-2.823310,83460.992188,0.819196,0.000000,0.000000,0.000000,0.000000,0.000000,0.000000,0.000000,0.000000,0.000000,-56.556545,7137.055176
1.600928,1.000000,-8215.354492,-10.572568,2871.832201,2172.199951,7127.579590,248.485931,299.362000,328.191934,-15.635743,0.530763,2.866840,-57.769238,-18.888936,-20.771669,2158.108643,-0.156975,0.007564,-0.000797,0.427670,0.368050,-2.826542,83460.992188,0.798917,0.000000,0.000000,0.000000,0.000000,0.000000,0.000000,0.000000,0.000000,0.000000,-56.630329,7127.456543
1.652295,1.000000,-8206.719727,-10.555127,2868.861941,2169.241943,7117.877441,252.444366,299.423920,328.156757,-15.780846,0.541018,2.750526,-57.854881,-18.916833,-20.781660,2154.965820,-0.146959,0.007373,-0.000795,0.429837,0.373983,-2.817286,83460.992188,0.761262,0.000000,0.000000,0.000000,0.000000,0.000000,0.000000,0.000000,0.000000,0.000000,-56.718842,7117.753906
1.703969,1.000000,-8197.963867,-10.537413,2865.868789,2166.261230,7108.020996,256.159821,299.491150,328.112533,-15.925231,0.551070,2.641784,-57.962288,-18.951820,-20.791521,2151.778809,-0.135585,0.007179,-0.000792,0.432190,0.379585,-2.768234,83460.992188,0.721451,0.000000,0.000000,0.000000,0.000000,0.000000,0.000000,0.000000,0.000000,0.000000,-56.828434,7107.897949
1.758993,1.000000,-8188.668457,-10.518577,2862.674837,2163.080322,7097.534668,259.838226,299.566498,328.056978,-16.075167,0.561484,2.536061,-58.096066,-18.995416,-20.801638,2148.395508,-0.125081,0.006980,-0.000789,0.434828,0.385207,-2.681656,83460.992188,0.686728,0.000000,0.000000,0.000000,0.000000,0.000000,0.000000,0.000000,0.000000,0.000000,-56.964306,7097.580078
1.814127,1.000000,-8179.373047,-10.499708,2859.466545,2159.885254,7087.019531,263.255005,299.644958,327.993890,-16.219856,0.571616,2.440900,-58.246262,-19.044391,-20.811310,2145.012451,-0.115801,0.006789,-0.000785,0.437574,0.390532,-2.569717,83460.992188,0.658588,0.000000,0.000000,0.000000,0.000000,0.000000,0.000000,0.000000,0.000000,0.000000,-57.116428,7087.064941
1.870261,1.000000,-8170.115723,-10.480889,2856.191064,2156.623291,7076.516113,266.475311,299.725555,327.924810,-16.360258,0.581619,2.355254,-58.408993,-19.097481,-20.820454,2141.643066,-0.107838,0.006605,-0.000780,0.440394,0.395680,-2.437743,83460.992188,0.636002,0.000000,0.000000,0.000000,0.000000,0.000000,0.000000,0.000000,0.000000,0.000000,-57.284508,7076.562012
1.926497,1.000000,-8160.509277,-10.461327,2852.899877,2153.345459,7065.581055,269.457062,299.811218,327.847692,-16.493118,0.591326,2.280711,-58.588837,-19.156182,-20.829376,2138.146484,-0.099780,0.006425,-0.000773,0.443392,0.400598,-2.293682,83460.992188,0.617347,0.000000,0.000000,0.000000,0.000000,0.000000,0.000000,0.000000,0.000000,0.000000,-57.463448,7065.626465
1.981827,1.000000,-8151.168945,-10.442278,2849.651673,2150.110352,7054.913086,272.168213,299.896118,327.768172,-16.615690,0.600569,2.218234,-58.772289,-19.216093,-20.837484,2134.746826,-0.092749,0.006256,-0.000766,0.446364,0.405237,-2.144239,83460.992188,0.603100,0.000000,0.000000,0.000000,0.000000,0.000000,0.000000,0.000000,0.000000,0.000000,-57.647739,7055.045410
2.037197,1.000000,-8141.833984,-10.423208,2846.390753,2146.862793,7044.213379,274.675720,299.981903,327.685240,-16.729940,0.609512,2.166140,-58.962086,-19.278097,-20.844978,2131.349365,-0.086218,0.006093,-0.000758,0.449367,0.409704,-1.990768,83460.992188,0.592881,0.000000,0.000000,0.000000,0.000000,0.000000,0.000000,0.000000,0.000000,0.000000,-57.838303,7044.345703
2.087728,1.000000,-8133.376465,-10.405905,2843.405515,2143.889404,7034.485352,276.797058,300.060913,327.607767,-16.826748,0.617412,2.127355,-59.138042,-19.335597,-20.851233,2128.270996,-0.080832,0.005946,-0.000750,0.452132,0.413646,-1.849601,83460.992188,0.584895,0.000000,0.000000,0.000000,0.000000,0.000000,0.000000,0.000000,0.000000,0.000000,-58.016125,7034.618164
2.138008,1.000000,-8124.916992,-10.388571,2840.426138,2140.922119,7024.723145,278.760010,300.140381,327.528543,-16.915995,0.625027,2.096722,-59.316902,-19.394059,-20.856966,2125.191895,-0.075645,0.005806,-0.000742,0.454913,0.417458,-1.709356,83460.992188,0.579859,0.000000,0.000000,0.000000,0.000000,0.000000,0.000000,0.000000,0.000000,0.000000,-58.195724,7024.855469
2.193739,1.000000,-8115.498047,-10.369237,2837.113180,2137.622559,7013.814941,280.775085,300.229187,327.438819,-17.006712,0.633185,2.071609,-59.518158,-19.459856,-20.862728,2121.763672,-0.070101,0.005654,-0.000732,0.458022,0.421570,-1.555495,83460.992188,0.576499,0.000000,0.000000,0.000000,0.000000,0.000000,0.000000,0.000000,0.000000,0.000000,-58.396709,7014.214355
2.243831,1.000000,-8107.069336,-10.351907,2834.125877,2134.647217,7004.018555,282.452148,300.308899,327.357756,-17.080997,0.640261,2.056523,-59.699150,-19.519034,-20.867319,2118.696045,-0.065521,0.005523,-0.000723,0.460811,0.425173,-1.419850,83460.992188,0.576011,0.000000,0.000000,0.000000,0.000000,0.000000,0.000000,0.000000,0.000000,0.000000,-58.578060,7004.417969
2.294374,1.000000,-8098.551270,-10.334365,2831.102494,2131.635498,6994.085449,284.024628,300.390167,327.275567,-17.149153,0.647156,2.048058,-59.881992,-19.578819,-20.871418,2115.595703,-0.061123,0.005393,-0.000714,0.463656,0.428730,-1.286282,83460.992188,0.576245,0.000000,0.000000,0.000000,0.000000,0.000000,0.000000,0.000000,0.000000,0.000000,-58.760895,6994.484375
2.350200,1.000000,-8089.229980,-10.315132,2827.752409,2128.298584,6983.176758,285.631378,300.479431,327.185576,-17.216696,0.654491,2.046153,-60.081322,-19.644001,-20.875278,2112.202881,-0.056925,0.005255,-0.000704,0.466780,0.432580,-1.142723,83460.992188,0.578138,0.000000,0.000000,0.000000,0.000000,0.000000,0.000000,0.000000,0.000000,0.000000,-58.961937,6983.576172
2.406111,1.000000,-8079.775879,-10.295586,2824.386062,2124.945557,6972.071289,287.114136,300.569550,327.094844,-17.276472,0.661544,2.051445,-60.281662,-19.709512,-20.878521,2108.761963,-0.052555,0.005117,-0.000694,0.469934,0.436360,-1.004509,83460.992188,0.582759,0.000000,0.000000,0.000000,0.000000,0.000000,0.000000,0.000000,0.000000,0.000000,-59.161243,6972.604492
2.460170,1.000000,-8070.682617,-10.276747,2821.120734,2121.693115,6961.351563,288.436218,300.656525,327.008472,-17.327072,0.668090,2.062943,-60.471916,-19.771720,-20.881018,2105.452393,-0.048853,0.004991,-0.000685,0.472979,0.439952,-0.875861,83460.992188,0.587613,0.000000,0.000000,0.000000,0.000000,0.000000,0.000000,0.000000,0.000000,0.000000,-59.351460,6961.884766
2.513515,1.000000,-8061.715820,-10.258130,2817.888574,2118.473389,6950.745117,289.641510,300.741974,326.924562,-17.370346,0.674289,2.079900,-60.656479,-19.832059,-20.882893,2102.188721,-0.045508,0.004869,-0.000676,0.475969,0.443440,-0.754499,83460.992188,0.593944,0.000000,0.000000,0.000000,0.000000,0.000000,0.000000,0.000000,0.000000,0.000000,-59.535988,6951.278320
2.568795,1.000000,-8052.545410,-10.239045,2814.528921,2115.126709,6939.860840,290.794769,300.828857,326.840355,-17.408545,0.680441,2.102782,-60.841377,-19.892501,-20.884197,2098.850830,-0.042721,0.004747,-0.000668,0.479010,0.447000,-0.635342,83460.992188,0.602032,0.000000,0.000000,0.000000,0.000000,0.000000,0.000000,0.000000,0.000000,0.000000,-59.723141,6940.477539
2.623802,1.000000,-8043.264648,-10.219682,2811.175751,2111.786377,6928.808105,291.852600,300.915985,326.757038,-17.440203,0.686295,2.130405,-61.024082,-19.952217,-20.884907,2095.472900,-0.039626,0.004627,-0.000659,0.482059,0.450490,-0.523297,83460.992188,0.611843,0.000000,0.000000,0.000000,0.000000,0.000000,0.000000,0.000000,0.000000,0.000000,-59.904800,6929.424805
2.674557,1.000000,-8034.736816,-10.201845,2808.073053,2108.695557,6918.620117,292.755524,300.995941,326.682501,-17.464104,0.691455,2.159721,-61.187447,-20.005602,-20.885033,2092.369141,-0.037129,0.004518,-0.000652,0.484858,0.453666,-0.425977,83460.992188,0.620305,0.000000,0.000000,0.000000,0.000000,0.000000,0.000000,0.000000,0.000000,0.000000,-60.067913,6919.236816
2.730789,1.000000,-8025.347168,-10.182155,2804.626056,2105.261719,6907.368652,293.680084,301.083435,326.602743,-17.485003,0.696919,2.196064,-61.362225,-20.062704,-20.884613,2088.951416,-0.034875,0.004403,-0.000645,0.487920,0.457143,-0.324134,83460.992188,0.630639,0.000000,0.000000,0.000000,0.000000,0.000000,0.000000,0.000000,0.000000,0.000000,-60.243401,6907.985352
2.780920,1.000000,-8016.916992,-10.164427,2801.544892,2102.192383,6897.237305,294.442322,301.161133,326.533426,-17.498968,0.701563,2.231453,-61.514145,-20.112327,-20.883739,2085.883301,-0.032861,0.004304,-0.000638,0.490639,0.460204,-0.239228,83460.992188,0.640970,0.000000,0.000000,0.000000,0.000000,0.000000,0.000000,0.000000,0.000000,0.000000,-60.394749,6898.045410
2.833482,1.000000,-8008.154297,-10.145948,2798.306325,2098.966309,6886.677246,295.183350,301.241364,326.463812,-17.509195,0.706207,2.271185,-61.666641,-20.162129,-20.882353,2082.693848,-0.031211,0.004202,-0.000632,0.493448,0.463374,-0.156295,83460.992188,0.651352,0.000000,0.000000,0.000000,0.000000,0.000000,0.000000,0.000000,0.000000,0.000000,-60.547966,6887.485352
2.885286,1.000000,-7999.466797,-10.127574,2795.106764,2095.778564,6876.179199,295.859894,301.319733,326.397313,-17.515169,0.710564,2.312623,-61.812447,-20.209733,-20.880508,2079.531738,-0.029617,0.004101,-0.000627,0.496191,0.466464,-0.080082,83460.992188,0.663490,0.000000,0.000000,0.000000,0.000000,0.000000,0.000000,0.000000,0.000000,0.000000,-60.693417,6876.987305
2.935609,1.000000,-7991.012207,-10.109637,2791.991634,2092.675537,6865.937500,296.469574,301.395752,326.335144,-17.517328,0.714593,2.354743,-61.948860,-20.254259,-20.878292,2076.454590,-0.028271,0.004009,-0.000622,0.498852,0.469433,-0.011057,83460.992188,0.674169,0.000000,0.000000,0.000000,0.000000,0.000000,0.000000,0.000000,0.000000,0.000000,-60.829288,6866.745605
2.986317,1.000000,-7982.525879,-10.091577,2788.845928,2089.541504,6855.632813,297.040222,301.470673,326.275318,-17.516136,0.718454,2.398699,-62.080257,-20.297136,-20.875654,2073.365967,-0.027179,0.003917,-0.000618,0.501473,0.472392,0.053084,83460.992188,0.686541,0.000000,0.000000,0.000000,0.000000,0.000000,0.000000,0.000000,0.000000,0.000000,-60.960529,6856.562500
3.042559,1.000000,-7973.105469,-10.071457,2785.349353,2086.057861,6844.165527,297.625763,301.553101,326.211963,-17.511179,0.722505,2.448880,-62.219410,-20.342535,-20.872261,2069.937012,-0.026164,0.003820,-0.000613,0.504358,0.475636,0.118280,83460.992188,0.699639,0.000000,0.000000,0.000000,0.000000,0.000000,0.000000,0.000000,0.000000,0.000000,-61.099377,6845.095215
3.093549,1.000000,-7964.531738,-10.053080,2782.172742,2082.893311,6833.706055,298.116760,301.626770,326.157209,-17.503675,0.725968,2.495327,-62.339779,-20.381796,-20.868784,2066.816406,-0.025311,0.003733,-0.000610,0.506937,0.478541,0.171722,83460.992188,0.712180,0.000000,0.000000,0.000000,0.000000,0.000000,0.000000,0.000000,0.000000,0.000000,-61.218956,6834.635742
3.148981,1.000000,-7955.252441,-10.033114,2778.712702,2079.445801,6822.360352,298.610992,301.705750,326.100913,-17.492584,0.729513,2.546590,-62.463406,-20.422116,-20.864597,2063.439209,-0.024718,0.003639,-0.000607,0.509701,0.481663,0.224629,83460.992188,0.725067,0.000000,0.000000,0.000000,0.000000,0.000000,0.000000,0.000000,0.000000,0.000000,-61.342319,6823.290039
3.202461,1.000000,-7946.326172,-10.013834,2775.368168,2076.113525,6811.424316,299.052551,301.780273,326.050016,-17.479284,0.732720,2.596339,-62.575317,-20.458605,-20.860197,2060.190186,-0.024213,0.003555,-0.000604,0.512310,0.484625,0.268820,83460.992188,0.737223,0.000000,0.000000,0.000000,0.000000,0.000000,0.000000,0.000000,0.000000,0.000000,-61.454285,6812.500977
3.257708,1.000000,-7937.030762,-9.993672,2771.907131,2072.665283,6800.013184,299.473694,301.856506,325.999889,-17.463171,0.735829,2.648029,-62.685574,-20.494548,-20.855234,2056.806885,-0.023855,0.003466,-0.000601,0.514977,0.487658,0.311184,83460.992188,0.751158,0.000000,0.000000,0.000000,0.000000,0.000000,0.000000,0.000000,0.000000,0.000000,-61.563580,6801.089844
3.311895,1.000000,-7927.906738,-9.973798,2768.506855,2069.277588,6788.791992,299.855713,301.930450,325.953796,-17.445250,0.738675,2.698633,-62.786884,-20.527571,-20.850019,2053.486084,-0.023660,0.003383,-0.000599,0.517566,0.490593,0.347593,83460.992188,0.763654,0.000000,0.000000,0.000000,0.000000,0.000000,0.000000,0.000000,0.000000,0.000000,-61.663998,6789.868652
3.368080,1.000000,-7918.621582,-9.953482,2764.975682,2065.759277,6777.352539,300.222076,302.003784,325.909987,-17.424742,0.741417,2.750716,-62.883068,-20.558921,-20.844376,2050.106689,-0.023994,0.003303,-0.000597,0.520133,0.493592,0.379917,83460.992188,0.777295,0.000000,0.000000,0.000000,0.000000,0.000000,0.000000,0.000000,0.000000,0.000000,-61.761013,6778.429199
3.418682,1.000000,-7910.127930,-9.934815,2761.790919,2062.586182,6766.872070,300.528107,302.069855,325.872615,-17.404839,0.743711,2.797077,-62.964970,-20.585617,-20.838938,2047.015137,-0.024064,0.003228,-0.000596,0.522445,0.496255,0.404611,83460.992188,0.788987,0.000000,0.000000,0.000000,0.000000,0.000000,0.000000,0.000000,0.000000,0.000000,-61.842312,6768.186035
3.469333,1.000000,-7901.663086,-9.916131,2758.599119,2059.406006,6756.413086,300.813354,302.134247,325.837793,-17.383766,0.745849,2.842820,-63.041023,-20.610410,-20.833279,2043.934204,-0.024324,0.003159,-0.000595,0.524699,0.498883,0.425632,83460.992188,0.800669,0.000000,0.000000,0.000000,0.000000,0.000000,0.000000,0.000000,0.000000,0.000000,-61.918098,6757.727051
3.519476,1.000000,-7893.262207,-9.897506,2755.435713,2056.254150,6746.019531,301.076477,302.197266,325.805582,-17.361946,0.747810,2.887313,-63.111092,-20.633258,-20.827431,2040.876587,-0.024623,0.003092,-0.000595,0.526904,0.501449,0.443016,83460.992188,0.811725,0.000000,0.000000,0.000000,0.000000,0.000000,0.000000,0.000000,0.000000,0.000000,-61.987736,6747.333008
3.574962,1.000000,-7883.931152,-9.876719,2751.931355,2052.762451,6734.461426,301.347168,302.265656,325.772362,-17.336901,0.749804,2.935482,-63.182785,-20.656647,-20.820702,2037.480347,-0.024986,0.003018,-0.000594,0.529298,0.504246,0.458537,83460.992188,0.823823,0.000000,0.000000,0.000000,0.000000,0.000000,0.000000,0.000000,0.000000,0.000000,-62.058712,6735.774902
3.627395,1.000000,-7875.197754,-9.857170,2748.616375,2049.459473,6723.630859,301.584717,302.328278,325.743798,-17.312540,0.751527,2.979804,-63.244091,-20.676656,-20.814190,2034.301636,-0.025550,0.002950,-0.000594,0.531490,0.506845,0.469487,83460.992188,0.834903,0.000000,0.000000,0.000000,0.000000,0.000000,0.000000,0.000000,0.000000,0.000000,-62.119965,6725.073242
3.677838,1.000000,-7866.700684,-9.838058,2745.424336,2046.279053,6713.083496,301.797668,302.388184,325.718142,-17.288631,0.753041,3.021285,-63.298622,-20.694466,-20.807682,2031.208984,-0.026006,0.002889,-0.000594,0.533587,0.509307,0.477314,83460.992188,0.844977,0.000000,0.000000,0.000000,0.000000,0.000000,0.000000,0.000000,0.000000,0.000000,-62.173847,6714.525879
3.732474,1.000000,-7857.571289,-9.817421,2741.964071,2042.831177,6701.739258,302.012512,302.451263,325.692812,-17.262373,0.754523,3.064836,-63.351807,-20.711853,-20.800495,2027.886108,-0.026713,0.002824,-0.000594,0.535794,0.511931,0.483052,83460.992188,0.855534,0.000000,0.000000,0.000000,0.000000,0.000000,0.000000,0.000000,0.000000,0.000000,-62.226814,6703.182129
3.787364,1.000000,-7848.385742,-9.796548,2738.484985,2039.364502,6690.316406,302.212982,302.513153,325.669676,-17.235767,0.755858,3.107018,-63.399769,-20.727548,-20.793102,2024.542847,-0.027453,0.002763,-0.000594,0.537961,0.514522,0.485787,83460.992188,0.866089,0.000000,0.000000,0.000000,0.000000,0.000000,0.000000,0.000000,0.000000,0.000000,-62.274479,6691.759277
3.837980,1.000000,-7839.883301,-9.777125,2735.274627,2036.165771,6679.734863,302.385406,302.569580,325.650070,-17.211159,0.756948,3.144499,-63.439465,-20.740565,-20.786119,2021.448242,-0.028155,0.002707,-0.000595,0.539935,0.516872,0.486232,83460.992188,0.875035,0.000000,0.000000,0.000000,0.000000,0.000000,0.000000,0.000000,0.000000,0.000000,-62.313797,6681.234375
3.892944,1.000000,-7830.709473,-9.756060,2731.786396,2032.689941,6668.310059,302.560089,302.628296,325.630939,-17.184496,0.757987,3.183513,-63.477280,-20.752990,-20.778456,2018.109253,-0.029000,0.002647,-0.000595,0.541991,0.519376,0.483862,83460.992188,0.884974,0.000000,0.000000,0.000000,0.000000,0.000000,0.000000,0.000000,0.000000,0.000000,-62.351448,6669.809570
3.947873,1.000000,-7821.551758,-9.734915,2728.298479,2029.214600,6656.898438,302.722687,302.686493,325.613736,-17.158041,0.758887,3.220752,-63.510128,-20.763817,-20.770685,2014.776123,-0.029897,0.002591,-0.000596,0.544028,0.521832,0.479334,83460.992188,0.893833,0.000000,0.000000,0.000000,0.000000,0.000000,0.000000,0.000000,0.000000,0.000000,-62.384205,6658.397949
4.002203,1.000000,-7812.445313,-9.713773,2724.846976,2025.775391,6645.544922,302.872589,302.743011,325.598372,-17.132177,0.759637,3.255826,-63.538239,-20.773120,-20.762859,2011.461548,-0.030743,0.002534,-0.000597,0.546006,0.524217,0.472958,83460.992188,0.902364,0.000000,0.000000,0.000000,0.000000,0.000000,0.000000,0.000000,0.000000,0.000000,-62.412067,6647.226074
4.057702,1.000000,-7803.250977,-9.692306,2721.319792,2022.260864,6634.076660,303.015411,302.798523,325.584402,-17.106173,0.760266,3.289814,-63.562206,-20.781102,-20.754868,2008.115112,-0.031749,0.002480,-0.000598,0.547948,0.526606,0.464638,83460.992188,0.910728,0.000000,0.000000,0.000000,0.000000,0.000000,0.000000,0.000000,0.000000,0.000000,-62.436066,6635.757813
4.112309,1.000000,-7794.041992,-9.670681,2717.848133,2018.801514,6622.585449,303.146667,302.853058,325.572033,-17.081089,0.760754,3.321404,-63.581940,-20.787725,-20.746778,2004.763306,-0.032510,0.002428,-0.000599,0.549857,0.528907,0.454637,83460.992188,0.918327,0.000000,0.000000,0.000000,0.000000,0.000000,0.000000,0.000000,0.000000,0.000000,-62.455475,6624.266602
4.167049,1.000000,-7784.976563,-9.649270,2714.367071,2015.333008,6611.270020,303.270020,302.900574,325.561148,-17.056541,0.761122,3.351195,-63.597591,-20.793040,-20.738756,2001.463745,-0.033325,0.002375,-0.000601,0.551521,0.531161,0.442709,83460.992188,0.928909,0.000000,0.000000,0.000000,0.000000,0.000000,0.000000,0.000000,0.000000,0.000000,-62.470924,6612.951172
4.217986,1.000000,-7776.474609,-9.629082,2711.127208,2012.104492,6600.655273,303.377319,302.953949,325.552131,-17.034277,0.761357,3.377409,-63.608913,-20.796952,-20.731194,1998.369385,-0.034263,0.002334,-0.000602,0.553388,0.533227,0.432031,83460.992188,0.931422,0.000000,0.000000,0.000000,0.000000,0.000000,0.000000,0.000000,0.000000,0.000000,-62.482380,6602.519531
4.268571,1.000000,-7768.041016,-9.608949,2707.909251,2008.897949,6590.124512,303.477753,303.000793,325.544033,-17.012733,0.761488,3.401920,-63.617382,-20.799957,-20.723652,1995.299805,-0.035138,0.002291,-0.000603,0.555028,0.535244,0.420458,83460.992188,0.937384,0.000000,0.000000,0.000000,0.000000,0.000000,0.000000,0.000000,0.000000,0.000000,-62.490757,6591.988281
4.319251,1.000000,-7759.477051,-9.588395,2704.684916,2005.684937,6579.429199,303.572601,303.047424,325.536767,-16.991755,0.761528,3.424982,-63.623108,-20.802093,-20.715973,1992.182739,-0.035897,0.002247,-0.000604,0.556660,0.537227,0.408022,83460.992188,0.943016,0.000000,0.000000,0.000000,0.000000,0.000000,0.000000,0.000000,0.000000,0.000000,-62.496334,6581.292969
4.369852,1.000000,-7751.129395,-9.568254,2701.465408,2002.476807,6569.003418,303.661957,303.091827,325.530478,-16.971457,0.761477,3.446537,-63.626114,-20.803360,-20.708471,1989.144409,-0.036823,0.002208,-0.000606,0.558214,0.539171,0.395040,83460.992188,0.948276,0.000000,0.000000,0.000000,0.000000,0.000000,0.000000,0.000000,0.000000,0.000000,-62.499302,6570.867188
4.421104,1.000000,-7742.507813,-9.547343,2698.204409,1999.227417,6558.234863,303.747559,303.136902,325.524695,-16.951580,0.761334,3.466893,-63.626667,-20.803863,-20.700712,1986.006470,-0.037594,0.002168,-0.000607,0.559791,0.541101,0.381298,83460.992188,0.953182,0.000000,0.000000,0.000000,0.000000,0.000000,0.000000,0.000000,0.000000,0.000000,-62.499798,6560.196289
4.471198,1.000000,-7734.093750,-9.526827,2695.017139,1996.051392,6547.726074,303.826721,303.179932,325.519652,-16.932850,0.761105,3.485392,-63.624935,-20.803640,-20.693148,1982.943970,-0.038357,0.002128,-0.000608,0.561297,0.542953,0.367571,83460.992188,0.957679,0.000000,0.000000,0.000000,0.000000,0.000000,0.000000,0.000000,0.000000,0.000000,-62.498051,6549.687500
4.525975,1.000000,-7724.936523,-9.504375,2691.532089,1992.578613,6536.289063,303.908539,303.225647,325.514788,-16.913160,0.760762,3.504098,-63.620701,-20.802658,-20.684902,1979.610962,-0.039189,0.002087,-0.000610,0.562898,0.544939,0.352326,83460.992188,0.962310,0.000000,0.000000,0.000000,0.000000,0.000000,0.000000,0.000000,0.000000,0.000000,-62.493805,6538.250000
4.581073,1.000000,-7715.671875,-9.481528,2688.026934,1989.085938,6524.719238,303.986359,303.271393,325.510458,-16.894201,0.760319,3.521342,-63.614048,-20.800922,-20.676586,1976.238892,-0.039978,0.002046,-0.000611,0.564499,0.546895,0.336773,83460.992188,0.966351,0.000000,0.000000,0.000000,0.000000,0.000000,0.000000,0.000000,0.000000,0.000000,-62.487228,6526.680176
4.636486,1.000000,-7706.491699,-9.458761,2684.502182,1985.573608,6513.255859,304.060455,303.315735,325.506691,-16.876007,0.759795,3.537150,-63.605358,-20.798544,-20.668367,1972.897583,-0.040824,0.001997,-0.000609,0.566051,0.548821,0.321049,83460.992188,0.970122,0.000000,0.000000,0.000000,0.000000,0.000000,0.000000,0.000000,0.000000,0.000000,-62.478508,6515.504883
4.691913,1.000000,-7697.166992,-9.435499,2680.977098,1982.041748,6501.613770,304.130585,303.359528,325.503220,-16.858673,0.759181,3.551496,-63.594551,-20.795515,-20.660036,1969.503662,-0.041544,0.001961,-0.000608,0.567584,0.550708,0.305350,83460.992188,0.973654,0.000000,0.000000,0.000000,0.000000,0.000000,0.000000,0.000000,0.000000,0.000000,-62.467823,6503.862793
4.747051,1.000000,-7687.935547,-9.412338,2677.471046,1978.513306,6490.090332,304.196960,303.402435,325.500225,-16.842291,0.758488,3.564358,-63.582085,-20.791962,-20.651823,1966.143799,-0.042266,0.001925,-0.000606,0.569085,0.552547,0.289925,83460.992188,0.976756,0.000000,0.000000,0.000000,0.000000,0.000000,0.000000,0.000000,0.000000,0.000000,-62.455463,6492.339355
4.801957,1.000000,-7678.764160,-9.389196,2673.980484,1975.000488,6478.644531,304.259827,303.444489,325.497377,-16.826815,0.757711,3.575857,-63.568111,-20.787949,-20.643705,1962.805664,-0.042968,0.001892,-0.000605,0.570557,0.554342,0.274813,83460.992188,0.979444,0.000000,0.000000,0.000000,0.000000,0.000000,0.000000,0.000000,0.000000,0.000000,-62.441589,6480.893555
4.856612,1.000000,-7669.623535,-9.366002,2670.506692,1971.504395,6467.239258,304.319611,303.485168,325.494648,-16.812222,0.756861,3.586063,-63.552773,-20.783521,-20.635656,1959.478760,-0.043627,0.001858,-0.000605,0.571981,0.556093,0.260083,83460.992188,0.981953,0.000000,0.000000,0.000000,0.000000,0.000000,0.000000,0.000000,0.000000,0.000000,-62.426373,6469.395020
4.910806,1.000000,-7660.571289,-9.342908,2667.063071,1968.038574,6455.947266,304.376312,303.524750,325.491920,-16.798536,0.755943,3.595033,-63.536327,-20.778762,-20.627731,1956.183960,-0.044255,0.001825,-0.000604,0.573366,0.557794,0.245863,83460.992188,0.984156,0.000000,0.000000,0.000000,0.000000,0.000000,0.000000,0.000000,0.000000,0.000000,-62.410049,6458.103516
4.965094,1.000000,-7651.492676,-9.319621,2663.614410,1964.567993,6444.625977,304.430817,303.563934,325.489250,-16.785591,0.754957,3.602917,-63.518719,-20.773651,-20.619835,1952.879639,-0.044852,0.001797,-0.000604,0.574737,0.559465,0.232041,83460.992188,0.986080,0.000000,0.000000,0.000000,0.000000,0.000000,0.000000,0.000000,0.000000,0.000000,-62.392593,6446.781738
5.020781,1.000000,-7642.265137,-9.295824,2660.077909,1961.008667,6433.121582,304.484497,303.602997,325.486551,-16.773083,0.753872,3.609923,-63.499786,-20.768145,-20.611856,1949.521118,-0.045459,0.001767,-0.000604,0.576105,0.561145,0.218316,83460.992188,0.987822,0.000000,0.000000,0.000000,0.000000,0.000000,0.000000,0.000000,0.000000,0.000000,-62.373657,6435.025391
5.075307,1.000000,-7633.062988,-9.271966,2656.616200,1957.524658,6421.652832,304.535004,303.641235,325.483793,-16.761551,0.752745,3.615811,-63.480015,-20.762391,-20.603964,1946.171753,-0.045968,0.001738,-0.000605,0.577443,0.562759,0.205409,83460.992188,0.989366,0.000000,0.000000,0.000000,0.000000,0.000000,0.000000,0.000000,0.000000,0.000000,-62.354240,6423.556641
5.131002,1.000000,-7623.753418,-9.247694,2653.081407,1953.967041,6410.053223,304.584686,303.679565,325.481004,-16.750492,0.751525,3.620867,-63.459198,-20.756325,-20.596031,1942.783325,-0.046487,0.001708,-0.000605,0.578785,0.564375,0.192756,83460.992188,0.990670,0.000000,0.000000,0.000000,0.000000,0.000000,0.000000,0.000000,0.000000,0.000000,-62.333614,6411.957520
5.181356,1.000000,-7615.384277,-9.225762,2649.886610,1950.751953,6399.629395,304.628204,303.713318,325.478246,-16.741081,0.750365,3.624691,-63.439880,-20.750706,-20.588959,1939.737305,-0.046944,0.001683,-0.000606,0.579966,0.565810,0.181801,83460.992188,0.991711,0.000000,0.000000,0.000000,0.000000,0.000000,0.000000,0.000000,0.000000,0.000000,-62.314365,6401.533203
5.234213,1.000000,-7606.668945,-9.202812,2646.534078,1947.377686,6388.777344,304.672394,303.747650,325.475191,-16.731785,0.749090,3.627966,-63.419235,-20.744706,-20.581644,1936.565063,-0.047411,0.001657,-0.000606,0.581168,0.567288,0.170818,83460.992188,0.992683,0.000000,0.000000,0.000000,0.000000,0.000000,0.000000,0.000000,0.000000,0.000000,-62.293629,6390.382813
5.289556,1.000000,-7597.230469,-9.177829,2643.025069,1943.846069,6377.028809,304.717285,303.785339,325.471721,-16.722651,0.747699,3.630667,-63.396374,-20.738067,-20.573793,1933.129761,-0.047791,0.001629,-0.000607,0.582487,0.568811,0.159974,83460.992188,0.993407,0.000000,0.000000,0.000000,0.000000,0.000000,0.000000,0.000000,0.000000,0.000000,-62.271446,6378.634277
5.339577,1.000000,-7589.217773,-9.156514,2639.854581,1940.654907,6367.058594,304.756714,303.816315,325.468399,-16.714907,0.746391,3.632509,-63.376606,-20.732344,-20.567179,1930.213379,-0.048257,0.001607,-0.000607,0.583571,0.570164,0.150730,83460.992188,0.993960,0.000000,0.000000,0.000000,0.000000,0.000000,0.000000,0.000000,0.000000,0.000000,-62.251022,6368.664063
5.394665,1.000000,-7579.772461,-9.131267,2636.364135,1937.141846,6355.309570,304.799042,303.852081,325.464216,-16.706890,0.744901,3.633934,-63.352962,-20.725510,-20.559450,1926.775635,-0.048565,0.001582,-0.000608,0.584823,0.571629,0.141089,83460.992188,0.994569,0.000000,0.000000,0.000000,0.000000,0.000000,0.000000,0.000000,0.000000,0.000000,-62.228195,6356.915039
5.447743,1.000000,-7570.874023,-9.107360,2633.002260,1933.758301,6344.244629,304.838837,303.885681,325.460005,-16.699663,0.743412,3.634740,-63.330372,-20.718993,-20.552229,1923.536865,-0.048893,0.001558,-0.000609,0.585998,0.573014,0.132336,83460.992188,0.994942,0.000000,0.000000,0.000000,0.000000,0.000000,0.000000,0.000000,0.000000,0.000000,-62.205906,6345.551758
5.500486,1.000000,-7562.127930,-9.083749,2629.662794,1930.397339,6333.373047,304.877502,303.917999,325.455496,-16.692917,0.741883,3.635071,-63.307972,-20.712549,-20.545195,1920.353516,-0.049221,0.001535,-0.000610,0.587130,0.574369,0.124229,83460.992188,0.995246,0.000000,0.000000,0.000000,0.000000,0.000000,0.000000,0.000000,0.000000,0.000000,-62.183567,6334.680176
5.556435,1.000000,-7552.930176,-9.058800,2626.121649,1926.833008,6321.943848,304.917603,303.951965,325.450454,-16.686216,0.740215,3.634924,-63.284233,-20.705735,-20.537865,1917.005859,-0.049564,0.001511,-0.000611,0.588319,0.575782,0.116199,83460.992188,0.995474,0.000000,0.000000,0.000000,0.000000,0.000000,0.000000,0.000000,0.000000,0.000000,-62.159687,6323.250977
5.610084,1.000000,-7543.813965,-9.033950,2622.727348,1923.416748,6310.620605,304.955231,303.985809,325.445056,-16.680195,0.738570,3.634368,-63.260567,-20.698962,-20.530668,1913.687744,-0.049807,0.001491,-0.000612,0.589503,0.577117,0.109100,83460.992188,0.995524,0.000000,0.000000,0.000000,0.000000,0.000000,0.000000,0.000000,0.000000,0.000000,-62.136669,6311.927734
5.662198,1.000000,-7535.039551,-9.009921,2619.431361,1920.099487,6299.725098,304.991089,304.017609,325.439390,-16.674696,0.736925,3.633483,-63.237717,-20.692449,-20.523804,1910.494141,-0.050044,0.001467,-0.000612,0.590617,0.578396,0.102762,83460.992188,0.995560,0.000000,0.000000,0.000000,0.000000,0.000000,0.000000,0.000000,0.000000,0.000000,-62.114243,6300.715820
5.712288,1.000000,-7526.646484,-8.986835,2616.264498,1916.911865,6289.306641,305.025085,304.047821,325.433696,-16.669699,0.735310,3.632348,-63.215813,-20.686220,-20.517290,1907.439331,-0.050267,0.001445,-0.000613,0.591674,0.579610,0.097152,83460.992188,0.995551,0.000000,0.000000,0.000000,0.000000,0.000000,0.000000,0.000000,0.000000,0.000000,-62.092644,6290.297363
5.762528,1.000000,-7518.261230,-8.963675,2613.089251,1913.716187,6278.902344,305.058502,304.077576,325.427645,-16.664963,0.733653,3.630943,-63.193901,-20.680008,-20.510851,1904.387329,-0.050492,0.001423,-0.000614,0.592715,0.580812,0.091953,83460.992188,0.995495,0.000000,0.000000,0.000000,0.000000,0.000000,0.000000,0.000000,0.000000,0.000000,-62.070953,6279.893066
5.814287,1.000000,-7509.651367,-8.939792,2609.819156,1910.424561,6268.221680,305.092438,304.107819,325.421001,-16.660353,0.731911,3.629251,-63.171391,-20.673651,-20.504284,1901.253662,-0.050700,0.001405,-0.000615,0.593774,0.582032,0.087012,83460.992188,0.995372,0.000000,0.000000,0.000000,0.000000,0.000000,0.000000,0.000000,0.000000,0.000000,-62.048607,6269.212402
5.866829,1.000000,-7500.894043,-8.915399,2606.500788,1907.084595,6257.362305,305.126434,304.138092,325.413823,-16.655920,0.730107,3.627317,-63.148518,-20.667216,-20.497679,1898.066162,-0.050904,0.001386,-0.000615,0.594833,0.583254,0.082440,83460.992188,0.995212,0.000000,0.000000,0.000000,0.000000,0.000000,0.000000,0.000000,0.000000,0.000000,-62.025940,6258.170898
5.919382,1.000000,-7492.147461,-8.890931,2603.182930,1903.745117,6246.520020,305.159943,304.168274,325.406259,-16.651712,0.728265,3.625191,-63.125702,-20.660819,-20.491137,1894.882690,-0.051094,0.001365,-0.000616,0.595890,0.584460,0.078291,83460.992188,0.995000,0.000000,0.000000,0.000000,0.000000,0.000000,0.000000,0.000000,0.000000,0.000000,-62.003311,6247.328613
5.969793,1.000000,-7483.597656,-8.866915,2600.001432,1900.542969,6235.925293,305.191711,304.197144,325.398459,-16.647867,0.726471,3.622998,-63.103458,-20.654607,-20.484797,1891.770874,-0.051230,0.001348,-0.000616,0.596900,0.585603,0.074709,83460.992188,0.994799,0.000000,0.000000,0.000000,0.000000,0.000000,0.000000,0.000000,0.000000,0.000000,-61.981663,6236.733887
6.020682,1.000000,-7475.171387,-8.843150,2596.790886,1897.311279,6225.487305,305.223358,304.225342,325.390391,-16.644163,0.724625,3.620650,-63.081600,-20.648525,-20.478615,1888.703979,-0.051410,0.001330,-0.000617,0.597887,0.586742,0.071456,83460.992188,0.994584,0.000000,0.000000,0.000000,0.000000,0.000000,0.000000,0.000000,0.000000,0.000000,-61.959877,6226.295898
6.071044,1.000000,-7466.730957,-8.819251,2593.614689,1894.114502,6215.034668,305.254333,304.253418,325.381878,-16.640648,0.722763,3.618220,-63.059780,-20.642479,-20.472469,1885.631836,-0.051547,0.001311,-0.000618,0.598869,0.587855,0.068563,83460.992188,0.994334,0.000000,0.000000,0.000000,0.000000,0.000000,0.000000,0.000000,0.000000,0.000000,-61.938393,6215.474609
6.121577,1.000000,-7458.290039,-8.795258,2590.428808,1890.907471,6204.584473,305.285065,304.281036,325.372980,-16.637264,0.720864,3.615689,-63.038036,-20.636478,-20.466375,1882.559570,-0.051681,0.001292,-0.000618,0.599836,0.588958,0.065977,83460.992188,0.994078,0.000000,0.000000,0.000000,0.000000,0.000000,0.000000,0.000000,0.000000,0.000000,-61.916916,6205.024414
6.172310,1.000000,-7449.793457,-8.771014,2587.231420,1887.689331,6194.069824,305.315704,304.308533,325.363607,-16.633986,0.718931,3.613070,-63.016224,-20.630483,-20.460306,1879.467163,-0.051811,0.001272,-0.000619,0.600798,0.590052,0.063673,83460.992188,0.993816,0.000000,0.000000,0.000000,0.000000,0.000000,0.000000,0.000000,0.000000,0.000000,-61.895432,6194.509766
6.224840,1.000000,-7441.096191,-8.746100,2583.921940,1884.358154,6183.309082,305.347107,304.336334,325.353671,-16.630707,0.716893,3.610290,-62.993984,-20.624392,-20.454142,1876.301514,-0.051953,0.001255,-0.000619,0.601772,0.591170,0.061562,83460.992188,0.993529,0.000000,0.000000,0.000000,0.000000,0.000000,0.000000,0.000000,0.000000,0.000000,-61.873276,6183.749512
6.276567,1.000000,-7432.348633,-8.720947,2580.664199,1881.079102,6172.490723,305.377655,304.364014,325.343230,-16.627579,0.714863,3.607511,-62.971714,-20.618320,-20.448006,1873.117676,-0.052052,0.001234,-0.000619,0.602740,0.592257,0.059745,83460.992188,0.993255,0.000000,0.000000,0.000000,0.000000,0.000000,0.000000,0.000000,0.000000,0.000000,-61.851559,6172.731934
6.326694,1.000000,-7424.011719,-8.696886,2577.508306,1877.903076,6162.182617,305.406952,304.390167,325.332849,-16.624622,0.712868,3.604791,-62.950596,-20.612589,-20.442207,1870.083374,-0.052170,0.001219,-0.000619,0.603656,0.593300,0.058260,83460.992188,0.992976,0.000000,0.000000,0.000000,0.000000,0.000000,0.000000,0.000000,0.000000,0.000000,-61.830620,6162.424316
6.380746,1.000000,-7415.240234,-8.671478,2574.106495,1874.479370,6151.340820,305.438263,304.416901,325.321519,-16.621519,0.710687,3.601827,-62.928455,-20.606606,-20.436157,1866.890747,-0.052328,0.001202,-0.000620,0.604592,0.594409,0.056855,83460.992188,0.992725,0.000000,0.000000,0.000000,0.000000,0.000000,0.000000,0.000000,0.000000,0.000000,-61.808128,6151.582031
6.434172,1.000000,-7406.077148,-8.644836,2570.745295,1871.096680,6140.019043,305.468994,304.444672,325.309239,-16.618526,0.708503,3.598869,-62.905403,-20.600404,-20.429907,1863.555664,-0.052380,0.001179,-0.000620,0.605563,0.595486,0.055587,83460.992188,0.992433,0.000000,0.000000,0.000000,0.000000,0.000000,0.000000,0.000000,0.000000,0.000000,-61.785973,6139.955078
6.485807,1.000000,-7397.382813,-8.619462,2567.497900,1867.828125,6129.279297,305.498322,304.471771,325.297227,-16.615686,0.706366,3.596024,-62.883678,-20.594583,-20.424026,1860.391235,-0.052469,0.001162,-0.000620,0.606512,0.596520,0.054714,83460.992188,0.992068,0.000000,0.000000,0.000000,0.000000,0.000000,0.000000,0.000000,0.000000,0.000000,-61.764721,6129.215332
6.536466,1.000000,-7388.883789,-8.594569,2564.312966,1864.622803,6118.784180,305.526886,304.497253,325.285095,-16.612934,0.704239,3.593248,-62.862545,-20.588946,-20.418333,1857.297852,-0.052560,0.001143,-0.000620,0.607404,0.597523,0.054021,83460.992188,0.991790,0.000000,0.000000,0.000000,0.000000,0.000000,0.000000,0.000000,0.000000,0.000000,-61.743961,6118.720703
6.587635,1.000000,-7380.867676,-8.571012,2561.097047,1861.386230,6108.888184,305.555511,304.521027,325.273379,-16.610193,0.702067,3.590451,-62.842693,-20.583669,-20.413004,1854.380127,-0.052757,0.001131,-0.000620,0.608235,0.598526,0.053485,83460.992188,0.991562,0.000000,0.000000,0.000000,0.000000,0.000000,0.000000,0.000000,0.000000,0.000000,-61.723083,6108.824219
6.642031,1.000000,-7371.410156,-8.543120,2557.679502,1857.946533,6097.216309,305.585541,304.548523,325.259083,-16.607311,0.699738,3.587490,-62.819336,-20.577488,-20.406782,1850.937866,-0.052781,0.001107,-0.000619,0.609199,0.599576,0.052950,83460.992188,0.991305,0.000000,0.000000,0.000000,0.000000,0.000000,0.000000,0.000000,0.000000,0.000000,-61.700954,6096.924316
6.694709,1.000000,-7362.515625,-8.516795,2554.371052,1854.616699,6086.242676,305.614349,304.574280,325.245172,-16.604534,0.697462,3.584661,-62.797478,-20.571734,-20.400984,1847.700562,-0.052850,0.001091,-0.000619,0.610100,0.600582,0.052601,83460.992188,0.991051,0.000000,0.000000,0.000000,0.000000,0.000000,0.000000,0.000000,0.000000,0.000000,-61.679626,6085.950684
6.748356,1.000000,-7353.718750,-8.490670,2551.002913,1851.226807,6075.393555,305.643372,304.599304,325.231024,-16.601732,0.695112,3.581806,-62.775940,-20.566089,-20.395313,1844.498779,-0.052978,0.001074,-0.000619,0.610976,0.601594,0.052368,83460.992188,0.990807,0.000000,0.000000,0.000000,0.000000,0.000000,0.000000,0.000000,0.000000,0.000000,-61.657997,6075.101563
6.799220,1.000000,-7345.070313,-8.464901,2547.810588,1848.013672,6064.729980,305.670715,304.624054,325.216757,-16.599075,0.692862,3.579133,-62.754822,-20.560575,-20.389780,1841.350952,-0.053028,0.001053,-0.000618,0.611842,0.602539,0.052171,83460.992188,0.990532,0.000000,0.000000,0.000000,0.000000,0.000000,0.000000,0.000000,0.000000,0.000000,-61.637547,6064.437988
6.851933,1.000000,-7336.333496,-8.438785,2544.503322,1844.685059,6053.960449,305.698700,304.648407,325.201927,-16.596331,0.690507,3.576407,-62.733582,-20.555057,-20.384241,1838.171021,-0.053127,0.001038,-0.000618,0.612694,0.603511,0.052137,83460.992188,0.990316,0.000000,0.000000,0.000000,0.000000,0.000000,0.000000,0.000000,0.000000,0.000000,-61.616447,6053.437500
6.903967,1.000000,-7327.606445,-8.412613,2541.239760,1841.400269,6043.206543,305.726013,304.672577,325.186800,-16.593620,0.688164,3.573757,-62.712444,-20.549586,-20.378761,1834.994629,-0.053207,0.001020,-0.000617,0.613540,0.604459,0.052163,83460.992188,0.990101,0.000000,0.000000,0.000000,0.000000,0.000000,0.000000,0.000000,0.000000,0.000000,-61.595699,6042.683594
6.954267,1.000000,-7319.191406,-8.387299,2538.085992,1838.225952,6032.839844,305.752289,304.695648,325.171910,-16.591000,0.685879,3.571235,-62.692127,-20.544347,-20.373528,1831.931885,-0.053292,0.001005,-0.000616,0.614348,0.605366,0.052248,83460.992188,0.989910,0.000000,0.000000,0.000000,0.000000,0.000000,0.000000,0.000000,0.000000,0.000000,-61.575710,6032.316895
7.006350,1.000000,-7310.572754,-8.361294,2534.821506,1834.952393,6022.226074,305.779205,304.718689,325.156220,-16.588280,0.683492,3.568665,-62.671364,-20.539019,-20.368225,1828.794922,-0.053400,0.000988,-0.000616,0.615155,0.606293,0.052361,83460.992188,0.989722,0.000000,0.000000,0.000000,0.000000,0.000000,0.000000,0.000000,0.000000,0.000000,-61.555054,6021.703125
7.057529,1.000000,-7301.955078,-8.335211,2531.614742,1831.748779,6011.615234,305.805328,304.741638,325.140321,-16.585596,0.681129,3.566174,-62.650654,-20.533719,-20.362955,1825.658325,-0.053470,0.000972,-0.000615,0.615957,0.607194,0.052489,83460.992188,0.989568,0.000000,0.000000,0.000000,0.000000,0.000000,0.000000,0.000000,0.000000,0.000000,-61.534809,6010.360352
7.108608,1.000000,-7293.407715,-8.309266,2528.415290,1828.586670,6001.094727,305.831085,304.764221,325.124186,-16.582918,0.678754,3.563729,-62.630157,-20.528495,-20.357786,1822.547363,-0.053557,0.000955,-0.000614,0.616748,0.608082,0.052637,83460.992188,0.989386,0.000000,0.000000,0.000000,0.000000,0.000000,0.000000,0.000000,0.000000,0.000000,-61.514656,5999.839844
7.164470,1.000000,-7284.034668,-8.280725,2524.917437,1825.178955,5989.560547,305.859009,304.789001,325.106034,-16.579964,0.676141,3.561118,-62.607735,-20.522809,-20.352165,1819.135864,-0.053640,0.000937,-0.000613,0.617615,0.609043,0.052819,83460.992188,0.989208,0.000000,0.000000,0.000000,0.000000,0.000000,0.000000,0.000000,0.000000,0.000000,-61.492668,5988.305664
7.215545,1.000000,-7275.616211,-8.255016,2521.720417,1822.064209,5979.204590,305.884277,304.811035,325.089364,-16.577261,0.673727,3.558767,-62.587643,-20.517736,-20.347174,1816.071777,-0.053746,0.000922,-0.000612,0.618386,0.609912,0.052990,83460.992188,0.989042,0.000000,0.000000,0.000000,0.000000,0.000000,0.000000,0.000000,0.000000,0.000000,-61.472610,5977.949707
7.267582,1.000000,-7266.879883,-8.228263,2518.464254,1818.892090,5968.460449,305.909790,304.832855,325.071746,-16.574507,0.671255,3.556392,-62.566803,-20.512492,-20.342039,1812.891968,-0.053820,0.000904,-0.000611,0.619150,0.610783,0.053083,83460.992188,0.988936,0.000000,0.000000,0.000000,0.000000,0.000000,0.000000,0.000000,0.000000,0.000000,-61.452190,5968.294434
7.322719,1.000000,-7257.636719,-8.199872,2515.015280,1815.531982,5957.095703,305.936462,304.857117,325.052822,-16.571571,0.668617,3.553930,-62.544819,-20.506979,-20.336651,1809.527832,-0.053910,0.000888,-0.000610,0.619999,0.611701,0.053301,83460.992188,0.988730,0.000000,0.000000,0.000000,0.000000,0.000000,0.000000,0.000000,0.000000,0.000000,-61.430626,5956.929688
7.373675,1.000000,-7249.324219,-8.174270,2511.828911,1812.427490,5946.878906,305.960754,304.877899,325.035530,-16.568846,0.666161,3.551695,-62.525093,-20.502050,-20.331863,1806.502319,-0.054036,0.000875,-0.000609,0.620726,0.612540,0.053473,83460.992188,0.988627,0.000000,0.000000,0.000000,0.000000,0.000000,0.000000,0.000000,0.000000,0.000000,-61.410736,5946.712891
7.425758,1.000000,-7240.451660,-8.146868,2508.573132,1809.255737,5935.976074,305.985382,304.899994,325.016666,-16.566059,0.663635,3.549437,-62.504047,-20.496813,-20.326797,1803.272949,-0.054100,0.000855,-0.000607,0.621500,0.613387,0.053594,83460.992188,0.988484,0.000000,0.000000,0.000000,0.000000,0.000000,0.000000,0.000000,0.000000,0.000000,-61.390415,5935.810547
7.476257,1.000000,-7232.011230,-8.120729,2505.417395,1806.181396,5925.606934,306.009064,304.920776,324.998484,-16.563347,0.661166,3.547285,-62.484058,-20.491854,-20.322014,1800.200806,-0.054185,0.000839,-0.000606,0.622227,0.614200,0.053717,83460.992188,0.988360,0.000000,0.000000,0.000000,0.000000,0.000000,0.000000,0.000000,0.000000,0.000000,-61.370758,5926.500488
7.527151,1.000000,-7223.537598,-8.094422,2502.237993,1803.083862,5915.200195,306.032654,304.941223,324.979887,-16.560606,0.658669,3.545145,-62.464016,-20.486902,-20.317266,1797.116699,-0.054282,0.000821,-0.000605,0.622942,0.615010,0.053815,83460.992188,0.988244,0.000000,0.000000,0.000000,0.000000,0.000000,0.000000,0.000000,0.000000,0.000000,-61.350964,5916.093750
7.578317,1.000000,-7214.992188,-8.067823,2499.042629,1799.970947,5904.707520,306.056061,304.961731,324.960874,-16.557848,0.656143,3.543011,-62.443817,-20.481926,-20.312523,1794.006470,-0.054377,0.000806,-0.000603,0.623661,0.615815,0.053877,83460.992188,0.988137,0.000000,0.000000,0.000000,0.000000,0.000000,0.000000,0.000000,0.000000,0.000000,-61.331078,5905.601563
7.631078,1.000000,-7206.175781,-8.040310,2495.748737,1796.761963,5893.885742,306.079895,304.982544,324.940912,-16.555010,0.653523,3.540834,-62.422997,-20.476817,-20.307682,1790.797485,-0.054476,0.000790,-0.000602,0.624389,0.616635,0.053885,83460.992188,0.988012,0.000000,0.000000,0.000000,0.000000,0.000000,0.000000,0.000000,0.000000,0.000000,-61.310596,5894.779785
7.681551,1.000000,-7197.682129,-8.013735,2492.598711,1793.692993,5883.462402,306.102570,305.002472,324.921396,-16.552286,0.650999,3.538785,-62.402954,-20.471916,-20.303053,1787.706055,-0.054558,0.000772,-0.000600,0.625086,0.617412,0.053882,83460.992188,0.987892,0.000000,0.000000,0.000000,0.000000,0.000000,0.000000,0.000000,0.000000,0.000000,-61.291023,5885.448730
7.732042,1.000000,-7189.304688,-7.987460,2489.448565,1790.527100,5873.184082,306.124847,305.021790,324.901909,-16.549561,0.648468,3.536754,-62.383221,-20.467105,-20.298531,1784.656982,-0.054656,0.000758,-0.000599,0.625762,0.618180,0.053851,83460.992188,0.987797,0.000000,0.000000,0.000000,0.000000,0.000000,0.000000,0.000000,0.000000,0.000000,-61.271477,5875.170410
7.782571,1.000000,-7180.909180,-7.961068,2486.297049,1787.377319,5862.887207,306.146820,305.040924,324.882095,-16.546841,0.645918,3.534734,-62.363464,-20.462305,-20.294052,1781.601196,-0.054762,0.000742,-0.000597,0.626432,0.618939,0.053788,83460.992188,0.987677,0.000000,0.000000,0.000000,0.000000,0.000000,0.000000,0.000000,0.000000,0.000000,-61.251938,5864.873535
7.833658,1.000000,-7172.360840,-7.934131,2483.111750,1784.193604,5852.404785,306.168945,305.060028,324.861600,-16.544092,0.643324,3.532719,-62.343361,-20.457439,-20.289528,1778.489868,-0.054855,0.000732,-0.000597,0.627101,0.619698,0.053698,83460.992188,0.987582,0.000000,0.000000,0.000000,0.000000,0.000000,0.000000,0.000000,0.000000,0.000000,-61.232201,5854.391113
7.885591,1.000000,-7163.682129,-7.906719,2479.874752,1780.958252,5841.765625,306.191132,305.079254,324.840422,-16.541309,0.640668,3.530682,-62.322971,-20.452525,-20.284986,1775.331055,-0.054956,0.000721,-0.000599,0.627774,0.620459,0.053591,83460.992188,0.987468,0.000000,0.000000,0.000000,0.000000,0.000000,0.000000,0.000000,0.000000,0.000000,-61.212158,5844.054688
7.936190,1.000000,-7155.275879,-7.880108,2476.721918,1777.806885,5831.462891,306.212402,305.097565,324.819659,-16.538597,0.638068,3.528715,-62.303234,-20.447783,-20.280626,1772.271484,-0.055060,0.000705,-0.000600,0.628415,0.621193,0.053458,83460.992188,0.987372,0.000000,0.000000,0.000000,0.000000,0.000000,0.000000,0.000000,0.000000,0.000000,-61.192642,5833.751953
7.986724,1.000000,-7146.821289,-7.853286,2473.574134,1774.660645,5821.103516,306.233521,305.115845,324.798541,-16.535896,0.635464,3.526767,-62.283405,-20.443033,-20.276279,1769.194214,-0.055153,0.000686,-0.000600,0.629054,0.621916,0.053275,83460.992188,0.987272,0.000000,0.000000,0.000000,0.000000,0.000000,0.000000,0.000000,0.000000,0.000000,-61.173176,5823.392578
8.037241,1.000000,-7138.420410,-7.826578,2470.428406,1771.516602,5810.812988,306.254425,305.133698,324.777245,-16.533209,0.632852,3.524827,-62.263721,-20.438335,-20.272013,1766.136597,-0.055258,0.000671,-0.000600,0.629679,0.622631,0.053057,83460.992188,0.987162,0.000000,0.000000,0.000000,0.000000,0.000000,0.000000,0.000000,0.000000,0.000000,-61.153740,5813.102051
8.088353,1.000000,-7129.993164,-7.799728,2467.246642,1768.336182,5800.492188,306.275116,305.151337,324.755681,-16.530502,0.630199,3.522873,-62.244011,-20.433645,-20.267767,1763.069336,-0.055367,0.000656,-0.000600,0.630296,0.623345,0.052801,83460.992188,0.987060,0.000000,0.000000,0.000000,0.000000,0.000000,0.000000,0.000000,0.000000,0.000000,-61.134109,5802.801270
8.142970,1.000000,-7120.742676,-7.770191,2463.847818,1764.939209,5789.166504,306.296967,305.170227,324.731656,-16.527630,0.627360,3.520787,-62.222389,-20.428520,-20.263163,1759.702393,-0.055455,0.000635,-0.000599,0.630958,0.624096,0.052458,83460.992188,0.986952,0.000000,0.000000,0.000000,0.000000,0.000000,0.000000,0.000000,0.000000,0.000000,-61.113152,5791.476074
8.198361,1.000000,-7111.705078,-7.741269,2460.402027,1761.494873,5778.104492,306.318848,305.188904,324.707898,-16.524740,0.624465,3.518673,-62.201279,-20.423532,-20.258711,1756.412964,-0.055581,0.000619,-0.000598,0.631611,0.624846,0.052066,83460.992188,0.986782,0.000000,0.000000,0.000000,0.000000,0.000000,0.000000,0.000000,0.000000,0.000000,-61.091915,5780.414063
8.253174,1.000000,-7102.419922,-7.711489,2456.993354,1758.087891,5766.742188,306.340179,305.207703,324.683191,-16.521900,0.621589,3.516590,-62.179646,-20.418440,-20.254179,1753.033447,-0.055666,0.000600,-0.000597,0.632270,0.625580,0.051685,83460.992188,0.986634,0.000000,0.000000,0.000000,0.000000,0.000000,0.000000,0.000000,0.000000,0.000000,-61.070953,5769.051270
8.305244,1.000000,-7093.738770,-7.683588,2453.756339,1754.852295,5756.122070,306.360077,305.224945,324.659818,-16.519217,0.618855,3.514628,-62.159458,-20.413707,-20.249994,1749.873779,-0.055768,0.000585,-0.000596,0.632873,0.626269,0.051311,83460.992188,0.986515,0.000000,0.000000,0.000000,0.000000,0.000000,0.000000,0.000000,0.000000,0.000000,-61.051086,5758.378418
8.356237,1.000000,-7085.292480,-7.656388,2450.587293,1751.684814,5745.791992,306.379303,305.241364,324.636772,-16.516609,0.616169,3.512708,-62.139854,-20.409129,-20.245966,1746.799561,-0.055873,0.000570,-0.000594,0.633448,0.626937,0.050925,83460.992188,0.986390,0.000000,0.000000,0.000000,0.000000,0.000000,0.000000,0.000000,0.000000,0.000000,-61.031666,5748.048340
8.412335,1.000000,-7075.926270,-7.626166,2447.102150,1748.201172,5734.339355,306.400269,305.259491,324.610937,-16.513762,0.613206,3.510606,-62.118145,-20.404076,-20.241541,1743.390625,-0.055977,0.000555,-0.000592,0.634082,0.627661,0.050470,83460.992188,0.986244,0.000000,0.000000,0.000000,0.000000,0.000000,0.000000,0.000000,0.000000,0.000000,-61.010338,5736.595215
8.464639,1.000000,-7067.239258,-7.598080,2443.853814,1744.954346,5723.720215,306.419434,305.275665,324.586704,-16.511137,0.610429,3.508637,-62.098042,-20.399414,-20.237486,1740.228760,-0.056076,0.000537,-0.000591,0.634649,0.628325,0.049976,83460.992188,0.986139,0.000000,0.000000,0.000000,0.000000,0.000000,0.000000,0.000000,0.000000,0.000000,-60.990482,5725.976563
8.520600,1.000000,-7057.879883,-7.567760,2440.379524,1741.481812,5712.281738,306.439789,305.293365,324.560247,-16.508364,0.607451,3.506535,-62.076431,-20.394425,-20.233164,1736.822266,-0.056174,0.000517,-0.000588,0.635268,0.629025,0.049454,83460.992188,0.985955,0.000000,0.000000,0.000000,0.000000,0.000000,0.000000,0.000000,0.000000,0.000000,-60.969296,5714.609863
8.575484,1.000000,-7048.856934,-7.538474,2436.973265,1738.076904,5701.257813,306.459351,305.309875,324.534472,-16.505671,0.604517,3.504476,-62.055656,-20.389648,-20.229050,1733.538208,-0.056291,0.000502,-0.000586,0.635846,0.629704,0.048942,83460.992188,0.985802,0.000000,0.000000,0.000000,0.000000,0.000000,0.000000,0.000000,0.000000,0.000000,-60.948578,5703.586426
8.631838,1.000000,-7039.382813,-7.507663,2433.476977,1734.582275,5689.685547,306.479095,305.326996,324.507065,-16.502932,0.601498,3.502369,-62.033894,-20.384665,-20.224773,1730.089844,-0.056383,0.000482,-0.000583,0.636445,0.630390,0.048391,83460.992188,0.985635,0.000000,0.000000,0.000000,0.000000,0.000000,0.000000,0.000000,0.000000,0.000000,-60.927353,5692.013672
8.687714,1.000000,-7030.083496,-7.477361,2430.011542,1731.118286,5678.329590,306.498260,305.344177,324.479926,-16.500246,0.598500,3.500285,-62.012592,-20.379806,-20.220621,1726.705200,-0.056482,0.000464,-0.000581,0.637046,0.631060,0.047839,83460.992188,0.985444,0.000000,0.000000,0.000000,0.000000,0.000000,0.000000,0.000000,0.000000,0.000000,-60.906384,5680.615234
8.741490,1.000000,-7021.189453,-7.448328,2426.677471,1727.785767,5667.471191,306.516693,305.359558,324.453676,-16.497688,0.595607,3.498283,-61.992275,-20.375190,-20.216700,1723.468018,-0.056586,0.000451,-0.000578,0.637585,0.631697,0.047307,83460.992188,0.985304,0.000000,0.000000,0.000000,0.000000,0.000000,0.000000,0.000000,0.000000,0.000000,-60.886250,5669.757324
8.795518,1.000000,-7012.103516,-7.418616,2423.328882,1724.438599,5656.381836,306.534760,305.375916,324.426536,-16.495146,0.592695,3.496278,-61.971581,-20.370511,-20.212740,1720.161011,-0.056673,0.000434,-0.000575,0.638157,0.632329,0.046755,83460.992188,0.985120,0.000000,0.000000,0.000000,0.000000,0.000000,0.000000,0.000000,0.000000,0.000000,-60.866089,5658.667480
8.851308,1.000000,-7002.721191,-7.387879,2419.872245,1720.983643,5644.933105,306.553162,305.392639,324.398121,-16.492559,0.589684,3.494214,-61.950275,-20.365721,-20.208693,1716.746094,-0.056759,0.000418,-0.000572,0.638743,0.632975,0.046211,83460.992188,0.984932,0.000000,0.000000,0.000000,0.000000,0.000000,0.000000,0.000000,0.000000,0.000000,-60.845341,5647.218750
8.904092,1.000000,-6993.854980,-7.358785,2416.602932,1717.715698,5634.117188,306.570160,305.408051,324.371071,-16.490149,0.586818,3.492258,-61.930214,-20.361225,-20.204918,1713.519043,-0.056849,0.000397,-0.000570,0.639282,0.633579,0.045702,83460.992188,0.984770,0.000000,0.000000,0.000000,0.000000,0.000000,0.000000,0.000000,0.000000,0.000000,-60.825779,5636.522461
8.957456,1.000000,-6985.050293,-7.329846,2413.298763,1714.412842,5623.378906,306.587219,305.423065,324.343961,-16.487726,0.583915,3.490284,-61.910343,-20.356790,-20.201216,1710.314453,-0.056955,0.000382,-0.000567,0.639807,0.634182,0.045170,83460.992188,0.984609,0.000000,0.000000,0.000000,0.000000,0.000000,0.000000,0.000000,0.000000,0.000000,-60.806053,5625.784180
9.008920,1.000000,-6976.533203,-7.301807,2410.113251,1711.228760,5612.993164,306.603424,305.437286,324.317533,-16.485413,0.581121,3.488392,-61.891159,-20.352522,-20.197664,1707.214478,-0.057048,0.000367,-0.000564,0.640305,0.634756,0.044625,83460.992188,0.984447,0.000000,0.000000,0.000000,0.000000,0.000000,0.000000,0.000000,0.000000,0.000000,-60.787075,5615.398926
9.060460,1.000000,-6967.917969,-7.273402,2406.924030,1708.040771,5602.490723,306.619354,305.451752,324.290453,-16.483118,0.578315,3.486506,-61.871807,-20.348240,-20.194115,1704.078735,-0.057131,0.000352,-0.000561,0.640811,0.635323,0.044063,83460.992188,0.984267,0.000000,0.000000,0.000000,0.000000,0.000000,0.000000,0.000000,0.000000,0.000000,-60.768131,5604.895996
9.110625,1.000000,-6959.575195,-7.245856,2403.820842,1704.938721,5592.322754,306.634674,305.465576,324.264114,-16.480925,0.575579,3.484663,-61.853146,-20.344122,-20.190714,1701.042236,-0.057216,0.000336,-0.000558,0.641295,0.635870,0.043530,83460.992188,0.984097,0.000000,0.000000,0.000000,0.000000,0.000000,0.000000,0.000000,0.000000,0.000000,-60.749763,5594.694824
9.160691,1.000000,-6951.229980,-7.218263,2400.724711,1701.843994,5582.153809,306.649689,305.478882,324.237538,-16.478765,0.572843,3.482818,-61.834530,-20.340031,-20.187353,1698.004883,-0.057303,0.000322,-0.000555,0.641761,0.636408,0.042994,83460.992188,0.983925,0.000000,0.000000,0.000000,0.000000,0.000000,0.000000,0.000000,0.000000,0.000000,-60.731487,5584.525879
9.212418,1.000000,-6942.656250,-7.189874,2397.526840,1698.647461,5571.708984,306.664917,305.492645,324.210013,-16.476555,0.570015,3.480922,-61.815456,-20.335856,-20.183931,1694.884277,-0.057390,0.000305,-0.000551,0.642242,0.636957,0.042426,83460.992188,0.983753,0.000000,0.000000,0.000000,0.000000,0.000000,0.000000,0.000000,0.000000,0.000000,-60.712662,5574.081055
9.264530,1.000000,-6934.000000,-7.161171,2394.306167,1695.427979,5561.165527,306.680176,305.506348,324.181895,-16.474361,0.567162,3.479013,-61.796261,-20.331677,-20.180513,1691.733643,-0.057471,0.000289,-0.000548,0.642722,0.637503,0.041852,83460.992188,0.983559,0.000000,0.000000,0.000000,0.000000,0.000000,0.000000,0.000000,0.000000,0.000000,-60.693760,5563.537109
9.316226,1.000000,-6925.328613,-7.132380,2391.112192,1692.235474,5550.606445,306.695038,305.519745,324.153510,-16.472212,0.564326,3.477129,-61.777107,-20.327525,-20.177139,1688.577515,-0.057553,0.000274,-0.000545,0.643191,0.638039,0.041287,83460.992188,0.983384,0.000000,0.000000,0.000000,0.000000,0.000000,0.000000,0.000000,0.000000,0.000000,-60.675087,5552.977539
9.368357,1.000000,-6916.606445,-7.103380,2387.892333,1689.016846,5539.987305,306.709808,305.533173,324.124709,-16.470078,0.561462,3.475233,-61.757919,-20.323386,-20.173773,1685.402954,-0.057626,0.000256,-0.000542,0.643661,0.638571,0.040728,83460.992188,0.983175,0.000000,0.000000,0.000000,0.000000,0.000000,0.000000,0.000000,0.000000,0.000000,-60.656334,5542.358398
9.420702,1.000000,-6907.930176,-7.074495,2384.660257,1685.785889,5529.427246,306.724487,305.546265,324.095879,-16.467960,0.558580,3.473331,-61.738892,-20.319296,-20.170469,1682.244995,-0.057714,0.000240,-0.000538,0.644119,0.639099,0.040172,83460.992188,0.983004,0.000000,0.000000,0.000000,0.000000,0.000000,0.000000,0.000000,0.000000,0.000000,-60.637569,5531.797852
9.471452,1.000000,-6899.491211,-7.046365,2381.527616,1682.654541,5519.157715,306.738525,305.559082,324.067612,-16.465944,0.555781,3.471485,-61.720459,-20.315352,-20.167294,1679.173462,-0.057796,0.000223,-0.000535,0.644568,0.639605,0.039638,83460.992188,0.982805,0.000000,0.000000,0.000000,0.000000,0.000000,0.000000,0.000000,0.000000,0.000000,-60.619453,5521.528809
9.524298,1.000000,-6890.815430,-7.017409,2378.266589,1679.394775,5508.602051,306.752808,305.571808,324.038337,-16.463871,0.552866,3.469571,-61.701580,-20.311331,-20.164059,1676.015747,-0.057881,0.000207,-0.000531,0.645013,0.640124,0.039077,83460.992188,0.982615,0.000000,0.000000,0.000000,0.000000,0.000000,0.000000,0.000000,0.000000,0.000000,-60.600662,5511.006836
9.575465,1.000000,-6882.569336,-6.989854,2375.110135,1676.239502,5498.571777,306.766510,305.583740,324.010219,-16.461885,0.550045,3.467736,-61.683701,-20.307544,-20.161022,1673.014404,-0.057971,0.000196,-0.000528,0.645431,0.640619,0.038531,83460.992188,0.982409,0.000000,0.000000,0.000000,0.000000,0.000000,0.000000,0.000000,0.000000,0.000000,-60.582539,5500.976074
9.626997,1.000000,-6873.630371,-6.959950,2371.932111,1673.062744,5487.701172,306.780060,305.596710,323.979520,-16.459921,0.547197,3.465883,-61.664402,-20.303476,-20.157770,1669.760864,-0.058025,0.000175,-0.000524,0.645885,0.641112,0.038005,83460.992188,0.982193,0.000000,0.000000,0.000000,0.000000,0.000000,0.000000,0.000000,0.000000,0.000000,-60.564369,5490.105469
9.677611,1.000000,-6865.197266,-6.931705,2368.811627,1669.943359,5477.447266,306.793243,305.608490,323.950245,-16.458014,0.544393,3.464085,-61.646275,-20.299679,-20.154734,1666.691528,-0.058093,0.000156,-0.000521,0.646298,0.641591,0.037512,83460.992188,0.982011,0.000000,0.000000,0.000000,0.000000,0.000000,0.000000,0.000000,0.000000,0.000000,-60.546604,5479.851563
9.733701,1.000000,-6855.900879,-6.900533,2365.354600,1666.487549,5466.145996,306.807648,305.621582,323.917855,-16.455933,0.541288,3.462099,-61.626389,-20.295529,-20.151424,1663.307861,-0.058173,0.000141,-0.000517,0.646755,0.642114,0.036988,83460.992188,0.981779,0.000000,0.000000,0.000000,0.000000,0.000000,0.000000,0.000000,0.000000,0.000000,-60.527020,5468.574707
9.785249,1.000000,-6847.319336,-6.871726,2362.178498,1663.312744,5455.716797,306.820526,305.633270,323.887750,-16.454048,0.538425,3.460272,-61.608105,-20.291730,-20.148411,1660.184448,-0.058248,0.000122,-0.000513,0.647164,0.642588,0.036504,83460.992188,0.981601,0.000000,0.000000,0.000000,0.000000,0.000000,0.000000,0.000000,0.000000,0.000000,-60.509090,5458.145020
9.835563,1.000000,-6838.898926,-6.843430,2359.079333,1660.214722,5445.485352,306.832977,305.644653,323.857881,-16.452230,0.535640,3.458507,-61.590229,-20.288041,-20.145493,1657.119629,-0.058319,0.000109,-0.000509,0.647563,0.643045,0.036039,83460.992188,0.981391,0.000000,0.000000,0.000000,0.000000,0.000000,0.000000,0.000000,0.000000,0.000000,-60.491653,5447.914063
9.885969,1.000000,-6830.507813,-6.815202,2355.975395,1657.111816,5435.290527,306.845337,305.655853,323.827924,-16.450432,0.532844,3.456750,-61.572495,-20.284399,-20.142603,1654.065552,-0.058379,0.000094,-0.000505,0.647955,0.643496,0.035581,83460.992188,0.981190,0.000000,0.000000,0.000000,0.000000,0.000000,0.000000,0.000000,0.000000,0.000000,-60.474274,5437.719238
9.936068,1.000000,-6822.183105,-6.787172,2352.891244,1654.029053,5425.179688,306.857391,305.666779,323.798026,-16.448668,0.530064,3.455012,-61.554974,-20.280817,-20.139784,1651.035645,-0.058453,0.000079,-0.000502,0.648338,0.643939,0.035140,83460.992188,0.980997,0.000000,0.000000,0.000000,0.000000,0.000000,0.000000,0.000000,0.000000,0.000000,-60.457069,5427.635254
9.990414,1.000000,-6813.223145,-6.756973,2349.546632,1650.685425,5414.298340,306.870270,305.678558,323.765666,-16.446777,0.527049,3.453143,-61.536201,-20.276997,-20.136774,1647.774414,-0.058528,0.000064,-0.000498,0.648749,0.644414,0.034668,83460.992188,0.980789,0.000000,0.000000,0.000000,0.000000,0.000000,0.000000,0.000000,0.000000,0.000000,-60.438503,5416.754395
10.044522,1.000000,-6804.125977,-6.726280,2346.217687,1647.357666,5403.252930,306.882935,305.690277,323.732535,-16.444923,0.524044,3.451291,-61.517223,-20.273158,-20.133755,1644.463379,-0.058590,0.000050,-0.000494,0.649160,0.644879,0.034206,83460.992188,0.980563,0.000000,0.000000,0.000000,0.000000,0.000000,0.000000,0.000000,0.000000,0.000000,-60.420101,5405.708984
10.096684,1.000000,-6795.446777,-6.696970,2343.009428,1644.150635,5392.717285,306.894836,305.700989,323.700709,-16.443161,0.521150,3.449518,-61.499203,-20.269533,-20.130913,1641.304443,-0.058655,0.000032,-0.000490,0.649534,0.645321,0.033760,83460.992188,0.980382,0.000000,0.000000,0.000000,0.000000,0.000000,0.000000,0.000000,0.000000,0.000000,-60.402439,5395.173340
10.147555,1.000000,-6786.959961,-6.668287,2339.881474,1641.023682,5382.417480,306.906250,305.711426,323.669328,-16.441460,0.518326,3.447811,-61.481655,-20.266025,-20.128168,1638.215454,-0.058718,0.000017,-0.000486,0.649900,0.645745,0.033341,83460.992188,0.980166,0.000000,0.000000,0.000000,0.000000,0.000000,0.000000,0.000000,0.000000,0.000000,-60.385300,5384.877930
10.204832,1.000000,-6777.798828,-6.637295,2336.360695,1637.503906,5371.300293,306.918884,305.720428,323.635307,-16.439571,0.515151,3.445893,-61.462807,-20.262274,-20.125229,1634.881104,-0.058797,0.000003,-0.000482,0.650215,0.646216,0.032870,83460.992188,0.980029,0.000000,0.000000,0.000000,0.000000,0.000000,0.000000,0.000000,0.000000,0.000000,-60.366093,5373.761230
10.256078,1.000000,-6768.977051,-6.607427,2333.211580,1634.356079,5360.598145,306.929993,305.733459,323.602325,-16.437908,0.512307,3.444188,-61.444740,-20.258699,-20.122446,1631.670166,-0.058846,-0.000012,-0.000478,0.650671,0.646630,0.032468,83460.992188,0.979741,0.000000,0.000000,0.000000,0.000000,0.000000,0.000000,0.000000,0.000000,0.000000,-60.348999,5363.058594
10.307898,1.000000,-6760.427734,-6.578457,2330.028099,1631.173584,5350.228516,306.941010,305.743622,323.570172,-16.436239,0.509434,3.442493,-61.427315,-20.255269,-20.119781,1628.558472,-0.058916,-0.000027,-0.000474,0.651027,0.647045,0.032079,83460.992188,0.979542,0.000000,0.000000,0.000000,0.000000,0.000000,0.000000,0.000000,0.000000,0.000000,-60.331799,5352.610840
10.360459,1.000000,-6751.700684,-6.548859,2326.800022,1627.946533,5339.644531,306.952057,305.753723,323.537101,-16.434576,0.506513,3.440782,-61.409611,-20.251807,-20.117088,1625.382080,-0.058975,-0.000043,-0.000470,0.651380,0.647459,0.031690,83460.992188,0.979342,0.000000,0.000000,0.000000,0.000000,0.000000,0.000000,0.000000,0.000000,0.000000,-60.314438,5342.027344
10.411095,1.000000,-6743.132813,-6.519779,2323.691048,1624.838623,5329.255371,306.962463,305.763977,323.504474,-16.432989,0.503706,3.439149,-61.392315,-20.248443,-20.114468,1622.263672,-0.059018,-0.000059,-0.000466,0.651740,0.647853,0.031330,83460.992188,0.979137,0.000000,0.000000,0.000000,0.000000,0.000000,0.000000,0.000000,0.000000,0.000000,-60.297794,5331.638184
10.461700,1.000000,-6734.946777,-6.491977,2320.584834,1621.733154,5319.331543,306.972687,305.773285,323.473033,-16.431419,0.500898,3.437543,-61.375862,-20.245265,-20.112003,1619.284180,-0.059086,-0.000070,-0.000462,0.652065,0.648242,0.030990,83460.992188,0.978949,0.000000,0.000000,0.000000,0.000000,0.000000,0.000000,0.000000,0.000000,0.000000,-60.281242,5321.714355
10.517485,1.000000,-6725.639648,-6.460347,2317.161654,1618.311279,5308.050781,306.983856,305.783600,323.437085,-16.429710,0.497804,3.435776,-61.357235,-20.241686,-20.109238,1615.896729,-0.059149,-0.000088,-0.000458,0.652426,0.648665,0.030611,83460.992188,0.978755,0.000000,0.000000,0.000000,0.000000,0.000000,0.000000,0.000000,0.000000,0.000000,-60.263073,5310.583984
10.569470,1.000000,-6716.923828,-6.430702,2313.972582,1615.123291,5297.488281,306.993896,305.794159,323.403301,-16.428137,0.494920,3.434147,-61.339874,-20.238366,-20.106665,1612.724365,-0.059195,-0.000102,-0.000454,0.652795,0.649054,0.030272,83460.992188,0.978545,0.000000,0.000000,0.000000,0.000000,0.000000,0.000000,0.000000,0.000000,0.000000,-60.246231,5300.020996
10.620258,1.000000,-6708.514160,-6.402082,2310.857802,1612.009521,5287.298828,307.003540,305.803986,323.370496,-16.426613,0.492102,3.432578,-61.323196,-20.235196,-20.104223,1609.663574,-0.059256,-0.000116,-0.000450,0.653139,0.649431,0.029958,83460.992188,0.978354,0.000000,0.000000,0.000000,0.000000,0.000000,0.000000,0.000000,0.000000,0.000000,-60.229847,5289.831543
10.671334,1.000000,-6700.052734,-6.373267,2307.726213,1608.878906,5277.048340,307.013092,305.812988,323.337276,-16.425102,0.489266,3.431006,-61.306492,-20.232040,-20.101793,1606.583862,-0.059311,-0.000131,-0.000446,0.653454,0.649806,0.029636,83460.992188,0.978173,0.000000,0.000000,0.000000,0.000000,0.000000,0.000000,0.000000,0.000000,0.000000,-60.213448,5279.581055
10.722937,1.000000,-6691.495605,-6.344109,2304.563180,1605.716797,5266.683594,307.022736,305.822479,323.303463,-16.423584,0.486405,3.429448,-61.289661,-20.228880,-20.099361,1603.469238,-0.059364,-0.000145,-0.000442,0.653787,0.650180,0.029321,83460.992188,0.977980,0.000000,0.000000,0.000000,0.000000,0.000000,0.000000,0.000000,0.000000,0.000000,-60.196953,5269.193848
10.775048,1.000000,-6682.785156,-6.314411,2301.369888,1602.524292,5256.134766,307.032257,305.831970,323.268908,-16.422062,0.483516,3.427896,-61.272617,-20.225697,-20.096918,1600.298950,-0.059415,-0.000161,-0.000438,0.654119,0.650553,0.029002,83460.992188,0.977805,0.000000,0.000000,0.000000,0.000000,0.000000,0.000000,0.000000,0.000000,0.000000,-60.180378,5258.645020
10.826217,1.000000,-6674.284668,-6.285415,2298.235175,1599.390381,5245.842285,307.041321,305.841003,323.235066,-16.420593,0.480680,3.426374,-61.256065,-20.222622,-20.094568,1597.204956,-0.059473,-0.000176,-0.000434,0.654435,0.650915,0.028701,83460.992188,0.977623,0.000000,0.000000,0.000000,0.000000,0.000000,0.000000,0.000000,0.000000,0.000000,-60.164181,5248.353027
10.877569,1.000000,-6665.802734,-6.256466,2295.090101,1596.246338,5235.574219,307.050232,305.850128,323.201015,-16.419134,0.477836,3.424867,-61.239605,-20.219585,-20.092245,1594.117798,-0.059527,-0.000190,-0.000430,0.654754,0.651273,0.028404,83460.992188,0.977427,0.000000,0.000000,0.000000,0.000000,0.000000,0.000000,0.000000,0.000000,0.000000,-60.147991,5238.084473
10.928951,1.000000,-6657.253906,-6.227275,2291.944037,1593.101318,5225.226074,307.059113,305.858734,323.166579,-16.417688,0.474994,3.423372,-61.223087,-20.216553,-20.089924,1591.006348,-0.059573,-0.000208,-0.000426,0.655056,0.651627,0.028112,83460.992188,0.977258,0.000000,0.000000,0.000000,0.000000,0.000000,0.000000,0.000000,0.000000,0.000000,-60.131870,5227.747070
10.981197,1.000000,-6648.573730,-6.197622,2288.745937,1589.903931,5214.721191,307.068024,305.867767,323.131520,-16.416235,0.472104,3.421868,-61.206394,-20.213502,-20.087603,1587.846924,-0.059628,-0.000222,-0.000422,0.655371,0.651983,0.027812,83460.992188,0.977078,0.000000,0.000000,0.000000,0.000000,0.000000,0.000000,0.000000,0.000000,0.000000,-60.115547,5217.242188
11.031603,1.000000,-6640.224121,-6.169087,2285.661290,1586.820313,5204.618164,307.076355,305.876251,323.097470,-16.414846,0.469315,3.420435,-61.190403,-20.210605,-20.085403,1584.807983,-0.059681,-0.000237,-0.000418,0.655669,0.652321,0.027531,83460.992188,0.976904,0.000000,0.000000,0.000000,0.000000,0.000000,0.000000,0.000000,0.000000,0.000000,-60.099876,5207.139160
11.082128,1.000000,-6631.889160,-6.140589,2282.570168,1583.729858,5194.533691,307.084564,305.884552,323.063389,-16.413465,0.466524,3.419017,-61.174511,-20.207740,-20.083221,1581.774292,-0.059728,-0.000252,-0.000414,0.655959,0.652656,0.027254,83460.992188,0.976729,0.000000,0.000000,0.000000,0.000000,0.000000,0.000000,0.000000,0.000000,0.000000,-60.084236,5197.054688
11.132824,1.000000,-6623.401855,-6.111562,2279.469395,1580.630127,5184.267578,307.092743,305.892792,323.028419,-16.412100,0.463721,3.417608,-61.158386,-20.204855,-20.081038,1578.685181,-0.059776,-0.000268,-0.000410,0.656248,0.652988,0.026977,83460.992188,0.976555,0.000000,0.000000,0.000000,0.000000,0.000000,0.000000,0.000000,0.000000,0.000000,-60.068604,5186.837402
11.188724,1.000000,-6614.123047,-6.079813,2276.051260,1577.212891,5173.044434,307.101685,305.901611,322.990038,-16.410603,0.460633,3.416080,-61.140835,-20.201731,-20.078667,1575.307983,-0.059823,-0.000286,-0.000405,0.656557,0.653349,0.026681,83460.992188,0.976365,0.000000,0.000000,0.000000,0.000000,0.000000,0.000000,0.000000,0.000000,0.000000,-60.051449,5175.614746
11.240037,1.000000,-6605.658203,-6.050842,2272.914468,1574.076904,5162.808594,307.109680,305.909546,322.954890,-16.409243,0.457799,3.414690,-61.124912,-20.198916,-20.076540,1572.227051,-0.059875,-0.000301,-0.000401,0.656834,0.653675,0.026421,83460.992188,0.976197,0.000000,0.000000,0.000000,0.000000,0.000000,0.000000,0.000000,0.000000,0.000000,-60.035793,5165.378906
11.290984,1.000000,-6597.131348,-6.021650,2269.800861,1570.964111,5152.499023,307.117401,305.917664,322.919268,-16.407911,0.454990,3.413324,-61.108932,-20.196109,-20.074417,1569.123535,-0.059915,-0.000316,-0.000396,0.657118,0.653995,0.026167,83460.992188,0.976013,0.000000,0.000000,0.000000,0.000000,0.000000,0.000000,0.000000,0.000000,0.000000,-60.020309,5155.068848
11.342214,1.000000,-6588.751465,-5.992954,2266.670769,1567.834717,5142.368164,307.125122,305.925476,322.884209,-16.406586,0.452169,3.411962,-61.093300,-20.193376,-20.072359,1566.073486,-0.059968,-0.000331,-0.000392,0.657392,0.654312,0.025914,83460.992188,0.975851,0.000000,0.000000,0.000000,0.000000,0.000000,0.000000,0.000000,0.000000,0.000000,-60.004810,5144.870605
11.398427,1.000000,-6579.353027,-5.960758,2263.237153,1564.401978,5131.007813,307.133423,305.933746,322.844582,-16.405136,0.449080,3.410501,-61.075840,-20.190348,-20.070074,1562.652710,-0.060009,-0.000348,-0.000387,0.657681,0.654655,0.025640,83460.992188,0.975678,0.000000,0.000000,0.000000,0.000000,0.000000,0.000000,0.000000,0.000000,0.000000,-59.987885,5133.510254
11.448480,1.000000,-6571.041992,-5.932281,2260.180620,1561.346436,5120.963867,307.140564,305.941406,322.809345,-16.403860,0.446333,3.409219,-61.060474,-20.187704,-20.068081,1559.627686,-0.060048,-0.000361,-0.000383,0.657949,0.654955,0.025411,83460.992188,0.975505,0.000000,0.000000,0.000000,0.000000,0.000000,0.000000,0.000000,0.000000,0.000000,-59.972893,5123.465820
11.498632,1.000000,-6562.787109,-5.903991,2257.118809,1558.285400,5110.989258,307.147552,305.948639,322.774316,-16.402586,0.443580,3.407950,-61.045269,-20.185097,-20.066132,1556.623169,-0.060101,-0.000375,-0.000379,0.658203,0.655252,0.025185,83460.992188,0.975346,0.000000,0.000000,0.000000,0.000000,0.000000,0.000000,0.000000,0.000000,0.000000,-59.957928,5113.491211
11.550202,1.000000,-6554.229492,-5.874656,2253.971228,1555.138794,5100.649902,307.154724,305.955872,322.737774,-16.401287,0.440758,3.406663,-61.029568,-20.182424,-20.064125,1553.508545,-0.060140,-0.000389,-0.000374,0.658455,0.655553,0.024949,83460.992188,0.975188,0.000000,0.000000,0.000000,0.000000,0.000000,0.000000,0.000000,0.000000,0.000000,-59.942596,5103.253906
11.602145,1.000000,-6545.628906,-5.845171,2250.801697,1551.970459,5090.260254,307.161804,305.963196,322.700935,-16.400000,0.437915,3.405368,-61.013847,-20.179762,-20.062141,1550.378174,-0.060189,-0.000404,-0.000370,0.658712,0.655852,0.024708,83460.992188,0.975036,0.000000,0.000000,0.000000,0.000000,0.000000,0.000000,0.000000,0.000000,0.000000,-59.927219,5092.864258
11.654796,1.000000,-6536.933594,-5.815356,2247.589796,1548.759521,5079.757813,307.168823,305.970642,322.663533,-16.398705,0.435038,3.404080,-60.998016,-20.177099,-20.060152,1547.213257,-0.060231,-0.000420,-0.000365,0.658972,0.656150,0.024461,83460.992188,0.974870,0.000000,0.000000,0.000000,0.000000,0.000000,0.000000,0.000000,0.000000,0.000000,-59.911701,5082.361328
11.706631,1.000000,-6528.314453,-5.785798,2244.428488,1545.599121,5069.348145,307.175598,305.977692,322.626309,-16.397440,0.432209,3.402829,-60.982399,-20.174489,-20.058207,1544.076172,-0.060271,-0.000435,-0.000361,0.659220,0.656439,0.024223,83460.992188,0.974712,0.000000,0.000000,0.000000,0.000000,0.000000,0.000000,0.000000,0.000000,0.000000,-59.896500,5071.952148
11.757411,1.000000,-6519.885742,-5.756890,2241.332302,1542.503906,5059.170410,307.182068,305.984558,322.589737,-16.396208,0.429437,3.401619,-60.967186,-20.171964,-20.056328,1541.008423,-0.060310,-0.000449,-0.000357,0.659459,0.656719,0.023997,83460.992188,0.974554,0.000000,0.000000,0.000000,0.000000,0.000000,0.000000,0.000000,0.000000,0.000000,-59.881664,5061.733887
11.807522,1.000000,-6511.607910,-5.728499,2238.277660,1539.450195,5049.176758,307.188110,305.991302,322.553759,-16.395006,0.426711,3.400437,-60.952309,-20.169507,-20.054510,1537.995483,-0.060355,-0.000463,-0.000352,0.659696,0.656991,0.023769,83460.992188,0.974421,0.000000,0.000000,0.000000,0.000000,0.000000,0.000000,0.000000,0.000000,0.000000,-59.867092,5051.740234
11.858143,1.000000,-6503.165527,-5.699543,2235.192687,1536.366089,5038.985352,307.194336,305.997864,322.516831,-16.393805,0.423958,3.399265,-60.937195,-20.167031,-20.052677,1534.922729,-0.060393,-0.000478,-0.000348,0.659925,0.657262,0.023546,83460.992188,0.974261,0.000000,0.000000,0.000000,0.000000,0.000000,0.000000,0.000000,0.000000,0.000000,-59.852428,5041.548828
11.910236,1.000000,-6494.649414,-5.670335,2232.018799,1533.193115,5028.706055,307.200531,306.004333,322.479400,-16.392580,0.421124,3.398068,-60.921997,-20.164558,-20.050842,1531.823120,-0.060432,-0.000493,-0.000343,0.660151,0.657536,0.023321,83460.992188,0.974112,0.000000,0.000000,0.000000,0.000000,0.000000,0.000000,0.000000,0.000000,0.000000,-59.837399,5031.269531
11.960421,1.000000,-6486.258301,-5.641557,2228.961916,1530.137207,5018.579590,307.206299,306.010834,322.442442,-16.391415,0.418398,3.396927,-60.907089,-20.162146,-20.049068,1528.769043,-0.060475,-0.000509,-0.000339,0.660379,0.657797,0.023115,83460.992188,0.973953,0.000000,0.000000,0.000000,0.000000,0.000000,0.000000,0.000000,0.000000,0.000000,-59.822979,5021.135254
12.011927,1.000000,-6477.872559,-5.612797,2225.825336,1527.001709,5008.459961,307.212280,306.016998,322.405366,-16.390228,0.415609,3.395767,-60.892246,-20.159760,-20.047304,1525.716797,-0.060513,-0.000521,-0.000334,0.660595,0.658060,0.022893,83460.992188,0.973810,0.000000,0.000000,0.000000,0.000000,0.000000,0.000000,0.000000,0.000000,0.000000,-59.808243,5011.016113
12.062765,1.000000,-6469.273438,-5.583308,2222.730196,1523.907349,4998.084961,307.217987,306.023468,322.367252,-16.389071,0.412855,3.394638,-60.877087,-20.157336,-20.045523,1522.587036,-0.060545,-0.000539,-0.000330,0.660822,0.658315,0.022678,83460.992188,0.973665,0.000000,0.000000,0.000000,0.000000,0.000000,0.000000,0.000000,0.000000,0.000000,-59.793758,5000.640625
12.113719,1.000000,-6460.897949,-5.554588,2219.628749,1520.806641,4987.980957,307.223419,306.029663,322.329939,-16.387915,0.410099,3.393523,-60.862381,-20.155004,-20.043814,1519.538574,-0.060587,-0.000553,-0.000325,0.661038,0.658568,0.022467,83460.992188,0.973521,0.000000,0.000000,0.000000,0.000000,0.000000,0.000000,0.000000,0.000000,0.000000,-59.779305,4990.536621
12.168793,1.000000,-6451.809570,-5.523427,2216.277376,1517.456299,4977.018066,307.229340,306.036499,322.289334,-16.386684,0.407127,3.392330,-60.846485,-20.152497,-20.041979,1516.230713,-0.060627,-0.000567,-0.000321,0.661278,0.658837,0.022228,83460.992188,0.973383,0.000000,0.000000,0.000000,0.000000,0.000000,0.000000,0.000000,0.000000,0.000000,-59.763744,4979.613281
12.220202,1.000000,-6443.273438,-5.494163,2213.149815,1514.329712,4966.723145,307.234711,306.042664,322.251071,-16.385548,0.404357,3.391229,-60.831612,-20.150167,-20.040277,1513.123779,-0.060664,-0.000582,-0.000316,0.661494,0.659087,0.022015,83460.992188,0.973233,0.000000,0.000000,0.000000,0.000000,0.000000,0.000000,0.000000,0.000000,0.000000,-59.749279,4969.317871
12.271051,1.000000,-6434.821777,-5.465192,2210.057069,1511.237793,4956.530762,307.239868,306.049072,322.212987,-16.384430,0.401624,3.390158,-60.816944,-20.147889,-20.038609,1510.047607,-0.060692,-0.000596,-0.000311,0.661717,0.659330,0.021807,83460.992188,0.973099,0.000000,0.000000,0.000000,0.000000,0.000000,0.000000,0.000000,0.000000,0.000000,-59.735027,4959.125488
12.324442,1.000000,-6426.058105,-5.435157,2206.810511,1507.992065,4945.963379,307.245087,306.055206,322.173360,-16.383272,0.398754,3.389049,-60.801804,-20.145555,-20.036903,1506.857910,-0.060728,-0.000611,-0.000307,0.661932,0.659582,0.021600,83460.992188,0.972949,0.000000,0.000000,0.000000,0.000000,0.000000,0.000000,0.000000,0.000000,0.000000,-59.720142,4948.558594
12.375450,1.000000,-6417.576172,-5.406094,2203.709615,1504.892090,4935.737793,307.250031,306.061371,322.134861,-16.382179,0.396021,3.388002,-60.787205,-20.143320,-20.035278,1503.770752,-0.060763,-0.000623,-0.000302,0.662148,0.659820,0.021416,83460.992188,0.972806,0.000000,0.000000,0.000000,0.000000,0.000000,0.000000,0.000000,0.000000,0.000000,-59.705971,4938.374023
12.425654,1.000000,-6409.237305,-5.377526,2200.658318,1501.841309,4925.685059,307.254852,306.066956,322.096895,-16.381111,0.393338,3.386987,-60.772915,-20.141149,-20.033693,1500.735596,-0.060790,-0.000634,-0.000298,0.662343,0.660052,0.021234,83460.992188,0.972684,0.000000,0.000000,0.000000,0.000000,0.000000,0.000000,0.000000,0.000000,0.000000,-59.692089,4928.321289
12.475949,1.000000,-6400.874023,-5.348882,2197.602204,1498.786255,4915.604492,307.259583,306.072784,322.058662,-16.380051,0.390660,3.385982,-60.758633,-20.138994,-20.032125,1497.691650,-0.060819,-0.000645,-0.000294,0.662548,0.660281,0.021063,83460.992188,0.972540,0.000000,0.000000,0.000000,0.000000,0.000000,0.000000,0.000000,0.000000,0.000000,-59.678234,4918.240723
12.531925,1.000000,-6391.689453,-5.317436,2194.201729,1495.386475,4904.535645,307.264587,306.079010,322.016633,-16.378878,0.387684,3.384876,-60.742992,-20.136643,-20.030436,1494.348755,-0.060870,-0.000656,-0.000289,0.662765,0.660532,0.020882,83460.992188,0.972391,0.000000,0.000000,0.000000,0.000000,0.000000,0.000000,0.000000,0.000000,0.000000,-59.662861,4907.171875
12.587469,1.000000,-6382.410156,-5.285676,2190.828368,1492.014038,4893.353516,307.269409,306.085052,321.973951,-16.377728,0.384734,3.383795,-60.727253,-20.134299,-20.028740,1490.971313,-0.060901,-0.000671,-0.000284,0.662977,0.660777,0.020686,83460.992188,0.972260,0.000000,0.000000,0.000000,0.000000,0.000000,0.000000,0.000000,0.000000,0.000000,-59.647675,4895.930664
12.641900,1.000000,-6373.481445,-5.255126,2187.523438,1488.709961,4882.595703,307.274017,306.090820,321.932812,-16.376614,0.381852,3.382746,-60.712181,-20.132069,-20.027134,1487.721558,-0.060938,-0.000680,-0.000280,0.663179,0.661014,0.020497,83460.992188,0.972129,0.000000,0.000000,0.000000,0.000000,0.000000,0.000000,0.000000,0.000000,0.000000,-59.632858,4885.172852
12.692795,1.000000,-6365.114746,-5.226508,2184.433955,1485.621094,4872.515625,307.278351,306.096069,321.894164,-16.375576,0.379159,3.381780,-60.698101,-20.129997,-20.025648,1484.676392,-0.060974,-0.000692,-0.000275,0.663362,0.661232,0.020313,83460.992188,0.971997,0.000000,0.000000,0.000000,0.000000,0.000000,0.000000,0.000000,0.000000,0.000000,-59.619057,4875.092773
12.745393,1.000000,-6356.427734,-5.196804,2181.241851,1482.429932,4862.051270,307.282654,306.101288,321.853944,-16.374517,0.376385,3.380789,-60.683533,-20.127867,-20.024122,1481.514526,-0.061007,-0.000705,-0.000271,0.663546,0.661454,0.020113,83460.992188,0.971885,0.000000,0.000000,0.000000,0.000000,0.000000,0.000000,0.000000,0.000000,0.000000,-59.604843,4864.705566
12.797649,1.000000,-6347.750000,-5.167145,2178.071259,1479.260010,4851.599121,307.286865,306.106903,321.813665,-16.373476,0.373632,3.379821,-60.669029,-20.125759,-20.022621,1478.356079,-0.061042,-0.000717,-0.000267,0.663742,0.661671,0.019917,83460.992188,0.971756,0.000000,0.000000,0.000000,0.000000,0.000000,0.000000,0.000000,0.000000,0.000000,-59.590778,4854.253418
12.848022,1.000000,-6339.398438,-5.138613,2175.015628,1476.205078,4841.541016,307.290680,306.111786,321.774661,-16.372478,0.370983,3.378901,-60.655125,-20.123759,-20.021196,1475.316406,-0.061072,-0.000730,-0.000263,0.663912,0.661878,0.019733,83460.992188,0.971625,0.000000,0.000000,0.000000,0.000000,0.000000,0.000000,0.000000,0.000000,0.000000,-59.577271,4844.195313
12.898116,1.000000,-6331.157715,-5.110471,2171.977612,1473.167725,4831.617188,307.294464,306.116760,321.736132,-16.371498,0.368354,3.377999,-60.641449,-20.121802,-20.019800,1472.317017,-0.061100,-0.000740,-0.000259,0.664087,0.662080,0.019555,83460.992188,0.971509,0.000000,0.000000,0.000000,0.000000,0.000000,0.000000,0.000000,0.000000,0.000000,-59.563889,4834.271484
12.953747,1.000000,-6321.930664,-5.078978,2168.604601,1469.795410,4820.506836,307.298523,306.122284,321.692797,-16.370417,0.365444,3.377013,-60.626209,-20.119644,-20.018263,1468.958618,-0.061129,-0.000754,-0.000254,0.664280,0.662301,0.019364,83460.992188,0.971364,0.000000,0.000000,0.000000,0.000000,0.000000,0.000000,0.000000,0.000000,0.000000,-59.549095,4823.208008
13.004174,1.000000,-6313.604004,-5.050573,2165.547847,1466.739502,4810.482422,307.302155,306.126984,321.653705,-16.369448,0.362811,3.376123,-60.612488,-20.117704,-20.016899,1465.927979,-0.061168,-0.000768,-0.000250,0.664445,0.662498,0.019190,83460.992188,0.971254,0.000000,0.000000,0.000000,0.000000,0.000000,0.000000,0.000000,0.000000,0.000000,-59.535721,4813.183105
13.059849,1.000000,-6304.404297,-5.019205,2162.173774,1463.366211,4799.407715,307.305969,306.132233,321.610370,-16.368387,0.359906,3.375159,-60.597404,-20.115592,-20.015409,1462.579590,-0.061202,-0.000780,-0.000246,0.664629,0.662713,0.018996,83460.992188,0.971131,0.000000,0.000000,0.000000,0.000000,0.000000,0.000000,0.000000,0.000000,0.000000,-59.521034,4802.108887
13.115671,1.000000,-6295.193359,-4.987815,2158.791634,1459.984863,4788.320313,307.309753,306.137207,321.566710,-16.367332,0.357006,3.374214,-60.582340,-20.113503,-20.013929,1459.227051,-0.061226,-0.000796,-0.000241,0.664802,0.662924,0.018803,83460.992188,0.970997,0.000000,0.000000,0.000000,0.000000,0.000000,0.000000,0.000000,0.000000,0.000000,-59.506348,4791.021484
13.170864,1.000000,-6286.042480,-4.956653,2155.448434,1456.642334,4777.307129,307.313202,306.139130,321.523227,-16.366308,0.354144,3.373278,-60.567432,-20.111452,-20.012489,1455.896362,-0.061258,-0.000812,-0.000236,0.664870,0.663129,0.018615,83460.992188,0.970930,0.000000,0.000000,0.000000,0.000000,0.000000,0.000000,0.000000,0.000000,0.000000,-59.491886,4779.960938
13.226328,1.000000,-6276.946289,-4.925696,2152.089640,1453.284058,4766.360840,307.316559,306.146729,321.479923,-16.365284,0.351273,3.372366,-60.552677,-20.109437,-20.011072,1452.585693,-0.061286,-0.000825,-0.000232,0.665136,0.663328,0.018430,83460.992188,0.970746,0.000000,0.000000,0.000000,0.000000,0.000000,0.000000,0.000000,0.000000,0.000000,-59.477425,4769.014160
13.282071,1.000000,-6267.753906,-4.894434,2148.714775,1449.909912,4755.299805,307.319855,306.151550,321.436025,-16.364262,0.348392,3.371459,-60.537819,-20.107423,-20.009666,1449.239868,-0.061322,-0.000838,-0.000227,0.665304,0.663528,0.018265,83460.992188,0.970619,0.000000,0.000000,0.000000,0.000000,0.000000,0.000000,0.000000,0.000000,0.000000,-59.462940,4757.953613
13.336813,1.000000,-6258.693359,-4.863640,2145.401319,1446.597168,4744.398926,307.323029,306.156281,321.392631,-16.363274,0.345576,3.370574,-60.523220,-20.105460,-20.008297,1445.942139,-0.061352,-0.000853,-0.000223,0.665470,0.663721,0.018097,83460.992188,0.970503,0.000000,0.000000,0.000000,0.000000,0.000000,0.000000,0.000000,0.000000,0.000000,-59.448765,4747.052246
13.393316,1.000000,-6249.406250,-4.832097,2141.982106,1443.178711,4733.226074,307.326141,306.160553,321.348051,-16.362255,0.342674,3.369675,-60.508297,-20.103464,-20.006910,1442.561890,-0.061384,-0.000867,-0.000218,0.665619,0.663916,0.017911,83460.992188,0.970381,0.000000,0.000000,0.000000,0.000000,0.000000,0.000000,0.000000,0.000000,0.000000,-59.434177,4735.799316
13.444683,1.000000,-6240.914063,-4.803273,2138.874426,1440.071533,4723.010742,307.329010,306.164764,321.307208,-16.361341,0.340042,3.368873,-60.494713,-20.101663,-20.005657,1439.470947,-0.061408,-0.000879,-0.000214,0.665767,0.664089,0.017740,83460.992188,0.970271,0.000000,0.000000,0.000000,0.000000,0.000000,0.000000,0.000000,0.000000,0.000000,-59.420982,4725.583984
13.496751,1.000000,-6232.482422,-4.774676,2135.725045,1436.922852,4712.869629,307.331726,306.168854,321.266514,-16.360430,0.337386,3.368066,-60.481274,-20.099896,-20.004438,1436.402100,-0.061441,-0.000889,-0.000209,0.665910,0.664261,0.017574,83460.992188,0.970162,0.000000,0.000000,0.000000,0.000000,0.000000,0.000000,0.000000,0.000000,0.000000,-59.407658,4715.442871
13.549782,1.000000,-6223.685547,-4.744859,2132.518148,1433.716553,4702.289551,307.334595,306.172485,321.223951,-16.359509,0.334686,3.367258,-60.467297,-20.098073,-20.003170,1433.200317,-0.061459,-0.000904,-0.000205,0.666037,0.664434,0.017407,83460.992188,0.970044,0.000000,0.000000,0.000000,0.000000,0.000000,0.000000,0.000000,0.000000,0.000000,-59.394135,4704.862793
13.605864,1.000000,-6214.546387,-4.713910,2129.127552,1430.326660,4691.299805,307.337250,306.176758,321.179608,-16.358547,0.331834,3.366412,-60.452835,-20.096203,-20.001886,1429.873901,-0.061493,-0.000915,-0.000200,0.666187,0.664612,0.017237,83460.992188,0.969921,0.000000,0.000000,0.000000,0.000000,0.000000,0.000000,0.000000,0.000000,0.000000,-59.379890,4693.944336
13.661893,1.000000,-6205.077637,-4.681869,2125.740974,1426.940918,4679.914063,307.339813,306.181213,321.133574,-16.357588,0.328994,3.365590,-60.437912,-20.094289,-20.000559,1426.427612,-0.061507,-0.000931,-0.000196,0.666343,0.664787,0.017080,83460.992188,0.969792,0.000000,0.000000,0.000000,0.000000,0.000000,0.000000,0.000000,0.000000,0.000000,-59.365723,4682.558105
13.717688,1.000000,-6195.838867,-4.650635,2122.369349,1423.570068,4668.806152,307.342255,306.185120,321.088609,-16.356646,0.326174,3.364781,-60.423405,-20.092439,-19.999292,1423.064941,-0.061535,-0.000945,-0.000191,0.666479,0.664958,0.016928,83460.992188,0.969685,0.000000,0.000000,0.000000,0.000000,0.000000,0.000000,0.000000,0.000000,0.000000,-59.351665,4671.450684
13.767767,1.000000,-6187.633301,-4.622918,2119.343820,1420.545166,4658.941895,307.344269,306.188782,321.048478,-16.355804,0.323646,3.364070,-60.410553,-20.090818,-19.998188,1420.078369,-0.061565,-0.000957,-0.000187,0.666608,0.665109,0.016790,83460.992188,0.969585,0.000000,0.000000,0.000000,0.000000,0.000000,0.000000,0.000000,0.000000,0.000000,-59.339092,4661.693359
13.818036,1.000000,-6179.289063,-4.594755,2116.307462,1417.509399,4648.911621,307.346222,306.192474,321.007724,-16.354967,0.321118,3.363359,-60.397537,-20.089181,-19.997072,1417.041382,-0.061588,-0.000971,-0.000183,0.666737,0.665259,0.016652,83460.992188,0.969503,0.000000,0.000000,0.000000,0.000000,0.000000,0.000000,0.000000,0.000000,0.000000,-59.326511,4651.663086
13.874059,1.000000,-6170.040039,-4.563563,2112.924321,1414.127075,4637.793945,307.348328,306.196960,320.962343,-16.354044,0.318305,3.362578,-60.383144,-20.087390,-19.995846,1413.674927,-0.061606,-0.000987,-0.000178,0.666894,0.665423,0.016483,83460.992188,0.969380,0.000000,0.000000,0.000000,0.000000,0.000000,0.000000,0.000000,0.000000,0.000000,-59.312538,4640.545410
13.929060,1.000000,-6160.970215,-4.533008,2109.603670,1410.807129,4626.893555,307.350403,306.201080,320.917704,-16.353144,0.315549,3.361835,-60.369087,-20.085657,-19.994669,1410.373779,-0.061631,-0.001000,-0.000173,0.667038,0.665583,0.016344,83460.992188,0.969262,0.000000,0.000000,0.000000,0.000000,0.000000,0.000000,0.000000,0.000000,0.000000,-59.298882,4629.645020
13.985006,1.000000,-6151.745117,-4.501961,2106.226758,1407.430908,4615.807617,307.352234,306.204590,320.872175,-16.352238,0.312755,3.361090,-60.354839,-20.083917,-19.993490,1407.016113,-0.061656,-0.001015,-0.000169,0.667160,0.665743,0.016203,83460.992188,0.969170,0.000000,0.000000,0.000000,0.000000,0.000000,0.000000,0.000000,0.000000,0.000000,-59.285038,4618.485352
14.035371,1.000000,-6143.483398,-4.474183,2103.187395,1404.392212,4605.879883,307.353790,306.208221,320.831391,-16.351425,0.310242,3.360425,-60.342121,-20.082372,-19.992445,1404.009155,-0.061678,-0.001027,-0.000164,0.667288,0.665885,0.016077,83460.992188,0.969072,0.000000,0.000000,0.000000,0.000000,0.000000,0.000000,0.000000,0.000000,0.000000,-59.272614,4608.557617
14.090443,1.000000,-6134.367188,-4.443562,2099.864716,1401.070068,4594.926758,307.355408,306.212067,320.786247,-16.350554,0.307503,3.359701,-60.328117,-20.080683,-19.991308,1400.691162,-0.061702,-0.001043,-0.000160,0.667423,0.666039,0.015936,83460.992188,0.968971,0.000000,0.000000,0.000000,0.000000,0.000000,0.000000,0.000000,0.000000,0.000000,-59.259064,4597.604492
14.142027,1.000000,-6126.171875,-4.416062,2096.753175,1397.959229,4585.080566,307.356812,306.215363,320.745553,-16.349741,0.304947,3.359043,-60.315571,-20.079184,-19.990303,1397.708252,-0.061730,-0.001053,-0.000155,0.667538,0.666180,0.015804,83460.992188,0.968877,0.000000,0.000000,0.000000,0.000000,0.000000,0.000000,0.000000,0.000000,0.000000,-59.246422,4587.758301
14.194460,1.000000,-6117.354004,-4.386501,2093.591109,1394.797607,4574.487305,307.358215,306.218567,320.701655,-16.348921,0.302358,3.358380,-60.302105,-20.077588,-19.989231,1394.498779,-0.061745,-0.001070,-0.000151,0.667650,0.666320,0.015664,83460.992188,0.968789,0.000000,0.000000,0.000000,0.000000,0.000000,0.000000,0.000000,0.000000,0.000000,-59.233604,4577.242676
14.245546,1.000000,-6108.887207,-4.358149,2090.510940,1391.718140,4564.317383,307.359650,306.222137,320.659537,-16.348129,0.299842,3.357736,-60.289219,-20.076066,-19.988228,1391.417114,-0.061775,-0.001085,-0.000146,0.667775,0.666455,0.015532,83460.992188,0.968688,0.000000,0.000000,0.000000,0.000000,0.000000,0.000000,0.000000,0.000000,0.000000,-59.221161,4567.072754
14.296043,1.000000,-6100.588379,-4.330382,2087.466925,1388.674805,4554.349121,307.360870,306.225189,320.618101,-16.347353,0.297359,3.357118,-60.276630,-20.074596,-19.987244,1388.396606,-0.061789,-0.001097,-0.000142,0.667881,0.666586,0.015391,83460.992188,0.968609,0.000000,0.000000,0.000000,0.000000,0.000000,0.000000,0.000000,0.000000,0.000000,-59.208904,4557.104492
14.346538,1.000000,-6092.282227,-4.302620,2084.423665,1385.631836,4544.373047,307.361908,306.228333,320.576635,-16.346582,0.294879,3.356503,-60.264065,-20.073134,-19.986277,1385.373413,-0.061811,-0.001110,-0.000137,0.667992,0.666716,0.015256,83460.992188,0.968514,0.000000,0.000000,0.000000,0.000000,0.000000,0.000000,0.000000,0.000000,0.000000,-59.196686,4547.128418
14.397209,1.000000,-6083.919922,-4.274701,2081.370436,1382.579102,4534.331055,307.363129,306.231140,320.534665,-16.345818,0.292403,3.355901,-60.251446,-20.071684,-19.985323,1382.329834,-0.061834,-0.001125,-0.000133,0.668090,0.666844,0.015122,83460.992188,0.968425,0.000000,0.000000,0.000000,0.000000,0.000000,0.000000,0.000000,0.000000,0.000000,-59.184452,4537.008301
14.447364,1.000000,-6075.663574,-4.247164,2078.348926,1379.558105,4524.416504,307.364105,306.234009,320.493200,-16.345060,0.289964,3.355316,-60.239029,-20.070267,-19.984386,1379.324707,-0.061851,-0.001136,-0.000129,0.668190,0.666968,0.014995,83460.992188,0.968344,0.000000,0.000000,0.000000,0.000000,0.000000,0.000000,0.000000,0.000000,0.000000,-59.172394,4527.093262
14.498495,1.000000,-6067.229980,-4.219068,2075.269259,1376.479004,4514.290039,307.365082,306.237030,320.450755,-16.344294,0.287487,3.354726,-60.226372,-20.068832,-19.983448,1376.255127,-0.061874,-0.001148,-0.000124,0.668296,0.667092,0.014869,83460.992188,0.968257,0.000000,0.000000,0.000000,0.000000,0.000000,0.000000,0.000000,0.000000,0.000000,-59.160122,4516.967285
14.549568,1.000000,-6058.817871,-4.191074,2072.193728,1373.404053,4504.189941,307.366058,306.239594,320.408370,-16.343534,0.285020,3.354149,-60.213783,-20.067415,-19.982523,1373.193359,-0.061895,-0.001161,-0.000120,0.668386,0.667213,0.014738,83460.992188,0.968171,0.000000,0.000000,0.000000,0.000000,0.000000,0.000000,0.000000,0.000000,0.000000,-59.147907,4506.867188
14.599914,1.000000,-6050.643555,-4.163900,2069.162603,1370.373291,4494.375977,307.366974,306.242584,320.367142,-16.342793,0.282597,3.353589,-60.201588,-20.066051,-19.981630,1370.218140,-0.061913,-0.001172,-0.000115,0.668490,0.667331,0.014607,83460.992188,0.968085,0.000000,0.000000,0.000000,0.000000,0.000000,0.000000,0.000000,0.000000,0.000000,-59.135906,4497.128418
14.652664,1.000000,-6041.883789,-4.134816,2065.987410,1367.198486,4483.860352,307.367645,306.245239,320.322799,-16.342016,0.280063,3.353015,-60.188553,-20.064608,-19.980696,1367.029907,-0.061934,-0.001186,-0.000111,0.668584,0.667451,0.014474,83460.992188,0.968002,0.000000,0.000000,0.000000,0.000000,0.000000,0.000000,0.000000,0.000000,0.000000,-59.123367,4486.612793
14.703692,1.000000,-6033.447266,-4.106839,2062.916517,1364.128174,4473.733398,307.368347,306.247986,320.280117,-16.341276,0.277615,3.352463,-60.176037,-20.063229,-19.979805,1363.959229,-0.061954,-0.001199,-0.000106,0.668679,0.667566,0.014337,83460.992188,0.967918,0.000000,0.000000,0.000000,0.000000,0.000000,0.000000,0.000000,0.000000,0.000000,-59.111275,4476.485840
14.754676,1.000000,-6025.143066,-4.079332,2059.848904,1361.061035,4463.765625,307.369141,306.250671,320.238028,-16.340544,0.275181,3.351916,-60.163750,-20.061885,-19.978937,1360.936768,-0.061973,-0.001211,-0.000102,0.668773,0.667678,0.014209,83460.992188,0.967832,0.000000,0.000000,0.000000,0.000000,0.000000,0.000000,0.000000,0.000000,0.000000,-59.099228,4466.518066
14.806842,1.000000,-6016.546387,-4.050892,2056.710827,1357.923584,4453.448242,307.369751,306.253052,320.194338,-16.339806,0.272698,3.351360,-60.151062,-20.060510,-19.978058,1357.807861,-0.061994,-0.001222,-0.000097,0.668857,0.667790,0.014069,83460.992188,0.967756,0.000000,0.000000,0.000000,0.000000,0.000000,0.000000,0.000000,0.000000,0.000000,-59.086937,4456.240723
14.863350,1.000000,-6007.292480,-4.020318,2053.312300,1354.525391,4442.342285,307.370300,306.255890,320.147178,-16.339014,0.270011,3.350772,-60.137447,-20.059051,-19.977116,1354.439697,-0.062007,-0.001238,-0.000093,0.668956,0.667908,0.013918,83460.992188,0.967657,0.000000,0.000000,0.000000,0.000000,0.000000,0.000000,0.000000,0.000000,0.000000,-59.073669,4445.134766
14.915750,1.000000,-5998.823242,-3.992374,2050.161525,1351.375122,4432.179199,307.370789,306.258209,320.103962,-16.338284,0.267535,3.350241,-60.125027,-20.057730,-19.976276,1351.357178,-0.062030,-0.001249,-0.000088,0.669037,0.668016,0.013788,83460.992188,0.967580,0.000000,0.000000,0.000000,0.000000,0.000000,0.000000,0.000000,0.000000,0.000000,-59.061409,4434.971680
14.971400,1.000000,-5989.387695,-3.961284,2046.816052,1348.030029,4420.857422,307.371094,306.260864,320.055823,-16.337517,0.264907,3.349675,-60.111221,-20.056267,-19.975349,1347.922852,-0.062047,-0.001269,-0.000083,0.669130,0.668129,0.013648,83460.992188,0.967489,0.000000,0.000000,0.000000,0.000000,0.000000,0.000000,0.000000,0.000000,0.000000,-59.048420,4423.649902
15.026746,1.000000,-5980.358887,-3.931575,2043.489591,1344.703979,4410.023926,307.371338,306.263428,320.009641,-16.336761,0.262303,3.349125,-60.098061,-20.054889,-19.974474,1344.636719,-0.062063,-0.001281,-0.000079,0.669220,0.668238,0.013505,83460.992188,0.967403,0.000000,0.000000,0.000000,0.000000,0.000000,0.000000,0.000000,0.000000,0.000000,-59.035549,4412.797363
15.082588,1.000000,-5971.159668,-3.901349,2040.134062,1341.348877,4398.987793,307.371460,306.265625,319.962510,-16.336004,0.259676,3.348584,-60.084690,-20.053501,-19.973606,1341.288452,-0.062087,-0.001296,-0.000074,0.669297,0.668346,0.013369,83460.992188,0.967321,0.000000,0.000000,0.000000,0.000000,0.000000,0.000000,0.000000,0.000000,0.000000,-59.022610,4401.761230
15.138377,1.000000,-5962.053711,-3.871469,2036.782459,1337.997559,4388.062988,307.371704,306.268158,319.915824,-16.335257,0.257063,3.348045,-60.071491,-20.052139,-19.972744,1337.974121,-0.062100,-0.001310,-0.000069,0.669385,0.668452,0.013233,83460.992188,0.967240,0.000000,0.000000,0.000000,0.000000,0.000000,0.000000,0.000000,0.000000,0.000000,-59.009716,4390.836426
15.188813,1.000000,-5953.706055,-3.844118,2033.753083,1334.968628,4378.049805,307.371765,306.270233,319.872935,-16.334595,0.254708,3.347556,-60.059418,-20.050904,-19.971979,1334.935791,-0.062121,-0.001323,-0.000064,0.669458,0.668544,0.013103,83460.992188,0.967153,0.000000,0.000000,0.000000,0.000000,0.000000,0.000000,0.000000,0.000000,0.000000,-58.998089,4380.783691
15.240986,1.000000,-5945.146484,-3.816109,2030.620011,1331.835938,4367.782715,307.371582,306.272247,319.828889,-16.333908,0.252280,3.347072,-60.047081,-20.049654,-19.971199,1331.820435,-0.062136,-0.001337,-0.000060,0.669529,0.668637,0.012973,83460.992188,0.967071,0.000000,0.000000,0.000000,0.000000,0.000000,0.000000,0.000000,0.000000,0.000000,-58.986107,4370.516602
15.293006,1.000000,-5936.638672,-3.788308,2027.496768,1328.713135,4357.578125,307.371399,306.274139,319.785050,-16.333233,0.249863,3.346588,-60.034836,-20.048421,-19.970434,1328.723755,-0.062152,-0.001349,-0.000055,0.669595,0.668728,0.012844,83460.992188,0.966998,0.000000,0.000000,0.000000,0.000000,0.000000,0.000000,0.000000,0.000000,0.000000,-58.974182,4360.312012
15.344756,1.000000,-5928.214844,-3.760823,2024.390368,1325.606934,4347.475586,307.371338,306.275970,319.741508,-16.332563,0.247467,3.346127,-60.022766,-20.047223,-19.969698,1325.657837,-0.062172,-0.001365,-0.000051,0.669659,0.668817,0.012727,83460.992188,0.966913,0.000000,0.000000,0.000000,0.000000,0.000000,0.000000,0.000000,0.000000,0.000000,-58.962372,4350.209473
15.396183,1.000000,-5919.707031,-3.733102,2021.303980,1322.520752,4337.272461,307.371155,306.277924,319.697521,-16.331911,0.245095,3.345664,-60.010601,-20.046022,-19.968956,1322.561157,-0.062185,-0.001380,-0.000046,0.669727,0.668902,0.012610,83460.992188,0.966840,0.000000,0.000000,0.000000,0.000000,0.000000,0.000000,0.000000,0.000000,0.000000,-58.950661,4340.057617
15.447554,1.000000,-5911.274414,-3.705668,2018.221572,1319.438721,4327.160645,307.370850,306.279755,319.653861,-16.331261,0.242729,3.345218,-59.998585,-20.044847,-19.968237,1319.491943,-0.062202,-0.001392,-0.000042,0.669792,0.668985,0.012503,83460.992188,0.966759,0.000000,0.000000,0.000000,0.000000,0.000000,0.000000,0.000000,0.000000,0.000000,-58.939011,4329.945801
15.499301,1.000000,-5902.771973,-3.678045,2015.117225,1316.334717,4316.964844,307.370605,306.281738,319.609726,-16.330618,0.240360,3.344774,-59.986507,-20.043680,-19.967516,1316.397339,-0.062211,-0.001402,-0.000037,0.669861,0.669068,0.012404,83460.992188,0.966677,0.000000,0.000000,0.000000,0.000000,0.000000,0.000000,0.000000,0.000000,0.000000,-58.927311,4319.750488
15.550180,1.000000,-5894.458008,-3.651076,2012.065558,1313.283325,4306.996094,307.370056,306.283722,319.566540,-16.329988,0.238040,3.344345,-59.974720,-20.042548,-19.966820,1313.371338,-0.062223,-0.001414,-0.000032,0.669930,0.669148,0.012311,83460.992188,0.966614,0.000000,0.000000,0.000000,0.000000,0.000000,0.000000,0.000000,0.000000,0.000000,-58.915833,4309.781250
15.600466,1.000000,-5886.172852,-3.624242,2009.050049,1310.268066,4297.062988,307.369385,306.285614,319.523413,-16.329372,0.235751,3.343921,-59.962997,-20.041432,-19.966143,1310.355713,-0.062238,-0.001426,-0.000028,0.669997,0.669227,0.012220,83460.992188,0.966547,0.000000,0.000000,0.000000,0.000000,0.000000,0.000000,0.000000,0.000000,0.000000,-58.904510,4299.797852
15.656199,1.000000,-5877.014648,-3.594628,2005.708588,1306.926880,4286.083496,307.368713,306.287964,319.475689,-16.328693,0.233226,3.343462,-59.950066,-20.040208,-19.965408,1307.022461,-0.062259,-0.001439,-0.000023,0.670079,0.669311,0.012118,83460.992188,0.966464,0.000000,0.000000,0.000000,0.000000,0.000000,0.000000,0.000000,0.000000,0.000000,-58.891994,4288.818359
15.706855,1.000000,-5868.763184,-3.567988,2002.672137,1303.890625,4276.191895,307.367920,306.289642,319.432681,-16.328085,0.230941,3.343053,-59.938454,-20.039119,-19.964752,1304.019165,-0.062276,-0.001451,-0.000018,0.670138,0.669387,0.012029,83460.992188,0.966395,0.000000,0.000000,0.000000,0.000000,0.000000,0.000000,0.000000,0.000000,0.000000,-58.880657,4278.926758
15.758694,1.000000,-5860.226563,-3.540469,1999.565386,1300.784180,4265.958496,307.367310,306.291534,319.388041,-16.327465,0.228607,3.342649,-59.926479,-20.038011,-19.964079,1300.912109,-0.062282,-0.001463,-0.000013,0.670204,0.669464,0.011934,83460.992188,0.966327,0.000000,0.000000,0.000000,0.000000,0.000000,0.000000,0.000000,0.000000,0.000000,-58.869102,4268.693359
15.811636,1.000000,-5851.532227,-3.512489,1996.393169,1297.612183,4255.537598,307.366455,306.293121,319.342542,-16.326838,0.226232,3.342234,-59.914307,-20.036892,-19.963417,1297.747559,-0.062302,-0.001477,-0.000008,0.670259,0.669541,0.011839,83460.992188,0.966260,0.000000,0.000000,0.000000,0.000000,0.000000,0.000000,0.000000,0.000000,0.000000,-58.857315,4258.294434
15.864711,1.000000,-5842.855469,-3.484611,1993.213628,1294.432861,4245.137207,307.365540,306.294800,319.297102,-16.326214,0.223862,3.341836,-59.902203,-20.035790,-19.962749,1294.589478,-0.062308,-0.001489,-0.000004,0.670318,0.669616,0.011756,83460.992188,0.966178,0.000000,0.000000,0.000000,0.000000,0.000000,0.000000,0.000000,0.000000,0.000000,-58.845551,4247.894043
15.915953,1.000000,-5834.427734,-3.457580,1990.144506,1291.364014,4235.036621,307.364777,306.296570,319.252907,-16.325617,0.221576,3.341450,-59.890465,-20.034729,-19.962128,1291.522095,-0.062328,-0.001499,0.000000,0.670380,0.669687,0.011676,83460.992188,0.966128,0.000000,0.000000,0.000000,0.000000,0.000000,0.000000,0.000000,0.000000,0.000000,-58.834213,4237.793945
15.966853,1.000000,-5826.116699,-3.430967,1987.096459,1288.316040,4225.076660,307.363983,306.298096,319.209247,-16.325031,0.219315,3.341077,-59.878922,-20.033697,-19.961515,1288.497070,-0.062340,-0.001512,0.000004,0.670433,0.669757,0.011594,83460.992188,0.966050,0.000000,0.000000,0.000000,0.000000,0.000000,0.000000,0.000000,0.000000,0.000000,-58.822987,4227.833496
16.017044,1.000000,-5817.869141,-3.404601,1984.091447,1285.311279,4215.192871,307.363007,306.299683,319.165883,-16.324451,0.217092,3.340721,-59.867493,-20.032682,-19.960915,1285.495239,-0.062350,-0.001525,0.000009,0.670489,0.669824,0.011520,83460.992188,0.965989,0.000000,0.000000,0.000000,0.000000,0.000000,0.000000,0.000000,0.000000,0.000000,-58.811943,4217.852051
16.067313,1.000000,-5809.571289,-3.378119,1981.082380,1282.302246,4205.249512,307.361969,306.298309,319.119523,-16.323765,0.214877,3.340312,-59.855022,-20.031519,-19.960323,1282.475098,-0.062638,-0.001538,0.000013,0.670440,0.669883,0.013000,83460.992188,0.966588,0.000000,0.000000,0.000000,0.000000,0.000000,0.000000,0.000000,0.000000,0.000000,-58.799873,4207.908691
16.124264,1.000000,-5801.519043,-3.352464,1977.674050,1278.894287,4195.600586,307.360718,306.299530,319.077197,-16.323063,0.212373,3.339878,-59.843639,-20.030458,-19.959757,1279.544312,-0.062587,-0.001532,0.000018,0.670484,0.669946,0.011839,83460.992188,0.966299,0.000000,0.000000,0.000000,0.000000,0.000000,0.000000,0.000000,0.000000,0.000000,-58.787109,4198.259766
16.178936,1.000000,-5791.346191,-3.320116,1974.402805,1275.623047,4183.412598,307.359375,306.301178,319.023630,-16.322441,0.209981,3.339453,-59.829418,-20.029172,-19.959061,1275.841675,-0.062549,-0.001562,0.000022,0.670542,0.670004,0.011067,83460.992188,0.966061,0.000000,0.000000,0.000000,0.000000,0.000000,0.000000,0.000000,0.000000,0.000000,-58.774994,4186.071777
16.230294,1.000000,-5782.934082,-3.293416,1971.330470,1272.550781,4173.333984,307.358154,306.302490,318.979198,-16.321886,0.207741,3.339065,-59.817764,-20.028148,-19.958492,1272.779907,-0.062525,-0.001576,0.000026,0.670587,0.670058,0.010564,83460.992188,0.965879,0.000000,0.000000,0.000000,0.000000,0.000000,0.000000,0.000000,0.000000,0.000000,-58.763710,4176.042969
16.285925,1.000000,-5773.741211,-3.264294,1968.003188,1269.223633,4162.320801,307.356720,306.303802,318.930584,-16.321308,0.205320,3.338648,-59.805122,-20.027061,-19.957882,1269.433960,-0.062507,-0.001589,0.000031,0.670633,0.670116,0.010196,83460.992188,0.965723,0.000000,0.000000,0.000000,0.000000,0.000000,0.000000,0.000000,0.000000,0.000000,-58.751575,4165.030273
16.336291,1.000000,-5765.547852,-3.238386,1964.991404,1266.212158,4152.505859,307.355316,306.304932,318.887250,-16.320799,0.203134,3.338282,-59.793915,-20.026111,-19.957348,1266.451904,-0.062502,-0.001602,0.000035,0.670673,0.670167,0.009977,83460.992188,0.965597,0.000000,0.000000,0.000000,0.000000,0.000000,0.000000,0.000000,0.000000,0.000000,-58.740658,4155.214844
16.386941,1.000000,-5757.220703,-3.212101,1961.963209,1263.183960,4142.530762,307.353973,306.306000,318.843055,-16.320293,0.200946,3.337926,-59.782589,-20.025174,-19.956816,1263.421021,-0.062495,-0.001614,0.000040,0.670710,0.670218,0.009835,83460.992188,0.965484,0.000000,0.000000,0.000000,0.000000,0.000000,0.000000,0.000000,0.000000,0.000000,-58.729733,4145.240234
16.438734,1.000000,-5748.832520,-3.185670,1958.867267,1260.088135,4132.482910,307.352570,306.307220,318.798653,-16.319788,0.198719,3.337560,-59.771221,-20.024236,-19.956282,1260.367920,-0.062495,-0.001625,0.000044,0.670753,0.670269,0.009742,83460.992188,0.965405,0.000000,0.000000,0.000000,0.000000,0.000000,0.000000,0.000000,0.000000,0.000000,-58.718613,4135.264648
16.493026,1.000000,-5739.909668,-3.157606,1955.622585,1256.843506,4121.795410,307.350983,306.308350,318.751226,-16.319267,0.196391,3.337192,-59.759159,-20.023258,-19.955725,1257.120361,-0.062494,-0.001636,0.000049,0.670792,0.670320,0.009678,83460.992188,0.965314,0.000000,0.000000,0.000000,0.000000,0.000000,0.000000,0.000000,0.000000,0.000000,-58.706985,4124.577148
16.549491,1.000000,-5730.665039,-3.128590,1952.248726,1253.469727,4110.723633,307.349335,306.309753,318.702048,-16.318726,0.193991,3.336819,-59.746708,-20.022261,-19.955160,1253.755493,-0.062498,-0.001646,0.000053,0.670841,0.670373,0.009652,83460.992188,0.965220,0.000000,0.000000,0.000000,0.000000,0.000000,0.000000,0.000000,0.000000,0.000000,-58.694939,4113.504883
16.600391,1.000000,-5722.260742,-3.102266,1949.207984,1250.428955,4100.658691,307.347717,306.310669,318.657290,-16.318235,0.191833,3.336504,-59.735439,-20.021373,-19.954660,1250.696655,-0.062504,-0.001656,0.000058,0.670874,0.670420,0.009643,83460.992188,0.965153,0.000000,0.000000,0.000000,0.000000,0.000000,0.000000,0.000000,0.000000,0.000000,-58.684128,4103.439941
16.654451,1.000000,-5713.438477,-3.074682,1945.979088,1247.200195,4090.093018,307.345886,306.311554,318.610219,-16.317719,0.189545,3.336176,-59.723625,-20.020451,-19.954136,1247.485596,-0.062506,-0.001668,0.000062,0.670904,0.670467,0.009643,83460.992188,0.965082,0.000000,0.000000,0.000000,0.000000,0.000000,0.000000,0.000000,0.000000,0.000000,-58.672661,4092.800781
16.706743,1.000000,-5704.902344,-3.048047,1942.856399,1244.077515,4079.870850,307.344238,306.312469,318.564660,-16.317225,0.187346,3.335862,-59.712219,-20.019566,-19.953638,1244.378662,-0.062513,-0.001679,0.000066,0.670937,0.670512,0.009651,83460.992188,0.965026,0.000000,0.000000,0.000000,0.000000,0.000000,0.000000,0.000000,0.000000,0.000000,-58.661606,4082.578613
16.758010,1.000000,-5696.539551,-3.022006,1939.795499,1241.016602,4069.856934,307.342529,306.313293,318.519991,-16.316736,0.185199,3.335567,-59.701073,-20.018710,-19.953163,1241.334839,-0.062524,-0.001688,0.000071,0.670966,0.670555,0.009660,83460.992188,0.964964,0.000000,0.000000,0.000000,0.000000,0.000000,0.000000,0.000000,0.000000,0.000000,-58.650787,4072.564941
16.808176,1.000000,-5688.261230,-2.996276,1936.800887,1238.021973,4059.944336,307.340637,306.314362,318.475797,-16.316254,0.183102,3.335290,-59.690063,-20.017868,-19.952698,1238.321777,-0.062533,-0.001699,0.000075,0.671003,0.670595,0.009661,83460.992188,0.964916,0.000000,0.000000,0.000000,0.000000,0.000000,0.000000,0.000000,0.000000,0.000000,-58.640232,4062.660156
16.864356,1.000000,-5679.147461,-2.968008,1933.447923,1234.668945,4049.032227,307.338684,306.315277,318.426975,-16.315716,0.180767,3.334996,-59.677975,-20.016961,-19.952196,1235.004639,-0.062541,-0.001710,0.000079,0.671034,0.670640,0.009661,83460.992188,0.964849,0.000000,0.000000,0.000000,0.000000,0.000000,0.000000,0.000000,0.000000,0.000000,-58.628445,4051.747803
16.914591,1.000000,-5670.932129,-2.942580,1930.450351,1231.671387,4039.196045,307.336823,306.315796,318.382929,-16.315237,0.178687,3.334742,-59.667103,-20.016153,-19.951748,1232.014526,-0.062547,-0.001720,0.000083,0.671053,0.670678,0.009670,83460.992188,0.964794,0.000000,0.000000,0.000000,0.000000,0.000000,0.000000,0.000000,0.000000,0.000000,-58.617924,4041.911621
16.966615,1.000000,-5662.429688,-2.916317,1927.346604,1228.567627,4029.016602,307.334930,306.316254,318.337281,-16.314741,0.176544,3.334482,-59.655861,-20.015323,-19.951292,1228.919922,-0.062553,-0.001730,0.000087,0.671069,0.670716,0.009670,83460.992188,0.964747,0.000000,0.000000,0.000000,0.000000,0.000000,0.000000,0.000000,0.000000,0.000000,-58.607048,4031.732178
17.021043,1.000000,-5653.456055,-2.888658,1924.100057,1225.321045,4018.273438,307.332916,306.317139,318.289053,-16.314219,0.174308,3.334231,-59.644032,-20.014461,-19.950815,1225.653809,-0.062555,-0.001745,0.000092,0.671100,0.670754,0.009670,83460.992188,0.964687,0.000000,0.000000,0.000000,0.000000,0.000000,0.000000,0.000000,0.000000,0.000000,-58.595703,4021.002686
17.071106,1.000000,-5645.295898,-2.863559,1921.114440,1222.335327,4008.504395,307.330963,306.317535,318.245184,-16.313740,0.172261,3.334006,-59.633301,-20.013685,-19.950394,1222.683716,-0.062562,-0.001755,0.000096,0.671113,0.670788,0.009667,83460.992188,0.964643,0.000000,0.000000,0.000000,0.000000,0.000000,0.000000,0.000000,0.000000,0.000000,-58.585300,4011.233887
17.121662,1.000000,-5637.005859,-2.838115,1918.099967,1219.320801,3998.581299,307.328857,306.318024,318.200634,-16.313259,0.170202,3.333781,-59.622425,-20.012904,-19.949980,1219.666382,-0.062576,-0.001766,0.000100,0.671131,0.670820,0.009662,83460.992188,0.964608,0.000000,0.000000,0.000000,0.000000,0.000000,0.000000,0.000000,0.000000,0.000000,-58.574818,4001.310547
17.177226,1.000000,-5627.950195,-2.810379,1914.787516,1216.008301,3987.740967,307.326569,306.318939,318.151842,-16.312729,0.167946,3.333549,-59.610561,-20.012063,-19.949522,1216.370361,-0.062578,-0.001777,0.000104,0.671163,0.670855,0.009655,83460.992188,0.964546,0.000000,0.000000,0.000000,0.000000,0.000000,0.000000,0.000000,0.000000,0.000000,-58.563313,3990.470215
17.227462,1.000000,-5619.754883,-2.785335,1911.793262,1213.013916,3977.931641,307.324554,306.319427,318.107648,-16.312248,0.165914,3.333353,-59.599850,-20.011311,-19.949120,1213.387573,-0.062584,-0.001789,0.000108,0.671180,0.670886,0.009648,83460.992188,0.964506,0.000000,0.000000,0.000000,0.000000,0.000000,0.000000,0.000000,0.000000,0.000000,-58.552944,3980.641357
17.282968,1.000000,-5610.685547,-2.757680,1908.485523,1209.706055,3967.076172,307.322235,306.320526,318.058708,-16.311722,0.163681,3.333136,-59.588017,-20.010488,-19.948681,1210.086548,-0.062590,-0.001800,0.000113,0.671218,0.670919,0.009633,83460.992188,0.964469,0.000000,0.000000,0.000000,0.000000,0.000000,0.000000,0.000000,0.000000,0.000000,-58.541500,3969.785889
17.338626,1.000000,-5601.564941,-2.729934,1905.169384,1206.389893,3956.160156,307.319763,306.321167,318.009500,-16.311193,0.161446,3.332918,-59.576118,-20.009659,-19.948252,1206.766968,-0.062604,-0.001813,0.000117,0.671241,0.670952,0.009610,83460.992188,0.964431,0.000000,0.000000,0.000000,0.000000,0.000000,0.000000,0.000000,0.000000,0.000000,-58.530041,3958.869873
17.394262,1.000000,-5592.479004,-2.702359,1901.855215,1203.075684,3945.286133,307.317169,306.321960,317.960382,-16.310667,0.159226,3.332714,-59.564301,-20.008850,-19.947832,1203.459961,-0.062614,-0.001825,0.000122,0.671269,0.670984,0.009580,83460.992188,0.964377,0.000000,0.000000,0.000000,0.000000,0.000000,0.000000,0.000000,0.000000,0.000000,-58.518612,3947.995850
17.444873,1.000000,-5584.354492,-2.677755,1898.840950,1200.061279,3935.562988,307.314850,306.322662,317.916514,-16.310188,0.157215,3.332534,-59.553734,-20.008124,-19.947462,1200.502808,-0.062628,-0.001835,0.000126,0.671294,0.671013,0.009540,83460.992188,0.964354,0.000000,0.000000,0.000000,0.000000,0.000000,0.000000,0.000000,0.000000,0.000000,-58.508221,3938.285889
17.495538,1.000000,-5576.049805,-2.652660,1895.824013,1197.044189,3925.624756,307.312531,306.323303,317.871608,-16.309710,0.155209,3.332352,-59.542950,-20.007390,-19.947092,1197.480225,-0.062639,-0.001847,0.000130,0.671315,0.671041,0.009487,83460.992188,0.964315,0.000000,0.000000,0.000000,0.000000,0.000000,0.000000,0.000000,0.000000,0.000000,-58.497837,3928.347656
17.546344,1.000000,-5567.694336,-2.627467,1892.799226,1194.019165,3915.626221,307.310120,306.323700,317.826405,-16.309233,0.153212,3.332177,-59.532116,-20.006658,-19.946722,1194.439087,-0.062647,-0.001859,0.000134,0.671330,0.671068,0.009427,83460.992188,0.964277,0.000000,0.000000,0.000000,0.000000,0.000000,0.000000,0.000000,0.000000,0.000000,-58.487446,3918.348877
17.597155,1.000000,-5559.452637,-2.602670,1889.774687,1190.994507,3905.763428,307.307800,306.324341,317.781706,-16.308758,0.151225,3.332013,-59.521446,-20.005947,-19.946360,1191.439331,-0.062649,-0.001867,0.000139,0.671352,0.671094,0.009366,83460.992188,0.964233,0.000000,0.000000,0.000000,0.000000,0.000000,0.000000,0.000000,0.000000,0.000000,-58.477070,3908.486328
17.650031,1.000000,-5550.796387,-2.576687,1886.627807,1187.847412,3895.405762,307.305237,306.324707,317.734753,-16.308264,0.149169,3.331845,-59.510262,-20.005207,-19.945992,1188.288696,-0.062656,-0.001876,0.000143,0.671365,0.671120,0.009298,83460.992188,0.964201,0.000000,0.000000,0.000000,0.000000,0.000000,0.000000,0.000000,0.000000,0.000000,-58.466293,3898.244385
17.700147,1.000000,-5542.583984,-2.552094,1883.645730,1184.865234,3885.579346,307.302887,306.325165,317.690173,-16.307795,0.147230,3.331696,-59.499668,-20.004512,-19.945648,1185.299683,-0.062663,-0.001887,0.000147,0.671380,0.671144,0.009234,83460.992188,0.964174,0.000000,0.000000,0.000000,0.000000,0.000000,0.000000,0.000000,0.000000,0.000000,-58.456093,3888.417969
17.750496,1.000000,-5534.392090,-2.527620,1880.650320,1181.869507,3875.778320,307.300537,306.325562,317.645712,-16.307331,0.145287,3.331538,-59.489109,-20.003821,-19.945322,1182.317993,-0.062681,-0.001896,0.000151,0.671394,0.671168,0.009168,83460.992188,0.964128,0.000000,0.000000,0.000000,0.000000,0.000000,0.000000,0.000000,0.000000,0.000000,-58.445862,3878.616943
17.801093,1.000000,-5526.134766,-2.503004,1877.640693,1178.859863,3865.898926,307.298004,306.325897,317.600894,-16.306862,0.143343,3.331398,-59.478493,-20.003133,-19.944988,1179.312622,-0.062688,-0.001907,0.000155,0.671406,0.671190,0.009095,83460.992188,0.964096,0.000000,0.000000,0.000000,0.000000,0.000000,0.000000,0.000000,0.000000,0.000000,-58.435608,3868.737549
17.856756,1.000000,-5517.024902,-2.475913,1874.330347,1175.549072,3855.000000,307.295135,306.326294,317.551302,-16.306351,0.141215,3.331241,-59.466789,-20.002385,-19.944630,1175.996948,-0.062696,-0.001919,0.000159,0.671421,0.671213,0.009013,83460.992188,0.964053,0.000000,0.000000,0.000000,0.000000,0.000000,0.000000,0.000000,0.000000,0.000000,-58.424343,3857.713623
17.911738,1.000000,-5508.054199,-2.449304,1871.061136,1172.279785,3844.267578,307.292236,306.326538,317.502451,-16.305851,0.139126,3.331095,-59.455296,-20.001658,-19.944281,1172.731812,-0.062700,-0.001929,0.000163,0.671429,0.671236,0.008933,83460.992188,0.964025,0.000000,0.000000,0.000000,0.000000,0.000000,0.000000,0.000000,0.000000,0.000000,-58.413242,3846.981445
17.967946,1.000000,-5498.934082,-2.422323,1867.719682,1168.937988,3833.357422,307.289368,306.326721,317.452828,-16.305349,0.137001,3.330938,-59.443615,-20.000919,-19.943937,1169.412354,-0.062713,-0.001941,0.000168,0.671435,0.671256,0.008850,83460.992188,0.963978,0.000000,0.000000,0.000000,0.000000,0.000000,0.000000,0.000000,0.000000,0.000000,-58.401897,3836.071045
18.018446,1.000000,-5490.727051,-2.398103,1864.718119,1165.936279,3823.539795,307.286621,306.326996,317.408070,-16.304907,0.135098,3.330793,-59.433117,-20.000263,-19.943632,1166.425293,-0.062719,-0.001949,0.000172,0.671445,0.671274,0.008760,83460.992188,0.963946,0.000000,0.000000,0.000000,0.000000,0.000000,0.000000,0.000000,0.000000,0.000000,-58.391724,3826.253418
18.070338,1.000000,-5482.206055,-2.373020,1861.634373,1162.852173,3813.347168,307.283936,306.326965,317.361533,-16.304449,0.133150,3.330662,-59.422245,-19.999594,-19.943327,1163.323853,-0.062728,-0.001962,0.000176,0.671444,0.671290,0.008679,83460.992188,0.963908,0.000000,0.000000,0.000000,0.000000,0.000000,0.000000,0.000000,0.000000,0.000000,-58.381294,3816.013916
18.120586,1.000000,-5474.052246,-2.349073,1858.648857,1159.866333,3803.593506,307.281250,306.327057,317.317012,-16.304012,0.131268,3.330535,-59.411858,-19.998958,-19.943031,1160.356079,-0.062731,-0.001972,0.000180,0.671447,0.671305,0.008599,83460.992188,0.963875,0.000000,0.000000,0.000000,0.000000,0.000000,0.000000,0.000000,0.000000,0.000000,-58.371220,3806.260498
18.171695,1.000000,-5465.800293,-2.324899,1855.612725,1156.829834,3793.723389,307.278503,306.324646,317.271898,-16.303576,0.129368,3.330402,-59.401356,-19.998321,-19.942747,1157.352661,-0.062742,-0.001982,0.000184,0.671362,0.671318,0.008523,83460.992188,0.963847,0.000000,0.000000,0.000000,0.000000,0.000000,0.000000,0.000000,0.000000,0.000000,-58.360981,3796.390381
18.223104,1.000000,-5457.413574,-2.300392,1852.559314,1153.776245,3783.692139,307.275604,306.326935,317.226042,-16.303139,0.127461,3.330270,-59.390697,-19.997678,-19.942459,1154.300171,-0.062748,-0.001993,0.000188,0.671443,0.671329,0.008438,83460.992188,0.963796,0.000000,0.000000,0.000000,0.000000,0.000000,0.000000,0.000000,0.000000,0.000000,-58.350697,3786.359131
18.273124,1.000000,-5449.194824,-2.276437,1849.588926,1150.805420,3773.862305,307.272797,306.326965,317.181047,-16.302711,0.125614,3.330153,-59.380264,-19.997055,-19.942186,1151.308716,-0.062757,-0.002004,0.000192,0.671444,0.671340,0.008351,83460.992188,0.963768,0.000000,0.000000,0.000000,0.000000,0.000000,0.000000,0.000000,0.000000,0.000000,-58.340710,3776.637451
18.323504,1.000000,-5440.980957,-2.252555,1846.597682,1147.813965,3764.038818,307.270050,306.326965,317.136081,-16.302288,0.123760,3.330031,-59.369858,-19.996439,-19.941919,1148.319214,-0.062766,-0.002014,0.000196,0.671443,0.671350,0.008264,83460.992188,0.963729,0.000000,0.000000,0.000000,0.000000,0.000000,0.000000,0.000000,0.000000,0.000000,-58.330662,3766.813965
18.374867,1.000000,-5432.610840,-2.228279,1843.548613,1144.764648,3754.028076,307.267059,306.326813,317.090285,-16.301859,0.121878,3.329911,-59.359268,-19.995813,-19.941645,1145.272705,-0.062770,-0.002028,0.000200,0.671438,0.671358,0.008173,83460.992188,0.963695,0.000000,0.000000,0.000000,0.000000,0.000000,0.000000,0.000000,0.000000,0.000000,-58.320446,3756.803467
18.426658,1.000000,-5424.179199,-2.203889,1840.474686,1141.690430,3743.945068,307.264069,306.326477,317.044133,-16.301434,0.119990,3.329786,-59.348614,-19.995188,-19.941385,1142.203857,-0.062784,-0.002037,0.000204,0.671427,0.671366,0.008074,83460.992188,0.963661,0.000000,0.000000,0.000000,0.000000,0.000000,0.000000,0.000000,0.000000,0.000000,-58.310154,3746.720215
18.483337,1.000000,-5415.106934,-2.177716,1837.111278,1138.326660,3733.095703,307.260834,306.325989,316.994392,-16.300980,0.117938,3.329648,-59.337166,-19.994525,-19.941109,1138.901733,-0.062794,-0.002044,0.000209,0.671409,0.671373,0.007956,83460.992188,0.963627,0.000000,0.000000,0.000000,0.000000,0.000000,0.000000,0.000000,0.000000,0.000000,-58.298908,3735.805176
18.534959,1.000000,-5406.544434,-2.153080,1834.048531,1135.263428,3722.856201,307.257751,306.326233,316.947439,-16.300568,0.116077,3.329527,-59.326385,-19.993907,-19.940845,1135.785278,-0.062795,-0.002057,0.000213,0.671419,0.671377,0.007856,83460.992188,0.963573,0.000000,0.000000,0.000000,0.000000,0.000000,0.000000,0.000000,0.000000,0.000000,-58.288692,3725.565674
18.588627,1.000000,-5397.858398,-2.128158,1830.864974,1132.079468,3712.469971,307.254608,306.326019,316.899715,-16.300150,0.114158,3.329401,-59.315460,-19.993289,-19.940598,1132.623779,-0.062807,-0.002065,0.000217,0.671411,0.671380,0.007754,83460.992188,0.963530,0.000000,0.000000,0.000000,0.000000,0.000000,0.000000,0.000000,0.000000,0.000000,-58.278080,3715.179443
18.644389,1.000000,-5388.766602,-2.102143,1827.557826,1128.771973,3701.598389,307.251221,306.325592,316.849796,-16.299723,0.112168,3.329267,-59.304054,-19.992649,-19.940338,1129.314697,-0.062814,-0.002075,0.000221,0.671396,0.671382,0.007647,83460.992188,0.963503,0.000000,0.000000,0.000000,0.000000,0.000000,0.000000,0.000000,0.000000,0.000000,-58.267086,3704.352783
18.696279,1.000000,-5380.322754,-2.078050,1824.480888,1125.694458,3691.501709,307.247986,306.325439,316.803437,-16.299332,0.110327,3.329146,-59.293476,-19.992059,-19.940094,1126.241333,-0.062815,-0.002082,0.000225,0.671390,0.671383,0.007545,83460.992188,0.963445,0.000000,0.000000,0.000000,0.000000,0.000000,0.000000,0.000000,0.000000,0.000000,-58.256878,3694.256104
18.749470,1.000000,-5371.765137,-2.053700,1821.327373,1122.540649,3681.269531,307.244812,306.324921,316.756365,-16.298927,0.108452,3.329030,-59.282772,-19.991471,-19.939861,1123.126709,-0.062821,-0.002088,0.000229,0.671372,0.671383,0.007442,83460.992188,0.963416,0.000000,0.000000,0.000000,0.000000,0.000000,0.000000,0.000000,0.000000,0.000000,-58.246429,3684.023926
18.802837,1.000000,-5362.966309,-2.028734,1818.164002,1119.376831,3670.749512,307.241394,306.324524,316.707899,-16.298532,0.106579,3.328918,-59.271797,-19.990879,-19.939629,1119.924194,-0.062825,-0.002097,0.000233,0.671359,0.671381,0.007352,83460.992188,0.963371,0.000000,0.000000,0.000000,0.000000,0.000000,0.000000,0.000000,0.000000,0.000000,-58.235977,3673.504150
18.858941,1.000000,-5353.838867,-2.002912,1814.839013,1116.051270,3659.836914,307.237793,306.324402,316.657654,-16.298128,0.104634,3.328798,-59.260437,-19.990271,-19.939394,1116.602051,-0.062832,-0.002102,0.000237,0.671354,0.671379,0.007266,83460.992188,0.963319,0.000000,0.000000,0.000000,0.000000,0.000000,0.000000,0.000000,0.000000,0.000000,-58.225014,3662.551514
18.909132,1.000000,-5345.695801,-1.979939,1811.864996,1113.076904,3650.101318,307.234619,306.324432,316.612807,-16.297771,0.102900,3.328687,-59.250320,-19.989736,-19.939182,1113.638184,-0.062833,-0.002106,0.000240,0.671355,0.671376,0.007189,83460.992188,0.963283,0.000000,0.000000,0.000000,0.000000,0.000000,0.000000,0.000000,0.000000,0.000000,-58.215233,3652.815674
18.960378,1.000000,-5337.392578,-1.956579,1808.828991,1110.040405,3640.174805,307.231201,306.324066,316.567041,-16.297411,0.101142,3.328578,-59.240005,-19.989192,-19.938980,1110.616089,-0.062841,-0.002112,0.000244,0.671342,0.671374,0.007104,83460.992188,0.963244,0.000000,0.000000,0.000000,0.000000,0.000000,0.000000,0.000000,0.000000,0.000000,-58.205238,3642.889160
19.011110,1.000000,-5329.127441,-1.933391,1805.823959,1107.034912,3630.294189,307.227966,306.323944,316.521422,-16.297054,0.099411,3.328474,-59.229763,-19.988662,-19.938782,1107.607788,-0.062846,-0.002119,0.000247,0.671338,0.671371,0.007028,83460.992188,0.963206,0.000000,0.000000,0.000000,0.000000,0.000000,0.000000,0.000000,0.000000,0.000000,-58.195377,3633.008545
19.066887,1.000000,-5320.007813,-1.907883,1802.520692,1103.731201,3619.392090,307.224182,306.323730,316.471118,-16.296667,0.097520,3.328363,-59.218483,-19.988082,-19.938566,1104.288574,-0.062851,-0.002125,0.000251,0.671330,0.671367,0.006946,83460.992188,0.963176,0.000000,0.000000,0.000000,0.000000,0.000000,0.000000,0.000000,0.000000,0.000000,-58.184551,3622.088867
19.117107,1.000000,-5311.883789,-1.885226,1799.547060,1100.757080,3609.680420,307.220917,306.323425,316.426271,-16.296322,0.095827,3.328272,-59.208450,-19.987572,-19.938379,1101.331665,-0.062855,-0.002130,0.000254,0.671320,0.671363,0.006870,83460.992188,0.963133,0.000000,0.000000,0.000000,0.000000,0.000000,0.000000,0.000000,0.000000,0.000000,-58.174831,3612.377197
19.168585,1.000000,-5303.589355,-1.862160,1796.499464,1097.708984,3599.765381,307.217499,306.323364,316.380504,-16.295979,0.094101,3.328168,-59.198231,-19.987057,-19.938192,1098.312744,-0.062859,-0.002136,0.000258,0.671318,0.671358,0.006799,83460.992188,0.963096,0.000000,0.000000,0.000000,0.000000,0.000000,0.000000,0.000000,0.000000,0.000000,-58.164883,3602.462158
19.219302,1.000000,-5295.249512,-1.839034,1793.497438,1094.706421,3589.796143,307.214111,306.323059,316.334471,-16.295643,0.092411,3.328075,-59.187973,-19.986546,-19.938007,1095.277222,-0.062860,-0.002143,0.000261,0.671307,0.671354,0.006723,83460.992188,0.963059,0.000000,0.000000,0.000000,0.000000,0.000000,0.000000,0.000000,0.000000,0.000000,-58.155106,3592.492920
19.269658,1.000000,-5287.120605,-1.816561,1790.517289,1091.725830,3580.080078,307.210876,306.322784,316.289535,-16.295313,0.090741,3.327984,-59.177998,-19.986058,-19.937841,1092.318604,-0.062868,-0.002148,0.000264,0.671297,0.671349,0.006655,83460.992188,0.963026,0.000000,0.000000,0.000000,0.000000,0.000000,0.000000,0.000000,0.000000,0.000000,-58.145416,3582.785156
19.324544,1.000000,-5278.190430,-1.791945,1787.269625,1088.477539,3569.406006,307.207153,306.322418,316.240180,-16.294950,0.088933,3.327890,-59.167030,-19.985519,-19.937654,1089.068237,-0.062874,-0.002156,0.000268,0.671285,0.671342,0.006576,83460.992188,0.962984,0.000000,0.000000,0.000000,0.000000,0.000000,0.000000,0.000000,0.000000,0.000000,-58.134857,3572.110840
19.377531,1.000000,-5269.632813,-1.768428,1784.134894,1085.342163,3559.177246,307.203491,306.321747,316.192811,-16.294611,0.087198,3.327794,-59.156551,-19.985016,-19.937477,1085.953491,-0.062872,-0.002160,0.000271,0.671261,0.671335,0.006501,83460.992188,0.962959,0.000000,0.000000,0.000000,0.000000,0.000000,0.000000,0.000000,0.000000,0.000000,-58.124691,3561.882080
19.428999,1.000000,-5261.282715,-1.745553,1781.090562,1082.297363,3549.197266,307.200012,306.321777,316.146600,-16.294273,0.085522,3.327717,-59.146336,-19.984528,-19.937319,1082.914307,-0.062881,-0.002166,0.000274,0.671263,0.671328,0.006429,83460.992188,0.962913,0.000000,0.000000,0.000000,0.000000,0.000000,0.000000,0.000000,0.000000,0.000000,-58.114826,3551.902344
19.479002,1.000000,-5253.099609,-1.723201,1778.133387,1079.339600,3539.416748,307.196411,306.321289,316.101367,-16.293961,0.083907,3.327635,-59.136349,-19.984053,-19.937159,1079.935913,-0.062882,-0.002172,0.000277,0.671245,0.671321,0.006356,83460.992188,0.962887,0.000000,0.000000,0.000000,0.000000,0.000000,0.000000,0.000000,0.000000,0.000000,-58.105274,3542.088623
19.529534,1.000000,-5244.875488,-1.700803,1775.145430,1076.351074,3529.587891,307.192963,306.320984,316.055809,-16.293646,0.082277,3.327554,-59.126331,-19.983588,-19.937010,1076.942627,-0.062887,-0.002176,0.000280,0.671235,0.671313,0.006288,83460.992188,0.962842,0.000000,0.000000,0.000000,0.000000,0.000000,0.000000,0.000000,0.000000,0.000000,-58.095634,3532.259766
19.580747,1.000000,-5236.616211,-1.678377,1772.117720,1073.322754,3519.717285,307.189392,306.320190,316.010042,-16.293335,0.080639,3.327475,-59.116280,-19.983124,-19.936863,1073.936523,-0.062892,-0.002183,0.000283,0.671207,0.671305,0.006219,83460.992188,0.962802,0.000000,0.000000,0.000000,0.000000,0.000000,0.000000,0.000000,0.000000,0.000000,-58.085876,3522.389160
19.633538,1.000000,-5227.941406,-1.654896,1768.997261,1070.201660,3509.350098,307.185638,306.320068,315.961932,-16.293007,0.078963,3.327406,-59.105755,-19.982650,-19.936708,1070.779053,-0.062890,-0.002189,0.000287,0.671202,0.671294,0.006161,83460.992188,0.962769,0.000000,0.000000,0.000000,0.000000,0.000000,0.000000,0.000000,0.000000,0.000000,-58.075851,3512.021729
19.686716,1.000000,-5219.291992,-1.631560,1765.854479,1067.058350,3499.013428,307.181824,306.319489,315.913971,-16.292685,0.077286,3.327338,-59.095268,-19.982178,-19.936562,1067.630981,-0.062894,-0.002196,0.000290,0.671182,0.671283,0.006107,83460.992188,0.962737,0.000000,0.000000,0.000000,0.000000,0.000000,0.000000,0.000000,0.000000,0.000000,-58.065765,3501.693115
19.737104,1.000000,-5211.171387,-1.609720,1762.877097,1064.080322,3489.309082,307.178375,306.318726,315.868946,-16.292379,0.075704,3.327270,-59.085438,-19.981740,-19.936426,1064.675293,-0.062897,-0.002201,0.000293,0.671155,0.671272,0.006047,83460.992188,0.962714,0.000000,0.000000,0.000000,0.000000,0.000000,0.000000,0.000000,0.000000,0.000000,-58.056225,3491.988770
19.793053,1.000000,-5202.100098,-1.585403,1759.571704,1060.774170,3478.469238,307.174591,306.318207,315.818612,-16.292051,0.073962,3.327198,-59.074474,-19.981257,-19.936287,1061.373657,-0.062905,-0.002208,0.000296,0.671137,0.671259,0.005984,83460.992188,0.962671,0.000000,0.000000,0.000000,0.000000,0.000000,0.000000,0.000000,0.000000,0.000000,-58.045650,3481.148682
19.849423,1.000000,-5193.064453,-1.561266,1756.242059,1057.443848,3467.671387,307.170685,306.317566,315.768396,-16.291719,0.072219,3.327137,-59.063583,-19.980791,-19.936140,1058.084961,-0.062899,-0.002215,0.000300,0.671115,0.671245,0.005928,83460.992188,0.962634,0.000000,0.000000,0.000000,0.000000,0.000000,0.000000,0.000000,0.000000,0.000000,-58.035023,3470.351074
19.901393,1.000000,-5184.661133,-1.538894,1753.172862,1054.374023,3457.629883,307.166992,306.316742,315.721770,-16.291422,0.070621,3.327070,-59.053467,-19.980356,-19.936012,1055.026367,-0.062901,-0.002218,0.000303,0.671086,0.671231,0.005877,83460.992188,0.962605,0.000000,0.000000,0.000000,0.000000,0.000000,0.000000,0.000000,0.000000,0.000000,-58.025238,3460.314697
19.953908,1.000000,-5176.073730,-1.516110,1750.072014,1051.272461,3447.369385,307.163177,306.316071,315.674046,-16.291119,0.069018,3.327017,-59.043137,-19.979919,-19.935898,1051.900757,-0.062913,-0.002223,0.000306,0.671063,0.671215,0.005829,83460.992188,0.962554,0.000000,0.000000,0.000000,0.000000,0.000000,0.000000,0.000000,0.000000,0.000000,-58.015366,3450.053955
20.004884,1.000000,-5167.736816,-1.494061,1747.062553,1048.262207,3437.407227,307.159485,306.315399,315.627745,-16.290831,0.067470,3.326959,-59.033127,-19.979498,-19.935772,1048.866455,-0.062909,-0.002229,0.000309,0.671039,0.671199,0.005778,83460.992188,0.962536,0.000000,0.000000,0.000000,0.000000,0.000000,0.000000,0.000000,0.000000,0.000000,-58.005798,3440.092041
20.055135,1.000000,-5159.633301,-1.472699,1744.096387,1045.295410,3427.724854,307.155731,306.314697,315.582661,-16.290550,0.065952,3.326906,-59.023403,-19.979095,-19.935665,1045.916992,-0.062914,-0.002233,0.000312,0.671015,0.671183,0.005728,83460.992188,0.962506,0.000000,0.000000,0.000000,0.000000,0.000000,0.000000,0.000000,0.000000,0.000000,-57.996376,3430.409668
20.105158,1.000000,-5151.502441,-1.451333,1741.144167,1042.342407,3418.009766,307.152008,306.313965,315.537428,-16.290268,0.064451,3.326862,-59.013672,-19.978699,-19.935556,1042.957642,-0.062912,-0.002239,0.000315,0.670989,0.671167,0.005671,83460.992188,0.962479,0.000000,0.000000,0.000000,0.000000,0.000000,0.000000,0.000000,0.000000,0.000000,-57.987022,3420.647217
20.156807,1.000000,-5143.211914,-1.429621,1738.096498,1039.293945,3408.104736,307.148193,306.313141,315.491247,-16.289984,0.062916,3.326823,-59.003765,-19.978303,-19.935459,1039.940063,-0.062918,-0.002245,0.000318,0.670960,0.671147,0.005621,83460.992188,0.962442,0.000000,0.000000,0.000000,0.000000,0.000000,0.000000,0.000000,0.000000,0.000000,-57.977386,3410.742188
20.207798,1.000000,-5134.955078,-1.408069,1735.088158,1036.284790,3398.239746,307.144409,306.312378,315.445213,-16.289707,0.061408,3.326786,-58.993927,-19.977920,-19.935358,1036.934814,-0.062916,-0.002248,0.000321,0.670934,0.671128,0.005585,83460.992188,0.962398,0.000000,0.000000,0.000000,0.000000,0.000000,0.000000,0.000000,0.000000,0.000000,-57.967896,3400.876953
20.259741,1.000000,-5126.515137,-1.386113,1732.024168,1033.219971,3388.155518,307.140472,306.311340,315.398201,-16.289427,0.059883,3.326746,-58.983871,-19.977526,-19.935251,1033.862915,-0.062912,-0.002252,0.000324,0.670897,0.671107,0.005552,83460.992188,0.962365,0.000000,0.000000,0.000000,0.000000,0.000000,0.000000,0.000000,0.000000,0.000000,-57.958233,3390.792969
20.312001,1.000000,-5118.034668,-1.364128,1728.942003,1030.136963,3378.023682,307.136536,306.310730,315.350981,-16.289146,0.058358,3.326711,-58.973789,-19.977135,-19.935154,1030.776367,-0.062913,-0.002260,0.000327,0.670876,0.671085,0.005516,83460.992188,0.962338,0.000000,0.000000,0.000000,0.000000,0.000000,0.000000,0.000000,0.000000,0.000000,-57.948536,3380.654297
20.362796,1.000000,-5109.886230,-1.343077,1725.946745,1027.140991,3368.289063,307.132660,306.309814,315.305571,-16.288870,0.056878,3.326685,-58.964100,-19.976762,-19.935068,1027.810547,-0.062919,-0.002262,0.000330,0.670844,0.671063,0.005476,83460.992188,0.962318,0.000000,0.000000,0.000000,0.000000,0.000000,0.000000,0.000000,0.000000,0.000000,-57.939114,3370.919678
20.416103,1.000000,-5101.173828,-1.320648,1722.803893,1023.997192,3357.880859,307.128571,306.308685,315.256927,-16.288588,0.055339,3.326659,-58.953770,-19.976377,-19.934982,1024.639526,-0.062922,-0.002268,0.000333,0.670803,0.671039,0.005440,83460.992188,0.962278,0.000000,0.000000,0.000000,0.000000,0.000000,0.000000,0.000000,0.000000,0.000000,-57.929249,3360.511475
20.467108,1.000000,-5093.016113,-1.299719,1719.797272,1020.989746,3348.134766,307.124603,306.308044,315.211457,-16.288324,0.053877,3.326630,-58.944107,-19.976015,-19.934891,1021.670288,-0.062917,-0.002274,0.000336,0.670782,0.671015,0.005403,83460.992188,0.962254,0.000000,0.000000,0.000000,0.000000,0.000000,0.000000,0.000000,0.000000,0.000000,-57.919827,3350.765381
20.517877,1.000000,-5084.761230,-1.278617,1716.805057,1017.996765,3338.273682,307.120667,306.306976,315.165364,-16.288057,0.052432,3.326611,-58.934345,-19.975658,-19.934818,1018.665771,-0.062923,-0.002280,0.000339,0.670744,0.670991,0.005368,83460.992188,0.962229,0.000000,0.000000,0.000000,0.000000,0.000000,0.000000,0.000000,0.000000,0.000000,-57.910458,3340.948242
20.570446,1.000000,-5076.305176,-1.257075,1713.707274,1014.898071,3328.171875,307.116638,306.305664,315.118174,-16.287781,0.050945,3.326599,-58.924358,-19.975296,-19.934738,1015.588013,-0.062923,-0.002285,0.000342,0.670698,0.670964,0.005332,83460.992188,0.962198,0.000000,0.000000,0.000000,0.000000,0.000000,0.000000,0.000000,0.000000,0.000000,-57.900780,3330.846680
20.621184,1.000000,-5068.041016,-1.236098,1710.717887,1011.907837,3318.299805,307.112671,306.305389,315.072081,-16.287521,0.049519,3.326585,-58.914627,-19.974948,-19.934666,1012.580139,-0.062924,-0.002290,0.000345,0.670689,0.670938,0.005301,83460.992188,0.962172,0.000000,0.000000,0.000000,0.000000,0.000000,0.000000,0.000000,0.000000,0.000000,-57.891464,3320.974365
20.673587,1.000000,-5059.714844,-1.215037,1707.630917,1008.819885,3308.353516,307.108398,306.304718,315.025662,-16.287249,0.048057,3.326577,-58.904827,-19.974598,-19.934591,1009.549622,-0.062924,-0.002293,0.000348,0.670665,0.670912,0.005266,83460.992188,0.962145,0.000000,0.000000,0.000000,0.000000,0.000000,0.000000,0.000000,0.000000,0.000000,-57.881851,3311.012939
20.728074,1.000000,-5050.764160,-1.192482,1704.421737,1005.609863,3297.661377,307.104126,306.303986,314.975684,-16.286966,0.046550,3.326571,-58.894302,-19.974230,-19.934519,1006.291870,-0.062925,-0.002301,0.000351,0.670639,0.670885,0.005229,83460.992188,0.962133,0.000000,0.000000,0.000000,0.000000,0.000000,0.000000,0.000000,0.000000,0.000000,-57.871864,3300.321045
20.781692,1.000000,-5042.103516,-1.170743,1701.264289,1002.451416,3287.316650,307.099915,306.303070,314.927278,-16.286694,0.045076,3.326570,-58.884129,-19.973879,-19.934458,1003.139648,-0.062930,-0.002306,0.000354,0.670608,0.670858,0.005194,83460.992188,0.962101,0.000000,0.000000,0.000000,0.000000,0.000000,0.000000,0.000000,0.000000,0.000000,-57.862053,3289.976074
20.834422,1.000000,-5033.559570,-1.149377,1698.159666,999.345886,3277.110840,307.095734,306.302551,314.879524,-16.286423,0.043638,3.326573,-58.874111,-19.973539,-19.934391,1000.029907,-0.062925,-0.002312,0.000357,0.670589,0.670832,0.005154,83460.992188,0.962080,0.000000,0.000000,0.000000,0.000000,0.000000,0.000000,0.000000,0.000000,0.000000,-57.852417,3279.770264
20.886682,1.000000,-5025.132324,-1.128382,1695.083236,996.268494,3267.044678,307.091492,306.301575,314.832423,-16.286161,0.042220,3.326573,-58.864239,-19.973206,-19.934330,996.962646,-0.062924,-0.002318,0.000360,0.670555,0.670806,0.005116,83460.992188,0.962052,0.000000,0.000000,0.000000,0.000000,0.000000,0.000000,0.000000,0.000000,0.000000,-57.842880,3269.724609
20.940432,1.000000,-5016.387207,-1.106681,1691.919631,993.103943,3256.599365,307.087219,306.300842,314.783483,-16.285891,0.040769,3.326589,-58.854008,-19.972868,-19.934278,993.779663,-0.062928,-0.002324,0.000363,0.670529,0.670779,0.005081,83460.992188,0.962023,0.000000,0.000000,0.000000,0.000000,0.000000,0.000000,0.000000,0.000000,0.000000,-57.833092,3259.279297
20.994448,1.000000,-5007.676758,-1.085150,1688.740921,989.924194,3246.195557,307.083008,306.299957,314.734750,-16.285624,0.039328,3.326598,-58.843834,-19.972536,-19.934227,990.609314,-0.062931,-0.002327,0.000366,0.670498,0.670751,0.005053,83460.992188,0.962001,0.000000,0.000000,0.000000,0.000000,0.000000,0.000000,0.000000,0.000000,0.000000,-57.823269,3248.875488
21.046633,1.000000,-4999.188477,-1.064249,1685.670482,986.852783,3236.056641,307.078857,306.299194,314.687323,-16.285366,0.037941,3.326607,-58.833927,-19.972211,-19.934170,987.519836,-0.062928,-0.002333,0.000369,0.670472,0.670724,0.005021,83460.992188,0.961980,0.000000,0.000000,0.000000,0.000000,0.000000,0.000000,0.000000,0.000000,0.000000,-57.813786,3238.736572
21.098548,1.000000,-4990.833496,-1.043755,1682.616439,983.797729,3226.077881,307.074677,306.298309,314.640666,-16.285114,0.036571,3.326615,-58.824200,-19.971897,-19.934128,984.478882,-0.062933,-0.002341,0.000372,0.670441,0.670697,0.004982,83460.992188,0.961969,0.000000,0.000000,0.000000,0.000000,0.000000,0.000000,0.000000,0.000000,0.000000,-57.804379,3228.672119
21.149858,1.000000,-4982.565918,-1.023553,1679.598485,980.778809,3216.203613,307.070526,306.297211,314.594307,-16.284870,0.035225,3.326628,-58.814568,-19.971595,-19.934086,981.469727,-0.062931,-0.002346,0.000375,0.670402,0.670670,0.004940,83460.992188,0.961938,0.000000,0.000000,0.000000,0.000000,0.000000,0.000000,0.000000,0.000000,0.000000,-57.795074,3218.797607
21.200385,1.000000,-4974.373535,-1.003611,1676.627069,977.806396,3206.419189,307.066467,306.296509,314.548451,-16.284630,0.033909,3.326638,-58.805031,-19.971294,-19.934050,978.487915,-0.062936,-0.002354,0.000378,0.670378,0.670644,0.004903,83460.992188,0.961921,0.000000,0.000000,0.000000,0.000000,0.000000,0.000000,0.000000,0.000000,0.000000,-57.785919,3209.013428
21.251581,1.000000,-4966.039063,-0.983402,1673.616799,974.795166,3196.465332,307.062164,306.295532,314.501765,-16.284384,0.032588,3.326656,-58.795338,-19.970992,-19.934013,975.454468,-0.062938,-0.002360,0.000382,0.670344,0.670616,0.004863,83460.992188,0.961902,0.000000,0.000000,0.000000,0.000000,0.000000,0.000000,0.000000,0.000000,0.000000,-57.776657,3199.059326
21.301856,1.000000,-4958.000488,-0.963986,1670.661162,971.838440,3186.864990,307.058075,306.294495,314.456711,-16.284155,0.031299,3.326666,-58.785995,-19.970704,-19.933983,972.528625,-0.062941,-0.002365,0.000385,0.670307,0.670588,0.004823,83460.992188,0.961876,0.000000,0.000000,0.000000,0.000000,0.000000,0.000000,0.000000,0.000000,0.000000,-57.767570,3189.474365
21.353029,1.000000,-4949.741699,-0.944116,1667.653219,968.829529,3177.000977,307.053802,306.293457,314.410381,-16.283920,0.029998,3.326684,-58.776421,-19.970418,-19.933943,969.522705,-0.062932,-0.002370,0.000388,0.670270,0.670558,0.004782,83460.992188,0.961859,0.000000,0.000000,0.000000,0.000000,0.000000,0.000000,0.000000,0.000000,0.000000,-57.758347,3179.610596
21.405607,1.000000,-4941.312500,-0.923918,1664.563201,965.738464,3166.934814,307.049469,306.292358,314.363220,-16.283672,0.028674,3.326711,-58.766670,-19.970126,-19.933922,966.454712,-0.062941,-0.002375,0.000391,0.670233,0.670528,0.004743,83460.992188,0.961836,0.000000,0.000000,0.000000,0.000000,0.000000,0.000000,0.000000,0.000000,0.000000,-57.748886,3169.544434
21.457773,1.000000,-4932.837891,-0.903692,1661.497906,962.672119,3156.814209,307.045135,306.291290,314.315733,-16.283424,0.027373,3.326746,-58.756863,-19.969835,-19.933893,963.370178,-0.062939,-0.002379,0.000394,0.670195,0.670496,0.004695,83460.992188,0.961826,0.000000,0.000000,0.000000,0.000000,0.000000,0.000000,0.000000,0.000000,0.000000,-57.739502,3159.423584
21.509832,1.000000,-4924.493652,-0.883858,1658.439404,959.612549,3146.849121,307.040833,306.289978,314.268899,-16.283184,0.026082,3.326776,-58.747211,-19.969554,-19.933870,960.333130,-0.062939,-0.002382,0.000397,0.670149,0.670464,0.004649,83460.992188,0.961794,0.000000,0.000000,0.000000,0.000000,0.000000,0.000000,0.000000,0.000000,0.000000,-57.730148,3149.448242
21.566555,1.000000,-4915.418945,-0.862379,1655.107467,956.279358,3136.011719,307.036224,306.288574,314.218001,-16.282917,0.024688,3.326821,-58.736740,-19.969255,-19.933842,957.030212,-0.062934,-0.002385,0.000400,0.670100,0.670428,0.004605,83460.992188,0.961766,0.000000,0.000000,0.000000,0.000000,0.000000,0.000000,0.000000,0.000000,0.000000,-57.719978,3138.610840
21.620278,1.000000,-4906.629883,-0.841667,1651.952302,953.123047,3125.515869,307.031647,306.287598,314.168675,-16.282663,0.023382,3.326867,-58.726604,-19.968968,-19.933821,953.831299,-0.062933,-0.002389,0.000403,0.670066,0.670393,0.004569,83460.992188,0.961741,0.000000,0.000000,0.000000,0.000000,0.000000,0.000000,0.000000,0.000000,0.000000,-57.710358,3128.114990
21.672918,1.000000,-4898.036133,-0.821503,1648.861261,950.030884,3115.254150,307.027313,306.286469,314.120477,-16.282423,0.022111,3.326905,-58.716702,-19.968688,-19.933815,950.703430,-0.062943,-0.002394,0.000406,0.670027,0.670359,0.004531,83460.992188,0.961724,0.000000,0.000000,0.000000,0.000000,0.000000,0.000000,0.000000,0.000000,0.000000,-57.700932,3117.853027
21.723019,1.000000,-4889.957031,-0.802624,1645.919790,947.088379,3105.606445,307.023132,306.285461,314.075096,-16.282206,0.020910,3.326933,-58.707405,-19.968433,-19.933802,947.762878,-0.062940,-0.002397,0.000408,0.669991,0.670326,0.004483,83460.992188,0.961713,0.000000,0.000000,0.000000,0.000000,0.000000,0.000000,0.000000,0.000000,0.000000,-57.691975,3108.142334
21.775299,1.000000,-4881.590820,-0.783155,1642.850884,944.018311,3095.615967,307.018799,306.284119,314.028143,-16.281971,0.019671,3.326980,-58.697792,-19.968171,-19.933788,944.717773,-0.062938,-0.002400,0.000411,0.669944,0.670291,0.004442,83460.992188,0.961694,0.000000,0.000000,0.000000,0.000000,0.000000,0.000000,0.000000,0.000000,0.000000,-57.682652,3098.151855
21.826527,1.000000,-4873.291992,-0.763922,1639.844223,941.010559,3085.706055,307.014313,306.282837,313.981546,-16.281744,0.018464,3.327023,-58.688259,-19.967913,-19.933777,941.697266,-0.062935,-0.002402,0.000414,0.669900,0.670255,0.004400,83460.992188,0.961670,0.000000,0.000000,0.000000,0.000000,0.000000,0.000000,0.000000,0.000000,0.000000,-57.673519,3088.241943
21.877125,1.000000,-4865.106934,-0.745031,1636.875014,938.040222,3075.932129,307.010040,306.281891,313.935720,-16.281525,0.017282,3.327054,-58.678871,-19.967656,-19.933771,938.718140,-0.062939,-0.002406,0.000417,0.669867,0.670220,0.004352,83460.992188,0.961654,0.000000,0.000000,0.000000,0.000000,0.000000,0.000000,0.000000,0.000000,0.000000,-57.664509,3078.468018
21.928079,1.000000,-4856.904785,-0.726178,1633.885392,935.049438,3066.138184,307.005737,306.280701,313.889716,-16.281313,0.016102,3.327086,-58.669479,-19.967407,-19.933767,935.732788,-0.062938,-0.002410,0.000419,0.669825,0.670184,0.004297,83460.992188,0.961638,0.000000,0.000000,0.000000,0.000000,0.000000,0.000000,0.000000,0.000000,0.000000,-57.655453,3068.649170
21.980087,1.000000,-4848.548340,-0.707053,1630.834423,931.997375,3056.160400,307.001221,306.279419,313.842823,-16.281086,0.014908,3.327136,-58.659920,-19.967158,-19.933775,932.691345,-0.062944,-0.002413,0.000422,0.669780,0.670146,0.004246,83460.992188,0.961603,0.000000,0.000000,0.000000,0.000000,0.000000,0.000000,0.000000,0.000000,0.000000,-57.646221,3058.671631
22.031489,1.000000,-4840.297363,-0.688248,1627.819494,928.981201,3046.308105,306.996765,306.278015,313.796433,-16.280872,0.013740,3.327183,-58.650490,-19.966920,-19.933773,929.688232,-0.062938,-0.002416,0.000424,0.669730,0.670108,0.004199,83460.992188,0.961590,0.000000,0.000000,0.000000,0.000000,0.000000,0.000000,0.000000,0.000000,0.000000,-57.637112,3048.819336
22.082612,1.000000,-4831.933594,-0.669269,1624.821411,925.981934,3036.321777,306.992401,306.277008,313.749510,-16.280651,0.012584,3.327235,-58.640934,-19.966674,-19.933779,926.644043,-0.062942,-0.002420,0.000427,0.669695,0.670069,0.004155,83460.992188,0.961569,0.000000,0.000000,0.000000,0.000000,0.000000,0.000000,0.000000,0.000000,0.000000,-57.628048,3038.832764
22.138862,1.000000,-4822.971680,-0.649024,1621.523214,922.682434,3025.621094,306.987579,306.275208,313.699146,-16.280422,0.011323,3.327284,-58.630707,-19.966418,-19.933784,923.382202,-0.062940,-0.002421,0.000430,0.669633,0.670027,0.004102,83460.992188,0.961549,0.000000,0.000000,0.000000,0.000000,0.000000,0.000000,0.000000,0.000000,0.000000,-57.618099,3028.169922
22.191202,1.000000,-4814.574707,-0.630142,1618.454800,919.612854,3015.594971,306.983063,306.273956,313.651956,-16.280207,0.010156,3.327334,-58.621143,-19.966185,-19.933792,920.325928,-0.062936,-0.002426,0.000432,0.669588,0.669986,0.004048,83460.992188,0.961533,0.000000,0.000000,0.000000,0.000000,0.000000,0.000000,0.000000,0.000000,0.000000,-57.608852,3018.143799
22.242900,1.000000,-4806.167480,-0.611321,1615.424516,916.581360,3005.556885,306.978516,306.272308,313.604736,-16.279997,0.009018,3.327391,-58.611584,-19.965955,-19.933804,917.265930,-0.062936,-0.002429,0.000435,0.669530,0.669945,0.004009,83460.992188,0.961501,0.000000,0.000000,0.000000,0.000000,0.000000,0.000000,0.000000,0.000000,0.000000,-57.599743,3008.105713
22.293922,1.000000,-4797.977051,-0.593066,1612.434335,913.589905,2995.777832,306.973938,306.271393,313.558792,-16.279799,0.007908,3.327433,-58.602276,-19.965728,-19.933819,914.284851,-0.062937,-0.002431,0.000437,0.656771,0.669663,0.003948,83460.992188,0.961490,0.000000,0.000000,0.000000,0.000000,0.000000,0.000000,0.000000,0.000000,0.000000,-57.590755,2998.326660
22.345611,1.000000,-4789.708984,-0.574718,1609.405549,910.560364,2985.906006,306.969360,306.270569,313.512551,-16.279602,0.006788,3.327483,-58.592934,-19.965509,-19.933828,911.275574,-0.062887,-0.002434,0.000440,0.630926,0.667257,0.003541,83460.992188,0.961338,0.000000,0.000000,0.000000,0.000000,0.000000,0.000000,0.000000,0.000000,0.000000,-57.581726,2988.405029
22.396118,1.000000,-4781.481934,-0.556544,1606.446486,907.600525,2976.083496,306.964966,306.270233,313.466992,-16.279457,0.005704,3.327531,-58.583858,-19.965333,-19.933849,908.281128,-0.062733,-0.002437,0.000442,0.605673,0.662671,0.002402,83460.992188,0.960921,0.000000,0.000000,0.000000,0.000000,0.000000,0.000000,0.000000,0.000000,0.000000,-57.573135,2978.582520
22.447660,1.000000,-4773.263672,-0.538469,1603.427239,904.580383,2966.271484,306.960571,306.270844,313.422353,-16.279385,0.004606,3.327593,-58.575207,-19.965236,-19.933867,905.289917,-0.062418,-0.002440,0.000444,0.579902,0.655942,0.000336,83460.992188,0.960138,0.000000,0.000000,0.000000,0.000000,0.000000,0.000000,0.000000,0.000000,0.000000,-57.564823,2968.770508
22.500988,1.000000,-4764.669922,-0.519654,1600.303822,901.456055,2956.011230,306.955841,306.272980,313.376853,-16.279449,0.003477,3.327691,-58.566902,-19.965298,-19.933887,902.162048,-0.061891,-0.002443,0.000447,0.553238,0.647018,-0.002686,83460.992188,0.958863,0.000000,0.000000,0.000000,0.000000,0.000000,0.000000,0.000000,0.000000,0.000000,-57.556995,2958.510254
22.552993,1.000000,-4756.311035,-0.501439,1597.258285,898.409607,2946.031006,306.951385,306.276978,313.334053,-16.279678,0.002384,3.327853,-58.559822,-19.965587,-19.933903,899.119690,-0.061165,-0.002445,0.000449,0.527235,0.636576,-0.006276,83460.992188,0.957147,0.000000,0.000000,0.000000,0.000000,0.000000,0.000000,0.000000,0.000000,0.000000,-57.550392,2948.572021
22.604420,1.000000,-4748.032227,-0.483480,1594.246918,895.397400,2936.146484,306.946899,306.282959,313.293269,-16.280104,0.001318,3.328124,-58.554050,-19.966168,-19.933920,896.106445,-0.060237,-0.002444,0.000451,0.501522,0.624732,-0.010208,83460.992188,0.955038,0.000000,0.000000,0.000000,0.000000,0.000000,0.000000,0.000000,0.000000,0.000000,-57.545132,2938.687500
22.655993,1.000000,-4739.768555,-0.465638,1591.227250,892.376831,2926.279785,306.942780,306.291382,313.254384,-16.280741,0.000257,3.328550,-58.549767,-19.967105,-19.933931,893.098694,-0.059096,-0.002443,0.000453,0.475735,0.611489,-0.014253,83460.992188,0.952529,0.000000,0.000000,0.000000,0.000000,0.000000,0.000000,0.000000,0.000000,0.000000,-57.541367,2928.820801
22.707824,1.000000,-4731.390137,-0.447629,1588.192641,889.341248,2916.275146,306.938690,306.302917,313.216952,-16.281590,-0.000808,3.329204,-58.547161,-19.968484,-19.933929,890.049194,-0.057724,-0.002444,0.000455,0.449819,0.596938,-0.018139,83460.992188,0.949612,0.000000,0.000000,0.000000,0.000000,0.000000,0.000000,0.000000,0.000000,0.000000,-57.539337,2918.685791
22.759264,1.000000,-4723.071777,-0.429832,1585.180993,886.328735,2906.341309,306.935028,306.317230,313.182012,-16.282612,-0.001857,3.330155,-58.546524,-19.970336,-19.933910,887.021606,-0.056153,-0.002445,0.000457,0.424099,0.581386,-0.021527,83460.992188,0.946420,0.000000,0.000000,0.000000,0.000000,0.000000,0.000000,0.000000,0.000000,0.000000,-57.539261,2908.751953
22.810615,1.000000,-4714.829590,-0.412279,1582.174518,883.321350,2896.497803,306.931580,306.334747,313.149711,-16.283783,-0.002899,3.331481,-58.547974,-19.972688,-19.933880,884.021667,-0.054407,-0.002445,0.000459,0.398424,0.564866,-0.024214,83460.992188,0.943000,0.000000,0.000000,0.000000,0.000000,0.000000,0.000000,0.000000,0.000000,0.000000,-57.541283,2898.908203
22.861230,1.000000,-4706.718262,-0.395084,1579.210989,880.356750,2886.809082,306.928833,306.355225,313.120258,-16.285051,-0.003911,3.333223,-58.551567,-19.975547,-19.933826,881.069397,-0.052512,-0.002440,0.000461,0.373116,0.547704,-0.025968,83460.992188,0.939445,0.000000,0.000000,0.000000,0.000000,0.000000,0.000000,0.000000,0.000000,0.000000,-57.545467,2889.219482
22.914798,1.000000,-4698.122070,-0.376945,1576.074277,877.219055,2876.539063,306.926422,306.380737,313.091843,-16.286469,-0.004977,3.335598,-58.557823,-19.979183,-19.933733,877.940613,-0.050311,-0.002439,0.000463,0.346332,0.528692,-0.026800,83460.992188,0.935544,0.000000,0.000000,0.000000,0.000000,0.000000,0.000000,0.000000,0.000000,0.000000,-57.552353,2879.017822
22.969104,1.000000,-4689.483398,-0.358804,1572.893914,874.037720,2866.216309,306.924774,306.410492,313.066305,-16.287914,-0.006050,3.338672,-58.566780,-19.983498,-19.933609,874.796387,-0.047938,-0.002433,0.000464,0.319180,0.508612,-0.026294,83460.992188,0.931580,0.000000,0.000000,0.000000,0.000000,0.000000,0.000000,0.000000,0.000000,0.000000,-57.562046,2868.695068
23.020628,1.000000,-4681.085938,-0.341253,1569.875931,871.018799,2856.178955,306.924072,306.444489,313.044475,-16.289217,-0.007062,3.342304,-58.578110,-19.988341,-19.933434,871.739990,-0.045465,-0.002432,0.000466,0.293418,0.488878,-0.024371,83460.992188,0.927447,0.000000,0.000000,0.000000,0.000000,0.000000,0.000000,0.000000,0.000000,0.000000,-57.573833,2858.657471
23.070981,1.000000,-4672.957031,-0.324342,1566.925899,868.067749,2846.460449,306.924316,306.480957,313.026323,-16.290358,-0.008050,3.346587,-58.591576,-19.993639,-19.933233,868.781311,-0.042961,-0.002431,0.000467,0.268241,0.469018,-0.021116,83460.992188,0.923586,0.000000,0.000000,0.000000,0.000000,0.000000,0.000000,0.000000,0.000000,0.000000,-57.587811,2848.939209
23.121209,1.000000,-4664.969727,-0.307798,1563.982438,865.123352,2836.907959,306.925446,306.520813,313.011463,-16.291290,-0.009034,3.351646,-58.607204,-19.999424,-19.932976,865.874146,-0.040395,-0.002432,0.000469,0.243127,0.448698,-0.016539,83460.992188,0.919834,0.000000,0.000000,0.000000,0.000000,0.000000,0.000000,0.000000,0.000000,0.000000,-57.604168,2839.381104
23.171613,1.000000,-4656.856445,-0.291069,1561.027778,862.167725,2827.201172,306.927948,306.562805,312.999539,-16.291975,-0.010007,3.357515,-58.625473,-20.005865,-19.932655,862.921204,-0.037617,-0.002432,0.000470,0.217925,0.427868,-0.011050,83460.992188,0.917132,0.000000,0.000000,0.000000,0.000000,0.000000,0.000000,0.000000,0.000000,0.000000,-57.622902,2829.674316
23.221904,1.000000,-4648.697266,-0.274320,1558.078754,859.217651,2817.436523,306.931549,306.614594,312.990848,-16.292332,-0.010975,3.364301,-58.646271,-20.012911,-19.932280,859.951477,-0.034793,-0.002429,0.000471,0.192779,0.406642,-0.003693,83460.992188,0.912503,0.000000,0.000000,0.000000,0.000000,0.000000,0.000000,0.000000,0.000000,0.000000,-57.644104,2819.909668
23.271966,1.000000,-4640.665527,-0.257908,1555.142048,856.279968,2807.820557,306.936523,306.667725,312.985658,-16.292282,-0.011940,3.371997,-58.669147,-20.020403,-19.931847,857.028137,-0.031941,-0.002429,0.000473,0.167748,0.385140,0.004885,83460.992188,0.909011,0.000000,0.000000,0.000000,0.000000,0.000000,0.000000,0.000000,0.000000,0.000000,-57.667526,2810.293701
23.328241,1.000000,-4631.650879,-0.239574,1551.839415,852.976135,2797.022705,306.944031,306.732483,312.983938,-16.291681,-0.013012,3.381785,-58.697506,-20.029412,-19.931276,853.747070,-0.028661,-0.002428,0.000474,0.139611,0.360567,0.015942,83460.992188,0.905313,0.000000,0.000000,0.000000,0.000000,0.000000,0.000000,0.000000,0.000000,0.000000,-57.696537,2799.493652
23.379272,1.000000,-4623.379883,-0.222832,1548.843070,849.978760,2787.110596,306.952606,306.796478,312.986340,-16.290565,-0.013980,3.391743,-58.725925,-20.038197,-19.930660,850.736694,-0.025537,-0.002428,0.000475,0.114095,0.337956,0.027107,83460.992188,0.902239,0.000000,0.000000,0.000000,0.000000,0.000000,0.000000,0.000000,0.000000,0.000000,-57.725178,2789.581299
23.430056,1.000000,-4615.228516,-0.206408,1545.859729,846.994385,2777.336914,306.962860,306.864624,312.992480,-16.288857,-0.014935,3.402707,-58.756119,-20.047317,-19.929976,847.769836,-0.022446,-0.002425,0.000476,0.105000,0.315599,0.039389,83460.992188,0.899224,0.000000,0.000000,0.000000,0.000000,0.000000,0.000000,0.000000,0.000000,0.000000,-57.755852,2779.807617
23.481097,1.000000,-4607.088867,-0.190081,1542.859673,843.993225,2767.572754,306.975159,306.936859,313.002327,-16.286467,-0.015886,3.414804,-58.788269,-20.056832,-19.929211,844.807251,-0.019402,-0.002424,0.000477,0.105000,0.295099,0.053151,83460.992188,0.896763,0.000000,0.000000,0.000000,0.000000,0.000000,0.000000,0.000000,0.000000,0.000000,-57.788658,2770.043457
23.531477,1.000000,-4598.981934,-0.173893,1539.896790,841.029358,2757.842285,306.989319,307.012939,313.015467,-16.283386,-0.016822,3.427799,-58.822006,-20.066648,-19.928354,841.856567,-0.016425,-0.002424,0.000479,0.105000,0.276824,0.068444,83460.992188,0.894743,0.000000,0.000000,0.000000,0.000000,0.000000,0.000000,0.000000,0.000000,0.000000,-57.822720,2760.325684
23.582524,1.000000,-4590.716309,-0.157463,1536.892900,838.024841,2747.916016,307.005920,307.093994,313.032077,-16.279430,-0.017764,3.442028,-58.857792,-20.076901,-19.927395,838.848145,-0.013507,-0.002423,0.000480,0.105000,0.260096,0.085573,83460.992188,0.893471,0.000000,0.000000,0.000000,0.000000,0.000000,0.000000,0.000000,0.000000,0.000000,-57.858540,2750.399658
23.638454,1.000000,-4581.732910,-0.139691,1533.599543,834.730652,2737.121094,307.026794,307.185944,313.053640,-16.274040,-0.018787,3.458814,-58.897861,-20.088203,-19.926231,835.578430,-0.010577,-0.002425,0.000481,0.105000,0.243634,0.106141,83460.992188,0.892939,0.000000,0.000000,0.000000,0.000000,0.000000,0.000000,0.000000,0.000000,0.000000,-57.898888,2739.604492
23.694055,1.000000,-4572.789551,-0.122087,1530.323310,831.453796,2726.367920,307.050232,307.281158,313.078555,-16.267496,-0.019794,3.476676,-58.938412,-20.099455,-19.924967,832.323303,-0.007904,-0.002427,0.000482,0.105000,0.229001,0.127897,83460.992188,0.893088,0.000000,0.000000,0.000000,0.000000,0.000000,0.000000,0.000000,0.000000,0.000000,-57.939610,2728.851318
23.744332,1.000000,-4564.690918,-0.106222,1527.358841,828.488647,2716.624512,307.073975,307.369659,313.103826,-16.260523,-0.020691,3.493753,-58.975288,-20.109531,-19.923719,829.375671,-0.005678,-0.002429,0.000483,0.105000,0.217103,0.148191,83460.992188,0.894049,0.000000,0.000000,0.000000,0.000000,0.000000,0.000000,0.000000,0.000000,0.000000,-57.976524,2719.107666
23.795455,1.000000,-4556.498047,-0.090247,1524.342597,825.471741,2706.762451,307.100616,307.461578,313.132063,-16.252384,-0.021599,3.511918,-59.012348,-20.119485,-19.922369,826.393677,-0.003674,-0.002431,0.000484,0.105000,0.206174,0.169053,83460.992188,0.895555,0.000000,0.000000,0.000000,0.000000,0.000000,0.000000,0.000000,0.000000,0.000000,-58.013775,2709.245605
23.850964,1.000000,-4547.578125,-0.072938,1521.065449,822.193726,2696.018799,307.132385,307.563629,313.165639,-16.242327,-0.022574,3.532481,-59.052074,-20.129957,-19.920790,823.147095,-0.001723,-0.002431,0.000485,0.105000,0.195512,0.191631,83460.992188,0.898024,0.000000,0.000000,0.000000,0.000000,0.000000,0.000000,0.000000,0.000000,0.000000,-58.053539,2698.501953
23.907504,1.000000,-4538.519043,-0.055450,1517.725202,818.852722,2685.101318,307.167847,307.669128,313.202715,-16.230820,-0.023565,3.554146,-59.091312,-20.140065,-19.919079,819.849854,0.000002,-0.002425,0.000482,0.105000,0.185806,0.213842,83460.992188,0.901186,0.000000,0.000000,0.000000,0.000000,0.000000,0.000000,0.000000,0.000000,0.000000,-58.092876,2687.584473
23.958753,1.000000,-4530.302734,-0.039669,1514.695652,815.822449,2675.194580,307.202637,307.766052,313.238753,-16.219330,-0.024452,3.574282,-59.125629,-20.148689,-19.917444,816.859375,0.001358,-0.002432,0.000481,0.105000,0.177909,0.232997,83460.992188,0.904599,0.000000,0.000000,0.000000,0.000000,0.000000,0.000000,0.000000,0.000000,0.000000,-58.127209,2677.622803
24.010779,1.000000,-4521.871582,-0.023555,1511.618415,812.744446,2665.024170,307.240417,307.866913,313.278142,-16.206703,-0.025342,3.595065,-59.159313,-20.156913,-19.915686,813.790710,0.002606,-0.002437,0.000479,0.105000,0.170682,0.251201,83460.992188,0.908321,0.000000,0.000000,0.000000,0.000000,0.000000,0.000000,0.000000,0.000000,0.000000,-58.160526,2667.452393
24.061959,1.000000,-4513.638672,-0.007899,1508.589576,809.714844,2655.088623,307.280151,307.966614,313.318748,-16.193380,-0.026207,3.615757,-59.190544,-20.164294,-19.913895,810.794189,0.003594,-0.002442,0.000478,0.105000,0.164272,0.267784,83460.992188,0.912284,0.000000,0.000000,0.000000,0.000000,0.000000,0.000000,0.000000,0.000000,0.000000,-58.191616,2657.516602
24.113894,1.000000,-4505.310547,0.007860,1505.514484,806.638977,2645.033936,307.322876,308.068176,313.361963,-16.179043,-0.027067,3.636847,-59.220257,-20.171042,-19.912014,807.763000,0.004405,-0.002447,0.000477,0.105000,0.158406,0.282952,83460.992188,0.916656,0.000000,0.000000,0.000000,0.000000,0.000000,0.000000,0.000000,0.000000,0.000000,-58.221260,2647.555176
24.170045,1.000000,-4496.259277,0.024895,1502.188095,803.311768,2634.102295,307.371857,308.179016,313.411230,-16.162722,-0.027984,3.659601,-59.250229,-20.177511,-19.909904,804.468567,0.005143,-0.002451,0.000477,0.105000,0.152713,0.297192,83460.992188,0.921590,0.000000,0.000000,0.000000,0.000000,0.000000,0.000000,0.000000,0.000000,0.000000,-58.250965,2636.623779
24.225695,1.000000,-4487.956543,0.040436,1498.889814,800.012512,2624.072266,307.423187,308.281281,313.458450,-16.145807,-0.028881,3.681993,-59.275558,-20.182645,-19.907925,801.446655,0.005290,-0.002451,0.000476,0.105000,0.147670,0.309351,83460.992188,0.926557,0.000000,0.000000,0.000000,0.000000,0.000000,0.000000,0.000000,0.000000,0.000000,-58.277969,2626.593506
24.277656,1.000000,-4478.930664,0.057240,1495.808892,796.930786,2613.164795,307.473419,308.392609,313.511898,-16.129469,-0.029707,3.702589,-59.300571,-20.187310,-19.905714,798.161499,0.006015,-0.002463,0.000476,0.105000,0.143446,0.318543,83460.992188,0.931559,0.000000,0.000000,0.000000,0.000000,0.000000,0.000000,0.000000,0.000000,0.000000,-58.300819,2615.686279
24.328921,1.000000,-4470.686523,0.072503,1492.768136,793.889343,2603.199707,307.525208,308.494598,313.562529,-16.112928,-0.030509,3.722535,-59.321117,-20.190742,-19.903650,795.160889,0.006222,-0.002469,0.000476,0.105000,0.139688,0.325809,83460.992188,0.936391,0.000000,0.000000,0.000000,0.000000,0.000000,0.000000,0.000000,0.000000,0.000000,-58.321148,2605.701172
24.380162,1.000000,-4462.376953,0.087804,1489.727825,790.848083,2593.154297,307.578918,308.597443,313.615266,-16.096077,-0.031302,3.741985,-59.339539,-20.193384,-19.901554,792.136414,0.006334,-0.002474,0.000476,0.105000,0.136299,0.331091,83460.992188,0.941224,0.000000,0.000000,0.000000,0.000000,0.000000,0.000000,0.000000,0.000000,0.000000,-58.339195,2595.655762
24.431600,1.000000,-4454.158691,0.102855,1486.674960,787.794373,2583.217773,307.634888,308.699219,313.668952,-16.078947,-0.032086,3.760923,-59.355515,-20.195203,-19.899454,789.145203,0.006300,-0.002480,0.000476,0.105000,0.133229,0.334466,83460.992188,0.945983,0.000000,0.000000,0.000000,0.000000,0.000000,0.000000,0.000000,0.000000,0.000000,-58.355057,2585.719238
24.482751,1.000000,-4445.953125,0.117801,1483.638381,784.757080,2573.296143,307.692352,308.800568,313.724002,-16.061783,-0.032855,3.779102,-59.369259,-20.196244,-19.897354,786.158630,0.006185,-0.002483,0.000477,0.105000,0.130476,0.335950,83460.992188,0.950670,0.000000,0.000000,0.000000,0.000000,0.000000,0.000000,0.000000,0.000000,0.000000,-58.368599,2575.797607
24.533338,1.000000,-4437.702148,0.132747,1480.634662,781.752441,2563.319092,307.751038,308.902313,313.780713,-16.044788,-0.033603,3.796349,-59.380890,-20.196525,-19.895227,783.155518,0.006034,-0.002489,0.000477,0.105000,0.128017,0.335650,83460.992188,0.955239,0.000000,0.000000,0.000000,0.000000,0.000000,0.000000,0.000000,0.000000,0.000000,-58.379837,2565.722900
24.584174,1.000000,-4429.591797,0.147356,1477.615643,778.732544,2553.512207,307.811768,309.002106,313.837691,-16.027767,-0.034345,3.812900,-59.390251,-20.196081,-19.893148,780.203613,0.005761,-0.002494,0.000477,0.105000,0.125785,0.333687,83460.992188,0.959628,0.000000,0.000000,0.000000,0.000000,0.000000,0.000000,0.000000,0.000000,0.000000,-58.389050,2555.916260
24.639169,1.000000,-4420.635254,0.163393,1474.349171,775.465088,2542.682617,307.879364,309.112091,313.901966,-16.009521,-0.035131,3.829841,-59.398254,-20.194780,-19.890856,776.943665,0.005429,-0.002502,0.000478,0.105000,0.123614,0.329786,83460.992188,0.964236,0.000000,0.000000,0.000000,0.000000,0.000000,0.000000,0.000000,0.000000,0.000000,-58.396713,2545.086426
24.695695,1.000000,-4411.593750,0.179479,1470.991396,772.106445,2531.751709,307.950775,309.222870,313.968199,-15.991043,-0.035926,3.846156,-59.403957,-20.192646,-19.888571,773.652832,0.004992,-0.002506,0.000479,0.105000,0.121618,0.323971,83460.992188,0.968690,0.000000,0.000000,0.000000,0.000000,0.000000,0.000000,0.000000,0.000000,0.000000,-58.402210,2534.155762
24.747220,1.000000,-4403.249512,0.194235,1467.930479,769.044495,2521.664551,308.017578,309.324646,314.030338,-15.974525,-0.036639,3.860024,-59.407219,-20.189992,-19.886473,770.615784,0.004570,-0.002513,0.000479,0.105000,0.119986,0.317211,83460.992188,0.972549,0.000000,0.000000,0.000000,0.000000,0.000000,0.000000,0.000000,0.000000,0.000000,-58.405231,2524.093018
24.798310,1.000000,-4395.011230,0.208716,1464.895298,766.008423,2511.707520,308.085236,309.424927,314.092625,-15.958529,-0.037339,3.872784,-59.408646,-20.186757,-19.884443,767.617310,0.004098,-0.002516,0.000480,0.105000,0.118526,0.309280,83460.992188,0.976161,0.000000,0.000000,0.000000,0.000000,0.000000,0.000000,0.000000,0.000000,0.000000,-58.406448,2514.135986
24.849099,1.000000,-4386.846191,0.222983,1461.877983,762.990173,2501.840576,308.153809,309.524048,314.155239,-15.943052,-0.038026,3.884480,-59.408413,-20.182986,-19.882456,764.645508,0.003606,-0.002519,0.000481,0.105000,0.117216,0.300291,83460.992188,0.979506,0.000000,0.000000,0.000000,0.000000,0.000000,0.000000,0.000000,0.000000,0.000000,-58.406017,2504.269043
24.900281,1.000000,-4378.539063,0.237410,1458.837385,759.948730,2491.804688,308.224365,309.624298,314.219603,-15.927951,-0.038707,3.895242,-59.406590,-20.178616,-19.880482,761.621948,0.003075,-0.002525,0.000482,0.105000,0.116023,0.290246,83460.992188,0.982667,0.000000,0.000000,0.000000,0.000000,0.000000,0.000000,0.000000,0.000000,0.000000,-58.404011,2494.233154
24.951596,1.000000,-4370.272949,0.251677,1455.789028,756.899414,2481.820801,308.296173,309.723877,314.284323,-15.913349,-0.039376,3.905004,-59.403309,-20.173771,-19.878563,758.613342,0.002530,-0.002526,0.000483,0.105000,0.114945,0.279298,83460.992188,0.985554,0.000000,0.000000,0.000000,0.000000,0.000000,0.000000,0.000000,0.000000,0.000000,-58.400551,2484.303711
25.002381,1.000000,-4362.031250,0.265815,1452.772367,753.881775,2471.868896,308.368439,309.822968,314.349398,-15.899470,-0.040033,3.913650,-59.398701,-20.168493,-19.876694,755.613586,0.001974,-0.002529,0.000484,0.105000,0.113981,0.267721,83460.992188,0.988227,0.000000,0.000000,0.000000,0.000000,0.000000,0.000000,0.000000,0.000000,0.000000,-58.395809,2474.351807
25.054413,1.000000,-4353.731445,0.279963,1449.681918,750.790344,2461.850098,308.443542,309.922180,314.415482,-15.885885,-0.040695,3.921456,-59.392822,-20.162761,-19.874865,752.592712,0.001422,-0.002532,0.000485,0.105000,0.113091,0.255233,83460.992188,0.990635,0.000000,0.000000,0.000000,0.000000,0.000000,0.000000,0.000000,0.000000,0.000000,-58.389706,2464.332764
25.107328,1.000000,-4345.165039,0.294470,1446.539381,747.646851,2451.513184,308.521240,310.024414,314.484117,-15.872747,-0.041355,3.928334,-59.385593,-20.156458,-19.873043,749.474792,0.000829,-0.002536,0.000486,0.105000,0.112276,0.241999,83460.992188,0.992878,0.000000,0.000000,0.000000,0.000000,0.000000,0.000000,0.000000,0.000000,0.000000,-58.382347,2453.995850
25.159343,1.000000,-4336.753418,0.308623,1443.450701,744.557129,2441.365723,308.598572,310.124451,314.551921,-15.860532,-0.041992,3.934057,-59.377457,-20.149924,-19.871305,746.413208,0.000258,-0.002538,0.000487,0.105000,0.111555,0.228562,83460.992188,0.994821,0.000000,0.000000,0.000000,0.000000,0.000000,0.000000,0.000000,0.000000,0.000000,-58.374092,2443.713379
25.210649,1.000000,-4328.445801,0.322510,1440.404567,741.509949,2431.348145,308.675842,310.222961,314.619222,-15.849170,-0.042613,3.938720,-59.368523,-20.143173,-19.869663,743.389465,-0.000312,-0.002541,0.000488,0.105000,0.110914,0.214992,83460.992188,0.996513,0.000000,0.000000,0.000000,0.000000,0.000000,0.000000,0.000000,0.000000,0.000000,-58.365063,2433.695801
25.261616,1.000000,-4320.206055,0.336192,1437.379039,738.483459,2421.416504,308.753662,310.320374,314.686196,-15.838585,-0.043221,3.942405,-59.358894,-20.136227,-19.868103,740.390442,-0.000868,-0.002542,0.000489,0.105000,0.110339,0.201310,83460.992188,0.997933,0.000000,0.000000,0.000000,0.000000,0.000000,0.000000,0.000000,0.000000,0.000000,-58.355343,2423.763916
25.311996,1.000000,-4312.033691,0.349676,1434.388860,735.492310,2411.569092,308.831390,310.416809,314.752724,-15.828804,-0.043815,3.945158,-59.348690,-20.129129,-19.866610,737.415955,-0.001404,-0.002544,0.000490,0.105000,0.109826,0.187668,83460.992188,0.999164,0.000000,0.000000,0.000000,0.000000,0.000000,0.000000,0.000000,0.000000,0.000000,-58.345089,2413.916504
25.363145,1.000000,-4303.832031,0.363117,1431.353582,732.455994,2401.690674,308.911133,310.513184,314.819580,-15.819576,-0.044411,3.947089,-59.337910,-20.121835,-19.865187,734.430786,-0.001905,-0.002543,0.000492,0.105000,0.109355,0.173815,83460.992188,1.000140,0.000000,0.000000,0.000000,0.000000,0.000000,0.000000,0.000000,0.000000,0.000000,-58.334152,2404.019775
25.419177,1.000000,-4294.747070,0.377901,1428.029196,729.130432,2390.753174,308.999512,310.619629,314.893672,-15.810287,-0.045051,3.948234,-59.325508,-20.113613,-19.863693,731.124146,-0.002484,-0.002546,0.000493,0.105000,0.108892,0.158866,83460.992188,1.001030,0.000000,0.000000,0.000000,0.000000,0.000000,0.000000,0.000000,0.000000,0.000000,-58.321712,2393.082275
25.470509,1.000000,-4286.481934,0.391255,1424.984282,726.084412,2380.806885,309.081207,310.716339,314.961091,-15.802512,-0.045629,3.948427,-59.313816,-20.106007,-19.862408,728.115906,-0.002957,-0.002546,0.000494,0.105000,0.108511,0.145153,83460.992188,1.001620,0.000000,0.000000,0.000000,0.000000,0.000000,0.000000,0.000000,0.000000,0.000000,-58.309917,2383.135986
25.521734,1.000000,-4278.211914,0.404528,1421.946324,723.045410,2370.859131,309.163452,310.813019,315.028569,-15.795437,-0.046204,3.947863,-59.301865,-20.098319,-19.861197,725.105835,-0.003424,-0.002549,0.000496,0.105000,0.108168,0.131695,83460.992188,1.002057,0.000000,0.000000,0.000000,0.000000,0.000000,0.000000,0.000000,0.000000,0.000000,-58.297901,2373.188477
25.578678,1.000000,-4269.060547,0.419108,1418.569924,719.678833,2359.855713,309.255920,310.918945,315.103018,-15.788378,-0.046832,3.946400,-59.288475,-20.089776,-19.859934,721.775024,-0.003908,-0.002551,0.000497,0.105000,0.107826,0.117236,83460.992188,1.002094,0.000000,0.000000,0.000000,0.000000,0.000000,0.000000,0.000000,0.000000,0.000000,-58.284405,2362.212891
25.631719,1.000000,-4260.382324,0.432832,1415.425638,716.542969,2349.426025,309.342773,311.020569,315.173580,-15.782535,-0.047411,3.944270,-59.275669,-20.081646,-19.858820,718.616394,-0.004391,-0.002553,0.000499,0.105000,0.107540,0.103971,83460.992188,1.002376,0.000000,0.000000,0.000000,0.000000,0.000000,0.000000,0.000000,0.000000,0.000000,-58.271706,2351.783203
25.682329,1.000000,-4252.125488,0.445796,1412.426090,713.551514,2339.507324,309.426453,311.116547,315.240495,-15.777603,-0.047961,3.941600,-59.263443,-20.073913,-19.857840,715.611145,-0.004818,-0.002556,0.000500,0.105000,0.107295,0.091611,83460.992188,1.002332,0.000000,0.000000,0.000000,0.000000,0.000000,0.000000,0.000000,0.000000,0.000000,-58.259567,2341.864502
25.733858,1.000000,-4243.839844,0.458714,1409.372704,710.506226,2329.558105,309.512207,311.212433,315.307439,-15.773208,-0.048510,3.938301,-59.251244,-20.066190,-19.856926,712.595398,-0.005177,-0.002558,0.000502,0.105000,0.107070,0.079473,83460.992188,1.002000,0.000000,0.000000,0.000000,0.000000,0.000000,0.000000,0.000000,0.000000,0.000000,-58.247295,2331.915283
25.785169,1.000000,-4235.487305,0.471645,1406.332860,707.474609,2319.533203,309.598297,311.309601,315.374710,-15.769439,-0.049047,3.934463,-59.239098,-20.058466,-19.856081,709.555359,-0.005560,-0.002559,0.000503,0.105000,0.106867,0.067848,83460.992188,1.001668,0.000000,0.000000,0.000000,0.000000,0.000000,0.000000,0.000000,0.000000,0.000000,-58.235218,2321.903076
25.835696,1.000000,-4227.307129,0.484220,1403.340063,704.489868,2309.719238,309.683716,311.404358,315.440260,-15.766308,-0.049573,3.930182,-59.227371,-20.050977,-19.855330,706.578003,-0.005896,-0.002561,0.000505,0.105000,0.106687,0.056843,83460.992188,1.001144,0.000000,0.000000,0.000000,0.000000,0.000000,0.000000,0.000000,0.000000,0.000000,-58.223511,2312.089111
25.886592,1.000000,-4219.083496,0.496774,1400.326001,701.483887,2299.856445,309.770325,311.499664,315.505840,-15.763700,-0.050091,3.925420,-59.215832,-20.043546,-19.854628,703.584839,-0.006191,-0.002562,0.000507,0.105000,0.106523,0.046269,83460.992188,1.000583,0.000000,0.000000,0.000000,0.000000,0.000000,0.000000,0.000000,0.000000,0.000000,-58.211964,2302.226318
25.937791,1.000000,-4210.819824,0.509299,1397.294581,698.460510,2289.950439,309.857971,311.595306,315.571479,-15.761608,-0.050610,3.920213,-59.204525,-20.036187,-19.854004,700.577148,-0.006475,-0.002564,0.000509,0.105000,0.106375,0.036151,83460.992188,0.999906,0.000000,0.000000,0.000000,0.000000,0.000000,0.000000,0.000000,0.000000,0.000000,-58.200645,2292.320313
25.989814,1.000000,-4202.388184,0.521987,1394.214956,695.389099,2279.846924,309.947723,311.692749,315.638126,-15.759995,-0.051130,3.914534,-59.193329,-20.028806,-19.853432,697.508240,-0.006756,-0.002567,0.000510,0.105000,0.106238,0.026425,83460.992188,0.999091,0.000000,0.000000,0.000000,0.000000,0.000000,0.000000,0.000000,0.000000,0.000000,-58.189495,2282.329834
26.042351,1.000000,-4193.855469,0.534732,1391.105482,692.287903,2269.626709,310.038849,311.791168,315.705160,-15.758866,-0.051649,3.908446,-59.182400,-20.021487,-19.852934,694.402588,-0.007032,-0.002567,0.000512,0.105000,0.106115,0.017166,83460.992188,0.998187,0.000000,0.000000,0.000000,0.000000,0.000000,0.000000,0.000000,0.000000,0.000000,-58.178635,2272.109619
26.095659,1.000000,-4185.184570,0.547587,1387.950946,689.141785,2259.244385,310.131958,311.891266,315.772934,-15.758197,-0.052172,3.901959,-59.171734,-20.014210,-19.852484,691.246643,-0.007286,-0.002568,0.000514,0.105000,0.106001,0.008345,83460.992188,0.997271,0.000000,0.000000,0.000000,0.000000,0.000000,0.000000,0.000000,0.000000,0.000000,-58.168056,2261.727295
26.147150,1.000000,-4176.842773,0.559861,1384.904456,686.103455,2249.260742,310.222412,311.987946,315.837743,-15.757992,-0.052669,3.895404,-59.161903,-20.007369,-19.852127,688.210510,-0.007496,-0.002570,0.000516,0.105000,0.105903,0.000282,83460.992188,0.996431,0.000000,0.000000,0.000000,0.000000,0.000000,0.000000,0.000000,0.000000,0.000000,-58.158260,2251.859131
26.202612,1.000000,-4167.805664,0.573058,1381.623568,682.831299,2238.448730,310.320374,312.092407,315.907505,-15.758214,-0.053196,3.888085,-59.151752,-20.000141,-19.851810,684.921265,-0.007720,-0.002569,0.000518,0.105000,0.105808,-0.007862,83460.992188,0.995399,0.000000,0.000000,0.000000,0.000000,0.000000,0.000000,0.000000,0.000000,0.000000,-58.148216,2241.047363
26.253109,1.000000,-4159.759277,0.584720,1378.636859,679.852539,2228.825439,310.410187,312.184937,315.969199,-15.758798,-0.053673,3.881222,-59.143200,-19.993883,-19.851583,681.992615,-0.007823,-0.002570,0.000520,0.105000,0.105730,-0.014718,83460.992188,0.994301,0.000000,0.000000,0.000000,0.000000,0.000000,0.000000,0.000000,0.000000,0.000000,-58.139576,2231.424072
26.309358,1.000000,-4150.575195,0.597929,1375.310438,676.534973,2217.846191,310.510712,312.290466,316.039228,-15.759832,-0.054196,3.873399,-59.134014,-19.986945,-19.851404,678.649841,-0.008030,-0.002571,0.000522,0.105000,0.105652,-0.021745,83460.992188,0.993024,0.000000,0.000000,0.000000,0.000000,0.000000,0.000000,0.000000,0.000000,0.000000,-58.130531,2220.444580
26.361524,1.000000,-4142.039551,0.610108,1372.225915,673.458679,2207.645264,310.604309,312.388794,316.103770,-15.761126,-0.054674,3.866017,-59.126053,-19.980709,-19.851294,675.543152,-0.008207,-0.002570,0.000524,0.105000,0.105588,-0.027690,83460.992188,0.991965,0.000000,0.000000,0.000000,0.000000,0.000000,0.000000,0.000000,0.000000,0.000000,-58.122704,2210.356445
26.413527,1.000000,-4133.618652,0.622031,1369.151422,670.392212,2197.584717,310.698029,312.485229,316.167066,-15.762720,-0.055145,3.858539,-59.118717,-19.974743,-19.851242,672.478210,-0.008332,-0.002571,0.000526,0.105000,0.105529,-0.033147,83460.992188,0.990675,0.000000,0.000000,0.000000,0.000000,0.000000,0.000000,0.000000,0.000000,0.000000,-58.115433,2200.296143
26.466614,1.000000,-4125.020996,0.634112,1366.013216,667.262390,2187.316650,310.794128,312.584747,316.231370,-15.764624,-0.055620,3.850821,-59.111801,-19.968851,-19.851248,669.348877,-0.008448,-0.002571,0.000528,0.105000,0.105476,-0.038232,83460.992188,0.989693,0.000000,0.000000,0.000000,0.000000,0.000000,0.000000,0.000000,0.000000,0.000000,-58.108562,2190.027832
26.521437,1.000000,-4116.136230,0.646499,1362.772754,664.030457,2176.708984,310.893890,312.686707,316.297336,-15.766854,-0.056101,3.842809,-59.105244,-19.962976,-19.851311,666.115112,-0.008558,-0.002570,0.000530,0.105000,0.105426,-0.042973,83460.992188,0.988433,0.000000,0.000000,0.000000,0.000000,0.000000,0.000000,0.000000,0.000000,0.000000,-58.102081,2179.420166
26.573488,1.000000,-4107.667480,0.658213,1359.696452,660.962280,2166.601074,310.988953,312.784302,316.359742,-15.769202,-0.056554,3.835163,-59.099545,-19.957576,-19.851425,663.032715,-0.008651,-0.002571,0.000532,0.105000,0.105384,-0.047130,83460.992188,0.987356,0.000000,0.000000,0.000000,0.000000,0.000000,0.000000,0.000000,0.000000,0.000000,-58.096466,2169.370850
26.624079,1.000000,-4099.520020,0.669398,1356.706705,657.980408,2156.879395,311.081696,312.877808,316.419449,-15.771688,-0.056984,3.827708,-59.094547,-19.952553,-19.851578,660.067322,-0.008698,-0.002570,0.000534,0.105000,0.105347,-0.050806,83460.992188,0.986159,0.000000,0.000000,0.000000,0.000000,0.000000,0.000000,0.000000,0.000000,0.000000,-58.091511,2159.649170
26.677016,1.000000,-4090.772461,0.681313,1353.578572,654.860596,2146.444824,311.179047,312.978455,316.483012,-15.774471,-0.057428,3.819936,-59.089783,-19.947380,-19.851799,656.883484,-0.008829,-0.002570,0.000535,0.105000,0.105312,-0.054162,83460.992188,0.985062,0.000000,0.000000,0.000000,0.000000,0.000000,0.000000,0.000000,0.000000,0.000000,-58.086906,2149.214600
26.730260,1.000000,-4082.128662,0.692993,1350.432528,651.722778,2136.136719,311.277283,313.077545,316.545359,-15.777441,-0.057863,3.812143,-59.085621,-19.942467,-19.852064,653.737366,-0.008889,-0.002568,0.000537,0.105000,0.105280,-0.057182,83460.992188,0.983890,0.000000,0.000000,0.000000,0.000000,0.000000,0.000000,0.000000,0.000000,0.000000,-58.082821,2138.906494
26.786398,1.000000,-4072.985596,0.705244,1347.115706,648.414734,2125.236328,311.381226,313.182861,316.610909,-15.780735,-0.058312,3.803970,-59.081799,-19.937476,-19.852392,650.409546,-0.008944,-0.002565,0.000539,0.105000,0.105250,-0.060064,83460.992188,0.982796,0.000000,0.000000,0.000000,0.000000,0.000000,0.000000,0.000000,0.000000,0.000000,-58.079086,2128.220703
26.837592,1.000000,-4064.732178,0.716214,1344.091160,645.398132,2115.398926,311.476227,313.277405,316.669607,-15.783865,-0.058719,3.796582,-59.078873,-19.933162,-19.852730,647.405579,-0.008958,-0.002563,0.000541,0.105000,0.105226,-0.062324,83460.992188,0.981680,0.000000,0.000000,0.000000,0.000000,0.000000,0.000000,0.000000,0.000000,0.000000,-58.076221,2118.383057
26.888846,1.000000,-4056.393555,0.727211,1341.063204,642.378174,2105.462402,311.571411,313.372864,316.728603,-15.787112,-0.059122,3.789247,-59.076416,-19.928978,-19.853115,644.370544,-0.009000,-0.002562,0.000543,0.105000,0.105204,-0.064272,83460.992188,0.980590,0.000000,0.000000,0.000000,0.000000,0.000000,0.000000,0.000000,0.000000,0.000000,-58.073849,2108.446777
26.939596,1.000000,-4048.078369,0.738090,1338.065131,639.387939,2095.555908,311.666046,313.468475,316.787034,-15.790423,-0.059515,3.782056,-59.074440,-19.924977,-19.853531,641.344055,-0.009049,-0.002563,0.000544,0.105000,0.105184,-0.065947,83460.992188,0.979650,0.000000,0.000000,0.000000,0.000000,0.000000,0.000000,0.000000,0.000000,0.000000,-58.071964,2098.540039
26.990108,1.000000,-4039.854492,0.748765,1335.081202,636.411743,2085.760254,311.760468,313.562683,316.844487,-15.793800,-0.059900,3.774977,-59.072933,-19.921180,-19.853983,638.350830,-0.009080,-0.002564,0.000546,0.105000,0.105166,-0.067386,83460.992188,0.978655,0.000000,0.000000,0.000000,0.000000,0.000000,0.000000,0.000000,0.000000,0.000000,-58.070538,2088.816406
27.040614,1.000000,-4031.731445,0.759227,1332.097689,633.436035,2076.086670,311.855042,313.655823,316.900872,-15.797236,-0.060274,3.767994,-59.071877,-19.917586,-19.854456,635.394287,-0.009069,-0.002561,0.000547,0.105000,0.105150,-0.068613,83460.992188,0.977727,0.000000,0.000000,0.000000,0.000000,0.000000,0.000000,0.000000,0.000000,0.000000,-58.069546,2079.142578
27.090751,1.000000,-4023.516113,0.769725,1329.136013,630.482117,2066.305420,311.949188,313.749878,316.957583,-15.800699,-0.060641,3.761162,-59.071236,-19.914104,-19.854975,632.404175,-0.009110,-0.002560,0.000549,0.105000,0.105136,-0.069629,83460.992188,0.976811,0.000000,0.000000,0.000000,0.000000,0.000000,0.000000,0.000000,0.000000,0.000000,-58.068989,2069.361328
27.141532,1.000000,-4015.214844,0.780250,1326.136313,627.490295,2056.423096,312.044617,313.844879,317.014532,-15.804261,-0.061002,3.754339,-59.071011,-19.910738,-19.855522,629.382751,-0.009134,-0.002559,0.000551,0.105000,0.105123,-0.070468,83460.992188,0.975902,0.000000,0.000000,0.000000,0.000000,0.000000,0.000000,0.000000,0.000000,0.000000,-58.068844,2059.479004
27.192746,1.000000,-4006.927490,0.790673,1323.111033,624.472900,2046.559448,312.140930,313.939545,317.071035,-15.807888,-0.061364,3.747568,-59.071190,-19.907524,-19.856102,626.366394,-0.009134,-0.002557,0.000552,0.105000,0.105111,-0.071148,83460.992188,0.974999,0.000000,0.000000,0.000000,0.000000,0.000000,0.000000,0.000000,0.000000,0.000000,-58.069103,2049.689941
27.245370,1.000000,-3998.302002,0.801431,1320.002438,621.372375,2036.295166,312.240082,314.038330,317.129526,-15.811643,-0.061728,3.740729,-59.071804,-19.904331,-19.856737,623.226990,-0.009168,-0.002558,0.000554,0.105000,0.105100,-0.071658,83460.992188,0.974156,0.000000,0.000000,0.000000,0.000000,0.000000,0.000000,0.000000,0.000000,0.000000,-58.069786,2039.425659
27.295968,1.000000,-3990.048828,0.811641,1317.013481,618.391113,2026.475586,312.335602,314.132690,317.185140,-15.815278,-0.062074,3.734266,-59.072750,-19.901409,-19.857370,620.223022,-0.009180,-0.002556,0.000555,0.105000,0.105090,-0.072077,83460.992188,0.973352,0.000000,0.000000,0.000000,0.000000,0.000000,0.000000,0.000000,0.000000,0.000000,-58.070808,2029.605957
27.346389,1.000000,-3981.869385,0.821677,1314.034920,615.420349,2016.745361,312.430847,314.226074,317.239924,-15.818922,-0.062409,3.727932,-59.074043,-19.898643,-19.858027,617.245972,-0.009179,-0.002556,0.000557,0.105000,0.105081,-0.072376,83460.992188,0.972563,0.000000,0.000000,0.000000,0.000000,0.000000,0.000000,0.000000,0.000000,0.000000,-58.072182,2019.875732
27.402209,1.000000,-3972.758057,0.832761,1310.737329,612.131287,2005.907959,312.536377,314.330231,317.300639,-15.822969,-0.062774,3.721042,-59.075878,-19.895704,-19.858782,613.929749,-0.009192,-0.002553,0.000559,0.105000,0.105073,-0.072593,83460.992188,0.971770,0.000000,0.000000,0.000000,0.000000,0.000000,0.000000,0.000000,0.000000,0.000000,-58.074093,2009.075195
27.458225,2.000000,-3963.634521,0.843759,1307.428042,608.830627,1995.057861,312.642426,314.434448,317.361117,-15.827031,-0.063133,3.714276,-59.078121,-19.892906,-19.859568,610.609009,-0.009200,-0.002553,0.000560,0.105000,0.105065,-0.072707,83460.992188,0.970984,0.000000,0.000000,0.000000,0.000000,0.000000,0.000000,0.000000,0.000000,0.000000,-58.076416,1998.224976
27.513108,2.000000,-3955.270508,0.853754,1304.185553,605.596497,1985.112427,312.746429,314.530212,317.416346,-15.831022,-0.063468,3.707767,-59.080521,-19.890461,-19.860312,607.564758,-0.009064,-0.002545,0.000562,0.105000,0.105058,-0.072709,83460.992188,0.970260,0.000000,0.000000,0.000000,0.000000,0.000000,0.000000,0.000000,0.000000,0.000000,-58.079067,1988.279663
27.566331,2.000000,-3946.063232,0.864660,1301.040991,602.460083,1974.165771,312.847321,314.635437,317.476764,-15.834886,-0.063793,3.701590,-59.083527,-19.887905,-19.861156,604.213623,-0.009220,-0.002544,0.000563,0.105000,0.105052,-0.072598,83460.992188,0.969546,0.000000,0.000000,0.000000,0.000000,0.000000,0.000000,0.000000,0.000000,0.000000,-58.081993,1977.503174
27.618936,2.000000,-3937.423340,0.874802,1297.932783,599.359802,1963.895020,312.947083,314.734406,317.533090,-15.838702,-0.064101,3.695590,-59.086651,-19.885623,-19.861971,601.068970,-0.009245,-0.002540,0.000564,0.105000,0.105047,-0.072519,83460.992188,0.968930,0.000000,0.000000,0.000000,0.000000,0.000000,0.000000,0.000000,0.000000,0.000000,-58.085163,1967.232544
27.670493,2.000000,-3929.010010,0.884592,1294.886329,596.321289,1953.894775,313.044800,314.830658,317.587725,-15.842439,-0.064390,3.689818,-59.089966,-19.883498,-19.862783,598.006714,-0.009255,-0.002536,0.000566,0.105000,0.105043,-0.072431,83460.992188,0.968337,0.000000,0.000000,0.000000,0.000000,0.000000,0.000000,0.000000,0.000000,0.000000,-58.088547,1957.232300
27.726378,2.000000,-3919.914551,0.895080,1291.583933,593.027405,1943.084961,313.150848,314.934387,317.646394,-15.846487,-0.064701,3.683686,-59.093876,-19.881325,-19.863682,594.696289,-0.009263,-0.002533,0.000567,0.105000,0.105038,-0.072226,83460.992188,0.967686,0.000000,0.000000,0.000000,0.000000,0.000000,0.000000,0.000000,0.000000,0.000000,-58.092541,1946.422363
27.778608,2.000000,-3911.424072,0.904782,1288.497314,589.948669,1932.995361,313.249878,315.031494,317.700970,-15.850257,-0.064977,3.678055,-59.097775,-19.879386,-19.864542,591.605957,-0.009268,-0.002529,0.000568,0.105000,0.105034,-0.072090,83460.992188,0.967155,0.000000,0.000000,0.000000,0.000000,0.000000,0.000000,0.000000,0.000000,0.000000,-58.096523,1936.495483
27.833368,2.000000,-3902.417725,0.914979,1285.260951,586.720642,1922.293945,313.353760,315.134186,317.758541,-15.854197,-0.065266,3.672271,-59.102203,-19.877440,-19.865473,588.327942,-0.009300,-0.002525,0.000569,0.105000,0.105031,-0.071875,83460.992188,0.966595,0.000000,0.000000,0.000000,0.000000,0.000000,0.000000,0.000000,0.000000,0.000000,-58.100990,1925.794067
27.885241,2.000000,-3893.971680,0.924454,1282.194983,583.720886,1912.259399,313.452179,315.230347,317.812227,-15.857921,-0.065529,3.666888,-59.106579,-19.875701,-19.866364,585.253845,-0.009305,-0.002524,0.000570,0.105000,0.105028,-0.071724,83460.992188,0.966061,0.000000,0.000000,0.000000,0.000000,0.000000,0.000000,0.000000,0.000000,0.000000,-58.105446,1915.759521
27.936473,2.000000,-3885.599854,0.933762,1279.166670,580.638672,1902.313843,313.549286,315.325653,317.865231,-15.861595,-0.065781,3.661658,-59.111145,-19.874061,-19.867262,582.206726,-0.009320,-0.002520,0.000571,0.105000,0.105025,-0.071563,83460.992188,0.965563,0.000000,0.000000,0.000000,0.000000,0.000000,0.000000,0.000000,0.000000,0.000000,-58.110073,1905.813965
27.991427,2.000000,-3876.620117,0.943654,1275.918083,577.187683,1891.646851,313.653381,315.428009,317.921883,-15.865526,-0.066041,3.656139,-59.116268,-19.872384,-19.868237,578.938354,-0.009331,-0.002516,0.000572,0.105000,0.105022,-0.071421,83460.992188,0.965079,0.000000,0.000000,0.000000,0.000000,0.000000,0.000000,0.000000,0.000000,0.000000,-58.115261,1895.423584
28.043340,2.000000,-3868.277588,0.952759,1272.848998,574.077942,1881.737793,313.751831,315.522644,317.974175,-15.869228,-0.066282,3.651025,-59.121250,-19.870916,-19.869158,575.901917,-0.009315,-0.002513,0.000573,0.105000,0.105020,-0.071242,83460.992188,0.964597,0.000000,0.000000,0.000000,0.000000,0.000000,0.000000,0.000000,0.000000,0.000000,-58.120392,1885.514526
28.098439,2.000000,-3859.180908,0.962591,1269.591260,570.777100,1870.933838,313.856384,315.625732,318.030945,-15.873151,-0.066522,3.645692,-59.126907,-19.869398,-19.870178,572.591003,-0.009360,-0.002509,0.000574,0.105000,0.105018,-0.070993,83460.992188,0.964110,0.000000,0.000000,0.000000,0.000000,0.000000,0.000000,0.000000,0.000000,0.000000,-58.126068,1874.710693
28.150505,2.000000,-3850.705566,0.971663,1266.512557,567.657532,1860.868530,313.955231,315.722107,318.083623,-15.876847,-0.066745,3.640736,-59.132385,-19.868062,-19.871141,569.506226,-0.009379,-0.002505,0.000575,0.105000,0.105016,-0.070773,83460.992188,0.963743,0.000000,0.000000,0.000000,0.000000,0.000000,0.000000,0.000000,0.000000,0.000000,-58.131626,1864.645386
28.205951,2.000000,-3841.674072,0.981237,1263.233669,564.335083,1850.143677,314.060364,315.824402,318.139652,-15.880757,-0.066973,3.635551,-59.138412,-19.866703,-19.872181,566.219055,-0.009408,-0.002500,0.000576,0.105000,0.105015,-0.070564,83460.992188,0.963317,0.000000,0.000000,0.000000,0.000000,0.000000,0.000000,0.000000,0.000000,0.000000,-58.137745,1852.582520
28.257167,2.000000,-3833.255371,0.990075,1260.204631,561.265808,1840.147461,314.157227,315.920197,318.191617,-15.884376,-0.067177,3.630805,-59.144157,-19.865491,-19.873165,563.154907,-0.009436,-0.002495,0.000577,0.105000,0.105013,-0.070559,83460.992188,0.962966,0.000000,0.000000,0.000000,0.000000,0.000000,0.000000,0.000000,0.000000,0.000000,-58.143520,1842.586304
28.311019,2.000000,-3824.434814,0.999248,1257.019370,558.162231,1829.674316,314.259094,316.019958,318.245867,-15.888173,-0.067384,3.625897,-59.150364,-19.864291,-19.874203,559.944458,-0.009461,-0.002491,0.000578,0.105000,0.105012,-0.070515,83460.992188,0.962560,0.000000,0.000000,0.000000,0.000000,0.000000,0.000000,0.000000,0.000000,0.000000,-58.149784,1832.113281
28.364752,2.000000,-3815.638672,1.008304,1253.840809,555.032715,1819.230835,314.360474,316.119232,318.299731,-15.891964,-0.067579,3.621065,-59.156734,-19.863164,-19.875246,556.742920,-0.009482,-0.002487,0.000579,0.105000,0.105011,-0.070490,83460.992188,0.962120,0.000000,0.000000,0.000000,0.000000,0.000000,0.000000,0.000000,0.000000,0.000000,-58.156216,1821.669800
28.419034,2.000000,-3806.909668,1.017201,1250.629419,551.870850,1808.867920,314.462982,316.217896,318.352942,-15.895793,-0.067772,3.616247,-59.163219,-19.862110,-19.876297,553.565857,-0.009479,-0.002482,0.000579,0.105000,0.105009,-0.070476,83460.992188,0.961751,0.000000,0.000000,0.000000,0.000000,0.000000,0.000000,0.000000,0.000000,0.000000,-58.162880,1811.463745
28.473439,2.000000,-3798.091064,1.026098,1247.410388,548.701477,1798.399170,314.565582,316.317535,318.406479,-15.899632,-0.067958,3.611481,-59.169918,-19.861104,-19.877367,550.356140,-0.009492,-0.002477,0.000580,0.105000,0.105008,-0.070477,83460.992188,0.961407,0.000000,0.000000,0.000000,0.000000,0.000000,0.000000,0.000000,0.000000,0.000000,-58.169716,1800.994995
28.529758,2.000000,-3788.771973,1.035401,1244.077714,545.420227,1787.336914,314.671722,316.422638,318.462864,-15.903606,-0.068135,3.606615,-59.177200,-19.860116,-19.878508,546.964294,-0.009541,-0.002472,0.000581,0.105000,0.105008,-0.070461,83460.992188,0.961034,0.000000,0.000000,0.000000,0.000000,0.000000,0.000000,0.000000,0.000000,0.000000,-58.176987,1789.932861
28.585394,2.000000,-3779.677490,1.044383,1240.785054,542.178284,1776.541870,314.776428,316.525452,318.517737,-15.907529,-0.068301,3.601866,-59.184444,-19.859203,-19.879629,543.654175,-0.009570,-0.002467,0.000582,0.105000,0.105007,-0.070506,83460.992188,0.960721,0.000000,0.000000,0.000000,0.000000,0.000000,0.000000,0.000000,0.000000,0.000000,-58.184307,1779.815063
28.637726,2.000000,-3771.030029,1.052834,1237.687559,539.128479,1766.277710,314.874969,316.623108,318.569673,-15.911225,-0.068450,3.597449,-59.191467,-19.858390,-19.880701,540.506714,-0.009607,-0.002462,0.000582,0.105000,0.105006,-0.070604,83460.992188,0.960416,0.000000,0.000000,0.000000,0.000000,0.000000,0.000000,0.000000,0.000000,0.000000,-58.191326,1769.550903
28.691890,2.000000,-3762.210205,1.061364,1234.481241,535.971619,1755.809326,314.976868,316.722382,318.622380,-15.915053,-0.068594,3.592925,-59.198769,-19.857619,-19.881800,537.296570,-0.009621,-0.002456,0.000583,0.105000,0.105005,-0.070694,83460.992188,0.960102,0.000000,0.000000,0.000000,0.000000,0.000000,0.000000,0.000000,0.000000,0.000000,-58.198734,1759.082520
28.746125,2.000000,-3753.416992,1.069778,1231.270317,532.810181,1745.373291,315.078766,316.821106,318.674879,-15.918894,-0.068729,3.588443,-59.206188,-19.856898,-19.882908,534.096130,-0.009638,-0.002451,0.000583,0.105000,0.105005,-0.070807,83460.992188,0.959757,0.000000,0.000000,0.000000,0.000000,0.000000,0.000000,0.000000,0.000000,0.000000,-58.206299,1748.646484
28.800114,2.000000,-3744.459961,1.078258,1228.073549,529.662659,1734.743042,315.180176,316.921967,318.728002,-15.922724,-0.068856,3.584031,-59.213882,-19.856225,-19.884041,530.835999,-0.009683,-0.002445,0.000584,0.105000,0.105004,-0.070923,83460.992188,0.959484,0.000000,0.000000,0.000000,0.000000,0.000000,0.000000,0.000000,0.000000,0.000000,-58.213959,1738.567261
28.852236,2.000000,-3735.927246,1.086250,1224.986936,526.623352,1724.616821,315.277893,317.017975,318.778484,-15.926422,-0.068975,3.579817,-59.221329,-19.855628,-19.885124,527.730347,-0.009705,-0.002440,0.000584,0.105000,0.105004,-0.071077,83460.992188,0.959212,0.000000,0.000000,0.000000,0.000000,0.000000,0.000000,0.000000,0.000000,0.000000,-58.221474,1728.441040
28.903732,2.000000,-3727.511230,1.094052,1221.937010,523.620300,1714.629517,315.374359,317.112366,318.828195,-15.930090,-0.069079,3.575676,-59.228783,-19.855077,-19.886202,524.667175,-0.009731,-0.002435,0.000585,0.105000,0.105004,-0.071237,83460.992188,0.958922,0.000000,0.000000,0.000000,0.000000,0.000000,0.000000,0.000000,0.000000,0.000000,-58.229015,1718.453735
28.954588,2.000000,-3719.138916,1.101733,1218.924607,520.654053,1704.694214,315.469543,317.206360,318.877403,-15.933721,-0.069178,3.571628,-59.236305,-19.854577,-19.887274,521.619934,-0.009760,-0.002432,0.000585,0.105000,0.105003,-0.071409,83460.992188,0.958668,0.000000,0.000000,0.000000,0.000000,0.000000,0.000000,0.000000,0.000000,0.000000,-58.236561,1708.518433
29.011501,2.000000,-3710.647705,1.109442,1215.552966,517.334229,1694.618042,315.576080,317.300995,318.927144,-15.937788,-0.069284,3.567143,-59.244049,-19.854115,-19.888367,518.529358,-0.009658,-0.002426,0.000586,0.105000,0.105003,-0.071580,83460.992188,0.958308,0.000000,0.000000,0.000000,0.000000,0.000000,0.000000,0.000000,0.000000,0.000000,-58.245155,1699.039917
29.063777,2.000000,-3701.264648,1.117866,1212.455187,514.283936,1683.482666,315.673767,317.408264,318.971368,-15.939985,-0.069450,3.572520,-59.270378,-19.859710,-19.824968,515.119507,0.035787,-0.002243,0.000645,0.105000,0.105003,0.015483,83460.992188,0.867330,0.000000,0.000000,0.000000,0.000000,0.000000,0.000000,0.000000,0.000000,0.000000,-58.276203,1687.904541
29.115767,2.000000,-3692.739990,1.125445,1209.371582,511.247559,1673.357544,315.770691,317.504974,318.982046,-15.933043,-0.069672,3.600334,-59.336056,-19.879380,-19.759521,512.033081,0.069450,-0.002198,0.000712,0.105000,0.105002,0.254063,83460.992188,0.811052,0.000000,0.000000,0.000000,0.000000,0.000000,0.000000,0.000000,0.000000,0.000000,-58.345272,1677.779297
29.167186,2.000000,-3684.320801,1.132870,1206.317785,508.240417,1663.343262,315.866150,317.599274,318.977626,-15.911603,-0.069877,3.648458,-59.420048,-19.905565,-19.694061,508.995667,0.094065,-0.002166,0.000767,0.105000,0.105002,0.567986,83460.992188,0.791105,0.000000,0.000000,0.000000,0.000000,0.000000,0.000000,0.000000,0.000000,0.000000,-58.430683,1667.765137
29.217459,2.000000,-3676.098633,1.140065,1203.327674,505.296021,1653.546997,315.958923,317.690704,318.968253,-15.874018,-0.070060,3.713532,-59.506996,-19.932940,-19.629299,506.039673,0.112099,-0.002134,0.000812,0.105000,0.105002,0.907938,83460.992188,0.791486,0.000000,0.000000,0.000000,0.000000,0.000000,0.000000,0.000000,0.000000,0.000000,-58.517979,1658.603882
29.268962,2.000000,-3667.742920,1.147319,1200.259977,502.275146,1643.574829,316.052887,317.782135,318.959948,-15.817556,-0.070223,3.796435,-59.591179,-19.959392,-19.562641,503.046112,0.125608,-0.002105,0.000849,0.105000,0.105002,1.261648,83460.992188,0.807952,0.000000,0.000000,0.000000,0.000000,0.000000,0.000000,0.000000,0.000000,0.000000,-58.602188,1648.631714
29.321565,2.000000,-3659.095947,1.154759,1197.122603,499.185425,1633.238647,316.147491,317.875061,318.957071,-15.741376,-0.070363,3.895637,-59.667210,-19.983009,-19.492786,499.959259,0.136911,-0.002080,0.000880,0.105000,0.105002,1.610732,83460.992188,0.835317,0.000000,0.000000,0.000000,0.000000,0.000000,0.000000,0.000000,0.000000,0.000000,-58.676445,1638.295532
29.371638,2.000000,-3650.906006,1.161738,1194.132889,496.202759,1623.436279,316.235718,317.961151,318.962736,-15.652293,-0.070470,4.001330,-59.724220,-20.000262,-19.425850,497.045959,0.144175,-0.002057,0.000904,0.105000,0.105001,1.919258,83460.992188,0.869971,0.000000,0.000000,0.000000,0.000000,0.000000,0.000000,0.000000,0.000000,0.000000,-58.731552,1628.493164
29.423621,2.000000,-3642.343506,1.168959,1191.026720,493.096680,1613.178223,316.324738,318.048828,318.978101,-15.544265,-0.070551,4.120653,-59.766350,-20.012364,-19.355125,494.010925,0.150695,-0.002034,0.000923,0.105000,0.105001,2.214231,83460.992188,0.908985,0.000000,0.000000,0.000000,0.000000,0.000000,0.000000,0.000000,0.000000,0.000000,-58.771202,1618.637817
29.478577,2.000000,-3633.403564,1.176405,1187.741421,489.811523,1602.461792,316.415649,318.136963,319.010164,-15.414819,-0.070599,4.251467,-59.782696,-20.015550,-19.280544,490.853851,0.133784,-0.002009,0.000939,0.105000,0.105001,2.458164,83460.992188,0.998088,0.000000,0.000000,0.000000,0.000000,0.000000,0.000000,0.000000,0.000000,0.000000,-58.782204,1607.921265
29.533172,2.000000,-3624.440430,1.183760,1184.478503,486.548828,1591.719482,316.502106,318.221680,319.071028,-15.276762,-0.070616,4.375203,-59.752449,-20.002713,-19.205162,487.700623,0.122086,-0.001985,0.000950,0.105000,0.105001,2.577653,83460.992188,1.071250,0.000000,0.000000,0.000000,0.000000,0.000000,0.000000,0.000000,0.000000,0.000000,-58.747391,1597.178955
29.583790,2.000000,-3616.237061,1.190383,1181.455749,483.526245,1581.896729,316.578491,318.294861,319.141650,-15.144624,-0.070599,4.485227,-59.697601,-19.981734,-19.135756,484.825226,0.117587,-0.001966,0.000957,0.105000,0.105001,2.633866,83460.992188,1.114642,0.000000,0.000000,0.000000,0.000000,0.000000,0.000000,0.000000,0.000000,0.000000,-58.689030,1587.356201
29.637794,2.000000,-3607.200928,1.197547,1178.234605,480.305481,1571.092041,316.655640,318.372375,319.229030,-15.001347,-0.070559,4.598485,-59.616707,-19.951765,-19.058935,481.669586,0.115871,-0.001951,0.000963,0.105000,0.105001,2.667201,83460.992188,1.149317,0.000000,0.000000,0.000000,0.000000,0.000000,0.000000,0.000000,0.000000,0.000000,-58.607521,1576.588257
29.689745,2.000000,-3598.748535,1.204119,1175.140486,477.211609,1561.002563,316.725372,318.440155,319.316826,-14.862201,-0.070496,4.703881,-59.525963,-19.918740,-18.986771,478.728851,0.115580,-0.001934,0.000967,0.105000,0.105001,2.687396,83460.992188,1.176262,0.000000,0.000000,0.000000,0.000000,0.000000,0.000000,0.000000,0.000000,0.000000,-58.514366,1566.498657
29.742645,2.000000,-3590.050293,1.210746,1171.995182,474.066650,1550.639893,316.791626,318.506195,319.411562,-14.719597,-0.070398,4.807934,-59.419632,-19.880514,-18.912251,475.713715,0.115889,-0.001921,0.000970,0.105000,0.105001,2.702534,83460.992188,1.200839,0.000000,0.000000,0.000000,0.000000,0.000000,0.000000,0.000000,0.000000,0.000000,-58.406693,1556.135986
29.795340,2.000000,-3581.441895,1.217163,1168.868058,470.939697,1540.406616,316.852997,318.567017,319.508879,-14.576832,-0.070270,4.908469,-59.302616,-19.838850,-18.838280,472.740845,0.116465,-0.001906,0.000973,0.105000,0.105001,2.715086,83460.992188,1.223523,0.000000,0.000000,0.000000,0.000000,0.000000,0.000000,0.000000,0.000000,0.000000,-58.287659,1545.902832
29.847103,2.000000,-3572.910645,1.223382,1165.802642,467.874634,1530.289185,316.908417,318.623627,319.608391,-14.435983,-0.070117,5.004330,-59.175774,-19.794033,-18.764791,469.805511,0.117140,-0.001892,0.000974,0.105000,0.105001,2.726250,83460.992188,1.244803,0.000000,0.000000,0.000000,0.000000,0.000000,0.000000,0.000000,0.000000,0.000000,-58.159916,1535.853882
29.902215,2.000000,-3564.346191,1.229479,1162.546505,464.619080,1520.158203,316.962250,318.675964,319.710869,-14.285410,-0.069922,5.103376,-59.038021,-19.745682,-18.690866,466.869629,0.117905,-0.001875,0.000975,0.105000,0.105000,2.737495,83460.992188,1.266016,0.000000,0.000000,0.000000,0.000000,0.000000,0.000000,0.000000,0.000000,0.000000,-58.012646,1525.722900
29.953424,2.000000,-3555.425293,1.235670,1159.528495,461.601440,1509.635254,317.007477,318.726746,319.820079,-14.144949,-0.069716,5.192714,-58.883854,-19.691883,-18.613743,463.823151,0.118626,-0.001863,0.000976,0.105000,0.105000,2.747637,83460.992188,1.286070,0.000000,0.000000,0.000000,0.000000,0.000000,0.000000,0.000000,0.000000,0.000000,-57.865707,1515.199951
30.009880,2.000000,-3546.204590,1.241896,1156.210278,458.283813,1498.792358,317.051880,318.774384,319.935252,-13.989503,-0.069456,5.288305,-58.713375,-19.632710,-18.533928,460.686676,0.119418,-0.001847,0.000976,0.105000,0.105000,2.758594,83460.992188,1.306841,0.000000,0.000000,0.000000,0.000000,0.000000,0.000000,0.000000,0.000000,0.000000,-57.692806,1504.301880
30.060004,2.000000,-3537.972412,1.247301,1153.272658,455.346680,1489.142578,317.086548,318.813019,320.039836,-13.850978,-0.069197,5.370721,-58.551941,-19.576928,-18.462614,457.897125,0.120112,-0.001832,0.000975,0.105000,0.105000,2.768178,83460.992188,1.324765,0.000000,0.000000,0.000000,0.000000,0.000000,0.000000,0.000000,0.000000,0.000000,-57.530006,1494.652100
30.110724,2.000000,-3529.606689,1.252642,1150.308644,452.382935,1479.367676,317.117126,318.848114,320.147534,-13.710320,-0.068916,5.451848,-58.379238,-19.517487,-18.390120,455.072601,0.120805,-0.001817,0.000974,0.105000,0.105000,2.777761,83460.992188,1.342420,0.000000,0.000000,0.000000,0.000000,0.000000,0.000000,0.000000,0.000000,0.000000,-57.356628,1484.877197
30.162122,2.000000,-3521.241943,1.257827,1147.314212,449.388977,1469.626953,317.143555,318.879486,320.256448,-13.567289,-0.068607,5.531813,-58.198071,-19.455355,-18.317638,452.258759,0.121494,-0.001803,0.000973,0.105000,0.105000,2.787365,83460.992188,1.359698,0.000000,0.000000,0.000000,0.000000,0.000000,0.000000,0.000000,0.000000,0.000000,-57.172306,1475.136475
30.215828,2.000000,-3512.609131,1.263006,1144.195700,446.270935,1459.609741,317.166290,318.908112,320.370286,-13.417316,-0.068344,5.613041,-58.002560,-19.388506,-18.242853,449.365570,0.122240,-0.001676,0.000918,0.105000,0.105000,2.796975,83460.992188,1.376994,0.000000,0.000000,0.000000,0.000000,0.000000,0.000000,0.000000,0.000000,0.000000,-56.970806,1465.217041
30.266372,2.000000,-3504.010742,1.267978,1141.270922,443.346130,1449.670898,317.183105,318.932648,320.484687,-13.275702,-0.068092,5.687388,-57.799473,-19.319274,-18.168428,446.494843,0.122930,-0.001679,0.000873,0.105000,0.105000,2.805921,83460.992188,1.393186,0.000000,0.000000,0.000000,0.000000,0.000000,0.000000,0.000000,0.000000,0.000000,-56.773060,1455.278198
30.320943,2.000000,-3495.012695,1.272983,1138.124547,440.199768,1439.311768,317.196411,318.954468,320.605495,-13.122307,-0.067790,5.765448,-57.578297,-19.244075,-18.090624,443.502350,0.123678,-0.001685,0.000832,0.105000,0.105000,2.815355,83460.992188,1.409881,0.000000,0.000000,0.000000,0.000000,0.000000,0.000000,0.000000,0.000000,0.000000,-56.551029,1444.919067
30.373373,2.000000,-3486.358398,1.277604,1135.113236,437.188538,1429.390137,317.204681,318.971527,320.722151,-12.974444,-0.067469,5.838356,-57.357410,-19.169183,-18.015894,440.635437,0.124353,-0.001691,0.000800,0.105000,0.105000,2.824566,83460.992188,1.425559,0.000000,0.000000,0.000000,0.000000,0.000000,0.000000,0.000000,0.000000,0.000000,-56.329525,1434.997559
30.424933,2.000000,-3477.876709,1.281947,1132.163418,434.238647,1419.707520,317.208435,318.984039,320.836730,-12.828564,-0.067123,5.908130,-57.133343,-19.093407,-17.942776,437.836395,0.124994,-0.001696,0.000774,0.105000,0.105000,2.833632,83460.992188,1.440553,0.000000,0.000000,0.000000,0.000000,0.000000,0.000000,0.000000,0.000000,0.000000,-56.104057,1425.221558
30.476776,2.000000,-3469.347656,1.286127,1129.209329,431.284729,1410.013306,317.208069,318.992767,320.951932,-12.681417,-0.066749,5.976431,-56.900681,-19.014915,-17.869398,435.032349,0.125620,-0.001699,0.000751,0.105000,0.105000,2.842694,83460.992188,1.455220,0.000000,0.000000,0.000000,0.000000,0.000000,0.000000,0.000000,0.000000,0.000000,-55.869919,1415.527344
30.529928,2.000000,-3460.550781,1.290241,1126.193468,428.268921,1400.060425,317.203369,318.997314,321.070723,-12.530066,-0.066341,6.044591,-56.653206,-18.931611,-17.793890,432.151459,0.126248,-0.001702,0.000733,0.105000,0.105000,2.851902,83460.992188,1.469868,0.000000,0.000000,0.000000,0.000000,0.000000,0.000000,0.000000,0.000000,0.000000,-55.622337,1405.574585
30.581685,2.000000,-3451.994385,1.294050,1123.269608,425.345215,1390.425537,317.194458,318.998077,321.186697,-12.382310,-0.065919,6.108472,-56.404175,-18.847957,-17.720642,429.360199,0.121152,-0.001703,0.000718,0.105000,0.105000,2.853675,83460.992188,1.495049,0.000000,0.000000,0.000000,0.000000,0.000000,0.000000,0.000000,0.000000,0.000000,-55.372238,1395.939697
30.633227,2.000000,-3443.462402,1.297655,1120.371157,422.446838,1380.865356,317.181580,318.993896,321.306526,-12.235917,-0.065477,6.166440,-56.141136,-18.759716,-17.647835,426.587585,0.114192,-0.001704,0.000705,0.105000,0.105000,2.823900,83460.992188,1.523845,0.000000,0.000000,0.000000,0.000000,0.000000,0.000000,0.000000,0.000000,0.000000,-55.108227,1386.480835
30.690022,2.000000,-3434.224854,1.301337,1117.193465,419.269165,1370.570679,317.163055,318.984436,321.438813,-12.077179,-0.064874,6.223309,-55.842461,-18.659693,-17.569319,423.597656,0.107512,-0.001942,0.000643,0.105000,0.105000,2.765922,83460.992188,1.546182,0.000000,0.000000,0.000000,0.000000,0.000000,0.000000,0.000000,0.000000,0.000000,-54.803547,1376.186035
30.740634,2.000000,-3425.813477,1.304486,1114.376552,416.452332,1361.249268,317.142761,318.970947,321.559146,-11.938880,-0.064183,6.267937,-55.561092,-18.565664,-17.498138,420.885986,0.102238,-0.002034,0.000569,0.105000,0.105000,2.701474,83460.992188,1.561913,0.000000,0.000000,0.000000,0.000000,0.000000,0.000000,0.000000,0.000000,0.000000,-54.522804,1366.864746
30.792247,2.000000,-3417.286621,1.307482,1111.518765,413.594543,1351.852661,317.118591,318.952423,321.680162,-11.801456,-0.063441,6.307604,-55.268520,-18.468075,-17.426311,418.147644,0.097242,-0.002086,0.000503,0.105000,0.105000,2.627386,83460.992188,1.575047,0.000000,0.000000,0.000000,0.000000,0.000000,0.000000,0.000000,0.000000,0.000000,-54.229279,1357.468018
30.846088,2.000000,-3408.422363,1.310386,1108.553955,410.629761,1342.141479,317.089844,318.928802,321.804470,-11.662367,-0.062635,6.342797,-54.958069,-18.364700,-17.352016,415.312164,0.092421,-0.002132,0.000444,0.105000,0.105000,2.543893,83460.992188,1.585924,0.000000,0.000000,0.000000,0.000000,0.000000,0.000000,0.000000,0.000000,0.000000,-53.916805,1347.621094
30.899432,2.000000,-3399.565430,1.313075,1105.633238,407.708984,1332.497803,317.058014,318.901794,321.926791,-11.529112,-0.061815,6.371610,-54.642815,-18.259887,-17.278179,412.490448,0.087995,-0.002175,0.000394,0.105000,0.105000,2.457155,83460.992188,1.594291,0.000000,0.000000,0.000000,0.000000,0.000000,0.000000,0.000000,0.000000,0.000000,-53.602230,1337.977417
30.949554,2.000000,-3391.275391,1.315400,1102.904372,404.980225,1323.525635,317.025421,318.873413,322.039294,-11.408203,-0.061029,6.393311,-54.344135,-18.160721,-17.209438,409.859680,0.083607,-0.002213,0.000353,0.105000,0.105000,2.372997,83460.992188,1.601183,0.000000,0.000000,0.000000,0.000000,0.000000,0.000000,0.000000,0.000000,0.000000,-53.303024,1329.005249
31.000680,2.000000,-3382.825684,1.317580,1100.136291,402.212036,1314.434814,316.989777,318.841614,322.151738,-11.289256,-0.060213,6.410275,-54.036854,-18.058826,-17.139744,407.188507,0.080079,-0.002247,0.000317,0.105000,0.105000,2.285620,83460.992188,1.604888,0.000000,0.000000,0.000000,0.000000,0.000000,0.000000,0.000000,0.000000,0.000000,-52.995079,1319.914429
31.052717,2.000000,-3374.140625,1.319622,1097.335102,399.410889,1305.148682,316.951202,318.806641,322.264834,-11.172755,-0.059376,6.422570,-53.719471,-17.953691,-17.068516,404.453735,0.076697,-0.002280,0.000285,0.105000,0.105000,2.197594,83460.992188,1.607160,0.000000,0.000000,0.000000,0.000000,0.000000,0.000000,0.000000,0.000000,0.000000,-52.680115,1310.676636
31.105247,2.000000,-3365.525635,1.321450,1094.524022,396.599792,1295.994873,316.910126,318.769928,322.374282,-11.059753,-0.058526,6.430216,-53.403851,-17.849245,-16.998259,401.751831,0.073592,-0.002312,0.000258,0.105000,0.105000,2.110359,83460.992188,1.607923,0.000000,0.000000,0.000000,0.000000,0.000000,0.000000,0.000000,0.000000,0.000000,-52.361359,1301.522827
31.156383,2.000000,-3357.002441,1.323066,1091.803609,393.879272,1286.995361,316.868408,318.731689,322.479785,-10.954091,-0.057694,6.433373,-53.091515,-17.745980,-16.929150,399.089294,0.070753,-0.002338,0.000235,0.105000,0.105000,2.027621,83460.992188,1.607394,0.000000,0.000000,0.000000,0.000000,0.000000,0.000000,0.000000,0.000000,0.000000,-52.050961,1292.523315
31.207056,2.000000,-3348.592285,1.324477,1089.123464,391.199036,1278.169922,316.825775,318.692505,322.581017,-10.853487,-0.056869,6.432649,-52.783840,-17.644344,-16.861338,396.472351,0.068185,-0.002365,0.000216,0.105000,0.105000,1.948261,83460.992188,1.605743,0.000000,0.000000,0.000000,0.000000,0.000000,0.000000,0.000000,0.000000,0.000000,-51.743870,1283.697876
31.257376,2.000000,-3340.293457,1.325689,1086.477356,388.552979,1269.514526,316.782288,318.652557,322.678037,-10.757488,-0.056058,6.428437,-52.481262,-17.544471,-16.794792,393.900085,0.065879,-0.002387,0.000199,0.105000,0.105000,1.872446,83460.992188,1.603111,0.000000,0.000000,0.000000,0.000000,0.000000,0.000000,0.000000,0.000000,0.000000,-51.439930,1275.114624
31.309980,2.000000,-3331.592773,1.326772,1083.727472,385.802917,1260.496582,316.735870,318.609436,322.776630,-10.661127,-0.055215,6.420640,-52.165665,-17.440380,-16.725416,391.213928,0.063684,-0.002412,0.000185,0.105000,0.105000,1.796820,83460.992188,1.599390,0.000000,0.000000,0.000000,0.000000,0.000000,0.000000,0.000000,0.000000,0.000000,-51.123795,1266.096680
31.361501,2.000000,-3323.019043,1.327652,1081.050252,383.125671,1251.666016,316.689850,318.565918,322.870684,-10.570504,-0.054397,6.409979,-51.856693,-17.338545,-16.657427,388.577637,0.061731,-0.002432,0.000173,0.105000,0.105000,1.726520,83460.992188,1.594879,0.000000,0.000000,0.000000,0.000000,0.000000,0.000000,0.000000,0.000000,0.000000,-50.816170,1257.265991
31.412484,2.000000,-3314.516602,1.328345,1078.416519,380.491760,1242.963379,316.643890,318.522034,322.960852,-10.484281,-0.053592,6.396810,-51.552700,-17.238417,-16.590374,385.973724,0.059996,-0.002452,0.000163,0.105000,0.105000,1.660844,83460.992188,1.589748,0.000000,0.000000,0.000000,0.000000,0.000000,0.000000,0.000000,0.000000,0.000000,-50.514095,1248.563477
31.468998,2.000000,-3305.237061,1.328898,1075.514958,377.590149,1233.526245,316.592865,318.473389,323.055589,-10.392483,-0.052706,6.379523,-51.224018,-17.130236,-16.517593,383.143707,0.058362,-0.002471,0.000154,0.105000,0.105000,1.592721,83460.992188,1.583371,0.000000,0.000000,0.000000,0.000000,0.000000,0.000000,0.000000,0.000000,0.000000,-50.182343,1239.108643
31.519878,2.000000,-3296.785889,1.329220,1072.918616,374.993652,1224.986694,316.546906,318.428467,323.138609,-10.313005,-0.051914,6.361872,-50.927803,-17.032805,-16.451670,380.577087,0.057044,-0.002488,0.000147,0.105000,0.105000,1.535771,83460.992188,1.577086,0.000000,0.000000,0.000000,0.000000,0.000000,0.000000,0.000000,0.000000,0.000000,-49.886765,1230.569092
31.570635,2.000000,-3288.360840,1.329369,1070.343449,372.418640,1216.524658,316.501343,318.383392,323.218307,-10.236495,-0.051132,6.342577,-50.635681,-16.936777,-16.386274,378.028595,0.055904,-0.002503,0.000142,0.105000,0.105000,1.483094,83460.992188,1.570460,0.000000,0.000000,0.000000,0.000000,0.000000,0.000000,0.000000,0.000000,0.000000,-49.595043,1222.107056
31.621544,2.000000,-3279.911621,1.329350,1067.775353,369.850586,1208.089478,316.456024,318.337738,323.295129,-10.162333,-0.050357,6.321794,-50.346107,-16.841643,-16.321014,375.483032,0.054921,-0.002517,0.000138,0.105000,0.105000,1.434413,83460.992188,1.563439,0.000000,0.000000,0.000000,0.000000,0.000000,0.000000,0.000000,0.000000,0.000000,-49.305782,1213.671875
31.672355,2.000000,-3271.497314,1.329167,1065.226789,367.302002,1199.738892,316.411316,318.291840,323.368479,-10.090665,-0.049611,6.299910,-50.061241,-16.748116,-16.256327,372.958130,0.054077,-0.002471,0.000146,0.105000,0.105000,1.390129,83460.992188,1.556083,0.000000,0.000000,0.000000,0.000000,0.000000,0.000000,0.000000,0.000000,0.000000,-49.020580,1205.247437
31.724517,2.000000,-3262.813721,1.328805,1062.625446,364.700684,1191.172485,316.366058,318.244080,323.440852,-10.019314,-0.048919,6.276508,-49.771065,-16.652908,-16.189877,370.363068,0.053330,-0.002400,0.000174,0.105000,0.105000,1.349112,83460.992188,1.548433,0.000000,0.000000,0.000000,0.000000,0.000000,0.000000,0.000000,0.000000,0.000000,-48.731541,1196.681030
31.777073,2.000000,-3254.150391,1.328273,1060.019598,362.094849,1182.677368,316.321289,318.196106,323.509724,-9.949466,-0.048296,6.252217,-49.485432,-16.559255,-16.123877,367.784821,0.052707,-0.002323,0.000218,0.105000,0.105000,1.312091,83460.992188,1.540677,0.000000,0.000000,0.000000,0.000000,0.000000,0.000000,0.000000,0.000000,0.000000,-48.444180,1188.185913
31.829606,2.000000,-3245.306152,1.327555,1057.429878,359.505127,1174.057007,316.277466,318.146820,323.576579,-9.881466,-0.047737,6.227470,-49.197872,-16.465037,-16.056797,365.163788,0.052186,-0.002243,0.000274,0.105000,0.105000,1.279322,83460.992188,1.532817,0.000000,0.000000,0.000000,0.000000,0.000000,0.000000,0.000000,0.000000,0.000000,-48.160870,1179.565674
31.881411,2.000000,-3236.790771,1.326697,1054.890507,356.965637,1165.806030,316.235168,318.098846,323.637769,-9.815983,-0.047250,6.202802,-48.924847,-16.375643,-15.992476,362.650757,0.051763,-0.002162,0.000337,0.105000,0.105000,1.250916,83460.992188,1.525229,0.000000,0.000000,0.000000,0.000000,0.000000,0.000000,0.000000,0.000000,0.000000,-47.885315,1171.338379
31.934106,2.000000,-3227.950195,1.325632,1052.322057,354.397156,1157.290039,316.193054,318.048431,323.698010,-9.750783,-0.046803,6.177629,-48.645340,-16.284191,-15.925966,360.052673,0.051433,-0.002113,0.000400,0.105000,0.105000,1.225828,83460.992188,1.517495,0.000000,0.000000,0.000000,0.000000,0.000000,0.000000,0.000000,0.000000,0.000000,-47.608894,1162.822388
31.984437,2.000000,-3219.541260,1.324456,1049.882316,351.957520,1149.235962,316.153748,318.000702,323.752111,-9.689643,-0.046381,6.153705,-48.383194,-16.198486,-15.862936,357.591797,0.051186,-0.002084,0.000450,0.105000,0.105000,1.205372,83460.992188,1.510170,0.000000,0.000000,0.000000,0.000000,0.000000,0.000000,0.000000,0.000000,0.000000,-47.348507,1154.768311
32.034703,2.000000,-3211.206787,1.323135,1047.458717,349.533997,1141.297363,316.115448,317.952606,323.802861,-9.629531,-0.045963,6.130031,-48.126827,-16.114728,-15.800684,355.162628,0.050984,-0.002060,0.000493,0.105000,0.105000,1.187986,83460.992188,1.503158,0.000000,0.000000,0.000000,0.000000,0.000000,0.000000,0.000000,0.000000,0.000000,-47.091866,1146.829712
32.086009,2.000000,-3202.733154,1.321632,1044.998195,347.073486,1133.270508,316.077118,317.903259,323.851504,-9.569000,-0.045534,6.106222,-47.869617,-16.030757,-15.737603,352.703033,0.050833,-0.002035,0.000529,0.105000,0.105000,1.173054,83460.992188,1.496192,0.000000,0.000000,0.000000,0.000000,0.000000,0.000000,0.000000,0.000000,0.000000,-46.833351,1138.786621
32.138036,2.000000,-3194.088379,1.319933,1042.516679,344.592102,1125.127319,316.039154,317.852417,323.898249,-9.508345,-0.045093,6.082343,-47.610569,-15.946244,-15.673466,350.204254,0.048144,-0.002016,0.000560,0.105000,0.105000,1.158626,83460.992188,1.496402,0.000000,0.000000,0.000000,0.000000,0.000000,0.000000,0.000000,0.000000,0.000000,-46.574078,1130.643311
32.190314,2.000000,-3185.328369,1.318043,1040.036639,342.112000,1116.921143,316.001923,317.800415,323.943897,-9.448353,-0.044642,6.057918,-47.348942,-15.860915,-15.608672,347.683014,0.048966,-0.001988,0.000586,0.105000,0.105000,1.139283,83460.992188,1.486017,0.000000,0.000000,0.000000,0.000000,0.000000,0.000000,0.000000,0.000000,0.000000,-46.315067,1122.437134
32.241716,2.000000,-3176.898682,1.316065,1037.611229,339.686584,1109.067993,315.966156,317.749878,323.984414,-9.390147,-0.044188,6.034674,-47.101788,-15.780383,-15.546513,345.267090,0.049483,-0.001969,0.000607,0.105000,0.105000,1.127115,83460.992188,1.477587,0.000000,0.000000,0.000000,0.000000,0.000000,0.000000,0.000000,0.000000,0.000000,-46.064941,1114.583984
32.292825,2.000000,-3168.257324,1.313876,1035.212287,337.287659,1101.060913,315.931213,317.697632,324.022884,-9.332766,-0.043730,6.012385,-46.852417,-15.699195,-15.482970,342.800934,0.050011,-0.001948,0.000624,0.105000,0.105000,1.119702,83460.992188,1.470114,0.000000,0.000000,0.000000,0.000000,0.000000,0.000000,0.000000,0.000000,0.000000,-45.820080,1106.682739
32.348524,2.000000,-3158.956299,1.311337,1032.612030,334.687439,1092.490601,315.893951,317.640991,324.060998,-9.270539,-0.043214,5.989134,-46.588062,-15.613201,-15.414760,340.158356,0.050447,-0.001926,0.000640,0.105000,0.105000,1.115634,83460.992188,1.462889,0.000000,0.000000,0.000000,0.000000,0.000000,0.000000,0.000000,0.000000,0.000000,-45.557163,1098.112305
32.403567,2.000000,-3149.821045,1.308661,1030.056678,332.132019,1084.120850,315.857758,317.584869,324.095375,-9.209177,-0.042692,5.967266,-46.332085,-15.529999,-15.347942,337.574738,0.050791,-0.001907,0.000653,0.105000,0.105000,1.114585,83460.992188,1.456311,0.000000,0.000000,0.000000,0.000000,0.000000,0.000000,0.000000,0.000000,0.000000,-45.300964,1089.742676
32.454199,2.000000,-3141.392334,1.306033,1027.718496,329.793884,1076.439819,315.824951,317.532288,324.124501,-9.152730,-0.042201,5.948137,-46.098824,-15.454236,-15.286438,335.201416,0.051119,-0.001891,0.000663,0.105000,0.105000,1.115434,83460.992188,1.450985,0.000000,0.000000,0.000000,0.000000,0.000000,0.000000,0.000000,0.000000,0.000000,-45.068161,1081.994385
32.505041,2.000000,-3132.903564,1.303233,1025.382415,327.457764,1068.743774,315.792328,317.479126,324.151522,-9.095963,-0.041691,5.929908,-45.866535,-15.378838,-15.224628,332.821320,0.051452,-0.001875,0.000671,0.105000,0.105000,1.117753,83460.992188,1.445708,0.000000,0.000000,0.000000,0.000000,0.000000,0.000000,0.000000,0.000000,0.000000,-44.836994,1074.298340
32.555423,2.000000,-3124.542480,1.300324,1023.079002,325.154236,1061.201904,315.760345,317.426208,324.175874,-9.039565,-0.041174,5.912810,-45.640163,-15.305409,-15.163871,330.486908,0.051726,-0.001858,0.000678,0.105000,0.105000,1.121258,83460.992188,1.440912,0.000000,0.000000,0.000000,0.000000,0.000000,0.000000,0.000000,0.000000,0.000000,-44.610317,1066.756470
32.608304,2.000000,-3115.898926,1.297162,1020.673739,322.748962,1053.445190,315.726959,317.370636,324.198801,-8.980151,-0.040617,5.895896,-45.408482,-15.230305,-15.101186,328.084015,0.051900,-0.001841,0.000683,0.105000,0.105000,1.125739,83460.992188,1.436523,0.000000,0.000000,0.000000,0.000000,0.000000,0.000000,0.000000,0.000000,0.000000,-44.374760,1058.999756
32.660926,2.000000,-3107.124268,1.293792,1018.292407,320.367676,1045.611084,315.693695,317.313904,324.219801,-8.920772,-0.040043,5.880102,-45.175541,-15.154841,-15.037660,325.655426,0.052218,-0.001825,0.000688,0.105000,0.105000,1.130982,83460.992188,1.432047,0.000000,0.000000,0.000000,0.000000,0.000000,0.000000,0.000000,0.000000,0.000000,-44.142620,1051.253784
32.712799,2.000000,-3098.402588,1.290283,1015.956870,318.032227,1037.864380,315.661072,317.256714,324.238428,-8.861952,-0.039462,5.865534,-44.946144,-15.080574,-14.974626,323.252197,0.052591,-0.001811,0.000692,0.105000,0.105000,1.136793,83460.992188,1.428002,0.000000,0.000000,0.000000,0.000000,0.000000,0.000000,0.000000,0.000000,0.000000,-43.915855,1043.507080
32.764274,2.000000,-3089.790527,1.286662,1013.650834,315.726257,1030.254028,315.628540,317.199219,324.254682,-8.803268,-0.038871,5.852047,-44.721596,-15.007921,-14.912487,320.889679,0.052918,-0.001794,0.000694,0.105000,0.105000,1.142995,83460.992188,1.424700,0.000000,0.000000,0.000000,0.000000,0.000000,0.000000,0.000000,0.000000,0.000000,-43.692722,1035.896729
32.816668,2.000000,-3081.162109,1.282881,1011.315388,313.390930,1022.667542,315.595245,317.141418,324.268890,-8.743202,-0.038254,5.839279,-44.498375,-14.935742,-14.850322,318.533081,0.053095,-0.001779,0.000697,0.105000,0.105000,1.149610,83460.992188,1.421057,0.000000,0.000000,0.000000,0.000000,0.000000,0.000000,0.000000,0.000000,0.000000,-43.467403,1028.310181
32.868319,2.000000,-3072.490479,1.278927,1009.024575,311.100220,1015.081604,315.562225,317.082275,324.281140,-8.683647,-0.037630,5.827603,-44.275726,-14.863790,-14.787938,316.175201,0.053433,-0.001765,0.000698,0.105000,0.105000,1.156301,83460.992188,1.417897,0.000000,0.000000,0.000000,0.000000,0.000000,0.000000,0.000000,0.000000,0.000000,-43.246922,1020.636780
32.919801,2.000000,-3063.892090,1.274854,1006.752556,308.828247,1007.597290,315.528870,317.022675,324.291373,-8.623929,-0.036989,5.816847,-44.056526,-14.792991,-14.726164,313.847656,0.053717,-0.001748,0.000700,0.105000,0.105000,1.163057,83460.992188,1.415454,0.000000,0.000000,0.000000,0.000000,0.000000,0.000000,0.000000,0.000000,0.000000,-43.028675,1013.152466
32.975563,2.000000,-3054.553955,1.270259,1004.304276,306.379944,999.511047,315.492218,316.957977,324.300389,-8.558861,-0.036280,5.806154,-43.820053,-14.716653,-14.659162,311.331543,0.054006,-0.001734,0.000701,0.105000,0.105000,1.170576,83460.992188,1.411694,0.000000,0.000000,0.000000,0.000000,0.000000,0.000000,0.000000,0.000000,0.000000,-42.793930,1005.066223
33.028006,2.000000,-3045.868652,1.265827,1002.013657,304.089417,992.029419,315.457153,316.896362,324.306737,-8.497291,-0.035592,5.796933,-43.601486,-14.646138,-14.596925,309.002289,0.054190,-0.001718,0.000701,0.105000,0.105000,1.177273,83460.992188,1.409362,0.000000,0.000000,0.000000,0.000000,0.000000,0.000000,0.000000,0.000000,0.000000,-42.574459,997.584534
33.080675,2.000000,-3037.109619,1.261203,999.724727,301.800476,984.521973,315.421295,316.833313,324.311216,-8.435101,-0.034886,5.788460,-43.382305,-14.575464,-14.534230,306.663910,0.054405,-0.001702,0.000701,0.105000,0.105000,1.183835,83460.992188,1.407378,0.000000,0.000000,0.000000,0.000000,0.000000,0.000000,0.000000,0.000000,0.000000,-42.355282,990.046082
33.133235,2.000000,-3028.369141,1.256435,997.452020,299.527771,977.068176,315.384674,316.770020,324.313944,-8.372701,-0.034163,5.780759,-43.164764,-14.505349,-14.471740,304.341156,0.054588,-0.001687,0.000701,0.105000,0.105000,1.190296,83460.992188,1.405075,0.000000,0.000000,0.000000,0.000000,0.000000,0.000000,0.000000,0.000000,0.000000,-42.137749,982.592346
33.184081,2.000000,-3019.831543,1.251631,995.264358,297.340088,969.823730,315.348480,316.707275,324.314953,-8.312034,-0.033448,5.773838,-42.953011,-14.437127,-14.410767,302.082611,0.054133,-0.001674,0.000701,0.105000,0.105000,1.194897,83460.992188,1.404648,0.000000,0.000000,0.000000,0.000000,0.000000,0.000000,0.000000,0.000000,0.000000,-41.927940,975.347900
33.236526,2.000000,-3011.161377,1.246605,993.019005,295.094666,962.502991,315.310425,316.642517,324.314300,-8.249270,-0.032694,5.767169,-42.738605,-14.368081,-14.348906,299.799347,0.054443,-0.001658,0.000701,0.105000,0.105000,1.198566,83460.992188,1.401831,0.000000,0.000000,0.000000,0.000000,0.000000,0.000000,0.000000,0.000000,0.000000,-41.712315,968.027100
33.290791,2.000000,-3002.223145,1.241267,990.707624,292.783325,954.994141,315.270050,316.574585,324.311720,-8.184102,-0.031898,5.760947,-42.518871,-14.297355,-14.285195,297.456451,0.054644,-0.001643,0.000700,0.105000,0.105000,1.203166,83460.992188,1.399750,0.000000,0.000000,0.000000,0.000000,0.000000,0.000000,0.000000,0.000000,0.000000,-41.490498,960.533325
33.342852,2.000000,-2993.416016,1.235854,988.501400,290.577026,947.633057,315.230225,316.507141,324.307211,-8.121329,-0.031117,5.755631,-42.303490,-14.228068,-14.222477,295.158813,0.055047,-0.001631,0.000699,0.105000,0.105000,1.208202,83460.992188,1.397368,0.000000,0.000000,0.000000,0.000000,0.000000,0.000000,0.000000,0.000000,0.000000,-41.278824,953.172241
33.394344,2.000000,-2984.911865,1.230482,986.330110,288.405701,940.560364,315.189880,316.440826,324.301131,-8.058970,-0.030327,5.750980,-42.096504,-14.161514,-14.161966,292.950409,0.055140,-0.001616,0.000698,0.105000,0.105000,1.213417,83460.992188,1.395889,0.000000,0.000000,0.000000,0.000000,0.000000,0.000000,0.000000,0.000000,0.000000,-41.070415,946.099548
33.446502,2.000000,-2976.208984,1.224837,984.141672,286.217163,933.358276,315.148010,316.371948,324.293241,-7.995539,-0.029514,5.746802,-41.885437,-14.093675,-14.100095,290.700775,0.055322,-0.001605,0.000697,0.105000,0.105000,1.218444,83460.992188,1.394545,0.000000,0.000000,0.000000,0.000000,0.000000,0.000000,0.000000,0.000000,0.000000,-40.860062,938.897461
33.500849,2.000000,-2967.175049,1.218821,981.873070,283.948425,925.920166,315.103088,316.299438,324.283216,-7.929179,-0.028650,5.742976,-41.667049,-14.023515,-14.035919,288.376678,0.055457,-0.001590,0.000696,0.105000,0.105000,1.223276,83460.992188,1.393146,0.000000,0.000000,0.000000,0.000000,0.000000,0.000000,0.000000,0.000000,0.000000,-40.641605,931.485229
33.552259,2.000000,-2958.529785,1.212916,979.737967,281.813293,918.837952,315.059479,316.229187,324.271945,-7.866165,-0.027819,5.739862,-41.458801,-13.956639,-13.974548,286.163177,0.055667,-0.001576,0.000695,0.105000,0.105000,1.227872,83460.992188,1.391962,0.000000,0.000000,0.000000,0.000000,0.000000,0.000000,0.000000,0.000000,0.000000,-40.435696,924.403076
33.603862,2.000000,-2949.958496,1.206920,977.605491,279.680664,911.851135,315.014496,316.158539,324.259161,-7.802683,-0.026969,5.737176,-41.252899,-13.890541,-13.913746,283.978821,0.055718,-0.001565,0.000694,0.105000,0.105000,1.232128,83460.992188,1.390667,0.000000,0.000000,0.000000,0.000000,0.000000,0.000000,0.000000,0.000000,0.000000,-40.229591,917.416260
33.658379,2.000000,-2940.960449,1.200473,975.364169,277.439270,904.553589,314.965790,316.083252,324.244093,-7.735395,-0.026055,5.734740,-41.037239,-13.821333,-13.849960,281.696625,0.055705,-0.001549,0.000693,0.105000,0.105000,1.235930,83460.992188,1.389650,0.000000,0.000000,0.000000,0.000000,0.000000,0.000000,0.000000,0.000000,0.000000,-40.012344,910.118652
33.710403,2.000000,-2932.210938,1.194055,973.236366,275.311523,897.493958,314.918060,316.009064,324.227780,-7.671003,-0.025167,5.732810,-40.828129,-13.754252,-13.787981,279.488190,0.055872,-0.001537,0.000692,0.105000,0.105000,1.239448,83460.992188,1.388722,0.000000,0.000000,0.000000,0.000000,0.000000,0.000000,0.000000,0.000000,0.000000,-39.805630,903.048035
33.764322,2.000000,-2923.245361,1.187327,971.042429,273.117615,890.296814,314.867249,315.931671,324.209212,-7.604082,-0.024231,5.731164,-40.614288,-13.685682,-13.724508,277.236176,0.055887,-0.001527,0.000692,0.105000,0.105000,1.242791,83460.992188,1.387967,0.000000,0.000000,0.000000,0.000000,0.000000,0.000000,0.000000,0.000000,0.000000,-39.591824,895.850891
33.816052,2.000000,-2914.637939,1.180725,968.948378,271.023560,883.422363,314.817108,315.856201,324.189429,-7.539700,-0.023313,5.729920,-40.409367,-13.620009,-13.663609,275.084564,0.055850,-0.001517,0.000692,0.105000,0.105000,1.245944,83460.992188,1.387219,0.000000,0.000000,0.000000,0.000000,0.000000,0.000000,0.000000,0.000000,0.000000,-39.387093,888.976501
33.866134,2.000000,-2906.232422,1.174142,966.931122,269.006348,876.742065,314.767426,315.781342,324.168725,-7.477232,-0.022409,5.728978,-40.209602,-13.556002,-13.604169,272.993256,0.055911,-0.001503,0.000693,0.105000,0.105000,1.248503,83460.992188,1.386811,0.000000,0.000000,0.000000,0.000000,0.000000,0.000000,0.000000,0.000000,0.000000,-39.189232,882.296204
33.918380,2.000000,-2897.598389,1.167243,964.837284,266.912476,869.914307,314.714294,315.703400,324.145887,-7.411944,-0.021454,5.728227,-40.004665,-13.490357,-13.543150,270.855225,0.055810,-0.001488,0.000693,0.105000,0.105000,1.250430,83460.992188,1.386203,0.000000,0.000000,0.000000,0.000000,0.000000,0.000000,0.000000,0.000000,0.000000,-38.983112,875.424561
33.969665,2.000000,-2889.072998,1.160294,962.792432,264.867615,863.206299,314.660797,315.625732,324.121802,-7.347773,-0.020502,5.727713,-39.802654,-13.425669,-13.482935,268.754150,0.055765,-0.001474,0.000693,0.105000,0.105000,1.252029,83460.992188,1.385206,0.000000,0.000000,0.000000,0.000000,0.000000,0.000000,0.000000,0.000000,0.000000,-38.781166,868.716553
34.021886,2.000000,-2880.417480,1.153099,960.720914,262.796021,856.429932,314.604950,315.545380,324.095790,-7.282359,-0.019521,5.727387,-39.597900,-13.360120,-13.421830,266.631256,0.055702,-0.001460,0.000692,0.105000,0.105000,1.253191,83460.992188,1.384757,0.000000,0.000000,0.000000,0.000000,0.000000,0.000000,0.000000,0.000000,0.000000,-38.575874,861.940186
34.075580,2.000000,-2871.564209,1.145594,958.602161,260.677429,849.534302,314.546051,315.462311,324.067642,-7.215049,-0.018496,5.727227,-39.388775,-13.293186,-13.359362,264.470459,0.055573,-0.001448,0.000692,0.105000,0.105000,1.253991,83460.992188,1.384111,0.000000,0.000000,0.000000,0.000000,0.000000,0.000000,0.000000,0.000000,0.000000,-38.365139,855.044495
34.129632,2.000000,-2862.481689,1.137745,956.480719,258.556030,842.497437,314.485352,315.376007,324.037062,-7.147258,-0.017452,5.727231,-39.174564,-13.224644,-13.295310,262.264923,0.055684,-0.001434,0.000691,0.105000,0.105000,1.254428,83460.992188,1.383221,0.000000,0.000000,0.000000,0.000000,0.000000,0.000000,0.000000,0.000000,0.000000,-38.153362,848.117065
34.182040,2.000000,-2853.709717,1.130020,954.434724,256.510132,835.736938,314.425140,315.291534,324.005888,-7.081504,-0.016426,5.727420,-38.968117,-13.158603,-13.233481,260.145508,0.055721,-0.001418,0.000690,0.105000,0.105000,1.254901,83460.992188,1.382484,0.000000,0.000000,0.000000,0.000000,0.000000,0.000000,0.000000,0.000000,0.000000,-37.948471,841.356628
34.234775,2.000000,-2844.999756,1.122210,952.386809,254.462234,829.058777,314.363251,315.206421,323.973380,-7.015321,-0.015381,5.727756,-38.763474,-13.093154,-13.172116,258.051514,0.055595,-0.001407,0.000688,0.105000,0.105000,1.255180,83460.992188,1.381999,0.000000,0.000000,0.000000,0.000000,0.000000,0.000000,0.000000,0.000000,0.000000,-37.742668,834.678467
34.288727,2.000000,-2836.068848,1.114057,950.302882,252.378372,822.247070,314.298370,315.118103,323.938469,-6.947607,-0.014299,5.728220,-38.553932,-13.026153,-13.109224,255.915192,0.055505,-0.001393,0.000687,0.105000,0.105000,1.255104,83460.992188,1.381462,0.000000,0.000000,0.000000,0.000000,0.000000,0.000000,0.000000,0.000000,0.000000,-37.532436,827.801147
34.342357,2.000000,-2827.084961,1.105710,948.242641,250.318130,815.431580,314.232574,315.028290,323.901690,-6.880305,-0.013206,5.728808,-38.343475,-12.958874,-13.045991,253.777206,0.055557,-0.001379,0.000686,0.105000,0.105000,1.254902,83460.992188,1.380501,0.000000,0.000000,0.000000,0.000000,0.000000,0.000000,0.000000,0.000000,0.000000,-37.323833,820.985718
34.396198,2.000000,-2818.157227,1.097270,946.185555,248.261063,808.694702,314.165070,314.937622,323.863457,-6.812751,-0.012097,5.729520,-38.134716,-12.892154,-12.983178,251.663498,0.055485,-0.001365,0.000684,0.105000,0.105000,1.254591,83460.992188,1.380211,0.000000,0.000000,0.000000,0.000000,0.000000,0.000000,0.000000,0.000000,0.000000,-37.114788,814.248779
34.449084,2.000000,-2809.296387,1.088749,944.175916,246.251419,802.043701,314.097229,314.846527,323.823860,-6.746413,-0.010994,5.730335,-37.927860,-12.826057,-12.920859,249.576385,0.055542,-0.001351,0.000682,0.105000,0.105000,1.254219,83460.992188,1.379757,0.000000,0.000000,0.000000,0.000000,0.000000,0.000000,0.000000,0.000000,0.000000,-36.909828,807.597839
34.502112,2.000000,-2800.544434,1.080194,942.171771,244.247269,795.509216,314.027771,314.755859,323.783403,-6.679921,-0.009879,5.731259,-37.723896,-12.760888,-12.859332,247.525421,0.055439,-0.001334,0.000679,0.105000,0.105000,1.253485,83460.992188,1.378833,0.000000,0.000000,0.000000,0.000000,0.000000,0.000000,0.000000,0.000000,0.000000,-36.704731,801.003601
34.555181,2.000000,-2791.651123,1.071358,940.176973,242.252518,788.904541,313.956909,314.662903,323.740959,-6.613426,-0.008752,5.732282,-37.517048,-12.694801,-12.796838,245.452042,0.055547,-0.001319,0.000676,0.105000,0.105000,1.252599,83460.992188,1.377896,0.000000,0.000000,0.000000,0.000000,0.000000,0.000000,0.000000,0.000000,0.000000,-36.499908,794.398926
34.605601,2.000000,-2783.238525,1.062870,938.291804,240.367264,782.689331,313.888275,314.573792,323.699256,-6.550281,-0.007669,5.733384,-37.321838,-12.632447,-12.737741,243.500656,0.055563,-0.001307,0.000672,0.105000,0.105000,1.252212,83460.992188,1.377194,0.000000,0.000000,0.000000,0.000000,0.000000,0.000000,0.000000,0.000000,0.000000,-36.305779,788.183716
34.657976,2.000000,-2774.649170,1.054072,936.343927,238.419327,776.376099,313.815826,314.481689,323.655269,-6.484713,-0.006532,5.734600,-37.122807,-12.568879,-12.677421,241.518188,0.055379,-0.001296,0.000669,0.105000,0.105000,1.251601,83460.992188,1.377000,0.000000,0.000000,0.000000,0.000000,0.000000,0.000000,0.000000,0.000000,0.000000,-36.104408,781.870483
34.710707,2.000000,-2765.791504,1.044862,934.393477,236.468887,769.900146,313.741425,314.385864,323.608257,-6.418735,-0.005373,5.735900,-36.917793,-12.503413,-12.615236,239.484314,0.055503,-0.001284,0.000666,0.105000,0.105000,1.250840,83460.992188,1.376076,0.000000,0.000000,0.000000,0.000000,0.000000,0.000000,0.000000,0.000000,0.000000,-35.901985,775.493042
34.762095,2.000000,-2757.276123,1.035876,932.502973,234.578445,763.707275,313.667816,314.292694,323.561600,-6.354471,-0.004234,5.737275,-36.721096,-12.440612,-12.555473,237.539078,0.055429,-0.001273,0.000663,0.105000,0.105000,1.250399,83460.992188,1.375194,0.000000,0.000000,0.000000,0.000000,0.000000,0.000000,0.000000,0.000000,0.000000,-35.705139,769.300171
34.812500,2.000000,-2748.924316,1.026939,930.658461,232.733963,757.664429,313.594269,314.200043,323.514410,-6.291455,-0.003104,5.738715,-36.528503,-12.379130,-12.496872,235.640778,0.055360,-0.001261,0.000660,0.105000,0.105000,1.249977,83460.992188,1.374990,0.000000,0.000000,0.000000,0.000000,0.000000,0.000000,0.000000,0.000000,0.000000,-35.512383,763.257324
34.864777,2.000000,-2740.153320,1.017421,928.755738,230.831314,751.351746,313.516602,314.102020,323.463453,-6.226132,-0.001922,5.740255,-36.326420,-12.314621,-12.435349,233.657394,0.055474,-0.001249,0.000658,0.105000,0.105000,1.249158,83460.992188,1.374167,0.000000,0.000000,0.000000,0.000000,0.000000,0.000000,0.000000,0.000000,0.000000,-35.312706,756.944641
34.915854,2.000000,-2731.718262,1.008141,926.906771,228.982437,745.312927,313.439636,314.006470,323.412852,-6.162340,-0.000755,5.741866,-36.132458,-12.252718,-12.376198,231.759796,0.055368,-0.001239,0.000655,0.105000,0.105000,1.248652,83460.992188,1.373728,0.000000,0.000000,0.000000,0.000000,0.000000,0.000000,0.000000,0.000000,0.000000,-35.118011,750.853210
34.966284,2.000000,-2723.317627,0.998776,925.090987,227.166702,739.329773,313.362427,313.910400,323.361153,-6.099383,0.000409,5.743531,-35.939545,-12.191152,-12.317300,229.879532,0.055372,-0.001228,0.000653,0.105000,0.105000,1.248115,83460.992188,1.373081,0.000000,0.000000,0.000000,0.000000,0.000000,0.000000,0.000000,0.000000,0.000000,-34.926094,744.870056
35.016767,2.000000,-2714.957031,0.989336,923.283000,225.358780,733.406067,313.283997,313.813873,323.308298,-6.036387,0.001583,5.745268,-35.747826,-12.129972,-12.258698,228.017715,0.055308,-0.001215,0.000651,0.105000,0.105000,1.247541,83460.992188,1.372576,0.000000,0.000000,0.000000,0.000000,0.000000,0.000000,0.000000,0.000000,0.000000,-34.734268,738.946350
35.067251,2.000000,-2706.535645,0.979704,921.484673,223.560501,727.470337,313.204346,313.715515,323.253574,-5.973423,0.002767,5.747066,-35.554966,-12.068437,-12.199682,226.151932,0.055348,-0.001204,0.000649,0.105000,0.105000,1.246894,83460.992188,1.372148,0.000000,0.000000,0.000000,0.000000,0.000000,0.000000,0.000000,0.000000,0.000000,-34.542725,733.010559
35.118363,2.000000,-2698.072998,0.969904,919.673842,221.749649,721.536682,313.122528,313.615784,323.197307,-5.909707,0.003976,5.748954,-35.361408,-12.006678,-12.140387,224.286652,0.055299,-0.001193,0.000646,0.105000,0.105000,1.246184,83460.992188,1.371513,0.000000,0.000000,0.000000,0.000000,0.000000,0.000000,0.000000,0.000000,0.000000,-34.349102,727.087830
35.169861,2.000000,-2689.549316,0.959910,917.859357,219.935196,715.592163,313.038879,313.514099,323.139143,-5.845545,0.005203,5.750926,-35.166771,-11.944581,-12.080680,222.417694,0.055257,-0.001181,0.000644,0.105000,0.105000,1.245460,83460.992188,1.371399,0.000000,0.000000,0.000000,0.000000,0.000000,0.000000,0.000000,0.000000,0.000000,-34.154331,721.143250
35.221202,2.000000,-2681.133057,0.949921,916.060400,218.136246,709.753540,312.954407,313.412720,323.080237,-5.781612,0.006435,5.752967,-34.974857,-11.883358,-12.021732,220.581924,0.055092,-0.001172,0.000642,0.105000,0.105000,1.244830,83460.992188,1.371055,0.000000,0.000000,0.000000,0.000000,0.000000,0.000000,0.000000,0.000000,0.000000,-33.960484,715.304626
35.274506,2.000000,-2672.259766,0.939260,914.203218,216.279068,703.631226,312.865326,313.305023,323.016703,-5.715284,0.007726,5.755125,-34.772709,-11.818870,-11.959595,218.656799,0.055140,-0.001159,0.000640,0.105000,0.105000,1.243985,83460.992188,1.370020,0.000000,0.000000,0.000000,0.000000,0.000000,0.000000,0.000000,0.000000,0.000000,-33.759506,709.182373
35.328478,2.000000,-2663.258301,0.928312,912.333694,214.409500,697.455566,312.773895,313.194580,322.950708,-5.648169,0.009043,5.757382,-34.567978,-11.753559,-11.896571,216.714722,0.055225,-0.001145,0.000638,0.105000,0.105000,1.243179,83460.992188,1.369278,0.000000,0.000000,0.000000,0.000000,0.000000,0.000000,0.000000,0.000000,0.000000,-33.556370,703.003174
35.379193,2.000000,-2654.932861,0.918065,910.586968,212.662735,691.775024,312.686920,313.091248,322.888124,-5.585124,0.010289,5.759634,-34.379055,-11.693299,-11.838288,214.928207,0.055067,-0.001136,0.000635,0.105000,0.105000,1.242992,83460.992188,1.368811,0.000000,0.000000,0.000000,0.000000,0.000000,0.000000,0.000000,0.000000,0.000000,-33.365955,697.322632
35.434325,2.000000,-2645.725342,0.906597,908.699119,210.774857,685.527649,312.591003,312.975830,322.817383,-5.516622,0.011654,5.762096,-34.170227,-11.626688,-11.773841,212.963272,0.055203,-0.001123,0.000633,0.105000,0.105000,1.242112,83460.992188,1.368200,0.000000,0.000000,0.000000,0.000000,0.000000,0.000000,0.000000,0.000000,0.000000,-33.159119,691.075317
35.485825,2.000000,-2637.179932,0.895829,906.945923,209.021561,679.762146,312.500214,312.867676,322.750232,-5.452655,0.012939,5.764532,-33.976864,-11.565012,-11.714030,211.149841,0.055203,-0.001113,0.000631,0.105000,0.105000,1.241928,83460.992188,1.367859,0.000000,0.000000,0.000000,0.000000,0.000000,0.000000,0.000000,0.000000,0.000000,-32.966393,685.309753
35.540311,2.000000,-2628.126953,0.884290,905.101919,207.177505,673.688721,312.402832,312.752075,322.677533,-5.385004,0.014309,5.767151,-33.772179,-11.499723,-11.650678,209.239410,0.055258,-0.001099,0.000629,0.105000,0.105000,1.241366,83460.992188,1.367043,0.000000,0.000000,0.000000,0.000000,0.000000,0.000000,0.000000,0.000000,0.000000,-32.762722,679.229858
35.591956,2.000000,-2619.600586,0.873300,903.364301,205.439835,668.000732,312.309357,312.642090,322.607623,-5.320894,0.015615,5.769764,-33.579807,-11.438363,-11.591013,207.450165,0.055198,-0.001089,0.000627,0.105000,0.105000,1.241299,83460.992188,1.366546,0.000000,0.000000,0.000000,0.000000,0.000000,0.000000,0.000000,0.000000,0.000000,-32.570118,673.541870
35.647447,2.000000,-2610.299072,0.861175,901.508366,203.583755,661.831299,312.207794,312.520935,322.529674,-5.252014,0.017026,5.772684,-33.370274,-11.371529,-11.525928,205.509399,0.055352,-0.001076,0.000624,0.105000,0.105000,1.241346,83460.992188,1.366100,0.000000,0.000000,0.000000,0.000000,0.000000,0.000000,0.000000,0.000000,0.000000,-32.363541,667.372437
35.702670,2.000000,-2601.240479,0.849232,899.672846,201.748123,655.858704,312.105255,312.401855,322.452230,-5.183476,0.018443,5.775610,-33.166298,-11.306461,-11.462550,203.630463,0.055268,-0.001065,0.000622,0.105000,0.105000,1.240659,83460.992188,1.365802,0.000000,0.000000,0.000000,0.000000,0.000000,0.000000,0.000000,0.000000,0.000000,-32.158085,661.399841
35.756288,2.000000,-2592.343994,0.837375,897.901524,199.976761,650.027222,312.004486,312.283997,322.374638,-5.116964,0.019827,5.778562,-32.966328,-11.242667,-11.400309,201.795853,0.055310,-0.001054,0.000620,0.105000,0.105000,1.240462,83460.992188,1.364791,0.000000,0.000000,0.000000,0.000000,0.000000,0.000000,0.000000,0.000000,0.000000,-31.959063,655.527466
35.812818,2.000000,-2582.998291,0.824784,896.045547,198.120560,643.937561,311.897003,312.158844,322.291380,-5.046835,0.021295,5.781827,-32.756710,-11.175798,-11.334926,199.880020,0.055276,-0.001040,0.000617,0.105000,0.105000,1.240737,83460.992188,1.364353,0.000000,0.000000,0.000000,0.000000,0.000000,0.000000,0.000000,0.000000,0.000000,-31.749695,649.437866
35.862865,2.000000,-2574.705078,0.813494,894.412311,196.487381,638.565002,311.800720,312.046814,322.216072,-4.984741,0.022602,5.784804,-32.570908,-11.116522,-11.276908,198.189728,0.055290,-0.001030,0.000615,0.105000,0.105000,1.240892,83460.992188,1.363839,0.000000,0.000000,0.000000,0.000000,0.000000,0.000000,0.000000,0.000000,0.000000,-31.564600,644.065247
35.918283,2.000000,-2565.698486,0.801108,892.614662,194.689835,632.763428,311.692749,311.923309,322.132844,-4.915984,0.024058,5.788120,-32.369270,-11.052186,-11.213900,196.364456,0.055110,-0.001019,0.000613,0.105000,0.105000,1.240350,83460.992188,1.364816,0.000000,0.000000,0.000000,0.000000,0.000000,0.000000,0.000000,0.000000,0.000000,-31.359751,638.272034
35.971240,2.000000,-2556.755127,0.788683,890.907449,192.982620,627.036804,311.588470,311.800629,322.048667,-4.850307,0.025458,5.791394,-32.169243,-10.988357,-11.151336,194.562729,0.055419,-0.001008,0.000611,0.105000,0.105000,1.240263,83460.992188,1.363069,0.000000,0.000000,0.000000,0.000000,0.000000,0.000000,0.000000,0.000000,0.000000,-31.164425,632.545410
36.024280,2.000000,-2547.967285,0.776353,889.207943,191.283096,621.442810,311.482849,311.678375,321.964430,-4.784520,0.026868,5.794779,-31.973085,-10.925759,-11.089859,192.802750,0.055477,-0.000997,0.000608,0.105000,0.105000,1.240322,83460.992188,1.362995,0.000000,0.000000,0.000000,0.000000,0.000000,0.000000,0.000000,0.000000,0.000000,-30.969124,626.951416
36.075793,2.000000,-2539.490967,0.764347,887.567287,189.642410,616.078247,311.379242,311.559753,321.881766,-4.720619,0.028245,5.798183,-31.784138,-10.865456,-11.030561,191.114914,0.055413,-0.000988,0.000606,0.105000,0.105000,1.240672,83460.992188,1.362076,0.000000,0.000000,0.000000,0.000000,0.000000,0.000000,0.000000,0.000000,0.000000,-30.779806,621.586853
36.131522,2.000000,-2530.264648,0.751152,885.803396,187.878494,610.273438,311.265808,311.428345,321.790292,-4.651476,0.029741,5.801891,-31.578691,-10.799877,-10.966014,189.288620,0.055547,-0.000973,0.000604,0.105000,0.105000,1.240294,83460.992188,1.364208,0.000000,0.000000,0.000000,0.000000,0.000000,0.000000,0.000000,0.000000,0.000000,-30.575085,615.823486
36.182572,2.000000,-2521.830566,0.738977,884.197588,186.272781,604.998657,311.160858,311.308929,321.705166,-4.588142,0.031120,5.805457,-31.391054,-10.739977,-10.907008,187.629074,0.055508,-0.000964,0.000601,0.105000,0.105000,1.240899,83460.992188,1.361038,0.000000,0.000000,0.000000,0.000000,0.000000,0.000000,0.000000,0.000000,0.000000,-30.388092,610.548645
36.233337,2.000000,-2513.416992,0.726722,882.610229,184.685501,599.766357,311.055328,311.187897,321.618942,-4.525137,0.032498,5.809085,-31.204214,-10.680323,-10.848139,185.983002,0.055564,-0.000953,0.000599,0.105000,0.105000,1.241379,83460.992188,1.360703,0.000000,0.000000,0.000000,0.000000,0.000000,0.000000,0.000000,0.000000,0.000000,-30.202364,605.316406
36.283601,2.000000,-2505.085449,0.714481,881.047840,183.123184,594.614624,310.949890,311.067047,321.532214,-4.462730,0.033870,5.812766,-31.019390,-10.621304,-10.789843,184.362274,0.055628,-0.000944,0.000597,0.105000,0.105000,1.241824,83460.992188,1.360508,0.000000,0.000000,0.000000,0.000000,0.000000,0.000000,0.000000,0.000000,0.000000,-30.018705,600.164612
36.334571,2.000000,-2496.697510,0.702052,879.472955,181.548355,589.457397,310.841858,310.944366,321.443588,-4.399425,0.035269,5.816579,-30.833467,-10.561925,-10.731148,182.739899,0.055605,-0.000932,0.000595,0.105000,0.105000,1.242177,83460.992188,1.360090,0.000000,0.000000,0.000000,0.000000,0.000000,0.000000,0.000000,0.000000,0.000000,-29.832689,595.026001
36.384880,2.000000,-2488.420898,0.689684,877.927805,180.003250,584.397766,310.734222,310.822144,321.354695,-4.336923,0.036654,5.820435,-30.650230,-10.503397,-10.673229,181.148224,0.055585,-0.000923,0.000592,0.105000,0.105000,1.242573,83460.992188,1.359902,0.000000,0.000000,0.000000,0.000000,0.000000,0.000000,0.000000,0.000000,0.000000,-29.649340,589.966370
36.440875,2.000000,-2479.132568,0.675682,876.218884,178.294388,578.753662,310.613098,310.684021,321.253463,-4.267332,0.038206,5.824822,-30.444775,-10.437758,-10.608222,179.372818,0.055692,-0.000909,0.000590,0.105000,0.105000,1.242998,83460.992188,1.359445,0.000000,0.000000,0.000000,0.000000,0.000000,0.000000,0.000000,0.000000,0.000000,-29.445536,584.322266
36.491185,2.000000,-2470.836182,0.663066,874.693220,176.768753,573.742920,310.503265,310.559601,321.161752,-4.204789,0.039605,5.828840,-30.261444,-10.379172,-10.550154,177.796692,0.055717,-0.000898,0.000588,0.105000,0.105000,1.243337,83460.992188,1.359061,0.000000,0.000000,0.000000,0.000000,0.000000,0.000000,0.000000,0.000000,0.000000,-29.262661,579.311584
36.544496,2.000000,-2462.166504,0.649774,873.086629,175.162186,568.537659,310.385559,310.428314,321.064495,-4.138498,0.041096,5.833153,-30.069994,-10.317980,-10.489469,176.159424,0.055580,-0.000889,0.000585,0.105000,0.105000,1.243395,83460.992188,1.359055,0.000000,0.000000,0.000000,0.000000,0.000000,0.000000,0.000000,0.000000,0.000000,-29.069046,574.159790
36.598666,2.000000,-2453.236084,0.635966,871.464752,173.540298,563.208740,310.264862,310.292145,320.962847,-4.071142,0.042616,5.837603,-29.872950,-10.254984,-10.426952,174.483337,0.055648,-0.000878,0.000583,0.105000,0.105000,1.243448,83460.992188,1.358569,0.000000,0.000000,0.000000,0.000000,0.000000,0.000000,0.000000,0.000000,0.000000,-28.872572,568.830872
36.652904,2.000000,-2444.275146,0.621993,869.851522,171.927078,557.895081,310.142853,310.154297,320.859272,-4.003695,0.044145,5.842152,-29.675486,-10.191841,-10.364215,172.812134,0.055747,-0.000869,0.000580,0.105000,0.105000,1.243689,83460.992188,1.358124,0.000000,0.000000,0.000000,0.000000,0.000000,0.000000,0.000000,0.000000,0.000000,-28.676172,563.517151
36.707384,2.000000,-2435.320313,0.607912,868.241900,170.317398,552.618652,310.018982,310.015198,320.754362,-3.935947,0.045687,5.846706,-29.478163,-10.128722,-10.301517,171.152695,0.055864,-0.000856,0.000578,0.105000,0.105000,1.243070,83460.992188,1.358303,0.000000,0.000000,0.000000,0.000000,0.000000,0.000000,0.000000,0.000000,0.000000,-28.478930,558.240723
36.763256,2.000000,-2426.163818,0.593395,866.602279,168.677811,547.257996,309.890747,309.872284,320.645389,-3.866471,0.047275,5.851589,-29.276917,-10.064341,-10.237397,169.466858,0.055815,-0.000847,0.000575,0.105000,0.105000,1.243928,83460.992188,1.357029,0.000000,0.000000,0.000000,0.000000,0.000000,0.000000,0.000000,0.000000,0.000000,-28.277338,552.723938
36.814651,2.000000,-2417.572754,0.579664,865.103978,167.179459,542.259888,309.771729,309.736877,320.541636,-3.802509,0.048743,5.856229,-29.088425,-10.004028,-10.177228,167.895218,0.056037,-0.000836,0.000573,0.105000,0.105000,1.245068,83460.992188,1.356636,0.000000,0.000000,0.000000,0.000000,0.000000,0.000000,0.000000,0.000000,0.000000,-28.092237,547.725830
36.865915,2.000000,-2409.153076,0.566105,863.618994,165.694412,537.391235,309.651886,309.603180,320.438594,-3.738654,0.050213,5.860959,-28.903826,-9.944945,-10.118249,166.364380,0.056016,-0.000827,0.000570,0.105000,0.105000,1.246109,83460.992188,1.356205,0.000000,0.000000,0.000000,0.000000,0.000000,0.000000,0.000000,0.000000,0.000000,-27.907804,542.857178
36.918424,2.000000,-2400.605225,0.552236,862.107779,164.183182,532.478516,309.528137,309.466187,320.332735,-3.673197,0.051723,5.865873,-28.716520,-9.884974,-10.058363,164.819824,0.055899,-0.000818,0.000568,0.105000,0.105000,1.246830,83460.992188,1.356392,0.000000,0.000000,0.000000,0.000000,0.000000,0.000000,0.000000,0.000000,0.000000,-27.719027,537.944458
36.972473,2.000000,-2391.611328,0.537533,860.562631,162.638138,527.342407,309.399475,309.321045,320.219876,-3.605796,0.053284,5.870982,-28.519484,-9.821867,-9.995346,163.205093,0.056134,-0.000806,0.000565,0.105000,0.105000,1.247249,83460.992188,1.355888,0.000000,0.000000,0.000000,0.000000,0.000000,0.000000,0.000000,0.000000,0.000000,-27.524862,532.867371
37.025819,2.000000,-2382.873535,0.523140,859.047888,161.123489,522.384460,309.271332,309.178864,320.108708,-3.539240,0.054830,5.876137,-28.328306,-9.760620,-9.934113,161.646561,0.056121,-0.000797,0.000563,0.105000,0.105000,1.247927,83460.992188,1.355671,0.000000,0.000000,0.000000,0.000000,0.000000,0.000000,0.000000,0.000000,0.000000,-27.333534,527.909485
37.081704,2.000000,-2373.685547,0.507892,857.472048,159.547684,517.205383,309.135834,309.028168,319.990273,-3.469481,0.056455,5.881590,-28.127319,-9.696207,-9.869716,160.018585,0.056206,-0.000785,0.000560,0.105000,0.105000,1.248215,83460.992188,1.355206,0.000000,0.000000,0.000000,0.000000,0.000000,0.000000,0.000000,0.000000,0.000000,-27.133228,522.730408
37.135791,2.000000,-2364.966797,0.493313,855.957572,158.033279,512.322998,309.003418,308.884064,319.876375,-3.401942,0.058034,5.887002,-27.936926,-9.635172,-9.808596,158.484039,0.055954,-0.000776,0.000558,0.105000,0.105000,1.249091,83460.992188,1.354849,0.000000,0.000000,0.000000,0.000000,0.000000,0.000000,0.000000,0.000000,0.000000,-26.939775,517.847961
37.190792,2.000000,-2355.806641,0.477884,854.428269,156.504044,507.227295,308.867584,308.731110,319.755271,-3.333222,0.059645,5.892549,-27.736992,-9.571053,-9.744372,156.882584,0.056261,-0.000763,0.000555,0.105000,0.105000,1.249444,83460.992188,1.355752,0.000000,0.000000,0.000000,0.000000,0.000000,0.000000,0.000000,0.000000,0.000000,-26.743139,512.781311
37.243547,2.000000,-2347.033691,0.463000,852.971585,155.047318,502.379425,308.736176,308.584198,319.637725,-3.267284,0.061196,5.897998,-27.545656,-9.509670,-9.682851,155.359192,0.056465,-0.000754,0.000553,0.105000,0.105000,1.250358,83460.992188,1.354055,0.000000,0.000000,0.000000,0.000000,0.000000,0.000000,0.000000,0.000000,0.000000,-26.554922,507.933411
37.299275,2.000000,-2337.962158,0.447500,851.443594,153.519424,497.399872,308.596252,308.430603,319.514515,-3.197561,0.062839,5.903913,-27.348166,-9.446298,-9.619223,153.794586,0.056333,-0.000746,0.000550,0.105000,0.105000,1.251734,83460.992188,1.353776,0.000000,0.000000,0.000000,0.000000,0.000000,0.000000,0.000000,0.000000,0.000000,-26.356441,502.953857
37.352646,2.000000,-2329.141846,0.432323,849.990655,152.066483,492.590912,308.461090,308.280029,319.393351,-3.130742,0.064417,5.909584,-27.156090,-9.384632,-9.557347,152.283691,0.056512,-0.000736,0.000547,0.105000,0.105000,1.252178,83460.992188,1.354055,0.000000,0.000000,0.000000,0.000000,0.000000,0.000000,0.000000,0.000000,0.000000,-26.166338,498.179718
37.403354,2.000000,-2320.814941,0.417898,848.619615,150.695450,488.080200,308.331573,308.136932,319.277615,-3.067222,0.065920,5.915090,-26.974962,-9.326461,-9.498920,150.866684,0.056554,-0.000728,0.000545,0.105000,0.105000,1.253025,83460.992188,1.353712,0.000000,0.000000,0.000000,0.000000,0.000000,0.000000,0.000000,0.000000,0.000000,-25.986038,493.668976
37.454170,2.000000,-2312.516602,0.403430,847.254852,149.330643,483.613464,308.200684,307.993317,319.161018,-3.003525,0.067430,5.920676,-26.794569,-9.268502,-9.440685,149.463608,0.056528,-0.000721,0.000543,0.105000,0.105000,1.253775,83460.992188,1.353587,0.000000,0.000000,0.000000,0.000000,0.000000,0.000000,0.000000,0.000000,0.000000,-25.805519,489.202240
37.505547,2.000000,-2304.175293,0.388796,845.884376,147.960220,479.152130,308.067322,307.848053,319.042553,-2.939089,0.068961,5.926387,-26.613323,-9.210245,-9.382138,148.062363,0.056428,-0.000711,0.000540,0.105000,0.105000,1.254422,83460.992188,1.353305,0.000000,0.000000,0.000000,0.000000,0.000000,0.000000,0.000000,0.000000,0.000000,-25.623171,484.740936
37.558775,2.000000,-2295.472900,0.373429,844.474445,146.550186,474.528229,307.927856,307.695099,318.917474,-2.872307,0.070551,5.932341,-26.424294,-9.149462,-9.321046,146.610199,0.056468,-0.000701,0.000538,0.105000,0.105000,1.254779,83460.992188,1.353302,0.000000,0.000000,0.000000,0.000000,0.000000,0.000000,0.000000,0.000000,0.000000,-25.434376,480.019775
37.615406,2.000000,-2286.171143,0.356895,842.985461,145.061172,469.620361,307.778107,307.530701,318.782310,-2.801250,0.072247,5.938694,-26.222250,-9.084460,-9.255734,145.069000,0.056613,-0.000692,0.000535,0.105000,0.105000,1.254831,83460.992188,1.352522,0.000000,0.000000,0.000000,0.000000,0.000000,0.000000,0.000000,0.000000,0.000000,-25.233656,475.111908
37.670035,2.000000,-2277.162842,0.340776,841.559854,143.635513,464.901062,307.632751,307.370178,318.649786,-2.732665,0.073887,5.945027,-26.027109,-9.021659,-9.192468,143.587219,0.056728,-0.000682,0.000532,0.105000,0.105000,1.256140,83460.992188,1.352286,0.000000,0.000000,0.000000,0.000000,0.000000,0.000000,0.000000,0.000000,0.000000,-25.040607,470.392609
37.722198,2.000000,-2268.594727,0.325347,840.208498,142.284073,460.443420,307.492767,307.216400,318.522334,-2.667130,0.075455,5.951094,-25.841454,-8.961880,-9.132284,142.187714,0.056837,-0.000674,0.000530,0.105000,0.105000,1.256721,83460.992188,1.352070,0.000000,0.000000,0.000000,0.000000,0.000000,0.000000,0.000000,0.000000,0.000000,-24.856297,465.934967
37.773170,2.000000,-2260.313477,0.310346,838.897297,140.972733,456.163513,307.354797,307.066620,318.397878,-2.603051,0.076992,5.957109,-25.662184,-8.904131,-9.074100,140.844193,0.056778,-0.000665,0.000528,0.105000,0.105000,1.257448,83460.992188,1.352219,0.000000,0.000000,0.000000,0.000000,0.000000,0.000000,0.000000,0.000000,0.000000,-24.676420,461.721588
37.824533,2.000000,-2252.013184,0.295225,837.585399,139.660782,451.902191,307.214569,306.914856,318.271849,-2.538459,0.078543,5.963129,-25.482504,-8.846221,-9.015778,139.506592,0.056770,-0.000655,0.000525,0.105000,0.105000,1.257150,83460.992188,1.354685,0.000000,0.000000,0.000000,0.000000,0.000000,0.000000,0.000000,0.000000,0.000000,-24.495077,457.460266
37.874735,2.000000,-2244.052002,0.280640,836.312163,138.387405,447.841461,307.076569,306.769440,318.149796,-2.475329,0.080062,5.969105,-25.310175,-8.790653,-8.959826,138.232086,0.056401,-0.000648,0.000523,0.105000,0.105000,1.257488,83460.992188,1.352944,0.000000,0.000000,0.000000,0.000000,0.000000,0.000000,0.000000,0.000000,0.000000,-24.318199,453.399536
37.927613,2.000000,-2235.069336,0.264090,834.980656,137.055801,443.290924,306.930237,306.604156,318.010568,-2.408819,0.081665,5.975492,-25.115942,-8.727995,-8.896682,136.804016,0.057026,-0.000638,0.000520,0.105000,0.105000,1.258242,83460.992188,1.351014,0.000000,0.000000,0.000000,0.000000,0.000000,0.000000,0.000000,0.000000,0.000000,-24.132208,448.848969
37.981919,2.000000,-2226.179932,0.247614,833.623462,135.698502,438.820160,306.778778,306.438812,317.871193,-2.340464,0.083315,5.982133,-24.924030,-8.666060,-8.834182,135.401138,0.057126,-0.000629,0.000518,0.105000,0.105000,1.258987,83460.992188,1.351372,0.000000,0.000000,0.000000,0.000000,0.000000,0.000000,0.000000,0.000000,0.000000,-23.941401,444.300598
38.034382,2.000000,-2217.691162,0.231787,832.322182,134.397293,434.580963,306.631378,306.280060,317.736741,-2.274381,0.084912,5.988658,-24.740915,-8.606933,-8.774484,134.071121,0.057019,-0.000621,0.000515,0.105000,0.105000,1.259998,83460.992188,1.350947,0.000000,0.000000,0.000000,0.000000,0.000000,0.000000,0.000000,0.000000,0.000000,-23.757355,440.061371
38.089300,2.000000,-2208.717041,0.214959,830.970402,133.045547,430.131470,306.475830,306.110931,317.593123,-2.205168,0.086587,5.995514,-24.547333,-8.544391,-8.711360,132.675278,0.057113,-0.000610,0.000512,0.105000,0.105000,1.260539,83460.992188,1.350890,0.000000,0.000000,0.000000,0.000000,0.000000,0.000000,0.000000,0.000000,0.000000,-23.564766,435.611877
38.142431,2.000000,-2199.965820,0.198455,829.672691,131.747818,425.824249,306.324158,305.944885,317.451612,-2.138174,0.088211,6.002235,-24.358730,-8.483426,-8.649792,131.324219,0.057308,-0.000601,0.000510,0.105000,0.105000,1.261307,83460.992188,1.350376,0.000000,0.000000,0.000000,0.000000,0.000000,0.000000,0.000000,0.000000,0.000000,-23.378727,431.304657
38.196713,2.000000,-2191.132568,0.181700,828.357453,130.432632,421.509338,306.167053,305.776001,317.307876,-2.069856,0.089891,6.007738,-24.165779,-8.420951,-8.587651,129.970627,0.050510,-0.000652,0.000496,0.105000,0.105000,1.248822,83460.992188,1.365217,0.000000,0.000000,0.000000,0.000000,0.000000,0.000000,0.000000,0.000000,0.000000,-23.185219,427.106598
38.251062,2.000000,-2182.401367,0.165048,827.050988,129.126053,417.275879,306.009674,305.607544,317.165090,-2.002656,0.091586,6.011339,-23.971710,-8.357991,-8.526221,128.642654,0.052417,-0.000589,0.000492,0.105000,0.105000,1.227698,83460.992188,1.357538,0.000000,0.000000,0.000000,0.000000,0.000000,0.000000,0.000000,0.000000,0.000000,-22.989582,422.873138
38.303861,2.000000,-2173.739014,0.148439,825.791887,127.867081,413.107239,305.855774,305.439728,317.021443,-1.938146,0.093214,6.015219,-23.782669,-8.296705,-8.465276,127.334969,0.053976,-0.000572,0.000491,0.105000,0.105000,1.218006,83460.992188,1.352150,0.000000,0.000000,0.000000,0.000000,0.000000,0.000000,0.000000,0.000000,0.000000,-22.802963,418.704498
38.359915,2.000000,-2164.625977,0.130871,824.465930,126.541214,408.755249,305.691071,305.262024,316.868305,-1.870000,0.094944,6.019793,-23.586267,-8.233054,-8.401154,125.969780,0.055123,-0.000559,0.000490,0.105000,0.105000,1.214650,83460.992188,1.348868,0.000000,0.000000,0.000000,0.000000,0.000000,0.000000,0.000000,0.000000,0.000000,-22.607241,414.352509
38.413850,2.000000,-2155.872314,0.113904,823.200422,125.275772,404.606598,305.531647,305.090576,316.719526,-1.804453,0.096613,6.024749,-23.399330,-8.172471,-8.339543,124.668610,0.055887,-0.000547,0.000488,0.105000,0.105000,1.216297,83460.992188,1.346061,0.000000,0.000000,0.000000,0.000000,0.000000,0.000000,0.000000,0.000000,0.000000,-22.420721,410.092285
38.470820,2.000000,-2146.673096,0.095979,821.874651,123.950089,400.280212,305.361908,304.909058,316.561464,-1.735042,0.098378,6.030502,-23.204000,-8.109154,-8.274778,123.311935,0.056466,-0.000535,0.000486,0.105000,0.105000,1.220416,83460.992188,1.345007,0.000000,0.000000,0.000000,0.000000,0.000000,0.000000,0.000000,0.000000,0.000000,-22.224812,405.765900
38.521092,2.000000,-2138.479980,0.079932,820.714037,122.789505,396.455658,305.211212,304.746552,316.419271,-1.673555,0.099939,6.036036,-23.030666,-8.052945,-8.217077,122.112900,0.056989,-0.000522,0.000484,0.105000,0.105000,1.225486,83460.992188,1.343658,0.000000,0.000000,0.000000,0.000000,0.000000,0.000000,0.000000,0.000000,0.000000,-22.052683,401.941345
38.571209,2.000000,-2130.363037,0.063958,819.565635,121.641129,392.693207,305.060089,304.584595,316.277167,-1.611999,0.101498,6.041787,-22.859161,-7.997299,-8.162490,120.933510,0.055352,-0.000515,0.000482,0.105000,0.105000,1.229633,83460.992188,1.345897,0.000000,0.000000,0.000000,0.000000,0.000000,0.000000,0.000000,0.000000,0.000000,-21.881130,398.178894
38.626444,2.000000,-2121.403076,0.046239,818.310103,120.385635,388.571167,304.892303,304.404419,316.119757,-1.544356,0.103217,6.046275,-22.665911,-7.934453,-8.110161,119.640503,0.048565,-0.000504,0.000479,0.105000,0.105000,1.216103,83460.992188,1.358520,0.000000,0.000000,0.000000,0.000000,0.000000,0.000000,0.000000,0.000000,0.000000,-21.687473,394.084473
38.684405,2.000000,-2112.252930,0.028050,817.004363,119.079910,384.396240,304.715179,304.217590,315.957958,-1.475121,0.105145,6.046354,-22.460730,-7.867506,-8.064395,118.328423,0.037781,-0.000691,0.000427,0.105000,0.105000,1.170623,83460.992188,1.373161,0.000000,0.000000,0.000000,0.000000,0.000000,0.000000,0.000000,0.000000,0.000000,-21.476084,389.909546
38.734647,2.000000,-2103.792236,0.011148,815.882657,117.958206,380.568726,304.560730,304.040436,315.805324,-1.417994,0.106892,6.041062,-22.263596,-7.803031,-8.028117,117.121719,0.026133,-0.000728,0.000382,0.105000,0.105000,1.103959,83460.992188,1.387434,0.000000,0.000000,0.000000,0.000000,0.000000,0.000000,0.000000,0.000000,0.000000,-21.285734,386.082001
38.790122,2.000000,-2094.796387,-0.006911,814.655469,116.731033,376.534882,304.389465,303.847107,315.639580,-1.359674,0.108850,6.027891,-22.046200,-7.731771,-7.995063,115.844673,0.012493,-0.000758,0.000338,0.105000,0.105000,1.000119,83460.992188,1.400691,0.000000,0.000000,0.000000,0.000000,0.000000,0.000000,0.000000,0.000000,0.000000,-21.068174,382.056030
38.842633,2.000000,-2087.050781,-0.022532,813.505227,115.580826,373.092346,304.226288,303.676910,315.494094,-1.310578,0.110722,6.007339,-21.853710,-7.668562,-7.970548,114.749458,0.001281,-0.000789,0.000301,0.105000,0.105000,0.875494,83460.992188,1.408664,0.000000,0.000000,0.000000,0.000000,0.000000,0.000000,0.000000,0.000000,0.000000,-20.856602,378.613525
38.896391,2.000000,-2077.537842,-0.041807,812.339256,114.414749,368.904358,304.058655,303.464142,315.312274,-1.267676,0.112653,5.977653,-21.612963,-7.589395,-7.944685,113.409187,-0.013620,-0.000806,0.000268,0.105000,0.105000,0.725682,83460.992188,1.415430,0.000000,0.000000,0.000000,0.000000,0.000000,0.000000,0.000000,0.000000,0.000000,-20.636393,374.425507
38.946576,2.000000,-2069.378906,-0.058417,811.261575,113.337112,365.347931,303.901611,303.278961,315.153826,-1.235389,0.114466,5.941694,-21.404572,-7.520795,-7.925634,112.263481,-0.024973,-0.000823,0.000241,0.105000,0.105000,0.569968,83460.992188,1.415526,0.000000,0.000000,0.000000,0.000000,0.000000,0.000000,0.000000,0.000000,0.000000,-20.429554,370.869080
38.999554,2.000000,-2060.799805,-0.075958,810.135174,112.210648,361.643860,303.735718,303.082825,314.985087,-1.210127,0.116386,5.895122,-21.185862,-7.448758,-7.908147,111.062195,-0.035589,-0.000833,0.000215,0.105000,0.105000,0.393259,83460.992188,1.411981,0.000000,0.000000,0.000000,0.000000,0.000000,0.000000,0.000000,0.000000,0.000000,-20.211964,367.137665
39.051618,2.000000,-2052.418457,-0.093169,809.039386,111.114761,358.060028,303.572662,302.890594,314.818660,-1.194613,0.118276,5.841150,-20.975086,-7.379327,-7.893078,109.891716,-0.044434,-0.000844,0.000193,0.105000,0.105000,0.213437,83460.992188,1.403215,0.000000,0.000000,0.000000,0.000000,0.000000,0.000000,0.000000,0.000000,0.000000,-20.001505,363.553802
39.103889,2.000000,-2043.920776,-0.110691,807.950153,110.025589,354.461090,303.409241,302.696411,314.648912,-1.188495,0.120171,5.779434,-20.766806,-7.310746,-7.879353,108.707939,-0.052053,-0.000849,0.000174,0.105000,0.105000,0.032252,83460.992188,1.390385,0.000000,0.000000,0.000000,0.000000,0.000000,0.000000,0.000000,0.000000,0.000000,-19.795965,359.954865
39.155954,2.000000,-2035.568970,-0.127980,806.875725,108.951248,350.956696,303.247070,302.506500,314.481151,-1.191720,0.122059,5.711245,-20.569336,-7.245793,-7.866946,107.547249,-0.057682,-0.000855,0.000159,0.105000,0.105000,-0.143956,83460.992188,1.373406,0.000000,0.000000,0.000000,0.000000,0.000000,0.000000,0.000000,0.000000,0.000000,-19.598917,356.450500
39.208647,2.000000,-2027.046387,-0.145688,805.798558,107.874161,347.412842,303.083832,302.314880,314.309712,-1.204107,0.123964,5.636454,-20.377314,-7.182735,-7.854975,106.365585,-0.061931,-0.000851,0.000146,0.105000,0.105000,-0.313865,83460.992188,1.352572,0.000000,0.000000,0.000000,0.000000,0.000000,0.000000,0.000000,0.000000,0.000000,-19.409328,352.925018
39.262662,2.000000,-2018.325073,-0.163873,804.704449,106.780106,343.818054,302.917786,302.121704,314.134239,-1.225748,0.125958,5.554942,-20.192518,-7.122203,-7.843032,105.159241,-0.064531,-0.000934,0.000163,0.105000,0.105000,-0.474758,83460.992188,1.328014,0.000000,0.000000,0.000000,0.000000,0.000000,0.000000,0.000000,0.000000,0.000000,-19.226992,349.330231
39.318080,2.000000,-2009.419067,-0.182500,803.591800,105.667557,340.177887,302.749115,301.928436,313.955682,-1.256498,0.128022,5.467618,-20.017666,-7.065131,-7.830751,103.930405,-0.065300,-0.000914,0.000181,0.105000,0.105000,-0.622503,83460.992188,1.300678,0.000000,0.000000,0.000000,0.000000,0.000000,0.000000,0.000000,0.000000,0.000000,-19.054092,345.690063
39.373859,2.000000,-2000.430542,-0.201352,802.481161,104.556900,336.532928,302.581390,301.738190,313.776590,-1.295109,0.130072,5.377473,-19.856705,-7.012848,-7.817877,102.693413,-0.064412,-0.000883,0.000196,0.105000,0.105000,-0.750314,83460.992188,1.271175,0.000000,0.000000,0.000000,0.000000,0.000000,0.000000,0.000000,0.000000,0.000000,-18.895840,342.045105
39.427023,2.000000,-1991.783569,-0.219537,801.430392,103.506241,333.051056,302.423737,301.559845,313.605478,-1.337922,0.132000,5.290894,-19.717424,-6.967905,-7.804698,101.506638,-0.062178,-0.000847,0.000209,0.105000,0.105000,-0.850335,83460.992188,1.241079,0.000000,0.000000,0.000000,0.000000,0.000000,0.000000,0.000000,0.000000,0.000000,-18.760561,338.527649
39.479900,2.000000,-1983.278198,-0.237467,800.392027,102.467850,329.647064,302.269592,301.389343,313.438666,-1.385134,0.133892,5.205537,-19.596006,-6.929066,-7.790682,100.342552,-0.058437,-0.000810,0.000221,0.105000,0.105000,-0.926716,83460.992188,1.210649,0.000000,0.000000,0.000000,0.000000,0.000000,0.000000,0.000000,0.000000,0.000000,-18.641645,335.123657
39.532937,2.000000,-1974.865112,-0.255243,799.356429,101.432327,326.297638,302.117584,301.225616,313.275028,-1.435865,0.135768,5.122029,-19.491369,-6.895989,-7.775536,99.194466,-0.053420,-0.000774,0.000232,0.105000,0.105000,-0.979015,83460.992188,1.180332,0.000000,0.000000,0.000000,0.000000,0.000000,0.000000,0.000000,0.000000,0.000000,-18.538237,331.774231
39.587601,2.000000,-1965.957642,-0.274104,798.294369,100.370193,322.767578,301.963806,301.057404,313.103352,-1.490307,0.137680,5.039529,-19.397278,-6.866745,-7.757857,97.982819,-0.047315,-0.000735,0.000242,0.105000,0.105000,-1.006786,83460.992188,1.148898,0.000000,0.000000,0.000000,0.000000,0.000000,0.000000,0.000000,0.000000,0.000000,-18.448191,328.244171
39.639817,2.000000,-1957.593872,-0.291850,797.284066,99.359879,319.465424,301.819763,300.904419,312.943688,-1.543030,0.139487,4.965302,-19.324276,-6.844604,-7.739509,96.849037,-0.040515,-0.000693,0.000252,0.105000,0.105000,-1.008615,83460.992188,1.120145,0.000000,0.000000,0.000000,0.000000,0.000000,0.000000,0.000000,0.000000,0.000000,-18.377468,325.092743
39.692633,2.000000,-1949.114014,-0.309876,796.265528,98.341324,316.127075,301.677063,300.753052,312.782423,-1.595736,0.141208,4.896088,-19.265200,-6.827362,-7.718989,95.703659,-0.033068,-0.000510,0.000306,0.105000,0.105000,-0.984135,83460.992188,1.091023,0.000000,0.000000,0.000000,0.000000,0.000000,0.000000,0.000000,0.000000,0.000000,-18.320953,321.754425
39.744982,2.000000,-1940.647461,-0.327906,795.258575,97.334305,312.801086,301.538391,300.604248,312.620327,-1.645948,0.142853,4.834514,-19.220709,-6.815242,-7.696412,94.564522,-0.025227,-0.000455,0.000354,0.105000,0.105000,-0.933364,83460.992188,1.064323,0.000000,0.000000,0.000000,0.000000,0.000000,0.000000,0.000000,0.000000,0.000000,-18.279169,318.428436
39.797477,2.000000,-1932.305908,-0.345699,794.250685,96.326370,309.528687,301.402252,300.459381,312.459655,-1.692966,0.144492,4.780584,-19.189642,-6.807796,-7.671985,93.446838,-0.017249,-0.000414,0.000394,0.105000,0.105000,-0.859031,83460.992188,1.040956,0.000000,0.000000,0.000000,0.000000,0.000000,0.000000,0.000000,0.000000,0.000000,-18.250002,315.156036
39.848794,2.000000,-1924.064087,-0.363308,793.266621,95.342239,306.297821,301.271576,300.317780,312.299991,-1.734600,0.146090,4.736043,-19.169989,-6.804334,-7.645607,92.347321,-0.008995,-0.000376,0.000427,0.105000,0.105000,-0.766299,83460.992188,1.020656,0.000000,0.000000,0.000000,0.000000,0.000000,0.000000,0.000000,0.000000,0.000000,-18.232410,311.908386
39.902658,2.000000,-1915.456055,-0.381729,792.234440,94.310013,302.923981,301.136902,300.171356,312.132527,-1.772653,0.147766,4.698434,-19.159534,-6.804272,-7.615577,91.204376,-0.000129,-0.000338,0.000455,0.105000,0.105000,-0.650896,83460.992188,1.002728,0.000000,0.000000,0.000000,0.000000,0.000000,0.000000,0.000000,0.000000,0.000000,-18.223852,308.534546
39.956011,2.000000,-1906.926514,-0.400012,791.212290,93.287735,299.579834,301.005615,300.027527,311.965745,-1.803738,0.149427,4.670874,-19.157982,-6.807329,-7.583236,90.077644,0.008835,-0.000304,0.000477,0.105000,0.105000,-0.519928,83460.992188,0.987044,0.000000,0.000000,1.000000,0.002504,0.002044,0.002679,0.000000,0.000000,0.000000,-18.224094,305.190399
40.008805,2.000000,-1898.350586,-0.418420,790.200712,92.276077,296.215027,300.877594,299.851898,311.764111,-1.827354,0.151037,4.653357,-19.161949,-6.813088,-7.548070,88.950943,0.019402,-0.000321,0.000201,0.105000,0.105000,-0.383592,83460.992188,0.977993,0.000000,0.000000,1.000000,0.021069,0.017195,0.022538,0.000000,0.000000,0.000000,-18.229244,301.725830
40.059336,2.000000,-1890.301147,-0.435718,789.232150,91.307449,293.053162,300.756104,299.649200,311.533766,-1.842975,0.152676,4.646257,-19.170797,-6.821197,-7.512602,87.899315,0.029502,-0.000365,0.000214,0.105000,0.105000,-0.241346,83460.992188,0.965108,0.000000,0.000000,1.000000,0.038838,0.031696,0.041546,0.000000,0.000000,0.000000,-18.239841,298.563965
40.110225,2.000000,-1882.166382,-0.453215,788.256079,90.331253,289.853088,300.633850,299.441315,311.296510,-1.851067,0.154340,4.648759,-19.185358,-6.831482,-7.474296,86.842659,0.039632,-0.000354,0.000223,0.105000,0.105000,-0.084442,83460.992188,0.955574,0.000000,0.000000,1.000000,0.056733,0.046301,0.060688,0.000000,0.000000,0.000000,-18.255939,295.363892
40.161264,2.000000,-1873.975830,-0.470849,787.276269,89.351273,286.625427,300.509918,299.229797,311.054745,-1.850831,0.156005,4.660394,-19.202288,-6.842717,-7.433203,85.785248,0.049256,-0.000340,0.000229,0.105000,0.105000,0.077140,83460.992188,0.949713,0.000000,0.000000,1.000000,0.074681,0.060948,0.079887,0.000000,0.000000,0.000000,-18.274090,292.136230
40.213558,2.000000,-1865.683838,-0.488718,786.271362,88.346268,283.351715,300.381805,299.013977,310.807197,-1.841830,0.157708,4.682572,-19.223591,-6.855641,-7.389023,84.721680,0.059056,-0.000330,0.000234,0.105000,0.105000,0.257149,83460.992188,0.946370,0.000000,0.000000,1.000000,0.093070,0.075956,0.099558,0.000000,0.000000,0.000000,-18.296719,288.884430
40.266712,2.000000,-1857.145264,-0.507135,785.248736,87.323685,279.973572,300.249237,298.789948,310.550068,-1.822841,0.159435,4.715323,-19.246572,-6.869387,-7.340819,83.634087,0.069352,-0.000321,0.000236,0.105000,0.105000,0.446542,83460.992188,0.945300,0.000000,0.000000,1.000000,0.111761,0.091210,0.119553,0.000000,0.000000,0.000000,-18.320593,285.506287
40.317291,2.000000,-1849.210815,-0.524264,784.274535,86.349564,276.827972,300.119934,298.580109,310.309579,-1.795307,0.161074,4.755724,-19.267431,-6.882039,-7.293579,82.630638,0.077811,-0.000315,0.000238,0.105000,0.105000,0.629966,83460.992188,0.948591,0.000000,0.000000,1.000000,0.129547,0.105725,0.138579,0.000000,0.000000,0.000000,-18.342518,282.360687
40.371458,2.000000,-1840.627197,-0.542810,783.230088,85.305130,273.418121,299.977631,298.351227,310.047735,-1.755424,0.162826,4.808846,-19.288494,-6.895253,-7.239851,81.553192,0.086854,-0.000311,0.000238,0.105000,0.105000,0.830269,83460.992188,0.953821,0.000000,0.000000,1.000000,0.148595,0.121270,0.158954,0.000000,0.000000,0.000000,-18.364334,278.950836
40.425597,2.000000,-1831.857666,-0.561776,782.185161,84.260208,269.927521,299.830719,298.115356,309.778831,-1.704738,0.164571,4.871474,-19.306318,-6.907496,-7.182189,80.461411,0.096730,-0.000305,0.000237,0.105000,0.105000,1.030274,83460.992188,0.961000,0.000000,0.000000,1.000000,0.167632,0.136807,0.179319,0.000000,0.000000,0.000000,-18.382364,275.459473
40.478529,2.000000,-1823.506714,-0.579855,781.162760,83.237930,266.597626,299.681976,297.888519,309.521524,-1.644709,0.166271,4.941586,-19.318975,-6.917671,-7.124732,79.430481,0.104470,-0.000303,0.000236,0.105000,0.105000,1.225269,83460.992188,0.972140,0.000000,0.000000,1.000000,0.186246,0.151998,0.199231,0.000000,0.000000,0.000000,-18.395390,272.129578
40.533499,2.000000,-1814.693604,-0.598952,780.100513,82.175735,263.078369,299.521545,297.646515,309.248883,-1.571576,0.168029,5.022787,-19.325647,-6.926079,-7.061470,78.352058,0.113103,-0.000303,0.000235,0.105000,0.105000,1.422739,83460.992188,0.987322,0.000000,0.000000,1.000000,0.203850,0.170154,0.218571,0.000000,0.000000,0.000000,-18.402050,268.610291
40.589076,2.000000,-1805.913452,-0.617996,779.026440,81.101761,259.568207,299.352905,297.402802,308.976241,-1.486713,0.169797,5.113042,-19.324387,-6.931683,-6.995843,77.287712,0.120408,-0.000304,0.000240,0.105000,0.105000,1.617308,83460.992188,1.001825,0.000000,0.000000,1.000000,0.219799,0.191060,0.236693,0.000000,0.000000,0.000000,-18.400911,265.100159
40.643859,2.000000,-1797.180908,-0.636956,777.968087,80.043472,256.074768,299.179688,297.157318,308.703837,-1.392673,0.171529,5.209321,-19.314589,-6.934257,-6.928090,76.239365,0.127609,-0.000303,0.000249,0.105000,0.105000,1.803187,83460.992188,1.019861,0.000000,0.000000,1.000000,0.235521,0.211668,0.254556,0.000000,0.000000,0.000000,-18.391048,261.596466
40.697139,2.000000,-1788.803711,-0.655164,776.939596,79.015030,252.722687,299.004333,296.918701,308.441459,-1.291618,0.173201,5.309315,-19.296217,-6.933561,-6.860854,75.243500,0.133250,-0.000302,0.000261,0.105000,0.105000,1.977586,83460.992188,1.039122,0.000000,0.000000,1.000000,0.250812,0.231710,0.271929,0.000000,0.000000,0.000000,-18.372299,258.244415
40.749088,2.000000,-1780.520874,-0.673187,775.938082,78.013626,249.409302,298.826477,296.679596,308.180919,-1.184376,0.174817,5.412081,-19.268316,-6.929429,-6.792311,74.268547,0.139029,-0.000299,0.000274,0.105000,0.105000,2.139770,83460.992188,1.058884,0.000000,0.000000,1.000000,0.265720,0.251251,0.288868,0.000000,0.000000,0.000000,-18.344307,254.931015
40.801603,2.000000,-1772.256470,-0.691190,774.927471,77.003006,246.106003,298.639282,296.437561,307.919875,-1.067631,0.176436,5.520555,-19.230118,-6.921631,-6.721968,73.305565,0.143692,-0.000299,0.000287,0.105000,0.105000,2.294561,83460.992188,1.081215,0.000000,0.000000,1.000000,0.280791,0.271005,0.305991,0.000000,0.000000,0.000000,-18.305471,251.627716
40.854206,2.000000,-1763.878174,-0.709467,773.917575,75.993179,242.761780,298.444336,296.188843,307.654323,-0.942834,0.178003,5.633108,-19.180143,-6.909719,-6.648765,72.339500,0.148575,-0.000229,0.000278,0.105000,0.105000,2.439638,83460.992188,1.103453,0.000000,0.000000,1.000000,0.295887,0.290793,0.323143,0.000000,0.000000,0.000000,-18.255474,248.337555
40.909612,2.000000,-1755.209595,-0.728410,772.857134,74.932693,239.308838,298.230377,295.927521,307.378478,-0.803454,0.179615,5.755084,-19.116030,-6.892965,-6.571134,71.350975,0.152291,-0.000230,0.000268,0.105000,0.105000,2.580610,83460.992188,1.128450,0.000000,0.000000,1.000000,0.311788,0.311634,0.341209,0.000000,0.000000,0.000000,-18.190210,244.884613
40.966200,2.000000,-1746.443604,-0.747603,771.778363,73.853958,235.826920,298.002655,295.658844,307.098807,-0.653735,0.181248,5.880223,-19.034159,-6.869917,-6.490797,70.362907,0.143795,-0.000241,0.000260,0.105000,0.105000,2.693128,83460.992188,1.173581,0.000000,0.000000,1.000000,0.328028,0.332921,0.359661,0.000000,0.000000,0.000000,-18.104599,241.402695
41.022498,2.000000,-1737.326416,-0.767605,770.710762,72.786331,232.220657,297.766907,295.373688,306.808014,-0.500156,0.182861,6.000498,-18.923063,-6.836612,-6.405457,69.347809,0.138784,-0.000247,0.000256,0.105000,0.105000,2.752959,83460.992188,1.212446,0.000000,0.000000,1.000000,0.344185,0.354098,0.378018,0.000000,0.000000,0.000000,-17.994837,237.796432
41.077163,2.000000,-1728.826416,-0.786292,769.680599,71.756180,228.876205,297.529053,295.102814,306.535639,-0.348643,0.184415,6.113730,-18.802277,-6.799362,-6.324407,68.413124,0.136863,-0.000251,0.000254,0.105000,0.105000,2.785529,83460.992188,1.239429,0.000000,0.000000,1.000000,0.359873,0.374661,0.395843,0.000000,0.000000,0.000000,-17.871786,234.417236
41.132851,2.000000,-1720.308594,-0.805056,768.638533,70.714066,225.544495,297.277588,294.826660,306.260625,-0.192878,0.185979,6.225794,-18.668398,-6.757404,-6.241872,67.487946,0.136370,-0.000259,0.000254,0.105000,0.105000,2.805933,83460.992188,1.262017,0.000000,0.000000,1.000000,0.375854,0.395608,0.414001,0.000000,0.000000,0.000000,-17.733423,231.085526
41.188666,2.000000,-1711.247803,-0.825059,767.602217,69.677750,222.024597,297.016479,294.527893,305.965501,-0.035829,0.187532,6.335000,-18.514109,-6.708471,-6.152759,66.516548,0.136603,-0.000262,0.000255,0.105000,0.105000,2.819943,83460.992188,1.282320,0.000000,0.000000,1.000000,0.391872,0.416604,0.432200,0.000000,0.000000,0.000000,-17.583601,227.565628
41.239066,2.000000,-1703.562012,-0.842061,766.673929,68.749405,219.059952,296.772766,294.270538,305.712881,0.106570,0.188920,6.431084,-18.374651,-6.663848,-6.076198,65.702980,0.137121,-0.000269,0.000257,0.105000,0.105000,2.829788,83460.992188,1.298590,0.000000,0.000000,1.000000,0.406336,0.435562,0.448634,0.000000,0.000000,0.000000,-17.439768,224.581528
41.293054,2.000000,-1694.807007,-0.861468,765.687870,67.763260,215.708069,296.503906,293.972931,305.422384,0.259609,0.190393,6.531457,-18.206921,-6.609783,-5.988000,64.787979,0.137831,-0.000269,0.000260,0.105000,0.105000,2.838831,83460.992188,1.315440,0.000000,0.000000,1.000000,0.421830,0.455871,0.466238,0.000000,0.000000,0.000000,-17.277346,221.229645
41.345412,2.000000,-1686.572998,-0.879759,764.740224,66.815567,212.581619,296.235504,293.688660,305.146361,0.408469,0.191808,6.626384,-18.041006,-6.555949,-5.904188,63.938942,0.138592,-0.000272,0.000264,0.105000,0.105000,2.846813,83460.992188,1.330770,0.000000,0.000000,1.000000,0.436856,0.475566,0.483310,0.000000,0.000000,0.000000,-17.112043,218.103195
41.398591,2.000000,-1678.273682,-0.898234,763.786848,65.930679,209.457275,295.955261,293.398041,304.865296,0.560078,0.193230,6.720469,-17.866150,-6.498888,-5.818955,63.094543,0.139396,-0.000275,0.000268,0.105000,0.105000,2.854491,83460.992188,1.345609,0.000000,0.000000,1.000000,0.452117,0.495570,0.500650,0.000000,0.000000,0.000000,-16.936699,214.978851
41.452962,2.000000,-1669.724243,-0.917308,762.822023,65.013382,206.268433,295.660950,293.094299,304.572693,0.715500,0.194669,6.814318,-17.678326,-6.437268,-5.730454,62.236713,0.140226,-0.000279,0.000272,0.105000,0.105000,2.862094,83460.992188,1.360282,0.000000,0.000000,1.000000,0.467721,0.516022,0.518378,0.000000,0.000000,0.000000,-16.749979,212.159760
41.505424,2.000000,-1661.482178,-0.935736,761.900937,64.138199,203.223969,295.369965,292.797241,304.287683,0.865852,0.196043,6.902703,-17.490108,-6.375214,-5.644548,61.421329,0.141024,-0.000278,0.000276,0.105000,0.105000,2.869299,83460.992188,1.373944,0.000000,0.000000,1.000000,0.482777,0.535757,0.535485,0.000000,0.000000,0.000000,-16.562944,209.115280
41.556631,2.000000,-1653.500244,-0.953618,761.011567,63.293530,200.304596,295.079407,292.505737,304.008724,1.012968,0.197370,6.986991,-17.301363,-6.312714,-5.560883,60.642586,0.141809,-0.000277,0.000278,0.105000,0.105000,2.876137,83460.992188,1.386780,0.000000,0.000000,1.000000,0.501474,0.552771,0.565455,0.000000,0.000000,0.000000,-16.374117,206.195908
41.609764,2.000000,-1645.283691,-0.972065,760.099211,62.427441,197.330368,294.771179,292.201569,303.718465,1.165980,0.198731,7.072455,-17.100662,-6.245982,-5.474352,59.852200,0.142635,-0.000281,0.000273,0.105000,0.105000,2.882976,83460.992188,1.399559,0.000000,0.000000,1.000000,0.521460,0.570096,0.598499,0.000000,0.000000,0.000000,-16.171915,203.221695
41.659780,2.000000,-1637.451538,-0.989685,759.250426,61.622265,194.525650,294.474884,291.907806,303.438705,1.310344,0.199999,7.151123,-16.903528,-6.180187,-5.391557,59.109444,0.143412,-0.000280,0.000262,0.105000,0.105000,2.889284,83460.992188,1.411235,0.000000,0.000000,1.000000,0.540274,0.586405,0.629605,0.000000,0.000000,0.000000,-15.975973,200.966766
41.712021,2.000000,-1629.421509,-1.007787,758.374524,60.791821,191.681671,294.159668,291.602753,303.148801,1.461465,0.201313,7.231490,-16.695671,-6.110563,-5.306418,58.358742,0.144213,-0.000286,0.000247,0.105000,0.105000,2.895827,83460.992188,1.422949,0.000000,0.000000,1.000000,0.559925,0.603439,0.662094,0.000000,0.000000,0.000000,-15.765697,198.122787
41.765667,2.000000,-1620.998779,-1.026815,757.486728,59.950695,188.734192,293.829834,291.278595,302.841249,1.617005,0.202651,7.312181,-16.471617,-6.035246,-5.216918,57.583115,0.145021,-0.000291,0.000228,0.105000,0.105000,2.902514,83460.992188,1.434690,0.000000,0.000000,1.000000,0.580105,0.620931,0.695457,0.000000,0.000000,0.000000,-15.544025,195.175308
41.819456,2.000000,-1612.644531,-1.045729,756.608728,59.119274,185.847702,293.493042,290.952911,302.532689,1.773319,0.203982,7.391279,-16.243467,-5.958283,-5.128015,56.825726,0.145814,-0.000299,0.000206,0.105000,0.105000,2.909209,83460.992188,1.446028,0.000000,0.000000,1.000000,0.600338,0.638470,0.728910,0.000000,0.000000,0.000000,-15.316130,192.288818
41.875436,2.000000,-1603.955078,-1.065442,755.708235,58.267345,182.885803,293.136230,290.609833,302.208023,1.936382,0.205358,7.471750,-16.000122,-5.875911,-5.035488,56.050556,0.146629,-0.000309,0.000179,0.105000,0.105000,2.916110,83460.992188,1.457386,0.000000,0.000000,1.000000,0.621396,0.656723,0.763724,0.000000,0.000000,0.000000,-15.073184,189.848877
41.930702,2.000000,-1595.401123,-1.084890,754.832791,57.439709,180.011292,292.778137,290.268219,301.885017,2.097734,0.206704,7.549410,-15.754786,-5.792578,-4.944416,55.300030,0.147450,-0.000321,0.000150,0.105000,0.105000,2.922627,83460.992188,1.468138,0.000000,0.000000,1.000000,0.642185,0.674744,0.798095,0.000000,0.000000,0.000000,-14.827832,186.974365
41.987646,2.000000,-1586.757324,-1.104583,753.945198,56.601391,177.149261,292.403198,289.918396,301.554656,2.264369,0.208080,7.627647,-15.501226,-5.706174,-4.852472,54.554260,0.148252,-0.000337,0.000118,0.105000,0.105000,2.929554,83460.992188,1.478830,0.000000,0.000000,1.000000,0.663605,0.693312,0.833509,0.000000,0.000000,0.000000,-14.569515,184.112320
42.042667,2.000000,-1578.133301,-1.124271,753.101756,55.805431,174.337631,292.035645,289.565308,301.221062,2.425755,0.209401,7.701579,-15.242745,-5.617811,-4.760893,53.822842,0.148992,-0.000354,0.000086,0.105000,0.105000,2.936374,83460.992188,1.488991,0.000000,0.000000,1.000000,0.684302,0.711252,0.867728,0.000000,0.000000,0.000000,-14.314767,181.832870
42.096484,2.000000,-1569.749634,-1.143448,752.290520,55.040600,171.647263,291.671295,289.217834,300.892926,2.583974,0.210685,7.772371,-14.986339,-5.529887,-4.672076,53.123890,0.149690,-0.000372,0.000055,0.105000,0.105000,2.943115,83460.992188,1.498606,0.000000,0.000000,1.000000,0.704546,0.728800,0.901197,0.000000,0.000000,0.000000,-14.060861,179.142502
42.150746,2.000000,-1561.413086,-1.162553,751.486611,54.283459,169.014954,291.299011,288.868317,300.562861,2.743870,0.211968,7.842278,-14.726512,-5.440524,-4.584020,52.440651,0.150369,-0.000390,0.000022,0.105000,0.105000,2.949955,83460.992188,1.507949,0.000000,0.000000,1.000000,0.724957,0.746493,0.934943,0.000000,0.000000,0.000000,-13.800284,176.510208
42.206366,2.000000,-1552.767578,-1.182404,750.677472,53.522106,166.331345,290.912598,288.501617,300.216454,2.908154,0.213273,7.912459,-14.452091,-5.345860,-4.493037,51.744461,0.151042,-0.000409,-0.000012,0.105000,0.105000,2.957001,83460.992188,1.517268,0.000000,0.000000,1.000000,0.745879,0.764629,0.969534,0.000000,0.000000,0.000000,-13.528600,173.826584
42.259033,2.000000,-1544.590698,-1.201212,749.925387,52.792675,163.837296,290.542297,288.150818,299.884995,3.064050,0.214497,7.977286,-14.187614,-5.254349,-4.407350,51.097561,0.148256,-0.000428,-0.000043,0.105000,0.105000,2.961082,83460.992188,1.531002,0.000000,0.000000,1.000000,0.765691,0.781802,1.000000,0.000000,0.000000,0.000000,-13.266469,171.973892
42.311956,2.000000,-1536.504639,-1.219842,749.183870,52.112804,161.414505,290.166138,287.799622,299.553863,3.220415,0.215720,8.038507,-13.916870,-5.160292,-4.323020,50.468849,0.142410,-0.000452,-0.000069,0.105000,0.105000,2.945610,83460.992188,1.550450,0.000000,0.000000,1.000000,0.785598,0.799059,1.000000,0.000000,0.000000,0.000000,-12.993715,169.551102
42.363297,2.000000,-1528.606689,-1.238069,748.478592,51.462536,159.091431,289.797485,287.452637,299.227121,3.370828,0.216892,8.093427,-13.643757,-5.065051,-4.241101,49.865288,0.137319,-0.000453,-0.000088,0.105000,0.105000,2.913366,83460.992188,1.565640,0.000000,0.000000,1.000000,0.804911,0.815799,1.000000,0.000000,0.000000,0.000000,-12.720965,167.228027
42.418130,2.000000,-1520.197632,-1.257509,747.741120,50.768566,156.666901,289.399872,287.079468,298.875997,3.529197,0.218100,8.146905,-13.345206,-4.960568,-4.154429,49.234047,0.132279,-0.000447,-0.000113,0.105000,0.105000,2.864051,83460.992188,1.579070,0.000000,0.000000,1.000000,0.825537,0.833679,1.000000,0.000000,0.000000,0.000000,-12.422408,164.803497
42.473006,2.000000,-1511.756226,-1.277062,747.019709,50.096813,154.284973,288.998230,286.700958,298.519654,3.684646,0.219291,8.194973,-13.039042,-4.853070,-4.068045,48.612129,0.127549,-0.000466,-0.000128,0.105000,0.105000,2.803741,83460.992188,1.589594,0.000000,0.000000,1.000000,0.846179,0.851572,1.000000,0.000000,0.000000,0.000000,-12.117731,162.945541
42.525950,2.000000,-1503.707275,-1.295739,746.339719,49.390942,152.063202,288.607635,286.336639,298.176390,3.831258,0.220428,8.236128,-12.742309,-4.748572,-3.986298,48.030041,0.123071,-0.000486,-0.000135,0.105000,0.105000,2.737839,83460.992188,1.597869,0.000000,0.000000,1.000000,0.865111,0.874647,1.000000,0.000000,0.000000,0.000000,-11.819402,160.723770
42.581461,2.000000,-1495.218872,-1.315472,745.643928,48.720165,149.773483,288.194733,285.948975,297.810644,3.981029,0.221606,8.273733,-12.425258,-4.636603,-3.900791,47.427650,0.118663,-0.000502,-0.000130,0.105000,0.105000,2.662194,83460.992188,1.604694,0.000000,0.000000,1.000000,0.883211,0.909171,1.000000,0.000000,0.000000,0.000000,-11.502980,158.434036
42.636045,2.000000,-1486.785522,-1.335112,744.977022,48.060131,147.553482,287.786072,285.560608,297.443474,4.124067,0.222748,8.305277,-12.107160,-4.523954,-3.816587,46.840778,0.114558,-0.000514,-0.000115,0.105000,0.105000,2.583283,83460.992188,1.609421,0.000000,0.000000,1.000000,0.901009,0.943117,1.000000,0.000000,0.000000,0.000000,-11.189313,156.214035
42.690386,2.000000,-1478.535767,-1.354358,744.330210,47.396008,145.435242,287.376923,285.177917,297.080753,4.262099,0.223863,8.331443,-11.793892,-4.412725,-3.734966,46.277809,0.110518,-0.000518,-0.000092,0.105000,0.105000,2.501681,83460.992188,1.612638,0.000000,0.000000,1.000000,0.918728,0.976913,1.000000,0.000000,0.000000,0.000000,-10.875425,154.362061
42.744942,2.000000,-1470.234131,-1.373759,743.698099,46.798656,143.357468,286.964142,284.790161,296.712367,4.396153,0.224964,8.352597,-11.477287,-4.300028,-3.653606,45.722355,0.106622,-0.000519,-0.000061,0.105000,0.105000,2.417764,83460.992188,1.614219,0.000000,0.000000,1.000000,0.936517,1.000000,1.000000,0.000000,0.000000,0.000000,-10.559430,152.284302
42.798855,2.000000,-1462.029663,-1.392967,743.090444,46.148693,141.357254,286.554657,284.404755,296.345167,4.524099,0.226026,8.368646,-11.163787,-4.188161,-3.573982,45.184223,0.102900,-0.000515,-0.000033,0.105000,0.105000,2.333914,83460.992188,1.614749,0.000000,0.000000,1.000000,0.954096,1.000000,1.000000,0.000000,0.000000,0.000000,-10.247025,150.284088
42.851666,2.000000,-1453.932739,-1.411955,742.511585,45.584240,139.435333,286.152435,284.022400,295.979836,4.645044,0.227045,8.379885,-10.854402,-4.077499,-3.496181,44.663639,0.099390,-0.000504,-0.000010,0.105000,0.105000,2.251521,83460.992188,1.614061,0.000000,0.000000,1.000000,0.971316,1.000000,1.000000,0.000000,0.000000,0.000000,-9.941469,148.362167
42.904086,2.000000,-1445.947876,-1.430712,741.953009,45.008312,137.590698,285.752472,283.643707,295.616878,4.760795,0.228039,8.386841,-10.549839,-3.968310,-3.420227,44.160400,0.096013,-0.000493,0.000010,0.105000,0.105000,2.170004,83460.992188,1.612423,0.000000,0.000000,1.000000,0.988409,1.000000,1.000000,0.000000,0.000000,0.000000,-9.639153,146.363266
42.958127,2.000000,-1437.833496,-1.449806,741.393793,44.471020,135.767715,285.339447,283.257263,295.245437,4.875665,0.229047,8.389851,-10.241412,-3.857482,-3.343833,43.659252,0.092665,-0.000485,0.000028,0.105000,0.105000,2.086713,83460.992188,1.609604,0.000000,0.000000,1.000000,1.000000,1.000000,1.000000,0.000000,0.000000,0.000000,-9.329043,144.540283
43.008176,2.000000,-1430.295410,-1.467573,740.890877,43.941051,134.120712,284.956726,282.897064,294.898080,4.978058,0.229967,8.389078,-9.956292,-3.754806,-3.273587,43.202904,0.089709,-0.000477,0.000042,0.105000,0.105000,2.010670,83460.992188,1.606234,0.000000,0.000000,1.000000,1.000000,1.000000,1.000000,0.000000,0.000000,0.000000,-9.043678,142.893280
43.058425,2.000000,-1422.662476,-1.485592,740.400326,43.459667,132.498444,284.572571,282.531250,294.544287,5.077067,0.230879,8.385073,-9.669362,-3.651261,-3.203168,42.749794,0.086874,-0.000466,0.000054,0.105000,0.105000,1.935700,83460.992188,1.602055,0.000000,0.000000,1.000000,1.000000,1.000000,1.000000,0.000000,0.000000,0.000000,-8.759341,141.368912
43.114051,2.000000,-1414.363159,-1.505214,739.873918,42.935253,130.786026,284.147919,282.132568,294.157482,5.182334,0.231879,8.377120,-9.359831,-3.539316,-3.127409,42.267319,0.083900,-0.000455,0.000066,0.105000,0.105000,1.854626,83460.992188,1.596629,0.000000,0.000000,1.000000,1.000000,1.000000,1.000000,0.000000,0.000000,0.000000,-8.447534,139.656494
43.175098,2.000000,-1405.923584,-1.525202,739.316232,42.376232,129.099411,283.682343,281.726227,293.761838,5.292731,0.232968,8.364446,-9.048136,-3.426334,-3.051234,41.787514,0.080911,-0.000448,0.000077,0.105000,0.105000,1.768421,83460.992188,1.589822,0.000000,0.000000,1.000000,1.000000,1.000000,1.000000,0.000000,0.000000,0.000000,-8.109421,137.969879
43.230703,2.000000,-1396.652466,-1.547197,738.826137,41.910290,127.310074,283.260101,281.278656,293.324758,5.388640,0.233953,8.348836,-8.708208,-3.302804,-2.968558,41.272926,0.076556,-0.000427,0.000085,0.105000,0.105000,1.686455,83460.992188,1.585655,0.000000,0.000000,1.000000,1.000000,1.000000,1.000000,0.000000,0.000000,0.000000,-7.803842,136.180542
43.282860,2.000000,-1388.704712,-1.566085,738.381796,41.473949,125.828064,282.865417,280.894501,292.948244,5.474570,0.234874,8.331562,-8.420671,-3.198075,-2.898568,40.842129,0.074626,-0.000415,0.000091,0.105000,0.105000,1.613880,83460.992188,1.577132,0.000000,0.000000,1.000000,1.000000,1.000000,1.000000,0.000000,0.000000,0.000000,-7.521658,134.679459
43.337032,2.000000,-1380.593750,-1.585390,737.935832,41.033642,124.364761,282.456879,280.502014,292.562359,5.559915,0.235828,8.311089,-8.131362,-3.092481,-2.829743,40.412155,0.071362,-0.000404,0.000097,0.105000,0.105000,1.541576,83460.992188,1.570330,0.000000,0.000000,1.000000,1.000000,1.000000,1.000000,0.000000,0.000000,0.000000,-7.232954,133.216141
43.391491,2.000000,-1372.438843,-1.604831,737.503250,40.577648,122.943008,282.047974,280.106873,292.172765,5.641710,0.236785,8.287386,-7.843318,-2.987105,-2.763884,39.989296,0.066661,-0.000390,0.000102,0.105000,0.105000,1.466247,83460.992188,1.565854,0.000000,0.000000,1.000000,1.000000,1.000000,1.000000,0.000000,0.000000,0.000000,-6.945810,131.794388
43.444303,2.000000,-1364.514404,-1.623749,737.098678,40.177013,121.608673,281.653442,279.722473,291.792811,5.716950,0.237712,8.260864,-7.565279,-2.885142,-2.702988,39.587070,0.061163,-0.000379,0.000106,0.105000,0.105000,1.386859,83460.992188,1.562433,0.000000,0.000000,1.000000,1.000000,1.000000,1.000000,0.000000,0.000000,0.000000,-6.669522,130.460052
43.500286,2.000000,-1356.170654,-1.643700,736.685787,39.768505,120.253944,281.237244,279.317322,291.391294,5.791883,0.238693,8.228477,-7.274346,-2.778184,-2.642074,39.172401,0.054736,-0.000363,0.000109,0.105000,0.105000,1.294423,83460.992188,1.558628,0.000000,0.000000,1.000000,1.000000,1.000000,1.000000,0.000000,0.000000,0.000000,-6.378886,129.115891
43.556008,2.000000,-1347.760376,-1.663839,736.290982,39.331310,118.940292,280.825684,278.908539,290.985328,5.861057,0.239671,8.191453,-6.983105,-2.670834,-2.583894,38.763203,0.047791,-0.000351,0.000111,0.105000,0.105000,1.193220,83460.992188,1.554065,0.000000,0.000000,1.000000,1.000000,1.000000,1.000000,0.000000,0.000000,0.000000,-6.092043,127.802246
43.611266,2.000000,-1339.587280,-1.683439,735.915235,38.983227,117.713211,280.420258,278.511078,290.589476,5.923844,0.240711,8.149817,-6.702641,-2.567199,-2.530353,38.373615,0.040927,-0.000481,0.000093,0.105000,0.105000,1.085216,83460.992188,1.547678,0.000000,0.000000,1.000000,1.000000,1.000000,1.000000,0.000000,0.000000,0.000000,-5.810703,126.575157
43.666393,2.000000,-1331.390869,-1.703121,735.555826,38.641735,116.531265,280.018707,278.111572,290.190569,5.980393,0.241859,8.103473,-6.424980,-2.464363,-2.479531,37.990547,0.033824,-0.000542,0.000080,0.105000,0.105000,0.972601,83460.992188,1.539970,0.000000,0.000000,1.000000,1.000000,1.000000,1.000000,0.000000,0.000000,0.000000,-5.534142,125.394264
43.720531,2.000000,-1323.258423,-1.722672,735.217642,38.288952,115.406105,279.627502,277.714844,289.793353,6.029754,0.243011,8.053213,-6.153571,-2.363614,-2.431855,37.617695,0.026667,-0.000541,0.000068,0.105000,0.105000,0.857436,83460.992188,1.531452,0.000000,0.000000,1.000000,1.000000,1.000000,1.000000,0.000000,0.000000,0.000000,-5.267015,124.269104
43.774712,2.000000,-1315.200073,-1.742065,734.893599,37.952953,114.337265,279.238953,277.321686,289.398658,6.072797,0.244169,7.998224,-5.889262,-2.265281,-2.387228,37.255035,0.019809,-0.000531,0.000058,0.105000,0.105000,0.738361,83460.992188,1.521572,0.000000,0.000000,1.000000,1.000000,1.000000,1.000000,0.000000,0.000000,0.000000,-5.004737,123.200264
43.829096,2.000000,-1307.126099,-1.761517,734.582546,37.668591,113.311569,278.852234,276.928009,289.002421,6.109427,0.245332,7.938389,-5.629779,-2.168536,-2.345036,36.898163,0.013205,-0.000521,0.000049,0.105000,0.105000,0.616000,83460.992188,1.510557,0.000000,0.000000,1.000000,1.000000,1.000000,1.000000,0.000000,0.000000,0.000000,-4.747248,122.174561
43.883150,2.000000,-1299.100464,-1.780872,734.287146,37.360424,112.335991,278.471405,276.537262,288.608170,6.139185,0.246491,7.874452,-5.377782,-2.074383,-2.305513,36.549591,0.006951,-0.000505,0.000041,0.105000,0.105000,0.492591,83460.992188,1.497995,0.000000,0.000000,1.000000,1.000000,1.000000,1.000000,0.000000,0.000000,0.000000,-4.497698,121.149948
43.937195,2.000000,-1291.155518,-1.800050,734.005154,37.078320,111.412392,278.094452,276.151428,288.217806,6.162243,0.247653,7.806290,-5.134893,-1.983450,-2.268678,36.210316,0.001310,-0.000492,0.000034,0.105000,0.105000,0.368468,83460.992188,1.484172,0.000000,0.000000,1.000000,1.000000,1.000000,1.000000,0.000000,0.000000,0.000000,-4.255258,120.226341
43.987329,2.000000,-1283.768921,-1.817896,733.755183,36.819775,110.590446,277.748108,275.793854,287.855263,6.177639,0.248730,7.739522,-4.915598,-1.901196,-2.236406,35.899849,-0.003617,-0.000480,0.000028,0.105000,0.105000,0.254118,83460.992188,1.470060,0.000000,0.000000,1.000000,1.000000,1.000000,1.000000,0.000000,0.000000,0.000000,-4.037328,119.404404
44.041610,2.000000,-1275.666260,-1.837488,733.496678,36.576122,109.728233,277.377045,275.403290,287.458195,6.187888,0.249898,7.663651,-4.682775,-1.813709,-2.203110,35.564552,-0.008757,-0.000463,0.000023,0.105000,0.105000,0.131410,83460.992188,1.454023,0.000000,0.000000,1.000000,1.000000,1.000000,1.000000,0.000000,0.000000,0.000000,-3.809351,118.542191
44.094621,2.000000,-1267.922607,-1.856226,733.255987,36.311474,108.941505,277.018738,275.031738,287.079605,6.191529,0.251039,7.586267,-4.468380,-1.733004,-2.173271,35.249054,-0.012839,-0.000449,0.000019,0.105000,0.105000,0.013965,83460.992188,1.437170,0.000000,0.000000,1.000000,1.000000,1.000000,1.000000,0.000000,0.000000,0.000000,-3.595277,117.766518
44.146538,2.000000,-1260.222168,-1.874873,733.031319,36.125195,108.194778,276.670227,274.663666,286.704160,6.189043,0.252161,7.507734,-4.263488,-1.655748,-2.145462,34.939907,-0.017024,-0.000426,0.000016,0.105000,0.105000,-0.095846,83460.992188,1.412120,0.000000,0.000000,1.000000,1.000000,1.000000,1.000000,0.000000,0.000000,0.000000,-3.394718,117.019791
44.200729,2.000000,-1252.347778,-1.893954,732.807485,35.885754,107.464844,276.312408,274.290588,286.321982,6.180584,0.253334,7.423252,-4.063717,-1.580312,-2.118834,34.628319,-0.020016,-0.000410,0.000014,0.105000,0.105000,-0.208405,83460.992188,1.400659,0.000000,0.000000,1.000000,1.000000,1.000000,1.000000,0.000000,0.000000,0.000000,-3.194579,116.289856
44.252372,2.000000,-1244.581909,-1.912784,732.604053,35.707653,106.777611,275.975708,273.924683,285.946715,6.166992,0.254457,7.340743,-3.875773,-1.509235,-2.094306,34.325336,-0.023195,-0.000387,0.000012,0.105000,0.105000,-0.310796,83460.992188,1.381427,0.000000,0.000000,1.000000,1.000000,1.000000,1.000000,0.000000,0.000000,0.000000,-3.013453,115.602623
44.305519,2.000000,-1236.859497,-1.931519,732.404259,35.492382,106.124756,275.633453,273.563507,285.575570,6.147631,0.255616,7.254210,-3.698714,-1.442189,-2.071548,34.028126,-0.025291,-0.000365,0.000011,0.105000,0.105000,-0.410441,83460.992188,1.361262,0.000000,0.000000,1.000000,1.000000,1.000000,1.000000,0.000000,0.000000,0.000000,-2.837193,114.907440
44.360564,2.000000,-1228.839233,-1.950987,732.206964,35.286816,105.477257,275.283417,273.191467,285.192650,6.122190,0.256821,7.163359,-3.525574,-1.376550,-2.049557,33.723576,-0.027063,-0.000338,0.000010,0.105000,0.105000,-0.506691,83460.992188,1.339761,0.000000,0.000000,1.000000,1.000000,1.000000,1.000000,0.000000,0.000000,0.000000,-2.665807,114.259941
44.411322,2.000000,-1221.373535,-1.969116,732.033191,35.110546,104.900841,274.964783,272.848206,284.838561,6.094216,0.257937,7.078910,-3.374499,-1.319222,-2.030522,33.443703,-0.028465,-0.000314,0.000009,0.105000,0.105000,-0.588643,83460.992188,1.319682,0.000000,0.000000,1.000000,1.000000,1.000000,1.000000,0.000000,0.000000,0.000000,-2.518030,113.683525
44.465702,2.000000,-1213.388184,-1.988515,731.855081,34.908398,104.310471,274.628174,272.484222,284.462552,6.059836,0.259138,6.988103,-3.223662,-1.261939,-2.011614,33.148064,-0.029475,-0.000287,0.000009,0.105000,0.105000,-0.669491,83460.992188,1.298151,0.000000,0.000000,1.000000,1.000000,1.000000,1.000000,0.000000,0.000000,0.000000,-2.370555,113.093155
44.520700,2.000000,-1205.375122,-2.007989,731.682841,34.743053,103.743385,274.292480,272.122375,284.088174,6.020824,0.260360,6.896407,-3.083686,-1.208751,-1.994074,32.855091,-0.029958,-0.000247,0.000010,0.105000,0.105000,-0.743143,83460.992188,1.275956,0.000000,0.000000,1.000000,1.000000,1.000000,1.000000,0.000000,0.000000,0.000000,-2.233015,112.577271
44.575832,2.000000,-1197.516113,-2.027095,731.517499,34.605541,103.209930,273.960754,271.770691,283.723733,5.977913,0.261529,6.805198,-2.957688,-1.160864,-1.978189,32.571201,-0.029821,-0.000123,0.000031,0.105000,0.105000,-0.807798,83460.992188,1.253502,0.000000,0.000000,1.000000,1.000000,1.000000,1.000000,0.000000,0.000000,0.000000,-2.107025,112.043816
44.631402,2.000000,-1189.203735,-2.047309,731.357581,34.436840,102.668053,273.630981,271.401703,283.340754,5.931376,0.262678,6.714669,-2.836920,-1.114981,-1.962726,32.274490,-0.030118,-0.000076,0.000052,0.105000,0.105000,-0.862339,83460.992188,1.230892,0.000000,0.000000,1.000000,1.000000,1.000000,1.000000,0.000000,0.000000,0.000000,-1.992316,111.501938
44.684289,2.000000,-1181.575562,-2.065865,731.211049,34.279308,102.188995,273.321533,271.065735,282.991647,5.884515,0.263778,6.630100,-2.736902,-1.077007,-1.949670,32.005287,-0.029699,-0.000044,0.000068,0.105000,0.105000,-0.905616,83460.992188,1.210241,0.000000,0.000000,1.000000,1.000000,1.000000,1.000000,0.000000,0.000000,0.000000,-1.894015,111.010918
44.739375,2.000000,-1173.510986,-2.085486,731.063704,34.138256,101.699615,273.003510,270.713165,282.624922,5.833538,0.264944,6.544135,-2.642299,-1.041137,-1.936978,31.723764,-0.029226,-0.000021,0.000082,0.105000,0.105000,-0.941643,83460.992188,1.188896,0.000000,0.000000,1.000000,1.000000,1.000000,1.000000,0.000000,0.000000,0.000000,-1.802783,110.521538
44.792426,2.000000,-1165.821411,-2.104201,730.926316,33.998608,101.247482,272.701324,270.379700,282.277506,5.782794,0.266093,6.463674,-2.562408,-1.010907,-1.925870,31.458158,-0.028454,0.000003,0.000093,0.105000,0.105000,-0.968508,83460.992188,1.169396,0.000000,0.000000,1.000000,1.000000,1.000000,1.000000,0.000000,0.000000,0.000000,-1.725240,110.069412
44.846213,2.000000,-1158.039063,-2.123144,730.791000,33.878918,100.802589,272.398743,270.044525,281.928103,5.730107,0.267275,6.384746,-2.491523,-0.984165,-1.915553,31.192043,-0.027474,0.000036,0.000103,0.105000,0.105000,-0.988204,83460.992188,1.150158,0.000000,0.000000,1.000000,1.000000,1.000000,1.000000,0.000000,0.000000,0.000000,-1.656672,109.624519
44.902322,2.000000,-1150.237793,-2.142137,730.653542,33.710217,100.367714,272.087006,269.711060,281.580064,5.674239,0.268526,6.305501,-2.430155,-0.961115,-1.906082,30.927891,-0.026091,0.000062,0.000111,0.105000,0.105000,-1.001240,83460.992188,1.131459,0.000000,0.000000,1.000000,1.000000,1.000000,1.000000,0.000000,0.000000,0.000000,-1.595439,109.110451
44.955620,2.000000,-1142.205322,-2.161695,730.525940,33.615673,99.929832,271.794434,269.370056,281.223928,5.620689,0.269733,6.233389,-2.376685,-0.941162,-1.897177,30.658533,-0.024983,0.000096,0.000117,0.105000,0.105000,-1.006958,83460.992188,1.113546,0.000000,0.000000,1.000000,1.000000,1.000000,1.000000,0.000000,0.000000,0.000000,-1.546638,108.672569
45.008484,2.000000,-1134.569702,-2.180290,730.401766,33.481457,99.521294,271.507385,269.048218,280.887546,5.567440,0.270947,6.165072,-2.334629,-0.925618,-1.889451,30.404846,-0.023553,0.000124,0.000122,0.105000,0.105000,-1.006820,83460.992188,1.097088,0.000000,0.000000,1.000000,1.000000,1.000000,1.000000,0.000000,0.000000,0.000000,-1.506784,108.264030
45.062062,2.000000,-1126.906982,-2.198952,730.277890,33.373119,99.117424,271.219482,268.727386,280.551876,5.513638,0.272195,6.099243,-2.300614,-0.913225,-1.882368,30.152485,-0.021980,0.000149,0.000126,0.105000,0.105000,-1.001168,83460.992188,1.081249,0.000000,0.000000,1.000000,1.000000,1.000000,1.000000,0.000000,0.000000,0.000000,-1.474670,107.860161
45.116282,2.000000,-1119.073364,-2.218032,730.154113,33.213207,98.709427,270.930786,268.401459,280.210748,5.459647,0.273476,6.036252,-2.273940,-0.903738,-1.875770,29.896704,-0.020284,0.000180,0.000129,0.105000,0.105000,-0.990308,83460.992188,1.065987,0.000000,0.000000,1.000000,1.000000,1.000000,1.000000,0.000000,0.000000,0.000000,-1.450244,107.522316
45.167777,2.000000,-1111.644531,-2.236127,730.037639,33.127819,98.325806,270.659058,268.094421,279.889077,5.409039,0.274713,5.979906,-2.255834,-0.897573,-1.870065,29.656122,-0.018578,0.000206,0.000130,0.105000,0.105000,-0.975564,83460.992188,1.052202,0.000000,0.000000,1.000000,1.000000,1.000000,1.000000,0.000000,0.000000,0.000000,-1.434165,107.138695
45.220825,2.000000,-1104.008789,-2.254727,729.918387,33.001232,97.933617,270.381348,267.780579,279.560170,5.357817,0.276005,5.925466,-2.244108,-0.893959,-1.864717,29.410772,-0.016742,0.000234,0.000132,0.105000,0.105000,-0.956328,83460.992188,1.038955,0.000000,0.000000,1.000000,1.000000,1.000000,1.000000,0.000000,0.000000,0.000000,-1.424411,106.746506
45.274020,2.000000,-1096.408813,-2.273240,729.799198,32.865673,97.544243,270.104797,267.470093,279.234525,5.307583,0.277318,5.874592,-2.238966,-0.892950,-1.859871,29.168438,-0.014870,0.000260,0.000132,0.105000,0.105000,-0.933278,83460.992188,1.026560,0.000000,0.000000,1.000000,1.000000,1.000000,1.000000,0.000000,0.000000,0.000000,-1.421144,106.357132
45.326212,2.000000,-1088.864990,-2.291615,729.682317,32.717602,97.157639,269.835297,267.163605,278.912854,5.259583,0.278626,5.828326,-2.239891,-0.894349,-1.855489,28.929665,-0.012940,0.000286,0.000132,0.105000,0.105000,-0.907360,83460.992188,1.015064,0.000000,0.000000,1.000000,1.000000,1.000000,1.000000,0.000000,0.000000,0.000000,-1.423864,105.970169
45.377530,2.000000,-1081.608643,-2.309290,729.567162,32.646557,96.784714,269.571747,266.870026,278.604620,5.213793,0.279929,5.786363,-2.246084,-0.897814,-1.851642,28.701590,-0.011175,0.000307,0.000132,0.105000,0.105000,-0.878719,83460.992188,1.004798,0.000000,0.000000,1.000000,1.000000,1.000000,1.000000,0.000000,0.000000,0.000000,-1.431848,105.597244
45.432106,2.000000,-1073.860107,-2.328161,729.444156,32.502331,96.384422,269.292633,266.558105,278.276929,5.166779,0.281331,5.745527,-2.257937,-0.903614,-1.847896,28.459709,-0.009247,0.000330,0.000132,0.105000,0.105000,-0.845985,83460.992188,0.994757,0.000000,0.000000,1.000000,1.000000,1.000000,1.000000,0.000000,0.000000,0.000000,-1.445595,105.196953
45.486791,2.000000,-1065.974243,-2.347365,729.320066,32.382030,95.973892,269.014374,266.242279,277.944936,5.121525,0.282753,5.708495,-2.275160,-0.911592,-1.844431,28.215235,-0.007180,0.000358,0.000131,0.105000,0.105000,-0.811009,83460.992188,0.985287,0.000000,0.000000,1.000000,1.000000,1.000000,1.000000,0.000000,0.000000,0.000000,-1.464409,104.786423
45.541888,2.000000,-1058.107788,-2.366520,729.193924,32.278637,95.560303,268.734985,265.928772,277.615258,5.077923,0.284202,5.675075,-2.297147,-0.921493,-1.841287,27.972994,-0.005166,0.000383,0.000130,0.105000,0.105000,-0.773872,83460.992188,0.976653,0.000000,0.000000,1.000000,1.000000,1.000000,1.000000,0.000000,0.000000,0.000000,-1.488059,104.310638
45.596978,2.000000,-1050.319092,-2.385483,729.066431,32.117260,95.145988,268.456299,265.619873,277.290146,5.036422,0.285668,5.645493,-2.323243,-0.933052,-1.838448,27.734688,-0.003254,0.000404,0.000128,0.105000,0.105000,-0.735136,83460.992188,0.969016,0.000000,0.000000,1.000000,1.000000,1.000000,1.000000,0.000000,0.000000,0.000000,-1.515986,103.896332
45.650679,2.000000,-1042.870972,-2.403614,728.940619,32.017956,94.744598,268.185028,265.325439,276.980251,4.998058,0.287121,5.620211,-2.351724,-0.945545,-1.835960,27.508177,-0.001611,0.000396,0.000134,0.105000,0.105000,-0.696399,83460.992188,0.962554,0.000000,0.000000,1.000000,1.000000,1.000000,1.000000,0.000000,0.000000,0.000000,-1.546785,103.494934
45.706770,2.000000,-1034.681274,-2.423543,728.807405,31.889296,94.296730,267.902222,265.002991,276.640577,4.960235,0.288665,5.597525,-2.386767,-0.960810,-1.833451,27.260603,0.000621,0.000420,0.000141,0.105000,0.105000,-0.654694,83460.992188,0.955651,0.000000,0.000000,1.000000,1.000000,1.000000,1.000000,0.000000,0.000000,0.000000,-1.582546,103.066971
45.760288,2.000000,-1027.061890,-2.442079,728.678404,31.745863,93.873291,267.632813,264.704193,276.325728,4.926353,0.290148,5.579333,-2.422576,-0.976334,-1.831304,27.031610,0.002449,0.000445,0.000146,0.105000,0.105000,-0.614075,83460.992188,0.950322,0.000000,0.000000,1.000000,1.000000,1.000000,1.000000,0.000000,0.000000,0.000000,-1.619686,102.643532
45.814340,2.000000,-1019.398865,-2.460715,728.546083,31.632093,93.440323,267.360718,264.404846,276.010109,4.894347,0.291655,5.564231,-2.461211,-0.993035,-1.829300,26.802559,0.004216,0.000468,0.000150,0.105000,0.105000,-0.572838,83460.992188,0.945394,0.000000,0.000000,1.000000,1.000000,1.000000,1.000000,0.000000,0.000000,0.000000,-1.659739,102.210564
45.868205,2.000000,-1011.727966,-2.479362,728.412059,31.513136,92.999313,267.089478,264.106201,275.695112,4.864670,0.293162,5.552338,-2.502216,-1.010729,-1.827431,26.574476,0.006002,0.000490,0.000152,0.105000,0.105000,-0.531714,83460.992188,0.941046,0.000000,0.000000,1.000000,1.000000,1.000000,1.000000,0.000000,0.000000,0.000000,-1.701883,101.769554
45.924829,2.000000,-1003.744141,-2.498763,728.268721,31.331556,92.531807,266.803955,263.796448,275.368221,4.835856,0.294754,5.543064,-2.547001,-1.030037,-1.825608,26.338318,0.007716,0.000513,0.000154,0.105000,0.105000,-0.488795,83460.992188,0.937454,0.000000,0.000000,1.000000,1.000000,1.000000,1.000000,0.000000,0.000000,0.000000,-1.748182,101.366394
45.978525,2.000000,-996.145081,-2.517222,728.130387,31.202101,92.078438,266.532990,263.502502,275.057940,4.810773,0.296269,5.537236,-2.591407,-1.049173,-1.823972,26.114655,0.009327,0.000533,0.000155,0.105000,0.105000,-0.448230,83460.992188,0.934574,0.000000,0.000000,1.000000,1.000000,1.000000,1.000000,0.000000,0.000000,0.000000,-1.793779,100.913025
46.030978,2.000000,-988.707031,-2.535283,727.992910,31.072767,91.626457,266.267944,263.215637,274.755016,4.788361,0.297755,5.534193,-2.636249,-1.068500,-1.822447,25.896740,0.010877,0.000553,0.000154,0.105000,0.105000,-0.409036,83460.992188,0.932224,0.000000,0.000000,1.000000,1.000000,1.000000,1.000000,0.000000,0.000000,0.000000,-1.839605,100.461044
46.084525,2.000000,-981.198120,-2.553509,727.850112,30.924330,91.161682,265.996887,262.926819,274.449866,4.767580,0.299278,5.533639,-2.682599,-1.088491,-1.820969,25.677721,0.012263,0.000570,0.000153,0.105000,0.105000,-0.369754,83460.992188,0.930039,0.000000,0.000000,1.000000,1.000000,1.000000,1.000000,0.000000,0.000000,0.000000,-1.887411,99.996269
46.134849,2.000000,-974.085632,-2.570766,727.713601,30.785902,90.713379,265.741333,262.653900,274.161416,4.749945,0.300712,5.535305,-2.727199,-1.107747,-1.819615,25.471128,0.013648,0.000590,0.000152,0.105000,0.105000,-0.333939,83460.992188,0.928438,0.000000,0.000000,1.000000,1.000000,1.000000,1.000000,0.000000,0.000000,0.000000,-1.932953,99.595970
46.187460,2.000000,-966.685730,-2.588714,727.568479,30.636366,90.238564,265.473846,262.370605,273.861961,4.733422,0.302216,5.539287,-2.774416,-1.128153,-1.818244,25.257044,0.014951,0.000605,0.000150,0.105000,0.105000,-0.296808,83460.992188,0.927525,0.000000,0.000000,1.000000,1.000000,1.000000,1.000000,0.000000,0.000000,0.000000,-1.981279,99.121155
46.241555,2.000000,-959.166931,-2.606943,727.416656,30.483412,89.747185,265.197937,262.083344,273.558176,4.718439,0.303766,5.545568,-2.822815,-1.149102,-1.816879,25.040377,0.016080,0.000623,0.000147,0.105000,0.105000,-0.259801,83460.992188,0.927253,0.000000,0.000000,1.000000,1.000000,1.000000,1.000000,0.000000,0.000000,0.000000,-2.031300,98.629776
46.296434,2.000000,-951.408264,-2.625744,727.259920,30.333815,89.230598,264.917236,261.787506,273.245285,4.705248,0.305342,5.554059,-2.872975,-1.170854,-1.815489,24.817667,0.017428,0.000640,0.000144,0.105000,0.105000,-0.223556,83460.992188,0.927012,0.000000,0.000000,1.000000,1.000000,1.000000,1.000000,0.000000,0.000000,0.000000,-2.082199,98.113190
46.350488,2.000000,-943.901489,-2.643927,727.102867,30.203993,88.721542,264.639862,261.501801,272.943043,4.694168,0.306897,5.564403,-2.921617,-1.191990,-1.814154,24.602991,0.018427,0.000656,0.000141,0.105000,0.105000,-0.188857,83460.992188,0.926650,0.000000,0.000000,1.000000,1.000000,1.000000,1.000000,0.000000,0.000000,0.000000,-2.132396,97.517029
46.404693,2.000000,-936.202820,-2.662566,726.942712,30.028944,88.189995,264.360748,261.209351,272.633533,4.684898,0.308458,5.576581,-2.971397,-1.213670,-1.812788,24.383614,0.019719,0.000671,0.000137,0.105000,0.105000,-0.155422,83460.992188,0.926853,0.000000,0.000000,1.000000,1.000000,1.000000,1.000000,0.000000,0.000000,0.000000,-2.182531,96.985481
46.456850,2.000000,-929.143616,-2.679648,726.786096,29.871473,87.694160,264.091278,260.941589,272.350125,4.677661,0.309962,5.589860,-3.016857,-1.233514,-1.811530,24.183126,0.020304,0.000684,0.000133,0.105000,0.105000,-0.124839,83460.992188,0.929081,0.000000,0.000000,1.000000,1.000000,1.000000,1.000000,0.000000,0.000000,0.000000,-2.230371,96.489655
46.511500,2.000000,-921.267761,-2.698697,726.619396,29.686476,87.131538,263.808289,260.643372,272.034327,4.671742,0.311534,5.605337,-3.067037,-1.255480,-1.810117,23.960167,0.021707,0.000702,0.000129,0.105000,0.105000,-0.093767,83460.992188,0.928632,0.000000,0.000000,1.000000,1.000000,1.000000,1.000000,0.000000,0.000000,0.000000,-2.280138,95.927025
46.565834,2.000000,-913.757385,-2.716851,726.451036,29.539442,86.585793,263.525726,260.359406,271.733627,4.667513,0.313095,5.622203,-3.114514,-1.276319,-1.808755,23.748236,0.022461,0.000726,0.000122,0.105000,0.105000,-0.064145,83460.992188,0.929535,0.000000,0.000000,1.000000,1.000000,1.000000,1.000000,0.000000,0.000000,0.000000,-2.329082,95.424919
46.619256,2.000000,-906.233948,-2.735029,726.282984,29.370436,86.030128,263.247162,260.075531,271.432927,4.664875,0.314621,5.640074,-3.161488,-1.296997,-1.807371,23.536568,0.023445,0.000741,0.000112,0.105000,0.105000,-0.036491,83460.992188,0.930964,0.000000,0.000000,1.000000,1.000000,1.000000,1.000000,0.000000,0.000000,0.000000,-2.376533,94.869255
46.673779,2.000000,-898.686890,-2.753255,726.108933,29.186476,85.463791,262.961792,259.790924,271.131515,4.663671,0.316178,5.659513,-3.207860,-1.317477,-1.805960,23.324846,0.024153,0.000750,0.000103,0.105000,0.105000,-0.009635,83460.992188,0.932474,0.000000,0.000000,1.000000,1.000000,1.000000,1.000000,0.000000,0.000000,0.000000,-2.424152,94.302917
46.725676,2.000000,-891.387390,-2.770876,725.940932,28.993116,84.907654,262.689423,259.516022,270.840276,4.663850,0.317660,5.679058,-3.251974,-1.337024,-1.804571,23.120623,0.024991,0.000759,0.000096,0.105000,0.105000,0.014810,83460.992188,0.934076,0.000000,0.000000,1.000000,1.000000,1.000000,1.000000,0.000000,0.000000,0.000000,-2.468689,93.670593
46.782469,2.000000,-883.701172,-2.789419,725.754514,28.822767,84.313263,262.390137,259.226624,270.533762,4.665459,0.319280,5.701434,-3.297473,-1.357259,-1.803079,22.906141,0.025354,0.000765,0.000088,0.105000,0.105000,0.039730,83460.992188,0.937193,0.000000,0.000000,1.000000,1.000000,1.000000,1.000000,0.000000,0.000000,0.000000,-2.516284,93.076195
46.837105,2.000000,-875.934265,-2.808145,725.572722,28.627760,83.703659,262.101471,258.934601,270.224282,4.668292,0.320837,5.723851,-3.342268,-1.377265,-1.801541,22.689966,0.026302,0.000776,0.000081,0.105000,0.105000,0.062414,83460.992188,0.938274,0.000000,0.000000,1.000000,1.000000,1.000000,1.000000,0.000000,0.000000,0.000000,-2.561010,92.466599
46.891859,2.000000,-868.368103,-2.826376,725.388172,28.456312,83.101318,261.811157,258.650177,269.922930,4.672345,0.322395,5.747125,-3.384953,-1.396404,-1.800013,22.479891,0.026831,0.000784,0.000074,0.105000,0.105000,0.083902,83460.992188,0.940531,0.000000,0.000000,1.000000,1.000000,1.000000,1.000000,0.000000,0.000000,0.000000,-2.604749,91.864250
46.945713,2.000000,-860.930725,-2.844286,725.204409,28.272230,82.501213,261.524780,258.370697,269.626886,4.677438,0.323922,5.770701,-3.425825,-1.414809,-1.798479,22.273859,0.027300,0.000793,0.000068,0.105000,0.105000,0.103809,83460.992188,0.942401,0.000000,0.000000,1.000000,1.000000,1.000000,1.000000,0.000000,0.000000,0.000000,-2.646652,91.353096
47.000319,2.000000,-853.520935,-2.862118,725.015866,28.107130,81.895615,261.233429,258.092651,269.332236,4.683653,0.325466,5.795203,-3.465453,-1.432733,-1.796922,22.069029,0.027559,0.000800,0.000062,0.105000,0.105000,0.122391,83460.992188,0.944556,0.000000,0.000000,1.000000,1.000000,1.000000,1.000000,0.000000,0.000000,0.000000,-2.687945,90.747498
47.054019,2.000000,-846.027710,-2.880139,724.828344,27.901747,81.275536,260.946289,257.811646,269.034502,4.690713,0.326980,5.819790,-3.504379,-1.450422,-1.795312,21.862316,0.028153,0.000808,0.000056,0.105000,0.105000,0.139447,83460.992188,0.946724,0.000000,0.000000,1.000000,1.000000,1.000000,1.000000,0.000000,0.000000,0.000000,-2.727362,90.127419
47.108101,2.000000,-838.478577,-2.898283,724.637438,27.720961,80.643234,260.656158,257.528656,268.734662,4.698720,0.328499,5.844982,-3.542416,-1.467793,-1.793622,21.654472,0.028753,0.000820,0.000051,0.105000,0.105000,0.155536,83460.992188,0.949127,0.000000,0.000000,1.000000,1.000000,1.000000,1.000000,0.000000,0.000000,0.000000,-2.765844,89.495110
47.163097,2.000000,-830.876343,-2.916539,724.441262,27.516310,79.998978,260.360260,257.243744,268.432775,4.707728,0.330039,5.870987,-3.579502,-1.484821,-1.791844,21.445564,0.029235,0.000828,0.000046,0.105000,0.105000,0.170875,83460.992188,0.951571,0.000000,0.000000,1.000000,1.000000,1.000000,1.000000,0.000000,0.000000,0.000000,-2.803728,88.768585
47.219174,2.000000,-823.388306,-2.934506,724.239180,27.317396,79.357239,260.057861,256.963135,268.135456,4.717756,0.331603,5.897853,-3.614842,-1.501135,-1.790016,21.240171,0.029277,0.000834,0.000041,0.105000,0.105000,0.185680,83460.992188,0.953733,0.000000,0.000000,1.000000,1.000000,1.000000,1.000000,0.000000,0.000000,0.000000,-2.841088,88.126846
47.275286,2.000000,-815.442993,-2.953555,724.034978,27.093092,78.668747,259.754517,256.665344,267.820044,4.728580,0.333161,5.924988,-3.650976,-1.517918,-1.787996,21.022629,0.030077,0.000843,0.000036,0.105000,0.105000,0.199361,83460.992188,0.956097,0.000000,0.000000,1.000000,1.000000,1.000000,1.000000,0.000000,0.000000,0.000000,-2.877085,87.438354
47.330764,2.000000,-807.837402,-2.971772,723.831190,26.910841,78.002640,259.453827,256.380310,267.518158,4.740025,0.334694,5.952085,-3.684363,-1.533521,-1.785985,20.814753,0.030434,0.000850,0.000031,0.105000,0.105000,0.212319,83460.992188,0.958415,0.000000,0.000000,1.000000,1.000000,1.000000,1.000000,0.000000,0.000000,0.000000,-2.911450,86.763718
47.383290,2.000000,-800.558228,-2.989194,723.636579,26.708693,77.358849,259.168701,256.107544,267.229203,4.751506,0.336137,5.977939,-3.715201,-1.548021,-1.783991,20.616117,0.030879,0.000856,0.000027,0.105000,0.105000,0.224033,83460.992188,0.960725,0.000000,0.000000,1.000000,1.000000,1.000000,1.000000,0.000000,0.000000,0.000000,-2.942840,86.119919
47.436095,2.000000,-793.333862,-3.006469,723.439356,26.504591,76.714012,258.881561,255.836807,266.942443,4.763651,0.337580,6.004072,-3.744668,-1.561968,-1.781945,20.419275,0.031172,0.000864,0.000023,0.105000,0.105000,0.235106,83460.992188,0.963116,0.000000,0.000000,1.000000,1.000000,1.000000,1.000000,0.000000,0.000000,0.000000,-2.973221,85.475082
47.489816,2.000000,-785.999573,-3.023990,723.237154,26.310987,76.053535,258.588837,255.561935,266.651353,4.776583,0.339040,6.030747,-3.773383,-1.575657,-1.779801,20.219730,0.031445,0.000870,0.000019,0.105000,0.105000,0.245608,83460.992188,0.965387,0.000000,0.000000,1.000000,1.000000,1.000000,1.000000,0.000000,0.000000,0.000000,-3.002896,84.814613
47.544692,2.000000,-778.540283,-3.041793,723.029051,26.117750,75.376007,258.289154,255.282303,266.355250,4.790352,0.340520,6.058051,-3.801356,-1.589096,-1.777554,20.017075,0.031672,0.000875,0.000015,0.105000,0.105000,0.255594,83460.992188,0.967784,0.000000,0.000000,1.000000,1.000000,1.000000,1.000000,0.000000,0.000000,0.000000,-3.031925,84.170570
47.599196,2.000000,-771.050781,-3.059649,722.820874,25.894972,74.690041,257.991211,255.001450,266.057931,4.804554,0.341982,6.085205,-3.828235,-1.602114,-1.775231,19.813883,0.032016,0.000882,0.000011,0.105000,0.105000,0.264866,83460.992188,0.970223,0.000000,0.000000,1.000000,1.000000,1.000000,1.000000,0.000000,0.000000,0.000000,-3.059519,83.484604
47.653030,2.000000,-763.732544,-3.077079,722.613868,25.681166,74.014473,257.696442,254.727005,265.767345,4.819065,0.343416,6.112038,-3.853329,-1.614372,-1.772899,19.615601,0.032219,0.000891,0.000007,0.105000,0.105000,0.273529,83460.992188,0.972393,0.000000,0.000000,1.000000,1.000000,1.000000,1.000000,0.000000,0.000000,0.000000,-3.085585,82.809036
47.706167,2.000000,-756.463806,-3.094373,722.408255,25.478590,73.338470,257.405060,254.454300,265.478746,4.833826,0.344821,6.138491,-3.877104,-1.626092,-1.770522,19.418907,0.032477,0.000898,0.000004,0.105000,0.105000,0.281528,83460.992188,0.974563,0.000000,0.000000,1.000000,1.000000,1.000000,1.000000,0.000000,0.000000,0.000000,-3.110135,82.133034
47.759516,2.000000,-749.110718,-3.111848,722.200595,25.277357,72.649750,257.112274,254.178375,265.186677,4.849055,0.346222,6.164988,-3.899993,-1.637488,-1.768060,19.220175,0.032814,0.000907,0.000000,0.105000,0.105000,0.288945,83460.992188,0.976966,0.000000,0.000000,1.000000,1.000000,1.000000,1.000000,0.000000,0.000000,0.000000,-3.133602,81.507523
47.812479,2.000000,-741.910095,-3.128942,721.993283,25.064283,71.970741,256.821289,253.908081,264.900689,4.864553,0.347603,6.191225,-3.921291,-1.648202,-1.765593,19.025789,0.032994,0.000914,-0.000004,0.105000,0.105000,0.295854,83460.992188,0.979060,0.000000,0.000000,1.000000,1.000000,1.000000,1.000000,0.000000,0.000000,0.000000,-3.155780,80.828522
47.866394,2.000000,-734.637451,-3.146188,721.781124,24.841078,71.280548,256.524750,253.635010,264.611734,4.880692,0.349000,6.217827,-3.941679,-1.658575,-1.763048,18.829681,0.033102,0.000921,-0.000007,0.105000,0.105000,0.302318,83460.992188,0.981336,0.000000,0.000000,1.000000,1.000000,1.000000,1.000000,0.000000,0.000000,0.000000,-3.177186,80.138329
47.921695,2.000000,-727.120117,-3.163994,721.562403,24.645033,70.562691,256.220276,253.352631,264.313051,4.897589,0.350423,6.244965,-3.961560,-1.668818,-1.760363,18.627197,0.033294,0.000928,-0.000010,0.105000,0.105000,0.308334,83460.992188,0.983584,0.000000,0.000000,1.000000,1.000000,1.000000,1.000000,0.000000,0.000000,0.000000,-3.197926,79.420471
47.975613,2.000000,-719.797913,-3.181317,721.348135,24.405653,69.859306,255.923325,253.077408,264.021990,4.914373,0.351798,6.271284,-3.979836,-1.678359,-1.757698,18.430178,0.033462,0.000937,-0.000014,0.105000,0.105000,0.313832,83460.992188,0.985893,0.000000,0.000000,1.000000,1.000000,1.000000,1.000000,0.000000,0.000000,0.000000,-3.217032,78.611191
48.025739,2.000000,-713.050110,-3.197262,721.148088,24.248182,69.207642,255.646851,252.823685,263.753679,4.930229,0.353069,6.295586,-3.995673,-1.686748,-1.755198,18.248793,0.033553,0.000943,-0.000017,0.105000,0.105000,0.318395,83460.992188,0.988087,0.000000,0.000000,1.000000,1.000000,1.000000,1.000000,0.000000,0.000000,0.000000,-3.233755,77.959526
48.079697,2.000000,-705.658936,-3.214708,720.931893,24.018080,68.490211,255.349197,252.545761,263.459771,4.947544,0.354424,6.321593,-4.011994,-1.695522,-1.752416,18.050299,0.033786,0.000953,-0.000020,0.105000,0.105000,0.323061,83460.992188,0.989804,0.000000,0.000000,1.000000,1.000000,1.000000,1.000000,0.000000,0.000000,0.000000,-3.250774,77.242088
48.139841,2.000000,-698.492126,-3.231603,720.689926,23.757460,67.791084,255.016815,252.276062,263.174702,4.967130,0.355925,6.350354,-4.026811,-1.703622,-1.749676,17.858011,0.032759,0.000953,-0.000024,0.105000,0.105000,0.327857,83460.992188,0.992014,0.000000,0.000000,1.000000,1.000000,1.000000,1.000000,0.000000,0.000000,0.000000,-3.268477,76.542969
48.192556,2.000000,-690.447144,-3.250541,720.477064,23.542250,67.002419,254.725449,251.973236,262.854604,4.984500,0.357228,6.375258,-4.042062,-1.712152,-1.746552,17.642365,0.034007,0.000972,-0.000027,0.105000,0.105000,0.331044,83460.992188,0.993782,0.000000,0.000000,1.000000,1.000000,1.000000,1.000000,0.000000,0.000000,0.000000,-3.282755,75.812057
48.243425,2.000000,-683.585999,-3.266671,720.271016,23.328321,66.326805,254.444748,251.714874,262.581577,5.001439,0.358477,6.399182,-4.054325,-1.719128,-1.743851,17.458616,0.034065,0.000981,-0.000030,0.105000,0.105000,0.334646,83460.992188,0.995785,0.000000,0.000000,1.000000,1.000000,1.000000,1.000000,0.000000,0.000000,0.000000,-3.295828,75.136444
48.295609,2.000000,-676.472595,-3.283371,720.059026,23.113417,65.623528,254.156723,251.446899,262.298436,5.018992,0.359749,6.423493,-4.066039,-1.725952,-1.741017,17.268263,0.034217,0.000991,-0.000034,0.105000,0.105000,0.337796,83460.992188,0.997829,0.000000,0.000000,1.000000,1.000000,1.000000,1.000000,0.000000,0.000000,0.000000,-3.308244,74.433167
48.347327,2.000000,-669.530701,-3.299648,719.848365,22.944288,64.934608,253.871246,251.185226,262.021968,5.036540,0.360999,6.447363,-4.076549,-1.732235,-1.738220,17.082644,0.034238,0.001001,-0.000037,0.105000,0.105000,0.340588,83460.992188,0.999519,0.000000,0.000000,1.000000,1.000000,1.000000,1.000000,0.000000,0.000000,0.000000,-3.319636,73.678963
48.402948,2.000000,-662.159424,-3.316907,719.621232,22.702589,64.200424,253.563995,250.907196,261.728327,5.055556,0.362334,6.472752,-4.086721,-1.738502,-1.735218,16.885695,0.034180,0.001008,-0.000040,0.105000,0.105000,0.343047,83460.992188,1.001549,0.000000,0.000000,1.000000,1.000000,1.000000,1.000000,0.000000,0.000000,0.000000,-3.330848,72.944778
48.456726,2.000000,-654.871643,-3.333947,719.401115,22.484999,63.472034,253.267014,250.632248,261.437919,5.074064,0.363616,6.497033,-4.095826,-1.744307,-1.732219,16.691122,0.034289,0.001010,-0.000044,0.105000,0.105000,0.345133,83460.992188,1.003263,0.000000,0.000000,1.000000,1.000000,1.000000,1.000000,0.000000,0.000000,0.000000,-3.340748,72.216393
48.514134,2.000000,-647.297791,-3.351628,719.165640,22.224806,62.712578,252.949921,250.346252,261.136032,5.093930,0.364970,6.522629,-4.104290,-1.749929,-1.729075,16.489059,0.034203,0.001020,-0.000047,0.105000,0.105000,0.346913,83460.992188,1.005286,0.000000,0.000000,1.000000,1.000000,1.000000,1.000000,0.000000,0.000000,0.000000,-3.350269,71.456932
48.569960,2.000000,-639.753906,-3.369212,718.936219,22.022657,61.953789,252.641693,250.061310,260.835213,5.113339,0.366274,6.547204,-4.111732,-1.755120,-1.725916,16.287943,0.034291,0.001028,-0.000051,0.105000,0.105000,0.348378,83460.992188,1.006983,0.000000,0.000000,1.000000,1.000000,1.000000,1.000000,0.000000,0.000000,0.000000,-3.358553,70.800629
48.621482,2.000000,-632.831421,-3.385322,718.724148,21.805311,61.255589,252.357224,249.799622,260.559072,5.131315,0.367466,6.569612,-4.117750,-1.759549,-1.722995,16.103516,0.034349,0.001033,-0.000054,0.105000,0.105000,0.349365,83460.992188,1.008553,0.000000,0.000000,1.000000,1.000000,1.000000,1.000000,0.000000,0.000000,0.000000,-3.365387,70.102432
48.672766,2.000000,-626.218018,-3.400690,718.512775,21.576979,60.586994,252.074142,249.549606,260.295210,5.149256,0.368641,6.591651,-4.122799,-1.763490,-1.720188,15.927427,0.034129,0.001040,-0.000057,0.105000,0.105000,0.350270,83460.992188,1.010090,0.000000,0.000000,1.000000,1.000000,1.000000,1.000000,0.000000,0.000000,0.000000,-3.371443,69.433838
48.723474,2.000000,-619.205444,-3.416961,718.303541,21.357924,59.876469,251.794357,249.284378,260.015362,5.167029,0.369793,6.613158,-4.127360,-1.767338,-1.717195,15.740819,0.034364,0.001051,-0.000060,0.105000,0.105000,0.350832,83460.992188,1.011589,0.000000,0.000000,1.000000,1.000000,1.000000,1.000000,0.000000,0.000000,0.000000,-3.376663,68.723312
48.779812,2.000000,-611.687805,-3.434375,718.070842,21.156813,59.113132,251.483780,248.999954,259.715254,5.186809,0.371061,6.636772,-4.131481,-1.771145,-1.713969,15.540891,0.034358,0.001059,-0.000063,0.105000,0.105000,0.351404,83460.992188,1.012994,0.000000,0.000000,1.000000,1.000000,1.000000,1.000000,0.000000,0.000000,0.000000,-3.381718,67.958855
48.830003,2.000000,-604.935059,-3.449991,717.863361,20.934767,58.426121,251.207230,248.744324,259.445579,5.204451,0.372180,6.657528,-4.134472,-1.774268,-1.711058,15.361405,0.034411,0.001067,-0.000066,0.105000,0.105000,0.351658,83460.992188,1.014432,0.000000,0.000000,1.000000,1.000000,1.000000,1.000000,0.000000,0.000000,0.000000,-3.385502,67.271843
48.884584,2.000000,-597.687134,-3.466726,717.637589,20.706495,57.687458,250.906799,248.469818,259.156091,5.223651,0.373386,6.679823,-4.136978,-1.777324,-1.707922,15.168862,0.034369,0.001076,-0.000069,0.105000,0.105000,0.351878,83460.992188,1.015798,0.000000,0.000000,1.000000,1.000000,1.000000,1.000000,0.000000,0.000000,0.000000,-3.388924,66.533180
48.938186,3.000000,-590.545410,-3.483187,717.415759,20.475965,56.958439,250.611954,248.199326,258.870784,5.242511,0.374560,6.701416,-4.138733,-1.780036,-0.645318,14.979240,0.221440,0.001086,-0.000072,0.105000,0.105000,0.351902,83460.992188,1.017244,0.000000,0.000000,1.000000,1.000000,1.000000,1.000000,0.000000,0.000000,0.000000,-3.391557,65.804161
48.993785,3.000000,-583.199646,-3.500094,717.181436,20.264662,56.196842,250.306137,247.925507,258.574681,5.276074,0.375769,6.795511,-4.259616,-1.834088,-0.646057,14.784302,0.197503,0.001095,-0.000077,0.105000,0.105000,0.809203,83460.992188,0.801910,0.000000,0.000000,1.000000,1.000000,1.000000,1.000000,0.000000,0.000000,0.000000,-3.528305,65.010704
49.046714,3.000000,-576.131165,-3.516343,716.952311,20.033278,55.442501,250.014618,247.661606,258.289998,5.328963,0.376915,6.892268,-4.361092,-1.879819,-0.646769,14.596814,0.180173,0.001093,-0.000080,0.105000,0.105000,1.154177,83460.992188,0.859480,0.000000,0.000000,1.000000,1.000000,1.000000,1.000000,0.000000,0.000000,0.000000,-3.626272,64.256363
49.101162,3.000000,-568.939026,-3.532854,716.712120,19.800184,54.658730,249.713623,247.391174,258.000035,5.400043,0.378084,6.995610,-4.434197,-1.913453,-0.647496,14.406136,0.162908,0.001086,-0.000083,0.105000,0.105000,1.426764,83460.992188,0.914515,0.000000,0.000000,1.000000,1.000000,1.000000,1.000000,0.000000,0.000000,0.000000,-3.696992,63.472591
49.154354,3.000000,-561.879639,-3.549035,716.474584,19.535170,53.878498,249.417892,247.123260,257.714461,5.481726,0.379204,7.097267,-4.478756,-1.934807,-0.648214,14.219062,0.147142,0.001079,-0.000085,0.105000,0.105000,1.621586,83460.992188,0.963648,0.000000,0.000000,1.000000,1.000000,1.000000,1.000000,0.000000,0.000000,0.000000,-3.739169,62.777580
49.205989,3.000000,-554.993652,-3.564793,716.242552,19.300611,53.111301,249.128937,246.859116,257.434553,5.569250,0.380267,7.194311,-4.498670,-1.945514,-0.648918,14.036660,0.132860,0.001076,-0.000086,0.105000,0.105000,1.751665,83460.992188,1.006307,0.000000,0.000000,1.000000,1.000000,1.000000,1.000000,0.000000,0.000000,0.000000,-3.757165,62.010380
49.261415,3.000000,-547.685791,-3.581486,715.993155,19.083387,52.294674,248.815903,246.575592,257.135633,5.669065,0.381379,7.294787,-4.497288,-1.947177,-0.649673,13.843165,0.118611,0.001068,-0.000088,0.105000,0.105000,1.835961,83460.992188,1.046437,0.000000,0.000000,1.000000,1.000000,1.000000,1.000000,0.000000,0.000000,0.000000,-3.754315,61.193756
49.315742,3.000000,-540.519714,-3.597824,715.749490,18.822035,51.495186,248.506287,246.294342,256.840449,5.770024,0.382431,7.387966,-4.476147,-1.940256,-0.650419,13.653502,0.105853,0.001064,-0.000089,0.105000,0.105000,1.871754,83460.992188,1.080559,0.000000,0.000000,1.000000,1.000000,1.000000,1.000000,0.000000,0.000000,0.000000,-3.732038,60.394268
49.369407,3.000000,-533.491760,-3.613815,715.510512,18.583448,50.715500,248.197403,246.015488,256.548795,5.870555,0.383434,7.473776,-4.439015,-1.926359,-0.651159,13.467567,0.094439,0.001059,-0.000090,0.105000,0.105000,1.869680,83460.992188,1.109120,0.000000,0.000000,1.000000,1.000000,1.000000,1.000000,0.000000,0.000000,0.000000,-3.693825,59.564835
49.423102,3.000000,-526.433960,-3.629839,715.273904,18.349928,49.939526,247.885269,245.732529,256.253849,5.970144,0.384401,7.552723,-4.387888,-1.906378,-0.651908,13.280912,0.084142,0.001054,-0.000091,0.105000,0.105000,1.837396,83460.992188,1.133090,0.000000,0.000000,1.000000,1.000000,1.000000,1.000000,0.000000,0.000000,0.000000,-3.642026,58.788860
49.477539,3.000000,-519.274780,-3.646058,715.037261,18.100538,49.161884,247.565536,245.442902,255.952674,6.068616,0.385345,7.625272,-4.324281,-1.880972,-0.652675,13.091644,0.074765,0.001052,-0.000091,0.105000,0.105000,1.780708,83460.992188,1.153080,0.000000,0.000000,1.000000,1.000000,1.000000,1.000000,0.000000,0.000000,0.000000,-3.578113,58.011219
49.533129,3.000000,-512.010681,-3.662475,714.799545,17.882643,48.384552,247.235855,245.146301,255.644885,6.165415,0.386263,7.691414,-4.249928,-1.850877,-0.653461,12.899671,0.066295,0.001096,-0.000088,0.105000,0.105000,1.704280,83460.992188,1.168922,0.000000,0.000000,1.000000,1.000000,1.000000,1.000000,0.000000,0.000000,0.000000,-3.503354,57.233887
49.586726,3.000000,-504.905182,-3.678495,714.574538,17.661207,47.637089,246.915207,244.853149,255.341130,6.254394,0.387044,7.747911,-4.170152,-1.818316,-0.654238,12.711951,0.058655,0.001165,-0.000073,0.105000,0.105000,1.620121,83460.992188,1.180113,0.000000,0.000000,1.000000,1.000000,1.000000,1.000000,0.000000,0.000000,0.000000,-3.424696,56.480564
49.637777,3.000000,-498.389587,-3.693151,714.364334,17.448133,46.963840,246.607208,244.581863,255.060213,6.334765,0.387729,7.795314,-4.092381,-1.786392,-0.654958,12.539871,0.052626,0.001192,-0.000060,0.105000,0.105000,1.534078,83460.992188,1.188100,0.000000,0.000000,1.000000,1.000000,1.000000,1.000000,0.000000,0.000000,0.000000,-3.345264,55.807316
49.690036,3.000000,-491.371613,-3.708899,714.153511,17.243299,46.252472,246.289703,244.287460,254.755538,6.412365,0.388388,7.837554,-4.004779,-1.750266,-0.655742,12.354577,0.046194,0.001217,-0.000047,0.105000,0.105000,1.441919,83460.992188,1.194931,0.000000,0.000000,1.000000,1.000000,1.000000,1.000000,0.000000,0.000000,0.000000,-3.260419,55.095951
49.741644,3.000000,-484.715912,-3.723799,713.949800,17.020887,45.591568,245.974289,244.006470,254.464804,6.484180,0.389005,7.873154,-3.918736,-1.714639,-0.656491,12.178900,0.041221,0.001237,-0.000035,0.105000,0.105000,1.347882,83460.992188,1.200120,0.000000,0.000000,1.000000,1.000000,1.000000,1.000000,0.000000,0.000000,0.000000,-3.173845,54.435047
49.796962,3.000000,-477.391876,-3.740155,713.736513,16.798109,44.880264,245.634659,243.695480,254.143163,6.555736,0.389629,7.904880,-3.821639,-1.674294,-0.657322,11.985636,0.036024,0.001263,-0.000023,0.105000,0.105000,1.245471,83460.992188,1.203410,0.000000,0.000000,1.000000,1.000000,1.000000,1.000000,0.000000,0.000000,0.000000,-3.078940,53.694176
49.851740,3.000000,-470.255798,-3.756050,713.530577,16.595472,44.203690,245.296844,243.391174,253.828493,6.621002,0.390219,7.930111,-3.725671,-1.634295,-0.658136,11.797386,0.031892,0.001290,-0.000012,0.105000,0.105000,1.143991,83460.992188,1.205118,0.000000,0.000000,1.000000,1.000000,1.000000,1.000000,0.000000,0.000000,0.000000,-2.983822,53.017601
49.905551,3.000000,-463.240540,-3.771637,713.333413,16.411024,43.554600,244.963974,243.091171,253.518182,6.679736,0.390774,7.949313,-3.630855,-1.594673,-0.658942,11.612373,0.028445,0.001312,-0.000002,0.105000,0.105000,1.045568,83460.992188,1.205058,0.000000,0.000000,1.000000,1.000000,1.000000,1.000000,0.000000,0.000000,0.000000,-2.890137,52.368511
49.958939,3.000000,-456.314606,-3.786988,713.142825,16.230299,42.929413,244.633041,242.794449,253.211164,6.732838,0.391302,7.963313,-3.537526,-1.555587,-0.659741,11.429763,0.025711,0.001334,0.000008,0.105000,0.105000,0.950253,83460.992188,1.203526,0.000000,0.000000,1.000000,1.000000,1.000000,1.000000,0.000000,0.000000,0.000000,-2.797679,51.743324
50.012948,3.000000,-449.332672,-3.802425,712.955070,16.041273,42.314831,244.297958,242.495041,252.901358,6.781469,0.391817,7.972799,-3.444418,-1.516518,-0.660549,11.245721,0.023570,0.001359,0.000016,0.105000,0.105000,0.857223,83460.992188,1.201021,0.000000,0.000000,1.000000,1.000000,1.000000,1.000000,0.000000,0.000000,0.000000,-2.705305,51.166458
50.067362,3.000000,-442.234100,-3.818080,712.770963,15.850172,41.705902,243.960297,242.190811,252.586302,6.825503,0.392321,7.978056,-3.351312,-1.477383,-0.661373,11.058649,0.021735,0.001383,0.000024,0.105000,0.105000,0.767736,83460.992188,1.197450,0.000000,0.000000,1.000000,1.000000,1.000000,1.000000,0.000000,0.000000,0.000000,-2.613971,50.557529
50.122179,3.000000,-435.135162,-3.833696,712.590513,15.658583,41.112701,243.620575,241.886734,252.271335,6.865079,0.392817,7.979449,-3.260268,-1.439058,-0.662198,10.871612,0.020522,0.001408,0.000032,0.105000,0.105000,0.682442,83460.992188,1.193149,0.000000,0.000000,1.000000,1.000000,1.000000,1.000000,0.000000,0.000000,0.000000,-2.524183,49.964329
50.175897,3.000000,-428.179535,-3.848959,712.418439,15.481031,40.546394,243.288376,241.589294,251.963042,6.899474,0.393292,7.977462,-3.173452,-1.402467,-0.663009,10.688390,0.019763,0.001433,0.000039,0.105000,0.105000,0.604014,83460.992188,1.187998,0.000000,0.000000,1.000000,1.000000,1.000000,1.000000,0.000000,0.000000,0.000000,-2.438755,49.360546
50.230206,3.000000,-421.137665,-3.864372,712.249109,15.312941,39.987686,242.953506,241.288788,251.651396,6.930127,0.393763,7.972551,-3.088411,-1.366588,-0.663830,10.502936,0.019359,0.001461,0.000045,0.105000,0.105000,0.530419,83460.992188,1.182228,0.000000,0.000000,1.000000,1.000000,1.000000,1.000000,0.000000,0.000000,0.000000,-2.355366,48.801838
50.284779,3.000000,-414.085144,-3.879770,712.083480,15.154676,39.442368,242.618332,240.988571,251.339870,6.957080,0.394254,7.965170,-3.006458,-1.331986,-0.664652,10.317242,0.019353,0.001404,0.000041,0.105000,0.105000,0.462706,83460.992188,1.175500,0.000000,0.000000,1.000000,1.000000,1.000000,1.000000,0.000000,0.000000,0.000000,-2.274944,48.256519
50.338950,3.000000,-407.094971,-3.894995,711.923359,15.002455,38.915344,242.287170,240.691483,251.031399,6.980394,0.394849,7.956017,-2.928907,-1.299234,-0.665469,10.133224,0.019582,0.001337,0.000021,0.105000,0.105000,0.403102,83460.992188,1.167799,0.000000,0.000000,1.000000,1.000000,1.000000,1.000000,0.000000,0.000000,0.000000,-2.198955,47.729492
50.393388,3.000000,-400.111450,-3.910167,711.766535,14.845228,38.401566,241.956161,240.395081,250.723461,7.000799,0.395482,7.945498,-2.855376,-1.268182,-0.666286,9.949417,0.020063,0.001341,0.000003,0.105000,0.105000,0.351151,83460.992188,1.160670,0.000000,0.000000,1.000000,1.000000,1.000000,1.000000,0.000000,0.000000,0.000000,-2.126615,47.260834
50.447189,3.000000,-393.197937,-3.925150,711.615357,14.693922,37.904839,241.631073,240.102066,250.418845,7.018401,0.396118,7.934198,-2.786355,-1.239042,-0.667097,9.767486,0.020620,0.001355,-0.000014,0.105000,0.105000,0.307084,83460.992188,1.153129,0.000000,0.000000,1.000000,1.000000,1.000000,1.000000,0.000000,0.000000,0.000000,-2.059030,46.764107
50.501627,3.000000,-386.171875,-3.940340,711.466036,14.541761,37.411510,241.304123,239.804657,250.109514,7.033998,0.396767,7.922198,-2.720059,-1.211066,-0.667922,9.582625,0.021214,0.001372,-0.000030,0.105000,0.105000,0.269419,83460.992188,1.146157,0.000000,0.000000,1.000000,1.000000,1.000000,1.000000,0.000000,0.000000,0.000000,-1.994509,46.270775
50.557253,3.000000,-378.992432,-3.955822,711.317030,14.388197,36.918701,240.972366,239.501343,249.793835,7.048015,0.397438,7.909667,-2.656163,-1.184119,-0.668766,9.393763,0.021887,0.001389,-0.000044,0.105000,0.105000,0.237519,83460.992188,1.139238,0.000000,0.000000,1.000000,1.000000,1.000000,1.000000,0.000000,0.000000,0.000000,-1.932454,45.777969
50.613550,3.000000,-371.818512,-3.971254,711.169688,14.247267,36.437004,240.638992,239.198792,249.478749,7.060573,0.398124,7.896979,-2.595998,-1.158766,-0.669610,9.205077,0.022774,0.001404,-0.000058,0.105000,0.105000,0.211280,83460.992188,1.132112,0.000000,0.000000,1.000000,1.000000,1.000000,1.000000,0.000000,0.000000,0.000000,-1.873443,45.275650
50.667115,3.000000,-364.957092,-3.985977,711.032532,14.111769,35.985722,240.324249,238.909851,249.177752,7.071299,0.398782,7.885141,-2.541826,-1.135962,-0.670419,9.024639,0.023609,0.001418,-0.000071,0.105000,0.105000,0.191279,83460.992188,1.126119,0.000000,0.000000,1.000000,1.000000,1.000000,1.000000,0.000000,0.000000,0.000000,-1.820693,44.824371
50.720589,3.000000,-358.123413,-4.000603,710.898391,13.989882,35.544899,240.012314,238.622559,248.878357,7.081068,0.399442,7.873744,-2.490983,-1.114584,-0.671225,8.844958,0.024473,0.001432,-0.000082,0.105000,0.105000,0.175826,83460.992188,1.120198,0.000000,0.000000,1.000000,1.000000,1.000000,1.000000,0.000000,0.000000,0.000000,-1.771203,44.383549
50.774052,3.000000,-351.276093,-4.015222,710.766890,13.848280,35.111336,239.702728,238.335098,248.578695,7.090129,0.400108,7.862928,-2.443001,-1.094438,-0.672035,8.664944,0.025306,0.001446,-0.000093,0.105000,0.105000,0.164424,83460.992188,1.114648,0.000000,0.000000,1.000000,1.000000,1.000000,1.000000,0.000000,0.000000,0.000000,-1.724708,43.949982
50.828122,3.000000,-344.402832,-4.029859,710.636397,13.705397,34.683830,239.391907,238.047028,248.278261,7.098776,0.400784,7.852693,-2.397628,-1.075415,-0.672848,8.484273,0.026192,0.001461,-0.000103,0.105000,0.105000,0.156518,83460.992188,1.109413,0.000000,0.000000,1.000000,1.000000,1.000000,1.000000,0.000000,0.000000,0.000000,-1.680519,43.529076
50.881464,3.000000,-337.580170,-4.044352,710.509981,13.574110,34.266659,239.087524,237.761551,247.980438,7.106976,0.401452,7.843377,-2.355159,-1.057640,-0.673656,8.304956,0.026975,0.001478,-0.000112,0.105000,0.105000,0.151793,83460.992188,1.104629,0.000000,0.000000,1.000000,1.000000,1.000000,1.000000,0.000000,0.000000,0.000000,-1.639511,43.111900
50.934934,3.000000,-330.775757,-4.058770,710.385440,13.464247,33.857307,238.784500,237.477173,247.683698,7.115018,0.402125,7.834922,-2.315224,-1.040955,-0.674463,8.126143,0.027769,0.001495,-0.000121,0.105000,0.105000,0.149700,83460.992188,1.099996,0.000000,0.000000,1.000000,1.000000,1.000000,1.000000,0.000000,0.000000,0.000000,-1.600859,42.702553
50.989215,3.000000,-323.916809,-4.073267,710.261110,13.354200,33.451065,238.478943,237.190948,247.384955,7.123136,0.402815,7.827312,-2.277288,-1.025138,-0.675277,7.945919,0.028588,0.001507,-0.000130,0.105000,0.105000,0.149928,83460.992188,1.095646,0.000000,0.000000,1.000000,1.000000,1.000000,1.000000,0.000000,0.000000,0.000000,-1.563983,42.301498
51.042654,3.000000,-317.109161,-4.087619,710.140655,13.235121,33.053822,238.180145,236.907181,247.088733,7.131198,0.403495,7.820814,-2.241755,-1.010356,-0.676087,7.767064,0.029292,0.001520,-0.000137,0.105000,0.105000,0.152085,83460.992188,1.091750,0.000000,0.000000,1.000000,1.000000,1.000000,1.000000,0.000000,0.000000,0.000000,-1.529813,41.904251
51.094756,3.000000,-310.528290,-4.101460,710.024969,13.102247,32.675133,237.890640,236.633255,246.802700,7.139213,0.404162,7.815422,-2.209215,-0.996847,-0.676870,7.594187,0.029978,0.001532,-0.000144,0.105000,0.105000,0.155687,83460.992188,1.088318,0.000000,0.000000,1.000000,1.000000,1.000000,1.000000,0.000000,0.000000,0.000000,-1.498328,41.525562
51.148711,3.000000,-303.679199,-4.115828,709.906901,12.975416,32.286278,237.592514,236.348480,246.505292,7.147752,0.404854,7.810845,-2.177101,-0.983544,-0.677687,7.414284,0.030584,0.001542,-0.000151,0.105000,0.105000,0.160778,83460.992188,1.085020,0.000000,0.000000,1.000000,1.000000,1.000000,1.000000,0.000000,0.000000,0.000000,-1.467494,41.136707
51.202887,3.000000,-296.844299,-4.130128,709.790030,12.847242,31.903297,237.294983,236.064667,246.208878,7.156631,0.405546,7.807250,-2.146650,-0.970957,-0.678502,7.234773,0.031158,0.001555,-0.000158,0.105000,0.105000,0.166894,83460.992188,1.082076,0.000000,0.000000,1.000000,1.000000,1.000000,1.000000,0.000000,0.000000,0.000000,-1.438146,40.700359
51.257324,3.000000,-289.942749,-4.144531,709.674207,12.758802,31.521454,236.997604,235.778366,245.909750,7.165911,0.406239,7.804666,-2.117437,-0.958911,-0.679328,7.053531,0.031654,0.001571,-0.000164,0.105000,0.105000,0.173779,83460.992188,1.079213,0.000000,0.000000,1.000000,1.000000,1.000000,1.000000,0.000000,0.000000,0.000000,-1.410215,40.318520
51.311169,3.000000,-283.129761,-4.158711,709.561150,12.644789,31.149065,236.705002,235.496002,245.614715,7.175478,0.406927,7.803114,-2.090018,-0.947633,-0.680144,6.874632,0.032115,0.001585,-0.000170,0.105000,0.105000,0.181105,83460.992188,1.076666,0.000000,0.000000,1.000000,1.000000,1.000000,1.000000,0.000000,0.000000,0.000000,-1.384013,39.946129
51.365538,3.000000,-276.337189,-4.172812,709.448443,12.515150,30.782072,236.410873,235.214645,245.320762,7.185548,0.407623,7.802488,-2.063879,-0.936905,-0.680959,6.696287,0.032566,0.001595,-0.000175,0.105000,0.105000,0.188858,83460.992188,1.074416,0.000000,0.000000,1.000000,1.000000,1.000000,1.000000,0.000000,0.000000,0.000000,-1.358780,39.579136
51.419559,3.000000,-269.465424,-4.187039,709.337836,12.409254,30.414959,236.119904,234.930328,245.023621,7.195980,0.408313,7.802765,-2.038540,-0.926526,-0.681784,6.515880,0.032870,0.001606,-0.000181,0.105000,0.105000,0.196721,83460.992188,1.072367,0.000000,0.000000,1.000000,1.000000,1.000000,1.000000,0.000000,0.000000,0.000000,-1.334814,39.230110
51.473189,3.000000,-262.750153,-4.200904,709.229332,12.318983,30.060070,235.832184,234.652618,244.733421,7.206752,0.408994,7.803913,-2.014809,-0.916828,-0.682593,6.339597,0.033199,0.001619,-0.000186,0.105000,0.105000,0.204491,83460.992188,1.070455,0.000000,0.000000,1.000000,1.000000,1.000000,1.000000,0.000000,0.000000,0.000000,-1.312077,38.875221
51.525799,3.000000,-256.120880,-4.214555,709.124101,12.203016,29.713316,235.551010,234.378708,244.447121,7.217723,0.409657,7.805826,-1.992271,-0.907635,-0.683392,6.165586,0.033449,0.001632,-0.000190,0.105000,0.105000,0.212009,83460.992188,1.068812,0.000000,0.000000,1.000000,1.000000,1.000000,1.000000,0.000000,0.000000,0.000000,-1.290669,38.528465
51.579572,3.000000,-249.352081,-4.228457,709.017737,12.096815,29.362806,235.264481,234.099136,244.154948,7.229343,0.410334,7.808529,-1.970046,-0.898585,-0.684210,5.987928,0.033647,0.001646,-0.000195,0.105000,0.105000,0.219507,83460.992188,1.067254,0.000000,0.000000,1.000000,1.000000,1.000000,1.000000,0.000000,0.000000,0.000000,-1.269586,38.177956
51.632069,3.000000,-242.782959,-4.241912,708.915019,11.997572,29.025934,234.985641,233.828049,243.871569,7.241066,0.410991,7.811862,-1.949199,-0.890111,-0.685005,5.815525,0.033823,0.001656,-0.000199,0.105000,0.105000,0.226491,83460.992188,1.065930,0.000000,0.000000,1.000000,1.000000,1.000000,1.000000,0.000000,0.000000,0.000000,-1.249738,37.832592
51.685901,3.000000,-236.045959,-4.255673,708.810803,11.898573,28.683718,234.700439,233.550125,243.581057,7.253458,0.411661,7.815951,-1.928509,-0.881715,-0.685822,5.638729,0.033962,0.001669,-0.000203,0.105000,0.105000,0.233307,83460.992188,1.064623,0.000000,0.000000,1.000000,1.000000,1.000000,1.000000,0.000000,0.000000,0.000000,-1.230096,37.490376
51.736359,3.000000,-229.803528,-4.268390,708.714113,11.780653,28.369484,234.433578,233.292679,243.311961,7.265396,0.412286,7.820344,-1.909875,-0.874162,-0.686580,5.474923,0.034076,0.001677,-0.000207,0.105000,0.105000,0.239359,83460.992188,1.063529,0.000000,0.000000,1.000000,1.000000,1.000000,1.000000,0.000000,0.000000,0.000000,-1.212244,37.176140
51.790807,3.000000,-222.962067,-4.282288,708.610823,11.667006,28.028158,234.146423,233.010712,243.017192,7.278605,0.412952,7.825612,-1.889935,-0.866086,-0.687413,5.295412,0.034107,0.001690,-0.000211,0.105000,0.105000,0.245344,83460.992188,1.062678,0.000000,0.000000,1.000000,1.000000,1.000000,1.000000,0.000000,0.000000,0.000000,-1.193458,36.834816
51.846130,3.000000,-216.031433,-4.296326,708.506959,11.571119,27.685577,233.855225,232.725128,242.718657,7.292343,0.413626,7.831508,-1.870246,-0.858118,-0.688258,5.113574,0.034112,0.001699,-0.000215,0.105000,0.105000,0.250861,83460.992188,1.061664,0.000000,0.000000,1.000000,1.000000,1.000000,1.000000,0.000000,0.000000,0.000000,-1.174909,36.455917
51.900011,3.000000,-209.361160,-4.309798,708.406826,11.481215,27.358814,233.572144,232.450378,242.431438,7.306000,0.414275,7.837749,-1.851799,-0.850662,-0.689074,4.938578,0.034137,0.001709,-0.000218,0.105000,0.105000,0.255643,83460.992188,1.060704,0.000000,0.000000,1.000000,1.000000,1.000000,1.000000,0.000000,0.000000,0.000000,-1.157371,36.129154
51.955292,3.000000,-202.467865,-4.323678,708.305113,11.389357,27.024088,233.282196,232.166473,242.134668,7.320264,0.414934,7.844613,-1.833214,-0.843158,-0.689918,4.757743,0.034118,0.001718,-0.000222,0.105000,0.105000,0.260040,83460.992188,1.059774,0.000000,0.000000,1.000000,1.000000,1.000000,1.000000,0.000000,0.000000,0.000000,-1.139872,35.794430
52.010176,3.000000,-195.675903,-4.337314,708.205127,11.260023,26.697147,232.994644,231.886902,241.842361,7.334651,0.415581,7.851842,-1.815348,-0.835951,-0.690752,4.579579,0.034101,0.001730,-0.000225,0.105000,0.105000,0.263869,83460.992188,1.059125,0.000000,0.000000,1.000000,1.000000,1.000000,1.000000,0.000000,0.000000,0.000000,-1.122951,35.526085
52.063233,3.000000,-189.081421,-4.350514,708.109395,11.111647,26.382381,232.717117,231.615494,241.558642,7.348741,0.416199,7.859091,-1.798208,-0.829032,-0.691563,4.406605,0.034013,0.001737,-0.000228,0.105000,0.105000,0.267045,83460.992188,1.058766,0.000000,0.000000,1.000000,1.000000,1.000000,1.000000,0.000000,0.000000,0.000000,-1.106799,35.211315
52.118630,3.000000,-182.281097,-4.364086,708.010406,10.945265,26.060524,232.427567,231.335724,241.266172,7.363616,0.416836,7.866878,-1.780681,-0.821947,-0.692401,4.228242,0.033885,0.001750,-0.000231,0.105000,0.105000,0.269758,83460.992188,1.058589,0.000000,0.000000,1.000000,1.000000,1.000000,1.000000,0.000000,0.000000,0.000000,-1.090091,34.889462
52.174451,3.000000,-175.287369,-4.378000,707.911654,10.794447,25.732418,232.135605,231.048035,240.965413,7.378742,0.417468,7.874894,-1.762756,-0.814690,-0.693265,4.044816,0.033575,0.001764,-0.000234,0.105000,0.105000,0.271790,83460.992188,1.058460,0.000000,0.000000,1.000000,1.000000,1.000000,1.000000,0.000000,0.000000,0.000000,-1.073374,34.561352
52.231620,3.000000,-168.284622,-4.391888,707.811535,10.625624,25.406790,231.837372,230.759995,240.664327,7.394314,0.418103,7.883170,-1.744797,-0.807400,-0.694133,3.861166,0.033344,0.001776,-0.000237,0.105000,0.105000,0.272883,83460.992188,1.058343,0.000000,0.000000,1.000000,1.000000,1.000000,1.000000,0.000000,0.000000,0.000000,-1.056259,33.650829
52.283020,3.000000,-161.932526,-4.404446,707.722403,10.481092,25.113958,231.569397,230.498856,240.391330,7.408350,0.418666,7.890650,-1.728529,-0.800781,-0.694921,3.694587,0.033073,0.001788,-0.000239,0.105000,0.105000,0.273197,83460.992188,1.058248,0.000000,0.000000,1.000000,1.000000,1.000000,1.000000,0.000000,0.000000,0.000000,-1.040911,33.357998
52.338450,3.000000,-155.111053,-4.417892,707.627217,10.322279,24.802172,231.280746,230.218506,240.098267,7.423485,0.419264,7.898697,-1.711047,-0.793651,-0.695769,3.515708,0.032760,0.001802,-0.000242,0.105000,0.105000,0.272740,83460.992188,1.058244,0.000000,0.000000,1.000000,1.000000,1.000000,1.000000,0.000000,0.000000,0.000000,-1.024360,33.046211
52.392252,3.000000,-148.394196,-4.431090,707.535753,10.180555,24.497898,231.000885,229.942459,239.809742,7.438131,0.419836,7.906468,-1.693854,-0.786622,-0.696606,3.339581,0.032401,0.001816,-0.000245,0.105000,0.105000,0.271565,83460.992188,1.058111,0.000000,0.000000,1.000000,1.000000,1.000000,1.000000,0.000000,0.000000,0.000000,-1.008343,32.741936
52.445927,3.000000,-141.830673,-4.443947,707.445413,10.039198,24.203182,230.721786,229.672852,239.527921,7.452657,0.420398,7.914154,-1.677117,-0.779767,-0.697425,3.167483,0.032088,0.001826,-0.000247,0.105000,0.105000,0.269727,83460.992188,1.057942,0.000000,0.000000,1.000000,1.000000,1.000000,1.000000,0.000000,0.000000,0.000000,-0.992450,31.712481
52.500257,3.000000,-135.087891,-4.457114,707.354888,9.904860,23.903105,230.439453,229.395889,239.238462,7.467245,0.420958,7.921849,-1.659993,-0.772739,-0.698269,2.990692,0.031723,0.001840,-0.000249,0.105000,0.105000,0.267291,83460.992188,1.057670,0.000000,0.000000,1.000000,1.000000,1.000000,1.000000,0.000000,0.000000,0.000000,-0.976455,31.412403
52.557333,3.000000,-128.254471,-4.470414,707.260777,9.745680,23.601761,230.142929,229.115326,238.945221,7.482410,0.421537,7.929814,-1.642750,-0.765652,-0.699126,2.811533,0.031433,0.001854,-0.000252,0.105000,0.105000,0.264164,83460.992188,1.057471,0.000000,0.000000,1.000000,1.000000,1.000000,1.000000,0.000000,0.000000,0.000000,-0.959783,31.111059
52.611647,3.000000,-121.440826,-4.483633,707.172154,9.586988,23.304056,229.861130,228.835663,238.652915,7.496660,0.422077,7.937199,-1.625564,-0.758571,-0.699982,2.632900,0.031017,0.001870,-0.000254,0.105000,0.105000,0.260676,83460.992188,1.057438,0.000000,0.000000,1.000000,1.000000,1.000000,1.000000,0.000000,0.000000,0.000000,-0.943930,30.813354
52.667514,3.000000,-114.623405,-4.496814,707.081947,9.447767,23.008955,229.571411,228.555939,238.360550,7.511103,0.422622,7.944615,-1.608443,-0.751503,-0.700841,2.454176,0.030658,0.001884,-0.000256,0.105000,0.105000,0.256587,83460.992188,1.057142,0.000000,0.000000,1.000000,1.000000,1.000000,1.000000,0.000000,0.000000,0.000000,-0.927737,29.855406
52.720089,3.000000,-108.133415,-4.509321,706.997926,9.311293,22.730581,229.299057,228.289734,238.082332,7.524476,0.423130,7.951421,-1.592258,-0.744811,-0.701660,2.284042,0.030303,0.001897,-0.000259,0.105000,0.105000,0.252310,83460.992188,1.056895,0.000000,0.000000,1.000000,1.000000,1.000000,1.000000,0.000000,0.000000,0.000000,-0.912626,29.577034
52.772713,3.000000,-101.729889,-4.521623,706.914667,9.169752,22.458351,229.026657,228.027161,237.807941,7.537625,0.423626,7.958036,-1.576396,-0.738242,-0.702469,2.116181,0.029983,0.001908,-0.000261,0.105000,0.105000,0.247711,83460.992188,1.056647,0.000000,0.000000,1.000000,1.000000,1.000000,1.000000,0.000000,0.000000,0.000000,-0.897624,29.304804
52.824316,3.000000,-95.420830,-4.533705,706.833832,9.049269,22.192486,228.759781,227.768585,237.537702,7.550279,0.424108,7.964352,-1.560907,-0.731821,-0.703268,1.950802,0.029667,0.001919,-0.000263,0.105000,0.105000,0.242929,83460.992188,1.056162,0.000000,0.000000,1.000000,1.000000,1.000000,1.000000,0.000000,0.000000,0.000000,-0.883085,29.038939
52.876791,3.000000,-89.044373,-4.545876,706.752443,8.886000,21.926128,228.488632,227.507355,237.264675,7.562886,0.424585,7.970566,-1.545410,-0.725390,-0.704077,1.783662,0.029365,0.001933,-0.000264,0.105000,0.105000,0.237875,83460.992188,1.056037,0.000000,0.000000,1.000000,1.000000,1.000000,1.000000,0.000000,0.000000,0.000000,-0.868451,28.015484
52.929569,3.000000,-82.620605,-4.558099,706.671396,8.757704,21.660139,228.216187,227.244324,236.989824,7.575290,0.425055,7.976562,-1.529848,-0.718919,-0.704894,1.615288,0.029038,0.001947,-0.000266,0.105000,0.105000,0.232553,83460.992188,1.055671,0.000000,0.000000,1.000000,1.000000,1.000000,1.000000,0.000000,0.000000,0.000000,-0.853813,27.749496
52.984798,3.000000,-75.924225,-4.570797,706.587466,8.643934,21.385414,227.931320,226.970215,236.703346,7.587966,0.425536,7.982651,-1.513873,-0.712274,-0.705747,1.439774,0.028737,0.001960,-0.000268,0.105000,0.105000,0.226776,83460.992188,1.054985,0.000000,0.000000,1.000000,1.000000,1.000000,1.000000,0.000000,0.000000,0.000000,-0.838783,27.474771
53.039730,3.000000,-69.235939,-4.583435,706.504849,8.569227,21.113533,227.648285,226.696594,236.417402,7.600249,0.426006,7.988599,-1.498367,-0.705832,-0.706601,1.264477,0.028500,0.001971,-0.000270,0.105000,0.105000,0.220935,83460.992188,1.053880,0.000000,0.000000,1.000000,1.000000,1.000000,1.000000,0.000000,0.000000,0.000000,-0.824327,26.627403
53.094842,3.000000,-62.567982,-4.595991,706.422793,8.498915,20.844879,227.364685,226.423950,236.132452,7.612255,0.426470,7.994543,-1.483534,-0.699688,-0.707453,1.089719,0.028369,0.001983,-0.000272,0.105000,0.105000,0.215199,83460.992188,1.052559,0.000000,0.000000,1.000000,1.000000,1.000000,1.000000,0.000000,0.000000,0.000000,-0.810483,26.358749
53.149928,3.000000,-55.893162,-4.608516,706.341571,8.422926,20.578241,227.081573,226.151184,235.847368,7.623946,0.426925,8.000480,-1.469341,-0.693832,-0.708308,0.914786,0.028306,0.001992,-0.000274,0.105000,0.105000,0.209796,83460.992188,1.051224,0.000000,0.000000,1.000000,1.000000,1.000000,1.000000,0.000000,0.000000,0.000000,-0.797320,26.092112
53.202663,3.000000,-49.541119,-4.620393,706.264530,8.336622,20.326536,226.810425,225.891693,235.576180,7.634872,0.427351,8.006212,-1.456522,-0.688571,-0.709123,0.748317,0.028305,0.002006,-0.000275,0.105000,0.105000,0.205166,83460.992188,1.050044,0.000000,0.000000,1.000000,1.000000,1.000000,1.000000,0.000000,0.000000,0.000000,-0.785419,25.840406
53.253073,3.000000,-43.483669,-4.631682,706.191496,8.269728,20.088228,226.552017,225.644455,235.317731,7.645097,0.427755,8.011721,-1.444819,-0.683789,-0.709902,0.589573,0.028350,0.002012,-0.000277,0.105000,0.105000,0.201057,83460.992188,1.048770,0.000000,0.000000,1.000000,1.000000,1.000000,1.000000,0.000000,0.000000,0.000000,-0.774592,25.665737
53.308853,3.000000,-36.672325,-4.644334,706.111345,8.202589,19.822172,226.266541,225.366516,235.027234,7.656188,0.428193,8.017963,-1.432450,-0.678774,-0.710780,0.411077,0.028442,0.002025,-0.000279,0.105000,0.105000,0.197086,83460.992188,1.047204,0.000000,0.000000,1.000000,1.000000,1.000000,1.000000,0.000000,0.000000,0.000000,-0.763415,25.399681
53.362853,3.000000,-30.127111,-4.656448,706.034375,8.105787,19.568287,225.990692,225.099625,234.748260,7.666734,0.428610,8.024117,-1.421245,-0.674265,-0.711624,0.239559,0.028566,0.002035,-0.000281,0.105000,0.105000,0.193873,83460.992188,1.046060,0.000000,0.000000,1.000000,1.000000,1.000000,1.000000,0.000000,0.000000,0.000000,-0.753255,25.145796
53.418193,3.000000,-23.506948,-4.668657,705.956097,8.034315,19.313160,225.708359,224.829865,234.466291,7.677381,0.429031,8.030568,-1.410554,-0.669998,-0.712480,0.066081,0.028718,0.002047,-0.000282,0.105000,0.105000,0.191199,83460.992188,1.044662,0.000000,0.000000,1.000000,1.000000,1.000000,1.000000,0.000000,0.000000,0.000000,-0.743515,24.890669
53.471860,3.000000,-17.035797,-4.680549,705.880729,7.977369,19.065273,225.435013,224.566406,234.190861,7.687579,0.429430,8.037045,-1.400832,-0.666163,-0.713318,-0.103488,0.028897,0.002056,-0.000284,0.105000,0.105000,0.189194,83460.992188,1.043184,0.000000,0.000000,1.000000,1.000000,1.000000,1.000000,0.000000,0.000000,0.000000,-0.734819,24.611917
53.526666,3.000000,-10.448287,-4.692611,705.804271,7.890577,18.814323,225.156189,224.298325,233.910627,7.697902,0.429832,8.043893,-1.391656,-0.662593,-0.714172,-0.276102,0.029106,0.002067,-0.000286,0.105000,0.105000,0.187778,83460.992188,1.041994,0.000000,0.000000,1.000000,1.000000,1.000000,1.000000,0.000000,0.000000,0.000000,-0.726647,24.360968
53.583010,3.000000,-3.753250,-4.704824,705.726170,7.799085,18.560604,224.869949,224.026047,233.625973,7.708451,0.430236,8.051153,-1.382933,-0.659242,-0.715042,-0.451529,0.029316,0.002079,-0.000287,0.105000,0.105000,0.186927,83460.992188,1.040891,0.000000,0.000000,1.000000,1.000000,1.000000,1.000000,0.000000,0.000000,0.000000,-0.718858,24.107248
53.639884,3.000000,3.113371,-4.717302,705.647814,7.723707,18.301661,224.581497,223.747025,233.334275,7.719068,0.430635,8.058746,-1.374616,-0.656097,-0.715936,-0.631449,0.029520,0.002091,-0.000289,0.105000,0.105000,0.186601,83460.992188,1.039668,0.000000,0.000000,1.000000,1.000000,1.000000,1.000000,0.000000,0.000000,0.000000,-0.711638,23.841837
53.696649,3.000000,9.934441,-4.729650,705.570053,7.642957,18.045601,224.293976,223.469986,233.044653,7.729661,0.431025,8.066607,-1.366972,-0.653260,-0.716826,-0.810170,0.029727,0.002102,-0.000291,0.105000,0.105000,0.186759,83460.992188,1.038597,0.000000,0.000000,1.000000,1.000000,1.000000,1.000000,0.000000,0.000000,0.000000,-0.705042,23.585777
53.748489,3.000000,16.104788,-4.740777,705.499399,7.585767,17.814882,224.031784,223.219528,232.782808,7.739354,0.431372,8.074051,-1.360568,-0.650931,-0.717632,-0.971839,0.029918,0.002113,-0.000292,0.105000,0.105000,0.187272,83460.992188,1.037496,0.000000,0.000000,1.000000,1.000000,1.000000,1.000000,0.000000,0.000000,0.000000,-0.699547,23.355059
53.802950,3.000000,22.704868,-4.752637,705.425511,7.502271,17.568954,223.756836,222.951782,232.502885,7.749574,0.431730,8.082154,-1.354267,-0.648696,-0.718496,-1.144764,0.030129,0.002125,-0.000294,0.105000,0.105000,0.188178,83460.992188,1.036625,0.000000,0.000000,1.000000,1.000000,1.000000,1.000000,0.000000,0.000000,0.000000,-0.694301,23.109129
53.855846,3.000000,28.935202,-4.763792,705.354057,7.419569,17.337543,223.490189,222.699203,232.238786,7.759559,0.432070,8.090253,-1.348684,-0.646757,-0.719313,-1.307999,0.030298,0.002136,-0.000295,0.105000,0.105000,0.189351,83460.992188,1.035924,0.000000,0.000000,1.000000,1.000000,1.000000,1.000000,0.000000,0.000000,0.000000,-0.689570,22.912279
53.912320,3.000000,35.692326,-4.775844,705.278085,7.348768,17.087318,223.205795,222.425430,231.952530,7.770294,0.432426,8.099162,-1.343022,-0.644837,-0.720200,-1.485032,0.030464,0.002147,-0.000297,0.105000,0.105000,0.190807,83460.992188,1.035053,0.000000,0.000000,1.000000,1.000000,1.000000,1.000000,0.000000,0.000000,0.000000,-0.684925,22.662054
53.965853,3.000000,42.056511,-4.787152,705.206349,7.275587,16.852289,222.936707,222.167740,231.683092,7.780549,0.432754,8.107869,-1.338082,-0.643212,-0.721038,-1.651768,0.030614,0.002159,-0.000298,0.105000,0.105000,0.192356,83460.992188,1.034346,0.000000,0.000000,1.000000,1.000000,1.000000,1.000000,0.000000,0.000000,0.000000,-0.680913,22.427023
54.019878,3.000000,48.538670,-4.798627,705.134209,7.214918,16.613478,222.665466,221.905426,231.408790,7.790986,0.433077,8.116931,-1.333440,-0.641741,-0.721893,-1.821591,0.030771,0.002172,-0.000299,0.105000,0.105000,0.194042,83460.992188,1.033550,0.000000,0.000000,1.000000,1.000000,1.000000,1.000000,0.000000,0.000000,0.000000,-0.677256,22.188213
54.074292,3.000000,54.956421,-4.809944,705.061786,7.151929,16.377544,222.392609,221.645844,231.137350,7.801594,0.433396,8.126346,-1.329250,-0.640476,-0.722740,-1.989724,0.030926,0.002181,-0.000301,0.105000,0.105000,0.195870,83460.992188,1.032804,0.000000,0.000000,1.000000,1.000000,1.000000,1.000000,0.000000,0.000000,0.000000,-0.673984,21.895412
54.127548,3.000000,61.256035,-4.821011,704.991114,7.080823,16.146374,222.125870,221.391190,230.871071,7.812078,0.433702,8.135815,-1.325469,-0.639391,-0.723574,-2.154760,0.031072,0.002194,-0.000302,0.105000,0.105000,0.197778,83460.992188,1.032239,0.000000,0.000000,1.000000,1.000000,1.000000,1.000000,0.000000,0.000000,0.000000,-0.671106,21.664244
54.182001,3.000000,67.716660,-4.832316,704.919053,7.014600,15.909682,221.853470,221.130142,230.598104,7.822902,0.434005,8.145734,-1.321865,-0.638407,-0.724430,-2.324012,0.031207,0.002204,-0.000303,0.105000,0.105000,0.199786,83460.992188,1.031662,0.000000,0.000000,1.000000,1.000000,1.000000,1.000000,0.000000,0.000000,0.000000,-0.668440,21.427551
54.235949,3.000000,74.105896,-4.843452,704.847844,6.930677,15.675941,221.583954,220.872070,230.328295,7.833735,0.434297,8.155768,-1.318528,-0.637541,-0.725279,-2.491390,0.031318,0.002217,-0.000305,0.105000,0.105000,0.201801,83460.992188,1.031344,0.000000,0.000000,1.000000,1.000000,1.000000,1.000000,0.000000,0.000000,0.000000,-0.666013,21.193810
54.290729,3.000000,80.600708,-4.854728,704.775716,6.853712,15.438653,221.310562,220.609909,230.054126,7.844843,0.434584,8.166133,-1.315276,-0.636727,-0.726143,-2.661533,0.031398,0.002231,-0.000306,0.105000,0.105000,0.203786,83460.992188,1.031033,0.000000,0.000000,1.000000,1.000000,1.000000,1.000000,0.000000,0.000000,0.000000,-0.663686,20.976019
54.346158,3.000000,87.107735,-4.865979,704.702908,6.792188,15.201207,221.034195,220.347366,229.779601,7.856190,0.434866,8.176828,-1.312221,-0.636007,-0.727010,-2.831992,0.031463,0.002243,-0.000307,0.105000,0.105000,0.205688,83460.992188,1.030600,0.000000,0.000000,1.000000,1.000000,1.000000,1.000000,0.000000,0.000000,0.000000,-0.661549,20.738573
54.401066,3.000000,93.601929,-4.877163,704.630944,6.712659,14.964480,220.760773,220.085464,229.505729,7.867533,0.435137,8.187616,-1.309360,-0.635378,-0.727205,-3.002114,0.032085,0.002256,-0.000308,0.105000,0.105000,0.207499,83460.992188,1.030236,0.000000,0.000000,1.000000,1.000000,1.000000,1.000000,0.000000,0.000000,0.000000,-0.659617,20.501846
54.455461,3.000000,100.003510,-4.888144,704.559774,6.612134,14.731283,220.490204,219.827515,229.235965,7.878963,0.435398,8.199181,-1.307703,-0.635320,-0.723638,-3.169807,0.035431,0.002253,-0.000307,0.105000,0.105000,0.213683,83460.992188,1.025981,0.000000,0.000000,1.000000,1.000000,1.000000,1.000000,0.000000,0.000000,0.000000,-0.659126,20.254475
54.509706,3.000000,106.353836,-4.898990,704.488818,6.524305,14.499788,220.220657,219.572128,228.968841,7.890881,0.435683,8.212158,-1.308017,-0.636214,-0.720087,-3.336155,0.038275,0.002231,-0.000295,0.105000,0.105000,0.225929,83460.992188,1.022885,0.000000,0.000000,1.000000,1.000000,1.000000,1.000000,0.000000,0.000000,0.000000,-0.660532,20.022980
54.564177,3.000000,112.758766,-4.909883,704.417496,6.431287,14.265841,219.950211,219.314819,228.699685,7.903657,0.435966,8.226635,-1.309720,-0.637792,-0.716487,-3.503932,0.040704,0.002245,-0.000284,0.105000,0.105000,0.242823,83460.992188,1.020906,0.000000,0.000000,1.000000,1.000000,1.000000,1.000000,0.000000,0.000000,0.000000,-0.663253,19.789034
54.620480,3.000000,119.286491,-4.920936,704.343646,6.313795,14.026739,219.670898,219.052811,228.425560,7.917934,0.436242,8.243027,-1.312251,-0.639791,-0.712797,-3.674924,0.042657,0.002265,-0.000274,0.105000,0.105000,0.263540,83460.992188,1.020059,0.000000,0.000000,1.000000,1.000000,1.000000,1.000000,0.000000,0.000000,0.000000,-0.666790,19.549931
54.672589,3.000000,125.517479,-4.931441,704.275161,6.201429,13.797797,219.412689,218.802780,228.163997,7.932242,0.436481,8.259351,-1.314861,-0.641798,-0.709251,-3.838141,0.044228,0.002289,-0.000265,0.105000,0.105000,0.284533,83460.992188,1.020240,0.000000,0.000000,1.000000,1.000000,1.000000,1.000000,0.000000,0.000000,0.000000,-0.670175,18.968512
54.728511,3.000000,132.026749,-4.942366,704.201525,6.092908,13.557900,219.135635,218.541656,227.890822,7.948837,0.436720,8.277944,-1.317283,-0.643751,-0.705525,-4.008645,0.045322,0.002314,-0.000256,0.105000,0.105000,0.307633,83460.992188,1.021102,0.000000,0.000000,1.000000,1.000000,1.000000,1.000000,0.000000,0.000000,0.000000,-0.673456,18.728615
54.782796,3.000000,138.401306,-4.953018,704.129933,5.989942,13.322327,218.866791,218.285934,227.623297,7.966177,0.436935,8.296947,-1.319126,-0.645410,-0.701855,-4.175619,0.046088,0.002337,-0.000248,0.105000,0.105000,0.329840,83460.992188,1.022517,0.000000,0.000000,1.000000,1.000000,1.000000,1.000000,0.000000,0.000000,0.000000,-0.676071,18.493040
54.836680,3.000000,144.676834,-4.963459,704.058801,5.892164,13.089912,218.600052,218.034134,227.359925,7.984552,0.437130,8.316535,-1.320071,-0.646620,-0.698224,-4.339998,0.046469,0.002360,-0.000241,0.105000,0.105000,0.350926,83460.992188,1.024264,0.000000,0.000000,1.000000,1.000000,1.000000,1.000000,0.000000,0.000000,0.000000,-0.677766,18.260626
54.889702,3.000000,150.899734,-4.973766,703.988792,5.788038,12.859126,218.337646,217.784378,227.098718,8.003700,0.437308,8.336352,-1.319964,-0.647311,-0.694609,-4.502996,0.046615,0.002383,-0.000234,0.105000,0.105000,0.370161,83460.992188,1.026556,0.000000,0.000000,1.000000,1.000000,1.000000,1.000000,0.000000,0.000000,0.000000,-0.678360,17.582090
54.943951,3.000000,157.195862,-4.984149,703.917216,5.669935,12.625509,218.069092,217.531601,226.834367,8.024287,0.437470,8.356942,-1.318505,-0.647349,-0.690941,-4.667911,0.046427,0.002406,-0.000228,0.105000,0.105000,0.387791,83460.992188,1.029401,0.000000,0.000000,1.000000,1.000000,1.000000,1.000000,0.000000,0.000000,0.000000,-0.677577,17.348473
54.998893,3.000000,163.597733,-4.994659,703.844866,5.551404,12.388125,217.796997,217.274460,226.565492,8.046047,0.437620,8.377876,-1.315358,-0.646570,-0.687206,-4.835594,0.045985,0.002433,-0.000222,0.105000,0.105000,0.403100,83460.992188,1.032655,0.000000,0.000000,1.000000,1.000000,1.000000,1.000000,0.000000,0.000000,0.000000,-0.675095,17.111088
55.052933,3.000000,169.889297,-5.004941,703.773933,5.440137,12.155284,217.529282,217.021561,226.301082,8.068192,0.437750,8.398374,-1.310567,-0.644968,-0.683536,-5.000387,0.045323,0.002457,-0.000217,0.105000,0.105000,0.415390,83460.992188,1.035859,0.000000,0.000000,1.000000,1.000000,1.000000,1.000000,0.000000,0.000000,0.000000,-0.670963,16.878248
55.109695,3.000000,176.456238,-5.015624,703.699773,5.337415,11.913063,217.247894,216.757492,226.025015,8.092072,0.437865,8.419596,-1.303699,-0.642372,-0.679711,-5.172390,0.044408,0.002485,-0.000212,0.105000,0.105000,0.425098,83460.992188,1.039152,0.000000,0.000000,1.000000,1.000000,1.000000,1.000000,0.000000,0.000000,0.000000,-0.664755,16.165283
55.163840,3.000000,182.788422,-5.025877,703.629457,5.255262,11.680597,216.979462,216.502670,225.758676,8.115274,0.437959,8.439462,-1.295416,-0.639044,-0.676037,-5.338244,0.043457,0.002507,-0.000207,0.105000,0.105000,0.431301,83460.992188,1.042044,0.000000,0.000000,1.000000,1.000000,1.000000,1.000000,0.000000,0.000000,0.000000,-0.657214,15.932818
55.218888,3.000000,189.141281,-5.036114,703.558480,5.141675,11.448747,216.706436,216.246750,225.491256,8.139118,0.438037,8.459106,-1.285510,-0.634910,-0.672368,-5.504638,0.042362,0.002533,-0.000203,0.105000,0.105000,0.434614,83460.992188,1.045353,0.000000,0.000000,1.000000,1.000000,1.000000,1.000000,0.000000,0.000000,0.000000,-0.647934,15.700967
55.273553,3.000000,195.478165,-5.046278,703.488604,5.030103,11.219162,216.435257,215.991287,225.224368,8.162891,0.438094,8.477785,-1.273771,-0.629858,-0.668733,-5.670612,0.041146,0.002564,-0.000198,0.105000,0.105000,0.434934,83460.992188,1.048622,0.000000,0.000000,1.000000,1.000000,1.000000,1.000000,0.000000,0.000000,0.000000,-0.636871,15.125776
55.327893,3.000000,201.761230,-5.056309,703.419838,4.939039,10.993507,216.165588,215.737839,224.959602,8.186461,0.438135,8.495480,-1.260475,-0.624017,-0.665159,-5.835176,0.039859,0.002594,-0.000194,0.105000,0.105000,0.432357,83460.992188,1.051444,0.000000,0.000000,1.000000,1.000000,1.000000,1.000000,0.000000,0.000000,0.000000,-0.624262,14.900122
55.382819,3.000000,208.071625,-5.066335,703.351117,4.843763,10.769134,215.892990,215.483124,224.693545,8.210056,0.438157,8.512418,-1.245679,-0.617423,-0.661606,-6.000454,0.038537,0.002623,-0.000191,0.105000,0.105000,0.427016,83460.992188,1.054092,0.000000,0.000000,1.000000,1.000000,1.000000,1.000000,0.000000,0.000000,0.000000,-0.610095,14.675747
55.437361,3.000000,214.393921,-5.076332,703.283737,4.730726,10.546874,215.622223,215.227768,224.426881,8.233129,0.438167,8.528107,-1.229323,-0.610041,-0.658086,-6.166042,0.037184,0.002654,-0.000187,0.105000,0.105000,0.419181,83460.992188,1.056943,0.000000,0.000000,1.000000,1.000000,1.000000,1.000000,0.000000,0.000000,0.000000,-0.594501,14.453488
55.493778,3.000000,220.859497,-5.086504,703.215031,4.623182,10.322498,215.342239,214.966507,224.154047,8.256463,0.438158,8.543063,-1.211098,-0.601729,-0.654535,-6.335382,0.035748,0.002687,-0.000184,0.105000,0.105000,0.408572,83460.992188,1.059453,0.000000,0.000000,1.000000,1.000000,1.000000,1.000000,0.000000,0.000000,0.000000,-0.576914,13.791322
55.548274,3.000000,227.135574,-5.096330,703.149692,4.515882,10.107773,215.071838,214.712784,223.889147,8.278376,0.438134,8.556204,-1.192066,-0.592974,-0.651140,-6.499759,0.034352,0.002721,-0.000181,0.105000,0.105000,0.396099,83460.992188,1.061810,0.000000,0.000000,1.000000,1.000000,1.000000,1.000000,0.000000,0.000000,0.000000,-0.558608,13.576596
55.602501,3.000000,233.382050,-5.106062,703.085749,4.407117,9.897308,214.803024,214.460159,223.625434,8.299441,0.438093,8.567900,-1.171838,-0.583601,-0.647816,-6.663358,0.032944,0.002756,-0.000178,0.105000,0.105000,0.381685,83460.992188,1.064014,0.000000,0.000000,1.000000,1.000000,1.000000,1.000000,0.000000,0.000000,0.000000,-0.539144,13.366132
55.657841,3.000000,239.703186,-5.115861,703.021661,4.329298,9.687852,214.528854,214.204468,223.358502,8.320079,0.438035,8.578469,-1.150324,-0.573571,-0.644514,-6.828912,0.031551,0.002789,-0.000175,0.105000,0.105000,0.365141,83460.992188,1.065331,0.000000,0.000000,1.000000,1.000000,1.000000,1.000000,0.000000,0.000000,0.000000,-0.518312,13.156675
55.713305,3.000000,246.059158,-5.125665,702.958654,4.236707,9.480968,214.254333,213.947281,223.090072,8.339799,0.437962,8.587764,-1.128030,-0.563133,-0.641257,-6.995378,0.030262,0.002822,-0.000172,0.105000,0.105000,0.347072,83460.992188,1.066527,0.000000,0.000000,1.000000,1.000000,1.000000,1.000000,0.000000,0.000000,0.000000,-0.496807,12.478255
55.768493,3.000000,252.422012,-5.135430,702.897211,4.133802,9.277731,213.981567,213.689819,222.821376,8.358394,0.437882,8.595616,-1.105005,-0.552304,-0.638065,-7.162023,0.029025,0.002856,-0.000170,0.105000,0.105000,0.327928,83460.992188,1.067772,0.000000,0.000000,1.000000,1.000000,1.000000,1.000000,0.000000,0.000000,0.000000,-0.474730,12.275019
55.821763,3.000000,258.511627,-5.144730,702.839121,4.035596,9.086971,213.718719,213.443420,222.564262,8.375312,0.437789,8.601852,-1.082348,-0.541605,-0.635076,-7.321510,0.027881,0.002892,-0.000167,0.105000,0.105000,0.308511,83460.992188,1.068680,0.000000,0.000000,1.000000,1.000000,1.000000,1.000000,0.000000,0.000000,0.000000,-0.452844,12.084260
55.875674,3.000000,264.664642,-5.154079,702.781581,3.924024,8.898067,213.453247,213.194641,222.304597,8.391357,0.437680,8.606771,-1.058864,-0.530473,-0.632123,-7.482658,0.026746,0.002931,-0.000165,0.105000,0.105000,0.288104,83460.992188,1.069810,0.000000,0.000000,1.000000,1.000000,1.000000,1.000000,0.000000,0.000000,0.000000,-0.430110,11.895355
55.929269,3.000000,270.749573,-5.163280,702.725648,3.846387,8.715148,213.189865,212.948654,222.047914,8.406199,0.437559,8.610397,-1.035286,-0.519261,-0.629273,-7.642021,0.025696,0.002967,-0.000163,0.105000,0.105000,0.267200,83460.992188,1.069791,0.000000,0.000000,1.000000,1.000000,1.000000,1.000000,0.000000,0.000000,0.000000,-0.407257,11.310888
55.983866,3.000000,276.984100,-5.172659,702.669978,3.757642,8.531793,212.922165,212.696686,221.785031,8.420155,0.437427,8.612867,-1.011041,-0.507702,-0.626424,-7.805302,0.024718,0.003004,-0.000161,0.105000,0.105000,0.245582,83460.992188,1.069878,0.000000,0.000000,1.000000,1.000000,1.000000,1.000000,0.000000,0.000000,0.000000,-0.383909,11.127533
56.033908,3.000000,282.634796,-5.181119,702.620113,3.694654,8.369174,212.677338,212.468506,221.546900,8.431906,0.437294,8.614122,-0.989110,-0.497224,-0.623906,-7.953291,0.023938,0.003036,-0.000160,0.105000,0.105000,0.225701,83460.992188,1.069258,0.000000,0.000000,1.000000,1.000000,1.000000,1.000000,0.000000,0.000000,0.000000,-0.362623,10.964914
56.089328,3.000000,288.999542,-5.190602,702.566161,3.641798,8.190018,212.406982,212.211624,221.278841,8.443767,0.437143,8.614626,-0.964915,-0.485650,-0.621142,-8.119981,0.023223,0.003068,-0.000158,0.105000,0.105000,0.203920,83460.992188,1.067846,0.000000,0.000000,1.000000,1.000000,1.000000,1.000000,0.000000,0.000000,0.000000,-0.339628,10.462968
56.140035,3.000000,294.194763,-5.198306,702.517941,3.588514,8.046847,212.160172,212.002060,221.060182,8.453570,0.437003,8.614373,-0.945759,-0.476480,-0.618941,-8.256041,0.022958,0.003093,-0.000157,0.105000,0.105000,0.184549,83460.992188,1.066430,0.000000,0.000000,1.000000,1.000000,1.000000,1.000000,0.000000,0.000000,0.000000,-0.319307,10.319798
56.195194,3.000000,300.974182,-5.208309,702.466672,3.525342,7.864057,211.892838,211.728912,220.775128,8.463157,0.436847,8.613447,-0.921676,-0.464946,-0.616140,-8.433589,0.022457,0.003129,-0.000156,0.105000,0.105000,0.164547,83460.992188,1.064665,0.000000,0.000000,1.000000,1.000000,1.000000,1.000000,0.000000,0.000000,0.000000,-0.298094,10.137008
56.249782,3.000000,307.191986,-5.217434,702.417105,3.477979,7.700234,211.629211,211.478546,220.513876,8.471591,0.436692,8.611941,-0.900545,-0.454825,-0.613640,-8.596428,0.022265,0.003160,-0.000155,0.105000,0.105000,0.145945,83460.992188,1.062427,0.000000,0.000000,1.000000,1.000000,1.000000,1.000000,0.000000,0.000000,0.000000,-0.278067,9.973185
56.306277,3.000000,313.549805,-5.226717,702.366970,3.431470,7.536326,211.357376,211.222885,220.247049,8.479289,0.436528,8.609982,-0.880193,-0.445085,-0.611148,-8.762933,0.022267,0.003191,-0.000154,0.105000,0.105000,0.128254,83460.992188,1.059926,0.000000,0.000000,1.000000,1.000000,1.000000,1.000000,0.000000,0.000000,0.000000,-0.258638,9.762917
56.362781,3.000000,319.937317,-5.235994,702.317931,3.386854,7.375086,211.086624,210.966324,219.979316,8.486045,0.436367,8.607793,-0.861157,-0.435990,-0.608706,-8.930216,0.022437,0.003221,-0.000154,0.105000,0.105000,0.112369,83460.992188,1.057130,0.000000,0.000000,1.000000,1.000000,1.000000,1.000000,0.000000,0.000000,0.000000,-0.240665,9.601676
56.418529,3.000000,326.249054,-5.245113,702.270544,3.342603,7.218874,210.820633,210.713120,219.715010,8.491893,0.436210,8.605591,-0.843896,-0.427765,-0.606347,-9.095512,0.022778,0.003249,-0.000153,0.105000,0.105000,0.098677,83460.992188,1.054303,0.000000,0.000000,1.000000,1.000000,1.000000,1.000000,0.000000,0.000000,0.000000,-0.224501,9.445464
56.472549,3.000000,332.358215,-5.253895,702.225491,3.300733,7.070369,210.563995,210.468353,219.459542,8.496884,0.436058,8.603463,-0.828562,-0.420481,-0.604111,-9.255505,0.023212,0.003279,-0.000153,0.105000,0.105000,0.087392,83460.992188,1.051529,0.000000,0.000000,1.000000,1.000000,1.000000,1.000000,0.000000,0.000000,0.000000,-0.210220,9.296959
56.525014,3.000000,338.275604,-5.262359,702.182473,3.262586,6.928819,210.315796,210.231552,219.212364,8.501200,0.435912,8.601616,-0.815193,-0.414164,-0.601984,-9.410473,0.023769,0.003306,-0.000153,0.105000,0.105000,0.078363,83460.992188,1.048656,0.000000,0.000000,1.000000,1.000000,1.000000,1.000000,0.000000,0.000000,0.000000,-0.197858,9.202688
56.579308,3.000000,344.357452,-5.271016,702.138644,3.214246,6.785437,210.059937,209.988541,218.958661,8.505228,0.435765,8.599929,-0.802796,-0.408338,-0.599835,-9.569748,0.024405,0.003336,-0.000154,0.105000,0.105000,0.071043,83460.992188,1.046073,0.000000,0.000000,1.000000,1.000000,1.000000,1.000000,0.000000,0.000000,0.000000,-0.186402,9.059306
56.633698,3.000000,350.494812,-5.279708,702.095369,3.160352,6.642679,209.804642,209.743668,218.703016,8.508923,0.435619,8.598551,-0.791591,-0.403110,-0.597698,-9.730476,0.025087,0.003364,-0.000154,0.105000,0.105000,0.065673,83460.992188,1.043691,0.000000,0.000000,1.000000,1.000000,1.000000,1.000000,0.000000,0.000000,0.000000,-0.176225,8.916549
56.683938,3.000000,356.136536,-5.287660,702.055896,3.129163,6.512971,209.569611,209.518814,218.468281,8.512123,0.435484,8.597666,-0.782468,-0.398892,-0.595759,-9.878224,0.025761,0.003392,-0.000154,0.105000,0.105000,0.062352,83460.992188,1.041164,0.000000,0.000000,1.000000,1.000000,1.000000,1.000000,0.000000,0.000000,0.000000,-0.168029,8.786840
56.739501,3.000000,362.334106,-5.296352,702.012723,3.088636,6.371924,209.310806,209.272171,218.210737,8.515520,0.435339,8.597254,-0.773843,-0.394961,-0.593652,-10.040528,0.026565,0.003418,-0.000155,0.105000,0.105000,0.060519,83460.992188,1.038505,0.000000,0.000000,1.000000,1.000000,1.000000,1.000000,0.000000,0.000000,0.000000,-0.160372,8.664580
56.789551,3.000000,367.936981,-5.304173,701.974207,3.044752,6.245511,209.078491,209.049469,217.978197,8.518537,0.435208,8.597404,-0.767180,-0.391978,-0.591764,-10.187258,0.027323,0.003445,-0.000155,0.105000,0.105000,0.060430,83460.992188,1.036499,0.000000,0.000000,1.000000,1.000000,1.000000,1.000000,0.000000,0.000000,0.000000,-0.154595,8.538168
56.845663,3.000000,374.235565,-5.312922,701.931385,2.996778,6.104448,208.819077,208.799454,217.717138,8.521957,0.435063,8.598109,-0.760689,-0.389128,-0.589657,-10.352206,0.028138,0.003477,-0.000156,0.105000,0.105000,0.061922,83460.992188,1.034386,0.000000,0.000000,1.000000,1.000000,1.000000,1.000000,0.000000,0.000000,0.000000,-0.149106,8.397105
56.900808,3.000000,380.409607,-5.321455,701.889613,2.957838,5.967067,208.565140,208.554718,217.461596,8.525446,0.434920,8.599521,-0.755490,-0.386922,-0.587603,-10.513893,0.028954,0.003503,-0.000157,0.105000,0.105000,0.064855,83460.992188,1.032268,0.000000,0.000000,1.000000,1.000000,1.000000,1.000000,0.000000,0.000000,0.000000,-0.144881,8.247858
56.956703,3.000000,386.605652,-5.329975,701.847524,2.915662,5.829876,208.308578,208.309448,217.205461,8.529191,0.434777,8.601727,-0.751392,-0.385277,-0.585550,-10.676156,0.029770,0.003532,-0.000157,0.105000,0.105000,0.069194,83460.992188,1.030382,0.000000,0.000000,1.000000,1.000000,1.000000,1.000000,0.000000,0.000000,0.000000,-0.141714,8.110667
57.011305,3.000000,392.732758,-5.338357,701.806597,2.877637,5.694701,208.058823,208.067230,216.952485,8.533114,0.434636,8.604615,-0.748262,-0.384120,-0.583524,-10.836612,0.030581,0.003560,-0.000158,0.105000,0.105000,0.074630,83460.992188,1.028569,0.000000,0.000000,1.000000,1.000000,1.000000,1.000000,0.000000,0.000000,0.000000,-0.139537,7.975492
57.065889,3.000000,398.803223,-5.346622,701.765821,2.837537,5.561097,207.809967,207.827515,216.702149,8.537363,0.434494,8.608265,-0.746033,-0.383418,-0.581517,-10.995585,0.031351,0.003591,-0.000159,0.105000,0.105000,0.081092,83460.992188,1.027026,0.000000,0.000000,1.000000,1.000000,1.000000,1.000000,0.000000,0.000000,0.000000,-0.138217,7.841888
57.121971,3.000000,405.038849,-5.355067,701.724024,2.808118,5.424042,207.554962,207.581573,216.445272,8.542125,0.434349,8.612839,-0.744563,-0.383116,-0.579454,-11.158883,0.032126,0.003621,-0.000160,0.105000,0.105000,0.088619,83460.992188,1.025303,0.000000,0.000000,1.000000,1.000000,1.000000,1.000000,0.000000,0.000000,0.000000,-0.137689,7.666243
57.177667,3.000000,411.202606,-5.363374,701.682566,2.755689,5.288595,207.302460,207.338654,216.191599,8.547296,0.434208,8.618204,-0.743905,-0.383227,-0.577410,-11.320298,0.032866,0.003648,-0.000161,0.105000,0.105000,0.096925,83460.992188,1.024431,0.000000,0.000000,1.000000,1.000000,1.000000,1.000000,0.000000,0.000000,0.000000,-0.137911,7.530796
57.234364,3.000000,417.465881,-5.371772,701.640385,2.701856,5.150890,207.046036,207.092209,215.934159,8.553057,0.434063,8.624348,-0.743611,-0.383532,-0.575326,-11.484319,0.033506,0.003683,-0.000161,0.105000,0.105000,0.105941,83460.992188,1.023891,0.000000,0.000000,1.000000,1.000000,1.000000,1.000000,0.000000,0.000000,0.000000,-0.138488,7.393091
57.289685,3.000000,423.641113,-5.380009,701.599236,2.658216,5.014999,206.796494,206.849411,215.680574,8.559175,0.433915,8.630961,-0.743554,-0.383954,-0.573263,-11.646034,0.034067,0.003718,-0.000162,0.105000,0.105000,0.115044,83460.992188,1.023209,0.000000,0.000000,1.000000,1.000000,1.000000,1.000000,0.000000,0.000000,0.000000,-0.139290,7.257200
57.342871,3.000000,429.539612,-5.387838,701.559665,2.634473,4.885032,206.557129,206.617752,215.438602,8.565541,0.433772,8.638022,-0.743903,-0.384566,-0.571284,-11.800502,0.034564,0.003746,-0.000163,0.105000,0.105000,0.123962,83460.992188,1.022199,0.000000,0.000000,1.000000,1.000000,1.000000,1.000000,0.000000,0.000000,0.000000,-0.140483,7.103240
57.397678,3.000000,435.561310,-5.395792,701.518851,2.608411,4.752098,206.310867,206.381454,215.191751,8.572603,0.433627,8.646038,-0.744723,-0.385431,-0.569254,-11.958196,0.035050,0.003769,-0.000164,0.105000,0.105000,0.133246,83460.992188,1.021316,0.000000,0.000000,1.000000,1.000000,1.000000,1.000000,0.000000,0.000000,0.000000,-0.142170,6.970307
57.451392,3.000000,441.543243,-5.403653,701.478794,2.577283,4.619719,206.070007,206.146866,214.946709,8.580014,0.433485,8.654555,-0.745890,-0.386475,-0.567225,-12.114847,0.035571,0.003798,-0.000164,0.105000,0.105000,0.142445,83460.992188,1.020764,0.000000,0.000000,1.000000,1.000000,1.000000,1.000000,0.000000,0.000000,0.000000,-0.144148,6.837928
57.504219,3.000000,447.362671,-5.411264,701.439328,2.537061,4.490572,205.833511,205.918808,214.708519,8.587791,0.433344,8.663554,-0.747303,-0.387637,-0.565239,-12.267243,0.036016,0.003824,-0.000165,0.105000,0.105000,0.151549,83460.992188,1.020570,0.000000,0.000000,1.000000,1.000000,1.000000,1.000000,0.000000,0.000000,0.000000,-0.146347,6.815227
57.556324,3.000000,453.097809,-5.418728,701.400329,2.488538,4.362925,205.600586,205.694275,214.473962,8.595927,0.433202,8.672853,-0.748640,-0.388755,-0.563270,-12.417432,0.036356,0.003853,-0.000166,0.105000,0.105000,0.160430,83460.992188,1.020808,0.000000,0.000000,1.000000,1.000000,1.000000,1.000000,0.000000,0.000000,0.000000,-0.148426,6.687580
57.609813,3.000000,458.943176,-5.426298,701.360229,2.445508,4.232471,205.361740,205.465561,214.235045,8.604755,0.433052,8.682776,-0.749818,-0.389801,-0.561251,-12.570507,0.036578,0.003885,-0.000166,0.105000,0.105000,0.169196,83460.992188,1.021114,0.000000,0.000000,1.000000,1.000000,1.000000,1.000000,0.000000,0.000000,0.000000,-0.150370,6.557125
57.660626,3.000000,464.519135,-5.433485,701.322084,2.383070,4.107730,205.134949,205.247482,214.007265,8.613562,0.432898,8.692426,-0.750622,-0.390634,-0.559314,-12.716527,0.036711,0.003921,-0.000167,0.105000,0.105000,0.176975,83460.992188,1.022283,0.000000,0.000000,1.000000,1.000000,1.000000,1.000000,0.000000,0.000000,0.000000,-0.151830,6.432384
57.714616,3.000000,470.477356,-5.441126,701.281535,2.311353,3.974213,204.894287,205.014633,213.764062,8.623331,0.432724,8.702724,-0.750794,-0.391168,-0.557235,-12.872557,0.036691,0.003961,-0.000167,0.105000,0.105000,0.184545,83460.992188,1.023757,0.000000,0.000000,1.000000,1.000000,1.000000,1.000000,0.000000,0.000000,0.000000,-0.152679,6.148714
57.768106,3.000000,476.330353,-5.448595,701.241384,2.229871,3.842967,204.656128,204.786072,213.525338,8.633388,0.432534,8.712786,-0.750013,-0.391198,-0.555185,-13.025830,0.036434,0.004008,-0.000167,0.105000,0.105000,0.190938,83460.992188,1.025877,0.000000,0.000000,1.000000,1.000000,1.000000,1.000000,0.000000,0.000000,0.000000,-0.152524,6.017468
57.822185,3.000000,482.285889,-5.456156,701.200878,2.150098,3.709536,204.415497,204.553635,213.282580,8.643858,0.432324,8.722587,-0.747940,-0.390561,-0.553097,-13.181789,0.035966,0.004056,-0.000167,0.105000,0.105000,0.195878,83460.992188,1.028310,0.000000,0.000000,1.000000,1.000000,1.000000,1.000000,0.000000,0.000000,0.000000,-0.151072,5.884037
57.876602,3.000000,488.253815,-5.463694,701.160283,2.058790,3.576186,204.173569,204.320831,213.039495,8.654609,0.432087,8.731876,-0.744386,-0.389149,-0.551007,-13.338073,0.035247,0.004111,-0.000166,0.105000,0.105000,0.198984,83460.992188,1.031290,0.000000,0.000000,1.000000,1.000000,1.000000,1.000000,0.000000,0.000000,0.000000,-0.148110,5.750687
57.932927,3.000000,494.389862,-5.471403,701.118532,1.991956,3.439756,203.923325,204.081696,212.789767,8.665849,0.431816,8.740732,-0.739035,-0.386805,-0.548866,-13.498757,0.034258,0.004167,-0.000165,0.105000,0.105000,0.199878,83460.992188,1.033733,0.000000,0.000000,1.000000,1.000000,1.000000,1.000000,0.000000,0.000000,0.000000,-0.143380,5.205427
57.987431,3.000000,500.377258,-5.478885,701.078458,1.935071,3.307538,203.681519,203.848450,212.546238,8.676709,0.431535,8.748728,-0.732717,-0.383937,-0.546790,-13.655550,0.033291,0.004212,-0.000165,0.105000,0.105000,0.198531,83460.992188,1.035613,0.000000,0.000000,1.000000,1.000000,1.000000,1.000000,0.000000,0.000000,0.000000,-0.137755,5.073209
58.042654,3.000000,506.362946,-5.486326,701.038248,1.846632,3.176455,203.436691,203.615372,212.302886,8.687576,0.431235,8.755983,-0.725133,-0.380399,-0.544733,-13.812298,0.032203,0.004265,-0.000164,0.105000,0.105000,0.195012,83460.992188,1.038561,0.000000,0.000000,1.000000,1.000000,1.000000,1.000000,0.000000,0.000000,0.000000,-0.130719,4.942126
58.096576,3.000000,512.274902,-5.493636,700.999449,1.777235,3.048333,203.197952,203.385315,212.062738,8.697935,0.430922,8.761982,-0.716028,-0.376048,-0.542723,-13.967114,0.030996,0.004321,-0.000163,0.105000,0.105000,0.189343,83460.992188,1.041003,0.000000,0.000000,1.000000,1.000000,1.000000,1.000000,0.000000,0.000000,0.000000,-0.122273,4.814003
58.149407,3.000000,518.054138,-5.500744,700.961950,1.713392,2.924623,202.964386,203.160538,211.828137,8.707728,0.430593,8.766878,-0.705919,-0.371150,-0.540785,-14.118455,0.029768,0.004373,-0.000162,0.105000,0.105000,0.181683,83460.992188,1.043128,0.000000,0.000000,1.000000,1.000000,1.000000,1.000000,0.000000,0.000000,0.000000,-0.112829,4.223269
58.200096,3.000000,523.484558,-5.507389,700.926507,1.660718,2.809951,202.740417,202.949493,211.607847,8.716690,0.430262,8.770654,-0.695479,-0.366042,-0.538992,-14.260661,0.028584,0.004418,-0.000160,0.105000,0.105000,0.172513,83460.992188,1.044578,0.000000,0.000000,1.000000,1.000000,1.000000,1.000000,0.000000,0.000000,0.000000,-0.102860,4.108597
58.254455,3.000000,529.421021,-5.514616,700.889124,1.575269,2.686485,202.500778,202.718872,211.367180,8.725733,0.429889,8.773586,-0.683103,-0.359938,-0.537066,-14.416120,0.027337,0.004473,-0.000159,0.105000,0.105000,0.160868,83460.992188,1.047116,0.000000,0.000000,1.000000,1.000000,1.000000,1.000000,0.000000,0.000000,0.000000,-0.091153,3.985131
58.307569,3.000000,535.200928,-5.521616,700.853289,1.521924,2.568389,202.267059,202.494568,211.133083,8.733909,0.429505,8.775153,-0.669779,-0.353308,-0.535229,-14.567477,0.026037,0.004526,-0.000158,0.105000,0.105000,0.147693,83460.992188,1.048451,0.000000,0.000000,1.000000,1.000000,1.000000,1.000000,0.000000,0.000000,0.000000,-0.078527,3.867035
58.360698,3.000000,540.959717,-5.528553,700.818176,1.441602,2.452973,202.033752,202.271225,210.900038,8.741339,0.429101,8.775509,-0.655682,-0.346255,-0.533442,-14.718282,0.024778,0.004581,-0.000156,0.105000,0.105000,0.132922,83460.992188,1.050598,0.000000,0.000000,1.000000,1.000000,1.000000,1.000000,0.000000,0.000000,0.000000,-0.065048,3.363391
58.414706,3.000000,546.737427,-5.535476,700.783293,1.362806,2.339622,201.797180,202.047424,210.666475,8.748041,0.428664,8.774344,-0.640302,-0.338508,-0.531694,-14.869582,0.023428,0.004644,-0.000154,0.105000,0.105000,0.116273,83460.992188,1.052690,0.000000,0.000000,1.000000,1.000000,1.000000,1.000000,0.000000,0.000000,0.000000,-0.050102,3.250040
58.470032,3.000000,552.767639,-5.542661,700.748472,1.297254,2.224159,201.555374,201.814102,210.423020,8.753923,0.428188,8.771609,-0.623151,-0.329822,-0.529923,-15.027493,0.021999,0.004709,-0.000152,0.105000,0.105000,0.097568,83460.992188,1.054080,0.000000,0.000000,1.000000,1.000000,1.000000,1.000000,0.000000,0.000000,0.000000,-0.033766,3.134577
58.521088,3.000000,558.231445,-5.549138,700.717194,1.243421,2.122179,201.332748,201.602875,210.202671,8.758401,0.427731,8.767876,-0.607098,-0.321662,-0.528369,-15.170573,0.020801,0.004760,-0.000151,0.105000,0.105000,0.079087,83460.992188,1.054660,0.000000,0.000000,1.000000,1.000000,1.000000,1.000000,0.000000,0.000000,0.000000,-0.018237,2.573347
58.579579,3.000000,564.375305,-5.556380,700.682396,1.167371,2.010592,201.078598,201.365662,209.955196,8.762330,0.427187,8.762088,-0.588542,-0.312199,-0.526681,-15.331461,0.019569,0.004824,-0.000149,0.105000,0.105000,0.056762,83460.992188,1.055807,0.000000,0.000000,1.000000,1.000000,1.000000,1.000000,0.000000,0.000000,0.000000,0.000095,2.461759
58.631764,3.000000,570.168701,-5.563172,700.652312,1.100660,1.908474,200.852615,201.142319,209.722182,8.764707,0.426679,8.755492,-0.570456,-0.302941,-0.525150,-15.483171,0.018384,0.004889,-0.000147,0.105000,0.105000,0.035998,83460.992188,1.056580,0.000000,0.000000,1.000000,1.000000,1.000000,1.000000,0.000000,0.000000,0.000000,0.016985,2.359642
58.688400,3.000000,576.283142,-5.570301,700.620716,1.020826,1.804065,200.608429,200.906952,209.476651,8.766039,0.426107,8.746751,-0.550772,-0.292831,-0.523598,-15.643289,0.017188,0.004961,-0.000145,0.105000,0.105000,0.012582,83460.992188,1.057793,0.000000,0.000000,1.000000,1.000000,1.000000,1.000000,0.000000,0.000000,0.000000,0.035908,2.255232
58.743272,3.000000,582.236023,-5.577201,700.591181,0.969678,1.705853,200.372849,200.678223,209.238045,8.766045,0.425531,8.736835,-0.531221,-0.282758,-0.522154,-15.799174,0.016077,0.005023,-0.000143,0.105000,0.105000,-0.010792,83460.992188,1.057370,0.000000,0.000000,1.000000,1.000000,1.000000,1.000000,0.000000,0.000000,0.000000,0.054502,1.796415
58.795128,3.000000,587.679382,-5.583477,700.564245,0.920606,1.619039,200.151062,200.469360,209.020202,8.764857,0.424972,8.726313,-0.513415,-0.273565,-0.520893,-15.941718,0.015248,0.005083,-0.000142,0.105000,0.105000,-0.033133,83460.992188,1.056700,0.000000,0.000000,1.000000,1.000000,1.000000,1.000000,0.000000,0.000000,0.000000,0.071959,1.709601
58.845851,3.000000,593.148499,-5.589751,700.538795,0.867017,1.534650,199.935181,200.259918,208.801706,8.762583,0.424418,8.715165,-0.496009,-0.264568,-0.519681,-16.084936,0.014576,0.005133,-0.000141,0.105000,0.105000,-0.054880,83460.992188,1.055866,0.000000,0.000000,1.000000,1.000000,1.000000,1.000000,0.000000,0.000000,0.000000,0.088514,1.625212
58.900352,3.000000,599.067078,-5.596504,700.512420,0.802320,1.446468,199.704376,200.033707,208.565726,8.758913,0.423807,8.701976,-0.477275,-0.254863,-0.518430,-16.239923,0.013896,0.005202,-0.000139,0.105000,0.105000,-0.078035,83460.992188,1.055562,0.000000,0.000000,1.000000,1.000000,1.000000,1.000000,0.000000,0.000000,0.000000,0.106239,1.537030
58.954940,3.000000,604.925415,-5.603152,700.487002,0.738538,1.362386,199.474426,199.810196,208.332592,8.753983,0.423178,8.687670,-0.459029,-0.245394,-0.517256,-16.393333,0.013340,0.005271,-0.000138,0.105000,0.105000,-0.100824,83460.992188,1.054867,0.000000,0.000000,1.000000,1.000000,1.000000,1.000000,0.000000,0.000000,0.000000,0.123647,1.077566
59.007844,3.000000,610.554871,-5.609508,700.463306,0.679212,1.284546,199.252762,199.595978,208.109129,8.748032,0.422553,8.672785,-0.441774,-0.236423,-0.516185,-16.540751,0.012892,0.005336,-0.000136,0.105000,0.105000,-0.122464,83460.992188,1.053944,0.000000,0.000000,1.000000,1.000000,1.000000,1.000000,0.000000,0.000000,0.000000,0.140205,0.999726
59.061810,3.000000,616.327393,-5.615990,700.440065,0.621229,1.207682,199.027924,199.376740,207.880474,8.740799,0.421900,8.656643,-0.424487,-0.227422,-0.515145,-16.691912,0.012498,0.005406,-0.000135,0.105000,0.105000,-0.143928,83460.992188,1.052930,0.000000,0.000000,1.000000,1.000000,1.000000,1.000000,0.000000,0.000000,0.000000,0.156675,0.922862
59.117350,3.000000,622.142578,-5.622485,700.417094,0.574171,1.133187,198.797852,199.156433,207.650678,8.732168,0.421214,8.639285,-0.407812,-0.218730,-0.514156,-16.844193,0.012293,0.005472,-0.000134,0.105000,0.105000,-0.165172,83460.992188,1.050818,0.000000,0.000000,1.000000,1.000000,1.000000,1.000000,0.000000,0.000000,0.000000,0.172766,0.848367
59.172679,3.000000,628.113708,-5.629118,700.395107,0.530042,1.059596,198.570038,198.930771,207.415261,8.722433,0.420525,8.621442,-0.391789,-0.210375,-0.513197,-17.000555,0.012214,0.005533,-0.000134,0.105000,0.105000,-0.185160,83460.992188,1.048287,0.000000,0.000000,1.000000,1.000000,1.000000,1.000000,0.000000,0.000000,0.000000,0.187667,0.310852
59.227802,3.000000,633.993835,-5.635616,700.374017,0.513380,0.989762,198.344574,198.709076,207.184026,8.711674,0.419842,8.603547,-0.377669,-0.203019,-0.512304,-17.154535,0.012465,0.005576,-0.000133,0.105000,0.105000,-0.203447,83460.992188,1.043986,0.000000,0.000000,1.000000,1.000000,1.000000,1.000000,0.000000,0.000000,0.000000,0.200730,0.241019
59.282703,3.000000,639.844299,-5.642046,700.353688,0.495191,0.922481,198.121506,198.489059,206.954481,8.700027,0.419182,8.586260,-0.366317,-0.197135,-0.511459,-17.307737,0.013223,0.005605,-0.000134,0.105000,0.105000,-0.219189,83460.992188,1.038923,0.000000,0.000000,1.000000,1.000000,1.000000,1.000000,0.000000,0.000000,0.000000,0.210980,0.173737
59.336772,3.000000,645.576660,-5.648315,700.334183,0.497938,0.858223,197.903137,198.274017,206.730128,8.687795,0.418556,8.569915,-0.357796,-0.192759,-0.510662,-17.457848,0.014353,0.005629,-0.000134,0.105000,0.105000,-0.231701,83460.992188,1.032702,0.000000,0.000000,1.000000,1.000000,1.000000,1.000000,0.000000,0.000000,0.000000,0.218385,0.026548
59.392374,3.000000,651.455383,-5.654712,700.314470,0.497877,0.793455,197.679993,198.053970,206.500554,8.674625,0.417954,8.554597,-0.352858,-0.190310,-0.509866,-17.611792,0.016117,0.005634,-0.000136,0.105000,0.105000,-0.240563,83460.992188,1.025809,0.000000,0.000000,1.000000,1.000000,1.000000,1.000000,0.000000,0.000000,0.000000,0.222121,0.000000
59.447956,3.000000,657.341370,-5.661084,700.294910,0.501356,0.729089,197.458420,197.834320,206.271336,8.661099,0.417389,8.540792,-0.351384,-0.189725,-0.509076,-17.765924,0.018267,0.005650,-0.000137,0.105000,0.105000,-0.244880,83460.992188,1.018935,0.000000,0.000000,1.000000,1.000000,1.000000,1.000000,0.000000,0.000000,0.000000,0.222387,0.000000
59.502621,3.000000,663.182739,-5.667376,700.275611,0.508924,0.665026,197.241806,197.616867,206.044402,8.647701,0.416873,8.529311,-0.353968,-0.191331,-0.508285,-17.918888,0.020888,0.005653,-0.000139,0.105000,0.105000,-0.244164,83460.992188,1.011407,0.000000,0.000000,1.000000,1.000000,1.000000,1.000000,0.000000,0.000000,0.000000,0.218598,0.000000
59.556175,3.000000,668.841187,-5.673442,700.256437,0.504407,0.602106,197.030807,197.406784,205.825135,8.634762,0.416408,8.520192,-0.360130,-0.194869,-0.507497,-18.067062,0.023741,0.005660,-0.000142,0.105000,0.105000,-0.238406,83460.992188,1.005006,0.000000,0.000000,1.000000,1.000000,1.000000,1.000000,0.000000,0.000000,0.000000,0.211304,0.000000
59.611317,3.000000,674.655029,-5.679645,700.236229,0.490674,0.535946,196.814713,197.191559,205.600425,8.621913,0.415960,8.513037,-0.369751,-0.200294,-0.506653,-18.219307,0.026835,0.005676,-0.000144,0.105000,0.105000,-0.227417,83460.992188,0.999208,0.000000,0.000000,1.000000,1.000000,1.000000,1.000000,0.000000,0.000000,0.000000,0.200561,0.000000
59.664742,3.000000,680.297913,-5.685637,700.216044,0.484876,0.469746,196.606369,196.983200,205.382894,8.610172,0.415546,8.508336,-0.381910,-0.207099,-0.505788,-18.367073,0.029893,0.005695,-0.000146,0.105000,0.105000,-0.212083,83460.992188,0.993845,0.000000,0.000000,1.000000,1.000000,1.000000,1.000000,0.000000,0.000000,0.000000,0.187366,0.000000
59.716940,4.000000,685.810730,-5.691464,700.195760,0.469495,0.000000,196.403702,196.775711,205.166311,8.599302,0.413704,8.491541,-0.392402,-0.213013,-0.496368,-18.511435,0.071123,-0.012097,0.076845,1.000000,0.116803,-0.248306,83460.992188,1.326547,1.000000,0.000000,1.000000,1.000000,1.000000,1.000000,1.000000,0.000000,0.000000,0.198080,0.000000
59.770503,4.000000,691.448486,-5.697618,700.175339,0.463392,0.000000,196.196457,196.529892,204.909880,8.587807,0.386257,8.488577,-0.385890,-0.209741,-0.496989,-18.659067,0.063016,0.017078,0.065576,1.000000,0.206811,-0.186059,83460.992188,1.004606,1.000000,0.000000,1.000000,1.000000,1.000000,1.000000,1.000000,0.000000,0.000000,0.182272,0.000000
59.823415,4.000000,697.017578,-5.704031,700.154684,0.459730,0.000000,195.992111,196.282211,204.651357,8.579289,0.348245,8.482825,-0.391213,-0.212903,-0.497617,-18.804901,0.056485,0.024366,0.053982,1.000000,0.286712,-0.139198,83460.992188,1.020048,1.000000,0.000000,1.000000,1.000000,1.000000,1.000000,1.000000,0.000000,0.000000,0.177106,0.000000
59.879729,4.000000,702.891418,-5.711084,700.132508,0.448926,0.000000,195.774506,196.018265,204.375942,8.572800,0.309127,8.478827,-0.395018,-0.215263,-0.498287,-18.958715,0.048985,0.021705,0.043333,1.000000,0.362944,-0.092600,83460.992188,1.019906,1.000000,0.000000,1.000000,1.000000,1.000000,1.000000,1.000000,0.000000,0.000000,0.172448,0.000000
59.932942,4.000000,708.484863,-5.718018,700.111437,0.458692,0.000000,195.568497,195.764053,204.110672,8.568874,0.276903,8.475513,-0.395704,-0.215917,-0.498935,-19.105186,0.042249,0.019295,0.034723,1.000000,0.427464,-0.056009,83460.992188,1.023166,1.000000,0.000000,1.000000,1.000000,1.000000,1.000000,1.000000,0.000000,0.000000,0.171226,0.000000
59.984974,4.000000,713.996582,-5.725008,700.090254,0.467847,0.056176,195.366394,195.533630,203.870079,8.567488,0.256550,8.485729,-0.414270,-0.226314,-0.500721,-19.249517,0.031048,0.003498,0.030957,1.000000,0.484225,-0.000269,83460.992188,0.988113,0.000000,0.000000,1.000000,1.000000,1.000000,1.000000,1.000000,0.000000,0.000000,0.149906,0.000000
60.037075,4.000000,719.425537,-5.732018,700.068696,0.456129,0.000000,195.162903,195.281143,203.606692,8.567840,0.237093,8.480082,-0.407394,-0.222846,-0.500170,-19.391682,0.028367,0.017252,0.023823,1.000000,0.535458,0.004171,83460.992188,1.073524,1.000000,0.000000,1.000000,1.000000,1.000000,1.000000,1.000000,0.000000,0.000000,0.160768,0.000000
60.090569,4.000000,725.028931,-5.739356,700.047740,0.435804,0.000000,194.953079,195.035812,203.350838,8.569331,0.209487,8.468019,-0.382396,-0.209435,-0.500799,-19.538414,0.017677,0.021202,0.022411,1.000000,0.582742,0.048575,83460.992188,1.072017,1.000000,0.000000,1.000000,1.000000,1.000000,1.000000,1.000000,0.000000,0.000000,0.185385,0.000000
60.145708,4.000000,729.157959,-5.744815,700.027847,0.442152,0.000000,194.734314,194.849655,203.156783,8.572526,0.188142,8.452229,-0.359065,-0.196845,-0.501277,-19.646538,0.011239,0.008198,0.022901,1.000000,0.626575,0.063580,83460.992188,1.063521,1.000000,0.000000,1.000000,1.000000,1.000000,1.000000,1.000000,0.000000,0.000000,0.219804,0.000000
60.199765,4.000000,736.318359,-5.754394,700.009699,0.455091,0.000000,194.519974,194.525986,202.819244,8.576501,0.172717,8.446322,-0.329481,-0.180927,-0.502111,-19.834042,0.004342,0.004240,0.022327,1.000000,0.664965,0.077794,83460.992188,1.080791,1.000000,0.000000,1.000000,1.000000,1.000000,1.000000,1.000000,0.000000,0.000000,0.237558,0.000000
60.254625,4.000000,742.056519,-5.762170,699.992706,0.433973,0.000000,194.301178,194.253662,202.535302,8.580535,0.165346,8.434958,-0.299718,-0.164814,-0.502815,-19.984303,0.000498,-0.000390,0.023281,1.000000,0.699893,0.072857,83460.992188,1.066133,1.000000,0.000000,1.000000,1.000000,1.000000,1.000000,1.000000,0.000000,0.000000,0.265282,0.000000
60.309350,4.000000,747.757019,-5.769988,699.977410,0.429517,0.000000,194.081543,193.967514,202.237034,8.584080,0.164168,8.396421,-0.259544,-0.142933,-0.503557,-20.133577,0.008628,-0.057450,0.031364,1.000000,0.731108,0.000767,83460.992188,1.640157,1.000000,0.000000,1.000000,1.000000,1.000000,1.000000,1.000000,0.000000,0.000000,0.341290,0.000000
60.366690,4.000000,753.595398,-5.778086,699.980302,0.418470,0.000000,193.849533,193.461212,201.709429,8.577478,0.178612,8.139946,0.189647,0.104714,-0.504874,-20.286463,0.027039,-0.005808,0.058920,1.000000,0.760341,-0.122937,83460.992188,1.569968,1.000000,0.000000,1.000000,1.000000,1.000000,1.000000,1.000000,0.000000,0.000000,0.792988,0.000000
60.419135,4.000000,759.136475,-5.785909,699.998675,0.410352,0.000000,193.636230,193.192169,201.427771,8.573309,0.169374,8.025376,0.413866,0.228835,-0.505580,-20.431562,0.007219,0.003916,0.053806,1.000000,0.784280,-0.047254,83460.992188,1.300617,1.000000,0.000000,1.000000,1.000000,1.000000,1.000000,1.000000,0.000000,0.000000,0.991532,0.000000
60.472036,4.000000,764.627930,-5.793842,700.024796,0.395399,0.000000,193.420700,192.927811,201.151378,8.572078,0.158826,7.963919,0.529496,0.293170,-0.506275,-20.575363,-0.008288,0.001815,0.048975,1.000000,0.806006,-0.005468,83460.992188,1.200061,1.000000,0.000000,1.000000,1.000000,1.000000,1.000000,1.000000,0.000000,0.000000,1.098927,0.000000
60.525399,4.000000,770.131042,-5.801970,700.055774,0.377943,0.000000,193.203110,192.660446,200.872137,8.572460,0.151264,7.925442,0.603524,0.334622,-0.506978,-20.719469,-0.021143,-0.001007,0.044700,1.000000,0.825706,0.016621,83460.992188,1.129818,1.000000,0.000000,1.000000,1.000000,1.000000,1.000000,1.000000,0.000000,0.000000,1.167477,0.041884
60.580728,4.000000,775.780701,-5.810485,700.090691,0.395582,0.000000,192.977188,192.382629,200.582352,8.573675,0.147416,7.908508,0.640948,0.355884,-0.507711,-20.867413,-0.032216,-0.004421,0.040572,1.000000,0.844025,0.025453,83460.992188,1.043932,1.000000,0.000000,1.000000,1.000000,1.000000,1.000000,1.000000,0.000000,0.000000,1.198481,0.000000
60.636164,4.000000,781.535156,-5.819334,700.126147,0.409803,0.000000,192.750244,192.096512,200.284425,8.575058,0.144192,7.912730,0.637102,0.354275,-0.508466,-21.018099,-0.041210,-0.003399,0.037081,1.000000,0.860448,0.024098,83460.992188,1.016493,1.000000,0.000000,1.000000,1.000000,1.000000,1.000000,1.000000,0.000000,0.000000,1.191642,0.000000
60.688129,4.000000,786.853394,-5.827655,700.158976,0.414564,0.000000,192.536667,191.828201,200.005051,8.576111,0.139088,7.918180,0.628825,0.350161,-0.509176,-21.157364,-0.048107,0.001382,0.034498,1.000000,0.874266,0.017033,83460.992188,1.013780,1.000000,0.000000,1.000000,1.000000,1.000000,1.000000,1.000000,0.000000,0.000000,1.182095,0.042725
60.741665,4.000000,792.387573,-5.836438,700.192531,0.402357,0.000000,192.314926,191.544724,199.709778,8.576712,0.131851,7.917798,0.627458,0.349916,-0.509929,-21.302282,-0.054077,0.002459,0.032199,1.000000,0.887080,0.006571,83460.992188,1.047630,1.000000,0.000000,1.000000,1.000000,1.000000,1.000000,1.000000,0.000000,0.000000,1.182123,0.153611
60.798616,4.000000,797.989258,-5.845431,700.228475,0.407300,0.000000,192.077377,191.253525,199.406438,8.576654,0.124634,7.914445,0.632918,0.353498,-0.510705,-21.448969,-0.059367,0.000348,0.029971,1.000000,0.899278,-0.007167,83460.992188,1.036162,1.000000,0.000000,1.000000,1.000000,1.000000,1.000000,1.000000,0.000000,0.000000,1.186150,0.000000
60.850608,4.000000,803.472229,-5.854320,700.261320,0.409070,0.000000,191.858521,190.965149,199.106123,8.575866,0.121830,7.915080,0.630677,0.352777,-0.511475,-21.592546,-0.063303,-0.004704,0.027899,1.000000,0.909261,-0.021345,83460.992188,1.024345,1.000000,0.000000,1.000000,1.000000,1.000000,1.000000,1.000000,0.000000,0.000000,1.181898,0.046130
60.904311,4.000000,809.054871,-5.863439,700.295298,0.400648,0.000000,191.630463,190.667770,198.796317,8.574280,0.122484,7.909323,0.636116,0.356375,-0.512272,-21.738735,-0.066767,-0.007734,0.025882,1.000000,0.918532,-0.035848,83460.992188,1.040387,1.000000,0.000000,1.000000,1.000000,1.000000,1.000000,1.000000,0.000000,0.000000,1.187578,0.159401
60.956070,4.000000,814.300964,-5.872053,700.328090,0.421583,0.000000,191.408463,190.385895,198.502780,8.572018,0.125775,7.912023,0.629438,0.353155,-0.513029,-21.876110,-0.069524,-0.009993,0.024055,1.000000,0.926568,-0.049727,83460.992188,0.996010,1.000000,0.000000,1.000000,1.000000,1.000000,1.000000,1.000000,0.000000,0.000000,1.177040,0.266456
61.007706,4.000000,819.563599,-5.880737,700.359904,0.451551,0.919136,191.184647,190.101105,198.206366,8.569061,0.129337,7.920384,0.609083,0.342246,-0.533958,-22.013918,-0.071741,-0.009310,0.022558,1.000000,0.933795,-0.062704,83460.992188,0.987397,0.000000,0.000000,1.000000,1.000000,1.000000,1.000000,1.000000,0.000000,0.000000,1.155215,0.000000
61.062795,4.000000,825.125244,-5.889952,700.392552,0.473524,1.025967,190.942932,189.797684,197.890612,8.565207,0.132216,7.930210,0.584277,0.328831,-0.537157,-22.159555,-0.073771,-0.008843,0.021196,1.000000,0.940725,-0.075211,83460.992188,0.985819,0.000000,0.000000,1.000000,1.000000,1.000000,1.000000,1.000000,0.000000,0.000000,1.129133,0.080629
61.114961,4.000000,830.466003,-5.898822,700.422155,0.496107,1.124388,190.711090,189.503937,197.584855,8.560956,0.134885,7.939632,0.559234,0.315225,-0.540154,-22.299410,-0.075186,-0.009218,0.020059,1.000000,0.946618,-0.085617,83460.992188,0.983655,0.000000,0.000000,1.000000,1.000000,1.000000,1.000000,1.000000,0.000000,0.000000,1.103217,0.179051
61.169431,4.000000,835.957153,-5.907949,700.451630,0.534498,1.221084,190.466125,189.199783,197.268316,8.555997,0.138025,7.950032,0.531724,0.300199,-0.543151,-22.443201,-0.076211,-0.009871,0.019009,1.000000,0.952146,-0.094621,83460.992188,0.979928,0.000000,0.000000,1.000000,1.000000,1.000000,1.000000,1.000000,0.000000,0.000000,1.074318,0.275747
61.224340,4.000000,841.504028,-5.917164,700.479747,0.554883,1.313748,190.215958,188.890793,196.946690,8.550552,0.141656,7.961173,0.501982,0.283870,-0.546084,-22.588453,-0.076800,-0.010590,0.018075,1.000000,0.957139,-0.101696,83460.992188,0.977080,0.000000,0.000000,1.000000,1.000000,1.000000,1.000000,1.000000,0.000000,0.000000,1.043329,0.316980
61.278992,4.000000,847.021790,-5.926311,700.506057,0.567091,1.400619,189.963623,188.582016,196.625272,8.544802,0.145718,7.972714,0.471015,0.266794,-0.548897,-22.732941,-0.077188,-0.011298,0.017252,1.000000,0.961592,-0.106908,83460.992188,0.974816,0.000000,0.000000,1.000000,1.000000,1.000000,1.000000,1.000000,0.000000,0.000000,1.011194,0.403851
61.332758,4.000000,852.490173,-5.935347,700.530235,0.598524,1.481223,189.712173,188.274765,196.305410,8.538921,0.150116,7.984839,0.438691,0.248890,-0.551577,-22.876137,-0.077573,-0.011983,0.016533,1.000000,0.965520,-0.110211,83460.992188,0.971407,0.000000,0.000000,1.000000,1.000000,1.000000,1.000000,1.000000,0.000000,0.000000,0.977929,0.484455
61.386930,4.000000,857.919800,-5.944275,700.552786,0.629346,1.555509,189.455566,187.968414,195.986484,8.532865,0.154911,7.998040,0.404679,0.229968,-0.554122,-23.018318,-0.077982,-0.012660,0.015893,1.000000,0.969072,-0.111785,83460.992188,0.968253,0.000000,0.000000,1.000000,1.000000,1.000000,1.000000,1.000000,0.000000,0.000000,0.942558,0.508420
61.442090,4.000000,863.459106,-5.953329,700.573788,0.643323,1.625051,189.190887,187.654602,195.659756,8.526655,0.160128,8.012296,0.368464,0.209737,-0.556593,-23.163370,-0.078398,-0.013325,0.015317,1.000000,0.972313,-0.111878,83460.992188,0.966169,0.000000,0.000000,1.000000,1.000000,1.000000,1.000000,1.000000,0.000000,0.000000,0.905149,0.577961
61.497722,4.000000,869.035461,-5.962376,700.592898,0.659437,1.688426,188.920563,187.337463,195.329514,8.520422,0.165692,8.027511,0.330674,0.188545,-0.558944,-23.309393,-0.078817,-0.013976,0.014808,1.000000,0.975238,-0.110579,83460.992188,0.963939,0.000000,0.000000,1.000000,1.000000,1.000000,1.000000,1.000000,0.000000,0.000000,0.866133,0.641337
61.552078,4.000000,874.493408,-5.971155,700.609497,0.671094,1.743770,188.653305,187.025879,195.004996,8.514440,0.171385,8.043193,0.292475,0.167042,-0.561108,-23.452316,-0.079230,-0.014592,0.014369,1.000000,0.977797,-0.108098,83460.992188,0.962297,0.000000,0.000000,1.000000,1.000000,1.000000,1.000000,1.000000,0.000000,0.000000,0.826895,0.696681
61.606793,4.000000,879.981873,-5.979897,700.624081,0.689405,1.792535,188.381042,186.711319,194.677393,8.508583,0.177339,8.059701,0.253162,0.144833,-0.563142,-23.596037,-0.079644,-0.015192,0.013983,1.000000,0.980106,-0.104559,83460.992188,0.960335,0.000000,0.000000,1.000000,1.000000,1.000000,1.000000,1.000000,0.000000,0.000000,0.786556,0.755512
61.662339,4.000000,885.514465,-5.988612,700.636651,0.699049,1.834491,188.101486,186.393097,194.345861,8.502867,0.183586,8.077366,0.212396,0.121718,-0.565041,-23.740913,-0.080080,-0.015789,0.013640,1.000000,0.982205,-0.099922,83460.992188,0.958933,0.000000,0.000000,1.000000,1.000000,1.000000,1.000000,1.000000,0.000000,0.000000,0.744558,0.797469
61.715893,4.000000,890.828796,-5.996882,700.646582,0.718458,1.867770,187.828766,186.086288,194.026207,8.497624,0.189776,8.095271,0.172289,0.098897,-0.566717,-23.880075,-0.080520,-0.016352,0.013351,1.000000,0.984019,-0.094567,83460.992188,0.957173,0.000000,0.000000,1.000000,1.000000,1.000000,1.000000,1.000000,0.000000,0.000000,0.703149,0.830747
61.772684,4.000000,896.471802,-6.005546,700.654728,0.730604,1.895402,187.536636,185.760162,193.686399,8.492384,0.196494,8.115163,0.128733,0.074024,-0.568332,-24.027843,-0.080847,-0.016928,0.013085,1.000000,0.985741,-0.088870,83460.992188,0.955522,0.000000,0.000000,1.000000,1.000000,1.000000,1.000000,1.000000,0.000000,0.000000,0.658370,0.858379
61.827203,4.000000,901.933838,-6.013807,700.660186,0.744764,1.914385,187.253311,185.445038,193.357981,8.487646,0.203069,8.135184,0.085568,0.049287,-0.569724,-24.170874,-0.080978,-0.017466,0.012857,1.000000,0.987218,-0.083653,83460.992188,0.953681,0.000000,0.000000,1.000000,1.000000,1.000000,1.000000,1.000000,0.000000,0.000000,0.614440,0.869052
61.882580,4.000000,907.423645,-6.021977,700.663309,0.743360,1.925552,186.962769,185.128906,193.028421,8.483120,0.209852,8.156322,0.041307,0.023833,-0.570948,-24.314631,-0.080949,-0.017992,0.012652,1.000000,0.988563,-0.078500,83460.992188,0.952582,0.000000,0.000000,1.000000,1.000000,1.000000,1.000000,1.000000,0.000000,0.000000,0.569076,0.880220
61.937373,4.000000,912.858521,-6.029927,700.663971,0.732740,1.928658,186.672577,184.816513,192.702731,8.478916,0.216637,8.177781,-0.002948,-0.001704,-0.571983,-24.456947,-0.081117,-0.018487,0.012474,1.000000,0.989754,-0.073564,83460.992188,0.952258,0.000000,0.000000,1.000000,1.000000,1.000000,1.000000,1.000000,0.000000,1.000000,0.523885,0.883326
61.991189,4.000000,918.183777,-6.037573,700.662266,0.741346,1.923965,186.385239,184.510925,192.384057,8.475025,0.223353,8.199162,-0.046372,-0.026845,-0.572824,-24.596395,-0.083394,-0.018973,0.012321,1.000000,0.990803,-0.069933,83460.992188,0.952338,0.000000,0.000000,1.000000,1.000000,1.000000,1.000000,1.000000,0.000000,1.000000,0.479537,0.918506
62.045121,4.000000,923.461060,-6.045004,700.658234,0.741041,1.911767,186.094849,184.208191,192.068318,8.471233,0.230144,8.220324,-0.088828,-0.051509,-0.573490,-24.734587,-0.087725,-0.019473,0.012183,1.000000,0.991746,-0.069632,83460.992188,0.954449,0.000000,0.000000,1.000000,1.000000,1.000000,1.000000,1.000000,0.000000,1.000000,0.435881,0.906308
62.099196,4.000000,928.814270,-6.052386,700.651923,0.716444,1.891870,185.801620,183.900940,191.747819,8.467305,0.237020,8.240506,-0.130404,-0.075744,-0.573997,-24.874765,-0.093744,-0.019982,0.012062,1.000000,0.992595,-0.074447,83460.992188,0.958818,0.000000,0.000000,1.000000,1.000000,1.000000,1.000000,1.000000,0.000000,1.000000,0.393821,0.886411
62.153684,4.000000,934.210876,-6.059660,700.643387,0.712965,1.864489,185.504074,183.590866,191.424310,8.462907,0.244020,8.259085,-0.169935,-0.098871,-0.574345,-25.016081,-0.101182,-0.020501,0.011951,1.000000,0.993362,-0.085749,83460.992188,0.962923,0.000000,0.000000,1.000000,1.000000,1.000000,1.000000,1.000000,0.000000,1.000000,0.353847,0.859030
62.208879,4.000000,939.645996,-6.066811,700.632641,0.706007,1.829863,185.200653,183.278091,191.097953,8.457606,0.251183,8.275766,-0.207462,-0.120911,-0.574538,-25.158405,-0.109858,-0.021042,0.011850,1.000000,0.994058,-0.104516,83460.992188,0.967499,0.000000,0.000000,1.000000,1.000000,1.000000,1.000000,1.000000,0.000000,1.000000,0.315714,0.716726
62.262801,4.000000,944.908630,-6.073559,700.620242,0.685071,1.790006,184.902573,182.974609,190.781266,8.451207,0.258255,8.289306,-0.241183,-0.140797,-0.574584,-25.296213,-0.119174,-0.021567,0.011759,1.000000,0.994668,-0.130578,83460.992188,0.972946,0.000000,0.000000,1.000000,1.000000,1.000000,1.000000,1.000000,0.000000,1.000000,0.281217,0.676870
62.317747,4.000000,950.249390,-6.080224,700.605833,0.673841,1.743653,184.597260,182.665970,190.459180,8.443008,0.265529,8.299833,-0.272604,-0.159409,-0.574497,-25.436066,-0.129305,-0.022100,0.011673,1.000000,0.995224,-0.165188,83460.992188,0.977725,0.000000,0.000000,1.000000,1.000000,1.000000,1.000000,1.000000,0.000000,1.000000,0.248904,0.630517
62.372534,4.000000,955.616760,-6.086729,700.589827,0.654798,1.691523,184.291519,182.355148,190.134825,8.432703,0.272843,8.306743,-0.301655,-0.176698,-0.574285,-25.576616,-0.139852,-0.022629,0.011597,1.000000,0.995721,-0.207750,83460.992188,0.982691,0.000000,0.000000,1.000000,1.000000,1.000000,1.000000,1.000000,0.000000,1.000000,0.219280,0.578387
62.426590,4.000000,960.920288,-6.092958,700.572572,0.632764,1.634987,183.988831,182.047455,189.813674,8.420027,0.280108,8.309601,-0.327788,-0.192330,-0.573962,-25.715494,-0.150501,-0.023139,0.011530,1.000000,0.996161,-0.257508,83460.992188,0.987322,0.000000,0.000000,1.000000,1.000000,1.000000,1.000000,1.000000,0.000000,1.000000,0.192627,0.600638
62.479306,4.000000,966.060608,-6.098804,700.554477,0.608228,1.575827,183.692749,181.748688,189.501821,8.404871,0.287225,8.308269,-0.350787,-0.206164,-0.573549,-25.850100,-0.160949,-0.023618,0.011469,1.000000,0.996547,-0.313183,83460.992188,0.991508,0.000000,0.000000,1.000000,1.000000,1.000000,1.000000,1.000000,0.000000,1.000000,0.168976,0.541478
62.532582,4.000000,971.214783,-6.104468,700.535023,0.607374,1.512532,183.392807,181.448624,189.188634,8.386377,0.294435,8.302853,-0.372161,-0.219088,-0.573044,-25.985067,-0.171452,-0.024102,0.011411,1.000000,0.996897,-0.376035,83460.992188,0.993473,0.000000,0.000000,1.000000,1.000000,1.000000,1.000000,1.000000,0.000000,1.000000,0.146667,0.478183
62.585019,4.000000,976.316895,-6.109874,700.514796,0.591749,1.446155,183.097183,181.151276,188.878234,8.364744,0.301547,8.293497,-0.392278,-0.231309,-0.572458,-26.118671,-0.181597,-0.024571,0.011362,1.000000,0.997207,-0.443836,83460.992188,0.995591,0.000000,0.000000,1.000000,1.000000,1.000000,1.000000,1.000000,0.000000,1.000000,0.125793,0.411805
62.637888,4.000000,981.428040,-6.115085,700.493373,0.574964,1.376111,182.798859,180.853149,188.567079,8.339170,0.308717,8.279767,-0.411455,-0.243018,-0.571787,-26.252512,-0.191477,-0.025020,0.011315,1.000000,0.997488,-0.517660,83460.992188,0.997068,0.000000,0.000000,1.000000,1.000000,1.000000,1.000000,1.000000,0.000000,1.000000,0.105718,0.319315
62.695191,4.000000,986.881592,-6.120409,700.469037,0.544141,1.297597,182.475433,180.535004,188.234983,8.306869,0.316466,8.259809,-0.431044,-0.255036,-0.570983,-26.395317,-0.201628,-0.025472,0.011268,1.000000,0.997761,-0.603181,83460.992188,0.998284,0.000000,0.000000,1.000000,1.000000,1.000000,1.000000,1.000000,0.000000,1.000000,0.084873,0.240802
62.752045,4.000000,992.428589,-6.125570,700.443789,0.515272,1.213873,182.154816,180.211609,187.897384,8.269826,0.324090,8.234746,-0.450402,-0.266969,-0.570071,-26.540571,-0.210949,-0.025881,0.011232,1.000000,0.998002,-0.692889,83460.992188,0.998482,0.000000,0.000000,1.000000,1.000000,1.000000,1.000000,1.000000,0.000000,1.000000,0.064717,0.157078
62.805926,4.000000,997.653748,-6.130190,700.418855,0.476270,1.131467,181.851593,179.907318,187.579718,8.229918,0.331232,8.206334,-0.468796,-0.278342,-0.569127,-26.677399,-0.218959,-0.026239,0.011205,1.000000,0.998207,-0.781454,83460.992188,0.998002,0.000000,0.000000,1.000000,1.000000,1.000000,1.000000,1.000000,0.000000,1.000000,0.045438,0.111026
62.860826,4.000000,1002.934814,-6.134279,700.402007,0.430189,0.000000,181.543518,179.577667,187.237834,8.184511,0.267520,7.925384,-0.140274,-0.083439,-0.543893,-26.815687,-0.229011,0.050357,0.017459,1.000000,0.998394,-0.863225,83460.992188,1.977665,1.000000,0.000000,1.000000,1.000000,1.000000,1.000000,1.000000,0.000000,1.000000,0.440113,0.046580
62.916359,4.000000,1008.138489,-6.136878,700.409541,0.414258,0.000000,181.234909,179.249527,186.895327,8.133827,0.235212,7.662925,0.243110,0.144873,-0.544890,-26.951952,-0.239567,0.004022,0.017808,1.000000,0.998563,-0.957154,83460.992188,1.473816,1.000000,0.000000,1.000000,1.000000,1.000000,1.000000,1.000000,0.000000,1.000000,0.793966,0.061272
62.970753,4.000000,1013.468079,-6.138493,700.429704,0.418226,0.000000,180.937271,178.924957,186.555919,8.078834,0.228088,7.517846,0.417538,0.249269,-0.545881,-27.091513,-0.249012,-0.009768,0.017664,1.000000,0.998712,-1.058226,83460.992188,1.211101,1.000000,0.000000,1.000000,1.000000,1.000000,1.000000,1.000000,0.000000,1.000000,0.943292,0.124154
63.024156,4.000000,1018.632690,-6.139441,700.454740,0.417860,0.000000,180.649689,178.615585,186.232884,8.019381,0.227426,7.418498,0.490220,0.293167,-0.546828,-27.226753,-0.256766,-0.011925,0.017503,1.000000,0.998843,-1.161186,83460.992188,1.125541,1.000000,0.000000,1.000000,1.000000,1.000000,1.000000,1.000000,0.000000,1.000000,1.008375,0.000000
63.078075,4.000000,1023.789429,-6.139921,700.482747,0.412244,0.000000,180.363815,178.308777,185.912801,7.953721,0.227085,7.328928,0.532555,0.319033,-0.547769,-27.361786,-0.262681,-0.012131,0.017396,1.000000,0.998962,-1.266701,83460.992188,1.076218,1.000000,0.000000,1.000000,1.000000,1.000000,1.000000,1.000000,0.000000,1.000000,1.046557,0.001077
63.134508,4.000000,1029.130249,-6.139993,700.513446,0.395643,0.000000,180.069077,177.993301,185.583938,7.878892,0.225518,7.244359,0.548804,0.329349,-0.548740,-27.501642,-0.266554,-0.010632,0.017418,1.000000,0.999073,-1.376975,83460.992188,1.061746,1.000000,0.000000,1.000000,1.000000,1.000000,1.000000,1.000000,0.000000,1.000000,1.060916,0.099788
63.190705,4.000000,1033.016846,-6.139787,700.544856,0.396558,0.000000,179.778275,177.764618,185.345555,7.798107,0.225448,7.155143,0.560578,0.336847,-0.549446,-27.603416,-0.267982,-0.011673,0.017266,1.000000,0.999172,-1.484245,83460.992188,1.037635,1.000000,0.000000,1.000000,1.000000,1.000000,1.000000,1.000000,0.000000,1.000000,1.073080,0.173427
63.241770,4.000000,1039.359497,-6.138967,700.573661,0.390760,0.000000,179.518875,177.393982,184.959387,7.719699,0.221802,7.075278,0.564973,0.340197,-0.550593,-27.769505,-0.267242,-0.004746,0.017582,1.000000,0.999253,-1.578007,83460.992188,1.038949,1.000000,0.000000,1.000000,1.000000,1.000000,1.000000,1.000000,0.000000,1.000000,1.073750,0.000000
63.296858,4.000000,1044.558350,-6.137873,700.604642,0.402906,0.000000,179.242584,177.092819,184.645695,7.629915,0.214773,6.989733,0.559571,0.337516,-0.551528,-27.905642,-0.264165,-0.006176,0.017837,1.000000,0.999331,-1.673514,83460.992188,0.998536,1.000000,0.000000,1.000000,1.000000,1.000000,1.000000,1.000000,0.000000,1.000000,1.064794,0.000000
63.350514,4.000000,1049.659058,-6.136444,700.633842,0.417432,0.000000,178.976624,176.800491,184.341406,7.537631,0.211151,6.913188,0.534706,0.323051,-0.552439,-28.039209,-0.258930,-0.009252,0.017829,1.000000,0.999399,-1.758598,83460.992188,0.967570,1.000000,0.000000,1.000000,1.000000,1.000000,1.000000,1.000000,0.000000,1.000000,1.036958,0.072545
63.403841,4.000000,1054.705444,-6.134700,700.661239,0.426588,0.000000,178.715164,176.513947,184.043197,7.441650,0.209231,6.833515,0.505351,0.305811,-0.553334,-28.171352,-0.251466,-0.007940,0.017840,1.000000,0.999460,-1.833897,83460.992188,0.993104,1.000000,0.000000,1.000000,1.000000,1.000000,1.000000,1.000000,0.000000,1.000000,1.008326,0.162151
63.458658,4.000000,1059.863159,-6.132511,700.688501,0.411695,0.000000,178.449173,176.222824,183.740005,7.339095,0.203698,6.735266,0.495591,0.300400,-0.554247,-28.306414,-0.242607,-0.004844,0.018101,1.000000,0.999516,-1.901056,83460.992188,1.021276,1.000000,0.000000,1.000000,1.000000,1.000000,1.000000,1.000000,0.000000,1.000000,0.999472,0.000000
63.514682,4.000000,1065.114746,-6.129786,700.716136,0.400281,0.000000,178.180206,175.928909,183.433803,7.230796,0.197564,6.627800,0.492843,0.299233,-0.555172,-28.443932,-0.234297,-0.003216,0.018331,1.000000,0.999568,-1.958940,83460.992188,1.027785,1.000000,0.000000,1.000000,1.000000,1.000000,1.000000,1.000000,0.000000,1.000000,0.996326,0.069141
63.570160,4.000000,1070.342163,-6.126531,700.743485,0.393873,0.000000,177.916779,175.638901,183.131664,7.120658,0.188416,6.518116,0.492469,0.299499,-0.556088,-28.580816,-0.226904,0.001653,0.018792,1.000000,0.999613,-2.006316,83460.992188,1.009743,1.000000,0.000000,1.000000,1.000000,1.000000,1.000000,1.000000,0.000000,1.000000,0.993786,0.158099
63.626464,4.000000,1075.643799,-6.122663,700.770897,0.397413,0.000000,177.652359,175.347626,182.828265,7.006473,0.177812,6.406854,0.485786,0.295925,-0.557010,-28.719645,-0.220190,0.000049,0.019128,1.000000,0.999655,-2.045298,83460.992188,1.024275,1.000000,0.000000,1.000000,1.000000,1.000000,1.000000,1.000000,0.000000,1.000000,0.987165,0.000000
63.682702,4.000000,1080.946289,-6.118190,700.798080,0.395582,0.000000,177.391251,175.058624,182.527164,6.890463,0.172589,6.294028,0.481419,0.293749,-0.557929,-28.858496,-0.214185,-0.007473,0.018981,1.000000,0.999692,-2.076518,83460.992188,0.997257,1.000000,0.000000,1.000000,1.000000,1.000000,1.000000,1.000000,0.000000,1.000000,0.980239,0.000000
63.737102,4.000000,1086.021240,-6.113338,700.823659,0.390455,0.000000,177.141647,174.784775,182.242065,6.776789,0.173619,6.190709,0.464118,0.283636,-0.558802,-28.991388,-0.209080,-0.012441,0.018549,1.000000,0.999724,-2.099506,83460.992188,0.996362,1.000000,0.000000,1.000000,1.000000,1.000000,1.000000,1.000000,0.000000,1.000000,0.961780,0.000000
63.791125,4.000000,1091.115723,-6.107874,700.848512,0.370191,0.000000,176.896530,174.511246,181.957070,6.662814,0.175374,6.075515,0.462010,0.282789,-0.559677,-29.124792,-0.204402,-0.011034,0.018261,1.000000,0.999752,-2.117564,83460.992188,1.048463,1.000000,0.000000,1.000000,1.000000,1.000000,1.000000,1.000000,0.000000,1.000000,0.962305,0.028118
63.845228,4.000000,1096.150391,-6.101805,700.873877,0.360242,0.000000,176.653763,174.241653,181.676065,6.547826,0.174950,5.953720,0.472686,0.289771,-0.560543,-29.256630,-0.200380,-0.008301,0.018150,1.000000,0.999777,-2.130692,83460.992188,1.045282,1.000000,0.000000,1.000000,1.000000,1.000000,1.000000,1.000000,0.000000,1.000000,0.971898,0.000000
63.899069,4.000000,1101.154419,-6.095084,700.899520,0.369703,0.000000,176.414948,173.974869,181.398070,6.432837,0.172544,5.836567,0.476822,0.292755,-0.561402,-29.387665,-0.197099,-0.004394,0.018237,1.000000,0.999800,-2.138965,83460.992188,1.025058,1.000000,0.000000,1.000000,1.000000,1.000000,1.000000,1.000000,0.000000,1.000000,0.973879,0.000000
63.953764,4.000000,1106.257690,-6.087594,700.923087,0.407728,2.750744,176.174973,173.709702,181.122699,6.315816,0.163161,5.795035,0.376016,0.231214,-0.628283,-29.521299,-0.195493,-0.003333,0.018991,1.000000,0.999821,-2.136999,83460.992188,0.676400,0.000000,0.000000,1.000000,1.000000,1.000000,1.000000,1.000000,0.000000,1.000000,0.849526,0.000000
64.006671,4.000000,1111.189453,-6.080115,700.936699,0.448804,2.799072,175.945099,173.459930,180.863450,6.202924,0.163498,5.793410,0.194742,0.119920,-0.630345,-29.650442,-0.193851,-0.013524,0.018879,1.000000,0.999839,-2.129981,83460.992188,0.671003,0.000000,0.000000,1.000000,1.000000,1.000000,1.000000,1.000000,0.000000,1.000000,0.667687,0.039572
64.059283,4.000000,1116.078979,-6.072522,700.940673,0.454542,2.815693,175.718018,173.214783,180.608338,6.091101,0.169221,5.793966,0.012472,0.007691,-0.631635,-29.778479,-0.191464,-0.017483,0.018598,1.000000,0.999855,-2.120548,83460.992188,0.666920,0.000000,0.000000,1.000000,1.000000,1.000000,1.000000,1.000000,0.000000,1.000000,0.484665,0.000000
64.113474,4.000000,1121.058105,-6.064602,700.934685,0.456922,2.800090,175.485245,172.967911,180.350527,5.976515,0.177046,5.796512,-0.175080,-0.108119,-0.632162,-29.908863,-0.188354,-0.019163,0.018269,1.000000,0.999870,-2.108126,83460.992188,0.663166,0.000000,0.000000,1.000000,1.000000,1.000000,1.000000,1.000000,0.000000,1.000000,0.294493,0.000000
64.165626,4.000000,1125.861206,-6.056768,700.919485,0.460096,0.000000,175.261780,172.731445,180.102964,5.866933,0.179987,5.788446,-0.343470,-0.212398,-0.565439,-30.034636,-0.184324,-0.002624,0.018583,1.000000,0.999883,-2.094868,83460.992188,0.745805,1.000000,0.000000,1.000000,1.000000,1.000000,1.000000,1.000000,0.000000,1.000000,0.130029,0.000000
64.220289,4.000000,1130.938110,-6.048156,700.895848,0.453565,0.000000,175.028351,172.481522,179.841075,5.752837,0.154324,5.752186,-0.474114,-0.293612,-0.566262,-30.167580,-0.179686,0.037249,0.020934,1.000000,0.999895,-2.079193,83460.992188,0.809795,1.000000,0.000000,1.000000,1.000000,1.000000,1.000000,1.000000,0.000000,1.000000,0.003742,0.000000
64.275087,4.000000,1136.014160,-6.038963,700.869010,0.442213,0.000000,174.794937,172.227585,179.575864,5.639236,0.130761,5.640265,-0.490213,-0.304031,-0.567098,-30.300501,-0.174461,0.008672,0.021729,1.000000,0.999906,-2.067203,83460.992188,1.013722,1.000000,0.000000,1.000000,1.000000,1.000000,1.000000,1.000000,0.000000,1.000000,0.000605,0.000000
64.327105,4.000000,1140.776611,-6.029604,700.843515,0.435804,0.000000,174.574127,171.989807,179.327722,5.532058,0.118651,5.531861,-0.488602,-0.303450,-0.567883,-30.425211,-0.170416,0.006879,0.022339,1.000000,0.999915,-2.053968,83460.992188,1.027010,1.000000,0.000000,1.000000,1.000000,1.000000,1.000000,1.000000,0.000000,1.000000,0.002353,0.000000
64.383285,4.000000,1145.933838,-6.018636,700.816350,0.417493,0.000000,174.337036,171.733337,179.060168,5.417136,0.108403,5.411411,-0.479872,-0.298474,-0.568731,-30.560257,-0.167075,0.002825,0.022734,1.000000,0.999924,-2.037768,83460.992188,1.038392,1.000000,0.000000,1.000000,1.000000,1.000000,1.000000,1.000000,0.000000,1.000000,0.011042,0.000000
64.437200,4.000000,1150.939819,-6.007130,700.791029,0.400220,0.000000,174.111160,171.485123,178.801348,5.307723,0.101841,5.290082,-0.461647,-0.287554,-0.569555,-30.691343,-0.164649,0.000965,0.022928,1.000000,0.999932,-2.021832,83460.992188,1.063459,1.000000,0.000000,1.000000,1.000000,1.000000,1.000000,1.000000,0.000000,1.000000,0.030024,0.000000
64.492073,4.000000,1155.957520,-5.994709,700.766409,0.389295,0.000000,173.883057,171.237427,178.543033,5.197266,0.093919,5.167943,-0.441709,-0.275534,-0.570378,-30.822737,-0.163073,0.005293,0.023255,1.000000,0.999939,-2.004844,83460.992188,1.055194,1.000000,0.000000,1.000000,1.000000,1.000000,1.000000,1.000000,0.000000,1.000000,0.048553,0.000000
64.546157,4.000000,1160.916748,-5.981562,700.743173,0.368360,0.000000,173.660187,170.993668,178.288870,5.089314,0.084405,5.049161,-0.423395,-0.264486,-0.571191,-30.952599,-0.162219,0.004406,0.023522,1.000000,0.999945,-1.988115,83460.992188,1.049252,1.000000,0.000000,1.000000,1.000000,1.000000,1.000000,1.000000,0.000000,1.000000,0.065644,0.000000
64.600013,4.000000,1165.844727,-5.967645,700.720849,0.368421,0.000000,173.440277,170.752731,178.037540,4.982703,0.075224,4.936168,-0.411275,-0.257277,-0.571998,-31.081642,-0.161935,0.005841,0.023757,1.000000,0.999951,-1.971819,83460.992188,1.026687,1.000000,0.000000,1.000000,1.000000,1.000000,1.000000,1.000000,0.000000,1.000000,0.075590,0.000000
64.654084,4.000000,1170.773560,-5.952891,700.698873,0.364820,0.000000,173.221512,170.512772,177.787248,4.876521,0.066302,4.825414,-0.403430,-0.252725,-0.572803,-31.210709,-0.161973,0.006503,0.023923,1.000000,0.999956,-1.956656,83460.992188,1.028311,1.000000,0.000000,1.000000,1.000000,1.000000,1.000000,1.000000,0.000000,1.000000,0.082621,0.000000
64.707999,4.000000,1175.718506,-5.937255,700.677249,0.360120,0.000000,173.005432,170.273132,177.537238,4.771432,0.056869,4.719332,-0.400415,-0.251190,-0.573610,-31.340197,-0.162297,0.007847,0.024082,1.000000,0.999961,-1.942619,83460.992188,1.014233,1.000000,0.000000,1.000000,1.000000,1.000000,1.000000,1.000000,0.000000,1.000000,0.083929,0.000000
64.768398,4.000000,1180.624390,-5.920915,700.653021,0.349439,0.000000,172.764404,170.034485,177.288222,4.654609,0.049631,4.602393,-0.401172,-0.252018,-0.574415,-31.468662,-0.171378,0.000747,0.023999,1.000000,0.999965,-1.927279,83460.992188,1.029649,1.000000,0.000000,1.000000,1.000000,1.000000,1.000000,1.000000,0.000000,1.000000,0.083858,0.000000
64.823505,4.000000,1186.193237,-5.901381,700.631512,0.333082,0.000000,172.547806,169.746811,176.988204,4.548666,0.045908,4.484015,-0.382483,-0.240685,-0.575389,-31.614489,-0.196000,0.002802,0.023910,1.000000,0.999969,-1.918761,83460.992188,1.064697,1.000000,0.000000,1.000000,1.000000,1.000000,1.000000,1.000000,0.000000,1.000000,0.103416,0.000000
64.876892,4.000000,1191.068970,-5.883387,700.612054,0.323316,0.000000,172.339554,169.465210,176.694622,4.446384,0.041372,4.364442,-0.354372,-0.223366,-0.576345,-31.742165,-0.230958,0.002170,0.023971,1.000000,0.999972,-1.913555,83460.992188,1.068774,1.000000,0.000000,1.000000,1.000000,1.000000,1.000000,1.000000,0.000000,1.000000,0.130591,0.000000
64.930376,4.000000,1195.901733,-5.864752,700.594024,0.325819,0.000000,172.131927,169.149490,176.365462,4.344155,0.037043,4.245572,-0.327500,-0.206814,-0.577420,-31.868715,-0.273074,0.003295,0.024167,1.000000,0.999975,-1.909585,83460.992188,1.072718,1.000000,0.000000,1.000000,1.000000,1.000000,1.000000,1.000000,0.000000,1.000000,0.156616,0.000000
64.983454,4.000000,1200.709961,-5.845463,700.577462,0.327833,0.000000,171.926025,168.794342,175.995178,4.242921,0.033362,4.130876,-0.304455,-0.192666,-0.578635,-31.994623,-0.318149,0.001367,0.024410,1.000000,0.999978,-1.904912,83460.992188,1.060662,1.000000,0.000000,1.000000,1.000000,1.000000,1.000000,1.000000,0.000000,1.000000,0.177488,0.000000
65.036528,4.000000,1205.487183,-5.825612,700.561900,0.337354,0.000000,171.719208,168.400116,175.584140,4.142007,0.031312,4.021455,-0.288547,-0.183027,-0.579990,-32.119717,-0.362765,0.000767,0.024696,1.000000,0.999979,-1.897606,83460.992188,1.036581,1.000000,0.000000,1.000000,1.000000,1.000000,1.000000,1.000000,0.000000,1.000000,0.190437,0.000000
65.089065,4.000000,1210.241455,-5.805237,700.546989,0.327283,0.000000,171.512344,167.969864,175.135432,4.042595,0.028239,3.916879,-0.280447,-0.178345,-0.581475,-32.244213,-0.402608,0.001370,0.025125,1.000000,0.999981,-1.887145,83460.992188,1.053201,1.000000,0.000000,1.000000,1.000000,1.000000,1.000000,1.000000,0.000000,1.000000,0.198017,0.000000
65.141948,4.000000,1214.994507,-5.784276,700.532644,0.322340,0.000000,171.300491,167.507874,174.653698,3.943130,0.027888,3.809005,-0.265999,-0.169623,-0.583079,-32.368675,-0.434183,-0.003809,0.025398,1.000000,0.999983,-1.874963,83460.992188,1.047581,1.000000,0.000000,1.000000,1.000000,1.000000,1.000000,1.000000,0.000000,1.000000,0.210642,0.000000
65.196907,4.000000,1219.887573,-5.762102,700.518295,0.318067,0.000000,171.074890,167.010864,174.135392,3.840500,0.030834,3.701865,-0.258247,-0.165170,-0.584815,-32.496807,-0.453595,-0.005664,0.025546,1.000000,0.999985,-1.860999,83460.992188,1.052361,1.000000,0.000000,1.000000,1.000000,1.000000,1.000000,1.000000,0.000000,1.000000,0.217096,0.000000
65.253163,4.000000,1224.892334,-5.738564,700.511082,0.296339,0.000000,170.836761,166.477554,173.579965,3.735023,0.050259,3.391327,0.015465,0.009923,-0.586686,-32.627861,-0.449781,-0.012670,0.025432,1.000000,0.999987,-1.900218,83460.992188,1.715501,1.000000,0.000000,1.000000,1.000000,1.000000,1.000000,1.000000,0.000000,1.000000,0.536092,0.000000
65.309176,4.000000,1229.901245,-5.713428,700.523286,0.275831,0.000000,170.591797,165.944183,173.022907,3.627548,0.050443,3.116275,0.302191,0.194518,-0.588575,-32.759026,-0.448256,0.000699,0.026066,1.000000,0.999988,-1.930336,83460.992188,1.352208,1.000000,0.000000,1.000000,1.000000,1.000000,1.000000,1.000000,0.000000,1.000000,0.794592,0.000000
65.363966,4.000000,1234.739868,-5.688076,700.544763,0.284132,0.000000,170.344055,165.438950,172.495332,3.521483,0.046945,2.937438,0.426681,0.275491,-0.590375,-32.885727,-0.451687,0.000798,0.026429,1.000000,0.999989,-1.938516,83460.992188,1.158289,1.000000,0.000000,1.000000,1.000000,1.000000,1.000000,1.000000,0.000000,1.000000,0.904770,0.000000
65.418933,4.000000,1239.619263,-5.661716,700.570217,0.289869,0.000000,170.086807,164.934586,171.969122,3.414878,0.043394,2.801707,0.476856,0.308828,-0.592181,-33.013500,-0.456711,0.001113,0.026598,1.000000,0.999990,-1.939645,83460.992188,1.065288,1.000000,0.000000,1.000000,1.000000,1.000000,1.000000,1.000000,0.000000,1.000000,0.946926,0.000000
65.474759,4.000000,1244.515503,-5.634591,700.597353,0.291639,0.000000,169.816071,164.431580,171.444720,3.306597,0.039694,2.685030,0.489684,0.318106,-0.593992,-33.141712,-0.461833,0.001098,0.026666,1.000000,0.999991,-1.940210,83460.992188,1.046762,1.000000,0.000000,1.000000,1.000000,1.000000,1.000000,1.000000,0.000000,1.000000,0.956891,0.000000
65.530394,4.000000,1249.355103,-5.607152,700.624991,0.281385,0.000000,169.536499,163.935898,170.927986,3.198521,0.038450,2.569510,0.499976,0.325773,-0.595788,-33.268440,-0.465904,-0.003273,0.026555,1.000000,0.999992,-1.945154,83460.992188,1.040535,1.000000,0.000000,1.000000,1.000000,1.000000,1.000000,1.000000,0.000000,1.000000,0.965376,0.000000
65.586131,4.000000,1254.303833,-5.578455,700.653071,0.278089,0.000000,169.246353,163.430801,170.401523,3.089888,0.039270,2.457662,0.504997,0.330061,-0.597628,-33.398029,-0.469209,-0.003075,0.026310,1.000000,0.999993,-1.952708,83460.992188,1.018415,1.000000,0.000000,1.000000,1.000000,1.000000,1.000000,1.000000,0.000000,1.000000,0.967363,0.000000
65.641225,4.000000,1259.107788,-5.549996,700.680690,0.287183,0.000000,168.949799,162.942612,169.892783,2.982056,0.040934,2.354304,0.498169,0.326574,-0.599418,-33.523827,-0.471885,-0.005036,0.025992,1.000000,0.999994,-1.961321,83460.992188,0.998239,1.000000,0.000000,1.000000,1.000000,1.000000,1.000000,1.000000,0.000000,1.000000,0.957661,0.000000
65.691458,4.000000,1263.499512,-5.523473,700.705350,0.277051,0.000000,168.670883,162.497849,169.429364,2.883277,0.041866,2.260614,0.488472,0.321093,-0.601057,-33.638824,-0.473518,-0.002446,0.025731,1.000000,0.999995,-1.971418,83460.992188,1.007191,1.000000,0.000000,1.000000,1.000000,1.000000,1.000000,1.000000,0.000000,1.000000,0.947326,0.000000
65.745801,4.000000,1268.235596,-5.494324,700.731645,0.276929,0.000000,168.360367,162.019638,168.931004,2.775760,0.042862,2.156696,0.481955,0.317743,-0.602830,-33.762844,-0.474375,-0.003866,0.025435,1.000000,0.999996,-1.984992,83460.992188,1.001591,1.000000,0.000000,1.000000,1.000000,1.000000,1.000000,1.000000,0.000000,1.000000,0.939099,0.000000
65.800634,4.000000,1272.961670,-5.464662,700.757857,0.277235,0.000000,168.037979,161.544006,168.435329,2.666464,0.041663,2.049661,0.476775,0.315254,-0.604604,-33.886600,-0.474412,0.002554,0.025243,1.000000,0.999996,-2.000756,83460.992188,1.008272,1.000000,0.000000,1.000000,1.000000,1.000000,1.000000,1.000000,0.000000,1.000000,0.932892,0.000000
65.854073,4.000000,1277.597046,-5.435016,700.782966,0.286756,0.000000,167.715439,161.079468,167.951281,2.559121,0.035441,1.949685,0.465351,0.308586,-0.606346,-34.007984,-0.474087,0.005879,0.025248,1.000000,0.999996,-2.015625,83460.992188,0.992431,1.000000,0.000000,1.000000,1.000000,1.000000,1.000000,1.000000,0.000000,1.000000,0.919046,0.000000
65.908278,4.000000,1282.266357,-5.404614,700.807712,0.279432,0.000000,167.380112,160.550156,167.399711,2.447984,0.028017,1.846940,0.452108,0.300793,-0.608344,-34.130253,-0.451621,0.005211,0.025623,1.000000,0.999996,-2.148306,83460.992188,0.984154,1.000000,0.000000,1.000000,1.000000,1.000000,1.000000,1.000000,0.293857,1.000000,0.903179,0.000000
65.962587,4.000000,1286.916260,-5.373838,700.831395,0.271253,0.000000,167.035248,159.887207,166.708913,2.323999,0.022883,1.738464,0.427653,0.285702,-0.610865,-34.252014,-0.406245,0.004878,0.027285,1.000000,0.999996,-2.384419,83460.992188,0.974888,1.000000,0.000000,1.000000,1.000000,1.000000,1.000000,1.000000,0.297658,1.000000,0.876232,0.000000
66.017662,4.000000,1291.612061,-5.342235,700.854071,0.275831,0.000000,166.675186,159.269409,166.065112,2.187942,0.016879,1.616403,0.404442,0.271243,-0.613233,-34.374981,-0.372396,0.004805,0.029695,1.000000,0.999996,-2.536241,83460.992188,0.984808,1.000000,0.000000,1.000000,1.000000,1.000000,1.000000,1.000000,0.301514,1.000000,0.851943,0.000000
66.072441,4.000000,1296.261963,-5.310391,700.875531,0.263868,0.000000,166.306213,158.684235,165.455303,2.045921,0.013525,1.485789,0.385514,0.259502,-0.615493,-34.496742,-0.345423,0.001524,0.032357,1.000000,0.999996,-2.636402,83460.992188,0.993163,1.000000,0.000000,1.000000,1.000000,1.000000,1.000000,1.000000,0.305348,1.000000,0.831845,0.000000
66.127134,4.000000,1300.946045,-5.277740,700.896241,0.249647,0.000000,165.927017,158.107513,164.854214,1.899556,0.011256,1.344683,0.376110,0.254095,-0.617737,-34.619400,-0.321971,0.001647,0.035265,1.000000,0.999996,-2.707386,83460.992188,0.993068,1.000000,0.000000,1.000000,1.000000,1.000000,1.000000,1.000000,0.309177,1.000000,0.821054,0.000000
66.181491,4.000000,1305.520996,-5.245293,700.916221,0.253065,0.000000,165.539734,157.551025,164.274213,1.750920,0.009190,1.203689,0.363566,0.246487,-0.619918,-34.739197,-0.301349,0.001831,0.038275,1.000000,0.999996,-2.755870,83460.992188,0.993048,1.000000,0.000000,1.000000,1.000000,1.000000,1.000000,1.000000,0.312982,1.000000,0.806868,0.000000
66.236132,4.000000,1310.121216,-5.212121,700.935608,0.251722,0.000000,165.140427,156.994858,163.694569,1.599317,0.005843,1.060841,0.350149,0.238232,-0.622113,-34.859661,-0.282529,0.003630,0.040855,1.000000,0.999996,-2.788442,83460.992188,0.981848,1.000000,0.000000,1.000000,1.000000,1.000000,1.000000,1.000000,0.316807,1.000000,0.791131,0.000000
66.289335,4.000000,1314.559082,-5.179623,700.953671,0.243909,0.000000,164.742416,156.462448,163.139706,1.450439,0.000296,0.921781,0.334468,0.228337,-0.624228,-34.975868,-0.266218,0.007148,0.042561,1.000000,0.999996,-2.804982,83460.992188,0.985272,1.000000,0.000000,1.000000,1.000000,1.000000,1.000000,1.000000,0.320531,1.000000,0.774012,0.000000
66.342197,4.000000,1319.006958,-5.146574,700.970908,0.236341,0.000000,164.338318,155.932297,162.587141,1.301968,-0.007499,0.780816,0.322102,0.220643,-0.626350,-35.092342,-0.251578,0.011094,0.043263,1.000000,0.999996,-2.810095,83460.992188,0.987232,1.000000,0.000000,1.000000,1.000000,1.000000,1.000000,1.000000,0.324231,1.000000,0.760394,0.000000
66.394926,4.000000,1323.414063,-5.113367,700.987618,0.237867,0.000000,163.927292,155.408936,162.041607,1.153825,-0.016709,0.635409,0.315647,0.216949,-0.628458,-35.207745,-0.238050,0.009401,0.042919,1.000000,0.999996,-2.807714,83460.992188,1.007254,1.000000,0.000000,1.000000,1.000000,1.000000,1.000000,1.000000,0.327922,1.000000,0.753801,0.000000
66.450206,4.000000,1327.961182,-5.078612,701.005076,0.218214,0.000000,163.488174,154.870804,161.480619,0.998855,-0.021488,0.479435,0.316109,0.218021,-0.630641,-35.326817,-0.224952,0.004289,0.041181,1.000000,0.999996,-2.798721,83460.992188,1.005363,1.000000,0.000000,1.000000,1.000000,1.000000,1.000000,1.000000,0.331792,1.000000,0.752592,0.000000
66.505052,4.000000,1332.476196,-5.043597,701.022595,0.198926,0.000000,163.044998,154.335220,160.922271,0.845656,-0.023217,0.319606,0.322887,0.223469,-0.632829,-35.445045,-0.212291,0.001943,0.038125,1.000000,0.999996,-2.788071,83460.992188,1.029475,1.000000,0.000000,1.000000,1.000000,1.000000,1.000000,1.000000,0.335631,1.000000,0.759544,0.000000
66.560263,4.000000,1337.069824,-5.007433,701.040823,0.190565,0.000000,162.591812,153.789093,160.352889,0.692106,-0.024877,0.159157,0.333255,0.231463,-0.635076,-35.565334,-0.200262,0.005064,0.033756,1.000000,0.999996,-2.774109,83460.992188,1.005281,1.000000,0.000000,1.000000,1.000000,1.000000,1.000000,1.000000,0.339496,1.000000,0.766803,0.000000
66.615408,4.000000,1341.615356,-4.971112,701.059180,0.179334,0.000000,162.132507,153.246765,159.787526,0.539637,-0.029020,0.006863,0.332673,0.231877,-0.637323,-35.684364,-0.189027,0.006590,0.028252,1.000000,0.999996,-2.756584,83460.992188,0.993502,1.000000,0.000000,1.000000,1.000000,1.000000,1.000000,1.000000,0.343356,1.000000,0.763833,0.000000
66.668856,4.000000,1345.943481,-4.936028,701.076798,0.172742,0.000000,161.681503,152.727554,159.246322,0.392795,-0.032319,-0.138095,0.328609,0.229822,-0.639489,-35.797699,-0.178191,0.003920,0.021643,1.000000,0.999996,-2.739856,83460.992188,0.998077,1.000000,0.000000,1.000000,1.000000,1.000000,1.000000,1.000000,0.347097,1.000000,0.758506,0.000000
66.725499,4.000000,1350.601196,-4.897684,701.095354,0.168836,0.000000,161.197342,152.159103,158.653731,0.237888,-0.030543,-0.292698,0.327123,0.229637,-0.641877,-35.919666,-0.164880,-0.002715,0.012561,1.000000,0.999996,-2.732429,83460.992188,0.995752,1.000000,0.000000,1.000000,1.000000,1.000000,1.000000,1.000000,0.351062,1.000000,0.755280,0.000000
66.777217,4.000000,1354.837891,-4.862263,701.108865,0.170423,0.000000,160.750458,151.652451,158.126289,0.098216,0.018556,-0.348859,0.219186,0.154380,-0.644018,-36.030609,-0.162085,-0.091706,0.005234,1.000000,0.999996,-2.673286,83460.992188,0.821662,1.000000,0.000000,1.000000,1.000000,1.000000,1.000000,1.000000,0.354683,1.000000,0.634587,0.000000
66.830362,4.000000,1359.101563,-4.826062,701.114777,0.171766,0.000000,160.286392,151.131958,157.584180,-0.042201,0.071333,-0.363565,0.048659,0.034390,-0.646233,-36.142254,-0.157011,-0.035236,-0.007994,1.000000,0.999996,-2.622369,83460.992188,0.724824,1.000000,0.000000,1.000000,1.000000,1.000000,1.000000,1.000000,0.358403,1.000000,0.454918,0.000000
66.883693,4.000000,1363.452881,-4.788500,701.113132,0.173292,0.000000,159.816132,150.566650,156.994703,-0.182280,0.087869,-0.430350,-0.064411,-0.045694,-0.648660,-36.256199,-0.138933,-0.017139,-0.025301,1.000000,0.999996,-2.637279,83460.992188,0.853294,1.000000,0.000000,1.000000,1.000000,1.000000,1.000000,1.000000,0.362136,1.000000,0.350056,0.000000
66.937057,4.000000,1367.686157,-4.751198,701.107486,0.178663,0.000000,159.340912,150.002930,156.406739,-0.323802,0.093694,-0.532000,-0.123458,-0.087912,-0.651098,-36.367050,-0.117754,-0.007894,-0.042694,1.000000,0.999996,-2.663399,83460.992188,0.916640,1.000000,0.000000,1.000000,1.000000,1.000000,1.000000,1.000000,0.365871,1.000000,0.292804,0.000000
66.992694,4.000000,1372.178955,-4.710628,701.099192,0.183790,0.000000,158.840057,149.402908,155.780927,-0.472606,0.095456,-0.654015,-0.161253,-0.115286,-0.653713,-36.484699,-0.087466,-0.009287,-0.059455,1.000000,0.999996,-2.680027,83460.992188,0.924429,1.000000,0.000000,1.000000,1.000000,1.000000,1.000000,1.000000,0.369766,1.000000,0.254211,0.000000
67.048868,4.000000,1376.647949,-4.669121,701.088992,0.162427,0.000000,158.328949,148.802414,155.154567,-0.623181,0.101321,-0.785917,-0.189498,-0.136026,-0.656352,-36.601723,-0.052596,-0.015130,-0.075280,1.000000,0.999996,-2.677903,83460.992188,0.972665,1.000000,0.000000,1.000000,1.000000,1.000000,1.000000,1.000000,0.373698,1.000000,0.227239,0.000000
67.103525,4.000000,1380.997559,-4.627452,701.078471,0.143262,0.000000,157.826355,148.213531,154.540487,-0.769203,0.110950,-0.930922,-0.192089,-0.138434,-0.658960,-36.715622,-0.020775,-0.018906,-0.089947,1.000000,0.999996,-2.661643,83460.992188,1.002406,1.000000,0.000000,1.000000,1.000000,1.000000,1.000000,1.000000,0.377524,1.000000,0.225011,0.000000
67.158791,4.000000,1385.378296,-4.584057,701.068085,0.139783,0.000000,157.312866,147.617401,153.918857,-0.915426,0.123199,-1.080698,-0.185663,-0.134343,-0.661621,-36.830338,0.008110,-0.022396,-0.104173,1.000000,0.999996,-2.626905,83460.992188,0.992281,1.000000,0.000000,1.000000,1.000000,1.000000,1.000000,1.000000,0.381393,1.000000,0.229125,0.000000
67.212447,4.000000,1389.652588,-4.540212,701.058138,0.131483,0.000000,156.809341,147.032822,153.309241,-1.055092,0.136095,-1.219280,-0.185452,-0.134725,-0.664252,-36.942265,0.033065,-0.022742,-0.117415,1.000000,0.999996,-2.577499,83460.992188,0.980471,1.000000,0.000000,1.000000,1.000000,1.000000,1.000000,1.000000,0.385149,1.000000,0.226857,0.000000
67.268384,4.000000,1393.981567,-4.494175,701.047585,0.136060,0.000000,156.278824,146.437607,152.688516,-1.197532,0.147289,-1.356731,-0.190509,-0.138961,-0.666952,-37.055622,0.056628,-0.018957,-0.130664,1.000000,0.999996,-2.514858,83460.992188,0.970666,1.000000,0.000000,1.000000,1.000000,1.000000,1.000000,1.000000,0.389064,1.000000,0.219211,0.000000
67.322955,4.000000,1398.289063,-4.446632,701.037129,0.122144,0.000000,155.756287,145.840790,152.066116,-1.333009,0.153633,-1.493863,-0.189466,-0.138765,-0.669681,-37.168415,0.078543,-0.016828,-0.142907,1.000000,0.999996,-2.450846,83460.992188,1.003755,1.000000,0.000000,1.000000,1.000000,1.000000,1.000000,1.000000,0.392884,1.000000,0.220683,0.000000
67.378277,4.000000,1402.576294,-4.397452,701.027097,0.111707,0.000000,155.221313,145.241974,151.441743,-1.466764,0.162884,-1.636523,-0.176432,-0.129752,-0.672442,-37.280682,0.099739,-0.023920,-0.154471,1.000000,0.999996,-2.384218,83460.992188,1.004036,1.000000,0.000000,1.000000,1.000000,1.000000,1.000000,1.000000,0.396757,1.000000,0.231999,0.000000
67.432993,4.000000,1406.824097,-4.346755,701.017923,0.097852,0.000000,154.687164,144.644241,150.818482,-1.595352,0.174423,-1.775428,-0.161844,-0.119516,-0.675221,-37.391914,0.119416,-0.022867,-0.165411,1.000000,0.999996,-2.315564,83460.992188,1.009194,1.000000,0.000000,1.000000,1.000000,1.000000,1.000000,1.000000,0.400587,1.000000,0.245160,0.000000
67.483128,4.000000,1410.729736,-4.298305,701.010336,0.070875,0.000000,154.193741,144.091614,150.242293,-1.709844,0.181823,-1.902287,-0.144769,-0.107317,-0.677810,-37.494186,0.136355,-0.020021,-0.175229,1.000000,0.999996,-2.250760,83460.992188,1.019811,1.000000,0.000000,1.000000,1.000000,1.000000,1.000000,1.000000,0.404096,1.000000,0.261027,0.000000
67.535631,4.000000,1414.756958,-4.246397,701.003438,0.068738,0.000000,153.672287,143.519043,149.645297,-1.826241,0.188580,-2.032646,-0.124492,-0.092654,-0.680514,-37.599644,0.153043,-0.021233,-0.185131,1.000000,0.999996,-2.181672,83460.992188,1.007366,1.000000,0.000000,1.000000,1.000000,1.000000,1.000000,1.000000,0.407771,1.000000,0.278860,0.000000
67.588853,4.000000,1418.820068,-4.191924,700.997211,0.066846,0.000000,153.139282,142.937820,149.039255,-1.940460,0.195307,-2.152456,-0.114425,-0.085507,-0.683281,-37.706039,0.168582,-0.021836,-0.194736,1.000000,0.999996,-2.108744,83460.992188,0.979926,1.000000,0.000000,1.000000,1.000000,1.000000,1.000000,1.000000,0.411497,1.000000,0.285335,0.000000
67.643277,4.000000,1422.973877,-4.133962,700.991015,0.067335,0.000000,152.589569,142.339722,148.415549,-2.053232,0.203656,-2.264458,-0.113762,-0.085369,-0.686152,-37.814812,0.183646,-0.024541,-0.204012,1.000000,0.999996,-2.034097,83460.992188,0.966584,1.000000,0.000000,1.000000,1.000000,1.000000,1.000000,1.000000,0.415307,1.000000,0.283270,0.000000
67.696753,4.000000,1427.054565,-4.074689,700.984752,0.070753,0.000000,152.045074,141.747955,147.798488,-2.160147,0.217075,-2.367021,-0.118553,-0.089336,-0.689016,-37.921669,0.198102,-0.035114,-0.212437,1.000000,0.999996,-1.962870,83460.992188,0.966563,1.000000,0.000000,1.000000,1.000000,1.000000,1.000000,1.000000,0.419050,1.000000,0.276535,0.000000
67.751430,4.000000,1431.189087,-4.012139,700.978227,0.065504,0.000000,151.484009,141.143295,147.167960,-2.265710,0.235846,-2.472420,-0.118680,-0.089815,-0.691968,-38.029934,0.213291,-0.035509,-0.220651,1.000000,0.999996,-1.896150,83460.992188,0.979318,1.000000,0.000000,1.000000,1.000000,1.000000,1.000000,1.000000,0.422877,1.000000,0.275412,0.000000
67.806847,4.000000,1435.328613,-3.946873,700.971658,0.056959,0.000000,150.911041,140.532867,146.531456,-2.369116,0.251729,-2.573906,-0.119306,-0.090681,-0.694973,-38.138332,0.228636,-0.033513,-0.228597,1.000000,0.999996,-1.832026,83460.992188,0.965857,1.000000,0.000000,1.000000,1.000000,1.000000,1.000000,1.000000,0.426757,1.000000,0.271943,0.000000
67.862821,4.000000,1439.562622,-3.877289,700.964955,0.047376,0.000000,150.328003,139.902191,145.873775,-2.470153,0.265548,-2.675107,-0.118754,-0.090668,-0.698106,-38.249203,0.244767,-0.031552,-0.236046,1.000000,0.999996,-1.774112,83460.992188,0.975643,1.000000,0.000000,1.000000,1.000000,1.000000,1.000000,1.000000,0.430675,1.000000,0.271190,0.000000
67.919454,4.000000,1443.796997,-3.804715,700.958476,0.048475,0.000000,149.733780,139.264801,145.209197,-2.569324,0.273768,-2.779773,-0.111021,-0.085152,-0.701301,-38.360085,0.261869,-0.025190,-0.243216,1.000000,0.999996,-1.722971,83460.992188,0.980782,1.000000,0.000000,1.000000,1.000000,1.000000,1.000000,1.000000,0.434639,1.000000,0.277301,0.000000
67.976096,4.000000,1448.003540,-3.729564,700.952404,0.037427,0.000000,149.135239,138.624786,144.541816,-2.665770,0.279516,-2.880545,-0.104629,-0.080620,-0.704539,-38.470238,0.279381,-0.025708,-0.249685,1.000000,0.999996,-1.676842,83460.992188,0.983890,1.000000,0.000000,1.000000,1.000000,1.000000,1.000000,1.000000,0.438604,1.000000,0.281797,0.000000
68.033219,4.000000,1452.168701,-3.652045,700.946833,0.025953,0.000000,148.527466,137.983948,143.873619,-2.760621,0.284421,-2.984089,-0.093269,-0.072200,-0.707811,-38.579304,0.297925,-0.023855,-0.255691,1.000000,0.999996,-1.637531,83460.992188,0.992479,1.000000,0.000000,1.000000,1.000000,1.000000,1.000000,1.000000,0.442603,1.000000,0.291843,0.000000
68.089789,4.000000,1456.379150,-3.570424,700.942137,0.019971,0.000000,147.921600,137.328323,143.190014,-2.852559,0.285971,-3.086817,-0.077856,-0.060557,-0.711190,-38.689560,0.317089,-0.019841,-0.261180,1.000000,0.999996,-1.604960,83460.992188,0.982287,1.000000,0.000000,1.000000,1.000000,1.000000,1.000000,1.000000,0.446563,1.000000,0.304435,0.000000
68.140324,4.000000,1460.089722,-3.495715,700.939423,0.016675,0.000000,147.376816,136.689056,142.523493,-2.924693,0.284470,-3.212013,-0.021836,-0.017064,-0.714515,-38.786724,0.231720,-0.017940,-0.265890,1.000000,0.999996,-1.024280,83460.992188,1.144210,1.000000,1.000000,1.000000,1.000000,1.000000,1.000000,1.000000,0.450100,1.000000,0.370891,0.000000
68.199904,4.000000,1464.098755,-3.412079,700.941063,0.017286,0.000000,146.726318,135.997467,141.802412,-2.960822,0.283687,-3.285543,0.037069,0.029115,-0.718148,-38.891705,0.121339,-0.021022,-0.269271,1.000000,0.999997,-0.374927,83460.992188,0.985159,1.000000,1.000000,1.000000,1.000000,1.000000,1.000000,1.000000,0.454271,1.000000,0.416582,0.000000
68.255834,4.000000,1468.514648,-3.316621,700.943544,0.018018,0.000000,146.114166,135.303986,141.079343,-2.975323,0.286816,-3.304575,0.046339,0.036582,-0.721828,-39.007339,0.087614,-0.025941,-0.272139,1.000000,0.999997,-0.186878,83460.992188,0.958322,1.000000,1.000000,1.000000,1.000000,1.000000,1.000000,1.000000,0.458186,1.000000,0.420492,0.000000
68.310776,4.000000,1472.462524,-3.228201,700.945787,0.021863,0.000000,145.508713,134.683167,140.432013,-2.984324,0.292186,-3.305023,0.037097,0.029421,-0.725155,-39.110718,0.077351,-0.026030,-0.275231,1.000000,0.999997,-0.137572,83460.992188,0.941601,1.000000,1.000000,1.000000,1.000000,1.000000,1.000000,1.000000,0.462032,1.000000,0.407928,0.000000
68.364344,4.000000,1476.351318,-3.138200,700.947474,0.023389,0.000000,144.915024,134.068329,139.790956,-2.991388,0.298010,-3.307430,0.030217,0.024074,-0.728480,-39.212551,0.072562,-0.028780,-0.278123,1.000000,0.999997,-0.120575,83460.992188,0.960503,1.000000,1.000000,1.000000,1.000000,1.000000,1.000000,1.000000,0.465781,1.000000,0.400391,0.000000
68.418784,4.000000,1480.237061,-3.045292,700.949147,0.016126,0.000000,144.308731,133.449310,139.145524,-2.998136,0.303901,-3.315246,0.031642,0.025327,-0.731859,-39.314301,0.071195,-0.025467,-0.281013,1.000000,0.999997,-0.123199,83460.992188,0.964130,1.000000,1.000000,1.000000,1.000000,1.000000,1.000000,1.000000,0.469592,1.000000,0.400013,0.000000
68.473323,4.000000,1484.117432,-2.949486,700.951001,0.016981,0.000000,143.698746,132.825378,138.494975,-3.005158,0.304661,-3.326095,0.036118,0.029046,-0.735296,-39.415913,0.069371,-0.019792,-0.283528,1.000000,0.999997,-0.122857,83460.992188,0.971918,1.000000,1.000000,1.000000,1.000000,1.000000,1.000000,1.000000,0.473410,1.000000,0.402967,0.000000
68.528701,4.000000,1488.022949,-2.849965,700.953151,0.017652,0.000000,143.077042,132.204620,137.847749,-3.012322,0.301691,-3.335405,0.039874,0.032216,-0.738748,-39.518181,0.066969,-0.016793,-0.282839,1.000000,0.999997,-0.119533,83460.992188,0.960217,1.000000,1.000000,1.000000,1.000000,1.000000,1.000000,1.000000,0.477286,1.000000,0.403747,0.000000
68.585681,4.000000,1492.047363,-2.744145,700.955255,0.022657,0.000000,142.435349,131.592316,137.209302,-3.018322,0.297995,-3.336845,0.034844,0.028283,-0.742186,-39.623566,0.058492,-0.017298,-0.275063,1.000000,0.999997,-0.084915,83460.992188,0.956176,1.000000,1.000000,1.000000,1.000000,1.000000,1.000000,1.000000,0.481275,1.000000,0.396266,0.000000
68.636286,4.000000,1495.586792,-2.648329,700.956865,0.026563,0.000000,141.864426,131.085144,136.680496,-3.022147,0.295893,-3.337920,0.031440,0.025619,-0.745057,-39.716248,0.051486,-0.017841,-0.261167,1.000000,0.999997,-0.059246,83460.992188,0.959331,1.000000,1.000000,1.000000,1.000000,1.000000,1.000000,1.000000,0.484817,1.000000,0.391350,0.000000
68.686428,4.000000,1499.110596,-2.550373,700.958208,0.031202,0.000000,141.298630,130.601196,136.175908,-3.025017,0.292265,-3.334785,0.024375,0.019936,-0.747817,-39.808521,0.048043,-0.013019,-0.243289,1.000000,0.999997,-0.054449,83460.992188,0.960298,1.000000,1.000000,1.000000,1.000000,1.000000,1.000000,1.000000,0.488327,1.000000,0.382509,0.000000
68.738836,4.000000,1502.719238,-2.447453,700.959290,0.025587,0.000000,140.707901,130.113754,135.667686,-3.028518,0.285323,-3.333443,0.018865,0.015487,-0.750618,-39.903019,0.048850,-0.010609,-0.223789,1.000000,0.999997,-0.072527,83460.992188,0.957195,1.000000,1.000000,1.000000,1.000000,1.000000,1.000000,1.000000,0.491996,1.000000,0.375025,0.000000
68.789040,4.000000,1506.267334,-2.343757,700.960081,0.027601,0.000000,140.143707,129.630981,135.164314,-3.032390,0.279709,-3.335088,0.015138,0.012473,-0.753413,-39.995930,0.046241,-0.013894,-0.206937,1.000000,0.999997,-0.069819,83460.992188,0.971342,1.000000,1.000000,1.000000,1.000000,1.000000,1.000000,1.000000,0.495510,1.000000,0.370808,0.000000
68.840071,4.000000,1509.789673,-2.238418,700.960978,0.024305,0.000000,139.572205,129.143768,134.656286,-3.035353,0.276374,-3.347695,0.018642,0.015419,-0.756255,-40.088165,0.028977,-0.013593,-0.193942,1.000000,0.999997,0.012185,83460.992188,1.194083,1.000000,1.000000,1.000000,1.000000,1.000000,1.000000,1.000000,0.499082,1.000000,0.380922,0.000000
68.895370,4.000000,1513.639893,-2.120602,700.964667,0.030836,0.000000,138.955978,128.589386,134.078169,-3.014680,0.271432,-3.377426,0.084830,0.070465,-0.759516,-40.188984,-0.082814,-0.011323,-0.188762,1.000000,0.999997,0.572828,83460.992188,1.006648,1.000000,1.000000,1.000000,1.000000,1.000000,1.000000,1.000000,0.502953,1.000000,0.439770,0.000000
68.948007,4.000000,1517.262573,-2.007382,700.969440,0.041517,0.000000,138.372269,128.036911,133.502113,-2.981134,0.266635,-3.345833,0.090553,0.075544,-0.762793,-40.283848,-0.114349,-0.014366,-0.192031,1.000000,0.999997,0.664522,83460.992188,0.951352,1.000000,1.000000,1.000000,1.000000,1.000000,1.000000,1.000000,0.506638,1.000000,0.440063,0.000000
69.001843,4.000000,1520.914307,-1.891047,700.974043,0.055067,0.000000,137.777756,127.438652,132.878393,-2.945228,0.266544,-3.303929,0.083108,0.069658,-0.766373,-40.379475,-0.133659,-0.018809,-0.204609,1.000000,0.999997,0.683052,83460.992188,0.952193,1.000000,1.000000,1.000000,1.000000,1.000000,1.000000,1.000000,0.510406,1.000000,0.430763,0.000000
69.054472,4.000000,1524.507568,-1.774443,700.978158,0.058362,0.000000,137.198837,126.850815,132.265484,-2.908313,0.268624,-3.261513,0.076251,0.064207,-0.769924,-40.473564,-0.156399,-0.019742,-0.218332,1.000000,0.999997,0.718855,83460.992188,0.955787,1.000000,1.000000,1.000000,1.000000,1.000000,1.000000,1.000000,0.514090,1.000000,0.422227,0.000000
69.106684,4.000000,1528.047607,-1.657491,700.982017,0.055128,0.000000,136.626205,126.275497,131.665640,-2.870142,0.270211,-3.221856,0.073672,0.062318,-0.773431,-40.566265,-0.177621,-0.020392,-0.232572,1.000000,0.999997,0.743452,83460.992188,0.968642,1.000000,1.000000,1.000000,1.000000,1.000000,1.000000,1.000000,0.517745,1.000000,0.418539,0.000000
69.159408,4.000000,1531.603516,-1.537834,700.988751,0.042921,0.000000,136.049377,125.693977,131.059020,-2.833957,0.232747,-3.268536,0.161764,0.137467,-0.777010,-40.659378,-0.172118,0.059236,-0.249151,1.000000,0.999997,0.619195,83460.992188,1.102455,1.000000,1.000000,1.000000,1.000000,1.000000,1.000000,1.000000,0.521436,1.000000,0.513613,0.000000
69.213092,4.000000,1535.170898,-1.415582,701.001639,0.042982,0.000000,135.463135,125.107079,130.446318,-2.806653,0.181908,-3.354209,0.288171,0.246037,-0.780660,-40.752796,-0.149083,0.019004,-0.261780,1.000000,0.999997,0.405189,83460.992188,1.158615,1.000000,1.000000,1.000000,1.000000,1.000000,1.000000,1.000000,0.525194,1.000000,0.642850,0.000000
69.265528,4.000000,1538.698242,-1.292423,701.019442,0.045301,0.000000,134.890594,124.523239,129.836998,-2.791878,0.167143,-3.393020,0.358173,0.307238,-0.784323,-40.845161,-0.120710,-0.004579,-0.274301,1.000000,0.999997,0.179488,83460.992188,1.037406,1.000000,1.000000,1.000000,1.000000,1.000000,1.000000,1.000000,0.528864,1.000000,0.702133,0.000000
69.320388,4.000000,1542.337646,-1.162987,701.040241,0.038953,0.000000,134.292480,123.916519,129.204142,-2.788972,0.165285,-3.416139,0.388813,0.335154,-0.788164,-40.940464,-0.088889,-0.013365,-0.287269,1.000000,0.999997,-0.046976,83460.992188,1.007882,1.000000,1.000000,1.000000,1.000000,1.000000,1.000000,1.000000,0.532704,1.000000,0.728855,0.000000
69.375671,4.000000,1545.961426,-1.031683,701.062309,0.039442,0.000000,133.689850,123.304939,128.566437,-2.796506,0.167606,-3.435140,0.402686,0.348833,-0.792073,-41.035355,-0.067374,-0.015957,-0.299294,1.000000,0.999997,-0.198353,83460.992188,0.972522,1.000000,1.000000,1.000000,1.000000,1.000000,1.000000,1.000000,0.536574,1.000000,0.738483,0.000000
69.431237,4.000000,1549.585205,-0.897955,701.084836,0.047071,0.000000,133.083969,122.683456,127.918499,-2.809601,0.173317,-3.454071,0.407328,0.354641,-0.796084,-41.130245,-0.062824,-0.020668,-0.309671,1.000000,0.999997,-0.245864,83460.992188,0.977337,1.000000,1.000000,1.000000,1.000000,1.000000,1.000000,1.000000,0.540464,1.000000,0.741495,0.000000
69.482715,4.000000,1552.987671,-0.770168,701.105976,0.037488,0.000000,132.522217,122.087303,127.296914,-2.821965,0.181183,-3.472518,0.412505,0.360902,-0.799971,-41.219345,-0.069813,-0.022946,-0.317413,1.000000,0.999997,-0.226972,83460.992188,0.979038,1.000000,1.000000,1.000000,1.000000,1.000000,1.000000,1.000000,0.544067,1.000000,0.744964,0.000000
69.539631,4.000000,1556.701172,-0.628205,701.129816,0.031446,0.000000,131.900497,121.419281,126.600392,-2.835115,0.191153,-3.496195,0.422577,0.371748,-0.804372,-41.316586,-0.072723,-0.025537,-0.323596,1.000000,0.999997,-0.233337,83460.992188,0.977946,1.000000,1.000000,1.000000,1.000000,1.000000,1.000000,1.000000,0.548051,1.000000,0.752969,0.000000
69.590552,4.000000,1560.001831,-0.499794,701.151445,0.053785,0.000000,131.343140,120.808983,125.964140,-2.847686,0.200833,-3.509943,0.424526,0.375349,-0.808434,-41.403015,-0.072164,-0.025026,-0.326927,1.000000,0.999997,-0.254821,83460.992188,0.942072,1.000000,1.000000,1.000000,1.000000,1.000000,1.000000,1.000000,0.551616,1.000000,0.750630,0.000000
69.640716,4.000000,1563.239624,-0.371805,701.172347,0.067762,0.000000,130.792999,120.192108,125.321199,-2.861015,0.207673,-3.513814,0.412742,0.366803,-0.812581,-41.487801,-0.072210,-0.020260,-0.327695,1.000000,0.999997,-0.270690,83460.992188,0.931758,1.000000,1.000000,1.000000,1.000000,1.000000,1.000000,1.000000,0.555127,1.000000,0.736248,0.000000
69.697077,4.000000,1566.827881,-0.227653,701.194936,0.074720,0.000000,130.172958,119.486465,124.585747,-2.876892,0.209207,-3.515213,0.394401,0.352573,-0.817377,-41.581760,-0.071930,-0.013319,-0.325684,1.000000,0.999997,-0.287997,83460.992188,0.934273,1.000000,1.000000,1.000000,1.000000,1.000000,1.000000,1.000000,0.559073,1.000000,0.715739,0.000000
69.747678,4.000000,1570.075806,-0.095077,701.214508,0.061231,0.000000,129.613907,118.832710,123.904307,-2.892192,0.204828,-3.524056,0.383994,0.345157,-0.821872,-41.666813,-0.070142,-0.006474,-0.322452,1.000000,0.999997,-0.308756,83460.992188,0.952556,1.000000,1.000000,1.000000,1.000000,1.000000,1.000000,1.000000,0.562615,1.000000,0.704629,0.000000
69.801821,4.000000,1573.522949,0.047820,701.235391,0.054456,0.000000,129.013046,118.131004,123.172696,-2.908508,0.196253,-3.548384,0.388845,0.351594,-0.826753,-41.757080,-0.076732,-0.003453,-0.318801,1.000000,0.999997,-0.283104,83460.992188,0.978058,1.000000,1.000000,1.000000,1.000000,1.000000,1.000000,1.000000,0.566405,1.000000,0.709249,0.000000
69.855239,4.000000,1576.903687,0.190163,701.256482,0.053236,0.000000,128.416855,117.443611,122.455937,-2.923036,0.186505,-3.572885,0.398068,0.362039,-0.831591,-41.845608,-0.083549,-0.001591,-0.316519,1.000000,0.999997,-0.258803,83460.992188,0.973562,1.000000,1.000000,1.000000,1.000000,1.000000,1.000000,1.000000,0.570144,1.000000,0.715993,0.000000
69.908407,4.000000,1580.221558,0.331989,701.277789,0.057447,0.000000,127.819786,116.779251,121.763285,-2.936073,0.177611,-3.589466,0.401152,0.366919,-0.836321,-41.932487,-0.091435,-0.004639,-0.315827,1.000000,0.999997,-0.230886,83460.992188,0.953585,1.000000,1.000000,1.000000,1.000000,1.000000,1.000000,1.000000,0.573866,1.000000,0.715708,0.000000
69.962825,4.000000,1583.614136,0.479178,701.299442,0.065259,0.000000,127.204773,116.114159,121.069959,-2.947898,0.172041,-3.597587,0.395670,0.363978,-0.841110,-42.021324,-0.101360,-0.007253,-0.316878,1.000000,0.999997,-0.194034,83460.992188,0.943589,1.000000,1.000000,1.000000,1.000000,1.000000,1.000000,1.000000,0.577675,1.000000,0.707558,0.000000
70.017252,4.000000,1586.941650,0.625665,701.320551,0.078138,0.000000,126.586113,115.480392,120.409407,-2.957066,0.168183,-3.595776,0.383136,0.354382,-0.845724,-42.108459,-0.113424,-0.007459,-0.319471,1.000000,0.999997,-0.148918,83460.992188,0.929838,1.000000,1.000000,1.000000,1.000000,1.000000,1.000000,1.000000,0.581485,1.000000,0.691754,0.000000
70.070484,4.000000,1590.264160,0.774047,701.340489,0.083692,0.000000,125.978203,114.867302,119.770375,-2.963509,0.163886,-3.594176,0.371408,0.345367,-0.850235,-42.195461,-0.128829,-0.006003,-0.323104,1.000000,0.999997,-0.088032,83460.992188,0.946645,1.000000,1.000000,1.000000,1.000000,1.000000,1.000000,1.000000,0.585211,1.000000,0.679449,0.000000
70.123140,4.000000,1593.502686,0.920712,701.359720,0.072217,0.000000,125.374634,114.291389,119.170079,-2.966520,0.157198,-3.590103,0.362035,0.338347,-0.854517,-42.280266,-0.144456,-0.002361,-0.327341,1.000000,0.999997,-0.030773,83460.992188,0.949850,1.000000,1.000000,1.000000,1.000000,1.000000,1.000000,1.000000,0.588897,1.000000,0.668418,0.000000
70.175452,4.000000,1596.672363,1.066223,701.378478,0.069410,0.000000,124.773590,113.747734,118.603337,-2.967674,0.148204,-3.590153,0.358150,0.336316,-0.858600,-42.363266,-0.152310,0.001172,-0.331584,1.000000,0.999997,-0.019164,83460.992188,0.968825,1.000000,1.000000,1.000000,1.000000,1.000000,1.000000,1.000000,0.592559,1.000000,0.663954,0.000000
70.228257,4.000000,1599.867676,1.214915,701.397368,0.066907,0.000000,124.166267,113.208817,118.041526,-2.969294,0.137543,-3.591601,0.357042,0.336871,-0.862686,-42.446941,-0.153024,0.000438,-0.334629,1.000000,0.999997,-0.046649,83460.992188,0.958691,1.000000,1.000000,1.000000,1.000000,1.000000,1.000000,1.000000,0.596255,1.000000,0.660503,0.000000
70.282672,4.000000,1603.169312,1.370685,701.416786,0.062757,0.000000,123.540558,112.646873,117.455675,-2.973161,0.130901,-3.599100,0.358153,0.339605,-0.866988,-42.533398,-0.150747,-0.005407,-0.335577,1.000000,0.999997,-0.087782,83460.992188,0.976164,1.000000,1.000000,1.000000,1.000000,1.000000,1.000000,1.000000,0.600064,1.000000,0.660983,0.000000
70.337291,4.000000,1606.441650,1.527241,701.436559,0.068922,0.000000,122.913345,112.075050,116.859465,-2.979012,0.130402,-3.611607,0.363699,0.346623,-0.871411,-42.619087,-0.149537,-0.010412,-0.333536,1.000000,0.999997,-0.119984,83460.992188,0.971372,1.000000,1.000000,1.000000,1.000000,1.000000,1.000000,1.000000,0.603888,1.000000,0.664564,0.000000
70.389749,4.000000,1609.593262,1.680038,701.455745,0.063673,0.000000,122.312286,111.500183,116.260103,-2.986068,0.128761,-3.623086,0.366971,0.351544,-0.875903,-42.701614,-0.148701,-0.004010,-0.327951,1.000000,0.999997,-0.146803,83460.992188,0.965008,1.000000,1.000000,1.000000,1.000000,1.000000,1.000000,1.000000,0.607560,1.000000,0.665735,0.000000
70.444553,4.000000,1612.833130,1.839142,701.475899,0.063978,0.000000,121.685387,110.873032,115.606240,-2.994976,0.119776,-3.634820,0.368359,0.354869,-0.880856,-42.786453,-0.147637,0.003332,-0.316171,1.000000,0.999997,-0.173247,83460.992188,0.955210,1.000000,1.000000,1.000000,1.000000,1.000000,1.000000,1.000000,0.611396,1.000000,0.664763,0.000000
70.498794,4.000000,1616.036743,1.998376,701.495698,0.076063,0.000000,121.065880,110.197014,114.901487,-3.005549,0.109924,-3.642771,0.363578,0.352412,-0.886258,-42.870342,-0.142913,0.002612,-0.296184,1.000000,0.999997,-0.216459,83460.992188,0.950309,1.000000,1.000000,1.000000,1.000000,1.000000,1.000000,1.000000,0.615193,1.000000,0.657844,0.000000
70.552568,4.000000,1619.195801,2.157177,701.515079,0.087720,0.000000,120.451797,109.494141,114.168764,-3.018023,0.101047,-3.652209,0.358648,0.349865,-0.891945,-42.953064,-0.141159,0.001983,-0.273781,1.000000,0.999997,-0.239178,83460.992188,0.944211,1.000000,1.000000,1.000000,1.000000,1.000000,1.000000,1.000000,0.618957,1.000000,0.650427,0.000000
70.606639,4.000000,1622.344849,2.317163,701.534137,0.091321,0.000000,119.833359,108.786407,113.431005,-3.031013,0.097042,-3.656591,0.348538,0.342214,-0.897745,-43.035526,-0.143458,-0.005703,-0.252995,1.000000,0.999997,-0.238084,83460.992188,0.931121,1.000000,1.000000,1.000000,1.000000,1.000000,1.000000,1.000000,0.622742,1.000000,0.637381,0.000000
70.661602,4.000000,1625.523804,2.480310,701.552955,0.089735,0.000000,119.203049,108.063263,112.677149,-3.043831,0.099942,-3.665314,0.340860,0.336914,-0.903750,-43.118771,-0.147613,-0.011215,-0.234057,1.000000,0.999997,-0.226748,83460.992188,0.952177,1.000000,1.000000,1.000000,1.000000,1.000000,1.000000,1.000000,0.626589,1.000000,0.628966,0.000000
70.715069,4.000000,1628.623413,2.640912,701.571162,0.087354,0.000000,118.587685,107.342705,111.925887,-3.055091,0.106043,-3.679705,0.341136,0.339451,-0.909815,-43.199936,-0.155014,-0.013129,-0.219534,1.000000,0.999997,-0.199048,83460.992188,0.963553,1.000000,1.000000,1.000000,1.000000,1.000000,1.000000,1.000000,0.630332,1.000000,0.627923,0.000000
70.768207,4.000000,1631.653931,2.799314,701.589476,0.082410,0.000000,117.973206,106.610855,111.162791,-3.065742,0.110559,-3.698468,0.346981,0.347637,-0.916060,-43.279293,-0.155150,-0.008652,-0.210660,1.000000,0.999997,-0.212841,83460.992188,0.959821,1.000000,1.000000,1.000000,1.000000,1.000000,1.000000,1.000000,0.634052,1.000000,0.631664,0.000000
70.821245,4.000000,1634.661621,2.957776,701.607899,0.083875,0.000000,117.356354,105.868439,110.388750,-3.078088,0.111039,-3.712558,0.347270,0.350366,-0.922482,-43.358051,-0.150751,-0.003984,-0.203979,1.000000,0.999997,-0.249056,83460.992188,0.947348,1.000000,1.000000,1.000000,1.000000,1.000000,1.000000,1.000000,0.637764,1.000000,0.628938,0.000000
70.876628,4.000000,1637.768188,3.122638,701.626943,0.085950,0.000000,116.707588,105.108055,109.596031,-3.092094,0.107981,-3.722722,0.341694,0.347233,-0.929154,-43.439400,-0.152099,-0.002244,-0.197501,1.000000,0.999997,-0.251731,83460.992188,0.939367,1.000000,1.000000,1.000000,1.000000,1.000000,1.000000,1.000000,0.641641,1.000000,0.620544,0.000000
70.932613,4.000000,1640.876831,3.288706,701.645766,0.088819,0.000000,116.046783,104.349945,108.805714,-3.105237,0.105068,-3.730895,0.333692,0.341565,-0.935901,-43.520802,-0.161731,-0.002152,-0.191012,1.000000,0.999997,-0.209735,83460.992188,0.950628,1.000000,1.000000,1.000000,1.000000,1.000000,1.000000,1.000000,0.645560,1.000000,0.611111,0.000000
70.987117,4.000000,1643.973267,3.455109,701.663880,0.093641,0.000000,115.398659,103.589653,108.013046,-3.115472,0.100563,-3.740883,0.331544,0.341856,-0.942768,-43.601887,-0.170467,0.000351,-0.186834,1.000000,0.999997,-0.176616,83460.992188,0.941713,1.000000,1.000000,1.000000,1.000000,1.000000,1.000000,1.000000,0.649375,1.000000,0.606438,0.000000
71.042529,4.000000,1646.961426,3.616532,701.682058,0.083753,0.000000,114.734619,102.850906,107.242883,-3.125024,0.099696,-3.748739,0.326993,0.339586,-0.949538,-43.680134,-0.174260,-0.008639,-0.179435,1.000000,0.999997,-0.172464,83460.992188,0.951800,1.000000,1.000000,1.000000,1.000000,1.000000,1.000000,1.000000,0.653254,1.000000,0.600317,0.000000
71.098546,4.000000,1650.063721,3.784924,701.700432,0.082288,0.000000,114.058151,102.071602,106.430335,-3.134676,0.106750,-3.763317,0.329140,0.344425,-0.956785,-43.761372,-0.176235,-0.015322,-0.172841,1.000000,0.999997,-0.178701,83460.992188,0.951835,1.000000,1.000000,1.000000,1.000000,1.000000,1.000000,1.000000,0.657176,1.000000,0.600476,0.000000
71.152444,4.000000,1653.012329,3.945649,701.718114,0.094068,0.000000,113.402542,101.331482,105.658668,-3.143883,0.115079,-3.772966,0.327486,0.345196,-0.963772,-43.838581,-0.182963,-0.013289,-0.169423,1.000000,0.999997,-0.158242,83460.992188,0.949048,1.000000,1.000000,1.000000,1.000000,1.000000,1.000000,1.000000,0.660948,1.000000,0.596539,0.000000
71.206097,4.000000,1655.905884,4.103927,701.735585,0.096754,0.000000,112.745232,100.612762,104.909364,-3.151096,0.122928,-3.779759,0.324937,0.344956,-0.970654,-43.914352,-0.194929,-0.016276,-0.165267,1.000000,0.999997,-0.112024,83460.992188,0.946666,1.000000,1.000000,1.000000,1.000000,1.000000,1.000000,1.000000,0.664704,1.000000,0.591868,0.000000
71.262420,4.000000,1658.900757,4.268225,701.753686,0.097486,0.000000,112.050293,99.874786,104.140002,-3.155167,0.133820,-3.780996,0.319694,0.341898,-0.977824,-43.992775,-0.212691,-0.017692,-0.161700,1.000000,0.999997,-0.040673,83460.992188,0.953892,1.000000,1.000000,1.000000,1.000000,1.000000,1.000000,1.000000,0.668647,1.000000,0.584796,0.000000
71.318839,4.000000,1661.888916,4.432552,701.771785,0.090345,0.000000,111.349815,99.133560,103.367133,-3.155723,0.141531,-3.786973,0.321944,0.346878,-0.985134,-44.071022,-0.227968,-0.012614,-0.160311,1.000000,0.999997,0.010474,83460.992188,0.957768,1.000000,1.000000,1.000000,1.000000,1.000000,1.000000,1.000000,0.672596,1.000000,0.585396,0.000000
71.373328,4.000000,1664.775513,4.591555,701.789300,0.095655,0.000000,110.669693,98.416206,102.619208,-3.155059,0.144655,-3.787215,0.320930,0.348306,-0.992312,-44.146610,-0.234056,-0.009002,-0.159492,1.000000,0.999997,0.009282,83460.992188,0.951621,1.000000,1.000000,1.000000,1.000000,1.000000,1.000000,1.000000,0.676410,1.000000,0.581945,0.000000
71.428195,4.000000,1667.645630,4.749807,701.806799,0.096509,0.000000,109.981468,97.704948,101.877676,-3.154866,0.146052,-3.786627,0.318145,0.347796,-0.999533,-44.221767,-0.237515,-0.009706,-0.158360,1.000000,0.999997,-0.005925,83460.992188,0.952338,1.000000,1.000000,1.000000,1.000000,1.000000,1.000000,1.000000,0.680251,1.000000,0.577298,0.000000
71.482862,4.000000,1670.526367,4.908718,701.824129,0.099012,0.000000,109.292877,96.988838,101.131056,-3.155674,0.150312,-3.788066,0.316610,0.348674,-1.006911,-44.297203,-0.239987,-0.013034,-0.156503,1.000000,0.999997,-0.024733,83460.992188,0.948693,1.000000,1.000000,1.000000,1.000000,1.000000,1.000000,1.000000,0.684078,1.000000,0.573639,0.000000
71.536096,4.000000,1673.256104,5.059299,701.840872,0.093030,0.000000,108.620087,96.324257,100.438182,-3.157568,0.156023,-3.790734,0.314456,0.348690,-1.013856,-44.368683,-0.240991,-0.014817,-0.158702,1.000000,0.999997,-0.048857,83460.992188,0.959243,1.000000,1.000000,1.000000,1.000000,1.000000,1.000000,1.000000,0.687804,1.000000,0.570314,0.000000
71.590104,4.000000,1676.026123,5.212034,701.857908,0.083936,0.000000,107.935570,95.672737,99.758862,-3.160363,0.163338,-3.798265,0.316437,0.353276,-1.020758,-44.441219,-0.245130,-0.017550,-0.166504,1.000000,0.999997,-0.054432,83460.992188,0.963082,1.000000,1.000000,1.000000,1.000000,1.000000,1.000000,1.000000,0.691585,1.000000,0.570652,0.000000
71.644314,4.000000,1678.770142,5.363212,701.875093,0.076002,0.000000,107.247421,95.063492,99.123641,-3.163117,0.172042,-3.804578,0.317538,0.356777,-1.027298,-44.513073,-0.251945,-0.019156,-0.180968,1.000000,0.999997,-0.045287,83460.992188,0.965072,1.000000,1.000000,1.000000,1.000000,1.000000,1.000000,1.000000,0.695379,1.000000,0.570123,0.000000
71.698911,4.000000,1681.563721,5.516957,701.892434,0.070203,0.000000,106.554283,94.466881,98.501597,-3.165361,0.181338,-3.808452,0.317460,0.358941,-1.033784,-44.586227,-0.258276,-0.020231,-0.199980,1.000000,0.999997,-0.039891,83460.992188,0.959094,1.000000,1.000000,1.000000,1.000000,1.000000,1.000000,1.000000,0.699201,1.000000,0.567973,0.000000
71.754048,4.000000,1684.315796,5.668229,701.909671,0.074598,0.000000,105.855354,93.881767,97.891728,-3.169631,0.190573,-3.791159,0.303781,0.345616,-1.040223,-44.658291,-0.226733,-0.020540,-0.220304,1.000000,0.999997,-0.241230,83460.992188,0.859292,1.000000,1.000000,1.000000,1.000000,1.000000,1.000000,1.000000,0.703061,1.000000,0.545433,0.000000
71.804670,4.000000,1686.822632,5.805894,701.923885,0.077894,0.000000,105.215317,93.328041,97.314716,-3.192153,0.200281,-3.789874,0.274958,0.314679,-1.046390,-44.723934,-0.165635,-0.025110,-0.239044,1.000000,0.999997,-0.570992,83460.992188,0.944213,1.000000,1.000000,1.000000,1.000000,1.000000,1.000000,1.000000,0.706604,1.000000,0.521341,0.000000
71.860357,4.000000,1689.605957,5.958601,701.938875,0.080213,0.000000,104.513992,92.679977,96.639097,-3.229159,0.212720,-3.820335,0.266853,0.307539,-1.053704,-44.796822,-0.130098,-0.024876,-0.252825,1.000000,0.999997,-0.735248,83460.992188,0.946566,1.000000,1.000000,1.000000,1.000000,1.000000,1.000000,1.000000,0.710502,1.000000,0.512010,0.000000
71.915427,4.000000,1692.315308,6.107068,701.953360,0.087110,0.000000,103.823067,92.003372,95.933683,-3.272426,0.222914,-3.859765,0.261298,0.303351,-1.061450,-44.867767,-0.105273,-0.022709,-0.255710,1.000000,0.999997,-0.827694,83460.992188,0.947683,1.000000,1.000000,1.000000,1.000000,1.000000,1.000000,1.000000,0.714357,1.000000,0.504905,0.000000
71.969133,4.000000,1694.967163,6.252185,701.967308,0.088209,0.000000,103.151398,91.296936,95.197156,-3.318584,0.229704,-3.905502,0.259049,0.303066,-1.069660,-44.937206,-0.086418,-0.020006,-0.252193,1.000000,0.999997,-0.880294,83460.992188,0.944966,1.000000,1.000000,1.000000,1.000000,1.000000,1.000000,1.000000,0.718117,1.000000,0.500688,0.000000
72.025228,4.000000,1697.679932,6.400397,701.981676,0.091688,0.000000,102.450958,90.574646,94.444093,-3.368146,0.237010,-3.953990,0.255288,0.301049,-1.078187,-45.008244,-0.075946,-0.023761,-0.246377,1.000000,0.999997,-0.880652,83460.992188,0.955627,1.000000,1.000000,1.000000,1.000000,1.000000,1.000000,1.000000,0.722043,1.000000,0.495775,0.000000
72.080427,4.000000,1700.347778,6.545918,701.995822,0.092481,0.000000,101.762413,89.857651,93.696480,-3.415869,0.248067,-4.006349,0.257027,0.305517,-1.086788,-45.078106,-0.072549,-0.028634,-0.240010,1.000000,0.999997,-0.843563,83460.992188,0.956723,1.000000,1.000000,1.000000,1.000000,1.000000,1.000000,1.000000,0.725907,1.000000,0.495724,0.000000
72.134169,4.000000,1702.920166,6.686011,702.009402,0.089551,0.000000,101.092339,89.175301,92.985149,-3.459776,0.266346,-4.022346,0.243598,0.291770,-1.095100,-45.145466,-0.077107,-0.056226,-0.228727,1.000000,0.999997,-0.766981,83460.992188,0.792576,1.000000,1.000000,1.000000,1.000000,1.000000,1.000000,1.000000,0.729669,1.000000,0.468676,0.000000
72.187728,4.000000,1705.466675,6.824608,702.020007,0.093030,0.000000,100.423683,88.563362,92.347637,-3.494956,0.332354,-3.993876,0.181888,0.219361,-1.102658,-45.212147,-0.103975,-0.113278,-0.207283,1.000000,0.999997,-0.577397,83460.992188,0.890679,1.000000,1.000000,1.000000,1.000000,1.000000,1.000000,1.000000,0.733418,1.000000,0.412512,0.000000
72.242121,4.000000,1708.047607,6.965172,702.027472,0.103223,0.000000,99.746513,87.958549,91.717465,-3.519781,0.406958,-3.919469,0.104001,0.126289,-1.110233,-45.279732,-0.142531,-0.082748,-0.205218,1.000000,0.999997,-0.335911,83460.992188,0.813432,1.000000,1.000000,1.000000,1.000000,1.000000,1.000000,1.000000,0.737226,1.000000,0.327813,0.000000
72.297167,4.000000,1710.624268,7.105518,702.030832,0.108106,0.000000,99.062859,87.355415,91.088747,-3.532094,0.446620,-3.863200,0.042640,0.052136,-1.117894,-45.347202,-0.174195,-0.057782,-0.205854,1.000000,0.999997,-0.148133,83460.992188,0.879377,1.000000,1.000000,1.000000,1.000000,1.000000,1.000000,1.000000,0.741079,1.000000,0.269304,0.000000
72.352929,4.000000,1713.219482,7.246724,702.031883,0.111341,0.000000,98.372650,86.707710,90.413417,-3.537307,0.469915,-3.829628,0.008512,0.010485,-1.126242,-45.415161,-0.189242,-0.047790,-0.203590,1.000000,0.999997,-0.062216,83460.992188,0.910485,1.000000,1.000000,1.000000,1.000000,1.000000,1.000000,1.000000,0.744982,1.000000,0.235682,0.000000
72.407180,4.000000,1715.713257,7.382150,702.031586,0.113111,0.000000,97.703636,86.063461,89.741631,-3.539426,0.485758,-3.808046,-0.011683,-0.014500,-1.134670,-45.480465,-0.195774,-0.041153,-0.201043,1.000000,0.999997,-0.027976,83460.992188,0.925492,1.000000,1.000000,1.000000,1.000000,1.000000,1.000000,1.000000,0.748780,1.000000,0.214707,0.000000
72.457379,4.000000,1717.977661,7.504834,702.030592,0.109815,0.000000,97.086296,85.468559,89.121285,-3.540212,0.491944,-3.796638,-0.022615,-0.028262,-1.142566,-45.539761,-0.200054,-0.030326,-0.201100,1.000000,0.999997,-0.008266,83460.992188,0.944452,1.000000,1.000000,1.000000,1.000000,1.000000,1.000000,1.000000,0.752294,1.000000,0.203356,0.000000
72.507532,4.000000,1720.278198,7.629111,702.029442,0.099256,0.000000,96.471191,84.851486,88.477826,-3.540015,0.491714,-3.798701,-0.021937,-0.027613,-1.150873,-45.600002,-0.203817,-0.027417,-0.199153,1.000000,0.999997,0.005867,83460.992188,0.959683,1.000000,1.000000,1.000000,1.000000,1.000000,1.000000,1.000000,0.755805,1.000000,0.203629,0.000000
72.559298,4.000000,1722.618286,7.755098,702.028399,0.094495,0.000000,95.837646,84.213943,87.813040,-3.540087,0.492320,-3.802887,-0.018926,-0.024004,-1.159584,-45.661278,-0.201210,-0.030547,-0.196088,1.000000,0.999997,-0.016618,83460.992188,0.962766,1.000000,1.000000,1.000000,1.000000,1.000000,1.000000,1.000000,0.759428,1.000000,0.205268,0.000000
72.614080,4.000000,1725.090332,7.887683,702.027692,0.087598,0.000000,95.168869,83.527985,87.097779,-3.541772,0.496465,-3.820116,-0.007980,-0.010204,-1.169104,-45.726009,-0.196847,-0.033844,-0.193312,1.000000,0.999997,-0.048447,83460.992188,0.978348,1.000000,1.000000,1.000000,1.000000,1.000000,1.000000,1.000000,0.763263,1.000000,0.215658,0.000000
72.669552,4.000000,1727.558716,8.019534,702.027668,0.084058,0.000000,94.492538,82.834236,86.374369,-3.544879,0.502356,-3.836093,0.002940,0.003791,-1.178892,-45.790649,-0.194991,-0.035971,-0.190117,1.000000,0.999997,-0.066432,83460.992188,0.964812,1.000000,1.000000,1.000000,1.000000,1.000000,1.000000,1.000000,0.767146,1.000000,0.223748,0.000000
72.724903,4.000000,1729.956543,8.147060,702.028075,0.087354,0.000000,93.818237,82.163887,85.675392,-3.548973,0.511302,-3.848611,0.009464,0.012303,-1.188508,-45.853436,-0.192492,-0.040406,-0.187035,1.000000,0.999997,-0.088004,83460.992188,0.960935,1.000000,1.000000,1.000000,1.000000,1.000000,1.000000,1.000000,0.771021,1.000000,0.228265,0.000000
72.779602,4.000000,1732.403687,8.276642,702.028665,0.092603,0.000000,93.152336,81.484703,84.967176,-3.553894,0.522013,-3.854127,0.010775,0.014124,-1.198411,-45.917519,-0.192799,-0.041214,-0.185692,1.000000,0.999997,-0.093575,83460.992188,0.945452,1.000000,1.000000,1.000000,1.000000,1.000000,1.000000,1.000000,0.774849,1.000000,0.226757,0.000000
72.834008,4.000000,1734.743652,8.399967,702.029061,0.098035,0.000000,92.490356,80.836586,84.291364,-3.558717,0.532314,-3.851921,0.005614,0.007418,-1.208017,-45.978790,-0.195052,-0.041150,-0.184425,1.000000,0.999997,-0.088877,83460.992188,0.940939,1.000000,1.000000,1.000000,1.000000,1.000000,1.000000,1.000000,0.778658,1.000000,0.219505,0.000000
72.888722,4.000000,1737.104248,8.523781,702.029101,0.102064,0.000000,91.824982,80.183632,83.610503,-3.563339,0.542531,-3.846942,-0.001999,-0.002663,-1.217851,-46.040607,-0.196516,-0.042995,-0.183410,1.000000,0.999997,-0.089026,83460.992188,0.945566,1.000000,1.000000,1.000000,1.000000,1.000000,1.000000,1.000000,0.782488,1.000000,0.210420,0.000000
72.944520,4.000000,1739.463623,8.646881,702.028945,0.098524,0.000000,91.146881,79.519524,82.918014,-3.568180,0.554335,-3.852510,-0.002381,-0.003198,-1.228019,-46.102390,-0.196980,-0.044121,-0.182437,1.000000,0.999997,-0.094928,83460.992188,0.956081,1.000000,1.000000,1.000000,1.000000,1.000000,1.000000,1.000000,0.786394,1.000000,0.209076,0.000000
73.000784,4.000000,1741.848999,8.770635,702.028914,0.104932,0.000000,90.463631,78.840370,82.209835,-3.573258,0.565130,-3.863253,0.001030,0.001395,-1.238594,-46.164852,-0.198626,-0.042402,-0.183099,1.000000,0.999997,-0.094863,83460.992188,0.963992,1.000000,1.000000,1.000000,1.000000,1.000000,1.000000,1.000000,0.790332,1.000000,0.211352,0.000000
73.057089,4.000000,1744.213745,8.892567,702.029226,0.105543,0.000000,89.780365,78.160805,81.501225,-3.577976,0.575142,-3.878233,0.008237,0.011256,-1.249359,-46.226776,-0.204003,-0.044174,-0.182478,1.000000,0.999997,-0.075980,83460.992188,0.965496,1.000000,1.000000,1.000000,1.000000,1.000000,1.000000,1.000000,0.794274,1.000000,0.216933,0.000000
73.112065,4.000000,1746.509521,9.010194,702.029806,0.104261,0.000000,89.113800,77.502251,80.814521,-3.581243,0.586414,-3.885275,0.011264,0.015523,-1.259972,-46.286892,-0.210807,-0.046205,-0.181598,1.000000,0.999997,-0.052360,83460.992188,0.958682,1.000000,1.000000,1.000000,1.000000,1.000000,1.000000,1.000000,0.798122,1.000000,0.217738,0.000000
73.166089,4.000000,1748.744629,9.123976,702.030424,0.106824,0.000000,88.459320,76.862267,80.147199,-3.583084,0.596874,-3.885257,0.010634,0.014777,-1.270460,-46.345421,-0.218290,-0.043727,-0.181998,1.000000,0.999997,-0.027742,83460.992188,0.944600,1.000000,1.000000,1.000000,1.000000,1.000000,1.000000,1.000000,0.800000,1.000000,0.214507,0.000000
73.220198,4.000000,1750.966431,9.236325,702.030767,0.110181,0.000000,87.803360,76.235558,79.493692,-3.583225,0.603580,-3.876536,0.004209,0.005897,-1.280900,-46.403599,-0.228864,-0.040354,-0.182593,1.000000,0.999997,0.010998,83460.992188,0.944021,1.000000,1.000000,1.000000,1.000000,1.000000,1.000000,1.000000,0.800000,1.000000,0.206372,0.000000
73.275516,4.000000,1753.193604,9.348161,702.030824,0.110242,0.000000,87.134712,75.602356,78.833430,-3.581246,0.607656,-3.869525,-0.000052,-0.000073,-1.291625,-46.461922,-0.239461,-0.038224,-0.182970,1.000000,0.999997,0.045741,83460.992188,0.952173,1.000000,1.000000,1.000000,1.000000,1.000000,1.000000,1.000000,0.800000,1.000000,0.201029,0.000000
73.331147,4.000000,1755.439575,9.460075,702.030686,0.114942,0.000000,86.463318,74.955757,78.159205,-3.578825,0.611161,-3.861060,-0.003908,-0.005569,-1.302763,-46.520733,-0.241184,-0.038767,-0.183837,1.000000,0.999997,0.030048,83460.992188,0.944573,1.000000,1.000000,1.000000,1.000000,1.000000,1.000000,1.000000,0.800000,1.000000,0.195022,0.000000
73.385365,4.000000,1757.615845,9.567677,702.030239,0.117689,0.000000,85.810272,74.328552,77.505186,-3.577347,0.613635,-3.850141,-0.010487,-0.015069,-1.313752,-46.577721,-0.242447,-0.037040,-0.185403,1.000000,0.999997,0.013941,83460.992188,0.943866,1.000000,1.000000,1.000000,1.000000,1.000000,1.000000,1.000000,0.800000,1.000000,0.186799,0.000000
73.440076,4.000000,1759.780273,9.673842,702.029422,0.118055,0.000000,85.152527,73.700821,76.850626,-3.576787,0.615164,-3.839666,-0.017233,-0.024974,-1.324938,-46.634399,-0.243943,-0.037383,-0.186552,1.000000,0.999997,0.000608,83460.992188,0.942651,1.000000,1.000000,1.000000,1.000000,1.000000,1.000000,1.000000,0.800000,1.000000,0.178365,0.000000
73.490893,4.000000,1761.705078,9.767514,702.028366,0.115308,0.000000,84.542664,73.143311,76.269283,-3.576518,0.618121,-3.832702,-0.021945,-0.032046,-1.335033,-46.684803,-0.247309,-0.039337,-0.186824,1.000000,0.999997,-0.000332,83460.992188,0.948827,1.000000,1.000000,1.000000,1.000000,1.000000,1.000000,1.000000,0.800000,1.000000,0.172359,0.000000
73.546082,4.000000,1763.863159,9.871691,702.027093,0.105421,0.000000,83.882103,72.513321,75.612365,-3.576130,0.620868,-3.833248,-0.022348,-0.032918,-1.346628,-46.741314,-0.251924,-0.037459,-0.188195,1.000000,0.999997,0.003471,83460.992188,0.961651,1.000000,1.000000,1.000000,1.000000,1.000000,1.000000,1.000000,0.800000,1.000000,0.171488,0.000000
73.598763,4.000000,1765.939453,9.971045,702.026066,0.100355,0.000000,83.252747,71.901604,74.974504,-3.575840,0.623052,-3.841169,-0.017268,-0.025651,-1.358080,-46.795681,-0.254967,-0.038999,-0.189296,1.000000,0.999997,-0.000853,83460.992188,0.970571,1.000000,1.000000,1.000000,1.000000,1.000000,1.000000,1.000000,0.800000,1.000000,0.175581,0.000000
73.654712,4.000000,1768.085815,10.072825,702.025375,0.097364,0.000000,82.586494,71.275497,74.321642,-3.575522,0.626716,-3.850738,-0.010138,-0.015193,-1.370005,-46.851887,-0.259720,-0.040417,-0.193878,1.000000,0.999997,0.002943,83460.992188,0.965211,1.000000,1.000000,1.000000,1.000000,1.000000,1.000000,1.000000,0.800000,1.000000,0.180639,0.000000
73.706839,4.000000,1770.026611,10.164036,702.025007,0.093336,0.000000,81.967171,70.720985,73.743429,-3.574880,0.631196,-3.858599,-0.005137,-0.007758,-1.380743,-46.902710,-0.264717,-0.042958,-0.200079,1.000000,0.999997,0.009005,83460.992188,0.972838,1.000000,1.000000,1.000000,1.000000,1.000000,1.000000,1.000000,0.800000,1.000000,0.184827,0.000000
73.759890,4.000000,1772.052368,10.258400,702.025041,0.089307,0.000000,81.338783,70.142570,73.140293,-3.574341,0.639343,-3.871083,0.003621,0.005514,-1.392125,-46.955753,-0.267395,-0.048599,-0.205841,1.000000,0.999997,0.001997,83460.992188,0.969948,1.000000,1.000000,1.000000,1.000000,1.000000,1.000000,1.000000,0.800000,1.000000,0.191867,0.000000
73.815675,4.000000,1774.144165,10.354974,702.025470,0.096021,0.000000,80.680756,69.538078,72.509973,-3.574103,0.651051,-3.879922,0.009693,0.014889,-1.404222,-47.010532,-0.271101,-0.050301,-0.211352,1.000000,0.999997,0.000100,83460.992188,0.966931,1.000000,1.000000,1.000000,1.000000,1.000000,1.000000,1.000000,0.800000,1.000000,0.196105,0.000000
73.871237,4.000000,1776.205444,10.449286,702.026087,0.100721,0.000000,80.027916,68.934402,71.880499,-3.573825,0.662030,-3.880190,0.010957,0.016977,-1.416514,-47.064507,-0.274639,-0.049951,-0.214939,1.000000,0.999997,-0.002718,83460.992188,0.949549,1.000000,1.000000,1.000000,1.000000,1.000000,1.000000,1.000000,0.800000,1.000000,0.194752,0.000000
73.924511,4.000000,1778.163330,10.538082,702.026484,0.106946,0.000000,79.403732,68.347992,71.269013,-3.574575,0.671618,-3.871654,0.005386,0.008416,-1.428662,-47.115776,-0.273466,-0.049151,-0.215236,1.000000,0.999997,-0.028962,83460.992188,0.941010,1.000000,1.000000,1.000000,1.000000,1.000000,1.000000,1.000000,0.800000,1.000000,0.187158,0.000000
73.977920,4.000000,1780.101318,10.625232,702.026482,0.110181,0.000000,78.781212,67.764786,70.660887,-3.575889,0.678655,-3.860198,-0.002638,-0.004158,-1.440953,-47.166523,-0.277382,-0.045113,-0.214522,1.000000,0.999997,-0.026013,83460.992188,0.938505,1.000000,1.000000,1.000000,1.000000,1.000000,1.000000,1.000000,0.800000,1.000000,0.177470,0.000000
74.030921,4.000000,1782.021973,10.710848,702.026083,0.111829,0.000000,78.165787,67.181694,70.052872,-3.576593,0.682299,-3.851510,-0.009207,-0.014637,-1.453454,-47.216820,-0.284316,-0.043174,-0.213676,1.000000,0.999997,-0.007204,83460.992188,0.948229,1.000000,1.000000,1.000000,1.000000,1.000000,1.000000,1.000000,0.800000,1.000000,0.170072,0.000000
74.083887,4.000000,1783.920410,10.794712,702.025540,0.111097,0.000000,77.553017,66.598694,69.444961,-3.575775,0.685813,-3.850705,-0.009840,-0.015780,-1.466172,-47.266529,-0.293874,-0.044084,-0.212229,1.000000,0.999997,0.023530,83460.992188,0.959730,1.000000,1.000000,1.000000,1.000000,1.000000,1.000000,1.000000,0.800000,1.000000,0.168635,0.000000
74.137851,4.000000,1785.824219,10.878049,702.025072,0.110425,0.000000,76.930840,66.005363,68.826261,-3.574206,0.690010,-3.851994,-0.007944,-0.012855,-1.479346,-47.316383,-0.297764,-0.044525,-0.210689,1.000000,0.999997,0.021093,83460.992188,0.956975,1.000000,1.000000,1.000000,1.000000,1.000000,1.000000,1.000000,0.800000,1.000000,0.168902,0.000000
74.190493,4.000000,1787.677856,10.958463,702.024692,0.108900,0.000000,76.326035,65.418945,68.214791,-3.573228,0.692773,-3.855008,-0.006001,-0.009798,-1.492600,-47.364922,-0.300306,-0.042396,-0.209654,1.000000,0.999997,0.012694,83460.992188,0.967040,1.000000,1.000000,1.000000,1.000000,1.000000,1.000000,1.000000,0.800000,1.000000,0.169870,0.000000
74.243435,4.000000,1789.531128,11.038112,702.024562,0.108167,0.000000,75.719635,64.833511,67.604343,-3.571963,0.693609,-3.863202,-0.000170,-0.000279,-1.496553,-47.413452,-0.306531,-0.040008,-0.209000,1.000000,0.999997,0.024082,83460.992188,0.964463,1.000000,1.000000,1.000000,1.000000,1.000000,1.000000,1.000000,0.800000,1.000000,0.174118,0.000000
74.297511,4.000000,1791.377686,11.116723,702.024600,0.107191,0.000000,75.101974,64.245239,66.990923,-3.570690,0.691555,-3.861771,0.000496,0.000825,-1.496553,-47.461807,-0.308899,-0.035839,-0.208353,1.000000,0.999997,0.013578,83460.992188,0.953836,1.000000,1.000000,1.000000,1.000000,1.000000,1.000000,1.000000,0.800000,1.000000,0.172470,0.000000
74.352593,4.000000,1793.268311,11.196409,702.024585,0.102308,0.000000,74.474579,63.653069,66.373446,-3.569651,0.685833,-3.859853,-0.000274,-0.000459,-1.496553,-47.511314,-0.313524,-0.032111,-0.210571,1.000000,0.999997,0.015555,83460.992188,0.958203,1.000000,1.000000,1.000000,1.000000,1.000000,1.000000,1.000000,0.800000,1.000000,0.170425,0.000000
74.407648,4.000000,1795.140015,11.274467,702.024542,0.098279,0.000000,73.849487,63.071384,65.766899,-3.568285,0.676950,-3.857484,-0.000781,-0.001322,-1.496553,-47.560326,-0.320591,-0.028793,-0.213306,1.000000,0.999997,0.030482,83460.992188,0.958133,1.000000,1.000000,1.000000,1.000000,1.000000,1.000000,1.000000,0.800000,1.000000,0.168358,0.000000
74.463683,4.000000,1796.987183,11.350671,702.024485,0.105237,0.000000,73.215355,62.510063,65.181597,-3.565027,0.667543,-3.853998,-0.000966,-0.001650,-1.496553,-47.608696,-0.334505,-0.029991,-0.218102,1.000000,0.999997,0.079613,83460.992188,0.960485,1.000000,1.000000,1.000000,1.000000,1.000000,1.000000,1.000000,0.800000,1.000000,0.166789,0.000000
74.519589,4.000000,1798.864990,11.427301,702.024352,0.106641,0.000000,72.585220,61.956913,64.604800,-3.558822,0.661436,-3.841545,-0.003750,-0.006465,-1.496553,-47.657867,-0.349645,-0.034084,-0.226015,1.000000,0.999997,0.130292,83460.992188,0.950565,1.000000,1.000000,1.000000,1.000000,1.000000,1.000000,1.000000,0.800000,1.000000,0.161791,0.000000
74.575082,4.000000,1800.704712,11.501588,702.023919,0.107618,0.000000,71.962791,61.442497,64.068393,-3.550437,0.659159,-3.825163,-0.008994,-0.015635,-1.496553,-47.706043,-0.361592,-0.038759,-0.236734,1.000000,0.999997,0.159392,83460.992188,0.961981,1.000000,1.000000,1.000000,1.000000,1.000000,1.000000,1.000000,0.800000,1.000000,0.155934,0.000000
74.632131,4.000000,1802.556274,11.575605,702.023414,0.098646,0.000000,71.326584,60.934937,63.539135,-3.540788,0.661368,-3.817794,-0.008044,-0.014099,-1.496553,-47.754528,-0.371166,-0.042599,-0.252289,1.000000,0.999997,0.172168,83460.992188,0.969280,1.000000,1.000000,1.000000,1.000000,1.000000,1.000000,1.000000,0.800000,1.000000,0.156016,0.000000
74.686399,4.000000,1804.340698,11.646256,702.023075,0.098402,0.000000,70.725922,60.454693,63.038373,-3.531616,0.664511,-3.814483,-0.004863,-0.008592,-1.496553,-47.801254,-0.376133,-0.042882,-0.269663,1.000000,0.999997,0.161049,83460.992188,0.973530,1.000000,1.000000,1.000000,1.000000,1.000000,1.000000,1.000000,0.800000,1.000000,0.158210,0.000000
74.737246,4.000000,1805.957275,11.709704,702.022926,0.102308,0.000000,70.167130,60.009319,62.573961,-3.524236,0.666704,-3.811876,-0.001978,-0.003520,-1.496553,-47.843586,-0.376527,-0.042171,-0.286544,1.000000,0.999997,0.128851,83460.992188,0.970397,1.000000,1.000000,1.000000,1.000000,1.000000,1.000000,1.000000,0.800000,1.000000,0.159811,0.000000
74.792395,4.000000,1807.734375,11.778856,702.022997,0.096143,0.000000,69.566269,59.501961,62.044928,-3.517990,0.667902,-3.815809,0.003489,0.006263,-1.496553,-47.890121,-0.376446,-0.040803,-0.301132,1.000000,0.999997,0.093925,83460.992188,0.973839,1.000000,1.000000,1.000000,1.000000,1.000000,1.000000,1.000000,0.800000,1.000000,0.164273,0.000000
74.848489,4.000000,1809.499878,11.846967,702.023419,0.093763,0.000000,68.960403,58.968849,61.489027,-3.514019,0.667218,-3.823354,0.009882,0.017899,-1.496553,-47.936352,-0.374054,-0.038810,-0.310333,1.000000,0.999997,0.049555,83460.992188,0.972194,1.000000,1.000000,1.000000,1.000000,1.000000,1.000000,1.000000,0.800000,1.000000,0.169294,0.000000
74.902767,4.000000,1811.212280,11.912488,702.024103,0.097974,0.000000,68.379051,58.410156,60.906458,-3.513258,0.663137,-3.828310,0.013544,0.024767,-1.496553,-47.981194,-0.365691,-0.032801,-0.311613,1.000000,0.999997,-0.021637,83460.992188,0.961630,1.000000,1.000000,1.000000,1.000000,1.000000,1.000000,1.000000,0.800000,1.000000,0.170963,0.000000
74.957986,4.000000,1812.932251,11.977774,702.024924,0.099683,0.000000,67.791618,57.808853,60.279452,-3.516829,0.654037,-3.835516,0.015668,0.028948,-1.496553,-48.026234,-0.355363,-0.028786,-0.306643,1.000000,0.999997,-0.096529,83460.992188,0.958149,1.000000,1.000000,1.000000,1.000000,1.000000,1.000000,1.000000,0.800000,1.000000,0.171326,0.000000
75.008190,4.000000,1814.462524,12.035433,702.025739,0.097974,0.000000,67.260208,57.278679,59.726625,-3.522979,0.645476,-3.840917,0.016278,0.030355,-1.496553,-48.066303,-0.016284,-0.029505,-0.300710,1.000000,0.999997,-0.139192,83460.992188,0.945626,1.000000,1.000000,1.000000,1.000000,1.000000,1.000000,0.000000,0.800000,1.000000,0.169474,0.000000
75.063001,4.000000,1816.149536,12.098572,702.026407,0.091138,0.000000,66.682777,56.712234,59.135980,-3.531091,0.637625,-3.840362,0.010838,0.020413,-1.496553,-48.110481,-0.015419,-0.030299,-0.293555,1.000000,0.999997,-0.153097,83460.992188,0.956360,1.000000,1.000000,1.000000,1.000000,1.000000,1.000000,0.000000,0.800000,1.000000,0.163321,0.000000
75.116687,4.000000,1817.758179,12.158399,702.026993,0.084974,0.000000,66.119492,56.157593,58.557637,-3.539979,0.630595,-3.852340,0.011759,0.022366,-1.496553,-48.152603,-0.012057,-0.029565,-0.286616,1.000000,0.999997,-0.178756,83460.992188,0.964521,1.000000,1.000000,1.000000,1.000000,1.000000,1.000000,0.000000,0.800000,1.000000,0.163406,0.000000
75.171196,4.000000,1819.389893,12.218734,702.027743,0.088758,0.000000,65.549385,55.587383,57.963054,-3.550177,0.621876,-3.869505,0.015105,0.029024,-1.496553,-48.195332,-0.010191,-0.026236,-0.281553,1.000000,0.999997,-0.193901,83460.992188,0.968570,1.000000,1.000000,1.000000,1.000000,1.000000,1.000000,0.000000,0.800000,1.000000,0.165432,0.000000
75.225021,4.000000,1820.984009,12.277344,702.028679,0.091138,0.000000,64.987946,55.021999,57.373507,-3.560895,0.611758,-3.886349,0.018413,0.035743,-1.496553,-48.237076,-0.008857,-0.025058,-0.275835,1.000000,0.999997,-0.204573,83460.992188,0.963705,1.000000,1.000000,1.000000,1.000000,1.000000,1.000000,0.000000,0.800000,1.000000,0.166954,0.000000
75.277861,4.000000,1822.519287,12.333492,702.029699,0.091810,0.000000,64.437981,54.475178,56.803317,-3.571681,0.601808,-3.898808,0.019528,0.038289,-1.496553,-48.277279,-0.009960,-0.024486,-0.270333,1.000000,0.999997,-0.200894,83460.992188,0.956304,1.000000,1.000000,1.000000,1.000000,1.000000,1.000000,0.000000,0.800000,1.000000,0.166170,0.000000
75.330285,4.000000,1824.046387,12.389064,702.030624,0.094556,0.000000,63.893276,53.932369,56.237313,-3.581700,0.592043,-3.902382,0.016397,0.032473,-1.496553,-48.317268,-0.013612,-0.023368,-0.265423,1.000000,0.999997,-0.183936,83460.992188,0.953540,1.000000,1.000000,1.000000,1.000000,1.000000,1.000000,0.000000,0.800000,1.000000,0.161298,0.000000
75.384101,4.000000,1825.594360,12.445118,702.031386,0.095472,0.000000,63.334831,53.376831,55.658039,-3.591065,0.580693,-3.905792,0.013140,0.026294,-1.496553,-48.357803,-0.017987,-0.020606,-0.261446,1.000000,0.999997,-0.164367,83460.992188,0.955415,1.000000,1.000000,1.000000,1.000000,1.000000,1.000000,0.000000,0.800000,1.000000,0.156683,0.000000
75.438488,4.000000,1827.138428,12.500739,702.032036,0.094434,0.000000,62.771175,52.814667,55.071854,-3.599134,0.566668,-3.911229,0.011585,0.023429,-1.496553,-48.398235,-0.023504,-0.016204,-0.258223,1.000000,0.999997,-0.140680,83460.992188,0.956094,1.000000,1.000000,1.000000,1.000000,1.000000,1.000000,0.000000,0.800000,1.000000,0.153749,0.000000
75.492003,4.000000,1828.652954,12.554988,702.032615,0.092725,0.000000,62.217228,52.255314,54.488595,-3.606237,0.549854,-3.917104,0.010698,0.021867,-1.496553,-48.437893,-0.027320,-0.012676,-0.254961,1.000000,0.999997,-0.127370,83460.992188,0.958716,1.000000,1.000000,1.000000,1.000000,1.000000,1.000000,0.000000,0.800000,1.000000,0.151547,0.000000
75.546090,4.000000,1830.156250,12.608508,702.033198,0.095533,0.000000,61.657837,51.695095,53.904442,-3.612349,0.532687,-3.923696,0.010948,0.022620,-1.496553,-48.477261,-0.032541,-0.013446,-0.250982,1.000000,0.999997,-0.107908,83460.992188,0.955060,1.000000,1.000000,1.000000,1.000000,1.000000,1.000000,0.000000,0.800000,1.000000,0.150166,0.000000
75.597208,4.000000,1831.573364,12.658674,702.033695,0.099683,0.000000,61.129745,51.162399,53.348975,-3.617348,0.519804,-3.924736,0.009018,0.018826,-1.496553,-48.514366,-0.036610,-0.017141,-0.246634,1.000000,0.999997,-0.095335,83460.992188,0.954538,1.000000,1.000000,1.000000,1.000000,1.000000,1.000000,0.000000,0.800000,1.000000,0.146740,0.000000
75.652958,4.000000,1833.071411,12.711428,702.034083,0.107008,0.000000,60.553795,50.591145,52.753306,-3.622404,0.508839,-3.923089,0.005851,0.012352,-1.496553,-48.553596,-0.039674,-0.018895,-0.242834,1.000000,0.999997,-0.089316,83460.992188,0.953041,1.000000,1.000000,1.000000,1.000000,1.000000,1.000000,0.000000,0.800000,1.000000,0.141900,0.000000
75.707005,4.000000,1834.536255,12.762755,702.034251,0.107740,0.000000,59.995869,50.029140,52.167288,-3.626686,0.500715,-3.916687,0.001268,0.002708,-1.496553,-48.591953,-0.044956,-0.021343,-0.239398,1.000000,0.999997,-0.071018,83460.992188,0.945489,1.000000,1.000000,1.000000,1.000000,1.000000,1.000000,0.000000,0.800000,1.000000,0.135328,0.000000
75.761301,4.000000,1835.977295,12.813004,702.034031,0.112195,0.000000,59.435669,49.479500,51.594150,-3.629970,0.494683,-3.902214,-0.006815,-0.014711,-1.496553,-48.629688,-0.050554,-0.022770,-0.236624,1.000000,0.999997,-0.051623,83460.992188,0.942235,1.000000,1.000000,1.000000,1.000000,1.000000,1.000000,0.000000,0.800000,1.000000,0.125599,0.000000
75.814800,4.000000,1837.385498,12.861881,702.033331,0.115980,0.000000,58.884102,48.941574,51.033229,-3.631667,0.490645,-3.882996,-0.016384,-0.035756,-1.496553,-48.666565,-0.059422,-0.024559,-0.234269,1.000000,0.999997,-0.015230,83460.992188,0.945083,1.000000,1.000000,1.000000,1.000000,1.000000,1.000000,0.000000,0.800000,1.000000,0.114645,0.000000
75.869150,4.000000,1838.791138,12.910440,702.032201,0.116651,0.000000,58.324203,48.397591,50.465990,-3.631351,0.487502,-3.869864,-0.022452,-0.049549,-1.496553,-48.703373,-0.068540,-0.024746,-0.232934,1.000000,0.999997,0.019942,83460.992188,0.950840,1.000000,1.000000,1.000000,1.000000,1.000000,1.000000,0.000000,0.800000,1.000000,0.107540,0.000000
75.922422,4.000000,1840.175049,12.958008,702.030797,0.117322,0.000000,57.776039,47.858601,49.903950,-3.629318,0.485340,-3.854915,-0.028295,-0.063148,-1.496553,-48.739609,-0.076942,-0.026609,-0.231012,1.000000,0.999997,0.049057,83460.992188,0.954577,1.000000,1.000000,1.000000,1.000000,1.000000,1.000000,0.000000,0.800000,1.000000,0.100547,0.000000
75.976385,4.000000,1841.541260,13.004732,702.029257,0.116895,0.000000,57.221355,47.312447,49.334449,-3.625992,0.485078,-3.852990,-0.028051,-0.063325,-1.496553,-48.775387,-0.083252,-0.028506,-0.229338,1.000000,0.999997,0.064277,83460.992188,0.965598,1.000000,1.000000,1.000000,1.000000,1.000000,1.000000,0.000000,0.800000,1.000000,0.099990,0.000000
76.029444,4.000000,1842.873047,13.050042,702.027902,0.115125,0.000000,56.676613,46.772083,48.770996,-3.622400,0.486282,-3.859966,-0.023644,-0.053994,-1.496553,-48.810261,-0.086965,-0.030227,-0.228161,1.000000,0.999997,0.064073,83460.992188,0.971429,1.000000,1.000000,1.000000,1.000000,1.000000,1.000000,0.000000,0.800000,1.000000,0.103437,0.000000
76.082006,4.000000,1844.184082,13.094411,702.026880,0.115369,0.000000,56.137508,46.231037,48.206834,-3.618968,0.489326,-3.871207,-0.017187,-0.039709,-1.496553,-48.844589,-0.090467,-0.032512,-0.227616,1.000000,0.999997,0.061900,83460.992188,0.974321,1.000000,1.000000,1.000000,1.000000,1.000000,1.000000,0.000000,0.800000,1.000000,0.108560,0.000000
76.135023,4.000000,1845.493652,13.138499,702.026228,0.112623,0.000000,55.594128,45.683456,47.635862,-3.615896,0.493479,-3.884392,-0.009767,-0.022835,-1.496553,-48.878883,-0.092531,-0.032915,-0.228035,1.000000,0.999997,0.050872,83460.992188,0.968419,1.000000,1.000000,1.000000,1.000000,1.000000,1.000000,0.000000,0.800000,1.000000,0.114197,0.000000
76.188381,4.000000,1846.784546,13.181711,702.025827,0.111158,0.000000,55.046833,45.146397,47.075849,-3.613362,0.497122,-3.888454,-0.006633,-0.015692,-1.496553,-48.912685,-0.094672,-0.032228,-0.228269,1.000000,0.999997,0.040164,83460.992188,0.963831,1.000000,1.000000,1.000000,1.000000,1.000000,1.000000,0.000000,0.800000,1.000000,0.115606,0.000000
76.242565,4.000000,1848.083252,13.224911,702.025557,0.111951,0.000000,54.492207,44.598064,46.504079,-3.611380,0.498786,-3.892078,-0.004143,-0.009923,-1.496553,-48.946693,-0.096479,-0.028658,-0.228573,1.000000,0.999997,0.027773,83460.992188,0.962977,1.000000,1.000000,1.000000,1.000000,1.000000,1.000000,0.000000,0.800000,1.000000,0.116525,0.000000
76.296279,4.000000,1849.349121,13.266715,702.025320,0.108839,0.000000,53.942818,44.062691,45.945827,-3.609949,0.496846,-3.887376,-0.004874,-0.011815,-1.496553,-48.979843,-0.099500,-0.024851,-0.229310,1.000000,0.999997,0.023095,83460.992188,0.954222,1.000000,1.000000,1.000000,1.000000,1.000000,1.000000,0.000000,0.800000,1.000000,0.113769,0.000000
76.351799,4.000000,1850.656250,13.309508,702.024970,0.108533,0.000000,53.375347,43.507511,45.366913,-3.608497,0.492099,-3.883432,-0.006411,-0.015739,-1.496553,-49.014069,-0.102826,-0.022588,-0.228950,1.000000,0.999997,0.019790,83460.992188,0.963318,1.000000,1.000000,1.000000,1.000000,1.000000,1.000000,0.000000,0.800000,1.000000,0.111332,0.000000
76.407706,4.000000,1851.957031,13.351686,702.024675,0.110731,0.000000,52.804497,42.944420,44.779757,-3.607566,0.485677,-3.887298,-0.004459,-0.011090,-1.496553,-49.048134,-0.104640,-0.020153,-0.228868,1.000000,0.999997,0.008728,83460.992188,0.963715,1.000000,1.000000,1.000000,1.000000,1.000000,1.000000,0.000000,0.800000,1.000000,0.111839,0.000000
76.461865,4.000000,1853.190674,13.391285,702.024417,0.110914,0.000000,52.252247,42.408459,44.220898,-3.607383,0.478162,-3.883249,-0.005394,-0.013586,-1.496553,-49.080437,-0.105487,-0.019410,-0.228073,1.000000,0.999997,-0.005911,83460.992188,0.954641,1.000000,1.000000,1.000000,1.000000,1.000000,1.000000,0.000000,0.800000,1.000000,0.108920,0.000000
76.515618,4.000000,1854.395996,13.429584,702.024041,0.111890,0.000000,51.704792,41.879532,43.669357,-3.608191,0.471304,-3.878656,-0.007544,-0.019239,-1.496553,-49.112000,-0.105026,-0.019991,-0.226658,1.000000,0.999997,-0.025480,83460.992188,0.956272,1.000000,1.000000,1.000000,1.000000,1.000000,1.000000,0.000000,0.800000,1.000000,0.105453,0.000000
76.568607,4.000000,1855.579224,13.466813,702.023556,0.112318,0.000000,51.165886,41.357590,43.125105,-3.609807,0.466284,-3.875533,-0.009648,-0.024916,-1.496553,-49.142982,-0.105676,-0.022383,-0.224227,1.000000,0.999997,-0.036770,83460.992188,0.962926,1.000000,1.000000,1.000000,1.000000,1.000000,1.000000,0.000000,0.800000,1.000000,0.102317,0.000000
76.621808,4.000000,1856.750000,13.503308,702.023079,0.111829,0.000000,50.625629,40.847912,42.593648,-3.611076,0.463175,-3.879842,-0.008471,-0.022150,-1.496553,-49.173641,-0.112906,-0.023361,-0.219522,1.000000,0.999997,-0.012180,83460.992188,0.964255,1.000000,1.000000,1.000000,1.000000,1.000000,1.000000,0.000000,0.800000,1.000000,0.102219,0.000000
76.674923,4.000000,1857.898071,13.538779,702.022669,0.109144,0.000000,50.087288,40.366409,42.091566,-3.609999,0.461222,-3.886413,-0.007561,-0.020007,-1.496553,-49.203705,-0.130106,-0.025724,-0.210898,1.000000,0.999997,0.063408,83460.992188,1.030388,1.000000,1.000000,1.000000,1.000000,1.000000,1.000000,0.000000,0.800000,1.000000,0.103895,0.000000
76.727980,4.000000,1859.048706,13.574021,702.022842,0.108778,0.000000,49.550972,39.902588,41.607922,-3.598814,0.462846,-3.906259,0.006064,0.016231,-1.496553,-49.233833,-0.180556,-0.029506,-0.198263,1.000000,0.999997,0.304018,83460.992188,0.967600,1.000000,1.000000,1.000000,1.000000,1.000000,1.000000,0.000000,0.800000,1.000000,0.114270,0.000000
76.781327,4.000000,1860.175293,13.608267,702.023106,0.107557,0.000000,49.013702,39.466740,41.153442,-3.578786,0.466281,-3.878871,0.003827,0.010356,-1.496553,-49.263336,-0.211133,-0.030599,-0.183918,1.000000,0.999997,0.418072,83460.992188,0.960323,1.000000,1.000000,1.000000,1.000000,1.000000,1.000000,0.000000,0.800000,1.000000,0.110265,0.000000
76.835775,4.000000,1861.315308,13.642668,702.023194,0.106824,0.000000,48.468029,39.034435,40.702670,-3.553736,0.470941,-3.845442,0.000633,0.001731,-1.496553,-49.293186,-0.234854,-0.031478,-0.166857,1.000000,0.999997,0.484799,83460.992188,0.961994,1.000000,1.000000,1.000000,1.000000,1.000000,1.000000,0.000000,0.800000,1.000000,0.105948,0.000000
76.890778,4.000000,1862.455566,13.676808,702.023057,0.105482,0.000000,47.920399,38.610149,40.260247,-3.525739,0.475704,-3.803285,-0.004338,-0.012001,-1.496553,-49.323048,-0.252645,-0.030920,-0.148150,1.000000,0.999997,0.513429,83460.992188,0.959283,1.000000,1.000000,1.000000,1.000000,1.000000,1.000000,0.000000,0.800000,1.000000,0.099617,0.000000
76.944068,4.000000,1863.560791,13.709603,702.022640,0.102735,0.000000,47.394051,38.203743,39.836470,-3.498041,0.479431,-3.762505,-0.009416,-0.026325,-1.496553,-49.351986,-0.264138,-0.029844,-0.127956,1.000000,0.999997,0.508635,83460.992188,0.965423,1.000000,1.000000,1.000000,1.000000,1.000000,1.000000,0.000000,0.800000,1.000000,0.093843,0.000000
76.996725,4.000000,1864.616699,13.740550,702.022089,0.101636,0.000000,46.878490,37.821850,39.438256,-3.471150,0.482108,-3.732838,-0.010669,-0.030128,-1.496553,-49.379639,-0.273819,-0.027922,-0.104020,1.000000,0.999997,0.495273,83460.992188,0.970658,1.000000,1.000000,1.000000,1.000000,1.000000,1.000000,0.000000,0.800000,1.000000,0.091856,0.000000
77.051145,4.000000,1865.717529,13.772297,702.021553,0.100416,0.000000,46.350811,37.427124,39.026658,-3.444375,0.483283,-3.712247,-0.008924,-0.025469,-1.496553,-49.408463,-0.283154,-0.026151,-0.078996,1.000000,0.999997,0.478648,83460.992188,0.977820,1.000000,1.000000,1.000000,1.000000,1.000000,1.000000,0.000000,0.800000,1.000000,0.093004,0.000000
77.105447,4.000000,1866.799438,13.802937,702.021152,0.100782,0.000000,45.830006,37.039246,38.622204,-3.418374,0.483142,-3.692162,-0.006651,-0.019180,-1.496553,-49.436794,-0.292302,-0.024252,-0.054255,1.000000,0.999997,0.461098,83460.992188,0.974189,1.000000,1.000000,1.000000,1.000000,1.000000,1.000000,0.000000,0.800000,1.000000,0.094013,0.000000
77.159337,4.000000,1867.868164,13.832616,702.020863,0.101453,0.000000,45.319199,36.652718,38.219156,-3.393607,0.481097,-3.675262,-0.004249,-0.012381,-1.496553,-49.464779,-0.301440,-0.020819,-0.030865,1.000000,0.999997,0.444710,83460.992188,0.977986,1.000000,1.000000,1.000000,1.000000,1.000000,1.000000,0.000000,0.800000,1.000000,0.095654,0.000000
77.213835,4.000000,1868.919434,13.861199,702.020702,0.102064,0.000000,44.808876,36.276371,37.826726,-3.368765,0.475834,-3.655499,-0.002350,-0.006918,-1.496553,-49.492310,-0.314098,-0.016689,-0.009954,1.000000,0.999997,0.446237,83460.992188,0.974315,1.000000,1.000000,1.000000,1.000000,1.000000,1.000000,0.000000,0.800000,1.000000,0.096303,0.000000
77.268888,4.000000,1869.981567,13.889407,702.020565,0.102735,0.000000,44.299950,35.901485,37.435828,-3.343442,0.468130,-3.629740,-0.002531,-0.007530,-1.496553,-49.520123,-0.328257,-0.014532,0.007574,1.000000,0.999997,0.454196,83460.992188,0.974058,1.000000,1.000000,1.000000,1.000000,1.000000,1.000000,0.000000,0.800000,1.000000,0.095084,0.000000
77.319636,4.000000,1870.949097,13.914460,702.020397,0.103895,0.000000,43.836708,35.564678,37.084619,-3.319697,0.460943,-3.600765,-0.003930,-0.011804,-1.496553,-49.545456,-0.340672,-0.014929,0.020531,1.000000,0.999997,0.456824,83460.992188,0.968221,1.000000,1.000000,1.000000,1.000000,1.000000,1.000000,0.000000,0.800000,1.000000,0.092381,0.000000
77.375175,4.000000,1872.008911,13.941166,702.020034,0.105482,0.000000,43.336765,35.202785,36.707249,-3.293818,0.454810,-3.563708,-0.007755,-0.023529,-1.496553,-49.573208,-0.353143,-0.017121,0.031329,1.000000,0.999997,0.453691,83460.992188,0.969899,1.000000,1.000000,1.000000,1.000000,1.000000,1.000000,0.000000,0.800000,1.000000,0.087695,0.000000
77.428567,4.000000,1873.014404,13.965739,702.019513,0.109083,0.000000,42.863220,34.873951,36.364364,-3.268986,0.451743,-3.530198,-0.010721,-0.032836,-1.496553,-49.599541,-0.365746,-0.020621,0.038486,1.000000,0.999997,0.454150,83460.992188,0.972070,1.000000,1.000000,1.000000,1.000000,1.000000,1.000000,0.000000,0.800000,1.000000,0.083977,0.000000
77.482670,4.000000,1874.014282,13.989392,702.018834,0.113782,0.000000,42.390522,34.562935,36.040047,-3.243570,0.451914,-3.497094,-0.013363,-0.041297,-1.496553,-49.625721,-0.380345,-0.023762,0.042679,1.000000,0.999997,0.464163,83460.992188,0.974993,1.000000,1.000000,1.000000,1.000000,1.000000,1.000000,0.000000,0.800000,1.000000,0.080664,0.000000
77.537154,4.000000,1875.012085,14.012169,702.018034,0.117139,0.000000,41.922138,34.265621,35.730029,-3.217080,0.453991,-3.464748,-0.015316,-0.047743,-1.496553,-49.651852,-0.396926,-0.025072,0.044299,1.000000,0.999997,0.482774,83460.992188,0.976823,1.000000,1.000000,1.000000,1.000000,1.000000,1.000000,0.000000,0.800000,1.000000,0.078017,0.000000
77.590032,4.000000,1875.995239,14.033717,702.017174,0.112806,0.000000,41.475330,33.983868,35.436229,-3.190707,0.456291,-3.435127,-0.016541,-0.051986,-1.496553,-49.677597,-0.411425,-0.025355,0.044416,1.000000,0.999997,0.490367,83460.992188,0.980200,1.000000,1.000000,1.000000,1.000000,1.000000,1.000000,0.000000,0.800000,1.000000,0.076300,0.000000
77.643377,4.000000,1876.951416,14.053705,702.016543,0.107557,0.000000,41.032574,33.722130,35.163320,-3.164246,0.454754,-3.459255,-0.003965,-0.012558,-1.496553,-49.702633,-0.420966,-0.011471,0.043014,1.000000,0.999997,0.468585,83460.992188,1.031056,1.000000,1.000000,1.000000,1.000000,1.000000,1.000000,0.000000,0.800000,1.000000,0.091652,0.000000
77.695914,4.000000,1877.901001,14.072283,702.017040,0.102003,0.000000,40.604717,33.467037,34.897312,-3.140893,0.437910,-3.490543,0.014911,0.047588,-1.496553,-49.727501,-0.422099,0.002631,0.041320,1.000000,0.999997,0.401985,83460.992188,1.005882,1.000000,1.000000,1.000000,1.000000,1.000000,1.000000,0.000000,0.800000,1.000000,0.108152,0.000000
77.751228,4.000000,1878.870361,14.089727,702.018261,0.095777,0.000000,40.163048,33.205437,34.624511,-3.120163,0.411937,-3.503075,0.025389,0.081667,-1.496553,-49.752884,-0.422767,0.010047,0.038183,1.000000,0.999997,0.334938,83460.992188,0.998391,1.000000,1.000000,1.000000,1.000000,1.000000,1.000000,0.000000,0.800000,1.000000,0.117739,0.000000
77.807186,4.000000,1879.879272,14.106206,702.019968,0.090589,0.000000,39.725666,32.918594,34.325379,-3.102728,0.381212,-3.509947,0.032973,0.106985,-1.496553,-49.779301,-0.423730,0.015972,0.033106,1.000000,0.999997,0.274247,83460.992188,0.995309,1.000000,1.000000,1.000000,1.000000,1.000000,1.000000,0.000000,0.800000,1.000000,0.124350,0.000000
77.858821,4.000000,1880.749268,14.119029,702.021959,0.083814,0.000000,39.330177,32.658329,34.053969,-3.089661,0.351091,-3.535933,0.040990,0.134058,-1.496553,-49.802082,-0.423381,0.015271,0.026924,1.000000,0.999997,0.216189,83460.992188,1.068693,1.000000,1.000000,1.000000,1.000000,1.000000,1.000000,0.000000,0.800000,1.000000,0.135364,0.000000
77.911117,4.000000,1881.650146,14.130923,702.025373,0.079725,0.000000,38.936958,32.359016,33.741645,-3.081015,0.334949,-3.641113,0.074788,0.246857,-1.496553,-49.825676,-0.412121,-0.005937,0.020027,1.000000,0.999997,0.104585,83460.992188,1.029601,1.000000,1.000000,1.000000,1.000000,1.000000,1.000000,0.000000,0.800000,1.000000,0.168588,0.000000
77.965695,4.000000,1882.626587,14.142463,702.030355,0.083387,0.000000,38.534508,31.991961,33.358688,-3.078771,0.329884,-3.710890,0.097842,0.326661,-1.496553,-49.851242,-0.396160,-0.013482,0.009958,1.000000,0.999997,-0.023629,83460.992188,1.008047,1.000000,1.000000,1.000000,1.000000,1.000000,1.000000,0.000000,0.800000,1.000000,0.188287,0.000000
78.016848,4.000000,1883.506104,14.151814,702.035847,0.087293,0.000000,38.163559,31.628674,32.979706,-3.082436,0.329430,-3.763054,0.111758,0.377407,-1.496553,-49.874275,-0.383578,-0.018116,-0.002941,1.000000,0.999997,-0.120567,83460.992188,0.995789,1.000000,1.000000,1.000000,1.000000,1.000000,1.000000,0.000000,0.800000,1.000000,0.200497,0.000000
78.068474,4.000000,1884.370850,14.160106,702.041949,0.090894,0.000000,37.794365,31.238567,32.572802,-3.090332,0.333222,-3.806312,0.121179,0.414331,-1.496553,-49.896919,-0.374790,-0.023821,-0.020081,1.000000,0.999997,-0.189285,83460.992188,0.983528,1.000000,1.000000,1.000000,1.000000,1.000000,1.000000,0.000000,0.800000,1.000000,0.208315,0.000000
78.121065,4.000000,1885.235718,14.167513,702.048462,0.093885,0.000000,37.421997,30.803965,32.119575,-3.101657,0.340840,-3.834818,0.124838,0.432866,-1.496553,-49.919567,-0.367740,-0.028076,-0.041202,1.000000,0.999997,-0.242763,83460.992188,0.973145,1.000000,1.000000,1.000000,1.000000,1.000000,1.000000,0.000000,0.800000,1.000000,0.210311,0.000000
78.173674,4.000000,1886.103882,14.174014,702.055055,0.094312,0.000000,37.051891,30.349392,31.645567,-3.114706,0.351105,-3.855320,0.125302,0.440982,-1.496553,-49.942299,-0.367293,-0.031782,-0.057970,1.000000,0.999997,-0.256306,83460.992188,0.970876,1.000000,1.000000,1.000000,1.000000,1.000000,1.000000,0.000000,0.800000,1.000000,0.209370,0.000000
78.225085,4.000000,1886.937256,14.179310,702.061464,0.097303,0.000000,36.690792,29.911011,31.188451,-3.127482,0.362942,-3.868999,0.124043,0.442949,-1.496553,-49.964123,-0.371077,-0.033900,-0.068568,1.000000,0.999997,-0.245728,83460.992188,0.964262,1.000000,1.000000,1.000000,1.000000,1.000000,1.000000,0.000000,0.800000,1.000000,0.206643,0.000000
78.275698,4.000000,1887.739990,14.183521,702.067651,0.095594,0.000000,36.336155,29.480875,30.739972,-3.139333,0.375005,-3.878337,0.121484,0.440140,-1.496553,-49.985142,-0.376228,-0.034749,-0.076512,1.000000,0.999997,-0.228366,83460.992188,0.964437,1.000000,1.000000,1.000000,1.000000,1.000000,1.000000,0.000000,0.800000,1.000000,0.203005,0.000000
78.326702,4.000000,1888.535522,14.186808,702.073745,0.093946,0.000000,35.978188,29.050652,30.291396,-3.150153,0.386712,-3.884248,0.118440,0.435467,-1.496553,-50.005974,-0.383398,-0.034272,-0.082375,1.000000,0.999997,-0.201543,83460.992188,0.963665,1.000000,1.000000,1.000000,1.000000,1.000000,1.000000,0.000000,0.800000,1.000000,0.198749,0.000000
78.377916,4.000000,1889.328003,14.189188,702.079672,0.094373,0.000000,35.617603,28.624006,29.846578,-3.159510,0.396859,-3.883896,0.114216,0.426194,-1.496553,-50.026726,-0.391384,-0.033094,-0.085837,1.000000,0.999997,-0.172608,83460.992188,0.961886,1.000000,1.000000,1.000000,1.000000,1.000000,1.000000,0.000000,0.800000,1.000000,0.193296,0.000000
78.433670,4.000000,1890.181763,14.190760,702.085854,0.092786,0.000000,35.223392,28.172497,29.375844,-3.167811,0.405802,-3.877965,0.108834,0.412621,-1.496553,-50.049084,-0.401936,-0.030378,-0.086534,1.000000,0.999997,-0.133825,83460.992188,0.959800,1.000000,1.000000,1.000000,1.000000,1.000000,1.000000,0.000000,0.800000,1.000000,0.186600,0.000000
78.483892,4.000000,1890.932251,14.191302,702.091118,0.094923,0.000000,34.866585,27.795061,28.982358,-3.173221,0.410303,-3.865592,0.102775,0.394939,-1.496553,-50.068733,-0.413468,-0.026160,-0.083741,1.000000,0.999997,-0.091065,83460.992188,0.961476,1.000000,1.000000,1.000000,1.000000,1.000000,1.000000,0.000000,0.800000,1.000000,0.179550,0.000000
78.535141,4.000000,1891.685059,14.191079,702.096180,0.097791,0.000000,34.500927,27.438257,28.610379,-3.176377,0.410888,-3.850382,0.096718,0.376495,-1.496553,-50.088448,-0.426800,-0.021520,-0.077847,1.000000,0.999997,-0.042757,83460.992188,0.964229,1.000000,1.000000,1.000000,1.000000,1.000000,1.000000,0.000000,0.800000,1.000000,0.172594,0.000000
78.586872,4.000000,1892.441162,14.190116,702.100996,0.099805,0.000000,34.130714,27.100334,28.258080,-3.177070,0.408353,-3.835645,0.091433,0.360361,-1.496553,-50.108246,-0.440868,-0.018381,-0.069554,1.000000,0.999997,0.005113,83460.992188,0.968419,1.000000,1.000000,1.000000,1.000000,1.000000,1.000000,0.000000,0.800000,1.000000,0.166624,0.000000
78.640109,4.000000,1893.209351,14.188443,702.105696,0.101697,0.000000,33.749115,26.776924,27.920906,-3.175347,0.403667,-3.817196,0.086415,0.344700,-1.496553,-50.128361,-0.454709,-0.015913,-0.059497,1.000000,0.999997,0.046594,83460.992188,0.965151,1.000000,1.000000,1.000000,1.000000,1.000000,1.000000,0.000000,0.800000,1.000000,0.160494,0.000000
78.693913,4.000000,1893.967651,14.186182,702.110099,0.100721,0.000000,33.363636,26.465508,27.596255,-3.171746,0.396973,-3.790140,0.079576,0.321153,-1.496553,-50.148220,-0.466476,-0.013116,-0.048236,1.000000,0.999997,0.072882,83460.992188,0.966122,1.000000,1.000000,1.000000,1.000000,1.000000,1.000000,0.000000,0.800000,1.000000,0.152820,0.000000
78.747526,4.000000,1894.725708,14.183372,702.114143,0.098402,0.000000,32.980419,26.137775,27.254584,-3.167483,0.388519,-3.765337,0.073401,0.299946,-1.496553,-50.168068,-0.473803,-0.010537,-0.035413,1.000000,0.999997,0.073404,83460.992188,0.966377,1.000000,1.000000,1.000000,1.000000,1.000000,1.000000,0.000000,0.800000,1.000000,0.145902,0.000000
78.800400,4.000000,1895.461914,14.180171,702.117859,0.097791,0.000000,32.603790,25.782108,26.883758,-3.163842,0.378207,-3.749146,0.068956,0.285669,-1.496553,-50.187347,-0.476797,-0.007398,-0.020077,1.000000,0.999997,0.051332,83460.992188,0.969125,1.000000,1.000000,1.000000,1.000000,1.000000,1.000000,0.000000,0.800000,1.000000,0.140856,0.000000
78.852073,4.000000,1896.156616,14.176779,702.121382,0.099012,0.000000,32.236565,25.402697,26.488136,-3.161674,0.366636,-3.750903,0.068275,0.287072,-1.496553,-50.205540,-0.479122,-0.005045,-0.005416,1.000000,0.999997,0.028775,83460.992188,0.976355,1.000000,1.000000,1.000000,1.000000,1.000000,1.000000,0.000000,0.800000,1.000000,0.139639,0.000000
78.908034,4.000000,1896.906616,14.172779,702.125260,0.101392,0.000000,31.839880,24.974672,26.041804,-3.160126,0.352341,-3.759296,0.069611,0.297706,-1.496553,-50.225178,-0.483348,-0.001966,0.004415,1.000000,0.999997,0.015173,83460.992188,0.971484,1.000000,1.000000,1.000000,1.000000,1.000000,1.000000,0.000000,0.800000,1.000000,0.139553,0.000000
78.958461,4.000000,1897.593018,14.168817,702.128753,0.104322,0.000000,31.482651,24.569122,25.618922,-3.159375,0.337925,-3.761463,0.069137,0.300558,-1.496553,-50.243153,-0.487088,0.000455,0.009065,1.000000,0.999997,0.003628,83460.992188,0.970735,1.000000,1.000000,1.000000,1.000000,1.000000,1.000000,0.000000,0.800000,1.000000,0.137986,0.000000
79.012753,4.000000,1898.294678,14.164434,702.132485,0.106214,0.000000,31.098053,24.134336,25.165554,-3.159570,0.321375,-3.764816,0.068561,0.303425,-1.496553,-50.261528,-0.488796,0.002182,0.011547,1.000000,0.999997,-0.019933,83460.992188,0.969962,1.000000,1.000000,1.000000,1.000000,1.000000,1.000000,0.000000,0.800000,1.000000,0.136209,0.000000
79.067663,4.000000,1898.997437,14.159661,702.136237,0.104932,0.000000,30.708336,23.680405,24.692225,-3.161022,0.304200,-3.770480,0.068213,0.307673,-1.496553,-50.279930,-0.490276,0.003666,0.011119,1.000000,0.999997,-0.042924,83460.992188,0.967808,1.000000,1.000000,1.000000,1.000000,1.000000,1.000000,0.000000,0.800000,1.000000,0.134553,0.000000
79.120925,4.000000,1899.669922,14.154687,702.139835,0.106214,0.000000,30.329163,23.221292,24.213492,-3.163554,0.287614,-3.774683,0.067202,0.309104,-1.496553,-50.297539,-0.492306,0.003576,0.008359,1.000000,0.999997,-0.059953,83460.992188,0.967410,1.000000,1.000000,1.000000,1.000000,1.000000,1.000000,0.000000,0.800000,1.000000,0.132311,0.000000
79.174264,4.000000,1900.327637,14.149396,702.143403,0.106397,0.000000,29.947655,22.747589,23.719544,-3.166975,0.272177,-3.782191,0.066703,0.313197,-1.496553,-50.314762,-0.494831,0.003008,0.003966,1.000000,0.999997,-0.072667,83460.992188,0.966418,1.000000,1.000000,1.000000,1.000000,1.000000,1.000000,0.000000,0.800000,1.000000,0.130475,0.000000
79.227226,4.000000,1900.962280,14.143853,702.146902,0.108411,0.000000,29.566517,22.273966,23.225684,-3.170685,0.258252,-3.788391,0.065802,0.315538,-1.496553,-50.331379,-0.499260,0.001896,-0.001582,1.000000,0.999997,-0.073998,83460.992188,0.966284,1.000000,1.000000,1.000000,1.000000,1.000000,1.000000,0.000000,0.800000,1.000000,0.128266,0.000000
79.281379,4.000000,1901.600220,14.137803,702.150429,0.108350,0.000000,29.173798,21.780018,22.710630,-3.174633,0.245883,-3.794843,0.064863,0.318090,-1.496553,-50.348083,-0.503477,0.000214,-0.005949,1.000000,0.999997,-0.076726,83460.992188,0.964336,1.000000,1.000000,1.000000,1.000000,1.000000,1.000000,0.000000,0.800000,1.000000,0.125921,0.000000
79.337044,4.000000,1902.236084,14.131270,702.153980,0.109693,0.000000,28.766424,21.268353,22.177104,-3.178810,0.235348,-3.798954,0.063301,0.317896,-1.496553,-50.364735,-0.508072,-0.001363,-0.009362,1.000000,0.999997,-0.077775,83460.992188,0.964792,1.000000,1.000000,1.000000,1.000000,1.000000,1.000000,0.000000,0.800000,1.000000,0.122934,0.000000
79.387765,4.000000,1902.808594,14.124950,702.157138,0.111036,0.000000,28.391563,20.797319,21.685950,-3.182486,0.227571,-3.802873,0.061828,0.317531,-1.496553,-50.379726,-0.513387,-0.003377,-0.011872,1.000000,0.999997,-0.072608,83460.992188,0.965943,1.000000,1.000000,1.000000,1.000000,1.000000,1.000000,0.000000,0.800000,1.000000,0.120268,0.000000
79.442811,4.000000,1903.418335,14.117771,702.160503,0.110731,0.000000,27.980783,20.282854,21.149497,-3.186178,0.221222,-3.810365,0.060843,0.320400,-1.496553,-50.395695,-0.519653,-0.004860,-0.013311,1.000000,0.999997,-0.064653,83460.992188,0.968736,1.000000,1.000000,1.000000,1.000000,1.000000,1.000000,0.000000,0.800000,1.000000,0.118040,0.000000
79.497836,4.000000,1904.004761,14.110437,702.163875,0.108411,0.000000,27.565653,19.783661,20.628954,-3.189188,0.215546,-3.826236,0.061644,0.332810,-1.496553,-50.411049,-0.527534,-0.004428,-0.013777,1.000000,0.999997,-0.048825,83460.992188,0.969386,1.000000,1.000000,1.000000,1.000000,1.000000,1.000000,0.000000,0.800000,1.000000,0.117499,0.000000
79.556322,4.000000,1904.593018,14.102637,702.167476,0.107496,0.000000,27.119205,19.277596,20.101252,-3.191609,0.209080,-3.835325,0.061392,0.340147,-1.496553,-50.426453,-0.534544,-0.003596,-0.012915,1.000000,0.999997,-0.040861,83460.992188,0.965592,1.000000,1.000000,1.000000,1.000000,1.000000,1.000000,0.000000,0.800000,1.000000,0.115572,0.000000
79.611471,4.000000,1905.177856,14.094430,702.170816,0.105848,0.000000,26.693874,18.766642,19.568470,-3.193525,0.202455,-3.838520,0.060108,0.342104,-1.496553,-50.441769,-0.541338,-0.002262,-0.012000,1.000000,0.999997,-0.032904,83460.992188,0.964548,1.000000,1.000000,1.000000,1.000000,1.000000,1.000000,0.000000,0.800000,1.000000,0.112862,0.000000
79.665787,4.000000,1905.713257,14.086512,702.173980,0.105054,0.000000,26.270882,18.294867,19.076560,-3.194752,0.194531,-3.828074,0.056949,0.326291,-1.496553,-50.455788,-0.549666,-0.000124,-0.010256,1.000000,0.999997,-0.017116,83460.992188,0.961150,1.000000,1.000000,1.000000,1.000000,1.000000,1.000000,0.000000,0.800000,1.000000,0.108027,0.000000
79.721298,4.000000,1906.248413,14.078192,702.176961,0.104383,0.000000,25.834579,17.816246,18.577532,-3.195256,0.185137,-3.808453,0.052056,0.298256,-1.496553,-50.469803,-0.557405,0.001766,-0.009605,1.000000,0.999997,-0.006540,83460.992188,0.960464,1.000000,1.000000,1.000000,1.000000,1.000000,1.000000,0.000000,0.800000,1.000000,0.101842,0.000000
79.775512,4.000000,1906.760864,14.069825,702.179662,0.103895,0.000000,25.405001,17.334988,18.075726,-3.195565,0.174896,-3.799827,0.048947,0.280445,-1.496553,-50.483223,-0.562604,0.003195,-0.010761,1.000000,0.999997,-0.009612,83460.992188,0.963032,1.000000,1.000000,1.000000,1.000000,1.000000,1.000000,0.000000,0.800000,1.000000,0.097655,0.000000
79.829378,4.000000,1907.255615,14.061342,702.182215,0.103284,0.000000,24.974913,16.844381,17.564164,-3.196373,0.164265,-3.797121,0.046798,0.268131,-1.496553,-50.496178,-0.565229,0.003964,-0.014356,1.000000,0.999997,-0.025885,83460.992188,0.965181,1.000000,1.000000,1.000000,1.000000,1.000000,1.000000,0.000000,0.800000,1.000000,0.094335,0.000000
79.884008,4.000000,1907.740356,14.052606,702.184752,0.101881,0.000000,24.535326,16.324526,17.022085,-3.198403,0.153705,-3.808387,0.046509,0.266473,-1.496553,-50.508869,-0.565815,0.003757,-0.021004,1.000000,0.999997,-0.051760,83460.992188,0.965783,1.000000,1.000000,1.000000,1.000000,1.000000,1.000000,0.000000,0.800000,1.000000,0.092811,0.000000
79.936507,4.000000,1908.193115,14.044024,702.187227,0.100904,0.000000,24.109629,15.801294,16.476470,-3.201848,0.144192,-3.830986,0.047633,0.272915,-1.496553,-50.520725,-0.565625,0.003638,-0.028345,1.000000,0.999997,-0.078134,83460.992188,0.968533,1.000000,1.000000,1.000000,1.000000,1.000000,1.000000,0.000000,0.800000,1.000000,0.092661,0.000000
79.991510,4.000000,1908.646729,14.034963,702.189928,0.100965,0.000000,23.659595,15.258234,15.910166,-3.206339,0.134569,-3.863570,0.049920,0.286018,-1.496553,-50.532604,-0.568793,0.003711,-0.033667,1.000000,0.999997,-0.085429,83460.992188,0.968605,1.000000,1.000000,1.000000,1.000000,1.000000,1.000000,0.000000,0.800000,1.000000,0.093462,0.000000
80.047406,4.000000,1909.097778,14.025463,702.192783,0.101087,0.000000,23.197861,14.701169,15.329256,-3.211173,0.125119,-3.892926,0.051608,0.295687,-1.496553,-50.544415,-0.572813,0.004020,-0.036927,1.000000,0.999997,-0.087815,83460.992188,0.967040,1.000000,1.000000,1.000000,1.000000,1.000000,1.000000,0.000000,0.800000,1.000000,0.093436,0.000000
80.099612,4.000000,1909.503296,14.016508,702.195468,0.101026,0.000000,22.762774,14.185549,14.791591,-3.215686,0.116343,-3.906031,0.051108,0.292822,-1.496553,-50.555035,-0.577084,0.004476,-0.038863,1.000000,0.999997,-0.087065,83460.992188,0.964126,1.000000,1.000000,1.000000,1.000000,1.000000,1.000000,0.000000,0.800000,1.000000,0.091301,0.000000
80.165939,4.000000,1909.890747,14.007594,702.198803,0.102735,0.000000,22.201841,13.675538,14.259783,-3.221257,0.105094,-3.920725,0.050102,0.287058,-1.496553,-50.565182,-0.578329,0.005353,-0.040928,1.000000,0.999998,-0.089836,83460.992188,0.961254,1.000000,1.000000,1.000000,1.000000,1.000000,1.000000,0.000000,0.800000,1.000000,0.088211,0.000000
80.220443,4.000000,1910.378662,13.995869,702.201465,0.103712,0.000000,21.738459,13.031010,13.587715,-3.224484,0.095881,-3.923324,0.048087,0.275514,-1.496553,-50.577957,-0.586073,0.005393,-0.044186,1.000000,0.999998,-0.050576,83460.992188,0.961421,1.000000,1.000000,1.000000,1.000000,1.000000,1.000000,0.000000,0.800000,1.000000,0.084867,0.000000
80.272438,4.000000,1910.734863,13.986976,702.203889,0.104261,0.000000,21.292923,12.519958,13.054838,-3.227212,0.087247,-3.924288,0.045917,0.263080,-1.496553,-50.587284,-0.585174,0.006060,-0.043687,1.000000,0.999998,-0.053433,83460.992188,0.961025,1.000000,1.000000,1.000000,1.000000,1.000000,1.000000,0.000000,0.800000,1.000000,0.081324,0.000000
80.325844,4.000000,1911.082886,13.978035,702.206279,0.105665,0.000000,20.831606,11.997804,12.510372,-3.229937,0.078006,-3.929065,0.044202,0.253257,-1.496553,-50.596397,-0.585778,0.007281,-0.043579,1.000000,0.999998,-0.047776,83460.992188,0.961793,1.000000,1.000000,1.000000,1.000000,1.000000,1.000000,0.000000,0.800000,1.000000,0.078126,0.000000
80.376485,4.000000,1911.399536,13.969680,702.208440,0.105726,0.000000,20.390600,11.503784,11.995257,-3.232109,0.068629,-3.924923,0.041813,0.239567,-1.496553,-50.604691,-0.587045,0.008431,-0.044104,1.000000,0.999998,-0.038946,83460.992188,0.960244,1.000000,1.000000,1.000000,1.000000,1.000000,1.000000,0.000000,0.800000,1.000000,0.074204,0.000000
80.432275,4.000000,1911.735718,13.960577,702.210661,0.106092,0.000000,19.901339,10.954850,11.422887,-3.234077,0.057752,-3.916418,0.038761,0.222081,-1.496553,-50.613491,-0.587894,0.009711,-0.043878,1.000000,0.999998,-0.032762,83460.992188,0.958617,1.000000,1.000000,1.000000,1.000000,1.000000,1.000000,0.000000,0.800000,1.000000,0.069584,0.000000
80.486179,4.000000,1912.044800,13.951993,702.212628,0.106397,0.000000,19.425274,10.421686,10.866965,-3.235840,0.046680,-3.901327,0.035250,0.201967,-1.496553,-50.621586,-0.587494,0.010967,-0.043879,1.000000,0.999998,-0.033645,83460.992188,0.957434,1.000000,1.000000,1.000000,1.000000,1.000000,1.000000,0.000000,0.800000,1.000000,0.064544,0.000000
80.543165,4.000000,1912.348633,13.943338,702.214516,0.106397,0.000000,18.918190,9.870486,10.292229,-3.237582,0.034170,-3.890570,0.032142,0.184160,-1.496553,-50.629543,-0.587708,0.012643,-0.044234,1.000000,0.999998,-0.030679,83460.992188,0.959139,1.000000,1.000000,1.000000,1.000000,1.000000,1.000000,0.000000,0.800000,1.000000,0.059904,0.000000
80.598464,4.000000,1912.634277,13.934986,702.216200,0.106214,0.000000,18.422375,9.321834,9.720144,-3.239248,0.021375,-3.884833,0.029622,0.169722,-1.496553,-50.637024,-0.587474,0.013891,-0.044695,1.000000,0.999998,-0.030815,83460.992188,0.960494,1.000000,1.000000,1.000000,1.000000,1.000000,1.000000,0.000000,0.800000,1.000000,0.055924,0.000000
80.651771,4.000000,1912.894165,13.927188,702.217722,0.106458,0.000000,17.942059,8.787520,9.162997,-3.240911,0.008792,-3.891334,0.028157,0.161327,-1.496553,-50.643829,-0.586740,0.014766,-0.045181,1.000000,0.999998,-0.033717,83460.992188,0.961349,1.000000,1.000000,1.000000,1.000000,1.000000,1.000000,0.000000,0.800000,1.000000,0.053105,0.000000
80.706475,4.000000,1913.140747,13.919613,702.219226,0.106580,0.000000,17.446064,8.246662,8.599023,-3.242697,-0.004295,-3.901842,0.027111,0.155334,-1.496553,-50.650284,-0.586956,0.015682,-0.046194,1.000000,0.999998,-0.030882,83460.992188,0.961959,1.000000,1.000000,1.000000,1.000000,1.000000,1.000000,0.000000,0.800000,1.000000,0.050450,0.000000
80.762605,4.000000,1913.379639,13.912094,702.220684,0.106702,0.000000,16.933994,7.691445,8.020083,-3.244226,-0.017780,-3.902680,0.025305,0.144985,-1.496553,-50.656540,-0.587931,0.016404,-0.047704,1.000000,0.999998,-0.024264,83460.992188,0.960515,1.000000,1.000000,1.000000,1.000000,1.000000,1.000000,0.000000,0.800000,1.000000,0.046968,0.000000
80.814065,4.000000,1913.583984,13.905506,702.221914,0.107069,0.000000,16.461773,7.182395,7.489287,-3.245333,-0.029996,-3.896943,0.023200,0.132924,-1.496553,-50.661892,-0.588830,0.016899,-0.049338,1.000000,0.999998,-0.018409,83460.992188,0.961045,1.000000,1.000000,1.000000,1.000000,1.000000,1.000000,0.000000,0.800000,1.000000,0.043372,0.000000
80.870419,4.000000,1913.794067,13.898566,702.223129,0.107130,0.000000,15.942129,6.616818,6.899552,-3.246329,-0.043206,-3.888849,0.020755,0.118915,-1.496553,-50.667393,-0.588844,0.017358,-0.050997,1.000000,0.999998,-0.017819,83460.992188,0.958992,1.000000,1.000000,1.000000,1.000000,1.000000,1.000000,0.000000,0.800000,1.000000,0.039390,0.000000
80.925366,4.000000,1913.979126,13.892305,702.224202,0.107313,0.000000,15.432994,6.071771,6.331217,-3.247276,-0.055571,-3.887538,0.018886,0.108209,-1.496553,-50.672237,-0.588950,0.017344,-0.052711,1.000000,0.999998,-0.016357,83460.992188,0.959604,1.000000,1.000000,1.000000,1.000000,1.000000,1.000000,0.000000,0.800000,1.000000,0.035966,0.000000
80.980616,4.000000,1914.149536,13.886418,702.225176,0.107496,0.000000,14.918588,5.524560,5.760627,-3.248082,-0.067229,-3.884761,0.016983,0.097303,-1.496553,-50.676701,-0.589496,0.017065,-0.054803,1.000000,0.999998,-0.012628,83460.992188,0.961762,1.000000,1.000000,1.000000,1.000000,1.000000,1.000000,0.000000,0.800000,1.000000,0.032495,0.000000
81.036035,4.000000,1914.305542,13.880938,702.226048,0.107679,0.000000,14.400276,4.972456,5.184933,-3.248713,-0.078055,-3.882090,0.015114,0.086598,-1.496553,-50.680786,-0.590190,0.016709,-0.057141,1.000000,0.999998,-0.008395,83460.992188,0.961584,1.000000,1.000000,1.000000,1.000000,1.000000,1.000000,0.000000,0.800000,1.000000,0.029073,0.000000
81.086463,4.000000,1914.432007,13.876418,702.226756,0.107801,0.000000,13.926588,4.476306,4.667584,-3.249165,-0.087184,-3.880389,0.013514,0.077432,-1.496553,-50.684097,-0.590148,0.016425,-0.059374,1.000000,0.999998,-0.008197,83460.992188,0.960151,1.000000,1.000000,1.000000,1.000000,1.000000,1.000000,0.000000,0.800000,1.000000,0.026014,0.000000
81.141455,4.000000,1914.554810,13.871963,702.227438,0.107618,0.000000,13.408380,3.929756,4.097678,-3.249675,-0.096419,-3.882251,0.011867,0.067995,-1.496553,-50.687313,-0.589916,0.016116,-0.061992,1.000000,0.999998,-0.008986,83460.992188,0.961460,1.000000,1.000000,1.000000,1.000000,1.000000,1.000000,0.000000,0.800000,1.000000,0.022830,0.000000
81.196576,4.000000,1914.661621,13.868008,702.228036,0.107496,0.000000,12.887061,3.384566,3.529191,-3.250270,-0.104950,-3.886443,0.010342,0.059256,-1.496553,-50.690109,-0.589867,0.015805,-0.064856,1.000000,0.999998,-0.008689,83460.992188,0.961485,1.000000,1.000000,1.000000,1.000000,1.000000,1.000000,0.000000,0.800000,1.000000,0.019701,0.000000
81.253687,4.000000,1914.755859,13.864440,702.228563,0.107313,0.000000,12.344935,2.823053,2.943683,-3.250764,-0.113099,-3.886984,0.008644,0.049525,-1.496553,-50.692577,-0.590490,0.015492,-0.068134,1.000000,0.999998,-0.004851,83460.992188,0.960852,1.000000,1.000000,1.000000,1.000000,1.000000,1.000000,0.000000,0.800000,1.000000,0.016363,0.000000
81.309038,4.000000,1914.831665,13.861489,702.228974,0.107130,0.000000,11.818027,2.275494,2.372729,-3.251024,-0.120344,-3.882031,0.006821,0.039079,-1.496553,-50.694561,-0.590548,0.015151,-0.071846,1.000000,0.999998,-0.004548,83460.992188,0.961492,1.000000,1.000000,1.000000,1.000000,1.000000,1.000000,0.000000,0.800000,1.000000,0.013030,0.000000
81.363192,4.000000,1914.890259,13.859126,702.229269,0.106946,0.000000,11.301262,1.816776,1.894421,-3.249866,-0.126741,-3.520016,0.004191,0.024012,-1.496553,-50.696098,-0.600539,0.014815,-0.074989,1.000000,0.999998,0.049698,83460.992188,0.946452,1.000000,1.000000,1.000000,1.000000,1.000000,1.000000,0.000000,0.800000,1.000000,0.008407,0.000000
81.416395,4.000000,1914.937012,13.857165,702.229177,0.106519,0.000000,10.793571,1.450450,1.512422,-3.241783,-0.132068,-2.358260,-0.005016,-0.028742,-1.496553,-50.697323,-0.618625,0.013525,-0.077592,1.000000,0.999998,0.143279,83460.992188,0.964633,1.000000,1.000000,1.000000,1.000000,1.000000,1.000000,0.000000,0.800000,1.000000,-0.001541,0.000000
81.469186,4.000000,1914.972046,13.855584,702.228750,0.105848,0.000000,10.291114,1.059457,1.104592,-3.233860,-0.136430,-1.347254,-0.009482,-0.054329,-1.496553,-50.698238,-0.620808,0.013318,-0.080979,1.000000,0.999998,0.149073,83460.992188,0.960476,1.000000,1.000000,1.000000,1.000000,1.000000,1.000000,0.000000,0.800000,1.000000,-0.006981,0.000000
81.523010,4.000000,1914.996460,13.854362,702.228122,0.105115,0.000000,9.781154,0.654501,0.682034,-3.225830,-0.140575,-0.414008,-0.012686,-0.072685,-1.496553,-50.698879,-0.621898,0.013075,-0.084352,1.000000,0.999998,0.148661,83460.992188,0.970021,1.000000,1.000000,1.000000,1.000000,1.000000,1.000000,0.000000,0.800000,1.000000,-0.011154,0.000000
