time,phase,along_m,cross_m,elevation_m,agl_m,height_ft,ias,eas,groundspeed_kt,pitch,bank,alpha,vy,gamma,gamma_cmd,h_cmd,yoke,roll,rudder,speedbrake,speedbrake_actual,Q,mass,nz,main_wow,nose_wow,gear_cmd,gear0,gear1,gear2,chute,brakes,derotating,local_vy,radar_height_ft
0.003530,1.000000,-8483.588867,-11.120764,2965.415719,2265.502686,7433.715820,0.003687,0.000000,325.841886,-12.000006,-0.000018,7.994698,-62.312748,-20.391779,-20.544558,2255.737793,-0.025270,0.048104,-0.000002,0.000000,0.000000,-0.003614,102530.015625,1.392239,0.000000,0.000000,0.000000,0.000000,0.000000,0.000000,0.000000,0.000000,0.000000,-61.149948,7435.938965
0.053781,1.000000,-8482.998047,-11.119447,2962.292850,2262.379150,7433.030273,2.264542,298.624817,325.855115,-12.004075,0.027537,7.920075,-62.297634,-20.386480,-20.544868,2255.522949,-0.016545,0.005353,0.000464,0.025126,0.000000,-0.106636,102530.015625,1.412371,0.000000,0.000000,0.000000,0.000000,0.000000,0.000000,0.000000,0.000000,0.000000,-60.946579,7435.253418
0.103785,1.000000,-8467.303711,-11.084855,2959.193307,2259.278809,7413.940918,6.249321,298.741791,326.169014,-12.012748,0.056096,7.839996,-61.916176,-20.253914,-20.538626,2249.810547,-0.060291,0.014140,0.000228,0.050128,0.003440,-0.244029,102530.015625,1.433862,0.000000,0.000000,0.000000,0.000000,0.000000,0.000000,0.000000,0.000000,0.000000,-60.740139,7412.997559
0.159232,1.000000,-8457.988281,-11.064610,2955.768671,2255.853271,7402.670410,12.877655,298.804688,326.353029,-12.031914,0.082885,7.739505,-61.679581,-20.172313,-20.535913,2246.419922,-0.080421,0.015598,0.000132,0.077851,0.009678,-0.440290,102530.015625,1.435578,0.000000,0.000000,0.000000,0.000000,0.000000,0.000000,0.000000,0.000000,0.000000,-60.503632,7401.727051
0.215206,1.000000,-8448.577148,-11.044373,2952.324751,2252.408936,7391.336426,21.414650,298.866150,326.534701,-12.062910,0.108230,7.627021,-61.441441,-20.090386,-20.534039,2242.994629,-0.096395,0.015533,0.000071,0.105838,0.018268,-0.657299,102530.015625,1.429743,0.000000,0.000000,0.000000,0.000000,0.000000,0.000000,0.000000,0.000000,0.000000,-60.266090,7390.393066
0.265691,1.000000,-8440.084961,-11.026279,2949.229834,2249.313232,7381.152832,30.317823,298.920410,326.694276,-12.101520,0.130218,7.516517,-61.230782,-20.017982,-20.533077,2239.903809,-0.107690,0.015246,0.000022,0.131081,0.027788,-0.859841,102530.015625,1.417406,0.000000,0.000000,0.000000,0.000000,0.000000,0.000000,0.000000,0.000000,0.000000,-60.056385,7380.209473
0.316238,1.000000,-8431.616211,-11.008380,2946.141532,2246.224365,7371.037109,40.074154,298.974731,326.848868,-12.150444,0.151537,7.397930,-61.027328,-19.948031,-20.532774,2236.821289,-0.116274,0.014914,-0.000026,0.156354,0.038836,-1.062747,102530.015625,1.400137,0.000000,0.000000,0.000000,0.000000,0.000000,0.000000,0.000000,0.000000,0.000000,-59.853271,7370.010254
0.367034,1.000000,-8423.147461,-10.990613,2943.048109,2243.130127,7360.959961,50.482243,299.030884,326.998535,-12.209823,0.172303,7.271526,-60.832695,-19.881018,-20.533119,2233.739014,-0.122530,0.014573,-0.000072,0.181752,0.051320,-1.261595,102530.015625,1.380362,0.000000,0.000000,0.000000,0.000000,0.000000,0.000000,0.000000,0.000000,0.000000,-59.658138,7359.933105
0.419381,1.000000,-8414.296875,-10.972171,2939.870296,2239.951660,7350.468262,61.625351,299.091187,327.149153,-12.281339,0.193050,7.134661,-60.640484,-19.814685,-20.534136,2230.517578,-0.127721,0.014225,-0.000118,0.207926,0.065489,-1.456501,102530.015625,1.355907,0.000000,0.000000,0.000000,0.000000,0.000000,0.000000,0.000000,0.000000,0.000000,-59.468346,7349.441406
0.474171,1.000000,-8405.065430,-10.953058,2936.554401,2236.650635,7339.564941,73.530243,299.156799,327.299681,-12.366733,0.214085,6.985261,-60.453411,-19.749913,-20.535862,2227.157715,-0.131183,0.013866,-0.000165,0.235321,0.081608,-1.647530,102530.015625,1.327998,0.000000,0.000000,0.000000,0.000000,0.000000,0.000000,0.000000,0.000000,0.000000,-59.283081,7338.538574
0.525663,1.000000,-8396.543945,-10.935513,2933.446970,2233.555664,7329.533691,84.798431,299.219788,327.432442,-12.456118,0.233238,6.840271,-60.294239,-19.694546,-20.538008,2224.056152,-0.132507,0.013536,-0.000208,0.261067,0.097823,-1.811170,102530.015625,1.299631,0.000000,0.000000,0.000000,0.000000,0.000000,0.000000,0.000000,0.000000,0.000000,-59.122875,7328.555664
0.580040,1.000000,-8387.305664,-10.916588,2930.173957,2230.295654,7318.693359,96.646851,299.292114,327.569178,-12.559138,0.252849,6.683582,-60.137306,-19.639641,-20.540916,2220.693604,-0.133859,0.013188,-0.000251,0.288255,0.115954,-1.965244,102530.015625,1.269232,0.000000,0.000000,0.000000,0.000000,0.000000,0.000000,0.000000,0.000000,0.000000,-58.969154,7317.715332
0.634946,1.000000,-8378.089844,-10.897790,2926.877083,2227.012207,7307.910645,108.432167,299.366974,327.698024,-12.671103,0.272040,6.522689,-59.996784,-19.590131,-20.544338,2217.339355,-0.133728,0.012848,-0.000292,0.315708,0.135223,-2.102180,102530.015625,1.237186,0.000000,0.000000,0.000000,0.000000,0.000000,0.000000,0.000000,0.000000,0.000000,-58.829998,7306.932617
0.689513,1.000000,-8368.856445,-10.879027,2923.607643,2223.755615,7297.135742,119.884941,299.445160,327.819336,-12.789228,0.290524,6.361379,-59.872738,-19.546015,-20.548239,2213.978760,-0.133145,0.012515,-0.000331,0.342992,0.155220,-2.217707,102530.015625,1.204937,0.000000,0.000000,0.000000,0.000000,0.000000,0.000000,0.000000,0.000000,0.000000,-58.708336,7296.330078
0.743408,1.000000,-8359.810547,-10.860706,2920.384509,2220.545654,7286.604980,130.874207,299.524475,327.930386,-12.911515,0.308230,6.201752,-59.767406,-19.508120,-20.552483,2210.686279,-0.131786,0.012193,-0.000367,0.369939,0.175714,-2.311882,102530.015625,1.173350,0.000000,0.000000,0.000000,0.000000,0.000000,0.000000,0.000000,0.000000,0.000000,-58.604359,7285.798828
0.797122,1.000000,-8350.744141,-10.842393,2917.177317,2217.351318,7276.071777,141.457855,299.606598,328.033961,-13.037886,0.325356,6.043364,-59.677734,-19.475368,-20.557093,2207.386230,-0.130205,0.011882,-0.000401,0.396796,0.196797,-2.386264,102530.015625,1.142298,0.000000,0.000000,0.000000,0.000000,0.000000,0.000000,0.000000,0.000000,0.000000,-58.516560,7275.265625
0.851829,1.000000,-8341.536133,-10.823832,2913.915222,2214.102295,7265.391113,151.822266,299.692444,328.131041,-13.170147,0.342276,5.883720,-59.602554,-19.447354,-20.562069,2204.034912,-0.128237,0.011571,-0.000432,0.424150,0.218874,-2.442750,102530.015625,1.111742,0.000000,0.000000,0.000000,0.000000,0.000000,0.000000,0.000000,0.000000,0.000000,-58.442986,7264.584961
0.902248,1.000000,-8333.110352,-10.806878,2910.912003,2211.111328,7255.632324,160.981369,299.771942,328.212252,-13.294302,0.357415,5.738835,-59.547184,-19.426194,-20.566870,2200.968262,-0.126266,0.011301,-0.000460,0.442018,0.239627,-2.477679,102530.015625,1.084469,0.000000,0.000000,0.000000,0.000000,0.000000,0.000000,0.000000,0.000000,0.000000,-58.388710,7255.000488
0.957597,1.000000,-8323.676758,-10.787923,2907.617880,2207.830322,7244.717285,170.593536,299.862762,328.294857,-13.432155,0.373512,5.583008,-59.499825,-19.407381,-20.572441,2197.534668,-0.124385,0.011094,-0.000508,0.445197,0.261055,-2.499179,102530.015625,1.055993,0.000000,0.000000,0.000000,0.000000,0.000000,0.000000,0.000000,0.000000,0.000000,-58.343506,7244.085938
1.011962,1.000000,-8314.630859,-10.769773,2904.384333,2204.609863,7234.261230,179.553970,299.951050,328.366339,-13.568287,0.388788,5.433824,-59.468140,-19.393910,-20.577957,2194.242188,-0.121910,0.010831,-0.000557,0.448286,0.280228,-2.506193,102530.015625,1.029224,0.000000,0.000000,0.000000,0.000000,0.000000,0.000000,0.000000,0.000000,0.000000,-58.312981,7233.629883
1.063066,1.000000,-8305.982422,-10.752439,2901.345922,2201.583740,7224.271484,187.553421,300.036774,328.428123,-13.696255,0.402732,5.297627,-59.450069,-19.385082,-20.583351,2191.094482,-0.119724,0.010565,-0.000598,0.451287,0.296737,-2.500461,102530.015625,1.004876,0.000000,0.000000,0.000000,0.000000,0.000000,0.000000,0.000000,0.000000,0.000000,-58.296494,7223.639648
1.117642,1.000000,-8296.671875,-10.733791,2898.101658,2198.352539,7213.519531,195.641769,300.130737,328.487741,-13.832264,0.417194,5.156930,-59.443306,-19.379785,-20.589212,2187.705566,-0.117260,0.010286,-0.000636,0.454576,0.312920,-2.482934,102530.015625,0.980006,0.000000,0.000000,0.000000,0.000000,0.000000,0.000000,0.000000,0.000000,0.000000,-58.291286,7213.064941
1.172026,1.000000,-8287.541016,-10.715513,2894.868743,2195.132813,7202.977539,203.243881,300.224365,328.539706,-13.966534,0.431179,5.022003,-59.448853,-19.378622,-20.595013,2184.382324,-0.114532,0.010015,-0.000670,0.457852,0.327714,-2.454841,102530.015625,0.956659,0.000000,0.000000,0.000000,0.000000,0.000000,0.000000,0.000000,0.000000,0.000000,-58.298237,7202.523438
1.227810,1.000000,-8278.189453,-10.696797,2891.551862,2191.829346,7192.180664,210.579071,300.321442,328.586570,-14.102375,0.445092,4.889421,-59.466373,-19.381349,-20.600956,2180.978516,-0.111643,0.009746,-0.000700,0.461250,0.341657,-2.416140,102530.015625,0.933987,0.000000,0.000000,0.000000,0.000000,0.000000,0.000000,0.000000,0.000000,0.000000,-58.317299,7191.726074
1.283650,1.000000,-8268.717773,-10.677839,2888.230252,2188.521484,7181.241699,217.465912,300.421387,328.627887,-14.235925,0.458599,4.762906,-59.495632,-19.387917,-20.606936,2177.531250,-0.108700,0.009485,-0.000726,0.464748,0.354500,-2.368562,102530.015625,0.912508,0.000000,0.000000,0.000000,0.000000,0.000000,0.000000,0.000000,0.000000,0.000000,-58.347794,7180.787598
1.339297,1.000000,-8259.496094,-10.659374,2884.918119,2185.222900,7170.586426,223.891647,300.519897,328.662501,-14.366135,0.471642,4.643214,-59.534573,-19.397769,-20.612677,2174.174805,-0.105662,0.009235,-0.000748,0.468196,0.366315,-2.313436,102530.015625,0.892690,0.000000,0.000000,0.000000,0.000000,0.000000,0.000000,0.000000,0.000000,0.000000,-58.388828,7170.298828
1.394317,1.000000,-8250.027344,-10.640403,2881.640782,2181.958984,7159.637207,229.833054,300.622253,328.692637,-14.491676,0.484144,4.531299,-59.584576,-19.411196,-20.618444,2170.728516,-0.102562,0.008992,-0.000766,0.471778,0.377135,-2.252295,102530.015625,0.873983,0.000000,0.000000,0.000000,0.000000,0.000000,0.000000,0.000000,0.000000,0.000000,-58.439171,7159.349609
1.448640,1.000000,-8240.863281,-10.622031,2878.401995,2178.733154,7149.032715,235.315445,300.722534,328.716929,-14.612161,0.496108,4.427198,-59.641991,-19.427172,-20.623913,2167.393066,-0.099486,0.008763,-0.000781,0.475289,0.387073,-2.186283,102530.015625,0.857001,0.000000,0.000000,0.000000,0.000000,0.000000,0.000000,0.000000,0.000000,0.000000,-58.497757,7148.745117
1.504552,1.000000,-8231.384766,-10.603010,2875.064903,2175.409668,7138.052734,240.580063,300.827209,328.737365,-14.732277,0.508037,4.326736,-59.709957,-19.446531,-20.629385,2163.943115,-0.096252,0.008535,-0.000793,0.478953,0.396609,-2.113398,102530.015625,0.840845,0.000000,0.000000,0.000000,0.000000,0.000000,0.000000,0.000000,0.000000,0.000000,-58.566532,7137.888672
1.560032,1.000000,-8222.079102,-10.584313,2871.749571,2172.107666,7127.259766,245.443573,300.931091,328.753115,-14.847305,0.519497,4.233803,-59.784546,-19.468135,-20.634552,2160.556152,-0.093093,0.008313,-0.000803,0.482588,0.405456,-2.036798,102530.015625,0.826171,0.000000,0.000000,0.000000,0.000000,0.000000,0.000000,0.000000,0.000000,0.000000,-58.642632,7127.095703
1.616198,1.000000,-8212.609375,-10.565263,2868.388739,2168.760254,7116.261719,250.022064,301.037811,328.765128,-14.959319,0.530725,4.146542,-59.867706,-19.492516,-20.639576,2157.109375,-0.089862,0.008097,-0.000810,0.486323,0.413857,-1.955723,102530.015625,0.812515,0.000000,0.000000,0.000000,0.000000,0.000000,0.000000,0.000000,0.000000,0.000000,-58.726910,7116.097656
1.671994,1.000000,-8203.159180,-10.546225,2865.045175,2165.430176,7105.270996,254.245895,301.144653,328.773284,-15.066003,0.541513,4.066620,-59.957355,-19.519052,-20.644346,2153.669922,-0.086624,0.007889,-0.000815,0.490062,0.421711,-1.872298,102530.015625,0.800426,0.000000,0.000000,0.000000,0.000000,0.000000,0.000000,0.000000,0.000000,0.000000,-58.817200,7105.107422
1.722099,1.000000,-8194.718750,-10.529195,2862.038218,2162.435303,7095.439941,257.779572,301.240570,328.777674,-15.157775,0.550898,4.000533,-60.042492,-19.544428,-20.648375,2150.597656,-0.083791,0.007709,-0.000818,0.493420,0.428392,-1.795456,102530.015625,0.790776,0.000000,0.000000,0.000000,0.000000,0.000000,0.000000,0.000000,0.000000,0.000000,-58.903297,7095.438477
1.772376,1.000000,-8186.205566,-10.511992,2859.016498,2159.425781,7085.509277,261.092743,301.338348,328.779602,-15.245958,0.560033,3.939529,-60.132671,-19.571447,-20.652199,2147.499268,-0.080927,0.007534,-0.000819,0.496842,0.434779,-1.716968,102530.015625,0.781729,0.000000,0.000000,0.000000,0.000000,0.000000,0.000000,0.000000,0.000000,0.000000,-58.993950,7085.507813
1.822643,1.000000,-8177.726074,-10.494828,2855.990731,2156.411865,7075.602051,264.185669,301.436401,328.779187,-15.330153,0.568885,3.883777,-60.226360,-19.599641,-20.655754,2144.412842,-0.078147,0.007363,-0.000820,0.500274,0.440879,-1.637456,102530.015625,0.773422,0.000000,0.000000,0.000000,0.000000,0.000000,0.000000,0.000000,0.000000,0.000000,-59.088421,7075.600586
1.877500,1.000000,-8168.484375,-10.476088,2852.683160,2153.117432,7064.786133,267.325073,301.543274,328.776399,-15.417443,0.578232,3.828807,-60.332405,-19.631669,-20.659338,2141.049316,-0.075202,0.007182,-0.000819,0.504015,0.447247,-1.549844,102530.015625,0.765846,0.000000,0.000000,0.000000,0.000000,0.000000,0.000000,0.000000,0.000000,0.000000,-59.195385,7064.784668
1.932530,1.000000,-8159.162598,-10.457146,2849.359176,2149.806641,7053.856445,270.243500,301.651367,328.771327,-15.500173,0.587286,3.779635,-60.442875,-19.665140,-20.662626,2137.656250,-0.072226,0.007006,-0.000817,0.507798,0.453361,-1.461694,102530.015625,0.759399,0.000000,0.000000,0.000000,0.000000,0.000000,0.000000,0.000000,0.000000,0.000000,-59.306118,7054.054688
1.987599,1.000000,-8149.812988,-10.438106,2846.026662,2146.487305,7042.873047,272.947784,301.760193,328.764238,-15.578105,0.596026,3.736249,-60.556648,-19.699702,-20.665588,2134.253418,-0.069281,0.006835,-0.000814,0.511607,0.459235,-1.373611,102530.015625,0.753812,0.000000,0.000000,0.000000,0.000000,0.000000,0.000000,0.000000,0.000000,0.000000,-59.419830,7043.071289
2.045144,1.000000,-8141.558594,-10.421262,2842.537496,2143.011963,7033.157715,275.562164,301.856354,328.756526,-15.654326,0.604824,3.696951,-60.659168,-19.730907,-20.667908,2131.249023,-0.069191,0.006672,-0.000810,0.514972,0.465138,-1.282100,102530.015625,0.749921,0.000000,0.000000,0.000000,0.000000,0.000000,0.000000,0.000000,0.000000,0.000000,-59.541126,7033.355957
2.100333,1.000000,-8130.816406,-10.399287,2839.184657,2139.672119,7020.488281,277.873901,301.981812,328.744929,-15.722594,0.612954,3.664686,-60.794594,-19.772189,-20.670507,2127.339111,-0.063722,0.006501,-0.000806,0.519364,0.470594,-1.195738,102530.015625,0.745522,0.000000,0.000000,0.000000,0.000000,0.000000,0.000000,0.000000,0.000000,0.000000,-59.659222,7020.687012
2.150980,1.000000,-8122.356445,-10.381939,2836.101980,2136.601807,7010.490234,279.841949,302.080505,328.734399,-15.781032,0.620148,3.639763,-60.902828,-19.805240,-20.672224,2124.260010,-0.061548,0.006358,-0.000802,0.522818,0.475456,-1.116777,102530.015625,0.743209,0.000000,0.000000,0.000000,0.000000,0.000000,0.000000,0.000000,0.000000,0.000000,-59.769001,7010.792969
2.202016,1.000000,-8113.700195,-10.364148,2832.989993,2133.501709,7000.241211,281.686371,302.181244,328.722861,-15.835900,0.627143,3.618920,-61.014374,-19.839327,-20.673670,2121.109375,-0.059165,0.006217,-0.000797,0.526343,0.480219,-1.038548,102530.015625,0.741859,0.000000,0.000000,0.000000,0.000000,0.000000,0.000000,0.000000,0.000000,0.000000,-59.880356,7000.543945
2.257537,1.000000,-8104.237793,-10.344650,2829.598079,2130.123291,6989.014648,283.545563,302.292145,328.709454,-15.891109,0.634471,3.600914,-61.136871,-19.876789,-20.674879,2117.665283,-0.056589,0.006071,-0.000792,0.530225,0.485266,-0.954829,102530.015625,0.740634,0.000000,0.000000,0.000000,0.000000,0.000000,0.000000,0.000000,0.000000,0.000000,-60.002033,6989.317383
2.312522,1.000000,-8095.009277,-10.325583,2826.232265,2126.770264,6978.042969,285.246338,302.399872,328.695751,-15.941247,0.641439,3.587662,-61.256504,-19.913394,-20.675695,2114.306396,-0.054463,0.005928,-0.000786,0.533995,0.490140,-0.873700,102530.015625,0.740734,0.000000,0.000000,0.000000,0.000000,0.000000,0.000000,0.000000,0.000000,0.000000,-60.122623,6978.345703
2.368275,1.000000,-8085.572266,-10.306027,2822.812692,2123.364014,6966.800293,286.838989,302.510010,328.681395,-15.987600,0.648221,3.578598,-61.378475,-19.950722,-20.676155,2110.871582,-0.052243,0.005789,-0.000781,0.537850,0.494965,-0.793696,102530.015625,0.741200,0.000000,0.000000,0.000000,0.000000,0.000000,0.000000,0.000000,0.000000,0.000000,-60.244518,6967.250000
2.423732,1.000000,-8076.209473,-10.286567,2819.404570,2119.968994,6955.623535,288.301453,302.618713,328.666980,-16.029346,0.654689,3.573726,-61.498844,-19.987560,-20.676241,2107.463867,-0.050209,0.005656,-0.000775,0.541655,0.499661,-0.716345,102530.015625,0.742812,0.000000,0.000000,0.000000,0.000000,0.000000,0.000000,0.000000,0.000000,0.000000,-60.365044,6956.073242
2.478843,1.000000,-8066.927734,-10.267216,2816.011136,2116.588867,6944.520508,289.643494,302.726440,328.652624,-16.066654,0.660842,3.572737,-61.617134,-20.023758,-20.675953,2104.085693,-0.048359,0.005525,-0.000769,0.545425,0.504235,-0.641833,102530.015625,0.744648,0.000000,0.000000,0.000000,0.000000,0.000000,0.000000,0.000000,0.000000,0.000000,-60.483765,6944.970215
2.532300,1.000000,-8057.923828,-10.248386,2812.713353,2113.303711,6933.729004,290.847076,302.830292,328.638803,-16.098986,0.666558,3.575222,-61.730640,-20.058482,-20.675335,2100.808350,-0.046696,0.005405,-0.000764,0.549060,0.508593,-0.571812,102530.015625,0.747240,0.000000,0.000000,0.000000,0.000000,0.000000,0.000000,0.000000,0.000000,0.000000,-60.597622,6934.344238
2.586147,1.000000,-8048.813965,-10.229275,2809.385417,2109.988525,6922.789063,291.969543,302.934814,328.625099,-16.127838,0.672071,3.580917,-61.843864,-20.093103,-20.674360,2097.492676,-0.045024,0.005287,-0.000758,0.552719,0.512908,-0.503938,102530.015625,0.750495,0.000000,0.000000,0.000000,0.000000,0.000000,0.000000,0.000000,0.000000,0.000000,-60.710651,6923.404297
2.641492,1.000000,-8039.474609,-10.209618,2805.958626,2106.574951,6911.552246,293.036346,303.041473,328.611426,-16.153767,0.677485,3.589865,-61.957943,-20.127965,-20.673018,2094.093506,-0.043472,0.005171,-0.000753,0.556451,0.517269,-0.437060,102530.015625,0.754213,0.000000,0.000000,0.000000,0.000000,0.000000,0.000000,0.000000,0.000000,0.000000,-60.824810,6912.167480
2.697190,1.000000,-8030.082520,-10.189781,2802.503681,2103.132813,6900.229980,294.027740,303.148010,328.598138,-16.176210,0.682679,3.601801,-62.070442,-20.162321,-20.671307,2090.675049,-0.042036,0.005055,-0.000748,0.560180,0.521590,-0.372587,102530.015625,0.758498,0.000000,0.000000,0.000000,0.000000,0.000000,0.000000,0.000000,0.000000,0.000000,-60.937424,6900.845215
2.751840,1.000000,-8020.840332,-10.170194,2799.107735,2099.749756,6889.068359,294.926544,303.252258,328.585740,-16.194824,0.687526,3.616146,-62.178745,-20.195362,-20.669292,2087.311279,-0.040704,0.004945,-0.000743,0.563829,0.525769,-0.312019,102530.015625,0.762997,0.000000,0.000000,0.000000,0.000000,0.000000,0.000000,0.000000,0.000000,0.000000,-61.045509,6889.835938
2.802670,1.000000,-8012.340820,-10.152116,2795.943932,2096.597900,6878.785645,295.702026,303.346588,328.575002,-16.209234,0.691825,3.631621,-62.276051,-20.225014,-20.667143,2084.217529,-0.039742,0.004845,-0.000739,0.567131,0.529603,-0.258474,102530.015625,0.768773,0.000000,0.000000,0.000000,0.000000,0.000000,0.000000,0.000000,0.000000,0.000000,-61.143608,6879.553223
2.852987,1.000000,-8003.792480,-10.133873,2792.807229,2093.472900,6868.427734,296.416412,303.442261,328.564858,-16.220884,0.695889,3.648793,-62.371407,-20.254043,-20.664717,2081.106201,-0.038620,0.004750,-0.000735,0.570479,0.533351,-0.207845,102530.015625,0.772810,0.000000,0.000000,0.000000,0.000000,0.000000,0.000000,0.000000,0.000000,0.000000,-61.238331,6869.195313
2.908919,1.000000,-7994.361816,-10.113675,2789.315001,2089.993896,6856.981445,297.152954,303.546326,328.554477,-16.230921,0.700176,3.669875,-62.473763,-20.285163,-20.661734,2077.673828,-0.037646,0.004647,-0.000730,0.574121,0.537467,-0.154266,102530.015625,0.778509,0.000000,0.000000,0.000000,0.000000,0.000000,0.000000,0.000000,0.000000,0.000000,-61.340706,6857.749023
2.959406,1.000000,-7985.827148,-10.095328,2786.157915,2086.848877,6846.606445,297.769592,303.639313,328.546024,-16.237480,0.703850,3.690493,-62.563599,-20.312431,-20.658758,2074.567383,-0.036802,0.004558,-0.000727,0.577376,0.541137,-0.108589,102530.015625,0.784417,0.000000,0.000000,0.000000,0.000000,0.000000,0.000000,0.000000,0.000000,0.000000,-61.430271,6847.553223
3.014914,1.000000,-7976.509766,-10.075222,2782.681741,2083.385498,6835.262207,298.399078,303.740692,328.537719,-16.242107,0.707672,3.714745,-62.658501,-20.341192,-20.655226,2071.176270,-0.036146,0.004461,-0.000723,0.580924,0.545127,-0.060999,102530.015625,0.790268,0.000000,0.000000,0.000000,0.000000,0.000000,0.000000,0.000000,0.000000,0.000000,-61.525589,6836.208984
3.069656,1.000000,-7967.241699,-10.055140,2779.248451,2079.965088,6823.960449,298.974426,303.840088,328.530600,-16.244173,0.711227,3.740019,-62.749352,-20.368669,-20.651421,2067.802979,-0.035365,0.004370,-0.000719,0.584403,0.549008,-0.017562,102530.015625,0.796618,0.000000,0.000000,0.000000,0.000000,0.000000,0.000000,0.000000,0.000000,0.000000,-61.616005,6824.907227
3.121361,1.000000,-7958.438477,-10.035989,2776.001215,2076.729736,6813.210938,299.478699,303.933990,328.524727,-16.244005,0.714396,3.765080,-62.832680,-20.393826,-20.647570,2064.598877,-0.034731,0.004285,-0.000716,0.587690,0.552643,0.021857,102530.015625,0.802671,0.000000,0.000000,0.000000,0.000000,0.000000,0.000000,0.000000,0.000000,0.000000,-61.698486,6814.157715
3.171889,1.000000,-7949.871094,-10.017276,2772.823878,2073.564453,6802.735352,299.937897,304.024292,328.520041,-16.241936,0.717321,3.790493,-62.910671,-20.417320,-20.643583,2061.480469,-0.034263,0.004207,-0.000713,0.590850,0.556159,0.057915,102530.015625,0.808948,0.000000,0.000000,0.000000,0.000000,0.000000,0.000000,0.000000,0.000000,0.000000,-61.775993,6803.816895
3.222198,1.000000,-7941.409180,-9.998720,2769.656515,2070.408447,6792.375488,300.364777,304.112457,328.516333,-16.238131,0.720066,3.816556,-62.984615,-20.439546,-20.639439,2058.400635,-0.034009,0.004128,-0.000711,0.593936,0.559622,0.091365,102530.015625,0.815365,0.000000,0.000000,0.000000,0.000000,0.000000,0.000000,0.000000,0.000000,0.000000,-61.850060,6793.457520
3.275442,1.000000,-7932.463867,-9.979023,2766.300415,2067.064697,6781.411621,300.786133,304.204437,328.513545,-16.232344,0.722784,3.844789,-63.059315,-20.461938,-20.634844,2055.144775,-0.033811,0.004049,-0.000708,0.597155,0.563245,0.123858,102530.015625,0.822325,0.000000,0.000000,0.000000,0.000000,0.000000,0.000000,0.000000,0.000000,0.000000,-61.924938,6782.493164
3.329447,1.000000,-7923.414063,-9.959009,2762.892389,2063.669189,6770.305664,301.183990,304.296722,328.511884,-16.224787,0.725358,3.873964,-63.131313,-20.483456,-20.629976,2051.850830,-0.033732,0.003971,-0.000706,0.600386,0.566877,0.154202,102530.015625,0.829148,0.000000,0.000000,0.000000,0.000000,0.000000,0.000000,0.000000,0.000000,0.000000,-61.997280,6771.387695
3.384497,1.000000,-7914.130371,-9.938385,2759.414518,2060.204346,6758.899902,301.561340,304.390076,328.511321,-16.215477,0.727797,3.904120,-63.201427,-20.504345,-20.624762,2048.471924,-0.033604,0.003893,-0.000704,0.603653,0.570536,0.182420,102530.015625,0.836323,0.000000,0.000000,0.000000,0.000000,0.000000,0.000000,0.000000,0.000000,0.000000,-62.067249,6760.167969
3.440896,1.000000,-7904.679688,-9.917294,2755.847556,2056.650391,6747.275879,301.920563,304.483887,328.511973,-16.204409,0.730106,3.935293,-63.268898,-20.524373,-20.619242,2045.032104,-0.033655,0.003814,-0.000702,0.606936,0.574239,0.208653,102530.015625,0.843592,0.000000,0.000000,0.000000,0.000000,0.000000,0.000000,0.000000,0.000000,0.000000,-62.134979,6748.543945
3.496110,1.000000,-7895.251953,-9.896152,2752.351969,2053.167725,6735.668457,302.247711,304.576385,328.513842,-16.192217,0.732186,3.965951,-63.332294,-20.543115,-20.613546,2041.600708,-0.033501,0.003741,-0.000700,0.610173,0.577822,0.231871,102530.015625,0.850671,0.000000,0.000000,0.000000,0.000000,0.000000,0.000000,0.000000,0.000000,0.000000,-62.197441,6736.936523
3.551352,1.000000,-7885.959961,-9.875215,2748.851280,2049.679688,6724.217285,302.552612,304.666138,328.516808,-16.178799,0.734092,3.996655,-63.391003,-20.560395,-20.607744,2038.218750,-0.033654,0.003669,-0.000698,0.613315,0.581365,0.252773,102530.015625,0.857813,0.000000,0.000000,0.000000,0.000000,0.000000,0.000000,0.000000,0.000000,0.000000,-62.256153,6725.619629
3.607515,1.000000,-7876.540039,-9.853886,2745.289029,2046.130371,6712.597168,302.841583,304.755890,328.520961,-16.164047,0.735856,4.027760,-63.446682,-20.576703,-20.601686,2034.790161,-0.033909,0.003599,-0.000696,0.616457,0.584922,0.271612,102530.015625,0.864968,0.000000,0.000000,0.000000,0.000000,0.000000,0.000000,0.000000,0.000000,0.000000,-62.311970,6713.999512
3.657751,1.000000,-7868.090820,-9.834665,2742.100157,2042.953003,6702.166504,303.083588,304.835358,328.525588,-16.150005,0.737292,4.055405,-63.493366,-20.590308,-20.596117,2031.714844,-0.034152,0.003539,-0.000695,0.619237,0.588066,0.286499,102530.015625,0.871230,0.000000,0.000000,0.000000,0.000000,0.000000,0.000000,0.000000,0.000000,0.000000,-62.358624,6703.568848
3.712747,1.000000,-7858.742676,-9.813299,2738.606556,2039.471924,6690.617676,303.331818,304.922211,328.531816,-16.133837,0.738711,4.085358,-63.541489,-20.604245,-20.589815,2028.312500,-0.034344,0.003473,-0.000694,0.622277,0.591467,0.300851,102530.015625,0.878064,0.000000,0.000000,0.000000,0.000000,0.000000,0.000000,0.000000,0.000000,0.000000,-62.406204,6692.020020
3.767947,1.000000,-7849.443848,-9.791940,2735.097483,2035.975586,6679.121582,303.565063,305.007385,328.539113,-16.116873,0.739980,4.115018,-63.585716,-20.616961,-20.583408,2024.927979,-0.034715,0.003412,-0.000693,0.625258,0.594839,0.313214,102530.015625,0.884728,0.000000,0.000000,0.000000,0.000000,0.000000,0.000000,0.000000,0.000000,0.000000,-62.450329,6680.632324
3.822311,1.000000,-7840.207031,-9.770616,2731.639288,2032.530029,6667.694336,303.780182,305.090607,328.547359,-16.099554,0.741084,4.143743,-63.626122,-20.628485,-20.576920,2021.566040,-0.035025,0.003350,-0.000692,0.628171,0.598119,0.323474,102530.015625,0.891326,0.000000,0.000000,0.000000,0.000000,0.000000,0.000000,0.000000,0.000000,0.000000,-62.490292,6669.205078
3.873704,1.000000,-7831.598145,-9.750643,2728.368182,2029.270752,6657.038086,303.971527,305.167328,328.555960,-16.082718,0.741995,4.170365,-63.660622,-20.638233,-20.570778,2018.432617,-0.035512,0.003295,-0.000691,0.630856,0.601178,0.331349,102530.015625,0.897387,0.000000,0.000000,0.000000,0.000000,0.000000,0.000000,0.000000,0.000000,0.000000,-62.524899,6658.548828
3.928935,1.000000,-7822.253906,-9.728856,2724.850918,2025.766113,6645.465820,304.164978,305.249573,328.566104,-16.064220,0.742836,4.198362,-63.694775,-20.647788,-20.564009,2015.031616,-0.035969,0.003236,-0.000690,0.633736,0.604428,0.338251,102530.015625,0.903707,0.000000,0.000000,0.000000,0.000000,0.000000,0.000000,0.000000,0.000000,0.000000,-62.558807,6646.976563
3.983029,1.000000,-7813.184570,-9.707603,2721.404352,2022.331909,6634.229004,304.343140,305.328430,328.576901,-16.045774,0.743521,4.225095,-63.724712,-20.656052,-20.557354,2011.730713,-0.036565,0.003182,-0.000689,0.636495,0.607572,0.343447,102530.015625,0.909673,0.000000,0.000000,0.000000,0.000000,0.000000,0.000000,0.000000,0.000000,0.000000,-62.588791,6635.979980
4.038732,1.000000,-7803.760254,-9.685399,2717.853682,2018.794067,6622.547363,304.515839,305.408630,328.589002,-16.026539,0.744090,4.251831,-63.752510,-20.663605,-20.550358,2008.300537,-0.037099,0.003125,-0.000688,0.639303,0.610766,0.347044,102530.015625,0.915950,0.000000,0.000000,0.000000,0.000000,0.000000,0.000000,0.000000,0.000000,0.000000,-62.616348,6624.297852
4.088833,1.000000,-7795.293457,-9.665350,2714.658869,2015.610718,6612.048828,304.662781,305.480011,328.600481,-16.009113,0.744496,4.275130,-63.774612,-20.669502,-20.544012,2005.218872,-0.037586,0.003079,-0.000688,0.641800,0.613594,0.348711,102530.015625,0.921054,0.000000,0.000000,0.000000,0.000000,0.000000,0.000000,0.000000,0.000000,0.000000,-62.638306,6613.799805
4.139676,1.000000,-7786.690430,-9.644879,2711.415700,2012.379150,6601.377930,304.803986,305.551086,328.612820,-15.991364,0.744801,4.298058,-63.794582,-20.674716,-20.537510,2002.087524,-0.038130,0.003030,-0.000687,0.644288,0.616436,0.349577,102530.015625,0.926414,0.000000,0.000000,0.000000,0.000000,0.000000,0.000000,0.000000,0.000000,0.000000,-62.658096,6603.128906
4.195292,1.000000,-7777.287598,-9.622390,2707.867014,2008.843018,6589.711914,304.950287,305.628052,328.626849,-15.971937,0.745012,4.322265,-63.813480,-20.679514,-20.530346,1998.665283,-0.038761,0.002980,-0.000687,0.646981,0.619505,0.349299,102530.015625,0.931847,0.000000,0.000000,0.000000,0.000000,0.000000,0.000000,0.000000,0.000000,0.000000,-62.676857,6591.539551
4.249673,1.000000,-7768.152344,-9.600428,2704.396214,2005.384766,6578.375977,305.085785,305.701569,328.641264,-15.952984,0.745103,4.345009,-63.829044,-20.683301,-20.523355,1995.340332,-0.039471,0.002931,-0.000686,0.649555,0.622466,0.347858,102530.015625,0.937036,0.000000,0.000000,0.000000,0.000000,0.000000,0.000000,0.000000,0.000000,0.000000,-62.692394,6580.203613
4.302962,1.000000,-7759.048340,-9.578424,2700.994377,2001.994995,6567.076660,305.211700,305.773987,328.656213,-15.934523,0.745089,4.366383,-63.841877,-20.686246,-20.516348,1992.026733,-0.040046,0.002885,-0.000686,0.652090,0.625328,0.345336,102530.015625,0.941844,0.000000,0.000000,0.000000,0.000000,0.000000,0.000000,0.000000,0.000000,0.000000,-62.704998,6568.904297
4.357475,1.000000,-7749.886719,-9.556166,2697.513792,1998.526611,6555.703613,305.334198,305.844879,328.671726,-15.915807,0.744969,4.387276,-63.852211,-20.688417,-20.509264,1988.692139,-0.040764,0.002842,-0.000686,0.654571,0.628216,0.341689,102530.015625,0.946923,0.000000,0.000000,0.000000,0.000000,0.000000,0.000000,0.000000,0.000000,0.000000,-62.715298,6557.531250
4.408134,1.000000,-7741.469727,-9.535615,2694.278849,1995.303345,6545.254883,305.442657,305.909607,328.686349,-15.898622,0.744762,4.405796,-63.859478,-20.689729,-20.502754,1985.628540,-0.041516,0.002804,-0.000685,0.656836,0.630861,0.337394,102530.015625,0.951079,0.000000,0.000000,0.000000,0.000000,0.000000,0.000000,0.000000,0.000000,0.000000,-62.722614,6547.242188
4.463894,1.000000,-7731.972656,-9.512305,2690.717821,1991.754883,6533.463867,305.556610,305.981720,328.703344,-15.879981,0.744430,4.425172,-63.865273,-20.690469,-20.495384,1982.171997,-0.042171,0.002757,-0.000685,0.659360,0.633732,0.331819,102530.015625,0.955488,0.000000,0.000000,0.000000,0.000000,0.000000,0.000000,0.000000,0.000000,0.000000,-62.728291,6535.451172
4.514221,1.000000,-7723.499512,-9.491405,2687.503558,1988.552246,6522.944336,305.654785,306.044891,328.718886,-15.863441,0.744040,4.441751,-63.868382,-20.690495,-20.488817,1979.088013,-0.042848,0.002717,-0.000685,0.661572,0.636287,0.326077,102530.015625,0.959349,0.000000,0.000000,0.000000,0.000000,0.000000,0.000000,0.000000,0.000000,0.000000,-62.731358,6524.932129
4.569641,1.000000,-7714.187500,-9.468318,2683.963911,1985.025024,6511.383789,305.758301,306.113190,328.736179,-15.845580,0.743526,4.459008,-63.869682,-20.689885,-20.481596,1975.698730,-0.043600,0.002680,-0.000684,0.663962,0.639063,0.319101,102530.015625,0.963442,0.000000,0.000000,0.000000,0.000000,0.000000,0.000000,0.000000,0.000000,0.000000,-62.732616,6513.541992
4.622771,1.000000,-7705.228027,-9.445990,2680.570529,1981.643799,6500.261230,305.853394,306.177765,328.753115,-15.828846,0.742943,4.474544,-63.868900,-20.688677,-20.474659,1972.437744,-0.044290,0.002641,-0.000684,0.666221,0.641682,0.311687,102530.015625,0.967153,0.000000,0.000000,0.000000,0.000000,0.000000,0.000000,0.000000,0.000000,0.000000,-62.731789,6502.419434
4.673120,1.000000,-7696.700195,-9.424633,2677.354863,1978.418457,6489.675293,305.939941,306.238678,328.769517,-15.813360,0.742313,4.488379,-63.866440,-20.687003,-20.468069,1969.333862,-0.044937,0.002605,-0.000684,0.668354,0.644132,0.304278,102530.015625,0.970428,0.000000,0.000000,0.000000,0.000000,0.000000,0.000000,0.000000,0.000000,0.000000,-62.729313,6491.833496
4.728101,1.000000,-7687.355957,-9.401114,2673.843567,1974.884277,6478.077148,306.031036,306.304565,328.787551,-15.796885,0.741544,4.502522,-63.861919,-20.684624,-20.460865,1965.932739,-0.045622,0.002564,-0.000684,0.670660,0.646771,0.295742,102530.015625,0.973779,0.000000,0.000000,0.000000,0.000000,0.000000,0.000000,0.000000,0.000000,0.000000,-62.724815,6480.235352
4.783176,1.000000,-7678.071777,-9.377625,2670.326579,1971.344849,6466.555176,306.118652,306.368713,328.805614,-15.780866,0.740684,4.515656,-63.855633,-20.681720,-20.453739,1962.553589,-0.046348,0.002525,-0.000683,0.672905,0.649376,0.286762,102530.015625,0.977008,0.000000,0.000000,0.000000,0.000000,0.000000,0.000000,0.000000,0.000000,0.000000,-62.718517,6468.710449
4.837721,1.000000,-7668.831543,-9.354126,2666.843837,1967.839478,6455.089844,306.202362,306.431915,328.823826,-15.765498,0.739757,4.527668,-63.847694,-20.678318,-20.446678,1959.190430,-0.047047,0.002490,-0.000683,0.675117,0.651918,0.277494,102530.015625,0.979972,0.000000,0.000000,0.000000,0.000000,0.000000,0.000000,0.000000,0.000000,0.000000,-62.710629,6457.245117
4.889350,1.000000,-7660.098145,-9.331805,2663.547731,1964.522339,6444.255859,306.278839,306.490204,328.841059,-15.751433,0.738813,4.538124,-63.838734,-20.674670,-20.440041,1956.011719,-0.047700,0.002457,-0.000683,0.677157,0.654289,0.268373,102530.015625,0.982687,0.000000,0.000000,0.000000,0.000000,0.000000,0.000000,0.000000,0.000000,0.000000,-62.701710,6446.410645
4.943913,1.000000,-7650.851563,-9.308054,2660.064863,1961.016846,6432.787109,306.357086,306.552216,328.859360,-15.737074,0.737747,4.548252,-63.827816,-20.670380,-20.433050,1952.646240,-0.048388,0.002425,-0.000682,0.679328,0.656761,0.258563,102530.015625,0.985172,0.000000,0.000000,0.000000,0.000000,0.000000,0.000000,0.000000,0.000000,0.000000,-62.690887,6434.942383
4.999709,1.000000,-7641.522461,-9.283967,2656.503953,1957.432861,6421.219238,306.434601,306.613220,328.877838,-15.722958,0.736585,4.557630,-63.815414,-20.665640,-20.426044,1949.250732,-0.049122,0.002393,-0.000682,0.681463,0.659252,0.248297,102530.015625,0.987641,0.000000,0.000000,0.000000,0.000000,0.000000,0.000000,0.000000,0.000000,0.000000,-62.678413,6423.146484
5.053358,1.000000,-7632.379883,-9.260242,2653.080767,1953.987671,6409.885742,306.506897,306.672150,328.895842,-15.709928,0.735399,4.565740,-63.802017,-20.660632,-20.419235,1945.923096,-0.049762,0.002363,-0.000682,0.683525,0.661614,0.238293,102530.015625,0.989866,0.000000,0.000000,0.000000,0.000000,0.000000,0.000000,0.000000,0.000000,0.000000,-62.665192,6411.812988
5.107644,1.000000,-7623.258789,-9.236456,2649.617701,1950.502197,6398.581543,306.578033,306.730225,328.913668,-15.697292,0.734133,4.573067,-63.787495,-20.655302,-20.412485,1942.603271,-0.050432,0.002331,-0.000682,0.685557,0.663970,0.228072,102530.015625,0.991881,0.000000,0.000000,0.000000,0.000000,0.000000,0.000000,0.000000,0.000000,0.000000,-62.650669,6400.508789
5.162447,1.000000,-7614.049805,-9.212321,2646.122497,1946.984375,6387.172852,306.647797,306.788177,328.931554,-15.685103,0.732790,4.579585,-63.771748,-20.649605,-20.405735,1939.251587,-0.051102,0.002299,-0.000681,0.687586,0.666314,0.217703,102530.015625,0.993742,0.000000,0.000000,0.000000,0.000000,0.000000,0.000000,0.000000,0.000000,0.000000,-62.634926,6389.100098
5.217973,1.000000,-7604.666016,-9.187606,2642.582103,1943.420898,6375.550293,306.716766,306.846375,328.949588,-15.673326,0.731364,4.585330,-63.754696,-20.643513,-20.398909,1935.836060,-0.051739,0.002268,-0.000681,0.689623,0.668654,0.207171,102530.015625,0.995464,0.000000,0.000000,0.000000,0.000000,0.000000,0.000000,0.000000,0.000000,0.000000,-62.617970,6377.153320
5.272448,1.000000,-7595.679688,-9.163821,2639.109678,1939.926025,6364.423828,306.782776,306.901215,328.966702,-15.662342,0.729913,4.590136,-63.737476,-20.637424,-20.392429,1932.565308,-0.052392,0.002239,-0.000681,0.691543,0.670914,0.196857,102530.015625,0.996967,0.000000,0.000000,0.000000,0.000000,0.000000,0.000000,0.000000,0.000000,0.000000,-62.600430,6366.026855
5.324213,1.000000,-7586.752441,-9.140082,2635.810912,1936.605713,6353.374023,306.844086,306.955170,328.983460,-15.652430,0.728477,4.593973,-63.719608,-20.631163,-20.386059,1929.316162,-0.052922,0.002211,-0.000681,0.693431,0.673033,0.187142,102530.015625,0.998312,0.000000,0.000000,0.000000,0.000000,0.000000,0.000000,0.000000,0.000000,0.000000,-62.583019,6354.977539
5.376436,1.000000,-7577.984375,-9.116661,2632.483902,1933.257080,6342.525391,306.904663,307.007751,328.999655,-15.642936,0.726983,4.597150,-63.701378,-20.624828,-20.379858,1926.124756,-0.053490,0.002187,-0.000680,0.695271,0.675144,0.177452,102530.015625,0.999465,0.000000,0.000000,0.000000,0.000000,0.000000,0.000000,0.000000,0.000000,0.000000,-62.564785,6344.128418
5.427649,1.000000,-7569.252930,-9.093231,2629.222186,1929.974243,6331.725586,306.962982,307.059387,329.015583,-15.634114,0.725470,4.599614,-63.682621,-20.618352,-20.373751,1922.946777,-0.054017,0.002159,-0.000680,0.697078,0.677189,0.168075,102530.015625,1.000509,0.000000,0.000000,0.000000,0.000000,0.000000,0.000000,0.000000,0.000000,0.000000,-62.546310,6333.039063
5.482524,1.000000,-7559.985352,-9.068247,2625.728332,1926.457520,6320.267090,307.024536,307.109558,329.032163,-15.625196,0.723799,4.601569,-63.662125,-20.611322,-20.367332,1919.573730,-0.054560,0.002127,-0.000680,0.698834,0.679344,0.158117,102530.015625,1.001826,0.000000,0.000000,0.000000,0.000000,0.000000,0.000000,0.000000,0.000000,0.000000,-62.525925,6321.580078
5.538534,1.000000,-7550.604492,-9.042839,2622.163384,1922.869385,6308.672363,307.086090,307.167572,329.048536,-15.616648,0.722047,4.602868,-63.640816,-20.604064,-20.360909,1916.159302,-0.055125,0.002103,-0.000679,0.700865,0.681520,0.148235,102530.015625,1.002380,0.000000,0.000000,0.000000,0.000000,0.000000,0.000000,0.000000,0.000000,0.000000,-62.504585,6309.985840
5.594116,1.000000,-7541.079102,-9.016919,2618.626881,1919.309937,6296.904297,307.146088,307.223358,329.064790,-15.608694,0.720261,4.603515,-63.618690,-20.596570,-20.354462,1912.692383,-0.055647,0.002076,-0.000679,0.702817,0.683657,0.138678,102530.015625,1.003061,0.000000,0.000000,0.000000,0.000000,0.000000,0.000000,0.000000,0.000000,0.000000,-62.482933,6297.899902
5.649446,1.000000,-7531.710449,-8.991307,2615.107630,1915.767578,6285.333984,307.204926,307.276733,329.080421,-15.601300,0.718435,4.603531,-63.596539,-20.589104,-20.348198,1909.282471,-0.056161,0.002049,-0.000678,0.704686,0.685758,0.129392,102530.015625,1.003669,0.000000,0.000000,0.000000,0.000000,0.000000,0.000000,0.000000,0.000000,0.000000,-62.460991,6286.329590
5.701386,1.000000,-7523.067871,-8.967577,2611.805125,1912.443604,6274.665039,307.259430,307.325226,329.094450,-15.594820,0.716680,4.603018,-63.575768,-20.582140,-20.342491,1906.136841,-0.056647,0.002024,-0.000678,0.706383,0.687706,0.120896,102530.015625,1.004138,0.000000,0.000000,0.000000,0.000000,0.000000,0.000000,0.000000,0.000000,0.000000,-62.440060,6275.660645
5.752015,1.000000,-7514.485352,-8.943913,2608.587040,1909.204590,6264.073730,307.311859,307.373169,329.108035,-15.588925,0.714924,4.602034,-63.554890,-20.575169,-20.336887,1903.013062,-0.057089,0.001999,-0.000677,0.708060,0.689584,0.112837,102530.015625,1.004498,0.000000,0.000000,0.000000,0.000000,0.000000,0.000000,0.000000,0.000000,0.000000,-62.419407,6265.069824
5.804609,1.000000,-7505.627930,-8.919392,2605.245181,1905.840576,6253.147949,307.365692,307.421997,329.121590,-15.583228,0.713070,4.600552,-63.533123,-20.567936,-20.331177,1899.789185,-0.057538,0.001977,-0.000677,0.709770,0.691511,0.104707,102530.015625,1.004786,0.000000,0.000000,0.000000,0.000000,0.000000,0.000000,0.000000,0.000000,0.000000,-62.397736,6253.987793
5.857227,1.000000,-7496.687500,-8.894535,2601.902953,1902.476318,6242.123535,307.418915,307.470764,329.134908,-15.577951,0.711181,4.598612,-63.510963,-20.560600,-20.325478,1896.535156,-0.057966,0.001952,-0.000676,0.711477,0.693417,0.096840,102530.015625,1.004988,0.000000,0.000000,0.000000,0.000000,0.000000,0.000000,0.000000,0.000000,0.000000,-62.375877,6242.963379
5.907368,1.000000,-7488.214355,-8.870881,2598.719144,1899.271851,6231.679688,307.469269,307.516968,329.147158,-15.573297,0.709351,4.596375,-63.489830,-20.553630,-20.320139,1893.451172,-0.058362,0.001932,-0.000676,0.713094,0.695215,0.089596,102530.015625,1.005102,0.000000,0.000000,0.000000,0.000000,0.000000,0.000000,0.000000,0.000000,0.000000,-62.354919,6232.519043
5.963451,1.000000,-7478.706055,-8.844227,2595.159293,1895.688477,6219.963867,307.524963,307.567841,329.160357,-15.568514,0.707269,4.593450,-63.466015,-20.545809,-20.314226,1889.990479,-0.058787,0.001905,-0.000675,0.714875,0.697204,0.081798,102530.015625,1.005152,0.000000,0.000000,0.000000,0.000000,0.000000,0.000000,0.000000,0.000000,0.000000,-62.331387,6220.803223
6.015551,1.000000,-7469.982422,-8.819672,2591.853459,1892.361084,6209.219727,307.576294,307.614075,329.171984,-15.564458,0.705299,4.590355,-63.444099,-20.538642,-20.308880,1886.815308,-0.059176,0.001885,-0.000675,0.716493,0.699030,0.074839,102530.015625,1.005122,0.000000,0.000000,0.000000,0.000000,0.000000,0.000000,0.000000,0.000000,0.000000,-62.309464,6209.683594
6.072912,1.000000,-7460.386230,-8.792548,2588.215140,1888.698730,6197.405762,307.632233,307.664673,329.184233,-15.560391,0.703100,4.586574,-63.419968,-20.530782,-20.303066,1883.322510,-0.059580,0.001864,-0.000674,0.718264,0.701019,0.067513,102530.015625,1.005014,0.000000,0.000000,0.000000,0.000000,0.000000,0.000000,0.000000,0.000000,0.000000,-62.285309,6197.869141
6.128377,1.000000,-7450.750488,-8.765199,2584.698409,1885.158936,6185.547852,307.686005,307.715027,329.196038,-15.556849,0.700944,4.582560,-63.395744,-20.522919,-20.297323,1879.815430,-0.059953,0.001838,-0.000673,0.720026,0.702920,0.060761,102530.015625,1.004861,0.000000,0.000000,0.000000,0.000000,0.000000,0.000000,0.000000,0.000000,0.000000,-62.261959,6186.011719
6.184836,1.000000,-7441.356445,-8.738423,2581.119997,1881.556885,6173.992188,307.740356,307.763367,329.206983,-15.553627,0.698708,4.578135,-63.372158,-20.515295,-20.291792,1876.396240,-0.060325,0.001814,-0.000673,0.721718,0.704834,0.054222,102530.015625,1.004628,0.000000,0.000000,0.000000,0.000000,0.000000,0.000000,0.000000,0.000000,0.000000,-62.238232,6174.456055
6.239579,1.000000,-7432.014160,-8.711689,2577.651635,1878.065430,6162.504883,307.792633,307.810974,329.217305,-15.550838,0.696520,4.573557,-63.348778,-20.507766,-20.286369,1872.995972,-0.060665,0.001793,-0.000672,0.723384,0.706671,0.048206,102530.015625,1.004347,0.000000,0.000000,0.000000,0.000000,0.000000,0.000000,0.000000,0.000000,0.000000,-62.215302,6162.770020
6.292706,1.000000,-7423.017090,-8.685844,2574.286870,1874.679321,6151.446777,307.842896,307.856903,329.226678,-15.548440,0.694364,4.568869,-63.326355,-20.500576,-20.281227,1869.721313,-0.060987,0.001771,-0.000671,0.724991,0.708432,0.042665,102530.015625,1.004027,0.000000,0.000000,0.000000,0.000000,0.000000,0.000000,0.000000,0.000000,0.000000,-62.193146,6151.712402
6.348690,1.000000,-7413.587402,-8.658651,2570.742439,1871.111938,6139.861328,307.895599,307.904266,329.236021,-15.546222,0.692063,4.563685,-63.302971,-20.493103,-20.275906,1866.289185,-0.061315,0.001748,-0.000670,0.726649,0.710271,0.037149,102530.015625,1.003653,0.000000,0.000000,0.000000,0.000000,0.000000,0.000000,0.000000,0.000000,0.000000,-62.169922,6140.126465
6.404538,1.000000,-7404.201172,-8.631479,2567.207923,1867.554688,6128.333496,307.947906,307.950928,329.244712,-15.544304,0.689742,4.558297,-63.279846,-20.485743,-20.270683,1862.872925,-0.061626,0.001727,-0.000670,0.728282,0.712088,0.031965,102530.015625,1.003233,0.000000,0.000000,0.000000,0.000000,0.000000,0.000000,0.000000,0.000000,0.000000,-62.146908,6128.295410
6.454822,1.000000,-7395.652832,-8.606644,2564.026648,1864.352539,6117.838867,307.994720,307.993164,329.252186,-15.542815,0.687624,4.553276,-63.258930,-20.479107,-20.265993,1859.761597,-0.061896,0.001706,-0.000669,0.729761,0.713706,0.027569,102530.015625,1.002830,0.000000,0.000000,0.000000,0.000000,0.000000,0.000000,0.000000,0.000000,0.000000,-62.126339,6117.800781
6.506688,1.000000,-7386.818848,-8.580888,2560.746379,1861.051025,6106.997070,308.042755,308.035980,329.259364,-15.541504,0.685422,4.547949,-63.237473,-20.472328,-20.261206,1856.546265,-0.062158,0.001685,-0.000668,0.731259,0.715359,0.023296,102530.015625,1.002385,0.000000,0.000000,0.000000,0.000000,0.000000,0.000000,0.000000,0.000000,0.000000,-62.105274,6106.958984
6.562576,1.000000,-7377.413086,-8.553369,2557.212966,1857.494629,6095.458496,308.094208,308.082489,329.266423,-15.540342,0.683023,4.542052,-63.214821,-20.465200,-20.256184,1853.122803,-0.062437,0.001662,-0.000667,0.732887,0.717125,0.018991,102530.015625,1.001867,0.000000,0.000000,0.000000,0.000000,0.000000,0.000000,0.000000,0.000000,0.000000,-62.082783,6095.419922
6.614478,1.000000,-7368.655273,-8.527655,2553.932694,1854.193115,6084.718262,308.141785,308.124695,329.272444,-15.539470,0.680767,4.536457,-63.193928,-20.458654,-20.251574,1849.935181,-0.062684,0.001643,-0.000666,0.734364,0.718749,0.015262,102530.015625,1.001358,0.000000,0.000000,0.000000,0.000000,0.000000,0.000000,0.000000,0.000000,0.000000,-62.062092,6084.367188
6.664903,1.000000,-7360.142578,-8.502581,2550.746804,1850.986572,6074.282715,308.187805,308.165619,329.277902,-15.538795,0.678562,4.530927,-63.173805,-20.452368,-20.247150,1846.836914,-0.062918,0.001622,-0.000665,0.735796,0.720313,0.011877,102530.015625,1.000862,0.000000,0.000000,0.000000,0.000000,0.000000,0.000000,0.000000,0.000000,0.000000,-62.042179,6073.931641
6.714967,1.000000,-7351.629883,-8.477425,2547.584721,1847.803711,6063.850586,308.233246,308.206085,329.282915,-15.538281,0.676350,4.525362,-63.153873,-20.446164,-20.242786,1843.738525,-0.063144,0.001601,-0.000664,0.737213,0.721853,0.008740,102530.015625,1.000352,0.000000,0.000000,0.000000,0.000000,0.000000,0.000000,0.000000,0.000000,0.000000,-62.022602,6063.499512
6.770711,1.000000,-7342.188477,-8.449430,2544.065044,1844.260986,6052.283691,308.283569,308.250702,329.287898,-15.537884,0.673871,4.519094,-63.132000,-20.439384,-20.238007,1840.302124,-0.063380,0.001580,-0.000663,0.738775,0.723554,0.005497,102530.015625,0.999763,0.000000,0.000000,0.000000,0.000000,0.000000,0.000000,0.000000,0.000000,0.000000,-62.001034,6051.932617
6.821945,1.000000,-7333.567383,-8.423785,2540.831195,1841.006348,6041.726563,308.329590,308.291077,329.291902,-15.537689,0.671574,4.513257,-63.112251,-20.433291,-20.233713,1837.164307,-0.063598,0.001562,-0.000662,0.740188,0.725102,0.002751,102530.015625,0.999216,0.000000,0.000000,0.000000,0.000000,0.000000,0.000000,0.000000,0.000000,0.000000,-61.981441,6041.225098
6.874754,1.000000,-7324.731445,-8.397416,2537.499001,1837.652344,6030.909180,308.376892,308.331879,329.295520,-15.537626,0.669180,4.507196,-63.092228,-20.427138,-20.229362,1833.948242,-0.063810,0.001541,-0.000660,0.741616,0.726678,0.000148,102530.015625,0.998650,0.000000,0.000000,0.000000,0.000000,0.000000,0.000000,0.000000,0.000000,0.000000,-61.961468,6030.407715
6.926204,1.000000,-7315.953613,-8.371139,2534.253569,1834.385742,6020.166016,308.422729,308.372589,329.298635,-15.537696,0.666835,4.501261,-63.072563,-20.421120,-20.225092,1830.753418,-0.064003,0.001521,-0.000659,0.743041,0.728207,-0.002184,102530.015625,0.998081,0.000000,0.000000,0.000000,0.000000,0.000000,0.000000,0.000000,0.000000,0.000000,-61.942242,6019.664551
6.977944,1.000000,-7307.216309,-8.344904,2530.990846,1831.118652,6009.476074,308.468597,308.412384,329.301215,-15.537875,0.664460,4.495280,-63.053226,-20.415229,-20.220901,1827.573242,-0.064193,0.001500,-0.000658,0.744434,0.729732,-0.004324,102530.015625,0.997503,0.000000,0.000000,0.000000,0.000000,0.000000,0.000000,0.000000,0.000000,0.000000,-61.923138,6008.974609
7.029607,1.000000,-7298.418457,-8.318408,2527.733971,1827.870605,5998.716309,308.514282,308.452606,329.303351,-15.538160,0.662070,4.489293,-63.033989,-20.409393,-20.216745,1824.371094,-0.064384,0.001480,-0.000657,0.745842,0.731242,-0.006263,102530.015625,0.996927,0.000000,0.000000,0.000000,0.000000,0.000000,0.000000,0.000000,0.000000,0.000000,-61.904301,5997.506836
7.079918,1.000000,-7289.896484,-8.292667,2524.563268,1824.768311,5988.296387,308.558502,308.491791,329.304893,-15.538523,0.659732,4.483473,-63.015579,-20.403836,-20.212765,1821.269409,-0.064556,0.001460,-0.000655,0.747213,0.732702,-0.007978,102530.015625,0.996367,0.000000,0.000000,0.000000,0.000000,0.000000,0.000000,0.000000,0.000000,0.000000,-61.886173,5987.087402
7.136526,1.000000,-7280.423828,-8.263969,2520.996811,1821.294434,5976.717285,308.608002,308.534760,329.306139,-15.539028,0.657090,4.476930,-62.995369,-20.397760,-20.208393,1817.821655,-0.064745,0.001444,-0.000654,0.748717,0.734334,-0.009706,102530.015625,0.995742,0.000000,0.000000,0.000000,0.000000,0.000000,0.000000,0.000000,0.000000,0.000000,-61.866043,5975.508301
7.186809,1.000000,-7271.865234,-8.237965,2517.829808,1818.209473,5966.259277,308.651642,308.573242,329.306791,-15.539559,0.654728,4.471137,-62.977341,-20.392366,-20.204510,1814.706543,-0.064916,0.001426,-0.000652,0.750063,0.735772,-0.011070,102530.015625,0.995187,0.000000,0.000000,0.000000,0.000000,0.000000,0.000000,0.000000,0.000000,0.000000,-61.848396,5965.050293
7.238198,1.000000,-7263.190430,-8.211532,2514.594068,1815.057617,5955.662109,308.696106,308.611938,329.306940,-15.540162,0.652300,4.465245,-62.959293,-20.386995,-20.200609,1811.549194,-0.065073,0.001409,-0.000651,0.751418,0.737231,-0.012310,102530.015625,0.994631,0.000000,0.000000,0.000000,0.000000,0.000000,0.000000,0.000000,0.000000,0.000000,-61.830585,5955.592773
7.294154,1.000000,-7253.640625,-8.182349,2511.071811,1811.626709,5943.999512,308.744293,308.654419,329.306614,-15.540884,0.649639,4.458873,-62.939690,-20.381188,-20.196381,1808.073364,-0.065243,0.001392,-0.000649,0.752904,0.738809,-0.013494,102530.015625,0.994031,0.000000,0.000000,0.000000,0.000000,0.000000,0.000000,0.000000,0.000000,0.000000,-61.811451,5943.930664
7.344533,1.000000,-7245.125000,-8.156253,2507.901532,1808.538818,5933.603027,308.787506,308.691650,329.305872,-15.541591,0.647233,4.453169,-62.922428,-20.376100,-20.192659,1804.973877,-0.065396,0.001374,-0.000648,0.754208,0.740220,-0.014419,102530.015625,0.993502,0.000000,0.000000,0.000000,0.000000,0.000000,0.000000,0.000000,0.000000,0.000000,-61.794445,5933.534180
7.396206,1.000000,-7236.486328,-8.129711,2504.650720,1805.372192,5923.059570,308.831543,308.729309,329.304656,-15.542355,0.644747,4.447366,-62.905132,-20.371028,-20.188936,1801.829712,-0.065556,0.001355,-0.000646,0.755526,0.741656,-0.015232,102530.015625,0.992956,0.000000,0.000000,0.000000,0.000000,0.000000,0.000000,0.000000,0.000000,0.000000,-61.777218,5922.990723
7.448320,1.000000,-7227.639160,-8.102457,2501.373073,1802.179688,5912.264160,308.875854,308.767975,329.302965,-15.543167,0.642228,4.441567,-62.887634,-20.365923,-20.185165,1798.609619,-0.065704,0.001339,-0.000645,0.756879,0.743093,-0.015929,102530.015625,0.992421,0.000000,0.000000,0.000000,0.000000,0.000000,0.000000,0.000000,0.000000,0.000000,-61.760067,5913.207031
7.501336,1.000000,-7218.691406,-8.074819,2498.039631,1798.932617,5901.349121,308.920776,308.806488,329.300770,-15.544029,0.639656,4.435719,-62.870155,-20.360852,-20.181400,1795.352905,-0.065853,0.001320,-0.000643,0.758227,0.744540,-0.016517,102530.015625,0.991881,0.000000,0.000000,0.000000,0.000000,0.000000,0.000000,0.000000,0.000000,0.000000,-61.742836,5902.291992
7.556990,1.000000,-7209.235840,-8.045537,2494.541300,1795.525146,5889.817383,308.967468,308.847198,329.297893,-15.544958,0.636940,4.429655,-62.851917,-20.355593,-20.177471,1791.911255,-0.066001,0.001299,-0.000641,0.759652,0.746055,-0.017007,102530.015625,0.991321,0.000000,0.000000,0.000000,0.000000,0.000000,0.000000,0.000000,0.000000,0.000000,-61.724979,5890.760254
7.608615,1.000000,-7200.460938,-8.018291,2491.297123,1792.365234,5879.118652,309.010529,308.884369,329.294809,-15.545844,0.634413,4.424098,-62.835205,-20.350800,-20.173872,1788.717529,-0.066137,0.001281,-0.000640,0.760953,0.747448,-0.017358,102530.015625,0.990822,0.000000,0.000000,0.000000,0.000000,0.000000,0.000000,0.000000,0.000000,0.000000,-61.708630,5880.062012
7.663480,1.000000,-7191.175781,-7.989390,2487.850272,1788.928711,5867.801758,309.055969,308.923584,329.291012,-15.546803,0.631712,4.418262,-62.817749,-20.345825,-20.170120,1785.338013,-0.066282,0.001262,-0.000638,0.762325,0.748920,-0.017633,102530.015625,0.990298,0.000000,0.000000,0.000000,0.000000,0.000000,0.000000,0.000000,0.000000,0.000000,-61.691475,5869.794434
7.718507,1.000000,-7181.926270,-7.960525,2484.394198,1785.474365,5856.529785,309.101349,308.962311,329.286800,-15.547772,0.628991,4.412495,-62.800568,-20.340955,-20.166416,1781.971436,-0.066420,0.001243,-0.000636,0.763680,0.750385,-0.017798,102530.015625,0.989781,0.000000,0.000000,0.000000,0.000000,0.000000,0.000000,0.000000,0.000000,0.000000,-61.674488,5858.522461
7.771922,1.000000,-7173.030762,-7.932697,2481.040273,1782.122070,5845.693359,309.145142,308.998657,329.282351,-15.548728,0.626335,4.406963,-62.784245,-20.336353,-20.162914,1778.733765,-0.066569,0.001224,-0.000634,0.764953,0.751795,-0.017885,102530.015625,0.989315,0.000000,0.000000,0.000000,0.000000,0.000000,0.000000,0.000000,0.000000,0.000000,-61.658199,5847.686035
7.825945,1.000000,-7163.788086,-7.903712,2477.649066,1778.732544,5834.435547,309.189148,309.037170,329.277220,-15.549695,0.623641,4.401453,-62.767471,-20.331656,-20.159311,1775.369629,-0.066695,0.001205,-0.000632,0.766301,0.753208,-0.017909,102530.015625,0.988831,0.000000,0.000000,0.000000,0.000000,0.000000,0.000000,0.000000,0.000000,0.000000,-61.641918,5836.785645
7.881401,1.000000,-7154.383301,-7.874147,2474.168830,1775.254150,5822.983887,309.234131,309.075653,329.271495,-15.550689,0.620861,4.395882,-62.750610,-20.326966,-20.155697,1771.946655,-0.066829,0.001183,-0.000630,0.767648,0.754647,-0.017852,102530.015625,0.988350,0.000000,0.000000,0.000000,0.000000,0.000000,0.000000,0.000000,0.000000,0.000000,-61.625408,5825.333984
7.932227,1.000000,-7145.776367,-7.847030,2470.979968,1772.066650,5812.506836,309.275024,309.110687,329.265949,-15.551589,0.618302,4.390852,-62.735355,-20.322743,-20.152435,1768.813965,-0.066960,0.001166,-0.000628,0.768874,0.755961,-0.017735,102530.015625,0.987931,0.000000,0.000000,0.000000,0.000000,0.000000,0.000000,0.000000,0.000000,0.000000,-61.610447,5814.856934
7.987058,1.000000,-7136.700684,-7.818369,2467.540693,1768.629150,5801.460449,309.318817,309.146912,329.259601,-15.552553,0.615529,4.385516,-62.719429,-20.318365,-20.149027,1765.510620,-0.067098,0.001146,-0.000625,0.770142,0.757365,-0.017565,102530.015625,0.987506,0.000000,0.000000,0.000000,0.000000,0.000000,0.000000,0.000000,0.000000,0.000000,-61.594479,5803.810547
8.040266,1.000000,-7127.749512,-7.790039,2464.204071,1765.294189,5790.568848,309.361084,309.182312,329.252928,-15.553493,0.612825,4.380408,-62.703888,-20.314120,-20.145710,1762.252686,-0.067225,0.001123,-0.000623,0.771381,0.758714,-0.017360,102530.015625,0.987082,0.000000,0.000000,0.000000,0.000000,0.000000,0.000000,0.000000,0.000000,0.000000,-61.579151,5792.889160
8.096079,1.000000,-7118.125000,-7.759511,2460.704975,1761.796875,5778.860840,309.405090,309.221069,329.245246,-15.554458,0.609984,4.375150,-62.687366,-20.309640,-20.142195,1758.749634,-0.067348,0.001100,-0.000620,0.772737,0.760121,-0.017081,102530.015625,0.986637,0.000000,0.000000,0.000000,0.000000,0.000000,0.000000,0.000000,0.000000,0.000000,-61.563255,5781.181152
8.147268,1.000000,-7109.402832,-7.731786,2457.496561,1758.589844,5768.251953,309.445221,309.255463,329.237890,-15.555320,0.607374,4.370417,-62.672543,-20.305646,-20.139038,1755.575073,-0.067459,0.001081,-0.000618,0.773941,0.761405,-0.016775,102530.015625,0.986251,0.000000,0.000000,0.000000,0.000000,0.000000,0.000000,0.000000,0.000000,0.000000,-61.548828,5770.572266
8.198226,1.000000,-7100.826172,-7.704470,2454.303368,1755.398193,5757.823242,309.484894,309.289154,329.230297,-15.556161,0.604763,4.365783,-62.658112,-20.301782,-20.135975,1752.453369,-0.067578,0.001063,-0.000616,0.775121,0.762674,-0.016437,102530.015625,0.985891,0.000000,0.000000,0.000000,0.000000,0.000000,0.000000,0.000000,0.000000,0.000000,-61.534611,5760.143555
8.249433,1.000000,-7092.175781,-7.676865,2451.095311,1752.191528,5747.306641,309.524384,309.322693,329.222318,-15.556992,0.602136,4.361202,-62.643692,-20.297943,-20.132925,1749.304932,-0.067700,0.001044,-0.000613,0.776294,0.763940,-0.016068,102530.015625,0.985536,0.000000,0.000000,0.000000,0.000000,0.000000,0.000000,0.000000,0.000000,0.000000,-61.520462,5749.634766
8.300147,1.000000,-7083.559570,-7.649315,2447.918864,1749.016724,5736.833984,309.563263,309.355804,329.213953,-15.557794,0.599525,4.356744,-62.629452,-20.294179,-20.129915,1746.168823,-0.067810,0.001025,-0.000611,0.777453,0.765185,-0.015681,102530.015625,0.985202,0.000000,0.000000,0.000000,0.000000,0.000000,0.000000,0.000000,0.000000,0.000000,-61.506569,5739.162109
8.354269,1.000000,-7075.061035,-7.622089,2444.529750,1745.629150,5726.506348,309.604492,309.388519,329.205470,-15.558625,0.596730,4.352064,-62.615524,-20.290514,-20.126984,1743.075684,-0.067974,0.001016,-0.000608,0.778598,0.766504,-0.015242,102530.015625,0.984859,0.000000,0.000000,0.000000,0.000000,0.000000,0.000000,0.000000,0.000000,0.000000,-61.491875,5728.834473
8.404908,1.000000,-7065.924316,-7.592760,2441.359469,1742.460205,5715.404785,309.642792,309.423126,329.195860,-15.559385,0.594110,4.347761,-62.600674,-20.286638,-20.123861,1739.750122,-0.068047,0.000988,-0.000605,0.779809,0.767728,-0.014837,102530.015625,0.984531,0.000000,0.000000,0.000000,0.000000,0.000000,0.000000,0.000000,0.000000,0.000000,-61.478249,5717.732910
8.455138,1.000000,-7057.346191,-7.565172,2438.215486,1739.317871,5704.984375,309.680420,309.455475,329.186517,-15.560118,0.591505,4.343564,-62.586845,-20.283050,-20.120970,1736.628052,-0.068155,0.000970,-0.000603,0.780000,0.768901,-0.014411,102530.015625,0.984233,0.000000,0.000000,0.000000,0.000000,0.000000,0.000000,0.000000,0.000000,0.000000,-61.464832,5707.350586
8.506071,1.000000,-7048.804199,-7.537653,2435.028199,1736.132080,5694.610352,309.718292,309.487396,329.176818,-15.560845,0.588852,4.339379,-62.573177,-20.279530,-20.118126,1733.518921,-0.068272,0.000951,-0.000600,0.780000,0.769980,-0.013989,102530.015625,0.983925,0.000000,0.000000,0.000000,0.000000,0.000000,0.000000,0.000000,0.000000,0.000000,-61.451340,5696.976074
8.558334,1.000000,-7039.992188,-7.509212,2431.758410,1732.863525,5683.909668,309.756805,309.519836,329.166585,-15.561567,0.586131,4.335156,-62.559196,-20.275947,-20.115217,1730.311646,-0.068379,0.000931,-0.000597,0.780000,0.770977,-0.013586,102530.015625,0.983630,0.000000,0.000000,0.000000,0.000000,0.000000,0.000000,0.000000,0.000000,0.000000,-61.437611,5686.275391
8.608674,1.000000,-7031.405762,-7.481452,2428.609620,1729.716187,5673.485352,309.793762,309.551941,329.156234,-15.562243,0.583501,4.331160,-62.545681,-20.272509,-20.112419,1727.186401,-0.068472,0.000913,-0.000594,0.780000,0.771844,-0.013229,102530.015625,0.983308,0.000000,0.000000,0.000000,0.000000,0.000000,0.000000,0.000000,0.000000,0.000000,-61.424503,5675.851074
8.659360,1.000000,-7022.809082,-7.453612,2425.439865,1726.547852,5663.050293,309.830597,309.583527,329.145704,-15.562902,0.580844,4.327208,-62.532288,-20.269117,-20.109650,1724.057495,-0.068562,0.000893,-0.000591,0.780000,0.772633,-0.012901,102530.015625,0.982999,0.000000,0.000000,0.000000,0.000000,0.000000,0.000000,0.000000,0.000000,0.000000,-61.411442,5665.459473
8.714555,1.000000,-7013.497559,-7.423401,2421.988894,1723.098511,5651.749512,309.870453,309.618011,329.133899,-15.563606,0.577944,4.322980,-62.517902,-20.265501,-20.106680,1720.668335,-0.068650,0.000874,-0.000588,0.780000,0.773405,-0.012574,102530.015625,0.982659,0.000000,0.000000,0.000000,0.000000,0.000000,0.000000,0.000000,0.000000,0.000000,-61.397339,5654.158691
8.768969,1.000000,-7004.291504,-7.393482,2418.587527,1719.698608,5640.579102,309.909332,309.651947,329.121946,-15.564287,0.575080,4.318878,-62.503819,-20.261983,-20.103783,1717.317627,-0.068730,0.000853,-0.000585,0.780000,0.774087,-0.012280,102530.015625,0.982308,0.000000,0.000000,0.000000,0.000000,0.000000,0.000000,0.000000,0.000000,0.000000,-61.383575,5642.988281
8.825284,1.000000,-6994.869141,-7.362806,2415.068132,1716.180664,5629.148438,309.949280,309.686096,329.109281,-15.564974,0.572108,4.314723,-62.489555,-20.258451,-20.100851,1713.888184,-0.068804,0.000834,-0.000582,0.780000,0.774719,-0.011999,102530.015625,0.981968,0.000000,0.000000,0.000000,0.000000,0.000000,0.000000,0.000000,0.000000,0.000000,-61.369492,5631.557617
8.878598,1.000000,-6985.795410,-7.333219,2411.737028,1712.850952,5618.143066,309.986694,309.718964,329.096883,-15.565609,0.569289,4.310860,-62.475967,-20.255105,-20.098070,1710.585693,-0.068865,0.000812,-0.000579,0.780000,0.775254,-0.011752,102530.015625,0.981616,0.000000,0.000000,0.000000,0.000000,0.000000,0.000000,0.000000,0.000000,0.000000,-61.356300,5620.482910
8.930308,1.000000,-6977.113770,-7.304863,2408.506825,1709.622070,5607.614258,310.022797,309.750488,329.084811,-15.566217,0.566559,4.307173,-62.463108,-20.251957,-20.095428,1707.425781,-0.068918,0.000795,-0.000575,0.780000,0.775722,-0.011502,102530.015625,0.981274,0.000000,0.000000,0.000000,0.000000,0.000000,0.000000,0.000000,0.000000,0.000000,-61.343658,5609.954590
8.980522,1.000000,-6968.591309,-7.276984,2405.370708,1706.487305,5597.280273,310.057587,309.781403,329.072768,-15.566790,0.563897,4.303663,-62.450638,-20.248923,-20.092861,1704.323853,-0.068952,0.000777,-0.000572,0.780000,0.776132,-0.011255,102530.015625,0.980944,0.000000,0.000000,0.000000,0.000000,0.000000,0.000000,0.000000,0.000000,0.000000,-61.331528,5599.620605
9.036570,1.000000,-6959.105957,-7.245909,2401.870960,1702.989014,5585.781250,310.096100,309.815460,329.059036,-15.567423,0.560919,4.299825,-62.436913,-20.245611,-20.090040,1700.871460,-0.068987,0.000757,-0.000569,0.780000,0.776544,-0.010959,102530.015625,0.980569,0.000000,0.000000,0.000000,0.000000,0.000000,0.000000,0.000000,0.000000,0.000000,-61.318150,5588.121582
9.091479,1.000000,-6949.789551,-7.215341,2398.443071,1699.562622,5574.489258,310.133484,309.848541,329.045243,-15.568024,0.557994,4.296145,-62.423603,-20.242425,-20.087305,1697.480591,-0.069013,0.000737,-0.000565,0.780000,0.776904,-0.010643,102530.015625,0.980214,0.000000,0.000000,0.000000,0.000000,0.000000,0.000000,0.000000,0.000000,0.000000,-61.305206,5576.858398
9.147045,1.000000,-6940.453125,-7.184660,2394.974902,1696.095703,5563.174805,310.171051,309.881866,329.031362,-15.568613,0.555030,4.292492,-62.410423,-20.239282,-20.084597,1694.082397,-0.069047,0.000716,-0.000562,0.780000,0.777231,-0.010295,102530.015625,0.979869,0.000000,0.000000,0.000000,0.000000,0.000000,0.000000,0.000000,0.000000,0.000000,-61.292274,5565.543945
9.202235,1.000000,-6931.135742,-7.153996,2391.530925,1692.653320,5551.884766,310.207977,309.915009,329.017155,-15.569183,0.552084,4.288948,-62.397438,-20.236216,-20.081921,1690.691162,-0.069063,0.000697,-0.000558,0.780000,0.777521,-0.009927,102530.015625,0.979501,0.000000,0.000000,0.000000,0.000000,0.000000,0.000000,0.000000,0.000000,0.000000,-61.279602,5554.253906
9.252263,1.000000,-6922.675781,-7.126114,2388.409682,1689.533203,5541.635254,310.241302,309.945007,329.004163,-15.569682,0.549412,4.285799,-62.385788,-20.233478,-20.079512,1687.611938,-0.069071,0.000680,-0.000555,0.780000,0.777758,-0.009564,102530.015625,0.979188,0.000000,0.000000,0.000000,0.000000,0.000000,0.000000,0.000000,0.000000,0.000000,-61.268257,5544.001465
9.302373,1.000000,-6914.202637,-7.098154,2385.283904,1686.408691,5531.372070,310.274323,309.974915,328.990875,-15.570160,0.546732,4.282729,-62.374249,-20.230790,-20.077131,1684.527954,-0.069077,0.000662,-0.000552,0.780000,0.777973,-0.009175,102530.015625,0.978877,0.000000,0.000000,0.000000,0.000000,0.000000,0.000000,0.000000,0.000000,0.000000,-61.257015,5533.737793
9.358625,1.000000,-6904.700684,-7.066757,2381.775680,1682.901855,5519.863770,310.311188,310.008392,328.975748,-15.570677,0.543719,4.279354,-62.361469,-20.227835,-20.074488,1681.069580,-0.069078,0.000642,-0.000548,0.780000,0.778189,-0.008693,102530.015625,0.978530,0.000000,0.000000,0.000000,0.000000,0.000000,0.000000,0.000000,0.000000,0.000000,-61.244564,5522.229980
9.413831,1.000000,-6895.307129,-7.035677,2378.333384,1679.461060,5508.488281,310.347076,310.041351,328.960740,-15.571150,0.540759,4.276127,-62.348995,-20.224965,-20.071896,1677.650635,-0.069068,0.000620,-0.000544,0.780000,0.778379,-0.008184,102530.015625,0.978211,0.000000,0.000000,0.000000,0.000000,0.000000,0.000000,0.000000,0.000000,0.000000,-61.232498,5510.854492
9.476300,1.000000,-6886.146484,-7.005330,2374.439037,1675.567993,5497.396973,310.387451,310.073334,328.945821,-15.571640,0.537403,4.272591,-62.336979,-20.222226,-20.069405,1674.316406,-0.069168,0.000616,-0.000540,0.780000,0.778570,-0.007558,102530.015625,0.977884,0.000000,0.000000,0.000000,0.000000,0.000000,0.000000,0.000000,0.000000,0.000000,-61.219032,5499.793457
9.531527,1.000000,-6875.424805,-6.969761,2370.996870,1672.127197,5484.417969,310.422821,310.110718,328.928143,-15.572038,0.534434,4.269557,-62.323074,-20.219079,-20.066519,1670.414063,-0.069052,0.000576,-0.000536,0.780000,0.778720,-0.006991,102530.015625,0.977553,0.000000,0.000000,0.000000,0.000000,0.000000,0.000000,0.000000,0.000000,0.000000,-61.207268,5486.813965
9.584155,1.000000,-6866.592773,-6.940425,2367.717309,1668.848877,5473.728027,310.456299,310.141418,328.913342,-15.572392,0.531604,4.266743,-62.311779,-20.216547,-20.064171,1667.199463,-0.069044,0.000557,-0.000533,0.780000,0.778848,-0.006394,102530.015625,0.977266,0.000000,0.000000,0.000000,0.000000,0.000000,0.000000,0.000000,0.000000,0.000000,-61.196201,5476.124023
9.635380,1.000000,-6857.926270,-6.911606,2364.525748,1665.658447,5463.239258,310.488525,310.171143,328.898690,-15.572699,0.528848,4.264082,-62.300808,-20.214103,-20.061886,1664.045044,-0.069028,0.000538,-0.000529,0.780000,0.778961,-0.005781,102530.015625,0.977029,0.000000,0.000000,0.000000,0.000000,0.000000,0.000000,0.000000,0.000000,0.000000,-61.185543,5465.635742
9.686272,1.000000,-6849.319336,-6.882955,2361.355486,1662.489502,5452.824219,310.520447,310.200897,328.884008,-15.572974,0.526108,4.261508,-62.290016,-20.211715,-20.059639,1660.912354,-0.069012,0.000519,-0.000525,0.780000,0.779061,-0.005151,102530.015625,0.976787,0.000000,0.000000,0.000000,0.000000,0.000000,0.000000,0.000000,0.000000,0.000000,-61.175064,5455.229004
9.741452,1.000000,-6839.952637,-6.851742,2357.918722,1659.053955,5441.491211,310.554840,310.233398,328.867843,-15.573236,0.523132,4.258798,-62.278385,-20.209159,-20.057213,1657.503174,-0.068988,0.000498,-0.000521,0.780000,0.779160,-0.004431,102530.015625,0.976515,0.000000,0.000000,0.000000,0.000000,0.000000,0.000000,0.000000,0.000000,0.000000,-61.163815,5443.895996
9.791858,1.000000,-6831.539063,-6.823675,2354.779852,1655.916138,5431.312500,310.585968,310.262268,328.853250,-15.573439,0.520414,4.256394,-62.268047,-20.206900,-20.055059,1654.440918,-0.068980,0.000482,-0.000518,0.780000,0.779240,-0.003762,102530.015625,0.976314,0.000000,0.000000,0.000000,0.000000,0.000000,0.000000,0.000000,0.000000,0.000000,-61.153645,5433.717285
9.844420,1.000000,-6822.622559,-6.793901,2351.507282,1652.644775,5420.527344,310.618286,310.292847,328.837648,-15.573618,0.517574,4.253956,-62.257195,-20.204544,-20.052803,1651.195557,-0.068960,0.000463,-0.000514,0.780000,0.779316,-0.003055,102530.015625,0.976092,0.000000,0.000000,0.000000,0.000000,0.000000,0.000000,0.000000,0.000000,0.000000,-61.143139,5422.932129
9.899406,1.000000,-6813.350586,-6.762907,2348.084398,1649.223145,5409.313477,310.651917,310.324860,328.821216,-15.573765,0.514608,4.251487,-62.245995,-20.202131,-20.050476,1647.820801,-0.068939,0.000441,-0.000510,0.780000,0.779388,-0.002311,102530.015625,0.975857,0.000000,0.000000,0.000000,0.000000,0.000000,0.000000,0.000000,0.000000,0.000000,-61.132248,5411.816895
9.950232,1.000000,-6804.787109,-6.734253,2344.921017,1646.060791,5398.957520,310.682770,310.353943,328.805941,-15.573865,0.511864,4.249276,-62.235741,-20.199934,-20.048344,1644.703979,-0.068920,0.000424,-0.000506,0.780000,0.779447,-0.001589,102530.015625,0.975679,0.000000,0.000000,0.000000,0.000000,0.000000,0.000000,0.000000,0.000000,0.000000,-61.122261,5401.460938
10.000606,1.000000,-6796.281738,-6.705771,2341.786281,1642.927368,5388.673340,310.713135,310.382904,328.790606,-15.573932,0.509145,4.247147,-62.225639,-20.197786,-20.046251,1641.608276,-0.068903,0.000406,-0.000502,0.780000,0.779500,-0.000860,102530.015625,0.975497,0.000000,0.000000,0.000000,0.000000,0.000000,0.000000,0.000000,0.000000,0.000000,-61.112457,5391.176758
10.051474,1.000000,-6787.684082,-6.676955,2338.621318,1639.763428,5378.278320,310.743652,310.412048,328.775005,-15.573961,0.506392,4.245057,-62.215496,-20.195641,-20.044153,1638.479004,-0.068883,0.000387,-0.000498,0.780000,0.779549,-0.000126,102530.015625,0.975333,0.000000,0.000000,0.000000,0.000000,0.000000,0.000000,0.000000,0.000000,0.000000,-61.102615,5380.781738
10.107892,1.000000,-6778.316895,-6.645535,2335.111642,1636.254883,5366.955078,310.777283,310.441467,328.757890,-15.573949,0.503339,4.242814,-62.204521,-20.193332,-20.041895,1635.069580,-0.068877,0.000365,-0.000494,0.780000,0.779597,0.000665,102530.015625,0.975263,0.000000,0.000000,0.000000,0.000000,0.000000,0.000000,0.000000,0.000000,0.000000,-61.091774,5369.392090
10.158676,1.000000,-6769.569336,-6.616165,2331.952982,1633.097168,5356.381348,310.807343,310.473053,328.741755,-15.573901,0.500588,4.240866,-62.194340,-20.191205,-20.039793,1631.885742,-0.068838,0.000344,-0.000490,0.780000,0.779637,0.001401,102530.015625,0.975018,0.000000,0.000000,0.000000,0.000000,0.000000,0.000000,0.000000,0.000000,0.000000,-61.082100,5358.817871
10.209962,1.000000,-6760.944824,-6.587188,2328.763610,1629.909058,5345.958008,310.837585,310.502258,328.725768,-15.573819,0.497812,4.238954,-62.184380,-20.189135,-20.037754,1628.746704,-0.068827,0.000327,-0.000486,0.780000,0.779672,0.002150,102530.015625,0.974880,0.000000,0.000000,0.000000,0.000000,0.000000,0.000000,0.000000,0.000000,0.000000,-61.072395,5348.395020
10.260388,1.000000,-6752.432129,-6.558565,2325.628218,1626.774658,5335.670898,310.867126,310.531036,328.709810,-15.573705,0.495084,4.237133,-62.174599,-20.187117,-20.035755,1625.648315,-0.068807,0.000310,-0.000482,0.780000,0.779704,0.002881,102530.015625,0.974747,0.000000,0.000000,0.000000,0.000000,0.000000,0.000000,0.000000,0.000000,0.000000,-61.062897,5338.107910
10.310558,1.000000,-6743.944824,-6.530005,2322.509231,1623.656738,5325.414551,310.896210,310.559570,328.693912,-15.573556,0.492376,4.235368,-62.164886,-20.185115,-20.033772,1622.559204,-0.068786,0.000293,-0.000478,0.780000,0.779732,0.003601,102530.015625,0.974634,0.000000,0.000000,0.000000,0.000000,0.000000,0.000000,0.000000,0.000000,0.000000,-61.053497,5327.917480
10.361658,1.000000,-6735.436523,-6.501356,2319.332926,1620.481445,5315.135254,310.925812,310.588470,328.677747,-15.573361,0.489610,4.233638,-62.155193,-20.183134,-20.031809,1619.462402,-0.068779,0.000275,-0.000474,0.780000,0.779758,0.004322,102530.015625,0.974528,0.000000,0.000000,0.000000,0.000000,0.000000,0.000000,0.000000,0.000000,0.000000,-61.043968,5317.637695
10.414306,1.000000,-6726.492676,-6.471220,2316.060925,1617.210449,5304.330566,310.956116,310.618561,328.660692,-15.573124,0.486757,4.231908,-62.145039,-20.181066,-20.029766,1616.207153,-0.068760,0.000256,-0.000470,0.780000,0.779783,0.005041,102530.015625,0.974427,0.000000,0.000000,0.000000,0.000000,0.000000,0.000000,0.000000,0.000000,0.000000,-61.034180,5306.833008
10.465148,1.000000,-6717.850586,-6.442083,2312.901665,1614.052002,5293.891113,310.985260,310.647614,328.644171,-15.572863,0.484010,4.230285,-62.135273,-20.179083,-20.027809,1613.061646,-0.068742,0.000238,-0.000466,0.780000,0.779804,0.005727,102530.015625,0.974353,0.000000,0.000000,0.000000,0.000000,0.000000,0.000000,0.000000,0.000000,0.000000,-61.024773,5296.394043
10.516116,1.000000,-6709.243652,-6.413045,2309.735071,1610.886597,5283.495605,311.014313,310.676666,328.627532,-15.572556,0.481260,4.228715,-62.125565,-20.177123,-20.025873,1609.929077,-0.068725,0.000224,-0.000462,0.780000,0.779823,0.006395,102530.015625,0.974259,0.000000,0.000000,0.000000,0.000000,0.000000,0.000000,0.000000,0.000000,0.000000,-61.015358,5285.983398
10.566571,1.000000,-6700.808105,-6.384570,2306.600834,1607.753296,5273.308105,311.042816,310.704803,328.611188,-15.572219,0.478540,4.227204,-62.116081,-20.175214,-20.023998,1606.858765,-0.068722,0.000211,-0.000458,0.780000,0.779840,0.007044,102530.015625,0.974200,0.000000,0.000000,0.000000,0.000000,0.000000,0.000000,0.000000,0.000000,0.000000,-61.006073,5275.796387
10.619909,1.000000,-6691.761230,-6.354014,2303.288033,1604.441528,5262.383789,311.072876,310.734863,328.593540,-15.571826,0.475658,4.225657,-62.105919,-20.173176,-20.022011,1603.565918,-0.068713,0.000191,-0.000454,0.780000,0.779856,0.007681,102530.015625,0.974146,0.000000,0.000000,0.000000,0.000000,0.000000,0.000000,0.000000,0.000000,0.000000,-60.996269,5264.872070
10.670692,1.000000,-6683.233398,-6.325195,2300.134421,1601.288940,5252.086914,311.101379,310.763489,328.576841,-15.571420,0.472916,4.224229,-62.096371,-20.171267,-20.020145,1600.462036,-0.068704,0.000175,-0.000450,0.780000,0.779870,0.008279,102530.015625,0.974077,0.000000,0.000000,0.000000,0.000000,0.000000,0.000000,0.000000,0.000000,0.000000,-60.986969,5254.574707
10.721396,1.000000,-6674.645508,-6.296160,2296.986200,1598.141357,5241.718750,311.129761,310.791901,328.559935,-15.570987,0.470179,4.222841,-62.086777,-20.169355,-20.018293,1597.336304,-0.068698,0.000157,-0.000446,0.780000,0.779883,0.008849,102530.015625,0.974030,0.000000,0.000000,0.000000,0.000000,0.000000,0.000000,0.000000,0.000000,0.000000,-60.977699,5244.233887
10.771639,1.000000,-6666.160645,-6.267458,2293.867080,1595.023438,5231.476074,311.157654,310.819885,328.543147,-15.570532,0.467462,4.221503,-62.077312,-20.167476,-20.016472,1594.248047,-0.068687,0.000139,-0.000442,0.780000,0.779894,0.009388,102530.015625,0.973993,0.000000,0.000000,0.000000,0.000000,0.000000,0.000000,0.000000,0.000000,0.000000,-60.968529,5233.990723
10.824130,1.000000,-6657.310547,-6.237507,2290.608911,1591.766113,5220.793457,311.186707,310.849091,328.525499,-15.570030,0.464632,4.220132,-62.067440,-20.165523,-20.014595,1591.026978,-0.068682,0.000120,-0.000438,0.780000,0.779904,0.009917,102530.015625,0.973955,0.000000,0.000000,0.000000,0.000000,0.000000,0.000000,0.000000,0.000000,0.000000,-60.958946,5223.308105
10.880631,1.000000,-6648.015625,-6.206038,2287.102418,1588.260742,5209.575195,311.217896,310.879578,328.506990,-15.569454,0.461589,4.218697,-62.057079,-20.163473,-20.012646,1587.643799,-0.068699,0.000102,-0.000433,0.780000,0.779915,0.010444,102530.015625,0.973925,0.000000,0.000000,0.000000,0.000000,0.000000,0.000000,0.000000,0.000000,0.000000,-60.948647,5212.090332
10.931851,1.000000,-6639.036621,-6.175624,2283.924184,1585.083130,5198.738770,311.245941,310.909302,328.488957,-15.568910,0.458825,4.217426,-62.047073,-20.161501,-20.010771,1584.375732,-0.068667,0.000078,-0.000429,0.780000,0.779923,0.010901,102530.015625,0.973886,0.000000,0.000000,0.000000,0.000000,0.000000,0.000000,0.000000,0.000000,0.000000,-60.939308,5201.250977
10.987536,1.000000,-6629.692383,-6.143961,2280.469453,1581.629517,5187.463867,311.276337,310.939697,328.470152,-15.568289,0.455824,4.216076,-62.036674,-20.159455,-20.008848,1580.974731,-0.068672,0.000059,-0.000424,0.780000,0.779931,0.011368,102530.015625,0.973881,0.000000,0.000000,0.000000,0.000000,0.000000,0.000000,0.000000,0.000000,0.000000,-60.929169,5189.975586
11.041875,1.000000,-6620.475586,-6.112719,2277.098790,1578.259766,5176.343750,311.305817,310.970062,328.451436,-15.567655,0.452899,4.214802,-62.026413,-20.157445,-20.006975,1577.620117,-0.068673,0.000035,-0.000420,0.780000,0.779939,0.011791,102530.015625,0.973856,0.000000,0.000000,0.000000,0.000000,0.000000,0.000000,0.000000,0.000000,0.000000,-60.919273,5178.855469
11.095086,1.000000,-6611.459961,-6.082149,2273.798633,1574.960449,5165.466797,311.334534,310.999390,328.433076,-15.567009,0.450038,4.213583,-62.016384,-20.155484,-20.005156,1574.338623,-0.068670,0.000016,-0.000415,0.780000,0.779945,0.012175,102530.015625,0.973844,0.000000,0.000000,0.000000,0.000000,0.000000,0.000000,0.000000,0.000000,0.000000,-60.909592,5167.987793
11.147560,1.000000,-6602.647949,-6.052261,2270.544706,1571.707397,5154.837402,311.362671,311.028015,328.415042,-15.566358,0.447222,4.212391,-62.006573,-20.153570,-20.003397,1571.131348,-0.068677,-0.000003,-0.000411,0.780000,0.779950,0.012528,102530.015625,0.973831,0.000000,0.000000,0.000000,0.000000,0.000000,0.000000,0.000000,0.000000,0.000000,-60.900032,5157.358398
11.201680,1.000000,-6593.569336,-6.021460,2267.189252,1568.352783,5143.887207,311.391632,311.057159,328.396445,-15.565665,0.444315,4.211187,-61.996456,-20.151595,-20.001604,1567.827026,-0.068686,-0.000021,-0.000406,0.780000,0.779955,0.012836,102530.015625,0.973841,0.000000,0.000000,0.000000,0.000000,0.000000,0.000000,0.000000,0.000000,0.000000,-60.890167,5146.408203
11.256200,1.000000,-6584.343262,-5.990150,2263.809555,1564.973999,5132.760254,311.420715,311.087189,328.377432,-15.564954,0.441388,4.209988,-61.986164,-20.149592,-19.999802,1564.468994,-0.068691,-0.000042,-0.000402,0.780000,0.779960,0.013106,102530.015625,0.973834,0.000000,0.000000,0.000000,0.000000,0.000000,0.000000,0.000000,0.000000,0.000000,-60.880219,5135.281250
11.311343,1.000000,-6575.027832,-5.958528,2260.391807,1561.557129,5121.526855,311.449921,311.116974,328.358123,-15.564219,0.438429,4.208794,-61.975765,-20.147573,-19.998003,1561.078491,-0.068699,-0.000063,-0.000397,0.780000,0.779964,0.013346,102530.015625,0.973826,0.000000,0.000000,0.000000,0.000000,0.000000,0.000000,0.000000,0.000000,0.000000,-60.870155,5124.122070
11.361351,1.000000,-6566.640625,-5.930049,2257.292820,1558.458862,5111.413574,311.476318,311.143982,328.340742,-15.563546,0.435751,4.207718,-61.966393,-20.145751,-19.996391,1558.025757,-0.068704,-0.000079,-0.000392,0.780000,0.779967,0.013529,102530.015625,0.973828,0.000000,0.000000,0.000000,0.000000,0.000000,0.000000,0.000000,0.000000,0.000000,-60.861015,5114.008301
11.412056,1.000000,-6558.123535,-5.901125,2254.151123,1555.318237,5101.145020,311.502960,311.171143,328.322975,-15.562850,0.433039,4.206642,-61.956867,-20.143906,-19.994781,1554.925781,-0.068717,-0.000097,-0.000388,0.780000,0.779971,0.013687,102530.015625,0.973830,0.000000,0.000000,0.000000,0.000000,0.000000,0.000000,0.000000,0.000000,0.000000,-60.851738,5103.740234
11.463749,1.000000,-6549.432129,-5.871607,2250.948708,1552.116943,5090.667480,311.530060,311.198425,328.304645,-15.562140,0.430273,4.205551,-61.947128,-20.142028,-19.993156,1551.762451,-0.068728,-0.000114,-0.000383,0.780000,0.779973,0.013815,102530.015625,0.973826,0.000000,0.000000,0.000000,0.000000,0.000000,0.000000,0.000000,0.000000,0.000000,-60.842270,5093.262695
11.516713,1.000000,-6540.551758,-5.841441,2247.668078,1548.837158,5079.962891,311.557648,311.226685,328.285959,-15.561405,0.427441,4.204443,-61.937180,-20.140108,-19.991505,1548.530151,-0.068735,-0.000134,-0.000379,0.780000,0.779976,0.013915,102530.015625,0.973825,0.000000,0.000000,0.000000,0.000000,0.000000,0.000000,0.000000,0.000000,0.000000,-60.832569,5082.478516
11.567785,1.000000,-6531.891602,-5.812022,2244.505142,1545.675293,5069.524902,311.584137,311.254303,328.267628,-15.560692,0.424716,4.203374,-61.927471,-20.138238,-19.989920,1545.378174,-0.068745,-0.000152,-0.000374,0.780000,0.779978,0.013998,102530.015625,0.973818,0.000000,0.000000,0.000000,0.000000,0.000000,0.000000,0.000000,0.000000,0.000000,-60.823208,5072.040527
11.619020,1.000000,-6523.268555,-5.782725,2241.332606,1542.503662,5059.132813,311.610687,311.281342,328.249298,-15.559978,0.421982,4.202308,-61.917797,-20.136379,-19.988358,1542.239624,-0.068758,-0.000170,-0.000370,0.780000,0.779980,0.014055,102530.015625,0.973815,0.000000,0.000000,0.000000,0.000000,0.000000,0.000000,0.000000,0.000000,0.000000,-60.813808,5061.648926
11.669411,1.000000,-6514.762695,-5.753823,2238.212815,1539.385010,5048.883301,311.636597,311.308319,328.231175,-15.559271,0.419297,4.201267,-61.908260,-20.134549,-19.986832,1539.143799,-0.068768,-0.000186,-0.000365,0.780000,0.779982,0.014088,102530.015625,0.973812,0.000000,0.000000,0.000000,0.000000,0.000000,0.000000,0.000000,0.000000,0.000000,-60.804569,5051.398926
11.719652,1.000000,-6506.287109,-5.725023,2235.102790,1536.275879,5038.670898,311.662384,311.334961,328.213053,-15.558569,0.416621,4.200226,-61.898735,-20.132722,-19.985325,1536.058838,-0.068780,-0.000204,-0.000361,0.780000,0.779984,0.014101,102530.015625,0.973806,0.000000,0.000000,0.000000,0.000000,0.000000,0.000000,0.000000,0.000000,0.000000,-60.795338,5041.230469
11.771152,1.000000,-6497.636230,-5.695627,2231.915327,1533.089355,5028.248047,311.688629,311.361816,328.194455,-15.557845,0.413880,4.199165,-61.889011,-20.130863,-19.983807,1532.910278,-0.068794,-0.000221,-0.000356,0.780000,0.779985,0.014093,102530.015625,0.973801,0.000000,0.000000,0.000000,0.000000,0.000000,0.000000,0.000000,0.000000,0.000000,-60.785877,5030.808105
11.822453,1.000000,-6488.909180,-5.665972,2228.740680,1529.915771,5017.734863,311.714691,311.389069,328.175680,-15.557124,0.411160,4.198104,-61.879185,-20.128982,-19.982290,1529.733887,-0.068806,-0.000241,-0.000352,0.780000,0.779987,0.014057,102530.015625,0.973797,0.000000,0.000000,0.000000,0.000000,0.000000,0.000000,0.000000,0.000000,0.000000,-60.776440,5020.294922
11.878710,1.000000,-6479.464844,-5.633879,2225.259915,1526.436035,5006.358887,311.743042,311.418518,328.155274,-15.556339,0.408169,4.196942,-61.868557,-20.126954,-19.980675,1526.296387,-0.068828,-0.000262,-0.000347,0.780000,0.779988,0.013992,102530.015625,0.973796,0.000000,0.000000,0.000000,0.000000,0.000000,0.000000,0.000000,0.000000,0.000000,-60.766087,5008.918945
11.929484,1.000000,-6471.032227,-5.605226,2222.118914,1523.295898,4996.202148,311.768616,311.444611,328.136884,-15.555634,0.405477,4.195895,-61.859055,-20.125148,-19.979242,1523.227173,-0.068843,-0.000279,-0.000342,0.780000,0.779989,0.013915,102530.015625,0.973793,0.000000,0.000000,0.000000,0.000000,0.000000,0.000000,0.000000,0.000000,0.000000,-60.756733,4998.777344
11.980784,1.000000,-6462.275391,-5.575475,2218.945871,1520.123657,4985.656250,311.794312,311.471863,328.117782,-15.554929,0.402764,4.194826,-61.849190,-20.123273,-19.977772,1520.039917,-0.068850,-0.000299,-0.000338,0.780000,0.779990,0.013815,102530.015625,0.973787,0.000000,0.000000,0.000000,0.000000,0.000000,0.000000,0.000000,0.000000,0.000000,-60.747288,4988.231445
12.031784,1.000000,-6453.686035,-5.546296,2215.791879,1516.970703,4975.312988,311.819855,311.498810,328.098918,-15.554229,0.400067,4.193775,-61.839504,-20.121439,-19.976353,1516.913696,-0.068868,-0.000319,-0.000333,0.780000,0.779991,0.013703,102530.015625,0.973776,0.000000,0.000000,0.000000,0.000000,0.000000,0.000000,0.000000,0.000000,0.000000,-60.737896,4977.888184
12.082329,1.000000,-6445.116699,-5.517188,2212.666513,1513.846191,4964.995117,311.845062,311.525391,328.080113,-15.553542,0.397398,4.192720,-61.829830,-20.119604,-19.974951,1513.794678,-0.068885,-0.000338,-0.000328,0.780000,0.779992,0.013573,102530.015625,0.973767,0.000000,0.000000,0.000000,0.000000,0.000000,0.000000,0.000000,0.000000,0.000000,-60.728565,4967.570313
12.133236,1.000000,-6436.531738,-5.488030,2209.519254,1510.699707,4954.659180,311.870453,311.552246,328.061160,-15.552857,0.394707,4.191654,-61.820137,-20.117772,-19.973562,1510.670044,-0.068901,-0.000356,-0.000324,0.780000,0.779993,0.013415,102530.015625,0.973758,0.000000,0.000000,0.000000,0.000000,0.000000,0.000000,0.000000,0.000000,0.000000,-60.719173,4957.354492
12.184430,1.000000,-6427.920898,-5.458791,2206.354750,1507.536133,4944.293457,311.895844,311.578705,328.041999,-15.552177,0.391999,4.190581,-61.810417,-20.115943,-19.972187,1507.535889,-0.068915,-0.000377,-0.000319,0.780000,0.779994,0.013247,102530.015625,0.973745,0.000000,0.000000,0.000000,0.000000,0.000000,0.000000,0.000000,0.000000,0.000000,-60.709728,4946.988281
12.235329,1.000000,-6419.415039,-5.429914,2203.208975,1504.391113,4934.054688,311.920990,311.604950,328.023194,-15.551508,0.389317,4.189507,-61.800812,-20.114128,-19.970846,1504.440063,-0.068941,-0.000395,-0.000314,0.780000,0.779994,0.013065,102530.015625,0.973738,0.000000,0.000000,0.000000,0.000000,0.000000,0.000000,0.000000,0.000000,0.000000,-60.700344,4936.750000
12.289282,1.000000,-6410.349609,-5.399144,2199.874988,1501.058105,4923.143555,311.947540,311.631744,328.002877,-15.550818,0.386481,4.188357,-61.790577,-20.112210,-19.969429,1501.140503,-0.068952,-0.000414,-0.000309,0.780000,0.779995,0.012852,102530.015625,0.973728,0.000000,0.000000,0.000000,0.000000,0.000000,0.000000,0.000000,0.000000,0.000000,-60.690388,4925.838867
12.339795,1.000000,-6401.737305,-5.369920,2196.754075,1497.937988,4912.778809,311.972443,311.659332,327.983568,-15.550179,0.383829,4.187272,-61.780853,-20.110388,-19.968105,1498.005859,-0.068969,-0.000433,-0.000304,0.780000,0.779995,0.012655,102530.015625,0.973687,0.000000,0.000000,0.000000,0.000000,0.000000,0.000000,0.000000,0.000000,0.000000,-60.681072,4915.411621
12.390133,1.000000,-6393.311035,-5.341335,2193.644456,1494.829224,4902.639648,311.997040,311.685089,327.964644,-15.549553,0.381191,4.186193,-61.771347,-20.108608,-19.966831,1494.938965,-0.068994,-0.000450,-0.000300,0.780000,0.779996,0.012437,102530.015625,0.973676,0.000000,0.000000,0.000000,0.000000,0.000000,0.000000,0.000000,0.000000,0.000000,-60.671803,4905.271973
12.445909,1.000000,-6383.900391,-5.309416,2190.199467,1491.385010,4891.315918,312.024231,311.713684,327.943407,-15.548866,0.378272,4.184991,-61.760742,-20.106630,-19.965410,1491.513794,-0.069004,-0.000470,-0.000294,0.780000,0.779996,0.012188,102530.015625,0.973650,0.000000,0.000000,0.000000,0.000000,0.000000,0.000000,0.000000,0.000000,0.000000,-60.661533,4893.948242
12.501396,1.000000,-6374.558105,-5.277742,2186.772918,1487.959351,4880.076172,312.051208,311.742035,327.922170,-15.548201,0.375377,4.183786,-61.750210,-20.104674,-19.964029,1488.113403,-0.069022,-0.000490,-0.000289,0.780000,0.779996,0.011923,102530.015625,0.973621,0.000000,0.000000,0.000000,0.000000,0.000000,0.000000,0.000000,0.000000,0.000000,-60.651321,4882.708984
12.556981,1.000000,-6365.162598,-5.245898,2183.340899,1484.528076,4868.773926,312.078033,311.770630,327.900814,-15.547552,0.372477,4.182564,-61.739635,-20.102711,-19.962664,1484.693726,-0.069044,-0.000509,-0.000284,0.780000,0.779996,0.011658,102530.015625,0.973587,0.000000,0.000000,0.000000,0.000000,0.000000,0.000000,0.000000,0.000000,0.000000,-60.641106,4871.432129
12.608222,1.000000,-6356.667480,-5.217116,2180.177613,1481.365723,4858.555664,312.102783,311.796265,327.881446,-15.546968,0.369808,4.181432,-61.730068,-20.100937,-19.961439,1481.601807,-0.069065,-0.000525,-0.000279,0.780000,0.779996,0.011397,102530.015625,0.973565,0.000000,0.000000,0.000000,0.000000,0.000000,0.000000,0.000000,0.000000,0.000000,-60.631683,4861.213867
12.658927,1.000000,-6348.109863,-5.188135,2177.047907,1478.236572,4848.263184,312.127228,311.821899,327.861722,-15.546401,0.367167,4.180313,-61.720440,-20.099165,-19.960228,1478.487061,-0.069083,-0.000546,-0.000274,0.780000,0.779997,0.011141,102530.015625,0.973523,0.000000,0.000000,0.000000,0.000000,0.000000,0.000000,0.000000,0.000000,0.000000,-60.622372,4850.921387
12.709125,1.000000,-6339.609863,-5.159359,2173.949974,1475.139404,4838.041016,312.151276,311.847534,327.842145,-15.545851,0.364560,4.179193,-61.710880,-20.097405,-19.959034,1475.393311,-0.069098,-0.000563,-0.000270,0.780000,0.779997,0.010874,102530.015625,0.973494,0.000000,0.000000,0.000000,0.000000,0.000000,0.000000,0.000000,0.000000,0.000000,-60.613155,4840.699219
12.759746,1.000000,-6331.084473,-5.130513,2170.826419,1472.016602,4827.789551,312.175446,311.872864,327.822391,-15.545319,0.361936,4.178050,-61.701294,-20.095647,-19.957863,1472.290283,-0.069124,-0.000582,-0.000265,0.780000,0.779997,0.010604,102530.015625,0.973453,0.000000,0.000000,0.000000,0.000000,0.000000,0.000000,0.000000,0.000000,0.000000,-60.603870,4830.409180
12.810926,1.000000,-6322.527344,-5.101569,2167.668864,1468.859863,4817.500000,312.199860,311.898346,327.802489,-15.544789,0.359288,4.176883,-61.691677,-20.093888,-19.956692,1469.175781,-0.069141,-0.000598,-0.000260,0.780000,0.779998,0.010319,102530.015625,0.973419,0.000000,0.000000,0.000000,0.000000,0.000000,0.000000,0.000000,0.000000,0.000000,-60.594486,4820.119629
12.861396,1.000000,-6314.037598,-5.072868,2164.555597,1465.747314,4807.293457,312.223907,311.923706,327.782735,-15.544282,0.356677,4.175731,-61.682156,-20.092149,-19.955555,1466.085815,-0.069165,-0.000619,-0.000255,0.780000,0.779998,0.010036,102530.015625,0.973381,0.000000,0.000000,0.000000,0.000000,0.000000,0.000000,0.000000,0.000000,0.000000,-60.585247,4809.913086
12.912190,1.000000,-6305.449707,-5.043848,2161.422829,1462.615112,4796.969238,312.247925,311.948853,327.762655,-15.543783,0.354057,4.174567,-61.672539,-20.090399,-19.954414,1462.960083,-0.069181,-0.000638,-0.000250,0.780000,0.779998,0.009734,102530.015625,0.973347,0.000000,0.000000,0.000000,0.000000,0.000000,0.000000,0.000000,0.000000,0.000000,-60.575970,4799.588867
12.962842,1.000000,-6296.855957,-5.014822,2158.299302,1459.492188,4786.639648,312.271820,311.974426,327.742485,-15.543303,0.351452,4.173399,-61.662926,-20.088655,-19.953293,1459.832153,-0.069200,-0.000659,-0.000245,0.780000,0.779998,0.009436,102530.015625,0.973309,0.000000,0.000000,0.000000,0.000000,0.000000,0.000000,0.000000,0.000000,0.000000,-60.566730,4789.292480
13.013786,1.000000,-6288.304199,-4.985953,2155.158256,1456.351807,4776.360840,312.295746,311.999634,327.722435,-15.542835,0.348832,4.172213,-61.653378,-20.086924,-19.952194,1456.719604,-0.069225,-0.000679,-0.000241,0.780000,0.779999,0.009134,102530.015625,0.973260,0.000000,0.000000,0.000000,0.000000,0.000000,0.000000,0.000000,0.000000,0.000000,-60.557453,4779.014160
13.067188,1.000000,-6279.870117,-4.957494,2151.866182,1453.060547,4766.224609,312.320831,312.024353,327.702503,-15.542361,0.346094,4.170965,-61.643974,-20.085229,-19.951122,1453.649902,-0.069251,-0.000691,-0.000236,0.780000,0.779999,0.008812,102530.015625,0.973217,0.000000,0.000000,0.000000,0.000000,0.000000,0.000000,0.000000,0.000000,0.000000,-60.547745,4768.877930
13.117464,1.000000,-6270.821289,-4.926978,2148.767303,1449.962280,4755.350098,312.344330,312.051208,327.681028,-15.541929,0.343517,4.169785,-61.633900,-20.083420,-19.949982,1450.356323,-0.069256,-0.000716,-0.000231,0.780000,0.779999,0.008507,102530.015625,0.973163,0.000000,0.000000,0.000000,0.000000,0.000000,0.000000,0.000000,0.000000,0.000000,-60.538612,4758.003418
13.168961,1.000000,-6262.186035,-4.897873,2145.593656,1446.789307,4744.974121,312.368317,312.076141,327.660414,-15.541509,0.340884,4.168561,-61.624294,-20.081702,-19.948917,1447.213379,-0.069275,-0.000736,-0.000226,0.780000,0.779999,0.008194,102530.015625,0.973122,0.000000,0.000000,0.000000,0.000000,0.000000,0.000000,0.000000,0.000000,0.000000,-60.529274,4747.644531
13.223694,1.000000,-6252.920410,-4.866663,2142.221125,1443.417480,4733.842285,312.393768,312.103363,327.638406,-15.541075,0.338097,4.167251,-61.613995,-20.079855,-19.947796,1443.840942,-0.069305,-0.000751,-0.000221,0.780000,0.779999,0.007848,102530.015625,0.973059,0.000000,0.000000,0.000000,0.000000,0.000000,0.000000,0.000000,0.000000,0.000000,-60.519356,4736.512207
13.277574,1.000000,-6243.818848,-4.836023,2138.901699,1440.098389,4722.907715,312.418701,312.129974,327.616487,-15.540672,0.335360,4.165957,-61.603924,-20.078071,-19.946707,1440.528198,-0.069319,-0.000768,-0.000216,0.780000,0.779999,0.007512,102530.015625,0.972992,0.000000,0.000000,0.000000,0.000000,0.000000,0.000000,0.000000,0.000000,0.000000,-60.509644,4725.577637
13.330502,1.000000,-6234.923340,-4.806098,2135.641449,1436.838867,4712.222168,312.443146,312.155884,327.595161,-15.540293,0.332686,4.164674,-61.594097,-20.076327,-19.945662,1437.290527,-0.069342,-0.000781,-0.000211,0.780000,0.779999,0.007184,102530.015625,0.972941,0.000000,0.000000,0.000000,0.000000,0.000000,0.000000,0.000000,0.000000,0.000000,-60.500114,4714.809570
13.383704,1.000000,-6225.944336,-4.775912,2132.364846,1433.562988,4701.437500,312.467651,312.181732,327.573479,-15.539929,0.330000,4.163380,-61.584198,-20.074580,-19.944626,1434.022461,-0.069365,-0.000797,-0.000206,0.780000,0.779999,0.006852,102530.015625,0.972878,0.000000,0.000000,0.000000,0.000000,0.000000,0.000000,0.000000,0.000000,0.000000,-60.490555,4704.024902
13.437500,1.000000,-6217.036621,-4.745986,2129.052192,1430.251221,4690.739258,312.492310,312.207245,327.551797,-15.539581,0.327295,4.162067,-61.574394,-20.072862,-19.943611,1430.780273,-0.069383,-0.000809,-0.000201,0.780000,0.779999,0.006519,102530.015625,0.972809,0.000000,0.000000,0.000000,0.000000,0.000000,0.000000,0.000000,0.000000,0.000000,-60.480915,4693.326660
13.488820,1.000000,-6208.353516,-4.716834,2125.892510,1427.092285,4680.311523,312.515839,312.232086,327.530678,-15.539258,0.324716,4.160818,-61.564877,-20.071198,-19.942633,1427.619873,-0.069396,-0.000829,-0.000197,0.780000,0.779999,0.006203,102530.015625,0.972756,0.000000,0.000000,0.000000,0.000000,0.000000,0.000000,0.000000,0.000000,0.000000,-60.471752,4682.898438
13.543818,1.000000,-6199.116211,-4.685846,2122.506911,1423.707275,4669.219238,312.540863,312.258453,327.508047,-15.538932,0.321961,4.159474,-61.554779,-20.069445,-19.941614,1424.257813,-0.069413,-0.000843,-0.000192,0.780000,0.779999,0.005877,102530.015625,0.972677,0.000000,0.000000,0.000000,0.000000,0.000000,0.000000,0.000000,0.000000,0.000000,-60.461964,4671.898926
13.594778,1.000000,-6190.505371,-4.656985,2119.370383,1420.571533,4658.880859,312.564056,312.282898,327.486929,-15.538652,0.319415,4.158209,-61.545372,-20.067813,-19.940689,1421.123779,-0.069441,-0.000860,-0.000188,0.780000,0.779999,0.005575,102530.015625,0.972613,0.000000,0.000000,0.000000,0.000000,0.000000,0.000000,0.000000,0.000000,0.000000,-60.452900,4661.560547
13.649827,1.000000,-6181.258789,-4.626016,2115.982717,1417.184570,4647.779297,312.589050,312.310059,327.464209,-15.538367,0.316672,4.156834,-61.535297,-20.066071,-19.939697,1417.758301,-0.069458,-0.000875,-0.000183,0.780000,0.779999,0.005243,102530.015625,0.972554,0.000000,0.000000,0.000000,0.000000,0.000000,0.000000,0.000000,0.000000,0.000000,-60.443138,4650.459473
13.702883,1.000000,-6172.280762,-4.595973,2112.718221,1413.920898,4637.001465,312.613068,312.336121,327.442111,-15.538108,0.314036,4.155510,-61.525547,-20.064391,-19.938755,1414.490479,-0.069480,-0.000891,-0.000178,0.780000,0.780000,0.004924,102530.015625,0.972483,0.000000,0.000000,0.000000,0.000000,0.000000,0.000000,0.000000,0.000000,0.000000,-60.433762,4639.681641
13.757174,1.000000,-6163.179688,-4.565544,2109.378269,1410.581421,4626.077148,312.637512,312.362152,327.419510,-15.537860,0.311341,4.154154,-61.515690,-20.062708,-19.937820,1411.177979,-0.069500,-0.000906,-0.000174,0.780000,0.779999,0.004596,102530.015625,0.972414,0.000000,0.000000,0.000000,0.000000,0.000000,0.000000,0.000000,0.000000,0.000000,-60.424187,4628.693848
13.813594,1.000000,-6153.797363,-4.534204,2105.907909,1407.111938,4614.816406,312.662842,312.389038,327.396078,-15.537624,0.308551,4.152743,-61.505562,-20.060989,-19.936872,1407.763062,-0.069518,-0.000925,-0.000169,0.780000,0.780000,0.004259,102530.015625,0.972337,0.000000,0.000000,0.000000,0.000000,0.000000,0.000000,0.000000,0.000000,0.000000,-60.414276,4617.433105
13.869154,1.000000,-6144.370117,-4.502745,2102.491012,1403.695557,4603.502441,312.687866,312.415924,327.372349,-15.537404,0.305811,4.151356,-61.495415,-20.059281,-19.935930,1404.331909,-0.069528,-0.000945,-0.000164,0.780000,0.780000,0.003945,102530.015625,0.972253,0.000000,0.000000,0.000000,0.000000,0.000000,0.000000,0.000000,0.000000,0.000000,-60.404556,4606.118652
13.925564,1.000000,-6134.960938,-4.471379,2099.022410,1400.227783,4592.211426,312.713013,312.442688,327.348799,-15.537199,0.303035,4.149938,-61.485329,-20.057581,-19.935017,1400.907227,-0.069553,-0.000961,-0.000159,0.780000,0.780000,0.003635,102530.015625,0.972176,0.000000,0.000000,0.000000,0.000000,0.000000,0.000000,0.000000,0.000000,0.000000,-60.394722,4594.828125
13.976611,1.000000,-6126.320801,-4.442604,2095.884068,1397.089966,4581.843750,312.735748,312.467072,327.326939,-15.537028,0.300532,4.148660,-61.476097,-20.056042,-19.934181,1397.762451,-0.069561,-0.000979,-0.000155,0.780000,0.780000,0.003355,102530.015625,0.972105,0.000000,0.000000,0.000000,0.000000,0.000000,0.000000,0.000000,0.000000,0.000000,-60.385857,4584.603516
14.027888,1.000000,-6117.737793,-4.414048,2092.732056,1393.938721,4571.545898,312.758575,312.491211,327.305227,-15.536871,0.298023,4.147363,-61.466942,-20.054518,-19.933374,1394.638550,-0.069582,-0.000996,-0.000150,0.780000,0.780000,0.003082,102530.015625,0.972030,0.000000,0.000000,0.000000,0.000000,0.000000,0.000000,0.000000,0.000000,0.000000,-60.376961,4574.305664
14.079476,1.000000,-6109.106934,-4.385360,2089.561402,1390.768555,4561.191406,312.781525,312.515717,327.283338,-15.536728,0.295507,4.146059,-61.457756,-20.052994,-19.932579,1391.497070,-0.069605,-0.001012,-0.000146,0.780000,0.780000,0.002805,102530.015625,0.971960,0.000000,0.000000,0.000000,0.000000,0.000000,0.000000,0.000000,0.000000,0.000000,-60.368038,4563.951172
14.129808,1.000000,-6100.603516,-4.357121,2086.468400,1387.676147,4550.990723,312.803894,312.539703,327.261715,-15.536601,0.293056,4.144782,-61.448734,-20.051504,-19.931808,1388.402100,-0.069627,-0.001029,-0.000141,0.780000,0.780000,0.002526,102530.015625,0.971888,0.000000,0.000000,0.000000,0.000000,0.000000,0.000000,0.000000,0.000000,0.000000,-60.359364,4553.750488
14.185584,1.000000,-6091.148438,-4.325755,2083.041380,1384.249512,4539.649414,312.828552,312.566223,327.237542,-15.536467,0.290357,4.143378,-61.438740,-20.049865,-19.930964,1384.960815,-0.069644,-0.001049,-0.000136,0.780000,0.780000,0.002211,102530.015625,0.971814,0.000000,0.000000,0.000000,0.000000,0.000000,0.000000,0.000000,0.000000,0.000000,-60.349785,4542.376465
14.240753,1.000000,-6081.963867,-4.295321,2079.652198,1380.860962,4528.633301,312.852844,312.592041,327.213991,-15.536357,0.287696,4.141980,-61.429062,-20.048287,-19.930155,1381.617798,-0.069658,-0.001064,-0.000132,0.780000,0.780000,0.001906,102530.015625,0.971736,0.000000,0.000000,0.000000,0.000000,0.000000,0.000000,0.000000,0.000000,0.000000,-60.340340,4531.360352
14.296262,1.000000,-6072.615723,-4.264380,2076.242672,1377.452148,4517.421875,312.877258,312.618164,327.189936,-15.536258,0.285026,4.140580,-61.419250,-20.046696,-19.929348,1378.215454,-0.069673,-0.001078,-0.000127,0.780000,0.780000,0.001614,102530.015625,0.971645,0.000000,0.000000,0.000000,0.000000,0.000000,0.000000,0.000000,0.000000,0.000000,-60.330879,4520.148926
14.348321,1.000000,-6063.922852,-4.235642,2073.045548,1374.255615,4506.997070,312.900146,312.642242,327.167453,-15.536178,0.282532,4.139270,-61.410168,-20.045235,-19.928616,1375.051514,-0.069687,-0.001096,-0.000122,0.780000,0.780000,0.001337,102530.015625,0.971573,0.000000,0.000000,0.000000,0.000000,0.000000,0.000000,0.000000,0.000000,0.000000,-60.322052,4509.687988
14.404257,1.000000,-6054.470215,-4.204426,2069.610852,1370.821289,4495.662598,312.924622,312.668762,327.143013,-15.536104,0.279859,4.137859,-61.400322,-20.043655,-19.927837,1371.610962,-0.069709,-0.001111,-0.000117,0.780000,0.780000,0.001051,102530.015625,0.971490,0.000000,0.000000,0.000000,0.000000,0.000000,0.000000,0.000000,0.000000,0.000000,-60.312588,4498.353516
14.460599,1.000000,-6045.067383,-4.173413,2066.151778,1367.362915,4484.388672,312.949066,312.694672,327.118483,-15.536057,0.277179,4.136434,-61.390556,-20.042104,-19.927073,1368.188599,-0.069722,-0.001125,-0.000113,0.780000,0.780000,0.000768,102530.015625,0.971393,0.000000,0.000000,0.000000,0.000000,0.000000,0.000000,0.000000,0.000000,0.000000,-60.303097,4487.079102
14.511868,1.000000,-6036.375977,-4.144783,2063.004638,1364.216187,4473.968750,312.971283,312.718353,327.095734,-15.536024,0.274740,4.135143,-61.381569,-20.040687,-19.926386,1365.025269,-0.069738,-0.001143,-0.000108,0.780000,0.779999,0.000517,102530.015625,0.971313,0.000000,0.000000,0.000000,0.000000,0.000000,0.000000,0.000000,0.000000,0.000000,-60.294498,4476.659180
14.563228,1.000000,-6027.760254,-4.116436,2059.852369,1361.064209,4463.640137,312.993652,312.742218,327.073191,-15.536000,0.272311,4.133849,-61.372692,-20.039290,-19.925714,1361.889404,-0.069755,-0.001158,-0.000104,0.780000,0.780000,0.000274,102530.015625,0.971238,0.000000,0.000000,0.000000,0.000000,0.000000,0.000000,0.000000,0.000000,0.000000,-60.285915,4466.376465
14.614473,1.000000,-6019.166504,-4.088192,2056.707612,1357.919922,4453.338379,313.015778,312.765594,327.050620,-15.535990,0.269892,4.132553,-61.363861,-20.037909,-19.925055,1358.761475,-0.069768,-0.001173,-0.000099,0.780000,0.779999,0.000025,102530.015625,0.971161,0.000000,0.000000,0.000000,0.000000,0.000000,0.000000,0.000000,0.000000,0.000000,-60.277367,4456.074707
14.669377,1.000000,-6009.969727,-4.058007,2053.338816,1354.551758,4442.315430,313.039551,312.789093,327.026357,-15.535997,0.267310,4.131166,-61.354439,-20.036445,-19.924374,1355.414185,-0.069792,-0.001191,-0.000095,0.780000,0.780000,-0.000234,102530.015625,0.971066,0.000000,0.000000,0.000000,0.000000,0.000000,0.000000,0.000000,0.000000,0.000000,-60.268253,4445.051270
14.719634,1.000000,-6001.458984,-4.030109,2050.255603,1351.468994,4432.114746,313.061157,312.814392,327.003785,-15.536009,0.264956,4.129901,-61.345749,-20.035106,-19.923748,1352.316528,-0.069806,-0.001205,-0.000090,0.780000,0.780000,-0.000471,102530.015625,0.971006,0.000000,0.000000,0.000000,0.000000,0.000000,0.000000,0.000000,0.000000,0.000000,-60.259930,4434.851074
14.769904,1.000000,-5993.072266,-4.002650,2047.172024,1348.385742,4422.063477,313.082672,312.837341,326.981540,-15.536041,0.262606,4.128631,-61.337219,-20.033796,-19.923143,1349.263916,-0.069821,-0.001219,-0.000086,0.780000,0.780000,-0.000704,102530.015625,0.970922,0.000000,0.000000,0.000000,0.000000,0.000000,0.000000,0.000000,0.000000,0.000000,-60.251648,4424.908691
14.825931,1.000000,-5983.700195,-3.972006,2043.735816,1344.950073,4410.832520,313.106628,312.862244,326.956536,-15.536084,0.259994,4.127224,-61.327721,-20.032350,-19.922482,1345.852783,-0.069834,-0.001236,-0.000081,0.780000,0.780000,-0.000963,102530.015625,0.970840,0.000000,0.000000,0.000000,0.000000,0.000000,0.000000,0.000000,0.000000,0.000000,-60.242447,4413.677246
14.882080,1.000000,-5974.220215,-3.941053,2040.292660,1341.507324,4399.472656,313.130615,312.888306,326.931206,-15.536142,0.257382,4.125812,-61.318157,-20.030903,-19.921825,1342.402344,-0.069849,-0.001252,-0.000077,0.780000,0.780000,-0.001212,102530.015625,0.970743,0.000000,0.000000,0.000000,0.000000,0.000000,0.000000,0.000000,0.000000,0.000000,-60.233269,4402.317871
14.938012,1.000000,-5964.792969,-3.910316,2036.863340,1338.078369,4388.177246,313.154419,312.913757,326.905935,-15.536216,0.254793,4.124407,-61.308685,-20.029480,-19.921188,1338.971191,-0.069864,-0.001271,-0.000072,0.780000,0.780000,-0.001454,102530.015625,0.970654,0.000000,0.000000,0.000000,0.000000,0.000000,0.000000,0.000000,0.000000,0.000000,-60.224163,4391.022461
14.988361,1.000000,-5956.413086,-3.883032,2033.776777,1334.992188,4378.137695,313.175659,312.936401,326.883452,-15.536294,0.252464,4.123143,-61.300289,-20.028223,-19.920635,1335.921143,-0.069880,-0.001285,-0.000068,0.780000,0.780000,-0.001678,102530.015625,0.970587,0.000000,0.000000,0.000000,0.000000,0.000000,0.000000,0.000000,0.000000,0.000000,-60.216000,4380.845215
15.042185,1.000000,-5947.416504,-3.853780,2030.477657,1331.693481,4367.359375,313.198425,312.960419,326.859219,-15.536388,0.249988,4.121790,-61.291313,-20.026890,-19.920050,1332.646606,-0.069893,-0.001303,-0.000063,0.780000,0.780000,-0.001909,102530.015625,0.970496,0.000000,0.000000,0.000000,0.000000,0.000000,0.000000,0.000000,0.000000,0.000000,-60.207302,4370.066895
15.092682,1.000000,-5938.869141,-3.826026,2027.382903,1328.599121,4357.120605,313.219696,312.983643,326.836113,-15.536486,0.247668,4.120523,-61.282803,-20.025634,-19.919508,1329.535645,-0.069908,-0.001320,-0.000059,0.780000,0.780000,-0.002133,102530.015625,0.970429,0.000000,0.000000,0.000000,0.000000,0.000000,0.000000,0.000000,0.000000,0.000000,-60.199169,4359.827637
15.143715,1.000000,-5930.386230,-3.798523,2024.255731,1325.472168,4346.959961,313.241058,313.006287,326.813008,-15.536598,0.245335,4.119255,-61.274403,-20.024410,-19.918991,1326.448120,-0.069924,-0.001336,-0.000054,0.780000,0.780000,-0.002347,102530.015625,0.970335,0.000000,0.000000,0.000000,0.000000,0.000000,0.000000,0.000000,0.000000,0.000000,-60.190990,4349.667480
15.199544,1.000000,-5920.932129,-3.767914,2020.835167,1322.052002,4335.635742,313.264404,313.031494,326.787322,-15.536736,0.242787,4.117864,-61.265079,-20.023054,-19.918413,1323.007080,-0.069937,-0.001353,-0.000049,0.780000,0.780000,-0.002575,102530.015625,0.970245,0.000000,0.000000,0.000000,0.000000,0.000000,0.000000,0.000000,0.000000,0.000000,-60.182083,4338.385254
15.255805,1.000000,-5911.492188,-3.737400,2017.388655,1318.605835,4324.330078,313.287903,313.056702,326.761457,-15.536885,0.240228,4.116470,-61.255814,-20.021725,-19.917860,1319.571289,-0.069953,-0.001371,-0.000044,0.780000,0.780000,-0.002783,102530.015625,0.970142,0.000000,0.000000,0.000000,0.000000,0.000000,0.000000,0.000000,0.000000,0.000000,-60.173157,4327.079590
15.311624,1.000000,-5902.086426,-3.707043,2013.969733,1315.187256,4313.065918,313.311157,313.082184,326.735771,-15.537050,0.237706,4.115083,-61.246624,-20.020409,-19.917316,1316.147827,-0.069970,-0.001386,-0.000040,0.780000,0.779999,-0.002983,102530.015625,0.970060,0.000000,0.000000,0.000000,0.000000,0.000000,0.000000,0.000000,0.000000,0.000000,-60.164337,4315.815430
15.362435,1.000000,-5893.606445,-3.679717,2010.857995,1312.075806,4302.911133,313.332275,313.104919,326.712369,-15.537210,0.235412,4.113831,-61.238373,-20.019246,-19.916834,1313.061401,-0.069975,-0.001398,-0.000035,0.780000,0.779999,-0.003162,102530.015625,0.969983,0.000000,0.000000,0.000000,0.000000,0.000000,0.000000,0.000000,0.000000,0.000000,-60.156345,4305.584473
15.417889,1.000000,-5884.277344,-3.649702,2007.462393,1308.680420,4291.740234,313.355194,313.129883,326.686623,-15.537392,0.232921,4.112466,-61.229324,-20.017975,-19.916319,1309.665894,-0.069989,-0.001415,-0.000030,0.780000,0.779999,-0.003346,102530.015625,0.969901,0.000000,0.000000,0.000000,0.000000,0.000000,0.000000,0.000000,0.000000,0.000000,-60.147655,4294.413574
15.474038,1.000000,-5874.911621,-3.619618,2004.024743,1305.243164,4280.526367,313.378387,313.154999,326.660730,-15.537586,0.230412,4.111093,-61.220287,-20.016715,-19.915815,1306.256958,-0.070002,-0.001429,-0.000025,0.780000,0.779999,-0.003533,102530.015625,0.969815,0.000000,0.000000,0.000000,0.000000,0.000000,0.000000,0.000000,0.000000,0.000000,-60.138901,4283.199707
15.525492,1.000000,-5866.294434,-3.591984,2000.874985,1302.093628,4270.209473,313.399506,313.178009,326.636793,-15.537774,0.228119,4.109837,-61.212002,-20.015572,-19.915367,1303.120605,-0.070017,-0.001443,-0.000020,0.780000,0.779999,-0.003691,102530.015625,0.969736,0.000000,0.000000,0.000000,0.000000,0.000000,0.000000,0.000000,0.000000,0.000000,-60.130905,4272.882813
15.577127,1.000000,-5857.576172,-3.564070,1997.714577,1298.933472,4259.771973,313.420715,313.200989,326.612501,-15.537970,0.225825,4.108578,-61.203632,-20.014423,-19.914921,1299.947388,-0.070034,-0.001458,-0.000016,0.780000,0.780000,-0.003851,102530.015625,0.969654,0.000000,0.000000,0.000000,0.000000,0.000000,0.000000,0.000000,0.000000,0.000000,-60.122906,4262.549805
15.628854,1.000000,-5848.960449,-3.536528,1994.548966,1295.768066,4249.458008,313.441925,313.223816,326.588417,-15.538174,0.223537,4.107332,-61.195412,-20.013306,-19.914490,1296.811523,-0.070044,-0.001471,-0.000011,0.780000,0.779999,-0.004009,102530.015625,0.969569,0.000000,0.000000,0.000000,0.000000,0.000000,0.000000,0.000000,0.000000,0.000000,-60.114933,4252.235840
15.679412,1.000000,-5840.480469,-3.509464,1991.455308,1292.674561,4239.307129,313.462585,313.246460,326.564659,-15.538384,0.221304,4.106106,-61.187336,-20.012215,-19.914074,1293.725098,-0.070056,-0.001484,-0.000007,0.780000,0.779999,-0.004161,102530.015625,0.969503,0.000000,0.000000,0.000000,0.000000,0.000000,0.000000,0.000000,0.000000,0.000000,-60.107166,4242.084961
15.729839,1.000000,-5831.989258,-3.482409,1988.370073,1289.589600,4229.144043,313.483154,313.268738,326.540871,-15.538599,0.219083,4.104892,-61.179287,-20.011133,-19.913675,1290.634521,-0.070076,-0.001497,-0.000003,0.780000,0.779999,-0.004315,102530.015625,0.969435,0.000000,0.000000,0.000000,0.000000,0.000000,0.000000,0.000000,0.000000,0.000000,-60.099445,4231.921387
15.781732,1.000000,-5823.322266,-3.454837,1985.195565,1286.415283,4218.770020,313.504333,313.291626,326.516460,-15.538828,0.216804,4.103652,-61.171097,-20.010044,-19.913269,1287.479980,-0.070085,-0.001510,0.000001,0.780000,0.779999,-0.004474,102530.015625,0.969355,0.000000,0.000000,0.000000,0.000000,0.000000,0.000000,0.000000,0.000000,0.000000,-60.091541,4221.461426
15.832094,1.000000,-5814.803711,-3.427785,1982.115122,1283.334961,4208.574707,313.524841,313.313965,326.492435,-15.539059,0.214605,4.102447,-61.163074,-20.008984,-19.912882,1284.379517,-0.070100,-0.001528,0.000005,0.780000,0.779999,-0.004622,102530.015625,0.969282,0.000000,0.000000,0.000000,0.000000,0.000000,0.000000,0.000000,0.000000,0.000000,-60.083889,4211.266602
15.889193,1.000000,-5805.391602,-3.397946,1978.623086,1279.843018,4197.310547,313.548004,313.338715,326.465799,-15.539329,0.212119,4.101083,-61.154243,-20.007827,-19.912462,1280.953735,-0.070110,-0.001541,0.000010,0.780000,0.779999,-0.004786,102530.015625,0.969194,0.000000,0.000000,0.000000,0.000000,0.000000,0.000000,0.000000,0.000000,0.000000,-60.075245,4200.002441
15.945095,1.000000,-5795.832031,-3.367699,1975.204752,1276.424927,4185.871582,313.570679,313.363770,326.438690,-15.539603,0.209693,4.099757,-61.145309,-20.006665,-19.912060,1277.474365,-0.070134,-0.001561,0.000014,0.780000,0.780000,-0.004951,102530.015625,0.969115,0.000000,0.000000,0.000000,0.000000,0.000000,0.000000,0.000000,0.000000,0.000000,-60.066822,4188.562988
15.995518,1.000000,-5787.470703,-3.341290,1972.121870,1273.342163,4175.866211,313.591034,313.385223,326.414813,-15.539863,0.207515,4.098569,-61.137527,-20.005668,-19.911711,1274.431152,-0.070143,-0.001574,0.000018,0.780000,0.780000,-0.005095,102530.015625,0.969036,0.000000,0.000000,0.000000,0.000000,0.000000,0.000000,0.000000,0.000000,0.000000,-60.059261,4178.604492
16.048409,1.000000,-5778.553711,-3.313175,1968.888520,1270.109009,4165.196777,313.612335,313.408417,326.389215,-15.540136,0.205233,4.097330,-61.129253,-20.004620,-19.911346,1271.185547,-0.070151,-0.001590,0.000023,0.780000,0.780000,-0.005238,102530.015625,0.968962,0.000000,0.000000,0.000000,0.000000,0.000000,0.000000,0.000000,0.000000,0.000000,-60.051350,4167.935059
16.104202,1.000000,-5769.176758,-3.283665,1965.478233,1266.698853,4153.977051,313.634613,313.432831,326.362313,-15.540433,0.202832,4.096035,-61.120598,-20.003530,-19.910973,1267.772705,-0.070161,-0.001608,0.000027,0.780000,0.780000,-0.005377,102530.015625,0.968878,0.000000,0.000000,0.000000,0.000000,0.000000,0.000000,0.000000,0.000000,0.000000,-60.043056,4156.715332
16.159311,1.000000,-5759.985352,-3.254797,1962.110226,1263.330933,4142.980957,313.656677,313.456604,326.335885,-15.540737,0.200476,4.094750,-61.112137,-20.002472,-19.910624,1264.427246,-0.070178,-0.001624,0.000032,0.780000,0.779999,-0.005511,102530.015625,0.968811,0.000000,0.000000,0.000000,0.000000,0.000000,0.000000,0.000000,0.000000,0.000000,-60.034885,4145.719238
16.214302,1.000000,-5750.739258,-3.225810,1958.749897,1259.970703,4131.918945,313.678741,313.480316,326.309221,-15.541046,0.198130,4.093479,-61.103657,-20.001421,-19.910275,1261.062012,-0.070187,-0.001641,0.000036,0.780000,0.779999,-0.005653,102530.015625,0.968728,0.000000,0.000000,0.000000,0.000000,0.000000,0.000000,0.000000,0.000000,0.000000,-60.026764,4134.708496
16.269530,1.000000,-5741.467285,-3.196801,1955.375552,1256.596436,4120.828125,313.700775,313.504181,326.282407,-15.541362,0.195778,4.092212,-61.095196,-20.000384,-19.909946,1257.687256,-0.070205,-0.001659,0.000041,0.780000,0.779999,-0.005787,102530.015625,0.968654,0.000000,0.000000,0.000000,0.000000,0.000000,0.000000,0.000000,0.000000,0.000000,-60.018650,4123.617188
16.319934,1.000000,-5733.087891,-3.170636,1952.296352,1253.517334,4110.804199,313.720795,313.525421,326.258115,-15.541656,0.193646,4.091058,-61.087570,-19.999456,-19.909651,1254.637329,-0.070215,-0.001674,0.000045,0.780000,0.779999,-0.005908,102530.015625,0.968582,0.000000,0.000000,0.000000,0.000000,0.000000,0.000000,0.000000,0.000000,0.000000,-60.011265,4113.593262
16.370106,1.000000,-5724.638184,-3.144299,1949.231710,1250.452637,4100.697266,313.740692,313.547211,326.233556,-15.541958,0.191540,4.089910,-61.079895,-19.998529,-19.909359,1251.561890,-0.070225,-0.001687,0.000050,0.780000,0.779999,-0.006031,102530.015625,0.968521,0.000000,0.000000,0.000000,0.000000,0.000000,0.000000,0.000000,0.000000,0.000000,-60.003933,4103.486328
16.422365,1.000000,-5715.905273,-3.117132,1946.039994,1247.261108,4090.251953,313.761322,313.569550,326.208166,-15.542284,0.189348,4.088713,-61.071995,-19.997580,-19.909071,1248.383423,-0.070241,-0.001699,0.000054,0.780000,0.779999,-0.006157,102530.015625,0.968444,0.000000,0.000000,0.000000,0.000000,0.000000,0.000000,0.000000,0.000000,0.000000,-59.996330,4093.097168
16.472449,1.000000,-5707.514648,-3.091080,1942.981504,1244.202515,4080.216553,313.781067,313.590820,326.183696,-15.542599,0.187256,4.087574,-61.064442,-19.996684,-19.908802,1245.329468,-0.070253,-0.001713,0.000058,0.780000,0.779999,-0.006279,102530.015625,0.968380,0.000000,0.000000,0.000000,0.000000,0.000000,0.000000,0.000000,0.000000,0.000000,-59.989075,4083.061768
16.522653,1.000000,-5699.119141,-3.065065,1939.916064,1241.137207,4070.176270,313.800842,313.612183,326.159078,-15.542925,0.185166,4.086439,-61.056892,-19.995797,-19.908546,1242.273804,-0.070269,-0.001725,0.000062,0.780000,0.779999,-0.006401,102530.015625,0.968315,0.000000,0.000000,0.000000,0.000000,0.000000,0.000000,0.000000,0.000000,0.000000,-59.981815,4073.021484
16.574703,1.000000,-5690.395020,-3.038083,1936.738308,1237.959473,4059.743164,313.821198,313.633636,326.133510,-15.543267,0.183010,4.085263,-61.049080,-19.994885,-19.908281,1239.098511,-0.070281,-0.001740,0.000067,0.780000,0.779999,-0.006530,102530.015625,0.968233,0.000000,0.000000,0.000000,0.000000,0.000000,0.000000,0.000000,0.000000,0.000000,-59.974319,4062.588379
16.626620,1.000000,-5681.713867,-3.011289,1933.569076,1234.790283,4049.361816,313.841461,313.656097,326.108002,-15.543611,0.180870,4.084104,-61.041340,-19.993991,-19.908030,1235.938721,-0.070293,-0.001753,0.000071,0.780000,0.779999,-0.006659,102530.015625,0.968178,0.000000,0.000000,0.000000,0.000000,0.000000,0.000000,0.000000,0.000000,0.000000,-59.966881,4052.049316
16.682813,1.000000,-5672.285645,-2.982249,1930.139272,1231.360352,4038.087646,313.863281,313.679993,326.080299,-15.543992,0.178557,4.082843,-61.032955,-19.993026,-19.907761,1232.507202,-0.070306,-0.001768,0.000076,0.780000,0.779999,-0.006800,102530.015625,0.968105,0.000000,0.000000,0.000000,0.000000,0.000000,0.000000,0.000000,0.000000,0.000000,-59.958855,4040.775146
16.733476,1.000000,-5663.794434,-2.956151,1927.047399,1228.268433,4027.934570,313.882965,313.701141,326.055236,-15.544342,0.176485,4.081718,-61.025436,-19.992173,-19.907530,1229.416626,-0.070318,-0.001783,0.000080,0.780000,0.780000,-0.006922,102530.015625,0.968032,0.000000,0.000000,0.000000,0.000000,0.000000,0.000000,0.000000,0.000000,0.000000,-59.951649,4030.622070
16.789076,1.000000,-5654.442871,-2.927470,1923.654667,1224.875732,4016.753174,313.904510,313.724792,326.027533,-15.544740,0.174220,4.080482,-61.017181,-19.991246,-19.907284,1226.012939,-0.070330,-0.001799,0.000085,0.780000,0.779999,-0.007055,102530.015625,0.967954,0.000000,0.000000,0.000000,0.000000,0.000000,0.000000,0.000000,0.000000,0.000000,-59.943764,4019.480225
16.845072,1.000000,-5645.110352,-2.898911,1920.238231,1221.459229,4005.595459,313.926178,313.748016,325.999859,-15.545146,0.171947,4.079244,-61.008976,-19.990333,-19.907053,1222.616211,-0.070346,-0.001815,0.000089,0.780000,0.780000,-0.007188,102530.015625,0.967890,0.000000,0.000000,0.000000,0.000000,0.000000,0.000000,0.000000,0.000000,0.000000,-59.935860,4008.322510
16.901214,1.000000,-5635.701660,-2.870184,1916.813350,1218.034180,3994.346924,313.947845,313.771698,325.971830,-15.545558,0.169674,4.078014,-61.000736,-19.989430,-19.906822,1219.191650,-0.070355,-0.001831,0.000094,0.780000,0.780000,-0.007319,102530.015625,0.967813,0.000000,0.000000,0.000000,0.000000,0.000000,0.000000,0.000000,0.000000,0.000000,-59.927963,3997.073975
16.951771,1.000000,-5627.209473,-2.844313,1913.729570,1214.950439,3984.194336,313.967194,313.793243,325.946559,-15.545935,0.167635,4.076910,-60.993324,-19.988620,-19.906620,1216.100830,-0.070366,-0.001847,0.000098,0.780000,0.780000,-0.007424,102530.015625,0.967750,0.000000,0.000000,0.000000,0.000000,0.000000,0.000000,0.000000,0.000000,0.000000,-59.920883,3986.921387
17.007754,1.000000,-5617.834961,-2.815817,1910.315261,1211.536133,3972.988037,313.988586,313.816833,325.918530,-15.546356,0.165391,4.075688,-60.985153,-19.987737,-19.906414,1212.688721,-0.070384,-0.001862,0.000103,0.780000,0.780000,-0.007554,102530.015625,0.967682,0.000000,0.000000,0.000000,0.000000,0.000000,0.000000,0.000000,0.000000,0.000000,-59.913055,3975.694824
17.063142,1.000000,-5608.579102,-2.787746,1906.937688,1208.158447,3961.923584,314.009766,313.840210,325.890708,-15.546783,0.163172,4.074487,-60.977123,-19.986885,-19.906212,1209.319946,-0.070390,-0.001879,0.000107,0.780000,0.780000,-0.007676,102530.015625,0.967617,0.000000,0.000000,0.000000,0.000000,0.000000,0.000000,0.000000,0.000000,0.000000,-59.905342,3964.630371
17.113298,1.000000,-5600.230957,-2.762484,1903.879547,1205.100098,3951.944824,314.028839,313.861084,325.865645,-15.547174,0.161172,4.073410,-60.969910,-19.986123,-19.906038,1206.281372,-0.070400,-0.001893,0.000112,0.780000,0.780000,-0.007785,102530.015625,0.967559,0.000000,0.000000,0.000000,0.000000,0.000000,0.000000,0.000000,0.000000,0.000000,-59.898396,3954.651611
17.164653,1.000000,-5591.608887,-2.736450,1900.748676,1201.968994,3941.639404,314.048370,313.882446,325.839573,-15.547585,0.159135,4.072309,-60.962486,-19.985355,-19.905870,1203.143188,-0.070410,-0.001908,0.000116,0.780000,0.780000,-0.007885,102530.015625,0.967480,0.000000,0.000000,0.000000,0.000000,0.000000,0.000000,0.000000,0.000000,0.000000,-59.891304,3944.346191
17.219133,1.000000,-5582.420898,-2.708770,1897.427703,1198.647949,3930.657715,314.069092,313.905670,325.811870,-15.548017,0.156983,4.071150,-60.954605,-19.984540,-19.905695,1199.799072,-0.070422,-0.001924,0.000121,0.780000,0.780000,-0.007992,102530.015625,0.967425,0.000000,0.000000,0.000000,0.000000,0.000000,0.000000,0.000000,0.000000,0.000000,-59.883816,3933.381592
17.273916,1.000000,-5573.266113,-2.681255,1894.088688,1195.308838,3919.715820,314.089783,313.928253,325.784137,-15.548466,0.154824,4.069985,-60.946774,-19.983742,-19.905527,1196.467041,-0.070431,-0.001938,0.000125,0.780000,0.780000,-0.008099,102530.015625,0.967358,0.000000,0.000000,0.000000,0.000000,0.000000,0.000000,0.000000,0.000000,0.000000,-59.876308,3922.439941
17.328168,1.000000,-5564.215820,-2.654120,1890.782460,1192.002441,3908.899902,314.110260,313.950836,325.756641,-15.548913,0.152695,4.068842,-60.939056,-19.982965,-19.905371,1193.172974,-0.070441,-0.001956,0.000130,0.780000,0.780000,-0.008195,102530.015625,0.967297,0.000000,0.000000,0.000000,0.000000,0.000000,0.000000,0.000000,0.000000,0.000000,-59.868893,3911.623779
17.382469,1.000000,-5555.138672,-2.626968,1887.473665,1188.693359,3898.052002,314.130707,313.973419,325.729087,-15.549365,0.150573,4.067696,-60.931339,-19.982191,-19.905222,1189.869141,-0.070455,-0.001971,0.000134,0.780000,0.780000,-0.008295,102530.015625,0.967230,0.000000,0.000000,0.000000,0.000000,0.000000,0.000000,0.000000,0.000000,0.000000,-59.861500,3900.776123
17.437823,1.000000,-5545.882813,-2.599348,1884.101137,1185.320801,3886.991211,314.151581,313.996246,325.700879,-15.549829,0.148428,4.066542,-60.923500,-19.981417,-19.905079,1186.500366,-0.070468,-0.001981,0.000139,0.780000,0.780000,-0.008397,102530.015625,0.967166,0.000000,0.000000,0.000000,0.000000,0.000000,0.000000,0.000000,0.000000,0.000000,-59.853992,3889.839111
17.493200,1.000000,-5536.596191,-2.571705,1880.727650,1181.947021,3875.893799,314.172363,314.019165,325.672553,-15.550304,0.146296,4.065385,-60.915668,-19.980652,-19.904940,1183.120239,-0.070480,-0.001996,0.000144,0.780000,0.780000,-0.008491,102530.015625,0.967116,0.000000,0.000000,0.000000,0.000000,0.000000,0.000000,0.000000,0.000000,0.000000,-59.846516,3878.741699
17.543504,1.000000,-5528.227051,-2.546852,1877.663569,1178.882690,3865.893555,314.191132,314.039673,325.646956,-15.550733,0.144373,4.064350,-60.908627,-19.979971,-19.904825,1180.074097,-0.070491,-0.002001,0.000148,0.780000,0.780000,-0.008591,102530.015625,0.967055,0.000000,0.000000,0.000000,0.000000,0.000000,0.000000,0.000000,0.000000,0.000000,-59.839741,3868.741455
17.597578,1.000000,-5519.207520,-2.520130,1874.370251,1175.589111,3855.116211,314.211151,314.061768,325.619223,-15.551199,0.142316,4.063241,-60.901054,-19.979251,-19.904701,1176.791260,-0.070496,-0.002012,0.000152,0.780000,0.780000,-0.008690,102530.015625,0.966984,0.000000,0.000000,0.000000,0.000000,0.000000,0.000000,0.000000,0.000000,0.000000,-59.832478,3857.884521
17.648791,1.000000,-5510.666016,-2.494886,1871.251555,1172.470215,3844.910645,314.230225,314.082703,325.592974,-15.551645,0.140381,4.062187,-60.893898,-19.978572,-19.904594,1173.682495,-0.070508,-0.002021,0.000156,0.780000,0.780000,-0.008786,102530.015625,0.966942,0.000000,0.000000,0.000000,0.000000,0.000000,0.000000,0.000000,0.000000,0.000000,-59.825607,3847.678711
17.699428,1.000000,-5502.175293,-2.469851,1868.168297,1169.386719,3834.766113,314.248932,314.103394,325.566813,-15.552089,0.138476,4.061155,-60.886806,-19.977907,-19.904499,1170.592041,-0.070522,-0.002031,0.000160,0.780000,0.780000,-0.008885,102530.015625,0.966885,0.000000,0.000000,0.000000,0.000000,0.000000,0.000000,0.000000,0.000000,0.000000,-59.818840,3837.534424
17.749932,1.000000,-5493.730957,-2.445011,1865.093493,1166.311646,3824.677490,314.267639,314.123932,325.540711,-15.552540,0.136581,4.060134,-60.879772,-19.977257,-19.904408,1167.518555,-0.070533,-0.002041,0.000164,0.780000,0.780000,-0.008985,102530.015625,0.966826,0.000000,0.000000,0.000000,0.000000,0.000000,0.000000,0.000000,0.000000,0.000000,-59.812119,3827.445801
17.803679,1.000000,-5484.787109,-2.418768,1861.821637,1163.039551,3813.992676,314.287384,314.145660,325.513068,-15.553024,0.134578,4.059042,-60.872341,-19.976573,-19.904318,1164.263306,-0.070547,-0.002053,0.000168,0.780000,0.780000,-0.009083,102530.015625,0.966769,0.000000,0.000000,0.000000,0.000000,0.000000,0.000000,0.000000,0.000000,0.000000,-59.804977,3816.691650
17.856636,1.000000,-5476.010254,-2.393079,1858.598264,1159.815918,3803.506836,314.306946,314.166779,325.485928,-15.553513,0.132608,4.057964,-60.865078,-19.975912,-19.904228,1161.068726,-0.070554,-0.002062,0.000172,0.780000,0.780000,-0.009184,102530.015625,0.966703,0.000000,0.000000,0.000000,0.000000,0.000000,0.000000,0.000000,0.000000,0.000000,-59.797966,3806.205811
17.909372,1.000000,-5467.118652,-2.367121,1855.388728,1156.605957,3792.884766,314.326294,314.188354,325.458314,-15.553996,0.130655,4.056909,-60.857731,-19.975252,-19.904146,1157.832520,-0.070564,-0.002075,0.000176,0.780000,0.780000,-0.009292,102530.015625,0.966655,0.000000,0.000000,0.000000,0.000000,0.000000,0.000000,0.000000,0.000000,0.000000,-59.791008,3795.583740
17.963628,1.000000,-5458.073242,-2.340786,1852.087083,1153.303955,3782.079834,314.346130,314.210083,325.430107,-15.554503,0.128659,4.055823,-60.850288,-19.974597,-19.904079,1154.540283,-0.070578,-0.002088,0.000180,0.780000,0.780000,-0.009394,102530.015625,0.966590,0.000000,0.000000,0.000000,0.000000,0.000000,0.000000,0.000000,0.000000,0.000000,-59.783875,3784.778809
18.015790,1.000000,-5449.357910,-2.315476,1848.913246,1150.129883,3771.669189,314.365082,314.231049,325.402937,-15.554996,0.126751,4.054781,-60.843140,-19.973971,-19.904013,1151.368164,-0.070587,-0.002100,0.000184,0.780000,0.780000,-0.009488,102530.015625,0.966529,0.000000,0.000000,0.000000,0.000000,0.000000,0.000000,0.000000,0.000000,0.000000,-59.777039,3774.416016
18.069340,1.000000,-5440.424316,-2.289602,1845.655342,1146.871582,3760.998047,314.384521,314.252197,325.374938,-15.555504,0.124797,4.053733,-60.835850,-19.973350,-19.903952,1148.116577,-0.070590,-0.002110,0.000188,0.780000,0.780000,-0.009583,102530.015625,0.966474,0.000000,0.000000,0.000000,0.000000,0.000000,0.000000,0.000000,0.000000,0.000000,-59.770061,3763.744873
18.121929,1.000000,-5431.569824,-2.264026,1842.456283,1143.672241,3750.421875,314.403595,314.273499,325.347116,-15.556011,0.122884,4.052697,-60.828625,-19.972738,-19.903894,1144.893799,-0.070598,-0.002124,0.000192,0.780000,0.780000,-0.009660,102530.015625,0.966415,0.000000,0.000000,0.000000,0.000000,0.000000,0.000000,0.000000,0.000000,0.000000,-59.763210,3753.168457
18.172054,1.000000,-5423.187500,-2.239876,1839.407463,1140.623047,3740.409912,314.421753,314.293640,325.320896,-15.556496,0.121079,4.051703,-60.821804,-19.972158,-19.903847,1141.842896,-0.070611,-0.002133,0.000195,0.780000,0.780000,-0.009737,102530.015625,0.966368,0.000000,0.000000,0.000000,0.000000,0.000000,0.000000,0.000000,0.000000,0.000000,-59.756699,3743.156738
18.222572,1.000000,-5414.713867,-2.215526,1836.335084,1137.550293,3730.289551,314.440033,314.313751,325.294201,-15.556994,0.119264,4.050715,-60.814926,-19.971587,-19.903811,1138.758667,-0.070624,-0.002143,0.000199,0.780000,0.780000,-0.009821,102530.015625,0.966316,0.000000,0.000000,0.000000,0.000000,0.000000,0.000000,0.000000,0.000000,0.000000,-59.750156,3733.080322
18.272625,1.000000,-5406.333984,-2.191508,1833.291326,1134.506226,3720.281006,314.458038,314.333832,325.267803,-15.557482,0.117475,4.049747,-60.808159,-19.971033,-19.903772,1135.708740,-0.070630,-0.002152,0.000203,0.780000,0.780000,-0.009902,102530.015625,0.966269,0.000000,0.000000,0.000000,0.000000,0.000000,0.000000,0.000000,0.000000,0.000000,-59.743706,3723.071777
18.328545,1.000000,-5397.060547,-2.165001,1829.891190,1131.105713,3709.205811,314.478149,314.355743,325.238558,-15.558042,0.115490,4.048655,-60.800674,-19.970423,-19.903738,1132.333496,-0.070641,-0.002163,0.000207,0.780000,0.780000,-0.009988,102530.015625,0.966200,0.000000,0.000000,0.000000,0.000000,0.000000,0.000000,0.000000,0.000000,0.000000,-59.736511,3711.996582
18.383228,1.000000,-5387.847168,-2.138741,1826.566674,1127.780640,3698.202393,314.497711,314.377686,325.209401,-15.558582,0.113560,4.047613,-60.793270,-19.969832,-19.903708,1128.979980,-0.070648,-0.002175,0.000211,0.780000,0.780000,-0.010075,102530.015625,0.966147,0.000000,0.000000,0.000000,0.000000,0.000000,0.000000,0.000000,0.000000,0.000000,-59.729500,3700.993408
18.436883,1.000000,-5378.894043,-2.113295,1823.305046,1124.518677,3687.510742,314.516846,314.398743,325.181105,-15.559128,0.111676,4.046576,-60.786098,-19.969263,-19.903688,1125.721313,-0.070661,-0.002184,0.000214,0.780000,0.780000,-0.010153,102530.015625,0.966094,0.000000,0.000000,0.000000,0.000000,0.000000,0.000000,0.000000,0.000000,0.000000,-59.722649,3690.261963
18.487459,1.000000,-5370.482422,-2.089454,1820.230940,1121.444092,3677.466064,314.534821,314.417603,325.154410,-15.559641,0.109908,4.045611,-60.779373,-19.968738,-19.903679,1122.659790,-0.070674,-0.002192,0.000218,0.780000,0.780000,-0.010231,102530.015625,0.966039,0.000000,0.000000,0.000000,0.000000,0.000000,0.000000,0.000000,0.000000,0.000000,-59.716202,3680.217285
18.543487,1.000000,-5361.122070,-2.062999,1816.825849,1118.038574,3666.288330,314.554718,314.440399,325.124601,-15.560213,0.107962,4.044549,-60.771912,-19.968166,-19.903667,1119.252930,-0.070681,-0.002203,0.000222,0.780000,0.780000,-0.010315,102530.015625,0.965996,0.000000,0.000000,0.000000,0.000000,0.000000,0.000000,0.000000,0.000000,0.000000,-59.709080,3669.039551
18.599815,1.000000,-5351.757324,-2.036610,1813.402945,1114.615234,3655.105713,314.574768,314.462738,325.094733,-15.560794,0.106021,4.043490,-60.764481,-19.967607,-19.903656,1115.844360,-0.070682,-0.002211,0.000226,0.780000,0.780000,-0.010394,102530.015625,0.965942,0.000000,0.000000,0.000000,0.000000,0.000000,0.000000,0.000000,0.000000,0.000000,-59.701962,3657.856689
18.655163,1.000000,-5342.477539,-2.010542,1810.040002,1111.251709,3644.024902,314.594360,314.484253,325.065043,-15.561379,0.104123,4.042440,-60.757122,-19.967059,-19.903656,1112.466797,-0.070691,-0.002222,0.000230,0.780000,0.780000,-0.010463,102530.015625,0.965872,0.000000,0.000000,0.000000,0.000000,0.000000,0.000000,0.000000,0.000000,0.000000,-59.694969,3646.765625
18.705888,1.000000,-5334.040527,-1.986913,1806.958309,1108.169434,3633.950928,314.612274,314.504333,325.038022,-15.561913,0.102395,4.041490,-60.750454,-19.966569,-19.903664,1109.395996,-0.070700,-0.002230,0.000233,0.780000,0.780000,-0.010525,102530.015625,0.965838,0.000000,0.000000,0.000000,0.000000,0.000000,0.000000,0.000000,0.000000,0.000000,-59.688583,3636.691650
18.757223,1.000000,-5325.520020,-1.963117,1803.839901,1105.050537,3623.777100,314.630280,314.524536,325.010674,-15.562455,0.100655,4.040532,-60.743729,-19.966081,-19.903669,1106.294800,-0.070706,-0.002237,0.000237,0.780000,0.780000,-0.010581,102530.015625,0.965787,0.000000,0.000000,0.000000,0.000000,0.000000,0.000000,0.000000,0.000000,0.000000,-59.682137,3626.517822
18.813476,1.000000,-5316.070313,-1.936806,1800.423141,1101.633301,3612.494629,314.649902,314.547119,324.980391,-15.563056,0.098762,4.039478,-60.736286,-19.965541,-19.903688,1102.855347,-0.070724,-0.002245,0.000240,0.780000,0.780000,-0.010652,102530.015625,0.965745,0.000000,0.000000,0.000000,0.000000,0.000000,0.000000,0.000000,0.000000,0.000000,-59.675079,3615.143799
18.864637,1.000000,-5307.530273,-1.913098,1797.316025,1098.525757,3602.298340,314.667755,314.566986,324.952955,-15.563610,0.097048,4.038522,-60.729584,-19.965064,-19.903706,1099.747070,-0.070731,-0.002253,0.000244,0.780000,0.780000,-0.010728,102530.015625,0.965689,0.000000,0.000000,0.000000,0.000000,0.000000,0.000000,0.000000,0.000000,0.000000,-59.668686,3604.947510
18.915646,1.000000,-5299.029297,-1.889568,1794.218482,1095.427734,3592.149170,314.685486,314.587036,324.925548,-15.564166,0.095349,4.037578,-60.722923,-19.964598,-19.903734,1096.652954,-0.070743,-0.002262,0.000247,0.780000,0.780000,-0.010798,102530.015625,0.965652,0.000000,0.000000,0.000000,0.000000,0.000000,0.000000,0.000000,0.000000,0.000000,-59.662331,3594.798340
18.966502,1.000000,-5290.516602,-1.866074,1791.130568,1092.339355,3581.985840,314.703125,314.606598,324.898023,-15.564721,0.093664,4.036642,-60.716270,-19.964141,-19.903757,1093.554565,-0.070747,-0.002269,0.000250,0.780000,0.780000,-0.010864,102530.015625,0.965595,0.000000,0.000000,0.000000,0.000000,0.000000,0.000000,0.000000,0.000000,0.000000,-59.656010,3584.635010
19.026536,1.000000,-5281.186523,-1.840405,1787.485810,1088.693848,3570.847168,314.723969,314.628571,324.867858,-15.565379,0.091689,4.035539,-60.709007,-19.963649,-19.903791,1090.158691,-0.070745,-0.002272,0.000254,0.780000,0.780000,-0.010939,102530.015625,0.965544,0.000000,0.000000,0.000000,0.000000,0.000000,0.000000,0.000000,0.000000,0.000000,-59.648571,3573.475342
19.076679,1.000000,-5272.098145,-1.815482,1784.441908,1085.649414,3559.997314,314.741333,314.649780,324.838375,-15.565932,0.090052,4.034630,-60.701950,-19.963180,-19.903830,1086.850830,-0.070762,-0.002288,0.000257,0.780000,0.780000,-0.010996,102530.015625,0.965504,0.000000,0.000000,0.000000,0.000000,0.000000,0.000000,0.000000,0.000000,0.000000,-59.642384,3562.625488
19.126691,1.000000,-5263.800293,-1.792797,1781.406281,1082.613159,3550.091553,314.758575,314.668884,324.811384,-15.566487,0.088424,4.033727,-60.695522,-19.962761,-19.903872,1083.830688,-0.070769,-0.002295,0.000261,0.780000,0.780000,-0.011049,102530.015625,0.965447,0.000000,0.000000,0.000000,0.000000,0.000000,0.000000,0.000000,0.000000,0.000000,-59.636227,3552.719727
19.177943,1.000000,-5255.276855,-1.769566,1778.295724,1079.502197,3539.916992,314.776215,314.688721,324.783711,-15.567059,0.086767,4.032806,-60.688946,-19.962335,-19.903921,1080.728394,-0.070781,-0.002306,0.000264,0.780000,0.780000,-0.011101,102530.015625,0.965404,0.000000,0.000000,0.000000,0.000000,0.000000,0.000000,0.000000,0.000000,0.000000,-59.629936,3542.545166
19.228174,1.000000,-5246.868652,-1.746718,1775.247461,1076.453125,3529.879883,314.793396,314.708405,324.756334,-15.567620,0.085151,4.031901,-60.682446,-19.961916,-19.903971,1077.668091,-0.070794,-0.002312,0.000267,0.780000,0.780000,-0.011150,102530.015625,0.965363,0.000000,0.000000,0.000000,0.000000,0.000000,0.000000,0.000000,0.000000,0.000000,-59.623772,3532.573975
19.283534,1.000000,-5237.637207,-1.721712,1771.888321,1073.093384,3518.860107,314.812439,314.729706,324.726110,-15.568242,0.083379,4.030916,-60.675346,-19.961476,-19.904022,1074.308105,-0.070793,-0.002323,0.000271,0.780000,0.780000,-0.011208,102530.015625,0.965321,0.000000,0.000000,0.000000,0.000000,0.000000,0.000000,0.000000,0.000000,0.000000,-59.617004,3521.554199
19.334070,1.000000,-5229.267090,-1.699111,1768.822235,1070.026855,3508.868896,314.829742,314.748718,324.698822,-15.568814,0.081773,4.030017,-60.668915,-19.961072,-19.904076,1071.261597,-0.070802,-0.002331,0.000274,0.780000,0.780000,-0.011257,102530.015625,0.965273,0.000000,0.000000,0.000000,0.000000,0.000000,0.000000,0.000000,0.000000,0.000000,-59.610836,3511.562744
19.390380,1.000000,-5219.857422,-1.673788,1765.406217,1066.610107,3497.637451,314.849030,314.770416,324.668004,-15.569453,0.079991,4.029018,-60.661713,-19.960634,-19.904148,1067.836792,-0.070815,-0.002340,0.000277,0.780000,0.780000,-0.011315,102530.015625,0.965235,0.000000,0.000000,0.000000,0.000000,0.000000,0.000000,0.000000,0.000000,0.000000,-59.603992,3500.331299
19.441689,1.000000,-5211.254395,-1.650710,1762.293935,1063.497070,3487.368408,314.866455,314.790192,324.639797,-15.570039,0.078382,4.028114,-60.655136,-19.960239,-19.904211,1064.705566,-0.070822,-0.002350,0.000281,0.780000,0.780000,-0.011368,102530.015625,0.965195,0.000000,0.000000,0.000000,0.000000,0.000000,0.000000,0.000000,0.000000,0.000000,-59.597759,3490.060059
19.497283,1.000000,-5202.064453,-1.626141,1758.922112,1060.124512,3476.399658,314.885376,314.811066,324.609573,-15.570676,0.076641,4.027139,-60.648113,-19.959821,-19.904285,1061.360718,-0.070831,-0.002360,0.000284,0.780000,0.780000,-0.011423,102530.015625,0.965140,0.000000,0.000000,0.000000,0.000000,0.000000,0.000000,0.000000,0.000000,0.000000,-59.591015,3479.091064
19.553647,1.000000,-5192.640625,-1.601035,1755.503991,1056.705811,3465.151855,314.904388,314.832367,324.578518,-15.571316,0.074893,4.026169,-60.640934,-19.959404,-19.904367,1057.930664,-0.070841,-0.002372,0.000288,0.780000,0.780000,-0.011481,102530.015625,0.965098,0.000000,0.000000,0.000000,0.000000,0.000000,0.000000,0.000000,0.000000,0.000000,-59.584202,3467.843262
19.604258,1.000000,-5184.129883,-1.578439,1752.435095,1053.636108,3454.993652,314.921478,314.851624,324.550429,-15.571901,0.073329,4.025291,-60.634472,-19.959036,-19.904438,1054.833008,-0.070845,-0.002380,0.000291,0.780000,0.780000,-0.011523,102530.015625,0.965060,0.000000,0.000000,0.000000,0.000000,0.000000,0.000000,0.000000,0.000000,0.000000,-59.578106,3457.685303
19.654393,1.000000,-5175.809570,-1.556419,1749.395381,1050.595703,3445.063232,314.938293,314.870483,324.522934,-15.572489,0.071790,4.024423,-60.628170,-19.958683,-19.904516,1051.804688,-0.070852,-0.002389,0.000295,0.780000,0.780000,-0.011566,102530.015625,0.965022,0.000000,0.000000,0.000000,0.000000,0.000000,0.000000,0.000000,0.000000,0.000000,-59.572079,3447.735352
19.710427,1.000000,-5166.468262,-1.531780,1745.998383,1047.197998,3433.914551,314.957001,314.891632,324.492027,-15.573136,0.070078,4.023465,-60.621105,-19.958291,-19.904606,1048.404663,-0.070860,-0.002398,0.000298,0.780000,0.780000,-0.011611,102530.015625,0.964981,0.000000,0.000000,0.000000,0.000000,0.000000,0.000000,0.000000,0.000000,0.000000,-59.565357,3436.586426
19.761502,1.000000,-5158.134277,-1.509873,1742.902364,1044.101074,3423.968262,314.973969,314.910248,324.464472,-15.573732,0.068525,4.022588,-60.614811,-19.957943,-19.904690,1045.371338,-0.070868,-0.002406,0.000302,0.780000,0.780000,-0.011653,102530.015625,0.964938,0.000000,0.000000,0.000000,0.000000,0.000000,0.000000,0.000000,0.000000,0.000000,-59.559238,3426.640381
19.811709,1.000000,-5149.554688,-1.487393,1739.859279,1041.057373,3413.729004,314.990814,314.929901,324.435909,-15.574327,0.067009,4.021732,-60.608345,-19.957601,-19.904779,1042.248657,-0.070876,-0.002419,0.000305,0.780000,0.780000,-0.011695,102530.015625,0.964902,0.000000,0.000000,0.000000,0.000000,0.000000,0.000000,0.000000,0.000000,0.000000,-59.553242,3416.401123
19.868211,1.000000,-5140.256836,-1.463118,1736.435027,1037.632202,3402.632813,315.009674,314.950470,324.404973,-15.574986,0.065311,4.020786,-60.601353,-19.957233,-19.904882,1038.864502,-0.070884,-0.002427,0.000309,0.780000,0.780000,-0.011736,102530.015625,0.964857,0.000000,0.000000,0.000000,0.000000,0.000000,0.000000,0.000000,0.000000,0.000000,-59.546505,3405.250000
19.924490,1.000000,-5130.875488,-1.438714,1733.024688,1034.220947,3391.437012,315.028534,314.971527,324.373800,-15.575653,0.063631,4.019831,-60.594307,-19.956862,-19.904985,1035.449951,-0.070894,-0.002438,0.000313,0.780000,0.780000,-0.011783,102530.015625,0.964828,0.000000,0.000000,0.000000,0.000000,0.000000,0.000000,0.000000,0.000000,0.000000,-59.539806,3394.054199
19.980094,1.000000,-5121.587402,-1.414643,1729.655639,1030.851074,3380.352783,315.046967,314.992249,324.342775,-15.576312,0.061986,4.018903,-60.587353,-19.956511,-19.905092,1032.069458,-0.070899,-0.002447,0.000316,0.780000,0.780000,-0.011832,102530.015625,0.964780,0.000000,0.000000,0.000000,0.000000,0.000000,0.000000,0.000000,0.000000,0.000000,-59.533211,3382.969971
20.031021,1.000000,-5113.134277,-1.392814,1726.570308,1027.764893,3370.265137,315.063904,315.010986,324.314538,-15.576925,0.060487,4.018048,-60.581047,-19.956198,-19.905190,1028.992676,-0.070902,-0.002456,0.000320,0.780000,0.780000,-0.011860,102530.015625,0.964741,0.000000,0.000000,0.000000,0.000000,0.000000,0.000000,0.000000,0.000000,0.000000,-59.527191,3372.882324
20.086518,1.000000,-5103.813965,-1.368833,1723.208478,1024.402100,3359.143066,315.082245,315.031952,324.283394,-15.577586,0.058867,4.017123,-60.574093,-19.955853,-19.905310,1025.600464,-0.070918,-0.002464,0.000324,0.780000,0.780000,-0.011898,102530.015625,0.964705,0.000000,0.000000,0.000000,0.000000,0.000000,0.000000,0.000000,0.000000,0.000000,-59.520630,3361.810059
20.142258,1.000000,-5094.520020,-1.345009,1719.832312,1021.024902,3348.052734,315.100555,315.052490,324.252339,-15.578256,0.057253,4.016198,-60.567173,-19.955513,-19.905430,1022.217712,-0.070929,-0.002472,0.000327,0.780000,0.780000,-0.011949,102530.015625,0.964670,0.000000,0.000000,0.000000,0.000000,0.000000,0.000000,0.000000,0.000000,0.000000,-59.514061,3350.719482
20.198356,1.000000,-5085.179199,-1.321155,1716.434850,1017.626526,3336.906494,315.118988,315.073059,324.221047,-15.578935,0.055640,4.015267,-60.560234,-19.955181,-19.905552,1018.817932,-0.070937,-0.002479,0.000331,0.780000,0.780000,-0.012003,102530.015625,0.964629,0.000000,0.000000,0.000000,0.000000,0.000000,0.000000,0.000000,0.000000,0.000000,-59.507462,3339.573242
20.248859,1.000000,-5076.827637,-1.299904,1713.376571,1014.567444,3326.940430,315.135468,315.091614,324.192958,-15.579546,0.054193,4.014437,-60.554031,-19.954891,-19.905657,1015.778198,-0.070937,-0.002486,0.000334,0.780000,0.780000,-0.012046,102530.015625,0.964593,0.000000,0.000000,0.000000,0.000000,0.000000,0.000000,0.000000,0.000000,0.000000,-59.501526,3329.605469
20.298925,1.000000,-5068.460449,-1.278690,1710.345066,1011.535095,3316.956543,315.151733,315.110382,324.164781,-15.580159,0.052770,4.013616,-60.547840,-19.954609,-19.905775,1012.732788,-0.070945,-0.002496,0.000337,0.780000,0.780000,-0.012087,102530.015625,0.964554,0.000000,0.000000,0.000000,0.000000,0.000000,0.000000,0.000000,0.000000,0.000000,-59.495659,3319.621582
20.350898,1.000000,-5059.868164,-1.256984,1707.198419,1008.387390,3306.704102,315.168640,315.129425,324.135832,-15.580794,0.051299,4.012771,-60.541492,-19.954324,-19.905899,1009.605469,-0.070954,-0.002502,0.000341,0.780000,0.780000,-0.012123,102530.015625,0.964526,0.000000,0.000000,0.000000,0.000000,0.000000,0.000000,0.000000,0.000000,0.000000,-59.489586,3309.369141
20.401731,1.000000,-5051.421875,-1.235723,1704.121112,1005.309204,3296.625977,315.185120,315.148163,324.107268,-15.581421,0.049867,4.011946,-60.535271,-19.954055,-19.906017,1006.531250,-0.070954,-0.002510,0.000344,0.780000,0.780000,-0.012157,102530.015625,0.964487,0.000000,0.000000,0.000000,0.000000,0.000000,0.000000,0.000000,0.000000,0.000000,-59.483658,3299.291016
20.451845,1.000000,-5043.010742,-1.214627,1701.087641,1002.274841,3286.589600,315.201385,315.167023,324.078854,-15.582034,0.048471,4.011138,-60.529076,-19.953785,-19.906139,1003.469849,-0.070962,-0.002519,0.000347,0.780000,0.780000,-0.012182,102530.015625,0.964456,0.000000,0.000000,0.000000,0.000000,0.000000,0.000000,0.000000,0.000000,0.000000,-59.477821,3289.167969
20.502810,1.000000,-5034.575195,-1.193547,1698.002974,999.189209,3276.524658,315.217865,315.185760,324.050350,-15.582663,0.047059,4.010319,-60.522869,-19.953517,-19.906267,1000.399536,-0.070973,-0.002527,0.000351,0.780000,0.780000,-0.012211,102530.015625,0.964432,0.000000,0.000000,0.000000,0.000000,0.000000,0.000000,0.000000,0.000000,0.000000,-59.471893,3279.103027
20.554089,1.000000,-5025.980957,-1.172150,1694.899623,996.085022,3266.270264,315.234344,315.204834,324.021223,-15.583294,0.045646,4.009496,-60.516552,-19.953251,-19.906397,997.271484,-0.070980,-0.002536,0.000354,0.780000,0.780000,-0.012248,102530.015625,0.964398,0.000000,0.000000,0.000000,0.000000,0.000000,0.000000,0.000000,0.000000,0.000000,-59.465935,3268.848633
20.609392,1.000000,-5016.764648,-1.149293,1691.553102,992.737427,3255.273926,315.252167,315.225189,323.989871,-15.583982,0.044134,4.008616,-60.509800,-19.952978,-19.906540,993.917053,-0.070984,-0.002543,0.000358,0.780000,0.780000,-0.012280,102530.015625,0.964360,0.000000,0.000000,0.000000,0.000000,0.000000,0.000000,0.000000,0.000000,0.000000,-59.459526,3257.852295
20.664790,1.000000,-5007.522461,-1.126465,1688.201207,989.384399,3244.247070,315.270020,315.245544,323.958401,-15.584665,0.042631,4.007744,-60.503033,-19.952708,-19.906689,990.553162,-0.070993,-0.002552,0.000361,0.780000,0.780000,-0.012305,102530.015625,0.964321,0.000000,0.000000,0.000000,0.000000,0.000000,0.000000,0.000000,0.000000,0.000000,-59.453117,3246.890869
20.714797,1.000000,-4999.257324,-1.106129,1685.175818,986.358032,3234.385742,315.286011,315.263580,323.930253,-15.585287,0.041283,4.006958,-60.497002,-19.952473,-19.906818,987.544922,-0.070995,-0.002557,0.000364,0.780000,0.780000,-0.012331,102530.015625,0.964299,0.000000,0.000000,0.000000,0.000000,0.000000,0.000000,0.000000,0.000000,0.000000,-59.447350,3237.029541
20.771164,1.000000,-4989.951660,-1.083323,1681.766018,982.947144,3223.283936,315.304016,315.284149,323.898516,-15.585994,0.039770,4.006064,-60.490200,-19.952207,-19.906981,984.157898,-0.071011,-0.002566,0.000368,0.780000,0.780000,-0.012359,102530.015625,0.964264,0.000000,0.000000,0.000000,0.000000,0.000000,0.000000,0.000000,0.000000,0.000000,-59.440838,3225.927490
20.827062,1.000000,-4980.558594,-1.060397,1678.384970,979.565125,3212.076904,315.321899,315.304413,323.866394,-15.586691,0.038281,4.005193,-60.483364,-19.951953,-19.907129,980.739136,-0.071011,-0.002574,0.000372,0.780000,0.780000,-0.012388,102530.015625,0.964230,0.000000,0.000000,0.000000,0.000000,0.000000,0.000000,0.000000,0.000000,0.000000,-59.434406,3214.720459
20.877949,1.000000,-4972.096680,-1.039829,1675.307346,976.486389,3201.981445,315.338104,315.322815,323.837504,-15.587335,0.036933,4.004394,-60.477219,-19.951725,-19.907272,977.659241,-0.071018,-0.002582,0.000375,0.780000,0.780000,-0.012410,102530.015625,0.964195,0.000000,0.000000,0.000000,0.000000,0.000000,0.000000,0.000000,0.000000,0.000000,-59.428570,3204.643066
20.934465,1.000000,-4962.781738,-1.017279,1671.889651,973.067566,3190.868408,315.356079,315.343140,323.805589,-15.588043,0.035451,4.003522,-60.470448,-19.951478,-19.907434,974.268860,-0.071027,-0.002591,0.000378,0.780000,0.780000,-0.012431,102530.015625,0.964159,0.000000,0.000000,0.000000,0.000000,0.000000,0.000000,0.000000,0.000000,0.000000,-59.422085,3193.530029
20.986731,1.000000,-4954.004883,-0.996120,1668.729308,969.906067,3180.397705,315.372681,315.361176,323.775365,-15.588700,0.034093,4.002726,-60.464085,-19.951260,-19.907595,971.074341,-0.071036,-0.002600,0.000382,0.780000,0.780000,-0.012452,102530.015625,0.964122,0.000000,0.000000,0.000000,0.000000,0.000000,0.000000,0.000000,0.000000,0.000000,-59.416103,3183.059326
21.037327,1.000000,-4945.645996,-0.976047,1665.670257,966.846069,3170.425537,315.388794,315.380219,323.746654,-15.589341,0.032783,4.001945,-60.458035,-19.951051,-19.907742,968.031982,-0.071041,-0.002605,0.000385,0.780000,0.780000,-0.012474,102530.015625,0.964105,0.000000,0.000000,0.000000,0.000000,0.000000,0.000000,0.000000,0.000000,0.000000,-59.410320,3173.087158
21.093108,1.000000,-4936.291992,-0.953676,1662.298076,963.472717,3159.265869,315.406250,315.400024,323.714531,-15.590050,0.031349,4.001090,-60.451275,-19.950819,-19.907904,964.627380,-0.071045,-0.002612,0.000388,0.780000,0.780000,-0.012495,102530.015625,0.964073,0.000000,0.000000,0.000000,0.000000,0.000000,0.000000,0.000000,0.000000,0.000000,-59.403965,3161.801758
21.143250,1.000000,-4927.970215,-0.933856,1659.267113,960.440674,3149.338379,315.421906,315.418060,323.685819,-15.590679,0.030071,4.000334,-60.445267,-19.950623,-19.908058,961.598511,-0.071052,-0.002618,0.000391,0.780000,0.780000,-0.012516,102530.015625,0.964050,0.000000,0.000000,0.000000,0.000000,0.000000,0.000000,0.000000,0.000000,0.000000,-59.398243,3151.874268
21.193576,1.000000,-4919.657227,-0.914135,1656.225332,957.397827,3139.421387,315.437683,315.436005,323.657167,-15.591323,0.028801,3.999567,-60.439270,-19.950426,-19.908215,958.572815,-0.071061,-0.002625,0.000395,0.780000,0.780000,-0.012539,102530.015625,0.964018,0.000000,0.000000,0.000000,0.000000,0.000000,0.000000,0.000000,0.000000,0.000000,-59.392521,3141.957275
21.243963,1.000000,-4911.208496,-0.894170,1653.180167,954.351563,3129.342285,315.453400,315.454102,323.627951,-15.591969,0.027539,3.998812,-60.433193,-19.950238,-19.908367,955.497742,-0.071061,-0.002630,0.000398,0.780000,0.780000,-0.012555,102530.015625,0.963986,0.000000,0.000000,0.000000,0.000000,0.000000,0.000000,0.000000,0.000000,0.000000,-59.386806,3131.877930
21.294324,1.000000,-4902.879883,-0.874568,1650.136876,951.307129,3119.406738,315.468994,315.471985,323.599240,-15.592607,0.026288,3.998048,-60.427208,-19.950048,-19.908524,952.466370,-0.071070,-0.002635,0.000401,0.780000,0.780000,-0.012567,102530.015625,0.963960,0.000000,0.000000,0.000000,0.000000,0.000000,0.000000,0.000000,0.000000,0.000000,-59.381092,3121.903809
21.345229,1.000000,-4894.443359,-0.854792,1647.061020,948.230225,3109.342773,315.484680,315.489929,323.570083,-15.593262,0.025029,3.997281,-60.421146,-19.949860,-19.908688,949.395752,-0.071080,-0.002641,0.000404,0.780000,0.780000,-0.012589,102530.015625,0.963931,0.000000,0.000000,0.000000,0.000000,0.000000,0.000000,0.000000,0.000000,0.000000,-59.375324,3111.839844
21.401278,1.000000,-4885.188965,-0.833191,1643.674703,944.842590,3098.302734,315.502075,315.509613,323.538050,-15.593980,0.023656,3.996444,-60.414505,-19.949660,-19.908861,946.027405,-0.071082,-0.002645,0.000407,0.780000,0.780000,-0.012619,102530.015625,0.963908,0.000000,0.000000,0.000000,0.000000,0.000000,0.000000,0.000000,0.000000,0.000000,-59.368984,3100.799805
21.457154,1.000000,-4875.833984,-0.811454,1640.299210,941.465881,3087.143311,315.519470,315.529449,323.505601,-15.594699,0.022301,3.995609,-60.407799,-19.949463,-19.909046,942.622498,-0.071092,-0.002651,0.000410,0.780000,0.780000,-0.012648,102530.015625,0.963876,0.000000,0.000000,0.000000,0.000000,0.000000,0.000000,0.000000,0.000000,0.000000,-59.362671,3089.639404
21.507523,1.000000,-4867.516602,-0.792211,1637.256716,938.422241,3077.221680,315.535065,315.547119,323.476771,-15.595353,0.021090,3.994856,-60.401848,-19.949290,-19.909214,939.595215,-0.071102,-0.002653,0.000413,0.780000,0.780000,-0.012672,102530.015625,0.963844,0.000000,0.000000,0.000000,0.000000,0.000000,0.000000,0.000000,0.000000,0.000000,-59.356987,3079.717773
21.557733,1.000000,-4859.095215,-0.772805,1634.224126,935.388489,3067.175781,315.550507,315.564972,323.447466,-15.596000,0.019894,3.994113,-60.395824,-19.949122,-19.909376,936.530090,-0.071103,-0.002659,0.000416,0.780000,0.780000,-0.012699,102530.015625,0.963824,0.000000,0.000000,0.000000,0.000000,0.000000,0.000000,0.000000,0.000000,0.000000,-59.351326,3069.671875
21.612789,1.000000,-4849.958984,-0.751845,1630.899191,932.062256,3056.277588,315.567413,315.584290,323.415610,-15.596709,0.018591,3.993308,-60.389305,-19.948949,-19.909563,933.204773,-0.071110,-0.002664,0.000419,0.780000,0.780000,-0.012721,102530.015625,0.963787,0.000000,0.000000,0.000000,0.000000,0.000000,0.000000,0.000000,0.000000,0.000000,-59.345139,3058.773682
21.668478,1.000000,-4840.726074,-0.730761,1627.536392,928.698181,3045.263916,315.584564,315.603607,323.383339,-15.597433,0.017284,3.992496,-60.382725,-19.948780,-19.909748,929.844238,-0.071111,-0.002666,0.000422,0.780000,0.780000,-0.012738,102530.015625,0.963745,0.000000,0.000000,0.000000,0.000000,0.000000,0.000000,0.000000,0.000000,0.000000,-59.338890,3047.874756
21.718934,1.000000,-4832.354980,-0.711730,1624.489907,925.650452,3035.278809,315.599976,315.621185,323.354183,-15.598088,0.016114,3.991763,-60.376774,-19.948626,-19.909924,926.797424,-0.071121,-0.002671,0.000425,0.780000,0.780000,-0.012750,102530.015625,0.963731,0.000000,0.000000,0.000000,0.000000,0.000000,0.000000,0.000000,0.000000,0.000000,-59.333237,3037.889648
21.769305,1.000000,-4824.023926,-0.692869,1621.448853,922.608276,3025.340820,315.615326,315.638275,323.324967,-15.598739,0.014955,3.991038,-60.370853,-19.948484,-19.910088,923.765137,-0.071116,-0.002677,0.000427,0.780000,0.780000,-0.012758,102530.015625,0.963695,0.000000,0.000000,0.000000,0.000000,0.000000,0.000000,0.000000,0.000000,0.000000,-59.327599,3027.951660
21.824672,1.000000,-4814.773926,-0.672024,1618.106520,919.264648,3014.307129,315.632050,315.657745,323.292667,-15.599456,0.013691,3.990242,-60.364300,-19.948325,-19.910280,920.398438,-0.071124,-0.002679,0.000430,0.780000,0.780000,-0.012762,102530.015625,0.963666,0.000000,0.000000,0.000000,0.000000,0.000000,0.000000,0.000000,0.000000,0.000000,-59.321419,3016.917969
21.879420,1.000000,-4805.684082,-0.651636,1614.801909,915.958618,3003.465088,315.648590,315.676788,323.260870,-15.600170,0.012457,3.989452,-60.357845,-19.948167,-19.910477,917.090027,-0.071138,-0.002684,0.000433,0.780000,0.780000,-0.012776,102530.015625,0.963643,0.000000,0.000000,0.000000,0.000000,0.000000,0.000000,0.000000,0.000000,0.000000,-59.315308,3005.961914
21.934454,1.000000,-4796.610352,-0.631381,1611.480392,912.635742,2992.641846,315.665222,315.695313,323.229015,-15.600874,0.011228,3.988682,-60.351425,-19.948024,-19.910667,913.787415,-0.071134,-0.002690,0.000436,0.758752,0.779271,-0.012834,102530.015625,0.963600,0.000000,0.000000,0.000000,0.000000,0.000000,0.000000,0.000000,0.000000,0.000000,-59.309181,2995.138672
21.985618,1.000000,-4788.080566,-0.612428,1608.392761,909.547363,2982.467529,315.680664,315.713959,323.199265,-15.601542,0.010091,3.987964,-60.345463,-19.947899,-19.910849,910.682861,-0.071075,-0.002694,0.000438,0.733170,0.776158,-0.013324,102530.015625,0.963440,0.000000,0.000000,0.000000,0.000000,0.000000,0.000000,0.000000,0.000000,0.000000,-59.303566,2984.964355
22.036619,1.000000,-4779.653320,-0.593788,1605.315261,906.469116,2972.415283,315.696014,315.732544,323.170435,-15.602257,0.008972,3.987243,-60.339787,-19.947810,-19.911026,907.615601,-0.070907,-0.002699,0.000441,0.707670,0.770871,-0.014553,102530.015625,0.963029,0.000000,0.000000,0.000000,0.000000,0.000000,0.000000,0.000000,0.000000,0.000000,-59.298210,2974.912109
22.090871,1.000000,-4770.700684,-0.574077,1602.041897,903.194702,2961.736816,315.712219,315.753052,323.140626,-15.603106,0.007789,3.986468,-60.334167,-19.947794,-19.911221,904.357117,-0.070574,-0.002703,0.000444,0.680544,0.763104,-0.016803,102530.015625,0.962272,0.000000,0.000000,0.000000,0.000000,0.000000,0.000000,0.000000,0.000000,0.000000,-59.292953,2964.302002
22.143425,1.000000,-4761.918457,-0.554833,1598.871254,900.023132,2951.261719,315.727936,315.774750,323.112419,-15.604067,0.006655,3.985721,-60.329304,-19.947917,-19.911411,901.160645,-0.070067,-0.002707,0.000446,0.654267,0.753667,-0.019843,102530.015625,0.961171,0.000000,0.000000,0.000000,0.000000,0.000000,0.000000,0.000000,0.000000,0.000000,-59.288532,2953.826904
22.193700,1.000000,-4753.562500,-0.536607,1595.838316,896.989258,2941.294922,315.742981,315.796906,323.086792,-15.605151,0.005569,3.985030,-60.325489,-19.948212,-19.911594,898.119324,-0.069402,-0.002711,0.000448,0.629129,0.743055,-0.023409,102530.015625,0.959759,0.000000,0.000000,0.000000,0.000000,0.000000,0.000000,0.000000,0.000000,0.000000,-59.285130,2943.860107
22.248195,1.000000,-4744.447754,-0.516819,1592.550976,893.701111,2930.422607,315.759369,315.823334,323.060423,-15.606544,0.004407,3.984324,-60.322479,-19.948795,-19.911783,894.801819,-0.068463,-0.002714,0.000451,0.601882,0.729978,-0.027790,102530.015625,0.957842,0.000000,0.000000,0.000000,0.000000,0.000000,0.000000,0.000000,0.000000,0.000000,-59.282600,2932.987549
22.298311,1.000000,-4736.185547,-0.498967,1589.527897,890.677063,2920.566895,315.774628,315.849030,323.038089,-15.608044,0.003350,3.983755,-60.320972,-19.949606,-19.911953,891.794617,-0.067414,-0.002717,0.000453,0.576824,0.716656,-0.032098,102530.015625,0.955765,0.000000,0.000000,0.000000,0.000000,0.000000,0.000000,0.000000,0.000000,0.000000,-59.281525,2923.131348
22.348920,1.000000,-4727.816895,-0.480967,1586.475112,887.623291,2910.583740,315.790161,315.877136,323.017089,-15.609782,0.002284,3.983284,-60.320824,-19.950756,-19.912115,888.748657,-0.066164,-0.002718,0.000455,0.551519,0.702066,-0.036487,102530.015625,0.953391,0.000000,0.000000,0.000000,0.000000,0.000000,0.000000,0.000000,0.000000,0.000000,-59.281837,2913.148193
22.399735,1.000000,-4719.376465,-0.462896,1583.409856,884.557190,2900.514160,315.805908,315.908417,322.997750,-15.611747,0.001219,3.982975,-60.322250,-19.952291,-19.912270,885.676575,-0.064723,-0.002722,0.000458,0.526112,0.686375,-0.040719,102530.015625,0.950708,0.000000,0.000000,0.000000,0.000000,0.000000,0.000000,0.000000,0.000000,0.000000,-59.283745,2903.078613
22.450389,1.000000,-4710.932129,-0.444899,1580.354183,881.500427,2890.439209,315.821930,315.942078,322.980369,-15.613906,0.000171,3.982882,-60.325405,-19.954241,-19.912407,882.603088,-0.063102,-0.002722,0.000460,0.500785,0.669797,-0.044565,102530.015625,0.947807,0.000000,0.000000,0.000000,0.000000,0.000000,0.000000,0.000000,0.000000,0.000000,-59.287373,2893.003418
22.505649,1.000000,-4701.793945,-0.425517,1577.020402,878.165649,2879.534668,315.839844,315.982239,322.963878,-15.616460,-0.000968,3.983101,-60.330929,-19.956862,-19.912533,879.277100,-0.061152,-0.002721,0.000462,0.473155,0.650746,-0.048086,102530.015625,0.944417,0.000000,0.000000,0.000000,0.000000,0.000000,0.000000,0.000000,0.000000,0.000000,-59.293449,2881.935547
22.555719,1.000000,-4693.487305,-0.407983,1573.999397,875.143677,2869.621338,315.856567,316.021729,322.951094,-15.618935,-0.001998,3.983624,-60.337959,-19.959732,-19.912626,876.253723,-0.059216,-0.002724,0.000464,0.448120,0.632707,-0.050555,102530.015625,0.941168,0.000000,0.000000,0.000000,0.000000,0.000000,0.000000,0.000000,0.000000,0.000000,-59.300976,2872.022217
22.608219,1.000000,-4684.799805,-0.389731,1570.831326,871.974548,2859.251221,315.874725,316.066406,322.940179,-15.621641,-0.003073,3.984578,-60.347450,-19.963245,-19.912685,873.091736,-0.057025,-0.002725,0.000466,0.421870,0.613081,-0.052285,102530.015625,0.937658,0.000000,0.000000,0.000000,0.000000,0.000000,0.000000,0.000000,0.000000,0.000000,-59.311008,2861.651855
22.663992,1.000000,-4675.517578,-0.370327,1567.465114,868.607239,2848.169434,315.894867,316.118011,322.931281,-15.624575,-0.004208,3.986143,-60.360119,-19.967611,-19.912725,869.713257,-0.054539,-0.002727,0.000468,0.393983,0.591500,-0.052881,102530.015625,0.933812,0.000000,0.000000,0.000000,0.000000,0.000000,0.000000,0.000000,0.000000,0.000000,-59.324184,2850.570313
22.714090,1.000000,-4667.223633,-0.353071,1564.440743,865.581970,2838.264893,315.913849,316.167847,322.925942,-15.627213,-0.005228,3.988087,-60.373688,-19.972049,-19.912714,866.694519,-0.052177,-0.002728,0.000470,0.368934,0.571545,-0.052337,102530.015625,0.930314,0.000000,0.000000,0.000000,0.000000,0.000000,0.000000,0.000000,0.000000,0.000000,-59.338268,2840.779541
22.770078,1.000000,-4657.934082,-0.333837,1561.059905,862.199951,2827.168213,315.935974,316.227905,322.922976,-15.630092,-0.006361,3.990934,-60.391441,-19.977627,-19.912651,863.313416,-0.049397,-0.002732,0.000472,0.340940,0.548669,-0.050403,102530.015625,0.926365,0.000000,0.000000,0.000000,0.000000,0.000000,0.000000,0.000000,0.000000,0.000000,-59.356560,2829.682861
22.824396,1.000000,-4648.895020,-0.315216,1557.778868,858.917725,2816.367432,315.958618,316.290741,322.923242,-15.632731,-0.007449,3.994469,-60.411350,-19.983676,-19.912535,860.023438,-0.046566,-0.002730,0.000474,0.313781,0.525952,-0.047116,102530.015625,0.922532,0.000000,0.000000,0.000000,0.000000,0.000000,0.000000,0.000000,0.000000,0.000000,-59.376915,2818.882080
22.879289,1.000000,-4639.778809,-0.296529,1554.461913,855.599731,2805.470459,315.982819,316.358368,322.926772,-15.635173,-0.008540,3.998874,-60.434040,-19.990387,-19.912352,856.705444,-0.043592,-0.002727,0.000476,0.286335,0.502530,-0.042434,102530.015625,0.918766,0.000000,0.000000,0.000000,0.000000,0.000000,0.000000,0.000000,0.000000,0.000000,-59.400074,2807.929688
22.935332,1.000000,-4630.610352,-0.277829,1551.074089,852.210693,2794.507080,316.009125,316.430908,322.933742,-15.637365,-0.009653,4.004282,-60.459484,-19.997739,-19.912102,853.368408,-0.040525,-0.002726,0.000478,0.258313,0.478186,-0.036226,102530.015625,0.915088,0.000000,0.000000,0.000000,0.000000,0.000000,0.000000,0.000000,0.000000,0.000000,-59.426380,2796.966309
22.990477,1.000000,-4621.354004,-0.259045,1547.739047,848.874451,2783.434082,316.036591,316.509125,322.944391,-15.639150,-0.010740,4.010561,-60.487801,-20.005754,-19.911772,849.999329,-0.037297,-0.002725,0.000480,0.250000,0.454465,-0.028657,102530.015625,0.911408,0.000000,0.000000,0.000000,0.000000,0.000000,0.000000,0.000000,0.000000,0.000000,-59.454849,2785.893311
23.045691,1.000000,-4612.188477,-0.240539,1544.398198,845.532471,2772.464355,316.065857,316.591064,322.958420,-15.640454,-0.011819,4.017878,-60.518311,-20.014244,-19.911360,846.663391,-0.034109,-0.002725,0.000482,0.250000,0.433026,-0.019209,102530.015625,0.908097,0.000000,0.000000,0.000000,0.000000,0.000000,0.000000,0.000000,0.000000,0.000000,-59.485775,2774.923340
23.101412,1.000000,-4602.997559,-0.222074,1541.024884,842.157959,2761.459229,316.097443,316.677307,322.975623,-15.641185,-0.012898,4.026329,-60.551113,-20.023249,-19.910864,843.318115,-0.030999,-0.002725,0.000484,0.250000,0.413668,-0.007452,102530.015625,0.905294,0.000000,0.000000,0.000000,0.000000,0.000000,0.000000,0.000000,0.000000,0.000000,-59.519165,2763.912109
23.152342,1.000000,-4594.559570,-0.205204,1537.939948,839.072144,2751.350830,316.128082,316.759613,322.993924,-15.641221,-0.013878,4.035038,-60.582882,-20.031874,-19.910326,840.246948,-0.028237,-0.002724,0.000485,0.250000,0.397770,0.005253,102530.015625,0.903242,0.000000,0.000000,0.000000,0.000000,0.000000,0.000000,0.000000,0.000000,0.000000,-59.551292,2753.803467
23.208260,1.000000,-4585.219727,-0.186620,1534.550961,835.682373,2740.156006,316.163788,316.854065,323.016763,-15.640454,-0.014950,4.045699,-60.619541,-20.041726,-19.909632,836.847534,-0.025315,-0.002724,0.000487,0.250000,0.382088,0.021345,102530.015625,0.901528,0.000000,0.000000,0.000000,0.000000,0.000000,0.000000,0.000000,0.000000,0.000000,-59.588017,2742.608643
23.258520,1.000000,-4576.897461,-0.170142,1531.503112,832.633850,2730.175781,316.197876,316.940765,323.039305,-15.638957,-0.015905,4.056254,-60.653202,-20.050681,-19.908932,833.818481,-0.022906,-0.002724,0.000488,0.250000,0.369418,0.037384,102530.015625,0.900668,0.000000,0.000000,0.000000,0.000000,0.000000,0.000000,0.000000,0.000000,0.000000,-59.621967,2732.628418
23.309180,1.000000,-4568.514160,-0.153621,1528.429269,829.559387,2720.117676,316.234161,317.030029,323.063894,-15.636592,-0.016861,4.067817,-60.687733,-20.059781,-19.908144,830.767212,-0.020650,-0.002724,0.000490,0.250000,0.357877,0.054770,102530.015625,0.900315,0.000000,0.000000,0.000000,0.000000,0.000000,0.000000,0.000000,0.000000,0.000000,-59.656776,2722.623047
23.364464,1.000000,-4559.282227,-0.135515,1525.072846,826.202209,2709.034912,316.275848,317.130737,323.093198,-15.632976,-0.017896,4.081451,-60.726154,-20.069792,-19.907175,827.407043,-0.018331,-0.002728,0.000491,0.250000,0.346552,0.074844,102530.015625,0.900517,0.000000,0.000000,0.000000,0.000000,0.000000,0.000000,0.000000,0.000000,0.000000,-59.695110,2711.540283
23.420912,1.000000,-4550.016113,-0.117438,1521.643572,822.772034,2697.905518,316.320923,317.233429,323.124817,-15.628116,-0.018934,4.096402,-60.764732,-20.079715,-19.906105,824.034485,-0.016305,-0.002727,0.000493,0.250000,0.336214,0.095982,102530.015625,0.901555,0.000000,0.000000,0.000000,0.000000,0.000000,0.000000,0.000000,0.000000,0.000000,-59.734219,2700.410889
23.471287,1.000000,-4541.767578,-0.101425,1518.581388,819.709229,2687.992676,316.363220,317.326416,323.154715,-15.622763,-0.019856,4.110566,-60.798813,-20.088367,-19.905062,821.032227,-0.014688,-0.002728,0.000494,0.250000,0.327926,0.115068,102530.015625,0.902866,0.000000,0.000000,0.000000,0.000000,0.000000,0.000000,0.000000,0.000000,0.000000,-59.768810,2690.498047
23.525836,1.000000,-4532.804688,-0.084110,1515.263531,816.390503,2677.216309,316.411163,317.428680,323.189062,-15.615891,-0.020840,4.126660,-60.835217,-20.097467,-19.903841,817.770020,-0.013091,-0.002733,0.000496,0.250000,0.319845,0.135453,102530.015625,0.904754,0.000000,0.000000,0.000000,0.000000,0.000000,0.000000,0.000000,0.000000,0.000000,-59.805599,2679.590820
23.576907,1.000000,-4524.067871,-0.067318,1512.155429,813.281616,2666.706787,316.458191,317.529755,323.224328,-15.608457,-0.021752,4.142394,-60.869907,-20.105991,-19.902571,814.590088,-0.011538,-0.002737,0.000497,0.250000,0.313043,0.154287,102530.015625,0.906843,0.000000,0.000000,0.000000,0.000000,0.000000,0.000000,0.000000,0.000000,0.000000,-59.839249,2669.081299
23.633000,1.000000,-4514.790039,-0.049579,1508.739753,809.865112,2655.541504,316.512024,317.638123,323.263599,-15.599202,-0.022738,4.160316,-60.905651,-20.114604,-19.901140,811.213257,-0.010264,-0.002740,0.000498,0.250000,0.306333,0.174388,102530.015625,0.909630,0.000000,0.000000,0.000000,0.000000,0.000000,0.000000,0.000000,0.000000,0.000000,-59.875092,2657.916016
23.689157,1.000000,-4505.445313,-0.031809,1505.318215,806.442688,2644.290039,316.568146,317.748169,323.305035,-15.588837,-0.023713,4.178805,-60.940220,-20.122732,-19.899603,807.812012,-0.009124,-0.002743,0.000500,0.250000,0.300331,0.193449,102530.015625,0.912826,0.000000,0.000000,0.000000,0.000000,0.000000,0.000000,0.000000,0.000000,0.000000,-59.909512,2646.818848
23.742872,1.000000,-4496.508789,-0.014907,1502.043698,803.167358,2633.525635,316.624054,317.853790,323.346353,-15.577953,-0.024630,4.196889,-60.971725,-20.129934,-19.898062,804.559387,-0.008188,-0.002746,0.000501,0.250000,0.295187,0.210369,102530.015625,0.916226,0.000000,0.000000,0.000000,0.000000,0.000000,0.000000,0.000000,0.000000,0.000000,-59.940868,2636.054443
23.794162,1.000000,-4488.084473,0.000944,1498.915490,800.038391,2623.374023,316.679352,317.953644,323.386691,-15.566743,-0.025494,4.214429,-60.999939,-20.136190,-19.896540,801.493225,-0.007508,-0.002751,0.000502,0.250000,0.290768,0.225430,102530.015625,0.919697,0.000000,0.000000,0.000000,0.000000,0.000000,0.000000,0.000000,0.000000,0.000000,-59.969280,2625.903076
23.850123,1.000000,-4478.728027,0.018454,1495.500785,796.622681,2612.096191,316.741638,318.065186,323.433140,-15.553682,-0.026423,4.233725,-61.029385,-20.142468,-19.894796,798.087708,-0.006809,-0.002756,0.000503,0.250000,0.286436,0.240208,102530.015625,0.923556,0.000000,0.000000,0.000000,0.000000,0.000000,0.000000,0.000000,0.000000,0.000000,-59.998394,2614.625000
23.901596,1.000000,-4470.169922,0.034382,1492.358555,793.479614,2601.777100,316.800690,318.167175,323.476978,-15.540975,-0.027265,4.251563,-61.054565,-20.147600,-19.893148,794.972839,-0.006338,-0.002762,0.000504,0.250000,0.282861,0.252526,102530.015625,0.927303,0.000000,0.000000,0.000000,0.000000,0.000000,0.000000,0.000000,0.000000,0.000000,-60.023422,2604.217773
23.957385,1.000000,-4460.895996,0.051547,1488.951458,790.071594,2590.591309,316.866425,318.277954,323.526037,-15.526530,-0.028167,4.270862,-61.079845,-20.152460,-19.891304,791.597412,-0.005955,-0.002765,0.000505,0.250000,0.279381,0.264246,102530.015625,0.931506,0.000000,0.000000,0.000000,0.000000,0.000000,0.000000,0.000000,0.000000,0.000000,-60.048519,2593.032227
24.013318,1.000000,-4451.581055,0.068687,1485.534230,786.653381,2579.354004,316.934113,318.388763,323.576668,-15.511449,-0.029053,4.290066,-61.103035,-20.156595,-19.889414,788.207031,-0.005686,-0.002769,0.000506,0.250000,0.276263,0.274172,102530.015625,0.935838,0.000000,0.000000,0.000000,0.000000,0.000000,0.000000,0.000000,0.000000,0.000000,-60.071491,2581.794678
24.065417,1.000000,-4442.991699,0.084401,1482.350144,783.468445,2568.989502,316.998840,318.490875,323.624629,-15.496949,-0.029866,4.307720,-61.122429,-20.159730,-19.887632,785.080750,-0.005565,-0.002774,0.000507,0.250000,0.273656,0.281745,102530.015625,0.939883,0.000000,0.000000,0.000000,0.000000,0.000000,0.000000,0.000000,0.000000,0.000000,-60.090866,2571.430420
24.120356,1.000000,-4433.880859,0.100973,1478.991457,780.108826,2557.994141,317.068634,318.599091,323.676714,-15.481277,-0.030715,4.326005,-61.140896,-20.162347,-19.885715,781.764709,-0.005503,-0.002780,0.000508,0.250000,0.271186,0.287994,102530.015625,0.944090,0.000000,0.000000,0.000000,0.000000,0.000000,0.000000,0.000000,0.000000,0.000000,-60.109184,2560.365723
24.170944,1.000000,-4425.386719,0.116335,1475.897935,777.014404,2547.741699,317.134094,318.699951,323.726425,-15.466581,-0.031480,4.342468,-61.156197,-20.164139,-19.883909,778.673096,-0.005503,-0.002786,0.000508,0.250000,0.269141,0.292328,102530.015625,0.947966,0.000000,0.000000,0.000000,0.000000,0.000000,0.000000,0.000000,0.000000,0.000000,-60.124157,2550.113281
24.225726,1.000000,-4416.271484,0.132724,1472.547152,773.662659,2536.738525,317.206451,318.807770,323.780852,-15.450471,-0.032294,4.359818,-61.170551,-20.165373,-19.881954,775.355408,-0.005611,-0.002791,0.000509,0.250000,0.267149,0.295439,102530.015625,0.952137,0.000000,0.000000,0.000000,0.000000,0.000000,0.000000,0.000000,0.000000,0.000000,-60.138325,2539.110352
24.281420,1.000000,-4407.026367,0.149242,1469.139857,770.254395,2525.578125,317.281281,318.916656,323.837089,-15.433964,-0.033110,4.376861,-61.182945,-20.165909,-19.879963,771.990479,-0.005795,-0.002795,0.000510,0.250000,0.265336,0.296921,102530.015625,0.956277,0.000000,0.000000,0.000000,0.000000,0.000000,0.000000,0.000000,0.000000,0.000000,-60.150555,2527.949951
24.337429,1.000000,-4397.745117,0.165720,1465.712670,766.826111,2514.374268,317.357758,319.025513,323.894720,-15.417333,-0.033913,4.393314,-61.193245,-20.165731,-19.877968,768.612366,-0.006057,-0.002799,0.000511,0.250000,0.263706,0.296794,102530.015625,0.960332,0.000000,0.000000,0.000000,0.000000,0.000000,0.000000,0.000000,0.000000,0.000000,-60.160706,2516.826660
24.392110,1.000000,-4388.588379,0.181873,1462.366257,763.478699,2503.321289,317.433594,319.132477,323.952469,-15.401140,-0.034682,4.408665,-61.201355,-20.164882,-19.876011,765.279602,-0.006355,-0.002802,0.000512,0.250000,0.262282,0.295171,102530.015625,0.964185,0.000000,0.000000,0.000000,0.000000,0.000000,0.000000,0.000000,0.000000,0.000000,-60.168587,2505.773682
24.447143,1.000000,-4379.368164,0.198034,1458.997927,760.109375,2492.191895,317.510864,319.239868,324.011524,-15.384976,-0.035442,4.423353,-61.207542,-20.163377,-19.874044,761.923706,-0.006701,-0.002806,0.000513,0.250000,0.260998,0.292140,102530.015625,0.967906,0.000000,0.000000,0.000000,0.000000,0.000000,0.000000,0.000000,0.000000,0.000000,-60.174572,2494.644287
24.503202,1.000000,-4370.142090,0.214099,1455.566520,756.676880,2481.056885,317.590820,319.346680,324.071438,-15.368724,-0.036206,4.437455,-61.211800,-20.161239,-19.872099,758.565674,-0.007115,-0.002809,0.000514,0.250000,0.259828,0.287715,102530.015625,0.971513,0.000000,0.000000,0.000000,0.000000,0.000000,0.000000,0.000000,0.000000,0.000000,-60.178719,2483.445313
24.554867,1.000000,-4361.714355,0.228682,1452.403916,753.513306,2470.886475,317.665375,319.443756,324.126785,-15.353992,-0.036900,4.449669,-61.214092,-20.158768,-19.870346,755.498230,-0.007520,-0.002812,0.000514,0.250000,0.258860,0.282526,102530.015625,0.974647,0.000000,0.000000,0.000000,0.000000,0.000000,0.000000,0.000000,0.000000,0.000000,-60.180889,2473.275146
24.605622,1.000000,-4353.107910,0.243482,1449.296949,750.405396,2460.502197,317.739410,319.542786,324.183971,-15.339808,-0.037569,4.460903,-61.214928,-20.155751,-19.868580,752.365723,-0.007945,-0.002816,0.000515,0.250000,0.258002,0.276470,102530.015625,0.977652,0.000000,0.000000,0.000000,0.000000,0.000000,0.000000,0.000000,0.000000,0.000000,-60.181553,2462.890625
24.661635,1.000000,-4343.790039,0.259399,1445.868124,746.975403,2449.261230,317.821869,319.649414,324.246466,-15.324545,-0.038294,4.472387,-61.214188,-20.151955,-19.866703,748.974304,-0.008439,-0.002821,0.000516,0.250000,0.257152,0.268777,102530.015625,0.980743,0.000000,0.000000,0.000000,0.000000,0.000000,0.000000,0.000000,0.000000,0.000000,-60.180664,2451.649902
24.712113,1.000000,-4335.332520,0.273751,1442.778204,743.884460,2439.060791,317.896851,319.745850,324.303711,-15.311181,-0.038936,4.481908,-61.212151,-20.148067,-19.865042,745.896057,-0.008913,-0.002822,0.000517,0.250000,0.256463,0.261031,102530.015625,0.983363,0.000000,0.000000,0.000000,0.000000,0.000000,0.000000,0.000000,0.000000,0.000000,-60.178516,2441.415283
24.763492,1.000000,-4326.782227,0.288167,1439.633279,740.738525,2428.750732,317.973877,319.842560,324.361995,-15.298002,-0.039579,4.490782,-61.208839,-20.143736,-19.863403,742.783997,-0.009404,-0.002827,0.000518,0.250000,0.255830,0.252430,102530.015625,0.985834,0.000000,0.000000,0.000000,0.000000,0.000000,0.000000,0.000000,0.000000,0.000000,-60.175087,2431.105469
24.814423,1.000000,-4318.367188,0.302264,1436.515983,737.620178,2418.606445,318.050598,319.937653,324.419744,-15.285385,-0.040206,4.498754,-61.204430,-20.139104,-19.861830,739.721191,-0.009888,-0.002829,0.000518,0.250000,0.255264,0.243265,102530.015625,0.988107,0.000000,0.000000,0.000000,0.000000,0.000000,0.000000,0.000000,0.000000,0.000000,-60.170532,2420.960938
24.866081,1.000000,-4309.738281,0.316625,1433.354458,734.457581,2408.206787,318.129181,320.034668,324.479332,-15.273083,-0.040834,4.506000,-61.198811,-20.134002,-19.860262,736.580505,-0.010402,-0.002831,0.000519,0.250000,0.254745,0.233416,102530.015625,0.990249,0.000000,0.000000,0.000000,0.000000,0.000000,0.000000,0.000000,0.000000,0.000000,-60.164822,2410.561279
24.921685,1.000000,-4300.497070,0.331897,1429.951802,731.053711,2397.072754,318.214600,320.134369,324.543400,-15.260436,-0.041502,4.512873,-61.191700,-20.128196,-19.858644,733.216980,-0.010968,-0.002838,0.000520,0.250000,0.254244,0.222452,102530.015625,0.991840,0.000000,0.000000,0.000000,0.000000,0.000000,0.000000,0.000000,0.000000,0.000000,-60.157623,2399.432617
24.976131,1.000000,-4291.393555,0.346835,1426.620427,727.721252,2386.107666,318.298828,320.239868,324.606814,-15.248648,-0.042144,4.518654,-61.183643,-20.122142,-19.857105,729.903564,-0.011508,-0.002840,0.000521,0.250000,0.253804,0.211050,102530.015625,0.994260,0.000000,0.000000,0.000000,0.000000,0.000000,0.000000,0.000000,0.000000,0.000000,-60.149467,2388.467773
25.026748,1.000000,-4282.921387,0.360640,1423.523757,724.623535,2375.906982,318.377472,320.334229,324.666047,-15.238249,-0.042732,4.523206,-61.175259,-20.116229,-19.855734,726.819946,-0.012018,-0.002844,0.000523,0.250000,0.253437,0.200061,102530.015625,0.995836,0.000000,0.000000,0.000000,0.000000,0.000000,0.000000,0.000000,0.000000,0.000000,-60.141045,2378.266846
25.082380,1.000000,-4273.628906,0.375675,1420.120795,721.225098,2364.722656,318.464386,320.437317,324.731211,-15.227477,-0.043371,4.527292,-61.165222,-20.109481,-19.854298,723.437744,-0.012573,-0.002849,0.000524,0.250000,0.253074,0.187692,102530.015625,0.997385,0.000000,0.000000,0.000000,0.000000,0.000000,0.000000,0.000000,0.000000,0.000000,-60.130962,2367.082520
25.138026,1.000000,-4264.355957,0.390567,1416.717561,717.830933,2353.565186,318.551941,320.539551,324.796317,-15.217400,-0.044003,4.530452,-61.154446,-20.102514,-19.852924,720.062683,-0.013104,-0.002854,0.000525,0.250000,0.252749,0.175109,102530.015625,0.998679,0.000000,0.000000,0.000000,0.000000,0.000000,0.000000,0.000000,0.000000,0.000000,-60.120129,2355.909912
25.194305,1.000000,-4254.989258,0.405494,1413.276250,714.398865,2342.300293,318.641083,320.642426,324.862163,-15.207919,-0.044629,4.532735,-61.142891,-20.095272,-19.851627,716.653503,-0.013644,-0.002858,0.000526,0.250000,0.252456,0.162265,102530.015625,0.999767,0.000000,0.000000,0.000000,0.000000,0.000000,0.000000,0.000000,0.000000,0.000000,-60.108509,2344.645264
25.250150,1.000000,-4245.659668,0.420248,1409.862140,710.994019,2331.084229,318.729889,320.744781,324.927743,-15.199235,-0.045246,4.534110,-61.130821,-20.087891,-19.850401,713.257813,-0.014166,-0.002865,0.000528,0.250000,0.252196,0.149445,102530.015625,1.000711,0.000000,0.000000,0.000000,0.000000,0.000000,0.000000,0.000000,0.000000,0.000000,-60.096424,2333.428955
25.301460,1.000000,-4237.091797,0.433699,1406.725889,707.866028,2320.787354,318.812073,320.838715,324.988014,-15.191883,-0.045802,4.534627,-61.119328,-20.080989,-19.849337,710.139343,-0.014635,-0.002868,0.000529,0.250000,0.251981,0.137709,102530.015625,1.001409,0.000000,0.000000,0.000000,0.000000,0.000000,0.000000,0.000000,0.000000,0.000000,-60.084919,2323.132324
25.357177,1.000000,-4227.816406,0.448152,1403.320946,704.470276,2309.645264,318.902069,320.940247,325.053149,-15.184582,-0.046396,4.534392,-61.106495,-20.073408,-19.848267,706.763367,-0.015119,-0.002869,0.000531,0.250000,0.251771,0.124957,102530.015625,1.002031,0.000000,0.000000,0.000000,0.000000,0.000000,0.000000,0.000000,0.000000,0.000000,-60.072044,2312.138184
25.413094,1.000000,-4218.467285,0.462606,1399.904513,701.062988,2298.419678,318.992737,321.042175,325.118728,-15.177965,-0.046984,4.533376,-61.093277,-20.065687,-19.847275,703.360596,-0.015611,-0.002875,0.000533,0.250000,0.251583,0.112293,102530.015625,1.002438,0.000000,0.000000,0.000000,0.000000,0.000000,0.000000,0.000000,0.000000,0.000000,-60.058849,2300.912598
25.463636,1.000000,-4210.215820,0.475268,1396.817125,697.983887,2288.515625,319.075073,321.132202,325.176478,-15.172591,-0.047505,4.531798,-61.081436,-20.058830,-19.846458,700.357300,-0.015951,-0.002875,0.000534,0.250000,0.251431,0.100986,102530.015625,1.002733,0.000000,0.000000,0.000000,0.000000,0.000000,0.000000,0.000000,0.000000,0.000000,-60.046738,2291.008545
25.520007,1.000000,-4200.632813,0.489862,1393.374395,694.550293,2277.018066,319.167450,321.236145,325.243363,-15.167264,-0.048080,4.529358,-61.067558,-20.050840,-19.845589,696.869324,-0.016471,-0.002881,0.000536,0.250000,0.251278,0.088623,102530.015625,1.002849,0.000000,0.000000,0.000000,0.000000,0.000000,0.000000,0.000000,0.000000,0.000000,-60.033127,2279.510986
25.573494,1.000000,-4191.612305,0.503491,1390.108512,691.293152,2266.199707,319.255524,321.334076,325.306184,-15.162838,-0.048615,4.526401,-61.054420,-20.043307,-19.844843,693.586182,-0.016910,-0.002880,0.000538,0.250000,0.251148,0.077055,102530.015625,1.002897,0.000000,0.000000,0.000000,0.000000,0.000000,0.000000,0.000000,0.000000,0.000000,-60.020138,2268.735352
25.627664,1.000000,-4182.557129,0.517065,1386.801635,687.995056,2255.344727,319.345215,321.432037,325.368976,-15.158991,-0.049147,4.522792,-61.041252,-20.035768,-19.844175,690.290344,-0.017307,-0.002882,0.000540,0.250000,0.251029,0.065646,102530.015625,1.002749,0.000000,0.000000,0.000000,0.000000,0.000000,0.000000,0.000000,0.000000,0.000000,-60.007008,2257.880371
25.678300,1.000000,-4174.221680,0.529465,1383.711139,684.912842,2245.356445,319.429443,321.521759,325.426577,-15.155949,-0.049643,4.518904,-61.029202,-20.028864,-19.843624,687.256470,-0.017609,-0.002884,0.000541,0.250000,0.250930,0.055314,102530.015625,1.002461,0.000000,0.000000,0.000000,0.000000,0.000000,0.000000,0.000000,0.000000,0.000000,-59.994823,2247.892090
25.733174,1.000000,-4165.044922,0.543013,1380.362679,681.573242,2234.364502,319.521271,321.620636,325.489754,-15.153225,-0.050171,4.514181,-61.016094,-20.021326,-19.843098,683.916443,-0.017996,-0.002886,0.000543,0.250000,0.250833,0.044551,102530.015625,1.002144,0.000000,0.000000,0.000000,0.000000,0.000000,0.000000,0.000000,0.000000,0.000000,-59.981773,2236.954102
25.788315,1.000000,-4155.967773,0.556305,1376.998644,678.218140,2223.496094,319.613983,321.718384,325.551923,-15.151083,-0.050692,4.508911,-61.003300,-20.013942,-19.842642,680.612610,-0.018285,-0.002887,0.000545,0.250000,0.250746,0.034032,102530.015625,1.001720,0.000000,0.000000,0.000000,0.000000,0.000000,0.000000,0.000000,0.000000,0.000000,-59.968834,2226.085693
25.841710,1.000000,-4146.857910,0.569537,1373.741803,674.969910,2212.593262,319.704163,321.816467,325.614062,-15.149543,-0.051190,4.503361,-60.990677,-20.006613,-19.842264,677.296875,-0.018696,-0.002892,0.000547,0.250000,0.250670,0.024191,102530.015625,1.001204,0.000000,0.000000,0.000000,0.000000,0.000000,0.000000,0.000000,0.000000,0.000000,-59.956535,2215.182861
25.896428,1.000000,-4137.729492,0.582686,1370.404942,671.641846,2201.672363,319.796997,321.914307,325.675905,-15.148503,-0.051688,4.497241,-60.978317,-19.999383,-19.841955,673.974426,-0.018996,-0.002892,0.000549,0.250000,0.250600,0.014488,102530.015625,1.000556,0.000000,0.000000,0.000000,0.000000,0.000000,0.000000,0.000000,0.000000,0.000000,-59.944214,2204.261963
25.947456,1.000000,-4129.190430,0.594889,1367.293708,668.538879,2191.460693,319.883820,322.006073,325.733565,-15.148003,-0.052150,4.491162,-60.967022,-19.992713,-19.841738,670.866455,-0.019272,-0.002893,0.000551,0.250000,0.250542,0.005715,102530.015625,0.999934,0.000000,0.000000,0.000000,0.000000,0.000000,0.000000,0.000000,0.000000,0.000000,-59.932995,2194.271484
25.998575,1.000000,-4120.652832,0.606996,1364.177493,665.430908,2181.254395,319.971283,322.097473,325.790840,-15.147940,-0.052603,4.484755,-60.956047,-19.986163,-19.841576,667.759033,-0.019519,-0.002892,0.000552,0.250000,0.250489,-0.002691,102530.015625,0.999158,0.000000,0.000000,0.000000,0.000000,0.000000,0.000000,0.000000,0.000000,0.000000,-59.922081,2184.064941
26.049544,1.000000,-4112.040039,0.619116,1361.070970,662.332581,2170.961426,320.058838,322.189850,325.848352,-15.148290,-0.053049,4.478073,-60.945335,-19.979681,-19.841467,664.624207,-0.019791,-0.002894,0.000554,0.250000,0.250441,-0.010670,102530.015625,0.998405,0.000000,0.000000,0.000000,0.000000,0.000000,0.000000,0.000000,0.000000,0.000000,-59.911552,2173.771973
26.100530,1.000000,-4103.531738,0.630995,1357.963939,659.233826,2160.797607,320.146729,322.280823,325.904737,-15.149041,-0.053493,4.471130,-60.935123,-19.973415,-19.841431,661.527466,-0.020005,-0.002895,0.000556,0.250000,0.250398,-0.018284,102530.015625,0.997559,0.000000,0.000000,0.000000,0.000000,0.000000,0.000000,0.000000,0.000000,0.000000,-59.901398,2163.608154
26.156007,1.000000,-4094.217529,0.643892,1354.583809,655.862610,2149.674072,320.242859,322.380676,325.966165,-15.150281,-0.053964,4.463307,-60.924397,-19.966711,-19.841446,658.137329,-0.020238,-0.002896,0.000558,0.250000,0.250356,-0.026151,102530.015625,0.996642,0.000000,0.000000,0.000000,0.000000,0.000000,0.000000,0.000000,0.000000,0.000000,-59.890797,2152.510986
26.211742,1.000000,-4084.946533,0.656620,1351.188539,652.476257,2138.606689,320.339844,322.479645,326.026821,-15.151956,-0.054431,4.455194,-60.914215,-19.960217,-19.841530,654.763000,-0.020417,-0.002893,0.000560,0.250000,0.250319,-0.033589,102530.015625,0.995608,0.000000,0.000000,0.000000,0.000000,0.000000,0.000000,0.000000,0.000000,0.000000,-59.880653,2141.443604
26.266783,1.000000,-4075.723145,0.669173,1347.836088,649.132507,2127.600342,320.435974,322.578003,326.086854,-15.154000,-0.054882,4.446964,-60.904594,-19.953930,-19.841682,651.405945,-0.020616,-0.002896,0.000562,0.250000,0.250285,-0.040480,102530.015625,0.994523,0.000000,0.000000,0.000000,0.000000,0.000000,0.000000,0.000000,0.000000,0.000000,-59.871147,2130.437256
26.316984,1.000000,-4067.242676,0.680620,1344.778880,646.083496,2117.483398,320.523987,322.668701,326.141667,-15.156189,-0.055283,4.439306,-60.896236,-19.948319,-19.841875,648.319336,-0.020811,-0.002893,0.000564,0.250000,0.250258,-0.046344,102530.015625,0.993569,0.000000,0.000000,0.000000,0.000000,0.000000,0.000000,0.000000,0.000000,0.000000,-59.862957,2120.320313
26.372575,1.000000,-4058.011475,0.692976,1341.393890,642.707336,2106.474609,320.621857,322.767334,326.200929,-15.158945,-0.055725,4.430671,-60.887653,-19.942391,-19.842142,644.959412,-0.020940,-0.002891,0.000566,0.250000,0.250231,-0.052464,102530.015625,0.992469,0.000000,0.000000,0.000000,0.000000,0.000000,0.000000,0.000000,0.000000,0.000000,-59.854404,2109.411621
26.422764,1.000000,-4049.597900,0.704142,1338.338231,639.659668,2096.443848,320.710449,322.857025,326.254526,-15.161713,-0.056116,4.422771,-60.880322,-19.937161,-19.842436,641.897156,-0.021079,-0.002890,0.000568,0.250000,0.250209,-0.057579,102530.015625,0.991437,0.000000,0.000000,0.000000,0.000000,0.000000,0.000000,0.000000,0.000000,0.000000,-59.847183,2099.380859
26.473271,1.000000,-4041.189941,0.715211,1335.263567,636.593018,2086.422607,320.799957,322.946747,326.307767,-15.164751,-0.056500,4.414730,-60.873470,-19.932098,-19.842775,638.836914,-0.021183,-0.002888,0.000570,0.250000,0.250189,-0.062390,102530.015625,0.990419,0.000000,0.000000,0.000000,0.000000,0.000000,0.000000,0.000000,0.000000,0.000000,-59.840397,2089.359863
26.524934,1.000000,-4032.448975,0.726624,1332.118873,633.456543,2076.007568,320.891815,323.040009,326.362728,-15.168097,-0.056888,4.406439,-60.866863,-19.927013,-19.843176,635.655457,-0.021336,-0.002887,0.000571,0.250000,0.250170,-0.066914,102530.015625,0.989341,0.000000,0.000000,0.000000,0.000000,0.000000,0.000000,0.000000,0.000000,0.000000,-59.833961,2078.944580
26.576624,1.000000,-4023.817383,0.737800,1328.972858,630.318787,2065.725586,320.984009,323.132019,326.416681,-15.171671,-0.057267,4.398090,-60.860828,-19.922158,-19.843620,632.513794,-0.021437,-0.002886,0.000573,0.250000,0.250153,-0.071126,102530.015625,0.988264,0.000000,0.000000,0.000000,0.000000,0.000000,0.000000,0.000000,0.000000,0.000000,-59.828018,2068.837158
26.627312,1.000000,-4015.315186,0.748717,1325.888115,627.242004,2055.600342,321.074646,323.222778,326.469448,-15.175384,-0.057637,4.389866,-60.855381,-19.917549,-19.844101,629.419250,-0.021535,-0.002883,0.000575,0.250000,0.250138,-0.074966,102530.015625,0.987229,0.000000,0.000000,0.000000,0.000000,0.000000,0.000000,0.000000,0.000000,0.000000,-59.822681,2058.711914
26.678575,1.000000,-4006.752686,0.759620,1322.768643,624.130737,2045.405640,321.166565,323.313873,326.522184,-15.179324,-0.058000,4.381534,-60.850384,-19.913078,-19.844624,626.302734,-0.021610,-0.002880,0.000577,0.250000,0.250125,-0.078522,102530.015625,0.986103,0.000000,0.000000,0.000000,0.000000,0.000000,0.000000,0.000000,0.000000,0.000000,-59.817787,2048.517090
26.730613,1.000000,-3997.967773,0.770711,1319.602256,620.972595,2034.948730,321.260132,323.407501,326.575841,-15.183501,-0.058360,4.373083,-60.845795,-19.908680,-19.845201,623.105286,-0.021707,-0.002876,0.000578,0.250000,0.250113,-0.081791,102530.015625,0.985030,0.000000,0.000000,0.000000,0.000000,0.000000,0.000000,0.000000,0.000000,0.000000,-59.813343,2038.060303
26.781221,1.000000,-3989.470459,0.781346,1316.523091,617.901367,2024.836670,321.351379,323.498108,326.627480,-15.187717,-0.058700,4.364872,-60.841839,-19.904587,-19.845804,620.012512,-0.021782,-0.002872,0.000580,0.250000,0.250102,-0.084718,102530.015625,0.983984,0.000000,0.000000,0.000000,0.000000,0.000000,0.000000,0.000000,0.000000,0.000000,-59.809505,2028.128296
26.837449,1.000000,-3980.060303,0.793018,1313.102202,614.489380,2013.640869,321.453033,323.598328,326.684191,-15.192568,-0.059071,4.355780,-60.838017,-19.900251,-19.846512,616.587524,-0.021839,-0.002869,0.000582,0.250000,0.250091,-0.087657,102530.015625,0.982820,0.000000,0.000000,0.000000,0.000000,0.000000,0.000000,0.000000,0.000000,0.000000,-59.805801,2016.932495
26.893144,1.000000,-3970.690430,0.804532,1309.713932,611.109985,2002.495361,321.553772,323.698120,326.740280,-15.197529,-0.059436,4.346814,-60.834797,-19.896132,-19.847256,613.177185,-0.021903,-0.002868,0.000583,0.250000,0.250081,-0.090250,102530.015625,0.981697,0.000000,0.000000,0.000000,0.000000,0.000000,0.000000,0.000000,0.000000,0.000000,-59.802715,2005.787109
26.945902,2.000000,-3961.895752,0.815235,1306.504484,607.908813,1992.036621,321.650238,323.791809,326.792571,-15.202346,-0.059767,4.338438,-60.832493,-19.892504,-19.847994,609.976196,-0.022001,-0.002867,0.000585,0.250000,0.250073,-0.091757,102530.015625,0.980766,0.000000,0.000000,0.000000,0.000000,0.000000,0.000000,0.000000,0.000000,0.000000,-59.800507,1995.418335
27.000805,2.000000,-3952.666992,0.826367,1303.164663,604.577576,1981.063599,321.750031,323.890503,326.847058,-15.207453,-0.060102,4.329739,-60.830349,-19.888802,-19.848803,606.617188,-0.022040,-0.002864,0.000587,0.250000,0.250065,-0.093924,102530.015625,0.979668,0.000000,0.000000,0.000000,0.000000,0.000000,0.000000,0.000000,0.000000,0.000000,-59.798496,1984.445313
27.052977,2.000000,-3943.949707,0.836787,1299.991063,601.412170,1970.700684,321.845062,323.983673,326.898134,-15.212401,-0.060415,4.321545,-60.828815,-19.885476,-19.849598,603.444336,-0.022050,-0.002859,0.000588,0.250000,0.250059,-0.095752,102530.015625,0.978601,0.000000,0.000000,0.000000,0.000000,0.000000,0.000000,0.000000,0.000000,0.000000,-59.797081,1974.082397
27.106185,2.000000,-3934.967285,0.847425,1296.754508,598.183960,1960.024780,321.942200,324.079315,326.950426,-15.217545,-0.060728,4.313265,-60.827747,-19.882223,-19.850452,600.174988,-0.022092,-0.002855,0.000590,0.250000,0.250053,-0.097308,102530.015625,0.977517,0.000000,0.000000,0.000000,0.000000,0.000000,0.000000,0.000000,0.000000,0.000000,-59.796150,1963.406494
27.157036,2.000000,-3926.390625,0.857490,1293.661364,595.098816,1949.832764,322.035095,324.171539,327.000078,-15.222530,-0.061017,4.305432,-60.827190,-19.879273,-19.851294,597.053345,-0.022119,-0.002850,0.000591,0.250000,0.250048,-0.098608,102530.015625,0.976641,0.000000,0.000000,0.000000,0.000000,0.000000,0.000000,0.000000,0.000000,0.000000,-59.795704,1953.298340
27.207186,2.000000,-3918.088623,0.867145,1290.610872,592.056091,1939.968506,322.126953,324.260010,327.047832,-15.227503,-0.061297,4.297806,-60.827084,-19.876566,-19.852133,594.031677,-0.022108,-0.002847,0.000592,0.250000,0.250043,-0.099600,102530.015625,0.975684,0.000000,0.000000,0.000000,0.000000,0.000000,0.000000,0.000000,0.000000,0.000000,-59.795715,1943.434204
27.261789,2.000000,-3908.989258,0.877629,1287.289506,588.743347,1929.158447,322.227020,324.357605,327.099886,-15.232974,-0.061592,4.289597,-60.827419,-19.873751,-19.853079,590.719788,-0.022105,-0.002842,0.000594,0.250000,0.250039,-0.100543,102530.015625,0.974777,0.000000,0.000000,0.000000,0.000000,0.000000,0.000000,0.000000,0.000000,0.000000,-59.796181,1932.624146
27.315908,2.000000,-3899.792725,0.888123,1283.997546,585.459778,1918.234863,322.326385,324.456360,327.152148,-15.238440,-0.061879,4.281578,-60.828236,-19.871071,-19.854063,587.372498,-0.022149,-0.002842,0.000595,0.250000,0.250035,-0.101288,102530.015625,0.973914,0.000000,0.000000,0.000000,0.000000,0.000000,0.000000,0.000000,0.000000,0.000000,-59.797112,1921.700439
27.369459,2.000000,-3890.725098,0.898369,1280.740078,582.300354,1907.465942,322.424713,324.553009,327.203343,-15.243880,-0.062149,4.273758,-60.829479,-19.868580,-19.855062,584.072144,-0.022182,-0.002836,0.000597,0.250000,0.250031,-0.101866,102530.015625,0.972941,0.000000,0.000000,0.000000,0.000000,0.000000,0.000000,0.000000,0.000000,0.000000,-59.798477,1911.047241
27.420059,2.000000,-3882.184814,0.907926,1277.662043,579.036255,1897.324341,322.517670,324.644287,327.251215,-15.249045,-0.062395,4.266488,-60.831036,-19.866369,-19.856018,580.963745,-0.022192,-0.002831,0.000598,0.250000,0.250028,-0.102315,102530.015625,0.972115,0.000000,0.000000,0.000000,0.000000,0.000000,0.000000,0.000000,0.000000,0.000000,-59.800140,1900.905518
27.470076,2.000000,-3873.850342,0.917168,1274.619383,575.875366,1887.428467,322.609741,324.733246,327.297723,-15.254176,-0.062632,4.259396,-60.832928,-19.864336,-19.856972,577.930237,-0.022173,-0.002829,0.000599,0.250000,0.250026,-0.102631,102530.015625,0.971297,0.000000,0.000000,0.000000,0.000000,0.000000,0.000000,0.000000,0.000000,0.000000,-59.802158,1891.009766
27.521362,2.000000,-3865.163818,0.926708,1271.499416,572.713989,1877.115723,322.704346,324.826050,327.345862,-15.259438,-0.062869,4.252252,-60.835270,-19.862348,-19.857985,574.768616,-0.022192,-0.002824,0.000600,0.250000,0.250023,-0.102790,102530.015625,0.970491,0.000000,0.000000,0.000000,0.000000,0.000000,0.000000,0.000000,0.000000,0.000000,-59.804604,1880.697021
27.571895,2.000000,-3856.704590,0.935912,1268.425128,569.598999,1867.073853,322.797607,324.916473,327.392430,-15.264637,-0.063090,4.245320,-60.837902,-19.860536,-19.858988,571.689697,-0.022180,-0.002820,0.000601,0.250000,0.250021,-0.102852,102530.015625,0.969754,0.000000,0.000000,0.000000,0.000000,0.000000,0.000000,0.000000,0.000000,0.000000,-59.807358,1869.782104
27.622551,2.000000,-3848.199463,0.945077,1265.343211,566.476196,1856.978394,322.890991,325.007263,327.439027,-15.269845,-0.063305,4.238491,-60.840897,-19.858832,-19.860010,568.594116,-0.022172,-0.002813,0.000602,0.250000,0.250019,-0.102803,102530.015625,0.969014,0.000000,0.000000,0.000000,0.000000,0.000000,0.000000,0.000000,0.000000,0.000000,-59.810467,1859.686646
27.675755,2.000000,-3839.247803,0.954630,1262.106098,563.196045,1846.353882,322.989166,325.102814,327.487848,-15.275310,-0.063525,4.231444,-60.844406,-19.857159,-19.861103,565.335938,-0.022174,-0.002810,0.000604,0.250000,0.250017,-0.102620,102530.015625,0.968280,0.000000,0.000000,0.000000,0.000000,0.000000,0.000000,0.000000,0.000000,0.000000,-59.814091,1849.062134
27.727508,2.000000,-3830.575684,0.963792,1258.957079,560.065979,1836.062012,323.084747,325.195251,327.534890,-15.280615,-0.063733,4.224710,-60.848114,-19.855645,-19.862175,562.179565,-0.022166,-0.002806,0.000605,0.250000,0.250015,-0.102393,102530.015625,0.967559,0.000000,0.000000,0.000000,0.000000,0.000000,0.000000,0.000000,0.000000,0.000000,-59.817936,1838.770264
27.780205,2.000000,-3821.844482,0.972924,1255.750411,556.908813,1825.700806,323.182098,325.288696,327.582021,-15.286003,-0.063932,4.217978,-60.852177,-19.854234,-19.863268,559.001648,-0.022133,-0.002800,0.000606,0.250000,0.250014,-0.102094,102530.015625,0.966927,0.000000,0.000000,0.000000,0.000000,0.000000,0.000000,0.000000,0.000000,0.000000,-59.822170,1828.051880
27.835718,2.000000,-3812.329346,0.982771,1252.372140,553.582764,1814.410400,323.284454,325.390472,327.633126,-15.291660,-0.064132,4.211020,-60.856930,-19.852808,-19.864473,555.538452,-0.022166,-0.002795,0.000607,0.250000,0.250012,-0.101737,102530.015625,0.966258,0.000000,0.000000,0.000000,0.000000,0.000000,0.000000,0.000000,0.000000,0.000000,-59.826962,1816.761475
27.891714,2.000000,-3802.986816,0.992334,1248.964201,550.227417,1803.325684,323.387787,325.489990,327.682986,-15.297345,-0.064322,4.204137,-60.861931,-19.851527,-19.865673,552.138062,-0.022145,-0.002787,0.000608,0.250000,0.250011,-0.101312,102530.015625,0.965568,0.000000,0.000000,0.000000,0.000000,0.000000,0.000000,0.000000,0.000000,0.000000,-59.832130,1805.676758
27.944779,2.000000,-3793.917236,1.001518,1245.734371,547.047424,1792.565430,323.485840,325.586792,327.731096,-15.302705,-0.064494,4.197755,-60.867107,-19.850397,-19.866848,548.836975,-0.022172,-0.002784,0.000609,0.250000,0.250010,-0.100804,102530.015625,0.964979,0.000000,0.000000,0.000000,0.000000,0.000000,0.000000,0.000000,0.000000,0.000000,-59.837341,1794.916504
27.996842,2.000000,-3785.255371,1.010196,1242.565257,543.927246,1782.289185,323.581970,325.678955,327.776833,-15.307934,-0.064659,4.191612,-60.872318,-19.849410,-19.867973,545.684326,-0.022142,-0.002779,0.000610,0.250000,0.250009,-0.100298,102530.015625,0.964383,0.000000,0.000000,0.000000,0.000000,0.000000,0.000000,0.000000,0.000000,0.000000,-59.842720,1785.326172
28.049550,2.000000,-3776.379395,1.018996,1239.356593,540.768005,1771.760010,323.679382,325.773407,327.823459,-15.313205,-0.064818,4.185507,-60.877907,-19.848487,-19.869143,542.453735,-0.022141,-0.002774,0.000611,0.250000,0.250008,-0.099738,102530.015625,0.963824,0.000000,0.000000,0.000000,0.000000,0.000000,0.000000,0.000000,0.000000,0.000000,-59.848423,1774.796997
28.100878,2.000000,-3767.687012,1.027523,1236.231647,537.691284,1761.448730,323.774200,325.865997,327.868929,-15.318311,-0.064960,4.179669,-60.883625,-19.847668,-19.870291,539.289978,-0.022143,-0.002769,0.000611,0.250000,0.250007,-0.099185,102530.015625,0.963305,0.000000,0.000000,0.000000,0.000000,0.000000,0.000000,0.000000,0.000000,0.000000,-59.854218,1764.485718
28.151829,2.000000,-3759.105469,1.035854,1233.129357,534.636841,1751.269409,323.868256,325.957336,327.913628,-15.323346,-0.065091,4.173990,-60.889496,-19.846938,-19.871433,536.166565,-0.022138,-0.002764,0.000612,0.250000,0.250006,-0.098620,102530.015625,0.962806,0.000000,0.000000,0.000000,0.000000,0.000000,0.000000,0.000000,0.000000,0.000000,-59.860191,1754.306396
28.202347,2.000000,-3750.565186,1.044059,1230.053129,531.607971,1741.139404,323.961548,326.048431,327.957911,-15.328317,-0.065214,4.168450,-60.895542,-19.846284,-19.872572,533.058105,-0.022137,-0.002755,0.000613,0.250000,0.250006,-0.098040,102530.015625,0.962359,0.000000,0.000000,0.000000,0.000000,0.000000,0.000000,0.000000,0.000000,0.000000,-59.866318,1744.774536
28.253915,2.000000,-3741.994385,1.052205,1226.912643,528.515747,1730.973633,324.056671,326.139648,328.002195,-15.333354,-0.065332,4.162904,-60.901814,-19.845697,-19.873726,529.938599,-0.022116,-0.002750,0.000613,0.250000,0.250005,-0.097442,102530.015625,0.961907,0.000000,0.000000,0.000000,0.000000,0.000000,0.000000,0.000000,0.000000,0.000000,-59.872784,1734.608887
28.306867,2.000000,-3733.039307,1.060623,1223.687521,525.340149,1720.352539,324.154266,326.234589,328.048198,-15.338497,-0.065449,4.157312,-60.908577,-19.845163,-19.874935,526.679260,-0.022121,-0.002746,0.000614,0.250000,0.250005,-0.096791,102530.015625,0.961428,0.000000,0.000000,0.000000,0.000000,0.000000,0.000000,0.000000,0.000000,0.000000,-59.879635,1723.987671
28.357779,2.000000,-3724.431396,1.068625,1220.586304,522.286621,1710.143311,324.248199,326.323700,328.092393,-15.343406,-0.065557,4.152043,-60.915272,-19.844710,-19.876101,523.546204,-0.022136,-0.002743,0.000615,0.250000,0.250004,-0.096123,102530.015625,0.960761,0.000000,0.000000,0.000000,0.000000,0.000000,0.000000,0.000000,0.000000,0.000000,-59.886425,1713.778442
28.408700,2.000000,-3715.847900,1.076517,1217.484195,519.232178,1699.963013,324.341919,326.417603,328.136202,-15.348283,-0.065658,4.146859,-60.922131,-19.844327,-19.877262,520.422058,-0.022125,-0.002742,0.000615,0.250000,0.250004,-0.095553,102530.015625,0.960655,0.000000,0.000000,0.000000,0.000000,0.000000,0.000000,0.000000,0.000000,0.000000,-59.893368,1704.238037
28.464188,2.000000,-3706.544434,1.084974,1214.103445,515.903259,1688.929443,324.444000,326.516693,328.183273,-15.353515,-0.065760,4.142043,-60.930393,-19.844184,-19.854757,517.036621,-0.003210,-0.002729,0.000616,0.250000,0.250003,-0.087467,102530.015625,0.937533,0.000000,0.000000,0.000000,0.000000,0.000000,0.000000,0.000000,0.000000,0.000000,-59.903278,1693.204468
28.517134,2.000000,-3697.597656,1.093016,1210.876205,512.725586,1678.316040,324.541382,326.617645,328.212993,-15.354955,-0.065987,4.152608,-60.969887,-19.854384,-19.786636,513.790527,0.041466,-0.002481,0.000691,0.250000,0.250003,0.050932,102530.015625,0.853002,0.000000,0.000000,0.000000,0.000000,0.000000,0.000000,0.000000,0.000000,0.000000,-59.948036,1682.591064
28.568589,2.000000,-3688.854004,1.100801,1207.736690,509.634155,1667.933105,324.635864,326.716583,328.219459,-15.345762,-0.066255,4.183500,-61.040699,-19.875277,-19.719280,510.629822,0.074279,-0.002436,0.000756,0.250000,0.250003,0.304506,102530.015625,0.808120,0.000000,0.000000,0.000000,0.000000,0.000000,0.000000,0.000000,0.000000,0.000000,-60.021114,1672.916260
28.619216,2.000000,-3680.324707,1.108329,1204.643626,506.588440,1657.790039,324.728333,326.812561,328.214298,-15.322132,-0.066501,4.233032,-61.124645,-19.900754,-19.652748,507.557739,0.098429,-0.002403,0.000811,0.250000,0.250003,0.616046,102530.015625,0.790847,0.000000,0.000000,0.000000,0.000000,0.000000,0.000000,0.000000,0.000000,0.000000,-60.106323,1662.773193
28.675644,2.000000,-3670.885254,1.116588,1201.190943,503.188416,1646.545288,324.830627,326.917908,328.204065,-15.276141,-0.066757,4.309089,-61.221996,-19.930528,-19.578133,504.170654,0.118255,-0.002368,0.000863,0.250000,0.250002,0.995939,102530.015625,0.792178,0.000000,0.000000,0.000000,0.000000,0.000000,0.000000,0.000000,0.000000,0.000000,-60.204601,1651.528442
28.726008,2.000000,-3662.371582,1.123969,1198.104736,500.149292,1636.385986,324.920837,327.011261,328.195790,-15.216750,-0.066961,4.393772,-61.305813,-19.956125,-19.509949,501.127289,0.132423,-0.002336,0.000901,0.250000,0.250002,1.340317,102530.015625,0.807543,0.000000,0.000000,0.000000,0.000000,0.000000,0.000000,0.000000,0.000000,0.000000,-60.287483,1641.369141
28.781059,2.000000,-3653.073975,1.131952,1194.726837,496.796631,1625.274170,325.017792,327.109589,328.191994,-15.132186,-0.067153,4.502125,-61.386822,-19.980623,-19.434551,497.816162,0.143652,-0.002307,0.000936,0.250000,0.250002,1.703676,102530.015625,0.845106,0.000000,0.000000,0.000000,0.000000,0.000000,0.000000,0.000000,0.000000,0.000000,-60.366348,1630.748047
28.831972,2.000000,-3644.460938,1.139270,1191.599385,493.669312,1614.966675,325.104828,327.202148,328.196176,-15.036751,-0.067298,4.615055,-61.447243,-19.998496,-19.363873,494.760437,0.152132,-0.002281,0.000963,0.250000,0.250002,2.021885,102530.015625,0.865747,0.000000,0.000000,0.000000,0.000000,0.000000,0.000000,0.000000,0.000000,0.000000,-60.425560,1620.440674
28.884527,2.000000,-3635.604004,1.146711,1188.368394,490.438416,1604.356445,325.191772,327.292633,328.209998,-14.921993,-0.067418,4.741127,-61.491573,-20.011003,-19.290401,491.629791,0.139569,-0.002252,0.000985,0.250000,0.250002,2.311732,102530.015625,0.932516,0.000000,0.000000,0.000000,0.000000,0.000000,0.000000,0.000000,0.000000,0.000000,-60.466255,1609.830444
28.938987,2.000000,-3627.040039,1.153815,1185.019313,487.089478,1594.093262,325.278198,327.376831,328.247637,-14.790567,-0.067509,4.869380,-61.494633,-20.009807,-19.218718,488.613922,0.121566,-0.002218,0.001003,0.250000,0.250001,2.486290,102530.015625,1.011677,0.000000,0.000000,0.000000,0.000000,0.000000,0.000000,0.000000,0.000000,0.000000,-60.463707,1599.567261
28.990127,2.000000,-3617.799561,1.161363,1181.875424,483.945862,1583.023193,325.355225,327.463501,328.307759,-14.660799,-0.067564,4.986082,-61.463585,-19.997133,-19.140789,485.372131,0.113380,-0.002196,0.001015,0.250000,0.250001,2.574956,102530.015625,1.065450,0.000000,0.000000,0.000000,0.000000,0.000000,0.000000,0.000000,0.000000,0.000000,-60.430782,1588.561279
29.041529,2.000000,-3609.168213,1.168297,1178.717709,480.788452,1572.691406,325.428192,327.540253,328.374911,-14.526931,-0.067590,5.100189,-61.412521,-19.978072,-19.067537,482.355560,0.109535,-0.002173,0.001025,0.250000,0.250001,2.626146,102530.015625,1.101808,0.000000,0.000000,0.000000,0.000000,0.000000,0.000000,0.000000,0.000000,0.000000,-60.377377,1578.229492
29.093136,2.000000,-3600.506592,1.175134,1175.550602,477.621704,1562.335693,325.496887,327.613617,328.449004,-14.390488,-0.067591,5.211790,-61.345482,-19.953839,-18.993643,479.339630,0.107971,-0.002154,0.001033,0.250000,0.250001,2.657563,102530.015625,1.130527,0.000000,0.000000,0.000000,0.000000,0.000000,0.000000,0.000000,0.000000,0.000000,-60.308235,1567.873779
29.145008,2.000000,-3591.804688,1.181875,1172.371190,474.442566,1551.946899,325.561066,327.683136,328.528138,-14.252017,-0.067546,5.321186,-61.265148,-19.925345,-18.919060,476.320953,0.107566,-0.002186,0.001029,0.250000,0.250001,2.678872,102530.015625,1.154947,0.000000,0.000000,0.000000,0.000000,0.000000,0.000000,0.000000,0.000000,0.000000,-60.225853,1557.484985
29.195727,2.000000,-3583.147705,1.188449,1169.266881,471.338440,1541.628662,325.618835,327.748291,328.610239,-14.115714,-0.067421,5.425568,-61.173916,-19.893422,-18.844551,473.329071,0.107736,-0.002228,0.001010,0.250000,0.250001,2.694620,102530.015625,1.176751,0.000000,0.000000,0.000000,0.000000,0.000000,0.000000,0.000000,0.000000,0.000000,-60.134254,1547.133545
29.251353,2.000000,-3573.741699,1.195439,1165.867904,467.939880,1530.439087,325.676361,327.814575,328.702840,-13.965399,-0.067219,5.537226,-61.063042,-19.855031,-18.763281,470.090973,0.108257,-0.002243,0.000987,0.250000,0.250001,2.708753,102530.015625,1.198980,0.000000,0.000000,0.000000,0.000000,0.000000,0.000000,0.000000,0.000000,0.000000,-60.022205,1535.944092
29.302512,2.000000,-3565.121826,1.201697,1162.747665,464.820129,1520.206543,325.723877,327.871796,328.790547,-13.826519,-0.067086,5.637387,-60.951389,-19.816681,-18.688553,467.135071,0.108940,-0.002102,0.000923,0.250000,0.250001,2.719794,102530.015625,1.218321,0.000000,0.000000,0.000000,0.000000,0.000000,0.000000,0.000000,0.000000,0.000000,-59.909122,1525.711426
29.357377,2.000000,-3555.864746,1.208248,1159.408130,461.481079,1509.242310,325.769073,327.929810,328.887626,-13.676988,-0.066964,5.742208,-60.821369,-19.772305,-18.608063,463.972931,0.109830,-0.002078,0.000870,0.250000,0.250001,2.730080,102530.015625,1.238006,0.000000,0.000000,0.000000,0.000000,0.000000,0.000000,0.000000,0.000000,0.000000,-59.777729,1514.747192
29.407903,2.000000,-3547.273682,1.214169,1156.339302,458.412842,1499.091553,325.805298,327.980164,328.980019,-13.538803,-0.066843,5.836406,-60.691666,-19.728285,-18.533169,461.049683,0.110670,-0.002052,0.000837,0.250000,0.250001,2.739181,102530.015625,1.255700,0.000000,0.000000,0.000000,0.000000,0.000000,0.000000,0.000000,0.000000,0.000000,-59.647755,1504.619507
29.459195,2.000000,-3538.651367,1.219956,1153.230900,455.304871,1488.929565,325.836853,328.026794,329.074429,-13.398050,-0.066716,5.929830,-60.552940,-19.681447,-18.457846,458.126831,0.111497,-0.002024,0.000816,0.250000,0.250001,2.748435,102530.015625,1.273184,0.000000,0.000000,0.000000,0.000000,0.000000,0.000000,0.000000,0.000000,0.000000,-59.507191,1494.457397
29.510170,2.000000,-3530.018066,1.225591,1150.149076,452.223389,1478.781738,325.863037,328.069824,329.170382,-13.257703,-0.066582,6.020532,-60.405636,-19.631949,-18.382292,455.211243,0.112290,-0.002015,0.000802,0.250000,0.250001,2.757680,102530.015625,1.290173,0.000000,0.000000,0.000000,0.000000,0.000000,0.000000,0.000000,0.000000,0.000000,-59.359074,1484.309692
29.565956,2.000000,-3520.574463,1.231571,1146.785302,448.860107,1467.713623,325.885712,328.112305,329.276716,-13.103570,-0.066404,6.117431,-60.235085,-19.574898,-18.299513,452.034668,0.113125,-0.002015,0.000790,0.250000,0.250001,2.767847,102530.015625,1.308349,0.000000,0.000000,0.000000,0.000000,0.000000,0.000000,0.000000,0.000000,0.000000,-59.187561,1473.241455
29.618674,2.000000,-3511.832031,1.236932,1143.615580,445.690857,1457.499634,325.901611,328.147400,329.376168,-12.957385,-0.066205,6.206815,-60.068642,-19.519455,-18.222792,449.105682,0.113891,-0.002013,0.000780,0.250000,0.250001,2.777422,102530.015625,1.324970,0.000000,0.000000,0.000000,0.000000,0.000000,0.000000,0.000000,0.000000,0.000000,-59.016647,1463.010010
29.674843,2.000000,-3502.304443,1.242580,1140.248563,442.323792,1446.404785,325.912628,328.181122,329.485616,-12.801083,-0.065964,6.299771,-59.878136,-19.456230,-18.139107,445.926453,0.114689,-0.002012,0.000771,0.250000,0.250001,2.787555,102530.015625,1.342424,0.000000,0.000000,0.000000,0.000000,0.000000,0.000000,0.000000,0.000000,0.000000,-58.825340,1451.915161
29.726472,2.000000,-3493.489502,1.247625,1137.163373,439.238586,1436.175293,325.917450,328.208679,329.587649,-12.656916,-0.065716,6.383191,-59.693565,-19.395186,-18.061636,442.996979,0.115405,-0.002010,0.000764,0.250000,0.250001,2.796801,102530.015625,1.358119,0.000000,0.000000,0.000000,0.000000,0.000000,0.000000,0.000000,0.000000,0.000000,-58.641270,1441.685669
29.777040,2.000000,-3484.871582,1.252385,1134.150988,436.226257,1426.208496,325.917358,328.231415,329.687872,-12.515247,-0.065448,6.463083,-59.505600,-19.333211,-17.985878,440.144012,0.116093,-0.002009,0.000758,0.250000,0.250001,2.805775,102530.015625,1.373119,0.000000,0.000000,0.000000,0.000000,0.000000,0.000000,0.000000,0.000000,0.000000,-58.453529,1431.718872
29.828647,2.000000,-3476.108643,1.257049,1131.086704,433.161865,1416.110229,325.912537,328.250427,329.790202,-12.370201,-0.065148,6.542816,-59.307030,-19.267922,-17.908852,437.254242,0.116783,-0.002006,0.000753,0.250000,0.250001,2.814843,102530.015625,1.388039,0.000000,0.000000,0.000000,0.000000,0.000000,0.000000,0.000000,0.000000,0.000000,-58.254509,1421.630615
29.878903,2.000000,-3467.658936,1.261377,1128.112686,430.188049,1406.408325,325.903229,328.265076,329.889061,-12.228500,-0.064833,6.618772,-59.108616,-19.202855,-17.834602,434.478455,0.117443,-0.002003,0.000749,0.250000,0.250001,2.823590,102530.015625,1.402164,0.000000,0.000000,0.000000,0.000000,0.000000,0.000000,0.000000,0.000000,0.000000,-58.053646,1411.928833
29.930770,2.000000,-3458.902832,1.265686,1125.054118,427.129517,1396.392822,325.888947,328.276367,329.991598,-12.081806,-0.064486,6.695448,-58.895992,-19.133297,-17.757708,431.613037,0.118112,-0.002000,0.000745,0.250000,0.250001,2.832525,102530.015625,1.416421,0.000000,0.000000,0.000000,0.000000,0.000000,0.000000,0.000000,0.000000,0.000000,-57.839226,1401.913208
29.981594,2.000000,-3450.232910,1.269772,1122.068095,424.143677,1386.515015,325.870361,328.283661,330.093067,-11.937610,-0.064124,6.768967,-58.678631,-19.062354,-17.681633,428.786896,0.118757,-0.001996,0.000742,0.250000,0.250001,2.841182,102530.015625,1.430121,0.000000,0.000000,0.000000,0.000000,0.000000,0.000000,0.000000,0.000000,0.000000,-57.622299,1392.035400
30.032887,2.000000,-3441.558594,1.273682,1119.065800,421.141418,1376.672729,325.847260,328.287109,330.194329,-11.791642,-0.063740,6.841557,-58.454453,-18.989348,-17.605608,425.970337,0.119394,-0.001991,0.000740,0.250000,0.250001,2.849845,102530.015625,1.443568,0.000000,0.000000,0.000000,0.000000,0.000000,0.000000,0.000000,0.000000,0.000000,-57.396599,1382.246826
30.084514,2.000000,-3432.792969,1.277447,1116.055826,418.131470,1366.768311,325.819733,328.286530,330.296184,-11.644281,-0.063330,6.913057,-58.221283,-18.913579,-17.528881,423.135315,0.120025,-0.001987,0.000737,0.250000,0.250001,2.858472,102530.015625,1.456799,0.000000,0.000000,0.000000,0.000000,0.000000,0.000000,0.000000,0.000000,0.000000,-57.162762,1372.342529
30.134797,2.000000,-3424.264404,1.280929,1113.135972,415.211731,1357.173584,325.788727,328.282349,330.394776,-11.500328,-0.062912,6.981228,-57.988190,-18.837983,-17.454351,420.387726,0.120628,-0.001981,0.000736,0.250000,0.250001,2.866786,102530.015625,1.469373,0.000000,0.000000,0.000000,0.000000,0.000000,0.000000,0.000000,0.000000,0.000000,-56.928730,1362.747681
30.186748,2.000000,-3415.504395,1.284320,1110.131802,412.207642,1347.361694,325.752441,328.273895,330.495445,-11.351159,-0.062460,7.050191,-57.742531,-18.758458,-17.377934,417.576630,0.121241,-0.001979,0.000734,0.250000,0.250001,2.875284,102530.015625,1.482020,0.000000,0.000000,0.000000,0.000000,0.000000,0.000000,0.000000,0.000000,0.000000,-56.680584,1352.935913
30.239284,2.000000,-3406.491211,1.287609,1107.107093,409.182861,1337.313599,325.711609,328.261230,330.598189,-11.199864,-0.061990,7.118444,-57.483322,-18.674701,-17.299477,414.695953,0.121849,-0.001976,0.000732,0.250000,0.250001,2.883784,102530.015625,1.494592,0.000000,0.000000,0.000000,0.000000,0.000000,0.000000,0.000000,0.000000,0.000000,-56.423218,1342.790283
30.289738,2.000000,-3397.900879,1.290556,1104.215121,406.290894,1327.782593,325.668396,328.245422,330.695180,-11.054147,-0.061518,7.182638,-57.230347,-18.593101,-17.224876,411.961426,0.122423,-0.001974,0.000731,0.250000,0.250001,2.891863,102530.015625,1.506336,0.000000,0.000000,0.000000,0.000000,0.000000,0.000000,0.000000,0.000000,0.000000,-56.170124,1333.259155
30.339764,2.000000,-3389.488281,1.293260,1101.360500,403.436279,1318.492676,325.621613,328.226440,330.789264,-10.909264,-0.061035,7.245011,-56.977135,-18.511550,-17.151999,409.293854,0.122982,-0.001971,0.000731,0.250000,0.250001,2.899780,102530.015625,1.517644,0.000000,0.000000,0.000000,0.000000,0.000000,0.000000,0.000000,0.000000,0.000000,-55.913582,1323.969238
30.392778,2.000000,-3380.477051,1.295957,1098.349497,400.425293,1308.590820,325.568207,328.202209,330.888805,-10.755301,-0.060507,7.309754,-56.700024,-18.422443,-17.074148,406.447876,0.123564,-0.001968,0.000730,0.250000,0.250001,2.908087,102530.015625,1.529394,0.000000,0.000000,0.000000,0.000000,0.000000,0.000000,0.000000,0.000000,0.000000,-55.635746,1314.067383
30.444238,2.000000,-3371.711670,1.298382,1095.440984,397.516785,1299.008789,325.512543,328.174896,330.984342,-10.605424,-0.059974,7.371317,-56.424786,-18.334073,-16.998648,403.690857,0.124119,-0.001963,0.000729,0.250000,0.250001,2.916061,102530.015625,1.540529,0.000000,0.000000,0.000000,0.000000,0.000000,0.000000,0.000000,0.000000,0.000000,-55.360329,1304.469971
30.497209,2.000000,-3362.752930,1.300655,1092.462047,394.537781,1289.266968,325.451263,328.142426,331.080561,-10.450737,-0.059411,7.433278,-56.137756,-18.242051,-16.921734,400.884521,0.121846,-0.001961,0.000729,0.250000,0.250001,2.922968,102530.015625,1.555640,0.000000,0.000000,0.000000,0.000000,0.000000,0.000000,0.000000,0.000000,0.000000,-55.070751,1294.728149
30.549266,2.000000,-3353.848389,1.302708,1089.549741,391.625366,1279.636841,325.387329,328.106171,331.177226,-10.298898,-0.058818,7.490367,-55.841557,-18.147177,-16.845558,398.106659,0.114633,-0.002075,0.000713,0.250000,0.250001,2.906917,102530.015625,1.580577,0.000000,0.000000,0.000000,0.000000,0.000000,0.000000,0.000000,0.000000,0.000000,-54.774624,1285.098022
30.600404,2.000000,-3345.156982,1.304511,1086.704139,388.779724,1270.290283,325.320953,328.065826,331.272496,-10.151160,-0.058008,7.541841,-55.541862,-18.051264,-16.771505,395.406342,0.108439,-0.002334,0.000638,0.250000,0.250001,2.870903,102530.015625,1.598619,0.000000,0.000000,0.000000,0.000000,0.000000,0.000000,0.000000,0.000000,0.000000,-54.473457,1275.751465
30.651160,2.000000,-3336.517090,1.306103,1083.895240,385.970825,1261.052612,325.251740,328.020416,331.365660,-10.006696,-0.057098,7.588317,-55.235737,-17.953452,-16.698214,392.732849,0.102811,-0.002412,0.000569,0.250000,0.250001,2.823053,102530.015625,1.613562,0.000000,0.000000,0.000000,0.000000,0.000000,0.000000,0.000000,0.000000,0.000000,-54.166431,1266.582275
30.702910,2.000000,-3327.717041,1.307521,1081.047579,383.123047,1251.699951,325.177887,327.968933,331.458736,-9.862172,-0.056129,7.630840,-54.916885,-17.851718,-16.623915,390.020874,0.097520,-0.002466,0.000504,0.250000,0.250001,2.764715,102530.015625,1.626415,0.000000,0.000000,0.000000,0.000000,0.000000,0.000000,0.000000,0.000000,0.000000,-53.846390,1257.229614
30.754292,2.000000,-3318.987305,1.308725,1078.236714,380.312073,1242.478638,325.101288,327.913666,331.548874,-9.721869,-0.055138,7.668128,-54.594662,-17.749044,-16.550570,387.341614,0.092653,-0.002514,0.000448,0.250000,0.250001,2.699564,102530.015625,1.636937,0.000000,0.000000,0.000000,0.000000,0.000000,0.000000,0.000000,0.000000,0.000000,-53.522762,1248.008301
30.805474,2.000000,-3310.220703,1.309732,1075.453450,377.528748,1233.276367,325.022278,327.854065,331.637115,-9.585590,-0.054129,7.700384,-54.266220,-17.644506,-16.477299,384.662048,0.088138,-0.002559,0.000397,0.250000,0.250001,2.629348,102530.015625,1.645574,0.000000,0.000000,0.000000,0.000000,0.000000,0.000000,0.000000,0.000000,0.000000,-53.195606,1238.806030
30.856403,2.000000,-3301.597412,1.310524,1072.700668,374.775818,1224.281616,324.941040,327.791840,331.721411,-9.453656,-0.053109,7.727688,-53.939289,-17.540560,-16.405607,382.037079,0.083956,-0.002603,0.000352,0.250000,0.250001,2.555707,102530.015625,1.652345,0.000000,0.000000,0.000000,0.000000,0.000000,0.000000,0.000000,0.000000,0.000000,-52.866222,1229.769409
30.911221,2.000000,-3292.238770,1.311163,1069.756572,371.831726,1214.585083,324.850708,327.720825,331.810007,-9.315935,-0.051999,7.751849,-53.581158,-17.426802,-16.328251,379.200348,0.079752,-0.002647,0.000309,0.250000,0.250001,2.473740,102530.015625,1.657955,0.000000,0.000000,0.000000,0.000000,0.000000,0.000000,0.000000,0.000000,0.000000,-52.508385,1220.072754
30.965039,2.000000,-3283.135742,1.311564,1066.885322,368.960571,1205.217896,324.759735,327.648102,331.893206,-9.185149,-0.050896,7.770446,-53.230301,-17.315453,-16.253450,376.453186,0.075941,-0.002685,0.000272,0.250000,0.250001,2.391627,102530.015625,1.661700,0.000000,0.000000,0.000000,0.000000,0.000000,0.000000,0.000000,0.000000,0.000000,-52.154579,1210.705566
31.017733,2.000000,-3274.037598,1.311750,1064.092524,366.167725,1195.920288,324.668701,327.573242,331.973201,-9.061384,-0.049811,7.783941,-52.877983,-17.203733,-16.179138,373.719330,0.072401,-0.002724,0.000240,0.250000,0.250001,2.310628,102530.015625,1.664169,0.000000,0.000000,0.000000,0.000000,0.000000,0.000000,0.000000,0.000000,0.000000,-51.806545,1201.407959
31.068006,2.000000,-3265.441162,1.311731,1061.445134,363.520386,1187.194580,324.580261,327.500183,332.045869,-8.947290,-0.048779,7.792625,-52.544209,-17.097970,-16.109335,371.147156,0.069288,-0.002758,0.000212,0.250000,0.250001,2.233463,102530.015625,1.665270,0.000000,0.000000,0.000000,0.000000,0.000000,0.000000,0.000000,0.000000,0.000000,-51.473629,1192.693604
31.118490,2.000000,-3256.881104,1.311524,1058.803486,360.878662,1178.562622,324.490051,327.425171,332.115305,-8.836601,-0.047742,7.797448,-52.211571,-16.992637,-16.040224,368.596344,0.066418,-0.002791,0.000187,0.250000,0.250001,2.156767,102530.015625,1.665172,0.000000,0.000000,0.000000,0.000000,0.000000,0.000000,0.000000,0.000000,0.000000,-51.139053,1184.061646
31.168732,2.000000,-3248.259521,1.311127,1056.191265,358.266479,1169.926270,324.399414,327.348022,332.182309,-8.730252,-0.046710,7.798573,-51.876793,-16.886690,-15.971019,366.037781,0.063715,-0.002822,0.000166,0.250000,0.250001,2.081724,102530.015625,1.664171,0.000000,0.000000,0.000000,0.000000,0.000000,0.000000,0.000000,0.000000,0.000000,-50.806328,1175.425171
31.218749,2.000000,-3239.725342,1.310551,1053.607328,355.682434,1161.434082,324.308472,327.270111,332.245694,-8.628084,-0.045686,7.796265,-51.546108,-16.782097,-15.902911,363.515625,0.061248,-0.002852,0.000146,0.250000,0.250001,2.008679,102530.015625,1.662216,0.000000,0.000000,0.000000,0.000000,0.000000,0.000000,0.000000,0.000000,0.000000,-50.475784,1166.933105
31.269361,2.000000,-3231.159668,1.309792,1051.009462,353.084656,1152.966919,324.216034,327.190704,332.306320,-8.528366,-0.044653,7.790677,-51.215332,-16.677530,-15.834941,360.994598,0.058991,-0.002878,0.000129,0.250000,0.250001,1.936826,102530.015625,1.659464,0.000000,0.000000,0.000000,0.000000,0.000000,0.000000,0.000000,0.000000,0.000000,-50.142452,1158.578857
31.321088,2.000000,-3222.277832,1.308813,1048.371768,350.447021,1144.246460,324.121246,327.107147,332.366057,-8.430142,-0.043605,7.781832,-50.873951,-16.569665,-15.764870,358.391541,0.056801,-0.002905,0.000114,0.250000,0.250001,1.865884,102530.015625,1.655872,0.000000,0.000000,0.000000,0.000000,0.000000,0.000000,0.000000,0.000000,0.000000,-49.803375,1149.858398
31.376125,2.000000,-3212.893311,1.307570,1045.584550,347.659851,1135.097778,324.020477,327.017853,332.425645,-8.329594,-0.042499,7.769181,-50.515400,-16.456434,-15.691281,355.653381,0.054417,-0.002934,0.000100,0.250000,0.250001,1.793173,102530.015625,1.651816,0.000000,0.000000,0.000000,0.000000,0.000000,0.000000,0.000000,0.000000,0.000000,-49.444710,1140.709717
31.428282,2.000000,-3203.988037,1.306195,1042.961294,345.036621,1126.477661,323.925232,326.931946,332.478856,-8.237924,-0.041458,7.754349,-50.177418,-16.349753,-15.621866,353.066650,0.052692,-0.002958,0.000088,0.250000,0.250001,1.726856,102530.015625,1.646607,0.000000,0.000000,0.000000,0.000000,0.000000,0.000000,0.000000,0.000000,0.000000,-49.107101,1132.014160
31.482705,2.000000,-3194.800781,1.304578,1040.242785,342.318115,1117.646729,323.826508,326.842438,332.530377,-8.145857,-0.040382,7.736265,-49.831642,-16.240661,-15.550670,350.409790,0.051117,-0.002983,0.000077,0.250000,0.250001,1.661318,102530.015625,1.640577,0.000000,0.000000,0.000000,0.000000,0.000000,0.000000,0.000000,0.000000,0.000000,-48.757778,1123.183228
31.536588,2.000000,-3185.492920,1.302738,1037.569886,339.645325,1108.763428,323.729523,326.751434,332.579080,-8.058111,-0.039329,7.716021,-49.484615,-16.131225,-15.478957,347.730255,0.049613,-0.003005,0.000068,0.250000,0.250001,1.600133,102530.015625,1.634187,0.000000,0.000000,0.000000,0.000000,0.000000,0.000000,0.000000,0.000000,0.000000,-48.415157,1114.299927
31.591306,2.000000,-3176.118652,1.300683,1034.874307,336.949646,1099.880371,323.632324,326.659363,332.624669,-7.972264,-0.038271,7.693342,-49.138641,-16.022168,-15.407143,345.044037,0.048301,-0.003026,0.000061,0.250000,0.250001,1.541647,102530.015625,1.627292,0.000000,0.000000,0.000000,0.000000,0.000000,0.000000,0.000000,0.000000,0.000000,-48.070705,1105.416748
31.641812,2.000000,-3167.481689,1.298611,1032.402884,334.478210,1091.752075,323.543518,326.573975,332.663583,-7.895774,-0.037306,7.670764,-48.823265,-15.922797,-15.341335,342.580109,0.047234,-0.003043,0.000055,0.250000,0.250001,1.491154,102530.015625,1.620548,0.000000,0.000000,0.000000,0.000000,0.000000,0.000000,0.000000,0.000000,0.000000,-47.756145,1097.267822
31.692672,2.000000,-3158.799316,1.296359,1029.930110,332.005432,1083.634644,323.455383,326.487885,332.699799,-7.821237,-0.036346,7.646649,-48.509647,-15.824019,-15.275519,340.113831,0.046291,-0.003061,0.000050,0.250000,0.250001,1.443645,102530.015625,1.613484,0.000000,0.000000,0.000000,0.000000,0.000000,0.000000,0.000000,0.000000,0.000000,-47.442787,1089.150391
31.743526,2.000000,-3150.194336,1.293962,1027.473474,329.548889,1075.642090,323.368622,326.402466,332.732752,-7.749029,-0.035395,7.621358,-48.202305,-15.727258,-15.210613,337.680084,0.045495,-0.003076,0.000046,0.250000,0.250001,1.399437,102530.015625,1.606269,0.000000,0.000000,0.000000,0.000000,0.000000,0.000000,0.000000,0.000000,0.000000,-47.132980,1081.157837
31.794156,2.000000,-3141.460449,1.291362,1025.043218,327.118591,1067.582031,323.283661,326.315582,332.763362,-7.679287,-0.034461,7.595200,-47.893993,-15.630228,-15.145047,335.220551,0.044759,-0.003092,0.000043,0.250000,0.250001,1.358678,102530.015625,1.598883,0.000000,0.000000,0.000000,0.000000,0.000000,0.000000,0.000000,0.000000,0.000000,-46.828140,1073.097778
31.848043,2.000000,-3132.377197,1.288482,1022.473511,324.548828,1059.255249,323.194946,326.225037,332.792192,-7.607231,-0.033478,7.566490,-47.577316,-15.530605,-15.077188,332.674042,0.044145,-0.003108,0.000041,0.250000,0.250001,1.318804,102530.015625,1.590932,0.000000,0.000000,0.000000,0.000000,0.000000,0.000000,0.000000,0.000000,0.000000,-46.507710,1064.721680
31.899793,2.000000,-3123.471191,1.285488,1020.021842,322.097107,1051.145020,323.111359,326.135773,332.816989,-7.539946,-0.032544,7.538272,-47.270710,-15.434211,-15.010965,330.188538,0.043527,-0.003139,0.000042,0.250000,0.250001,1.284513,102530.015625,1.583431,0.000000,0.000000,0.000000,0.000000,0.000000,0.000000,0.000000,0.000000,0.000000,-46.203819,1056.611450
31.950975,2.000000,-3114.723877,1.282384,1017.612611,319.687805,1043.230957,323.030243,326.047699,332.838196,-7.475052,-0.031621,7.509917,-46.973255,-15.340748,-14.946216,327.758179,0.043001,-0.003156,0.000044,0.250000,0.250001,1.253627,102530.015625,1.575975,0.000000,0.000000,0.000000,0.000000,0.000000,0.000000,0.000000,0.000000,0.000000,-45.906956,1048.697510
32.001343,2.000000,-3106.105225,1.279171,1015.256276,317.331604,1035.482056,322.952087,325.960876,332.856467,-7.412665,-0.030724,7.481714,-46.683830,-15.249843,-14.882678,325.374084,0.042591,-0.003166,0.000046,0.250000,0.250001,1.225812,102530.015625,1.568555,0.000000,0.000000,0.000000,0.000000,0.000000,0.000000,0.000000,0.000000,0.000000,-45.618454,1040.948486
32.051964,2.000000,-3097.417725,1.275778,1012.902660,314.978027,1027.719971,322.875153,325.873077,332.872276,-7.351310,-0.029831,7.453209,-46.395790,-15.159407,-14.818895,322.981506,0.042268,-0.003174,0.000048,0.250000,0.250001,1.200418,102530.015625,1.561063,0.000000,0.000000,0.000000,0.000000,0.000000,0.000000,0.000000,0.000000,0.000000,-45.332169,1033.317871
32.103005,2.000000,-3088.643555,1.272197,1010.544102,312.619629,1019.929199,322.799042,325.784576,332.885564,-7.290675,-0.028944,7.424435,-46.108620,-15.069283,-14.754725,320.575806,0.042033,-0.003184,0.000051,0.250000,0.250001,1.177355,102530.015625,1.553533,0.000000,0.000000,0.000000,0.000000,0.000000,0.000000,0.000000,0.000000,0.000000,-45.047211,1025.527100
32.158902,2.000000,-3079.135742,1.268143,1007.977713,310.053284,1011.541443,322.717651,325.688660,332.897013,-7.225541,-0.027984,7.393035,-45.801701,-14.973002,-14.685459,317.981171,0.041861,-0.003195,0.000054,0.250000,0.250001,1.154950,102530.015625,1.545385,0.000000,0.000000,0.000000,0.000000,0.000000,0.000000,0.000000,0.000000,0.000000,-44.739422,1017.139282
32.209296,2.000000,-3070.545166,1.264327,1005.678641,307.754272,1004.011169,322.645721,325.601746,332.904844,-7.167823,-0.027127,7.364939,-45.528149,-14.887223,-14.623114,315.647705,0.041767,-0.003204,0.000056,0.250000,0.250001,1.137204,102530.015625,1.538136,0.000000,0.000000,0.000000,0.000000,0.000000,0.000000,0.000000,0.000000,0.000000,-44.465714,1009.609070
32.260372,2.000000,-3061.804199,1.260297,1003.362449,305.438110,996.395325,322.574432,325.513428,332.910361,-7.110178,-0.026271,7.336770,-45.253414,-14.801108,-14.559892,313.284027,0.041738,-0.003211,0.000059,0.250000,0.250001,1.121477,102530.015625,1.530878,0.000000,0.000000,0.000000,0.000000,0.000000,0.000000,0.000000,0.000000,0.000000,-44.191898,1001.947205
32.310773,2.000000,-3053.125000,1.256151,1001.090487,303.166199,988.878479,322.505463,325.425751,332.913356,-7.054021,-0.025447,7.309390,-44.984180,-14.716756,-14.497319,310.947601,0.041769,-0.003184,0.000068,0.250000,0.250001,1.108219,102530.015625,1.523782,0.000000,0.000000,0.000000,0.000000,0.000000,0.000000,0.000000,0.000000,0.000000,-43.925228,994.430420
32.362757,2.000000,-3044.262207,1.251765,998.761559,300.837280,981.250305,322.435211,325.331177,332.913979,-6.996753,-0.024644,7.281593,-44.712746,-14.631750,-14.433650,308.572601,0.037074,-0.003154,0.000084,0.250000,0.250001,1.096432,102530.015625,1.518050,0.000000,0.000000,0.000000,0.000000,0.000000,0.000000,0.000000,0.000000,0.000000,-43.653580,986.802185
32.413108,2.000000,-3035.670410,1.247375,996.518882,298.594604,973.897827,322.368774,325.247955,332.912288,-6.942115,-0.023844,7.253947,-44.450001,-14.549499,-14.372088,306.280701,0.038304,-0.003224,0.000086,0.250000,0.250001,1.076125,102530.015625,1.515432,0.000000,0.000000,0.000000,0.000000,0.000000,0.000000,0.000000,0.000000,0.000000,-43.390709,979.449707
32.464043,2.000000,-3026.965332,1.242788,994.263553,296.339294,966.492615,322.302795,325.158783,332.908255,-6.887731,-0.023021,7.226546,-44.187950,-14.467502,-14.309903,303.969086,0.039300,-0.003237,0.000086,0.250000,0.250001,1.061132,102530.015625,1.506619,0.000000,0.000000,0.000000,0.000000,0.000000,0.000000,0.000000,0.000000,0.000000,-43.129326,972.005554
32.516114,2.000000,-3018.059814,1.237950,991.971591,294.047363,958.961548,322.236328,325.067841,332.901759,-6.832788,-0.022211,7.199294,-43.924267,-14.385031,-14.246459,301.615173,0.040167,-0.003166,0.000099,0.250000,0.250001,1.050726,102530.015625,1.498075,0.000000,0.000000,0.000000,0.000000,0.000000,0.000000,0.000000,0.000000,0.000000,-42.866508,964.474426
32.566458,2.000000,-3009.450439,1.233137,989.768543,291.844238,951.723450,322.173187,324.979828,332.893157,-6.780066,-0.021516,7.173804,-43.673317,-14.306583,-14.185286,299.350037,0.040871,-0.003069,0.000132,0.250000,0.250001,1.044700,102530.015625,1.490649,0.000000,0.000000,0.000000,0.000000,0.000000,0.000000,0.000000,0.000000,0.000000,-42.616318,957.236328
32.616740,2.000000,-3000.842041,1.228190,987.580699,289.656311,944.526794,322.110962,324.891937,332.882272,-6.727627,-0.020899,7.149264,-43.425911,-14.229284,-14.124258,297.095428,0.041491,-0.002978,0.000176,0.250000,0.250001,1.041734,102530.015625,1.483717,0.000000,0.000000,0.000000,0.000000,0.000000,0.000000,0.000000,0.000000,0.000000,-42.369942,950.039734
32.667524,2.000000,-2992.215332,1.223102,985.383514,287.459106,937.355652,322.048920,324.803558,332.869251,-6.674744,-0.020339,7.125465,-43.181286,-14.152889,-14.063239,294.846405,0.042003,-0.002896,0.000228,0.250000,0.250001,1.041204,102530.015625,1.477320,0.000000,0.000000,0.000000,0.000000,0.000000,0.000000,0.000000,0.000000,0.000000,-42.124409,942.861877
32.718231,2.000000,-2983.513184,1.217836,983.202031,285.277588,930.162109,321.987579,324.714417,332.853975,-6.621912,-0.019826,7.102726,-42.937611,-14.076827,-14.001813,292.588135,0.042513,-0.002824,0.000283,0.250000,0.250001,1.042706,102530.015625,1.471189,0.000000,0.000000,0.000000,0.000000,0.000000,0.000000,0.000000,0.000000,0.000000,-41.882332,935.668335
32.769229,2.000000,-2974.787842,1.212421,981.020346,283.095825,922.989624,321.926636,324.624512,332.836505,-6.568659,-0.019350,7.080918,-42.696201,-14.001510,-13.940340,290.334412,0.042969,-0.002758,0.000338,0.250000,0.250001,1.045814,102530.015625,1.465556,0.000000,0.000000,0.000000,0.000000,0.000000,0.000000,0.000000,0.000000,0.000000,-41.641769,928.495789
32.825174,2.000000,-2965.183350,1.206304,978.641056,280.716431,915.140381,321.860260,324.525482,332.814972,-6.510014,-0.018857,7.058235,-42.433636,-13.919629,-13.872803,287.865814,0.043451,-0.002693,0.000396,0.250000,0.250001,1.050738,102530.015625,1.459683,0.000000,0.000000,0.000000,0.000000,0.000000,0.000000,0.000000,0.000000,0.000000,-41.381012,920.646606
32.880855,2.000000,-2955.714355,1.200113,976.287404,278.362671,907.448547,321.794647,324.427246,332.791391,-6.451338,-0.018387,7.036944,-42.177795,-13.839883,-13.806341,285.444550,0.043826,-0.002635,0.000451,0.250000,0.250001,1.056795,102530.015625,1.454408,0.000000,0.000000,0.000000,0.000000,0.000000,0.000000,0.000000,0.000000,0.000000,-41.124512,912.882813
32.932484,2.000000,-2946.898926,1.194206,974.117756,276.192871,900.328613,321.733978,324.335297,332.767337,-6.396612,-0.017957,7.018332,-41.942074,-13.766442,-13.744567,283.201538,0.044196,-0.002587,0.000497,0.250000,0.250001,1.063044,102530.015625,1.449703,0.000000,0.000000,0.000000,0.000000,0.000000,0.000000,0.000000,0.000000,0.000000,-40.889164,905.762878
32.984968,2.000000,-2937.952881,1.188071,971.924591,273.999756,893.143311,321.672424,324.241455,332.740998,-6.340631,-0.017522,7.000515,-41.705181,-13.692665,-13.681971,280.936279,0.044542,-0.002541,0.000539,0.250000,0.250001,1.069969,102530.015625,1.445300,0.000000,0.000000,0.000000,0.000000,0.000000,0.000000,0.000000,0.000000,0.000000,-40.652252,898.577515
33.041355,2.000000,-2928.874756,1.181701,969.582169,271.657288,885.892639,321.606232,324.145813,332.712227,-6.280065,-0.017050,6.982584,-41.467022,-13.618526,-13.618540,278.648895,0.044370,-0.002498,0.000580,0.250000,0.250001,1.077866,102530.015625,1.440904,0.000000,0.000000,0.000000,0.000000,0.000000,0.000000,0.000000,0.000000,0.000000,-40.400173,891.326904
33.093378,2.000000,-2919.454102,1.174934,967.433560,269.508728,878.411499,321.545074,324.045746,332.680312,-6.223785,-0.016605,6.967133,-41.222115,-13.542315,-13.552802,276.287201,0.045244,-0.002460,0.000613,0.250000,0.250001,1.085424,102530.015625,1.437005,0.000000,0.000000,0.000000,0.000000,0.000000,0.000000,0.000000,0.000000,0.000000,-40.169720,883.929077
33.146530,2.000000,-2910.342041,1.168239,965.250671,267.325867,871.216553,321.482300,323.948395,332.647389,-6.165867,-0.016138,6.952417,-40.987297,-13.469275,-13.489294,274.014526,0.045605,-0.002420,0.000642,0.250000,0.250001,1.093487,102530.015625,1.433230,0.000000,0.000000,0.000000,0.000000,0.000000,0.000000,0.000000,0.000000,0.000000,-39.936287,876.734131
33.199477,2.000000,-2901.420410,1.161541,963.088500,265.163696,864.210938,321.419403,323.852600,332.613368,-6.107737,-0.015658,6.938805,-40.759235,-13.398359,-13.427183,271.800385,0.045775,-0.002382,0.000668,0.250000,0.250001,1.101721,102530.015625,1.429755,0.000000,0.000000,0.000000,0.000000,0.000000,0.000000,0.000000,0.000000,0.000000,-39.705647,869.728516
33.251114,2.000000,-2892.497559,1.154700,960.991548,263.066772,857.242371,321.357666,323.756012,332.577478,-6.050626,-0.015172,6.926499,-40.532845,-13.327989,-13.365124,269.596924,0.046179,-0.002351,0.000689,0.250000,0.250001,1.109795,102530.015625,1.426569,0.000000,0.000000,0.000000,0.000000,0.000000,0.000000,0.000000,0.000000,0.000000,-39.482414,862.759949
33.305963,2.000000,-2883.134277,1.147370,958.776779,260.851929,849.970886,321.291443,323.653778,332.537941,-5.989510,-0.014630,6.914418,-40.296925,-13.254679,-13.300067,267.296478,0.046486,-0.002325,0.000706,0.250000,0.250001,1.118141,102530.015625,1.423451,0.000000,0.000000,0.000000,0.000000,0.000000,0.000000,0.000000,0.000000,0.000000,-39.246948,855.501770
33.360144,2.000000,-2873.974609,1.140047,956.601629,258.676819,842.897400,321.225342,323.552948,332.497335,-5.928685,-0.014072,6.903478,-40.067783,-13.183501,-13.236480,265.057709,0.046667,-0.002297,0.000720,0.250000,0.250001,1.126446,102530.015625,1.420850,0.000000,0.000000,0.000000,0.000000,0.000000,0.000000,0.000000,0.000000,0.000000,-39.016022,848.428345
33.415240,2.000000,-2864.400879,1.132233,954.402566,256.477905,835.546143,321.157288,323.447357,332.452933,-5.866384,-0.013472,6.893302,-39.829750,-13.109583,-13.170072,262.730011,0.047153,-0.002267,0.000731,0.250000,0.250001,1.134655,102530.015625,1.417351,0.000000,0.000000,0.000000,0.000000,0.000000,0.000000,0.000000,0.000000,0.000000,-38.782730,841.077087
33.468461,2.000000,-2855.373535,1.124717,952.290503,254.365921,828.653625,321.090576,323.346436,332.409332,-5.805765,-0.012871,6.884386,-39.606831,-13.040377,-13.107503,260.546692,0.047324,-0.002235,0.000739,0.250000,0.250001,1.142757,102530.015625,1.414997,0.000000,0.000000,0.000000,0.000000,0.000000,0.000000,0.000000,0.000000,0.000000,-38.558868,834.169434
33.520277,2.000000,-2846.557373,1.117238,950.245617,252.320999,821.958374,321.024750,323.247162,332.365019,-5.746337,-0.012262,6.876527,-39.390343,-12.973187,-13.046433,258.425232,0.047510,-0.002210,0.000746,0.250000,0.250001,1.150523,102530.015625,1.412866,0.000000,0.000000,0.000000,0.000000,0.000000,0.000000,0.000000,0.000000,0.000000,-38.342182,827.474182
33.574911,2.000000,-2837.212646,1.109160,948.101690,250.177139,814.901001,320.954193,323.141022,332.316316,-5.683255,-0.011588,6.869033,-39.162010,-12.902336,-12.981748,256.188202,0.047781,-0.002199,0.000748,0.250000,0.250001,1.158166,102530.015625,1.410676,0.000000,0.000000,0.000000,0.000000,0.000000,0.000000,0.000000,0.000000,0.000000,-38.114861,820.416809
33.627343,2.000000,-2828.197266,1.101223,946.055821,248.131363,808.130005,320.885529,323.037964,332.267583,-5.622326,-0.010912,6.862615,-38.942883,-12.834359,-12.919374,254.041306,0.048075,-0.002172,0.000749,0.250000,0.250001,1.165492,102530.015625,1.408539,0.000000,0.000000,0.000000,0.000000,0.000000,0.000000,0.000000,0.000000,0.000000,-37.897892,813.645752
33.680158,2.000000,-2819.296875,1.093246,944.006502,246.082047,801.481323,320.815063,322.935211,332.217813,-5.560566,-0.010205,6.856874,-38.727562,-12.767577,-12.857824,251.932709,0.048126,-0.002158,0.000749,0.250000,0.250001,1.172639,102530.015625,1.406733,0.000000,0.000000,0.000000,0.000000,0.000000,0.000000,0.000000,0.000000,0.000000,-37.680386,807.065063
33.731790,2.000000,-2810.358154,1.085097,942.014178,244.089676,794.840149,320.744995,322.831299,332.166144,-5.499836,-0.009485,6.851923,-38.512230,-12.700806,-12.796039,249.825912,0.048479,-0.002139,0.000746,0.250000,0.250001,1.179360,102530.015625,1.404711,0.000000,0.000000,0.000000,0.000000,0.000000,0.000000,0.000000,0.000000,0.000000,-37.468700,800.423889
33.782358,2.000000,-2801.770508,1.077137,940.073491,242.149002,788.493652,320.675323,322.730438,332.115008,-5.440021,-0.008755,6.847697,-38.306244,-12.636945,-12.736706,247.812119,0.048585,-0.002124,0.000743,0.250000,0.250001,1.185815,102530.015625,1.403169,0.000000,0.000000,0.000000,0.000000,0.000000,0.000000,0.000000,0.000000,0.000000,-37.262276,794.077393
33.832474,2.000000,-2793.172363,1.069040,938.160446,240.235977,782.172241,320.604950,322.628662,332.062331,-5.380426,-0.008006,6.844073,-38.100739,-12.573241,-12.677318,245.805939,0.048804,-0.002111,0.000739,0.250000,0.250001,1.191897,102530.015625,1.401633,0.000000,0.000000,0.000000,0.000000,0.000000,0.000000,0.000000,0.000000,0.000000,-37.058468,787.755981
33.883348,2.000000,-2784.584473,1.060825,936.228917,238.304398,775.891357,320.532227,322.526062,332.008230,-5.319628,-0.007220,6.840931,-37.896198,-12.509847,-12.618021,243.812210,0.048834,-0.002105,0.000733,0.250000,0.250001,1.197754,102530.015625,1.400414,0.000000,0.000000,0.000000,0.000000,0.000000,0.000000,0.000000,0.000000,0.000000,-36.852318,781.356628
33.934440,2.000000,-2775.837891,1.052328,934.299670,236.375076,769.528076,320.457916,322.420624,331.951608,-5.258280,-0.006402,6.838292,-37.688538,-12.445493,-12.557649,241.791962,0.049029,-0.002093,0.000726,0.250000,0.250001,1.203288,102530.015625,1.399123,0.000000,0.000000,0.000000,0.000000,0.000000,0.000000,0.000000,0.000000,0.000000,-36.645988,774.993347
33.985403,2.000000,-2767.166748,1.043775,932.385796,234.461197,763.253052,320.382446,322.315399,331.893977,-5.196812,-0.005560,6.836151,-37.483318,-12.381904,-12.497812,239.799393,0.049140,-0.002084,0.000718,0.250000,0.250001,1.208577,102530.015625,1.397761,0.000000,0.000000,0.000000,0.000000,0.000000,0.000000,0.000000,0.000000,0.000000,-36.440868,768.718323
34.035503,2.000000,-2758.614502,1.035214,930.514519,232.589920,757.096436,320.307037,322.210632,331.835723,-5.136125,-0.004709,6.834510,-37.281513,-12.319378,-12.438808,237.844162,0.049276,-0.002075,0.000710,0.250000,0.250001,1.213570,102530.015625,1.396565,0.000000,0.000000,0.000000,0.000000,0.000000,0.000000,0.000000,0.000000,0.000000,-36.239861,762.561646
34.086354,2.000000,-2749.964844,1.026429,928.625499,230.701004,750.902344,320.229004,322.103607,331.775304,-5.074282,-0.003820,6.833278,-37.077965,-12.256319,-12.379148,235.876770,0.049374,-0.002069,0.000701,0.250000,0.250001,1.218304,102530.015625,1.395555,0.000000,0.000000,0.000000,0.000000,0.000000,0.000000,0.000000,0.000000,0.000000,-36.036419,756.510132
34.136985,2.000000,-2741.350342,1.017553,926.754934,228.830521,744.765869,320.149994,321.996277,331.713729,-5.012475,-0.002912,6.832460,-36.875763,-12.193680,-12.319737,233.927460,0.049464,-0.002057,0.000692,0.250000,0.250001,1.222797,102530.015625,1.394389,0.000000,0.000000,0.000000,0.000000,0.000000,0.000000,0.000000,0.000000,0.000000,-35.834435,750.373657
34.187898,2.000000,-2732.677002,1.008491,924.884271,226.959976,738.620178,320.069092,321.887024,331.650195,-4.950101,-0.001976,6.832028,-36.672684,-12.130776,-12.259931,231.974991,0.049575,-0.002052,0.000683,0.250000,0.250001,1.227016,102530.015625,1.393590,0.000000,0.000000,0.000000,0.000000,0.000000,0.000000,0.000000,0.000000,0.000000,-35.631851,744.227966
34.239185,2.000000,-2723.977051,0.999274,923.010305,225.086075,732.488586,319.986145,321.776581,331.585031,-4.887059,-0.001009,6.831966,-36.469452,-12.067827,-12.199952,230.026779,0.049625,-0.002045,0.000673,0.250000,0.250001,1.231017,102530.015625,1.392636,0.000000,0.000000,0.000000,0.000000,0.000000,0.000000,0.000000,0.000000,0.000000,-35.428299,738.096375
34.294269,2.000000,-2714.619141,0.989218,921.009266,223.085037,725.929993,319.895325,321.656586,331.513282,-4.819140,0.000059,6.832252,-36.251266,-12.000248,-12.135446,227.942673,0.049729,-0.002041,0.000661,0.250000,0.250001,1.234714,102530.015625,1.391679,0.000000,0.000000,0.000000,0.000000,0.000000,0.000000,0.000000,0.000000,0.000000,-35.210140,731.556030
34.345364,2.000000,-2705.838135,0.979649,919.163860,221.239700,719.810120,319.809662,321.543030,331.444469,-4.755955,0.001064,6.832894,-36.047108,-11.937016,-12.074922,225.997818,0.049934,-0.002028,0.000652,0.250000,0.250001,1.238330,102530.015625,1.391024,0.000000,0.000000,0.000000,0.000000,0.000000,0.000000,0.000000,0.000000,0.000000,-35.008392,725.436096
34.398324,2.000000,-2696.855469,0.969729,917.261998,219.337845,713.584045,319.719238,321.425842,331.372482,-4.690276,0.002126,6.833878,-35.838646,-11.872453,-12.013013,224.019089,0.049982,-0.002025,0.000642,0.250000,0.250001,1.241708,102530.015625,1.390231,0.000000,0.000000,0.000000,0.000000,0.000000,0.000000,0.000000,0.000000,0.000000,-34.799713,719.210022
34.449868,2.000000,-2688.060547,0.959888,915.421599,217.497391,707.521729,319.629700,321.309998,331.300525,-4.626184,0.003179,6.835154,-35.634979,-11.809374,-11.952401,222.092270,0.050097,-0.002018,0.000633,0.250000,0.250001,1.244893,102530.015625,1.389604,0.000000,0.000000,0.000000,0.000000,0.000000,0.000000,0.000000,0.000000,0.000000,-34.597092,713.147705
34.503364,2.000000,-2679.006592,0.949626,913.522575,215.598404,701.315491,319.535187,321.189911,331.224950,-4.559502,0.004294,6.836762,-35.425632,-11.744534,-11.890006,220.119598,0.050107,-0.002009,0.000623,0.250000,0.250001,1.247859,102530.015625,1.388575,0.000000,0.000000,0.000000,0.000000,0.000000,0.000000,0.000000,0.000000,0.000000,-34.387199,706.884155
34.557038,2.000000,-2669.876709,0.939142,911.628530,213.704361,695.092834,319.438751,321.067505,331.147120,-4.492445,0.005433,6.838658,-35.214935,-11.679274,-11.827091,218.141586,0.050191,-0.002002,0.000613,0.250000,0.250001,1.250622,102530.015625,1.387904,0.000000,0.000000,0.000000,0.000000,0.000000,0.000000,0.000000,0.000000,0.000000,-34.177044,700.661499
34.609595,2.000000,-2660.895264,0.928698,909.784837,211.860672,689.006104,319.342834,320.946045,331.068964,-4.426640,0.006564,6.840795,-35.008064,-11.615200,-11.765203,216.206696,0.050326,-0.001994,0.000604,0.250000,0.250001,1.253255,102530.015625,1.387262,0.000000,0.000000,0.000000,0.000000,0.000000,0.000000,0.000000,0.000000,0.000000,-33.971706,694.574768
34.660313,2.000000,-2652.295898,0.918577,908.015890,210.091629,683.210571,319.248718,320.828857,330.992766,-4.363007,0.007667,6.843113,-34.810356,-11.553959,-11.705945,214.364304,0.050333,-0.001983,0.000597,0.250000,0.250001,1.255820,102530.015625,1.386560,0.000000,0.000000,0.000000,0.000000,0.000000,0.000000,0.000000,0.000000,0.000000,-33.773972,688.779236
34.715411,2.000000,-2642.944580,0.907436,906.105593,208.181290,676.943848,319.144775,320.700195,330.908292,-4.293749,0.008888,6.845830,-34.595539,-11.487412,-11.641503,212.372086,0.050400,-0.001985,0.000587,0.250000,0.250001,1.257923,102530.015625,1.385774,0.000000,0.000000,0.000000,0.000000,0.000000,0.000000,0.000000,0.000000,0.000000,-33.559410,682.551208
34.767005,2.000000,-2634.100342,0.896773,904.327489,206.403152,671.051208,319.045929,320.577423,330.826873,-4.228786,0.010044,6.848623,-34.392807,-11.424607,-11.580557,210.498734,0.050566,-0.001970,0.000580,0.250000,0.250001,1.260113,102530.015625,1.385174,0.000000,0.000000,0.000000,0.000000,0.000000,0.000000,0.000000,0.000000,0.000000,-33.358963,676.658569
34.818226,2.000000,-2625.468750,0.886247,902.572482,204.648087,665.332153,318.946442,320.456451,330.745900,-4.164182,0.011203,6.851615,-34.195259,-11.363406,-11.521070,208.680542,0.050501,-0.001959,0.000574,0.250000,0.250001,1.262222,102530.015625,1.384801,0.000000,0.000000,0.000000,0.000000,0.000000,0.000000,0.000000,0.000000,0.000000,-33.160320,670.939453
34.869696,2.000000,-2616.718018,0.875456,900.819210,202.894730,659.566406,318.844879,320.333008,330.662494,-4.099165,0.012381,6.854797,-33.995216,-11.301421,-11.460763,206.847473,0.050559,-0.001954,0.000567,0.250000,0.250001,1.264076,102530.015625,1.384281,0.000000,0.000000,0.000000,0.000000,0.000000,0.000000,0.000000,0.000000,0.000000,-32.960999,665.173767
34.923056,2.000000,-2607.655762,0.864155,899.012420,201.087784,653.629333,318.738037,320.204041,330.574550,-4.031668,0.013617,6.858265,-33.788261,-11.237288,-11.398302,204.959976,0.050626,-0.001951,0.000560,0.250000,0.250001,1.265676,102530.015625,1.383923,0.000000,0.000000,0.000000,0.000000,0.000000,0.000000,0.000000,0.000000,0.000000,-32.754627,659.177856
34.980304,2.000000,-2598.201172,0.852229,897.086276,199.161575,647.472473,318.621460,320.068329,330.481178,-3.959168,0.014965,6.862161,-33.572594,-11.170446,-11.333137,203.002502,0.050293,-0.001945,0.000551,0.250000,0.250001,1.267119,102530.015625,1.383332,0.000000,0.000000,0.000000,0.000000,0.000000,0.000000,0.000000,0.000000,0.000000,-32.533550,653.020935
35.036291,2.000000,-2588.551758,0.839916,895.214810,197.289932,641.227478,318.505890,319.928619,330.384187,-3.888192,0.016296,6.866148,-33.352783,-11.102308,-11.266622,201.017044,0.050601,-0.001931,0.000544,0.250000,0.250001,1.268421,102530.015625,1.382599,0.000000,0.000000,0.000000,0.000000,0.000000,0.000000,0.000000,0.000000,0.000000,-32.317722,646.775940
35.090102,2.000000,-2579.327637,0.828011,893.427470,195.502579,635.294189,318.393311,319.793854,330.289777,-3.819898,0.017580,6.870179,-33.143032,-11.037283,-11.203031,199.130737,0.050800,-0.001921,0.000539,0.250000,0.250001,1.269869,102530.015625,1.382107,0.000000,0.000000,0.000000,0.000000,0.000000,0.000000,0.000000,0.000000,0.000000,-32.110695,640.783081
35.143404,2.000000,-2570.342285,0.816290,891.668034,193.743118,629.548889,318.280212,319.661438,330.196287,-3.752170,0.018860,6.874348,-32.938995,-10.974019,-11.141080,197.304214,0.050750,-0.001911,0.000535,0.250000,0.250001,1.271330,102530.015625,1.381630,0.000000,0.000000,0.000000,0.000000,0.000000,0.000000,0.000000,0.000000,0.000000,-31.905975,635.037781
35.195863,2.000000,-2561.372070,0.804467,889.947093,192.022232,623.846985,318.167419,319.528046,330.101343,-3.685440,0.020126,6.878602,-32.735531,-10.910925,-11.079226,195.491531,0.050909,-0.001903,0.000531,0.250000,0.250001,1.272647,102530.015625,1.381208,0.000000,0.000000,0.000000,0.000000,0.000000,0.000000,0.000000,0.000000,0.000000,-31.704779,629.335876
35.246260,2.000000,-2552.794434,0.793047,888.303740,190.378860,618.426086,318.057800,319.399536,330.009246,-3.621264,0.021349,6.882844,-32.541241,-10.850664,-11.020072,193.768234,0.050986,-0.001892,0.000529,0.250000,0.250001,1.273988,102530.015625,1.380916,0.000000,0.000000,0.000000,0.000000,0.000000,0.000000,0.000000,0.000000,0.000000,-31.511808,623.914978
35.299978,2.000000,-2543.800049,0.780955,886.562848,188.638016,612.774963,317.939423,319.263458,329.911188,-3.552793,0.022664,6.887474,-32.337643,-10.787503,-10.958037,191.971756,0.050866,-0.001893,0.000524,0.250000,0.250001,1.274997,102530.015625,1.380768,0.000000,0.000000,0.000000,0.000000,0.000000,0.000000,0.000000,0.000000,0.000000,-31.306305,618.248474
35.354242,2.000000,-2534.631104,0.768503,884.815495,186.890579,607.048828,317.818207,319.123810,329.809659,-3.483582,0.024006,6.892272,-32.130280,-10.723160,-10.894789,190.151520,0.050882,-0.001883,0.000520,0.250000,0.250001,1.275912,102530.015625,1.380188,0.000000,0.000000,0.000000,0.000000,0.000000,0.000000,0.000000,0.000000,0.000000,-31.099007,612.522278
35.406343,2.000000,-2525.702881,0.756259,883.148384,185.223526,601.506775,317.700500,318.986786,329.709347,-3.417077,0.025299,6.897016,-31.928629,-10.660575,-10.833193,188.389847,0.051086,-0.001869,0.000517,0.250000,0.250001,1.276901,102530.015625,1.379548,0.000000,0.000000,0.000000,0.000000,0.000000,0.000000,0.000000,0.000000,0.000000,-30.900301,606.980225
35.460919,2.000000,-2516.637451,0.743707,881.413219,183.488480,595.913391,317.575745,318.846100,329.605890,-3.347359,0.026660,6.902106,-31.724106,-10.597088,-10.770639,186.611954,0.050867,-0.001868,0.000514,0.250000,0.250001,1.277745,102530.015625,1.379679,0.000000,0.000000,0.000000,0.000000,0.000000,0.000000,0.000000,0.000000,0.000000,-30.692406,601.386902
35.515160,2.000000,-2507.281982,0.730627,879.699968,181.775284,590.177063,317.450317,318.700073,329.497540,-3.278036,0.028023,6.907260,-31.513180,-10.531596,-10.706076,184.788666,0.051209,-0.001853,0.000511,0.250000,0.250001,1.278456,102530.015625,1.378882,0.000000,0.000000,0.000000,0.000000,0.000000,0.000000,0.000000,0.000000,0.000000,-30.486057,595.798828
35.566163,2.000000,-2498.647461,0.718443,878.099199,180.174576,584.914978,317.330994,318.564240,329.396130,-3.212801,0.029303,6.912266,-31.318846,-10.471241,-10.646478,183.116211,0.051237,-0.001834,0.000511,0.250000,0.250001,1.279514,102530.015625,1.378355,0.000000,0.000000,0.000000,0.000000,0.000000,0.000000,0.000000,0.000000,0.000000,-30.292410,590.536804
35.617899,2.000000,-2489.852051,0.705921,876.485545,178.560989,579.586548,317.208649,318.424683,329.291309,-3.146582,0.030606,6.917437,-31.121048,-10.409799,-10.585758,181.422791,0.051350,-0.001825,0.000510,0.250000,0.250001,1.280386,102530.015625,1.378023,0.000000,0.000000,0.000000,0.000000,0.000000,0.000000,0.000000,0.000000,0.000000,-30.096189,585.208374
35.669935,2.000000,-2481.098145,0.693346,874.872794,176.948318,574.315063,317.084198,318.284576,329.185598,-3.079930,0.031921,6.922745,-30.924366,-10.348685,-10.525311,179.747559,0.051325,-0.001821,0.000509,0.250000,0.250001,1.281166,102530.015625,1.377928,0.000000,0.000000,0.000000,0.000000,0.000000,0.000000,0.000000,0.000000,0.000000,-29.899075,579.936890
35.725594,2.000000,-2471.791504,0.679856,873.159159,175.234756,568.745667,316.949677,318.134460,329.071612,-3.008605,0.033343,6.928496,-30.715366,-10.283726,-10.461041,177.977722,0.051234,-0.001812,0.000506,0.250000,0.250001,1.281666,102530.015625,1.377406,0.000000,0.000000,0.000000,0.000000,0.000000,0.000000,0.000000,0.000000,0.000000,-29.688435,574.291443
35.777940,2.000000,-2462.808350,0.666718,871.558224,173.633804,563.403870,316.821869,317.988403,328.960058,-2.941496,0.034680,6.934026,-30.513927,-10.221100,-10.398993,176.280289,0.051510,-0.001795,0.000506,0.250000,0.250001,1.282414,102530.015625,1.377015,0.000000,0.000000,0.000000,0.000000,0.000000,0.000000,0.000000,0.000000,0.000000,-29.490686,568.949646
35.831892,2.000000,-2453.741455,0.653342,869.919037,171.994644,558.045898,316.688660,317.839935,328.846012,-2.872288,0.036061,6.939823,-30.310785,-10.157923,-10.336349,174.577896,0.051493,-0.001785,0.000506,0.250000,0.250001,1.283096,102530.015625,1.376695,0.000000,0.000000,0.000000,0.000000,0.000000,0.000000,0.000000,0.000000,0.000000,-29.287125,563.591675
35.883051,2.000000,-2445.061768,0.640429,868.374856,170.450455,552.948547,316.561157,317.696808,328.735437,-2.806622,0.037372,6.945442,-30.116571,-10.097505,-10.276372,172.958405,0.051595,-0.001766,0.000507,0.250000,0.250001,1.283969,102530.015625,1.376290,0.000000,0.000000,0.000000,0.000000,0.000000,0.000000,0.000000,0.000000,0.000000,-29.094423,558.494324
35.938528,2.000000,-2435.725342,0.626421,866.711543,168.787064,547.500244,316.421356,317.541351,328.614837,-2.735376,0.038803,6.951594,-29.907721,-10.032514,-10.211843,171.227524,0.051633,-0.001763,0.000506,0.250000,0.250001,1.284419,102530.015625,1.375903,0.000000,0.000000,0.000000,0.000000,0.000000,0.000000,0.000000,0.000000,0.000000,-28.885592,553.040588
35.991998,2.000000,-2426.724854,0.612801,865.119374,167.194901,542.282043,316.285278,317.390503,328.497113,-2.666677,0.040184,6.957644,-29.706684,-9.969933,-10.149624,169.569839,0.051651,-0.001743,0.000507,0.250000,0.250001,1.285174,102530.015625,1.375618,0.000000,0.000000,0.000000,0.000000,0.000000,0.000000,0.000000,0.000000,0.000000,-28.684685,547.822388
36.047083,2.000000,-2417.397949,0.598569,863.490393,165.565872,536.909729,316.143555,317.233032,328.373458,-2.595865,0.041614,6.963958,-29.498459,-9.905092,-10.085133,167.863327,0.051788,-0.001731,0.000507,0.250000,0.250001,1.285714,102530.015625,1.374946,0.000000,0.000000,0.000000,0.000000,0.000000,0.000000,0.000000,0.000000,0.000000,-28.477919,542.450012
36.100297,2.000000,-2408.496338,0.584875,861.927562,164.002884,531.815613,316.005341,317.081421,328.253984,-2.527421,0.042995,6.970187,-29.300058,-9.843290,-10.023567,166.245377,0.051724,-0.001707,0.000509,0.250000,0.250001,1.286580,102530.015625,1.374990,0.000000,0.000000,0.000000,0.000000,0.000000,0.000000,0.000000,0.000000,0.000000,-28.278543,537.387756
36.152638,2.000000,-2399.594482,0.571070,860.400739,162.476151,526.753906,315.868256,316.928772,328.132969,-2.460058,0.044357,6.976409,-29.101782,-9.781506,-9.961986,164.637833,0.051907,-0.001688,0.000511,0.250000,0.250001,1.287406,102530.015625,1.374365,0.000000,0.000000,0.000000,0.000000,0.000000,0.000000,0.000000,0.000000,0.000000,-28.082687,532.326050
36.204911,2.000000,-2390.785400,0.557302,858.886154,160.961685,521.776855,315.730225,316.776581,328.011834,-2.392738,0.045719,6.982724,-28.905779,-9.720407,-9.901031,163.057343,0.051963,-0.001671,0.000513,0.250000,0.250001,1.288247,102530.015625,1.374210,0.000000,0.000000,0.000000,0.000000,0.000000,0.000000,0.000000,0.000000,0.000000,-27.887339,527.348999
36.256981,2.000000,-2382.055908,0.543555,857.387627,159.463211,516.876221,315.591248,316.624664,327.890344,-2.325636,0.047080,6.989110,-28.711708,-9.659889,-9.840614,161.501236,0.051944,-0.001653,0.000515,0.250000,0.250001,1.289095,102530.015625,1.373875,0.000000,0.000000,0.000000,0.000000,0.000000,0.000000,0.000000,0.000000,0.000000,-27.692995,522.448425
36.313396,2.000000,-2372.600830,0.528548,855.775547,157.851273,511.603516,315.439209,316.458679,327.757108,-2.252894,0.048565,6.996082,-28.501554,-9.594328,-9.775159,159.827118,0.051980,-0.001650,0.000515,0.250000,0.250001,1.289515,102530.015625,1.373694,0.000000,0.000000,0.000000,0.000000,0.000000,0.000000,0.000000,0.000000,0.000000,-27.482565,517.140930
36.368939,2.000000,-2363.309814,0.513682,854.200280,156.276016,506.458771,315.287445,316.291504,327.624643,-2.181255,0.050038,7.002887,-28.295294,-9.529953,-9.710840,158.193542,0.045077,-0.001686,0.000510,0.250000,0.250001,1.288546,102530.015625,1.380202,0.000000,0.000000,0.000000,0.000000,0.000000,0.000000,0.000000,0.000000,0.000000,-27.275251,511.996185
36.424372,2.000000,-2354.203125,0.499000,852.639514,154.715286,501.449951,315.135437,316.130585,327.492742,-2.110350,0.051675,7.007664,-28.088430,-9.465287,-9.647773,156.603394,0.046536,-0.001860,0.000461,0.250000,0.250001,1.271976,102530.015625,1.380243,0.000000,0.000000,0.000000,0.000000,0.000000,0.000000,0.000000,0.000000,0.000000,-27.064117,506.987335
36.476721,2.000000,-2345.245605,0.484452,851.176331,153.252090,496.557159,314.990570,315.968658,327.361731,-2.044086,0.053289,7.012102,-27.886667,-9.402208,-9.585741,155.049942,0.048181,-0.001888,0.000419,0.250000,0.250001,1.261551,102530.015625,1.376923,0.000000,0.000000,0.000000,0.000000,0.000000,0.000000,0.000000,0.000000,0.000000,-26.866726,502.094574
36.530979,2.000000,-2336.026855,0.469369,849.670629,151.746475,491.556183,314.839233,315.801697,327.225559,-1.975812,0.054941,7.016935,-27.681046,-9.337921,-9.521888,153.462204,0.049455,-0.001798,0.000397,0.250000,0.250001,1.256248,102530.015625,1.373530,0.000000,0.000000,0.000000,0.000000,0.000000,0.000000,0.000000,0.000000,0.000000,-26.664196,497.144409
36.583707,2.000000,-2327.170166,0.454776,848.217893,150.293716,486.784180,314.691010,315.640503,327.093153,-1.909626,0.056459,7.021935,-27.484978,-9.276621,-9.460526,151.947342,0.050306,-0.001694,0.000400,0.250000,0.250001,1.254804,102530.015625,1.371173,0.000000,0.000000,0.000000,0.000000,0.000000,0.000000,0.000000,0.000000,0.000000,-26.468876,492.372437
36.636029,2.000000,-2318.311523,0.440080,846.786522,148.862320,482.043182,314.542816,315.478394,326.959354,-1.843954,0.057894,7.027222,-27.289938,-9.215630,-9.399136,150.442459,0.051112,-0.001608,0.000417,0.250000,0.250001,1.255841,102530.015625,1.369328,0.000000,0.000000,0.000000,0.000000,0.000000,0.000000,0.000000,0.000000,0.000000,-26.276163,487.631409
36.692511,2.000000,-2308.879883,0.424323,845.252701,147.328506,477.030518,314.381409,315.304443,326.815292,-1.772946,0.059391,7.033287,-27.083103,-9.150932,-9.333754,148.851563,0.051665,-0.001549,0.000442,0.250000,0.250001,1.258458,102530.015625,1.368472,0.000000,0.000000,0.000000,0.000000,0.000000,0.000000,0.000000,0.000000,0.000000,-26.068972,482.618774
36.748107,2.000000,-2299.652832,0.408799,843.754376,145.830154,472.161163,314.221313,315.133698,326.672772,-1.702862,0.060824,7.039691,-26.881456,-9.087836,-9.269764,147.306473,0.051972,-0.001479,0.000472,0.250000,0.250001,1.262605,102530.015625,1.367036,0.000000,0.000000,0.000000,0.000000,0.000000,0.000000,0.000000,0.000000,0.000000,-25.865881,477.661407
36.803285,2.000000,-2290.307861,0.392967,842.278499,144.354263,467.264557,314.061310,314.959503,326.526900,-1.633058,0.062221,7.046447,-26.677763,-9.024073,-9.204933,145.753006,0.052534,-0.001437,0.000500,0.250000,0.250001,1.267491,102530.015625,1.366140,0.000000,0.000000,0.000000,0.000000,0.000000,0.000000,0.000000,0.000000,0.000000,-25.664898,472.764832
36.858316,2.000000,-2281.071533,0.377211,840.817620,142.893265,462.459290,313.900452,314.785950,326.381088,-1.563148,0.063608,7.053600,-26.476870,-8.961161,-9.140828,144.228851,0.052887,-0.001407,0.000525,0.250000,0.250001,1.272894,102530.015625,1.365871,0.000000,0.000000,0.000000,0.000000,0.000000,0.000000,0.000000,0.000000,0.000000,-25.464931,467.959564
36.912844,2.000000,-2271.950684,0.361545,839.380971,141.456558,457.747467,313.739777,314.613678,326.235603,-1.493578,0.064984,7.061075,-26.278742,-8.899084,-9.077496,142.734726,0.053121,-0.001380,0.000546,0.250000,0.250001,1.278526,102530.015625,1.365133,0.000000,0.000000,0.000000,0.000000,0.000000,0.000000,0.000000,0.000000,0.000000,-25.267176,463.247742
36.969751,2.000000,-2262.529785,0.345255,837.893188,139.968704,452.915802,313.570709,314.434082,326.083651,-1.420648,0.066425,7.069225,-26.074253,-8.834981,-9.012055,141.202881,0.053192,-0.001355,0.000563,0.250000,0.250001,1.284045,102530.015625,1.365229,0.000000,0.000000,0.000000,0.000000,0.000000,0.000000,0.000000,0.000000,0.000000,-25.060987,458.410217
37.025416,2.000000,-2253.070313,0.328784,836.449254,138.524673,448.099945,313.404114,314.252747,325.929474,-1.349013,0.067842,7.077538,-25.869045,-8.770616,-8.946316,139.676453,0.053660,-0.001327,0.000578,0.250000,0.250001,1.289414,102530.015625,1.364734,0.000000,0.000000,0.000000,0.000000,0.000000,0.000000,0.000000,0.000000,0.000000,-24.859560,453.594391
37.079959,2.000000,-2243.977539,0.312846,835.045325,137.120682,443.504395,313.239746,314.077271,325.779747,-1.278528,0.069236,7.086021,-25.671959,-8.708762,-8.883096,138.220215,0.053761,-0.001303,0.000589,0.250000,0.250001,1.294739,102530.015625,1.364400,0.000000,0.000000,0.000000,0.000000,0.000000,0.000000,0.000000,0.000000,0.000000,-24.662445,448.998840
37.135307,2.000000,-2234.709473,0.296494,833.631707,135.706863,438.854370,313.071686,313.896881,325.625482,-1.206720,0.070661,7.094897,-25.471090,-8.645686,-8.818630,136.747025,0.053949,-0.001277,0.000599,0.250000,0.250001,1.299645,102530.015625,1.364585,0.000000,0.000000,0.000000,0.000000,0.000000,0.000000,0.000000,0.000000,0.000000,-24.462498,444.437225
37.187705,2.000000,-2225.803711,0.280679,832.303646,134.378677,434.418427,312.911377,313.722595,325.475814,-1.138496,0.072018,7.103559,-25.278131,-8.585056,-8.756659,135.341995,0.054326,-0.001252,0.000606,0.250000,0.250001,1.304245,102530.015625,1.364373,0.000000,0.000000,0.000000,0.000000,0.000000,0.000000,0.000000,0.000000,0.000000,-24.273380,440.001282
37.241053,2.000000,-2216.998291,0.264944,830.961724,133.036819,430.063629,312.746887,313.548828,325.326353,-1.068791,0.073410,7.112605,-25.087343,-8.525071,-8.695360,133.962982,0.054240,-0.001230,0.000612,0.250000,0.250001,1.308527,102530.015625,1.364650,0.000000,0.000000,0.000000,0.000000,0.000000,0.000000,0.000000,0.000000,0.000000,-24.080893,435.646484
37.294497,2.000000,-2208.092041,0.248932,829.627721,131.702835,425.690521,312.580811,313.371979,325.173749,-0.998746,0.074813,7.121853,-24.894310,-8.464342,-8.633335,132.578461,0.054309,-0.001207,0.000616,0.250000,0.250001,1.312402,102530.015625,1.364723,0.000000,0.000000,0.000000,0.000000,0.000000,0.000000,0.000000,0.000000,0.000000,-23.888105,431.273376
37.346206,2.000000,-2199.448975,0.233298,828.346854,130.421951,421.476898,312.419037,313.199127,325.024200,-0.930784,0.076181,7.130988,-24.707003,-8.405378,-8.573119,131.244736,0.054409,-0.001187,0.000619,0.250000,0.250001,1.315992,102530.015625,1.364940,0.000000,0.000000,0.000000,0.000000,0.000000,0.000000,0.000000,0.000000,0.000000,-23.701681,427.087036
37.398530,2.000000,-2190.664063,0.217312,827.060605,129.135757,417.224731,312.254059,313.022369,324.870795,-0.861836,0.077574,7.140370,-24.516518,-8.345373,-8.511889,129.899109,0.054594,-0.001166,0.000622,0.250000,0.250001,1.319142,102530.015625,1.364994,0.000000,0.000000,0.000000,0.000000,0.000000,0.000000,0.000000,0.000000,0.000000,-23.513044,422.834869
37.452100,2.000000,-2181.834473,0.201149,825.753995,127.829056,412.982147,312.083862,312.843475,324.715194,-0.791086,0.079011,7.150103,-24.325018,-8.285008,-8.450328,128.556778,0.054490,-0.001145,0.000623,0.250000,0.250001,1.322016,102530.015625,1.365161,0.000000,0.000000,0.000000,0.000000,0.000000,0.000000,0.000000,0.000000,0.000000,-23.319954,418.592285
37.506037,2.000000,-2172.827881,0.184562,824.448924,126.524124,408.686859,311.911316,312.659637,324.554908,-0.719708,0.080468,7.160013,-24.129612,-8.223370,-8.387511,127.197990,0.054607,-0.001123,0.000624,0.250000,0.250001,1.324534,102530.015625,1.365287,0.000000,0.000000,0.000000,0.000000,0.000000,0.000000,0.000000,0.000000,0.000000,-23.125566,414.297028
37.560304,2.000000,-2163.695557,0.167641,823.146495,125.221817,404.364685,311.736420,312.472107,324.390855,-0.647767,0.081946,7.170090,-23.931410,-8.160805,-8.323791,125.831009,0.054855,-0.001104,0.000623,0.250000,0.250001,1.326812,102530.015625,1.365015,0.000000,0.000000,0.000000,0.000000,0.000000,0.000000,0.000000,0.000000,0.000000,-22.930063,409.967560
37.611633,2.000000,-2155.536133,0.152435,821.924400,123.999771,400.531464,311.569702,312.303192,324.242907,-0.579610,0.083355,7.179691,-23.754301,-8.104861,-8.266843,124.618835,0.054251,-0.001086,0.000622,0.250000,0.250001,1.328582,102530.015625,1.365510,0.000000,0.000000,0.000000,0.000000,0.000000,0.000000,0.000000,0.000000,0.000000,-22.745159,406.134338
37.665237,2.000000,-2146.300049,0.135124,820.658274,122.733719,396.224579,311.394409,312.111023,324.073930,-0.508346,0.084838,7.189812,-23.553820,-8.041491,-8.202357,123.257156,0.054883,-0.001065,0.000620,0.250000,0.250001,1.330500,102530.015625,1.365291,0.000000,0.000000,0.000000,0.000000,0.000000,0.000000,0.000000,0.000000,0.000000,-22.552212,401.827423
37.719124,2.000000,-2137.244873,0.118051,819.395924,121.471451,392.035309,311.216888,311.921204,323.906732,-0.436596,0.086336,7.200081,-23.357306,-7.979330,-8.139112,121.932907,0.055108,-0.001045,0.000619,0.250000,0.250001,1.332303,102530.015625,1.365621,0.000000,0.000000,0.000000,0.000000,0.000000,0.000000,0.000000,0.000000,0.000000,-22.358347,397.638153
37.773112,2.000000,-2128.410156,0.101298,818.141730,120.217239,387.979797,311.037659,311.734619,323.742086,-0.364645,0.087860,7.210211,-23.165157,-7.918498,-8.080436,120.651001,0.052584,-0.001093,0.000608,0.250000,0.250001,1.331794,102530.015625,1.368858,0.000000,0.000000,0.000000,0.000000,0.000000,0.000000,0.000000,0.000000,0.000000,-22.163595,393.465729
37.827791,2.000000,-2119.260010,0.083848,816.882333,118.957901,383.813019,310.854858,311.539215,323.569787,-0.292127,0.089582,7.218932,-22.962971,-7.854378,-8.025683,119.333015,0.046455,-0.001302,0.000552,0.250000,0.250001,1.318963,102530.015625,1.377001,0.000000,0.000000,0.000000,0.000000,0.000000,0.000000,0.000000,0.000000,0.000000,-21.962969,389.298920
37.882782,2.000000,-2110.171143,0.066414,815.627001,117.702591,379.708466,310.669678,311.341400,323.395797,-0.220410,0.091432,7.224746,-22.757113,-7.788970,-7.976606,118.032707,0.037573,-0.001358,0.000495,0.250000,0.250001,1.287964,102530.015625,1.387391,0.000000,0.000000,0.000000,0.000000,0.000000,0.000000,0.000000,0.000000,0.000000,-21.756111,385.194397
37.936285,2.000000,-2101.184814,0.049082,814.416744,116.492325,375.685181,310.488129,311.141602,323.220591,-0.152848,0.093272,7.226276,-22.547834,-7.722342,-7.932610,116.754982,0.027406,-0.001390,0.000445,0.250000,0.250001,1.237297,102530.015625,1.398229,0.000000,0.000000,0.000000,0.000000,0.000000,0.000000,0.000000,0.000000,0.000000,-21.549261,381.166565
37.990914,2.000000,-2092.154297,0.031569,813.192644,115.268204,371.677917,310.301636,310.936340,323.041144,-0.087275,0.095181,7.222582,-22.331926,-7.653474,-7.892303,115.478241,0.016353,-0.001420,0.000398,0.250000,0.250001,1.164537,102530.015625,1.407863,0.000000,0.000000,0.000000,0.000000,0.000000,0.000000,0.000000,0.000000,0.000000,-21.332672,377.159302
38.043326,2.000000,-2083.435547,0.014568,812.029559,114.105118,367.844208,310.121429,310.734619,322.864841,-0.028644,0.097034,7.213321,-22.119076,-7.585471,-7.856565,114.251991,0.005593,-0.001447,0.000358,0.250000,0.250001,1.076656,102530.015625,1.415489,0.000000,0.000000,0.000000,0.000000,0.000000,0.000000,0.000000,0.000000,0.000000,-21.120722,373.325562
38.097250,2.000000,-2074.512207,-0.002921,810.844598,112.920120,363.956726,309.935120,310.524689,322.681567,0.026399,0.098960,7.197343,-21.897577,-7.514600,-7.822704,113.003067,-0.005011,-0.001473,0.000321,0.250000,0.250001,0.969145,102530.015625,1.420276,0.000000,0.000000,0.000000,0.000000,0.000000,0.000000,0.000000,0.000000,0.000000,-20.899321,369.438080
38.152806,2.000000,-2065.311523,-0.021049,809.636373,111.711807,359.987549,309.742340,310.305420,322.489751,0.076618,0.100959,7.173780,-21.667208,-7.440807,-7.790172,111.721413,-0.015177,-0.001493,0.000286,0.250000,0.250001,0.844669,102530.015625,1.422052,0.000000,0.000000,0.000000,0.000000,0.000000,0.000000,0.000000,0.000000,0.000000,-20.669577,365.574799
38.209048,2.000000,-2055.960938,-0.039570,808.426292,110.501724,355.994659,309.546570,310.080566,322.292448,0.120081,0.102993,7.142521,-21.432821,-7.365660,-7.759089,110.424911,-0.024457,-0.001511,0.000255,0.250000,0.250001,0.708420,102530.015625,1.420297,0.000000,0.000000,0.000000,0.000000,0.000000,0.000000,0.000000,0.000000,0.000000,-20.437107,361.581879
38.261306,2.000000,-2047.312012,-0.056786,807.313618,109.388931,352.337799,309.364441,309.871704,322.108047,0.153432,0.104888,7.106921,-21.217333,-7.296535,-7.731705,109.230919,-0.031785,-0.001526,0.000229,0.250000,0.250001,0.575668,102530.015625,1.416296,0.000000,0.000000,0.000000,0.000000,0.000000,0.000000,0.000000,0.000000,0.000000,-20.222702,357.925049
38.315186,2.000000,-2038.427979,-0.074555,806.178109,108.253555,348.617950,309.176544,309.656250,321.917388,0.180472,0.106843,7.063978,-20.999027,-7.226490,-7.704576,108.009575,-0.038008,-0.001536,0.000205,0.250000,0.250001,0.437039,102530.015625,1.407173,0.000000,0.000000,0.000000,0.000000,0.000000,0.000000,0.000000,0.000000,0.000000,-20.005140,354.205200
38.367847,2.000000,-2029.764160,-0.091963,805.079516,107.155106,345.024963,308.993225,309.447296,321.730585,0.199714,0.108750,7.016377,-20.790743,-7.159671,-7.678761,106.823402,-0.042667,-0.001544,0.000184,0.250000,0.250001,0.302773,102530.015625,1.397571,0.000000,0.000000,0.000000,0.000000,0.000000,0.000000,0.000000,0.000000,0.000000,-19.797325,350.501617
38.420642,2.000000,-2020.995361,-0.109659,803.988986,106.064651,341.422516,308.810089,309.237000,321.541172,0.212025,0.110654,6.963706,-20.585859,-7.093971,-7.652977,105.627762,-0.046167,-0.001544,0.000165,0.250000,0.250001,0.172704,102530.015625,1.384622,0.000000,0.000000,0.000000,0.000000,0.000000,0.000000,0.000000,0.000000,0.000000,-19.595205,346.899170
38.477473,2.000000,-2012.198975,-0.127485,802.826857,104.902542,337.842041,308.613831,309.027649,321.351106,0.217808,0.112692,6.902275,-20.387617,-7.030456,-7.627172,104.433342,-0.047302,-0.001547,0.000148,0.250000,0.250001,0.040931,102530.015625,1.368327,0.000000,0.000000,0.000000,0.000000,0.000000,0.000000,0.000000,0.000000,0.000000,-19.385973,343.318726
38.533573,2.000000,-2002.441162,-0.147347,801.691081,103.766861,333.907715,308.421539,308.798462,321.140604,0.216527,0.114688,6.837909,-20.177755,-6.963317,-7.598298,103.114281,-0.048850,-0.001533,0.000134,0.250000,0.250001,-0.077458,102530.015625,1.349713,0.000000,0.000000,0.000000,0.000000,0.000000,0.000000,0.000000,0.000000,0.000000,-19.189304,339.384399
38.587291,2.000000,-1993.469849,-0.165685,800.613619,102.689468,330.323273,308.239258,308.590881,320.947869,0.209425,0.116586,6.773684,-19.994946,-6.904945,-7.571242,101.907135,-0.048287,-0.001518,0.000122,0.250000,0.250001,-0.178419,102530.015625,1.330169,0.000000,0.000000,0.000000,0.000000,0.000000,0.000000,0.000000,0.000000,0.000000,-19.010904,335.751221
38.640098,2.000000,-1984.786255,-0.183502,799.563520,101.639359,326.882019,308.061951,308.393250,320.762163,0.197547,0.118435,6.709066,-19.828133,-6.851815,-7.544363,100.743935,-0.046362,-0.001507,0.000112,0.250000,0.250001,-0.263660,102530.015625,1.309935,0.000000,0.000000,0.000000,0.000000,0.000000,0.000000,0.000000,0.000000,0.000000,-18.845802,332.309967
38.693728,2.000000,-1976.096802,-0.201394,798.505716,100.581558,323.464508,307.884216,308.199005,320.577495,0.181317,0.120296,6.642933,-19.671757,-6.802165,-7.516591,99.585258,-0.043254,-0.001491,0.000105,0.250000,0.250001,-0.334461,102530.015625,1.288737,0.000000,0.000000,0.000000,0.000000,0.000000,0.000000,0.000000,0.000000,0.000000,-18.689091,328.892456
38.747904,2.000000,-1967.118652,-0.219944,797.445393,99.521194,319.958893,307.707123,308.002289,320.388052,0.161556,0.122157,6.576619,-19.521635,-6.754691,-7.486790,98.393845,-0.039251,-0.001474,0.000098,0.250000,0.250001,-0.388730,102530.015625,1.266685,0.000000,0.000000,0.000000,0.000000,0.000000,0.000000,0.000000,0.000000,0.000000,-18.542330,325.561920
38.799672,2.000000,-1958.621338,-0.237559,796.439349,98.515152,316.662933,307.540405,307.819733,320.210029,0.140399,0.123917,6.514652,-19.390440,-6.713407,-7.457391,97.271812,-0.034547,-0.001456,0.000094,0.250000,0.250001,-0.423747,102530.015625,1.245573,0.000000,0.000000,0.000000,0.000000,0.000000,0.000000,0.000000,0.000000,0.000000,-18.413055,322.265961
38.854962,2.000000,-1949.424194,-0.256685,795.371973,97.447769,313.117554,307.365143,307.626190,320.018895,0.116323,0.125778,6.450924,-19.260284,-6.672699,-7.424111,96.063705,-0.028671,-0.001434,0.000091,0.250000,0.250001,-0.442712,102530.015625,1.223069,0.000000,0.000000,0.000000,0.000000,0.000000,0.000000,0.000000,0.000000,0.000000,-18.286699,318.720581
38.908368,2.000000,-1940.668335,-0.274949,794.347308,96.423050,309.761383,307.198853,307.445831,319.838469,0.092600,0.127558,6.392704,-19.147705,-6.637754,-7.390879,94.919922,-0.022362,-0.001414,0.000089,0.250000,0.250001,-0.442781,102530.015625,1.202215,0.000000,0.000000,0.000000,0.000000,0.000000,0.000000,0.000000,0.000000,0.000000,-18.175968,315.364380
38.963139,2.000000,-1931.896118,-0.293300,793.302320,95.378006,306.415802,307.031219,307.268829,319.659022,0.068799,0.129342,6.337294,-19.045637,-6.606358,-7.355959,93.780464,-0.015649,-0.001283,0.000104,0.250000,0.250001,-0.424285,102530.015625,1.181464,0.000000,0.000000,0.000000,0.000000,0.000000,0.000000,0.000000,0.000000,0.000000,-18.073582,311.882965
39.018832,2.000000,-1922.529785,-0.312949,792.245200,94.320816,302.860199,306.863770,307.082489,319.467769,0.046249,0.130956,6.286510,-18.948378,-6.576818,-7.316766,92.571236,-0.007951,-0.001089,0.000164,0.250000,0.250001,-0.384245,102530.015625,1.160161,0.000000,0.000000,0.000000,0.000000,0.000000,0.000000,0.000000,0.000000,0.000000,-17.980955,308.327362
39.071175,2.000000,-1913.908691,-0.331083,791.256108,93.331680,299.600616,306.709290,306.912781,319.291170,0.027658,0.132413,6.244819,-18.869188,-6.553162,-7.278863,91.465240,-0.000876,-0.001045,0.000214,0.250000,0.250001,-0.326932,102530.015625,1.142362,0.000000,0.000000,1.000000,0.000000,0.000000,0.000000,0.000000,0.000000,0.000000,-17.903952,305.067810
39.123742,2.000000,-1905.329346,-0.349174,790.266669,92.342117,296.367676,306.556580,306.723022,319.091968,0.012442,0.133791,6.209318,-18.797546,-6.532537,-7.239334,90.371536,0.006636,-0.000956,-0.000092,0.250000,0.250001,-0.256378,102530.015625,1.132644,0.000000,0.000000,1.000000,0.034947,0.014168,0.020318,0.000000,0.000000,0.000000,-17.833427,301.834839
39.175914,2.000000,-1896.734253,-0.367337,789.288207,91.363541,293.138245,306.406982,306.495239,318.851212,0.001222,0.135268,6.180954,-18.732059,-6.514848,-7.197873,89.282990,0.015250,-0.001103,-0.000063,0.250000,0.250001,-0.175942,102530.015625,1.115987,0.000000,0.000000,1.000000,0.069631,0.028230,0.040484,0.000000,0.000000,0.000000,-17.770285,298.623199
39.228370,2.000000,-1888.206787,-0.385393,788.307569,90.382828,289.942017,306.257690,306.266754,318.608172,-0.005377,0.136790,6.159832,-18.674891,-6.500047,-7.154856,88.210350,0.023531,-0.001106,-0.000040,0.250000,0.250001,-0.079413,102530.015625,1.102302,0.000000,0.000000,1.000000,0.104503,0.042368,0.060760,0.000000,0.000000,0.000000,-17.714537,295.426971
39.281158,2.000000,-1879.575684,-0.403703,787.323540,89.398697,286.713654,306.107971,306.034180,318.359289,-0.006529,0.138319,6.146355,-18.623625,-6.487380,-7.109375,87.132355,0.031964,-0.001097,-0.000020,0.250000,0.250001,0.030898,102530.015625,1.090519,0.000000,0.000000,1.000000,0.139597,0.056596,0.081164,0.000000,0.000000,0.000000,-17.664986,292.198608
39.332776,2.000000,-1871.082153,-0.421753,786.363750,88.438736,283.542267,305.961151,305.804260,318.112038,-0.001722,0.139806,6.140955,-18.578598,-6.476816,-7.062695,86.079330,0.040340,-0.001088,-0.000004,0.250000,0.250001,0.149735,102530.015625,1.081019,0.000000,0.000000,1.000000,0.173913,0.070509,0.101115,0.000000,0.000000,0.000000,-17.621815,289.027222
39.386144,2.000000,-1862.391724,-0.440252,785.373690,87.448746,280.302094,305.808136,305.567566,317.857104,0.009985,0.141339,6.143530,-18.536970,-6.467566,-7.012944,85.010117,0.048647,-0.001079,0.000010,0.250000,0.250001,0.281085,102530.015625,1.078111,0.000000,0.000000,1.000000,0.209392,0.084893,0.121743,0.000000,0.000000,0.000000,-17.581236,285.810211
39.440305,2.000000,-1853.500854,-0.459212,784.371095,86.446121,276.991516,305.650940,305.325104,317.594577,0.029252,0.142889,6.154643,-18.497120,-6.459070,-6.959967,83.925110,0.057163,-0.001073,0.000021,0.250000,0.250001,0.421793,102530.015625,1.068523,0.000000,0.000000,1.000000,0.245398,0.099491,0.142678,0.000000,0.000000,0.000000,-17.543234,282.499634
39.496285,2.000000,-1844.416748,-0.478616,783.336962,85.412003,273.612976,305.486084,305.075867,317.324486,0.057368,0.144486,6.175260,-18.459452,-6.451467,-6.903681,82.826042,0.065240,-0.001070,0.000031,0.250000,0.250001,0.575032,102530.015625,1.066182,0.000000,0.000000,1.000000,0.282614,0.114579,0.164316,0.000000,0.000000,0.000000,-17.506584,279.121094
39.546887,2.000000,-1836.226318,-0.496141,782.403972,84.479019,270.569916,305.334167,304.849823,317.079518,0.090265,0.145927,6.201624,-18.426252,-6.444895,-6.851079,81.843567,0.072275,-0.001065,0.000038,0.250000,0.250001,0.716784,102530.015625,1.065979,0.000000,0.000000,1.000000,0.316254,0.128217,0.183875,0.000000,0.000000,0.000000,-17.474140,276.099609
39.598092,2.000000,-1827.944458,-0.513889,781.461587,83.536697,267.495850,305.177032,304.620148,316.830606,0.130915,0.147381,6.235602,-18.392500,-6.438201,-6.796128,80.858482,0.079151,-0.001062,0.000044,0.250000,0.250001,0.862266,102530.015625,1.066783,0.000000,0.000000,1.000000,0.350295,0.142019,0.203667,0.000000,0.000000,0.000000,-17.441097,273.025543
39.650378,2.000000,-1819.372925,-0.532287,780.501137,82.576370,264.317505,305.012634,304.380737,316.571579,0.180132,0.148862,6.277596,-18.356510,-6.430922,-6.737424,79.847992,0.086608,-0.001060,0.000049,0.250000,0.250001,1.011399,102530.015625,1.070440,0.000000,0.000000,1.000000,0.385055,0.156111,0.223876,0.000000,0.000000,0.000000,-17.406147,269.847198
39.703236,2.000000,-1810.798462,-0.550722,779.532139,81.607437,261.141663,304.841888,304.139557,316.311128,0.237828,0.150355,6.327329,-18.318611,-6.422995,-6.676878,78.846573,0.093388,-0.001060,0.000053,0.250000,0.250001,1.162326,102530.015625,1.075301,0.000000,0.000000,1.000000,0.420195,0.170358,0.244307,0.000000,0.000000,0.000000,-17.368881,266.671356
39.755656,2.000000,-1802.234131,-0.569163,778.573241,80.648575,257.973541,304.667816,303.896881,316.049669,0.302901,0.151833,6.383554,-18.278017,-6.414138,-6.614632,77.855919,0.100150,-0.001060,0.000058,0.250000,0.250001,1.311147,102530.015625,1.081173,0.000000,0.000000,1.000000,0.439758,0.189011,0.262573,0.000000,0.000000,0.000000,-17.329174,263.534027
39.808993,2.000000,-1793.629028,-0.587723,777.599860,79.675247,254.794891,304.485138,303.650879,315.785511,0.377073,0.153334,6.447450,-18.233671,-6.404014,-6.550358,76.870384,0.106120,-0.001064,0.000068,0.250000,0.250001,1.460495,102530.015625,1.089452,0.000000,0.000000,1.000000,0.454133,0.209627,0.280436,0.000000,0.000000,0.000000,-17.285089,260.355377
39.862303,2.000000,-1785.008301,-0.606347,776.629497,78.704971,251.615677,304.296722,303.402069,315.519454,0.459093,0.154828,6.517644,-18.184908,-6.392370,-6.484284,75.893120,0.111875,-0.001065,0.000081,0.250000,0.250001,1.606782,102530.015625,1.099954,0.000000,0.000000,1.000000,0.468502,0.230233,0.298291,0.000000,0.000000,0.000000,-17.236557,257.176147
39.914539,2.000000,-1776.514648,-0.624726,775.681380,77.756912,248.489365,304.106201,303.154572,315.255889,0.546924,0.156285,6.592176,-18.131849,-6.379158,-6.417603,74.940277,0.117392,-0.001066,0.000097,0.250000,0.250001,1.746771,102530.015625,1.109906,0.000000,0.000000,1.000000,0.482581,0.250423,0.315785,0.000000,0.000000,0.000000,-17.184082,254.049835
39.967519,2.000000,-1767.934326,-0.643323,774.722772,76.798355,245.338104,303.906525,302.901764,314.988082,0.643347,0.157754,6.673091,-18.072538,-6.363824,-6.348710,73.987953,0.122475,-0.001066,0.000115,0.250000,0.250001,1.883965,102530.015625,1.122114,0.000000,0.000000,1.000000,0.496861,0.270901,0.333529,0.000000,0.000000,0.000000,-17.125076,250.918503
40.020337,2.000000,-1759.401855,-0.661849,773.770436,75.846024,242.212372,303.700623,302.647522,314.720098,0.746570,0.159208,6.758657,-18.007299,-6.346394,-6.278744,73.051308,0.127051,-0.001064,0.000133,0.250000,0.250001,2.015630,102530.015625,1.135394,0.000000,0.000000,1.000000,0.511096,0.291317,0.351219,0.000000,0.000000,0.000000,-17.059971,247.792770
40.072989,2.000000,-1750.843872,-0.680462,772.824756,74.900345,239.086533,303.488403,302.389496,314.449651,0.856227,0.160647,6.848332,-17.934984,-6.326507,-6.207184,72.122368,0.131554,-0.001060,0.000151,0.250000,0.250001,2.141023,102530.015625,1.149180,0.000000,0.000000,1.000000,0.525287,0.311668,0.368853,0.000000,0.000000,0.000000,-16.988276,244.666931
40.124822,2.000000,-1742.610229,-0.698400,771.897713,73.973282,236.088959,303.272552,302.138245,314.187747,0.970472,0.162052,6.940494,-17.858656,-6.305009,-6.137095,71.238701,0.134480,-0.001058,0.000170,0.250000,0.250001,2.258990,102530.015625,1.163306,0.000000,0.000000,1.000000,0.539258,0.331703,0.386212,0.000000,0.000000,0.000000,-16.910828,241.669357
40.178160,2.000000,-1733.946777,-0.717307,770.948225,73.023819,232.946640,303.042877,301.870331,313.910242,1.094207,0.163487,7.038685,-17.770418,-6.279607,-6.062109,70.319672,0.138341,-0.001058,0.000188,0.250000,0.250001,2.372402,102530.015625,1.180725,0.000000,0.000000,1.000000,0.553634,0.352319,0.404076,0.000000,0.000000,0.000000,-16.823111,238.543518
40.233495,2.000000,-1724.993896,-0.736883,769.968449,72.044022,229.713562,302.796356,301.589630,313.621257,1.228746,0.164962,7.143654,-17.670176,-6.250173,-5.983371,69.381660,0.141757,-0.001052,0.000206,0.250000,0.250001,2.481956,102530.015625,1.196158,0.000000,0.000000,1.000000,0.568548,0.373708,0.422608,0.000000,0.000000,0.000000,-16.723406,235.310440
40.285305,2.000000,-1716.628784,-0.755209,769.056354,71.131851,226.707275,302.557861,301.323608,313.349061,1.360026,0.166326,7.244425,-17.568571,-6.219872,-5.908735,68.516098,0.144384,-0.001043,0.000223,0.250000,0.250001,2.578580,102530.015625,1.213448,0.000000,0.000000,1.000000,0.582512,0.393734,0.439960,0.000000,0.000000,0.000000,-16.622066,232.304153
40.338677,2.000000,-1708.082153,-0.773967,768.122564,70.198074,223.651718,302.303955,301.047791,313.068708,1.500272,0.167718,7.350046,-17.455746,-6.185730,-5.831497,67.642685,0.146349,-0.001038,0.000240,0.250000,0.250001,2.669740,102530.015625,1.232316,0.000000,0.000000,1.000000,0.596898,0.414363,0.457835,0.000000,0.000000,0.000000,-16.508640,229.248596
40.394729,2.000000,-1699.070313,-0.793787,767.148791,69.224258,220.449249,302.028259,300.752563,312.770618,1.652468,0.169165,7.461841,-17.325710,-6.145810,-5.749069,66.733795,0.143065,-0.001032,0.000256,0.250000,0.250001,2.751271,102530.015625,1.258411,0.000000,0.000000,1.000000,0.612005,0.436029,0.476608,0.000000,0.000000,0.000000,-16.378145,225.968750
40.446085,2.000000,-1690.801392,-0.812010,766.263443,68.338821,217.530411,301.767883,300.477386,312.495544,1.795163,0.170474,7.562579,-17.192469,-6.104232,-5.672636,65.910805,0.139172,-0.001021,0.000268,0.250000,0.250001,2.799114,102530.015625,1.284284,0.000000,0.000000,1.000000,0.625847,0.455879,0.493808,0.000000,0.000000,0.000000,-16.244703,223.049896
40.497632,2.000000,-1682.574707,-0.830177,765.382061,67.502213,214.647400,301.498688,300.199432,312.219907,1.940342,0.171774,7.661694,-17.048429,-6.058776,-5.595924,65.102486,0.137255,-0.001014,0.000280,0.250000,0.250001,2.829748,102530.015625,1.304612,0.000000,0.000000,1.000000,0.639740,0.475803,0.511072,0.000000,0.000000,0.000000,-16.099701,220.166901
40.550074,2.000000,-1674.155518,-0.848809,764.493366,66.660538,211.720413,301.216827,299.910828,311.935194,2.089356,0.173085,7.760565,-16.891516,-6.008860,-5.516807,64.286133,0.136477,-0.001008,0.000291,0.250000,0.250001,2.850611,102530.015625,1.321914,0.000000,0.000000,1.000000,0.653875,0.496074,0.528636,0.000000,0.000000,0.000000,-15.943034,217.239914
40.602057,2.000000,-1665.872925,-0.867179,763.620831,65.834549,208.865509,300.929688,299.622711,311.652290,2.237965,0.174372,7.856676,-16.729155,-5.956883,-5.438443,63.493793,0.136373,-0.001005,0.000301,0.250000,0.250001,2.865351,102530.015625,1.336872,0.000000,0.000000,1.000000,0.667886,0.516166,0.546046,0.000000,0.000000,0.000000,-15.779986,214.717484
40.654754,2.000000,-1657.400269,-0.886013,762.745219,65.006058,205.971741,300.630768,299.323853,311.359895,2.389291,0.175666,7.952248,-16.555788,-5.901086,-5.357807,62.694378,0.136652,-0.000996,0.000312,0.250000,0.250001,2.876817,102530.015625,1.350715,0.000000,0.000000,1.000000,0.682089,0.536535,0.563695,0.000000,0.000000,0.000000,-15.607706,211.823700
40.708123,2.000000,-1648.975586,-0.904782,761.867946,64.176468,203.122253,300.320038,299.022705,311.066105,2.543101,0.176967,8.047192,-16.376688,-5.843166,-5.277220,61.910656,0.137153,-0.000992,0.000321,0.250000,0.250001,2.886373,102530.015625,1.363664,0.000000,0.000000,1.000000,0.696473,0.557163,0.581569,0.000000,0.000000,0.000000,-15.426650,208.974228
40.762123,2.000000,-1640.248901,-0.924269,760.990380,63.347057,200.201279,299.997803,298.706635,310.758613,2.699208,0.178258,8.141425,-16.184565,-5.780759,-5.193385,61.110607,0.137796,-0.000930,0.000319,0.250000,0.250001,2.894717,102530.015625,1.376137,0.000000,0.000000,1.000000,0.716464,0.575638,0.597085,0.000000,0.000000,0.000000,-15.237158,206.053238
40.814656,2.000000,-1631.875732,-0.943014,760.146687,62.550182,197.428940,299.676941,298.399475,310.460493,2.851485,0.179463,8.231385,-15.994216,-5.718673,-5.112664,60.354248,0.138481,-0.000907,0.000307,0.250000,0.250001,2.902165,102530.015625,1.387706,0.000000,0.000000,1.000000,0.736770,0.593232,0.611774,0.000000,0.000000,0.000000,-15.047056,203.855515
40.865548,2.000000,-1624.184937,-0.960274,759.339111,61.787914,194.909683,299.359100,298.114014,310.183848,2.999371,0.180623,8.316976,-15.814389,-5.659806,-5.038331,59.669273,0.139159,-0.000910,0.000297,0.250000,0.250001,2.909109,102530.015625,1.398299,0.000000,0.000000,1.000000,0.756441,0.610276,0.626005,0.000000,0.000000,0.000000,-14.857712,201.336258
40.921523,2.000000,-1614.842529,-0.981294,758.462210,60.960827,191.885529,299.002289,297.762634,309.844084,3.162431,0.181899,8.409390,-15.589723,-5.585992,-4.947853,58.849766,0.139904,-0.000905,0.000288,0.250000,0.250001,2.916581,102530.015625,1.410092,0.000000,0.000000,1.000000,0.778077,0.629023,0.641657,0.000000,0.000000,0.000000,-14.643750,198.312088
40.974883,2.000000,-1606.348145,-1.000459,757.637628,60.183544,189.171097,298.655304,297.439148,309.531549,3.318259,0.183116,8.495856,-15.379670,-5.516724,-4.865472,58.116608,0.140608,-0.000905,0.000281,0.250000,0.250001,2.923598,102530.015625,1.420762,0.000000,0.000000,1.000000,0.798702,0.646894,0.656578,0.000000,0.000000,0.000000,-14.434407,196.245346
41.027917,2.000000,-1597.974121,-1.019401,756.829352,59.422314,186.529114,298.303833,297.116150,309.220023,3.473503,0.184325,8.580265,-15.167380,-5.446484,-4.784208,57.404991,0.141298,-0.000907,0.000276,0.250000,0.250001,2.930498,102530.015625,1.431022,0.000000,0.000000,1.000000,0.819200,0.664656,0.671407,0.000000,0.000000,0.000000,-14.221322,193.603363
41.080053,2.000000,-1589.652222,-1.038273,756.045963,58.685070,183.937897,297.952148,296.791412,308.907043,3.626474,0.185510,8.661804,-14.951423,-5.374800,-4.703451,56.708767,0.141965,-0.000905,0.000272,0.250000,0.250001,2.937233,102530.015625,1.440872,0.000000,0.000000,1.000000,0.839352,0.682117,0.685985,0.000000,0.000000,0.000000,-14.007121,191.012146
41.131663,2.000000,-1581.404541,-1.057024,755.281656,57.966442,181.404419,297.598419,296.465790,308.593440,3.778247,0.186681,8.741160,-14.732617,-5.301946,-4.623461,56.029522,0.142612,-0.000905,0.000270,0.250000,0.250001,2.943861,102530.015625,1.450357,0.000000,0.000000,1.000000,0.859301,0.699402,0.700417,0.000000,0.000000,0.000000,-13.790615,188.478668
41.182576,2.000000,-1573.415161,-1.075234,754.538787,57.268505,178.983963,297.243988,296.146790,308.286422,3.928302,0.187832,8.818127,-14.516249,-5.229688,-4.546065,55.381760,0.142046,-0.000903,0.000269,0.250000,0.250001,2.950141,102530.015625,1.460358,0.000000,0.000000,1.000000,0.878980,0.716454,0.714653,0.000000,0.000000,0.000000,-13.572750,186.534210
41.237684,2.000000,-1564.677002,-1.095201,753.747507,56.525829,176.375763,296.854340,295.793579,307.946985,4.090838,0.189072,8.898813,-14.272403,-5.147951,-4.461566,54.684769,0.138777,-0.000899,0.000268,0.250000,0.250001,2.947101,102530.015625,1.476244,0.000000,0.000000,1.000000,0.900281,0.734910,0.730062,0.000000,0.000000,0.000000,-13.329672,183.926010
41.289956,2.000000,-1556.453979,-1.114039,753.009565,55.833996,173.959824,296.479553,295.456970,307.624009,4.244571,0.190244,8.972282,-14.035708,-5.068313,-4.382243,54.039803,0.135563,-0.000896,0.000268,0.250000,0.250001,2.934159,102530.015625,1.489973,0.000000,0.000000,1.000000,0.920485,0.752417,0.744679,0.000000,0.000000,0.000000,-13.092175,181.510071
41.346650,2.000000,-1547.501709,-1.134603,752.223562,55.097912,171.373703,296.067169,295.085938,307.268466,4.410203,0.191506,9.048039,-13.770288,-4.978680,-4.296158,53.349663,0.131887,-0.000891,0.000268,0.250000,0.250001,2.908739,102530.015625,1.503873,0.000000,0.000000,1.000000,0.942399,0.771404,0.760532,0.000000,0.000000,0.000000,-12.827204,178.923950
41.403470,2.000000,-1538.567383,-1.155182,751.451318,54.375561,168.840393,295.647491,294.710876,306.909512,4.574311,0.192760,9.118919,-13.496966,-4.886022,-4.210595,52.673363,0.126198,-0.000885,0.000269,0.250000,0.250001,2.867991,102530.015625,1.519488,0.000000,0.000000,1.000000,0.964361,0.790434,0.776420,0.000000,0.000000,0.000000,-12.553378,177.035431
41.457106,2.000000,-1530.078491,-1.174788,750.736708,53.707958,166.478073,295.247467,294.350616,306.564707,4.726890,0.193936,9.181561,-13.231614,-4.795776,-4.129657,52.042274,0.123927,-0.000877,0.000270,0.250000,0.250001,2.823812,102530.015625,1.527325,0.000000,0.000000,1.000000,0.985093,0.808398,0.791418,0.000000,0.000000,0.000000,-12.290033,174.673111
41.512549,2.000000,-1521.411011,-1.194859,750.013065,53.032787,164.112335,294.829346,293.979462,306.209312,4.882020,0.195142,9.242184,-12.956625,-4.701984,-4.047426,51.409428,0.121306,-0.000869,0.000271,0.250000,0.250001,2.774932,102530.015625,1.534814,0.000000,0.000000,1.000000,1.000000,0.826966,0.806921,0.000000,0.000000,0.000000,-12.014091,172.307373
41.568035,2.000000,-1512.688110,-1.215112,749.304351,52.384838,161.779404,294.406677,293.602356,305.847837,5.034488,0.196342,9.298637,-12.676098,-4.606036,-3.965123,50.784233,0.118645,-0.000861,0.000272,0.250000,0.250001,2.723641,102530.015625,1.541547,0.000000,0.000000,1.000000,1.000000,0.845549,0.822436,0.000000,0.000000,0.000000,-11.734534,169.974442
41.622254,2.000000,-1504.123657,-1.235051,748.626951,51.684704,159.536331,293.989838,293.228546,305.489209,5.180659,0.197508,9.349724,-12.397330,-4.510431,-3.884792,50.181774,0.116001,-0.000854,0.000273,0.250000,0.250001,2.671311,102530.015625,1.547653,0.000000,0.000000,1.000000,1.000000,0.863708,0.837597,0.000000,0.000000,0.000000,-11.458421,168.345947
41.674088,2.000000,-1495.943115,-1.254145,747.993458,51.056591,157.438324,293.588501,292.868622,305.143336,5.317696,0.198617,9.394795,-12.128272,-4.417914,-3.808529,49.616806,0.113369,-0.000847,0.000275,0.250000,0.250001,2.619341,102530.015625,1.552723,0.000000,0.000000,1.000000,1.000000,0.881068,0.852091,0.000000,0.000000,0.000000,-11.192059,166.247925
41.726259,2.000000,-1487.785522,-1.273232,747.369914,50.463268,155.390045,293.181702,292.506683,304.795178,5.452849,0.199729,9.436439,-11.857540,-4.324589,-3.732960,49.063583,0.110583,-0.000838,0.000277,0.250000,0.250001,2.565009,102530.015625,1.557168,0.000000,0.000000,1.000000,1.000000,0.898189,0.869293,0.000000,0.000000,0.000000,-10.921894,164.199646
41.778810,2.000000,-1479.586426,-1.292464,746.756197,49.806103,153.375961,292.769440,292.140198,304.442038,5.586064,0.200842,9.474620,-11.583336,-4.229833,-3.657511,48.517723,0.107764,-0.000828,0.000274,0.250000,0.250001,2.508332,102530.015625,1.561023,0.000000,0.000000,1.000000,1.000000,0.912883,0.905504,0.000000,0.000000,0.000000,-10.648013,162.185562
41.830918,2.000000,-1471.442383,-1.311614,746.161966,49.247448,151.420044,292.358673,291.773560,304.088126,5.715171,0.201940,9.508791,-11.309226,-4.134878,-3.583089,47.985584,0.104997,-0.000816,0.000266,0.250000,0.250001,2.450502,102530.015625,1.563976,0.000000,0.000000,1.000000,1.000000,0.927453,0.941410,0.000000,0.000000,0.000000,-10.375073,160.210754
41.884099,2.000000,-1463.172607,-1.331107,745.570270,48.637768,149.479843,291.937683,291.398682,303.725672,5.843785,0.203055,9.539925,-11.029503,-4.037744,-3.508066,47.455441,0.102168,-0.000806,0.000253,0.250000,0.250001,2.390074,102530.015625,1.566345,0.000000,0.000000,1.000000,1.000000,0.942324,0.978056,0.000000,0.000000,0.000000,-10.095504,158.270569
41.938859,2.000000,-1454.682373,-1.351169,744.976650,48.041637,147.536392,291.502533,291.011078,303.350286,5.972824,0.204200,9.568100,-10.741246,-3.937404,-3.431634,46.921822,0.099282,-0.000800,0.000236,0.250000,0.250001,2.326737,102530.015625,1.568110,0.000000,0.000000,1.000000,1.000000,0.957636,1.000000,0.000000,0.000000,0.000000,-9.806952,156.327118
41.993352,2.000000,-1446.125977,-1.371438,744.401691,47.450634,145.627701,291.068359,290.618347,302.968998,6.097772,0.205341,9.592330,-10.450027,-3.835782,-3.355226,46.394913,0.096512,-0.000797,0.000224,0.250000,0.250001,2.263124,102530.015625,1.568984,0.000000,0.000000,1.000000,1.000000,0.972873,1.000000,0.000000,0.000000,0.000000,-9.519522,154.507828
42.048216,2.000000,-1437.653198,-1.391558,743.838715,46.909801,143.787186,290.630310,290.227264,302.588480,6.220058,0.206493,9.612994,-10.161335,-3.734795,-3.280189,45.883850,0.093654,-0.000793,0.000216,0.250000,0.250001,2.198713,102530.015625,1.569224,0.000000,0.000000,1.000000,1.000000,0.988215,1.000000,0.000000,0.000000,0.000000,-9.230222,152.667313
42.102890,2.000000,-1429.188965,-1.411705,743.293541,46.341686,141.997879,290.193298,289.834595,302.205590,6.338398,0.207642,9.629961,-9.872940,-3.633669,-3.205857,45.383881,0.090873,-0.000787,0.000213,0.250000,0.250001,2.134351,102530.015625,1.568834,0.000000,0.000000,1.000000,1.000000,1.000000,1.000000,0.000000,0.000000,0.000000,-8.942346,150.878006
42.158375,2.000000,-1420.551758,-1.432314,742.756432,45.823559,140.222946,289.749634,289.431976,301.812111,6.454895,0.208808,9.643612,-9.579019,-3.530355,-3.130662,44.884541,0.088142,-0.000778,0.000212,0.250000,0.250001,2.069088,102530.015625,1.567755,0.000000,0.000000,1.000000,1.000000,1.000000,1.000000,0.000000,0.000000,0.000000,-8.650991,149.103073
42.212521,2.000000,-1412.149536,-1.452410,742.247901,45.343273,138.545639,289.316925,289.038666,301.426819,6.565103,0.209945,9.653607,-9.293796,-3.429858,-3.058153,44.409241,0.085521,-0.000766,0.000210,0.250000,0.250001,2.005744,102530.015625,1.565930,0.000000,0.000000,1.000000,1.000000,1.000000,1.000000,0.000000,0.000000,0.000000,-8.367792,147.395935
42.268574,2.000000,-1403.528809,-1.473077,741.737665,44.808300,136.875244,288.869415,288.633606,301.029039,6.675587,0.211119,9.660623,-9.002209,-3.326874,-2.984416,43.932243,0.082867,-0.000755,0.000208,0.250000,0.250001,1.940655,102530.015625,1.563594,0.000000,0.000000,1.000000,1.000000,1.000000,1.000000,0.000000,0.000000,0.000000,-8.076102,145.725555
42.323571,2.000000,-1394.962891,-1.493660,741.252949,44.314404,135.266098,288.431213,288.229706,300.631407,6.780466,0.212271,9.664371,-8.713843,-3.224784,-2.911811,43.468925,0.080391,-0.000745,0.000207,0.250000,0.250001,1.877514,102530.015625,1.560605,0.000000,0.000000,1.000000,1.000000,1.000000,1.000000,0.000000,0.000000,0.000000,-7.791689,144.116394
42.381325,2.000000,-1386.259521,-1.514621,740.760817,43.847607,133.682648,287.972107,287.817932,300.225085,6.886888,0.213481,9.665121,-8.422581,-3.121421,-2.839070,43.008976,0.077526,-0.000734,0.000205,0.250000,0.250001,1.812079,102530.015625,1.557158,0.000000,0.000000,1.000000,1.000000,1.000000,1.000000,0.000000,0.000000,0.000000,-7.495229,142.532944
42.436511,2.000000,-1377.633911,-1.535443,740.306565,43.373486,132.164337,287.534943,287.408569,299.820157,6.985012,0.214635,9.662559,-8.135231,-3.019194,-2.770163,42.563610,0.073192,-0.000721,0.000203,0.250000,0.250001,1.747449,102530.015625,1.555964,0.000000,0.000000,1.000000,1.000000,1.000000,1.000000,0.000000,0.000000,0.000000,-7.213490,140.972092
42.491477,2.000000,-1369.138672,-1.555994,739.869638,42.929882,130.718582,287.101166,287.004059,299.419204,7.079021,0.215785,9.656161,-7.852356,-2.918292,-2.705667,42.134708,0.067446,-0.000710,0.000201,0.250000,0.250001,1.676264,102530.015625,1.556258,0.000000,0.000000,1.000000,1.000000,1.000000,1.000000,0.000000,0.000000,0.000000,-6.933273,139.526352
42.548180,2.000000,-1360.424072,-1.577121,739.435133,42.512890,129.286880,286.655518,286.587402,299.005466,7.171636,0.217078,9.645023,-7.562021,-2.814449,-2.642873,41.704315,0.060405,-0.000923,0.000170,0.250000,0.250001,1.594354,102530.015625,1.555862,0.000000,0.000000,1.000000,1.000000,1.000000,1.000000,0.000000,0.000000,0.000000,-6.644497,138.094635
42.601794,2.000000,-1352.122803,-1.597289,739.039389,42.121471,127.971443,286.236298,286.188538,298.608576,7.254737,0.218446,9.630007,-7.285723,-2.715371,-2.586128,41.302948,0.052798,-0.001005,0.000131,0.250000,0.250001,1.509794,102530.015625,1.555003,0.000000,0.000000,1.000000,1.000000,1.000000,1.000000,0.000000,0.000000,0.000000,-6.372124,136.855194
42.654449,2.000000,-1344.046143,-1.616949,738.664982,41.721752,126.736984,285.826782,285.798462,298.219606,7.331742,0.219833,9.610675,-7.017271,-2.618868,-2.533708,40.920155,0.044802,-0.001034,0.000097,0.250000,0.250001,1.419576,102530.015625,1.553976,0.000000,0.000000,1.000000,1.000000,1.000000,1.000000,0.000000,0.000000,0.000000,-6.105355,135.620728
42.708107,2.000000,-1335.862549,-1.636907,738.297945,41.369762,125.531868,285.411682,285.401276,297.822775,7.405114,0.221259,9.586022,-6.745922,-2.521083,-2.483320,40.539715,0.036338,-0.001051,0.000064,0.250000,0.250001,1.320199,102530.015625,1.552043,0.000000,0.000000,1.000000,1.000000,1.000000,1.000000,0.000000,0.000000,0.000000,-5.834590,134.415619
42.762511,2.000000,-1327.578979,-1.657146,737.940679,40.992809,124.358833,284.993500,284.997437,297.418440,7.473843,0.222711,9.555666,-6.472362,-2.422257,-2.435030,40.161903,0.027588,-0.001063,0.000034,0.250000,0.250001,1.211944,102530.015625,1.549348,0.000000,0.000000,1.000000,1.000000,1.000000,1.000000,0.000000,0.000000,0.000000,-5.561594,133.242584
42.816382,2.000000,-1319.376953,-1.677222,737.601563,40.670788,123.243584,284.582428,284.596191,297.015855,7.535891,0.224154,9.520080,-6.203038,-2.324719,-2.389827,39.794716,0.018883,-0.001076,0.000007,0.250000,0.250001,1.097700,102530.015625,1.545550,0.000000,0.000000,1.000000,1.000000,1.000000,1.000000,0.000000,0.000000,0.000000,-5.293271,132.072159
42.870736,2.000000,-1310.995361,-1.697773,737.274063,40.359631,122.151230,284.170837,284.184814,296.602207,7.592072,0.225610,9.478486,-5.930068,-2.225619,-2.346240,39.426273,0.009922,-0.001081,-0.000017,0.250000,0.250001,0.976183,102530.015625,1.540223,0.000000,0.000000,1.000000,1.000000,1.000000,1.000000,0.000000,0.000000,0.000000,-5.025232,130.979797
42.923267,2.000000,-1303.015991,-1.717369,736.971364,40.024487,121.155350,283.776245,283.792419,296.206800,7.639939,0.227019,9.432762,-5.672895,-2.132030,-2.307119,39.081608,0.001753,-0.001087,-0.000039,0.250000,0.250001,0.853267,102530.015625,1.534061,0.000000,0.000000,1.000000,1.000000,1.000000,1.000000,0.000000,0.000000,0.000000,-4.769289,129.983917
42.976384,2.000000,-1295.021729,-1.737031,736.678932,39.774853,120.200333,283.380676,283.398895,295.809376,7.681649,0.228446,9.381017,-5.418590,-2.039271,-2.270178,38.742012,-0.006018,-0.001093,-0.000059,0.250000,0.250001,0.724709,102530.015625,1.526468,0.000000,0.000000,1.000000,1.000000,1.000000,1.000000,0.000000,0.000000,0.000000,-4.514324,129.028900
43.028780,2.000000,-1287.013428,-1.756756,736.403682,39.489697,119.285988,282.994171,283.004547,295.410291,7.716011,0.229850,9.324609,-5.167869,-1.947613,-2.235367,38.407310,-0.013678,-0.001096,-0.000076,0.250000,0.250001,0.594642,102530.015625,1.517336,0.000000,0.000000,1.000000,1.000000,1.000000,1.000000,0.000000,0.000000,0.000000,-4.267276,128.065765
43.080811,2.000000,-1279.118896,-1.776229,736.143092,39.225475,118.425438,282.614319,282.615936,295.016160,7.743328,0.231242,9.263414,-4.925302,-1.858741,-2.203132,38.082516,-0.020774,-0.001102,-0.000091,0.250000,0.250001,0.463645,102530.015625,1.507383,0.000000,0.000000,1.000000,1.000000,1.000000,1.000000,0.000000,0.000000,0.000000,-4.026911,127.205223
43.132642,2.000000,-1271.271118,-1.795611,735.895856,38.979198,117.609436,282.240143,282.229980,294.623897,7.763740,0.232630,9.197499,-4.689302,-1.772091,-2.173074,37.764503,-0.027386,-0.001102,-0.000104,0.250000,0.250001,0.332077,102530.015625,1.496054,0.000000,0.000000,1.000000,1.000000,1.000000,1.000000,0.000000,0.000000,0.000000,-3.793002,126.389214
43.185817,2.000000,-1263.318481,-1.815276,735.654715,38.734081,116.821846,281.860535,281.839874,294.226592,7.777571,0.234050,9.124930,-4.456038,-1.686264,-2.144567,37.446983,-0.033367,-0.001096,-0.000116,0.250000,0.250001,0.196705,102530.015625,1.483045,0.000000,0.000000,1.000000,1.000000,1.000000,1.000000,0.000000,0.000000,0.000000,-3.559421,125.601624
43.239339,2.000000,-1255.193237,-1.835394,735.424418,38.512768,116.056992,281.483185,281.442749,293.821367,7.784237,0.235475,9.047112,-4.224545,-1.600913,-2.117405,37.127293,-0.039233,-0.001087,-0.000126,0.250000,0.250001,0.061099,102530.015625,1.468840,0.000000,0.000000,1.000000,1.000000,1.000000,1.000000,0.000000,0.000000,0.000000,-3.331525,124.892601
43.292032,2.000000,-1247.246948,-1.855090,735.209459,38.290966,115.346794,281.116699,281.056213,293.426108,7.783745,0.236874,8.966074,-4.005346,-1.519930,-2.092690,36.819061,-0.044292,-0.001082,-0.000136,0.250000,0.250001,-0.071027,102530.015625,1.453500,0.000000,0.000000,1.000000,1.000000,1.000000,1.000000,0.000000,0.000000,0.000000,-3.114720,124.182396
43.347918,2.000000,-1238.935425,-1.875713,734.993800,38.077587,114.642723,280.733276,280.654175,293.014210,7.775689,0.238353,8.875739,-3.784477,-1.438169,-2.068725,36.501148,-0.048706,-0.001069,-0.000144,0.250000,0.250001,-0.208211,102530.015625,1.436147,0.000000,0.000000,1.000000,1.000000,1.000000,1.000000,0.000000,0.000000,0.000000,-2.893728,123.478325
43.401777,2.000000,-1230.678589,-1.896222,734.797449,37.897167,113.981010,280.369385,280.257507,292.606968,7.760777,0.239775,8.784782,-3.574069,-1.360131,-2.046751,36.189667,-0.053152,-0.001056,-0.000151,0.250000,0.250001,-0.336962,102530.015625,1.418318,0.000000,0.000000,1.000000,1.000000,1.000000,1.000000,0.000000,0.000000,0.000000,-2.689919,122.816612
43.455502,2.000000,-1222.627319,-1.916239,734.612328,37.701122,113.370483,280.012238,279.873474,292.212006,7.739106,0.241187,8.690628,-3.378067,-1.287304,-2.027009,35.889931,-0.056417,-0.001038,-0.000157,0.250000,0.250001,-0.461197,102530.015625,1.399727,0.000000,0.000000,1.000000,1.000000,1.000000,1.000000,0.000000,0.000000,0.000000,-2.496046,122.230324
43.508078,2.000000,-1214.766357,-1.935800,734.441047,37.514233,112.805962,279.668365,279.501434,291.828731,7.711578,0.242565,8.595598,-3.195868,-1.219493,-2.009273,35.600922,-0.059015,-0.001021,-0.000162,0.250000,0.250001,-0.577936,102530.015625,1.380824,0.000000,0.000000,1.000000,1.000000,1.000000,1.000000,0.000000,0.000000,0.000000,-2.315832,121.665802
43.563741,2.000000,-1206.465698,-1.956471,734.269819,37.309460,112.242142,279.310303,279.112091,291.426976,7.675913,0.244018,8.492370,-3.013851,-1.151643,-1.992124,35.299484,-0.061180,-0.001001,-0.000166,0.250000,0.250001,-0.695123,102530.015625,1.359749,0.000000,0.000000,1.000000,1.000000,1.000000,1.000000,0.000000,0.000000,0.000000,-2.135807,121.101982
43.617061,2.000000,-1198.457764,-1.976427,734.114992,37.177319,111.727951,278.973114,278.740112,291.042544,7.635810,0.245406,8.391469,-2.848814,-1.090032,-1.977048,35.012173,-0.062938,-0.000981,-0.000169,0.250000,0.250001,-0.800397,102530.015625,1.339667,0.000000,0.000000,1.000000,1.000000,1.000000,1.000000,0.000000,0.000000,0.000000,-1.974092,120.494469
43.672175,2.000000,-1190.189087,-1.997047,733.963737,37.042248,111.225563,278.631287,278.359741,290.648827,7.588667,0.246836,8.285522,-2.689216,-1.030373,-1.962912,34.718945,-0.064146,-0.000957,-0.000171,0.250000,0.250001,-0.902770,102530.015625,1.317587,0.000000,0.000000,1.000000,1.000000,1.000000,1.000000,0.000000,0.000000,0.000000,-1.817952,119.992081
43.726521,2.000000,-1182.135742,-2.017142,733.822759,36.888561,110.762398,278.300537,277.993011,290.268755,7.536880,0.248260,8.179901,-2.544765,-0.976314,-1.950475,34.436577,-0.064606,-0.000975,-0.000165,0.250000,0.250001,-0.995980,102530.015625,1.296101,0.000000,0.000000,1.000000,1.000000,1.000000,1.000000,0.000000,0.000000,0.000000,-1.675241,119.528923
43.782025,2.000000,-1173.836426,-2.037859,733.686519,36.765453,110.310150,277.969116,277.618988,289.880704,7.479002,0.249745,8.071404,-2.407423,-0.924868,-1.938958,34.148769,-0.064839,-0.000963,-0.000154,0.250000,0.250001,-1.082736,102530.015625,1.272766,0.000000,0.000000,1.000000,1.000000,1.000000,1.000000,0.000000,0.000000,0.000000,-1.541252,119.076675
43.833573,2.000000,-1166.146484,-2.057061,733.566435,36.631908,109.912056,277.667084,277.276428,289.524746,7.421144,0.251123,7.970508,-2.290857,-0.881175,-1.929400,33.884861,-0.064614,-0.000935,-0.000145,0.250000,0.250001,-1.155488,102530.015625,1.252827,0.000000,0.000000,1.000000,1.000000,1.000000,1.000000,0.000000,0.000000,0.000000,-1.427477,118.676201
43.887335,2.000000,-1158.161987,-2.077004,733.447172,36.536694,109.518044,277.358154,276.924500,289.158821,7.357035,0.252558,7.865588,-2.180524,-0.839803,-1.920540,33.613541,-0.063892,-0.000907,-0.000136,0.250000,0.250001,-1.223680,102530.015625,1.230986,0.000000,0.000000,1.000000,1.000000,1.000000,1.000000,0.000000,0.000000,0.000000,-1.319711,118.282188
43.940020,2.000000,-1150.348022,-2.096525,733.335676,36.392834,109.149811,277.061188,276.584015,288.804376,7.290884,0.253959,7.763495,-2.083213,-0.803314,-1.912858,33.350567,-0.062825,-0.000873,-0.000127,0.250000,0.250001,-1.282411,102530.015625,1.209808,0.000000,0.000000,1.000000,1.000000,1.000000,1.000000,0.000000,0.000000,0.000000,-1.224889,117.913956
43.992537,2.000000,-1142.513794,-2.116097,733.229276,36.317577,108.796097,276.770752,276.246399,288.452659,7.222091,0.255351,7.662854,-1.996198,-0.770703,-1.906077,33.089344,-0.061569,-0.000840,-0.000119,0.250000,0.250001,-1.332592,102530.015625,1.188774,0.000000,0.000000,1.000000,1.000000,1.000000,1.000000,0.000000,0.000000,0.000000,-1.140922,117.560242
44.044614,2.000000,-1134.843384,-2.135262,733.127899,36.205761,108.463074,276.488037,275.919159,288.111353,7.151513,0.256733,7.564557,-1.921111,-0.742595,-1.900273,32.835846,-0.059952,-0.000810,-0.000109,0.250000,0.250001,-1.374049,102530.015625,1.168591,0.000000,0.000000,1.000000,1.000000,1.000000,1.000000,0.000000,0.000000,0.000000,-1.067861,117.346550
44.096184,2.000000,-1127.229248,-2.154286,733.031047,36.124950,108.143875,276.213043,275.597809,287.776039,7.079700,0.258104,7.469028,-1.856289,-0.718377,-1.895272,32.586338,-0.058145,-0.000778,-0.000101,0.250000,0.250001,-1.407620,102530.015625,1.148815,0.000000,0.000000,1.000000,1.000000,1.000000,1.000000,0.000000,0.000000,0.000000,-1.005334,117.027344
44.148736,2.000000,-1119.462280,-2.173692,732.935455,35.993786,107.828308,275.937958,275.273560,287.437462,7.004954,0.259469,7.373906,-1.800062,-0.697440,-1.890899,32.333916,-0.056123,-0.000636,-0.000078,0.250000,0.250001,-1.433916,102530.015625,1.128702,0.000000,0.000000,1.000000,1.000000,1.000000,1.000000,0.000000,0.000000,0.000000,-0.951572,116.711777
44.202045,2.000000,-1111.613525,-2.193302,732.841147,35.928295,107.517990,275.663605,274.949127,287.098440,6.927978,0.260737,7.280190,-1.753428,-0.680175,-1.887168,32.080902,-0.053970,-0.000504,-0.000039,0.250000,0.250001,-1.451341,102530.015625,1.108498,0.000000,0.000000,1.000000,1.000000,1.000000,1.000000,0.000000,0.000000,0.000000,-0.907299,116.401466
44.255608,2.000000,-1103.687256,-2.213104,732.748541,35.825756,107.211578,275.392670,274.624420,286.758914,6.849961,0.261981,7.189226,-1.716491,-0.666636,-1.884047,31.827410,-0.051771,-0.000450,-0.000004,0.250000,0.250001,-1.459791,102530.015625,1.089186,0.000000,0.000000,1.000000,1.000000,1.000000,1.000000,0.000000,0.000000,0.000000,-0.872896,116.028122
44.309201,2.000000,-1095.824341,-2.232747,732.657516,35.728649,106.912842,275.126129,274.305176,286.424905,6.771681,0.263230,7.101674,-1.689417,-0.656888,-1.881536,31.577869,-0.049471,-0.000406,0.000026,0.250000,0.250001,-1.460145,102530.015625,1.070894,0.000000,0.000000,1.000000,1.000000,1.000000,1.000000,0.000000,0.000000,0.000000,-0.848037,115.729378
44.362737,2.000000,-1087.934937,-2.252454,732.567720,35.619579,106.616699,274.864014,273.987610,286.092408,6.693679,0.264488,7.017906,-1.671356,-0.650621,-1.879550,31.329334,-0.047123,-0.000366,0.000053,0.250000,0.250001,-1.453236,102530.015625,1.053622,0.000000,0.000000,1.000000,1.000000,1.000000,1.000000,0.000000,0.000000,0.000000,-0.832246,115.433235
44.416438,2.000000,-1080.088135,-2.272052,732.478311,35.555065,106.324196,274.605042,273.674347,285.764301,6.615996,0.265762,6.937774,-1.661981,-0.647714,-1.878054,31.083900,-0.044700,-0.000325,0.000077,0.250000,0.250001,-1.439774,102530.015625,1.037169,0.000000,0.000000,1.000000,1.000000,1.000000,1.000000,0.000000,0.000000,0.000000,-0.825005,115.140732
44.471207,2.000000,-1072.054199,-2.292114,732.387344,35.458447,106.025314,274.344360,273.356232,285.430855,6.537692,0.267079,6.860227,-1.660792,-0.648007,-1.876969,30.834360,-0.042170,-0.000287,0.000098,0.250000,0.250001,-1.420001,102530.015625,1.021369,0.000000,0.000000,1.000000,1.000000,1.000000,1.000000,0.000000,0.000000,0.000000,-0.825985,114.826492
44.524041,2.000000,-1064.259521,-2.311577,732.299384,35.361217,105.734520,274.096191,273.050110,285.109808,6.463332,0.268364,6.789538,-1.667311,-0.651283,-1.876301,30.593868,-0.039661,-0.000248,0.000116,0.250000,0.250001,-1.395696,102530.015625,1.006926,0.000000,0.000000,1.000000,1.000000,1.000000,1.000000,0.000000,0.000000,0.000000,-0.834464,114.535690
44.576246,2.000000,-1056.622192,-2.330644,732.211897,35.288280,105.447563,273.853790,272.752319,284.797392,6.391245,0.269649,6.723763,-1.680643,-0.657211,-1.875974,30.359713,-0.037155,-0.000212,0.000131,0.250000,0.250001,-1.367163,102530.015625,0.993555,0.000000,0.000000,1.000000,1.000000,1.000000,1.000000,0.000000,0.000000,0.000000,-0.849694,114.248741
44.629196,2.000000,-1048.928223,-2.349849,732.122223,35.182995,105.155281,273.610138,272.454559,284.484768,6.319768,0.270968,6.661235,-1.700572,-0.665734,-1.875932,30.125244,-0.034619,-0.000174,0.000145,0.250000,0.250001,-1.334152,102530.015625,0.980969,0.000000,0.000000,1.000000,1.000000,1.000000,1.000000,0.000000,0.000000,0.000000,-0.871616,113.956459
44.683814,2.000000,-1040.947021,-2.369770,732.028382,35.120373,104.847534,273.361145,272.147797,284.162563,6.247982,0.272348,6.601197,-1.727694,-0.677117,-1.876154,29.883471,-0.031938,-0.000136,0.000157,0.250000,0.250001,-1.296370,102530.015625,0.968796,0.000000,0.000000,1.000000,1.000000,1.000000,1.000000,0.000000,0.000000,0.000000,-0.900605,113.701118
44.735872,2.000000,-1033.373413,-2.388669,731.937363,35.007946,104.550171,273.125763,271.858765,283.858749,6.181574,0.273682,6.548241,-1.759179,-0.690193,-1.876581,29.655354,-0.029399,-0.000103,0.000166,0.250000,0.250001,-1.257018,102530.015625,0.957943,0.000000,0.000000,1.000000,1.000000,1.000000,1.000000,0.000000,0.000000,0.000000,-0.933921,113.403763
44.788645,2.000000,-1025.671387,-2.407886,731.843233,34.934460,104.241478,272.888733,271.566650,283.551582,6.116424,0.275052,6.498776,-1.796461,-0.705583,-1.877197,29.424622,-0.026786,-0.000070,0.000174,0.250000,0.250001,-1.214379,102530.015625,0.947730,0.000000,0.000000,1.000000,1.000000,1.000000,1.000000,0.000000,0.000000,0.000000,-0.972855,113.095070
44.841075,2.000000,-1018.059387,-2.426873,731.747602,34.843334,103.929283,272.654419,271.279816,283.249725,6.053996,0.276431,6.453853,-1.838196,-0.722742,-1.877955,29.197779,-0.024231,-0.000038,0.000181,0.250000,0.250001,-1.169565,102530.015625,0.938519,0.000000,0.000000,1.000000,1.000000,1.000000,1.000000,0.000000,0.000000,0.000000,-1.016335,112.751686
44.898206,2.000000,-1010.292358,-2.446243,731.640703,34.717907,103.602585,272.400085,270.988831,282.943419,5.988726,0.277952,6.409628,-1.885383,-0.742095,-1.878852,28.967487,-0.022209,-0.000008,0.000187,0.250000,0.250001,-1.118557,102530.015625,0.930105,0.000000,0.000000,1.000000,1.000000,1.000000,1.000000,0.000000,0.000000,0.000000,-1.068625,112.424988
44.951825,2.000000,-1002.018311,-2.466871,731.537604,34.606762,103.244629,272.162292,270.680756,282.618812,5.930154,0.279397,6.372530,-1.940164,-0.764532,-1.879913,28.723413,-0.018890,0.000026,0.000192,0.250000,0.250001,-1.068860,102530.015625,0.921328,0.000000,0.000000,1.000000,1.000000,1.000000,1.000000,0.000000,0.000000,0.000000,-1.121965,112.067032
45.006354,2.000000,-994.023071,-2.486798,731.429764,34.498791,102.888222,271.920868,270.384827,282.306811,5.873377,0.280884,6.339165,-1.997349,-0.787933,-1.881013,28.488733,-0.016126,0.000059,0.000196,0.250000,0.250001,-1.016666,102530.015625,0.913994,0.000000,0.000000,1.000000,1.000000,1.000000,1.000000,0.000000,0.000000,0.000000,-1.180089,111.710625
45.060280,2.000000,-986.207214,-2.506273,731.319957,34.416576,102.529106,271.682373,270.097076,282.003234,5.820065,0.282371,6.310419,-2.056856,-0.812278,-1.882132,28.260384,-0.013563,0.000088,0.000199,0.250000,0.250001,-0.963733,102530.015625,0.907644,0.000000,0.000000,1.000000,1.000000,1.000000,1.000000,0.000000,0.000000,0.000000,-1.241030,111.334213
45.117280,2.000000,-978.544678,-2.525360,731.200269,34.268810,102.166153,271.430298,269.816467,281.706953,5.766859,0.283960,6.284544,-2.118270,-0.837408,-1.883248,28.037491,-0.012035,0.000110,0.000201,0.250000,0.250001,-0.906702,102530.015625,0.901710,0.000000,0.000000,1.000000,1.000000,1.000000,1.000000,0.000000,0.000000,0.000000,-1.308758,110.971260
45.171744,2.000000,-970.085327,-2.546425,731.082292,34.166454,101.752289,271.189331,269.508057,281.381249,5.719046,0.285495,6.263947,-2.189051,-0.866387,-1.884477,27.792500,-0.008399,0.000131,0.000202,0.250000,0.250001,-0.851979,102530.015625,0.896292,0.000000,0.000000,1.000000,1.000000,1.000000,1.000000,0.000000,0.000000,0.000000,-1.376118,110.557396
45.224729,2.000000,-962.415161,-2.565518,730.963983,34.025768,101.364662,270.954590,269.229889,281.087103,5.675429,0.287015,6.247823,-2.255886,-0.893769,-1.885570,27.571299,-0.005997,0.000153,0.000202,0.250000,0.250001,-0.797800,102530.015625,0.892071,0.000000,0.000000,1.000000,1.000000,1.000000,1.000000,0.000000,0.000000,0.000000,-1.444079,110.169769
45.279444,2.000000,-954.550415,-2.585089,730.838026,33.913403,100.954468,270.711548,268.945770,280.786611,5.633404,0.288599,6.235033,-2.326489,-0.922723,-1.886648,27.345369,-0.003664,0.000175,0.000202,0.250000,0.250001,-0.741814,102530.015625,0.888048,0.000000,0.000000,1.000000,1.000000,1.000000,1.000000,0.000000,0.000000,0.000000,-1.516245,109.830544
45.331752,2.000000,-946.964111,-2.603961,730.713930,33.799755,100.546257,270.478546,268.672852,280.497775,5.596097,0.290127,6.226395,-2.396406,-0.951426,-1.887632,27.128252,-0.001337,0.000200,0.000202,0.250000,0.250001,-0.688113,102530.015625,0.885032,0.000000,0.000000,1.000000,1.000000,1.000000,1.000000,0.000000,0.000000,0.000000,-1.586907,109.422333
45.383647,2.000000,-939.487061,-2.622554,730.587177,33.662914,100.131561,270.246490,268.404877,280.213922,5.561854,0.291652,6.221164,-2.466726,-0.980331,-1.888535,26.915009,0.000820,0.000219,0.000201,0.250000,0.250001,-0.634995,102530.015625,0.882574,0.000000,0.000000,1.000000,1.000000,1.000000,1.000000,0.000000,0.000000,0.000000,-1.658308,109.007637
45.434725,2.000000,-932.175293,-2.640730,730.458824,33.551830,99.713943,270.017242,268.143738,279.937128,5.530836,0.293162,6.219159,-2.536594,-1.009090,-1.889341,26.707167,0.002781,0.000238,0.000200,0.250000,0.250001,-0.582984,102530.015625,0.880508,0.000000,0.000000,1.000000,1.000000,1.000000,1.000000,0.000000,0.000000,0.000000,-1.729603,108.590019
45.485991,2.000000,-924.793396,-2.659073,730.326366,33.413525,99.279999,269.786102,267.880920,279.658406,5.502358,0.294685,6.220140,-2.607965,-1.038509,-1.890067,26.497992,0.004811,0.000258,0.000198,0.250000,0.250001,-0.531373,102530.015625,0.879221,0.000000,0.000000,1.000000,1.000000,1.000000,1.000000,0.000000,0.000000,0.000000,-1.801870,108.092186
45.538490,2.000000,-917.266418,-2.677768,730.186917,33.230053,98.824608,269.548065,267.613708,279.374909,5.475918,0.296254,6.224130,-2.681347,-1.068807,-1.890707,26.285362,0.006777,0.000277,0.000197,0.250000,0.250001,-0.479343,102530.015625,0.878240,0.000000,0.000000,1.000000,1.000000,1.000000,1.000000,0.000000,0.000000,0.000000,-1.876388,107.636795
45.588860,2.000000,-910.113098,-2.695527,730.049477,33.132641,98.379616,269.318329,267.360413,279.106035,5.453094,0.297763,6.230632,-2.751378,-1.097772,-1.891212,26.083876,0.008492,0.000296,0.000195,0.250000,0.250001,-0.430639,102530.015625,0.877812,0.000000,0.000000,1.000000,1.000000,1.000000,1.000000,0.000000,0.000000,0.000000,-1.948074,107.191811
45.643217,2.000000,-902.281494,-2.714962,729.897161,32.965221,97.878777,269.069214,267.083832,278.812275,5.431195,0.299399,6.240544,-2.828391,-1.129680,-1.891644,25.863913,0.010537,0.000313,0.000193,0.250000,0.250001,-0.378605,102530.015625,0.877367,0.000000,0.000000,1.000000,1.000000,1.000000,1.000000,0.000000,0.000000,0.000000,-2.025694,106.690971
45.698427,2.000000,-894.425842,-2.734446,729.738191,32.829906,97.361961,268.814514,266.807098,278.518219,5.411821,0.301067,6.253514,-2.905695,-1.161773,-1.891942,25.643904,0.012324,0.000330,0.000190,0.250000,0.250001,-0.326842,102530.015625,0.877699,0.000000,0.000000,1.000000,1.000000,1.000000,1.000000,0.000000,0.000000,0.000000,-2.104451,106.231461
45.753576,2.000000,-886.521545,-2.754041,729.575122,32.670300,96.827347,268.558472,266.529358,278.222857,5.395284,0.302734,6.269230,-2.983260,-1.194042,-1.892097,25.423141,0.014189,0.000347,0.000187,0.250000,0.250001,-0.276304,102530.015625,0.877995,0.000000,0.000000,1.000000,1.000000,1.000000,1.000000,0.000000,0.000000,0.000000,-2.182821,105.696846
45.805353,2.000000,-879.073059,-2.772496,729.418142,32.470715,96.310127,268.316345,266.268005,277.944936,5.382264,0.304302,6.286320,-3.055887,-1.224324,-1.892105,25.215643,0.015997,0.000366,0.000185,0.250000,0.250001,-0.230429,102530.015625,0.878892,0.000000,0.000000,1.000000,1.000000,1.000000,1.000000,0.000000,0.000000,0.000000,-2.255821,105.179626
45.858500,2.000000,-871.523071,-2.791193,729.253159,32.316967,95.772743,268.066467,266.003662,277.663604,5.371344,0.305913,6.306205,-3.129208,-1.254961,-1.891975,25.005821,0.017496,0.000381,0.000182,0.250000,0.250001,-0.183721,102530.015625,0.880165,0.000000,0.000000,1.000000,1.000000,1.000000,1.000000,0.000000,0.000000,0.000000,-2.330357,104.615784
45.912968,2.000000,-863.728821,-2.810484,729.080042,32.168163,95.204079,267.808624,265.731140,277.373523,5.362685,0.307565,6.328816,-3.204098,-1.286329,-1.891688,24.789717,0.019141,0.000395,0.000179,0.250000,0.250001,-0.137497,102530.015625,0.881987,0.000000,0.000000,1.000000,1.000000,1.000000,1.000000,0.000000,0.000000,0.000000,-2.405836,104.047119
45.966372,2.000000,-856.147583,-2.829237,728.906397,31.989882,94.637573,267.554016,265.466492,277.091598,5.356601,0.309185,6.353072,-3.276079,-1.316554,-1.891259,24.579988,0.020529,0.000410,0.000176,0.250000,0.250001,-0.093433,102530.015625,0.883788,0.000000,0.000000,1.000000,1.000000,1.000000,1.000000,0.000000,0.000000,0.000000,-2.478897,103.480614
46.019104,2.000000,-848.660217,-2.847747,728.731192,31.789015,94.065247,267.301086,265.205414,276.813499,5.352864,0.310784,6.378914,-3.346187,-1.346068,-1.890688,24.373291,0.021849,0.000425,0.000173,0.250000,0.250001,-0.051325,102530.015625,0.886013,0.000000,0.000000,1.000000,1.000000,1.000000,1.000000,0.000000,0.000000,0.000000,-2.549951,102.908287
46.072703,2.000000,-841.105774,-2.866410,728.549354,31.621595,93.475029,267.042053,264.942169,276.533027,5.351296,0.312408,6.406953,-3.415749,-1.375434,-1.889946,24.165157,0.023018,0.000437,0.000170,0.250000,0.250001,-0.010121,102530.015625,0.888607,0.000000,0.000000,1.000000,1.000000,1.000000,1.000000,0.000000,0.000000,0.000000,-2.620889,102.277382
46.128699,2.000000,-833.135437,-2.886088,728.355420,31.448683,92.838608,266.769501,264.664642,276.237310,5.351963,0.314101,6.437989,-3.487668,-1.405885,-1.888963,23.946003,0.024423,0.000452,0.000166,0.250000,0.250001,0.031030,102530.015625,0.891249,0.000000,0.000000,1.000000,1.000000,1.000000,1.000000,0.000000,0.000000,0.000000,-2.693454,101.640961
46.184427,2.000000,-825.299988,-2.905420,728.158482,31.245375,92.199509,266.496490,264.392090,275.946724,5.354873,0.315783,6.470562,-3.556957,-1.435313,-1.887800,23.730972,0.025538,0.000465,0.000163,0.250000,0.250001,0.070556,102530.015625,0.894413,0.000000,0.000000,1.000000,1.000000,1.000000,1.000000,0.000000,0.000000,0.000000,-2.764127,101.001862
46.240664,2.000000,-817.303467,-2.925134,727.955861,31.035536,91.533760,266.219025,264.113953,275.650265,5.359990,0.317476,6.504974,-3.626008,-1.464738,-1.886411,23.511934,0.026848,0.000481,0.000159,0.250000,0.250001,0.108780,102530.015625,0.897594,0.000000,0.000000,1.000000,1.000000,1.000000,1.000000,0.000000,0.000000,0.000000,-2.833714,100.336113
46.295811,2.000000,-809.494568,-2.944372,727.753476,30.831800,90.870750,265.945129,263.842438,275.360747,5.367056,0.319131,6.540134,-3.691794,-1.492868,-1.884859,23.298416,0.027996,0.000495,0.000156,0.250000,0.250001,0.144903,102530.015625,0.900772,0.000000,0.000000,1.000000,1.000000,1.000000,1.000000,0.000000,0.000000,0.000000,-2.900236,99.644447
46.349851,2.000000,-801.882202,-2.963110,727.551702,30.615919,90.212433,265.674896,263.577759,275.078495,5.375872,0.320747,6.575836,-3.754272,-1.519677,-1.883163,23.090622,0.028969,0.000506,0.000152,0.250000,0.250001,0.178974,102530.015625,0.903860,0.000000,0.000000,1.000000,1.000000,1.000000,1.000000,0.000000,0.000000,0.000000,-2.963696,98.986130
46.400849,2.000000,-794.791077,-2.980553,727.358229,30.408705,89.588760,265.418091,263.331207,274.815612,5.385842,0.322267,6.610505,-3.810845,-1.544041,-1.881420,22.897356,0.029671,0.000518,0.000149,0.250000,0.250001,0.209386,102530.015625,0.907589,0.000000,0.000000,1.000000,1.000000,1.000000,1.000000,0.000000,0.000000,0.000000,-3.021796,98.362457
46.451935,2.000000,-787.544250,-2.998364,727.161549,30.234266,88.941284,265.159302,263.079254,274.546916,5.397336,0.323782,6.646102,-3.866960,-1.568299,-1.879482,22.700132,0.030665,0.000529,0.000145,0.250000,0.250001,0.238562,102530.015625,0.910431,0.000000,0.000000,1.000000,1.000000,1.000000,1.000000,0.000000,0.000000,0.000000,-3.078311,97.714981
46.504933,2.000000,-779.898315,-3.017141,726.954563,30.030897,88.247383,264.889496,262.813263,274.263300,5.410810,0.325347,6.683938,-3.924509,-1.593272,-1.877266,22.492350,0.031928,0.000543,0.000141,0.250000,0.250001,0.267949,102530.015625,0.914096,0.000000,0.000000,1.000000,1.000000,1.000000,1.000000,0.000000,0.000000,0.000000,-3.135237,97.111458
46.557741,2.000000,-772.473755,-3.035359,726.745420,29.826490,87.563232,264.619080,262.554871,273.987812,5.425755,0.326900,6.722438,-3.978567,-1.616830,-1.874949,22.290867,0.032685,0.000556,0.000138,0.250000,0.250001,0.295899,102530.015625,0.918138,0.000000,0.000000,1.000000,1.000000,1.000000,1.000000,0.000000,0.000000,0.000000,-3.190070,96.427307
46.611144,2.000000,-764.942017,-3.053825,726.531085,29.600111,86.859131,264.343933,262.292603,273.708170,5.442326,0.328464,6.762055,-4.031412,-1.639966,-1.872437,22.086752,0.033466,0.000567,0.000134,0.250000,0.250001,0.322621,102530.015625,0.921932,0.000000,0.000000,1.000000,1.000000,1.000000,1.000000,0.000000,0.000000,0.000000,-3.243498,95.723206
46.664554,2.000000,-757.478699,-3.072107,726.313978,29.379347,86.151718,264.067261,262.032501,273.430932,5.460283,0.330018,6.802277,-4.081813,-1.662141,-1.869790,21.884756,0.034050,0.000579,0.000130,0.250000,0.250001,0.347940,102530.015625,0.925803,0.000000,0.000000,1.000000,1.000000,1.000000,1.000000,0.000000,0.000000,0.000000,-3.294897,95.015793
46.718333,2.000000,-749.985901,-3.090445,726.092709,29.170485,85.432137,263.787109,261.771210,273.152418,5.479689,0.331575,6.843293,-4.130403,-1.683629,-1.866980,21.682215,0.034557,0.000590,0.000126,0.250000,0.250001,0.371959,102530.015625,0.929817,0.000000,0.000000,1.000000,1.000000,1.000000,1.000000,0.000000,0.000000,0.000000,-3.344553,94.161407
46.772988,2.000000,-742.313538,-3.109205,725.865216,28.936537,84.685913,263.500671,261.503357,272.867022,5.500688,0.333148,6.885400,-4.178033,-1.704813,-1.863948,21.475075,0.035179,0.000602,0.000122,0.250000,0.250001,0.394782,102530.015625,0.934202,0.000000,0.000000,1.000000,1.000000,1.000000,1.000000,0.000000,0.000000,0.000000,-3.392818,93.415184
46.827526,2.000000,-734.665161,-3.127887,725.635698,28.693983,83.932930,263.213470,261.236084,272.582279,5.522845,0.334708,6.927774,-4.223354,-1.725094,-1.860776,21.268827,0.035737,0.000612,0.000118,0.250000,0.250001,0.416164,102530.015625,0.938239,0.000000,0.000000,1.000000,1.000000,1.000000,1.000000,0.000000,0.000000,0.000000,-3.438799,92.662201
46.882048,2.000000,-726.971619,-3.146662,725.403858,28.487562,83.166718,262.924683,260.966858,272.295520,5.546119,0.336256,6.970401,-4.266775,-1.744653,-1.857440,21.061598,0.036361,0.000622,0.000114,0.250000,0.250001,0.436120,102530.015625,0.942447,0.000000,0.000000,1.000000,1.000000,1.000000,1.000000,0.000000,0.000000,0.000000,-3.482569,91.969040
46.939087,2.000000,-719.131531,-3.165773,725.158886,28.220350,82.377220,262.620972,260.692200,272.003095,5.571591,0.337862,7.015188,-4.308750,-1.763699,-1.853895,20.850658,0.036562,0.000632,0.000110,0.250000,0.250001,0.455417,102530.015625,0.947052,0.000000,0.000000,1.000000,1.000000,1.000000,1.000000,0.000000,0.000000,0.000000,-3.525973,91.179543
46.995428,2.000000,-711.215637,-3.185049,724.914613,28.019484,81.571625,262.319733,260.414581,271.707555,5.597784,0.339437,7.059541,-4.348790,-1.782013,-1.850175,20.637909,0.037065,0.000643,0.000106,0.250000,0.250001,0.473085,102530.015625,0.951009,0.000000,0.000000,1.000000,1.000000,1.000000,1.000000,0.000000,0.000000,0.000000,-3.566505,90.373947
47.047231,2.000000,-703.881836,-3.202888,724.688110,27.764051,80.818031,262.041565,260.156952,271.433401,5.622717,0.340873,7.100404,-4.383929,-1.798215,-1.846607,20.441002,0.037578,0.000653,0.000102,0.250000,0.250001,0.488437,102530.015625,0.954875,0.000000,0.000000,1.000000,1.000000,1.000000,1.000000,0.000000,0.000000,0.000000,-3.601815,89.620354
47.099708,2.000000,-696.609558,-3.220558,724.456901,27.527479,80.064194,261.758606,259.901154,271.161235,5.648755,0.342317,7.141774,-4.416780,-1.813499,-1.842958,20.245930,0.037764,0.000662,0.000098,0.250000,0.250001,0.502770,102530.015625,0.958870,0.000000,0.000000,1.000000,1.000000,1.000000,1.000000,0.000000,0.000000,0.000000,-3.635547,88.779922
47.151465,2.000000,-689.372498,-3.238123,724.227235,27.285231,79.307854,261.478424,259.646149,270.890106,5.675137,0.343728,7.182501,-4.447534,-1.827944,-1.839224,20.051975,0.038047,0.000672,0.000094,0.250000,0.250001,0.515728,102530.015625,0.962858,0.000000,0.000000,1.000000,1.000000,1.000000,1.000000,0.000000,0.000000,0.000000,-3.666851,88.023582
47.206122,2.000000,-681.856934,-3.256343,723.983052,27.057753,78.516235,261.181183,259.380920,270.608181,5.703690,0.345207,7.225343,-4.477377,-1.842117,-1.835242,19.850731,0.038104,0.000680,0.000090,0.250000,0.250001,0.528022,102530.015625,0.967141,0.000000,0.000000,1.000000,1.000000,1.000000,1.000000,0.000000,0.000000,0.000000,-3.697744,87.231964
47.263062,2.000000,-674.011780,-3.275339,723.727000,26.787001,77.683586,260.870331,259.103638,270.313502,5.734108,0.346733,7.269729,-4.506281,-1.856021,-1.830978,19.640846,0.038184,0.000692,0.000086,0.250000,0.250001,0.539393,102530.015625,0.971468,0.000000,0.000000,1.000000,1.000000,1.000000,1.000000,0.000000,0.000000,0.000000,-3.727616,86.399315
47.318741,2.000000,-666.217590,-3.294189,723.475096,26.555799,76.850357,260.565216,258.827667,270.020335,5.764441,0.348210,7.312861,-4.532812,-1.868965,-1.826642,19.432503,0.038439,0.000701,0.000082,0.250000,0.250001,0.549404,102530.015625,0.975169,0.000000,0.000000,1.000000,1.000000,1.000000,1.000000,0.000000,0.000000,0.000000,-3.754668,85.589439
47.373086,2.000000,-658.686462,-3.312380,723.227890,26.307020,76.039940,260.266418,258.560486,269.736690,5.794557,0.349638,7.354658,-4.556458,-1.880682,-1.822362,19.231352,0.038528,0.000712,0.000078,0.250000,0.250001,0.558219,102530.015625,0.979111,0.000000,0.000000,1.000000,1.000000,1.000000,1.000000,0.000000,0.000000,0.000000,-3.779041,84.779022
47.427332,2.000000,-651.168335,-3.330517,722.979924,26.051527,75.226059,259.967163,258.293457,269.453222,5.825066,0.351050,7.396027,-4.578084,-1.891589,-1.818008,19.030703,0.038597,0.000724,0.000074,0.250000,0.250001,0.565960,102530.015625,0.982953,0.000000,0.000000,1.000000,1.000000,1.000000,1.000000,0.000000,0.000000,0.000000,-3.801376,83.965141
47.480278,2.000000,-643.787964,-3.348298,722.736839,25.798597,74.422684,259.674347,258.030792,269.174530,5.855219,0.352415,7.436020,-4.597411,-1.901534,-1.813660,18.833872,0.038700,0.000733,0.000070,0.250000,0.250001,0.572591,102530.015625,0.986621,0.000000,0.000000,1.000000,1.000000,1.000000,1.000000,0.000000,0.000000,0.000000,-3.821278,83.161766
47.534031,2.000000,-636.463135,-3.365922,722.489075,25.578444,73.621361,259.376190,257.769623,268.897559,5.886167,0.353788,7.476208,-4.614767,-1.910672,-1.809278,18.638657,0.038534,0.000745,0.000065,0.250000,0.250001,0.578361,102530.015625,0.990129,0.000000,0.000000,1.000000,1.000000,1.000000,1.000000,0.000000,0.000000,0.000000,-3.839622,82.480278
47.589221,2.000000,-628.821533,-3.384282,722.233772,25.300673,72.781464,259.069153,257.496674,268.608248,5.918231,0.355182,7.516970,-4.630952,-1.919431,-1.804642,18.435135,0.038544,0.000756,0.000061,0.250000,0.250001,0.583192,102530.015625,0.993806,0.000000,0.000000,1.000000,1.000000,1.000000,1.000000,0.000000,0.000000,0.000000,-3.856506,81.640381
47.640544,2.000000,-621.623779,-3.401552,721.995620,25.049330,71.987000,258.783142,257.239166,268.335310,5.948267,0.356467,7.554420,-4.644487,-1.926994,-1.800219,18.243559,0.038645,0.000768,0.000057,0.250000,0.250001,0.587035,102530.015625,0.997107,0.000000,0.000000,1.000000,1.000000,1.000000,1.000000,0.000000,0.000000,0.000000,-3.870536,80.845917
47.691118,2.000000,-614.658630,-3.418242,721.760328,24.851271,71.215385,258.500580,256.989685,268.070974,5.978041,0.357721,7.590874,-4.656030,-1.933683,-1.795894,18.058283,0.038572,0.000779,0.000053,0.250000,0.250001,0.589898,102530.015625,1.000144,0.000000,0.000000,1.000000,1.000000,1.000000,1.000000,0.000000,0.000000,0.000000,-3.882817,80.030319
47.747201,2.000000,-606.940979,-3.436708,721.498783,24.580458,70.357437,258.186676,256.713074,267.778134,6.011186,0.359099,7.630734,-4.667135,-1.940409,-1.791053,17.853111,0.038527,0.000793,0.000049,0.250000,0.250001,0.591883,102530.015625,1.003486,0.000000,0.000000,1.000000,1.000000,1.000000,1.000000,0.000000,0.000000,0.000000,-3.894742,79.172371
47.797477,2.000000,-601.738220,-3.449142,721.263831,24.368177,69.777466,257.903381,256.526428,267.580504,6.040979,0.360321,7.665946,-4.673615,-1.944535,-1.787764,17.714867,0.036324,0.000786,0.000045,0.250000,0.250001,0.593133,102530.015625,1.006013,0.000000,0.000000,1.000000,1.000000,1.000000,1.000000,0.000000,0.000000,0.000000,-3.903953,78.592400
47.850525,2.000000,-592.779175,-3.470520,721.015535,24.096388,68.776024,257.605438,256.204376,267.239732,6.072427,0.361598,7.702384,-4.682743,-1.950813,-1.782057,17.476938,0.038235,0.000817,0.000041,0.250000,0.250001,0.592962,102530.015625,1.009546,0.000000,0.000000,1.000000,1.000000,1.000000,1.000000,0.000000,0.000000,0.000000,-3.911894,77.590958
47.902264,2.000000,-585.668518,-3.487461,720.773039,23.823744,67.979080,257.314514,255.948196,266.968841,6.103109,0.362833,7.737423,-4.688498,-1.955189,-1.777496,17.288208,0.038146,0.000827,0.000037,0.250000,0.250001,0.592997,102530.015625,1.012536,0.000000,0.000000,1.000000,1.000000,1.000000,1.000000,0.000000,0.000000,0.000000,-3.918396,76.783226
47.953359,2.000000,-578.706299,-3.504023,720.533316,23.630934,67.197166,257.026825,255.697113,266.703229,6.133399,0.364041,7.771473,-4.692800,-1.958929,-1.773006,17.103508,0.037969,0.000835,0.000033,0.250000,0.250001,0.592610,102530.015625,1.015070,0.000000,0.000000,1.000000,1.000000,1.000000,1.000000,0.000000,0.000000,0.000000,-3.923492,76.001312
48.004461,2.000000,-571.657654,-3.520765,720.293382,23.358534,66.404144,256.738617,255.442413,266.433999,6.163659,0.365237,7.804958,-4.695850,-1.962180,-1.768442,16.916601,0.037880,0.000844,0.000029,0.250000,0.250001,0.591739,102530.015625,1.017753,0.000000,0.000000,1.000000,1.000000,1.000000,1.000000,0.000000,0.000000,0.000000,-3.927283,75.208298
48.057202,2.000000,-564.512573,-3.537711,720.045637,23.111280,65.599052,256.440857,255.183777,266.160735,6.194829,0.366457,7.838904,-4.697615,-1.964931,-1.763798,16.727224,0.037637,0.000853,0.000025,0.250000,0.250001,0.590334,102530.015625,1.020390,0.000000,0.000000,1.000000,1.000000,1.000000,1.000000,0.000000,0.000000,0.000000,-3.929858,74.403198
48.110650,2.000000,-557.200317,-3.555026,719.794522,22.860304,64.774078,256.138885,254.918701,265.880738,6.226327,0.367679,7.872651,-4.698063,-1.967186,-1.759033,16.533503,0.037456,0.000864,0.000021,0.250000,0.250001,0.588397,102530.015625,1.023023,0.000000,0.000000,1.000000,1.000000,1.000000,1.000000,0.000000,0.000000,0.000000,-3.931106,73.595764
48.165175,3.000000,-549.817322,-3.572483,719.535563,22.619398,63.933449,255.830414,254.657562,265.598724,6.267825,0.368916,7.960002,-4.788556,-2.007174,-0.670901,16.337994,0.207960,0.000874,0.000016,0.250000,0.250001,0.943999,102530.015625,0.823828,0.000000,0.000000,1.000000,1.000000,1.000000,1.000000,0.000000,0.000000,0.000000,-4.036373,72.755135
48.221297,3.000000,-542.126953,-3.590643,719.263084,22.338087,63.037182,255.511978,254.385941,265.304934,6.331285,0.370185,8.065324,-4.886970,-2.050657,-0.671644,16.134434,0.189348,0.000874,0.000012,0.250000,0.250001,1.283221,102530.015625,0.876272,0.000000,0.000000,1.000000,1.000000,1.000000,1.000000,0.000000,0.000000,0.000000,-4.131759,71.858871
48.272945,3.000000,-535.053894,-3.607322,719.008345,22.085707,62.198326,255.217758,254.133759,265.033687,6.404587,0.371342,8.167144,-4.952908,-2.080426,-0.672331,15.947289,0.172950,0.000873,0.000009,0.250000,0.250001,1.530011,102530.015625,0.919318,0.000000,0.000000,1.000000,1.000000,1.000000,1.000000,0.000000,0.000000,0.000000,-4.195495,71.020012
48.324404,3.000000,-528.048645,-3.623816,718.751905,21.825758,61.357605,254.922760,253.881287,264.763715,6.488723,0.372480,8.270780,-4.996702,-2.100944,-0.673016,15.762009,0.157452,0.000867,0.000007,0.250000,0.250001,1.719361,102530.015625,0.960141,0.000000,0.000000,1.000000,1.000000,1.000000,1.000000,0.000000,0.000000,0.000000,-4.237635,70.235138
48.375030,3.000000,-521.131653,-3.640079,718.498072,21.563978,60.521198,254.630264,253.629028,264.495345,6.579648,0.373579,8.372892,-5.020485,-2.113075,-0.673699,15.579127,0.143219,0.000863,0.000005,0.250000,0.250001,1.856614,102530.015625,0.997206,0.000000,0.000000,1.000000,1.000000,1.000000,1.000000,0.000000,0.000000,0.000000,-4.259957,69.398727
48.425911,3.000000,-514.270508,-3.656184,718.242345,21.315931,59.688419,254.333618,253.375671,264.227123,6.676846,0.374657,8.474062,-5.026641,-2.117809,-0.674383,15.397785,0.129831,0.000861,0.000004,0.250000,0.250001,1.951479,102530.015625,1.030612,0.000000,0.000000,1.000000,1.000000,1.000000,1.000000,0.000000,0.000000,0.000000,-4.265038,68.565948
48.477368,3.000000,-507.374115,-3.672344,717.983949,21.073011,58.850964,254.030609,253.117828,263.955342,6.778991,0.375719,8.573565,-5.017074,-2.115956,-0.675077,15.215570,0.117389,0.000857,0.000002,0.250000,0.250001,2.009312,102530.015625,1.060678,0.000000,0.000000,1.000000,1.000000,1.000000,1.000000,0.000000,0.000000,0.000000,-4.254323,67.728493
48.531210,3.000000,-500.026062,-3.689531,717.714653,20.798658,57.961002,253.709869,252.839554,263.663303,6.888054,0.376795,8.673504,-4.991454,-2.107490,-0.675825,15.021486,0.105494,0.000854,0.000001,0.250000,0.250001,2.034955,102530.015625,1.088848,0.000000,0.000000,1.000000,1.000000,1.000000,1.000000,0.000000,0.000000,0.000000,-4.228019,66.799591
48.585509,3.000000,-492.746918,-3.706522,717.444962,20.534376,57.084305,253.382584,252.560532,263.371353,6.998544,0.377844,8.769022,-4.952267,-2.093276,-0.676574,14.829284,0.094652,0.000852,0.000001,0.250000,0.250001,2.030611,102530.015625,1.113162,0.000000,0.000000,1.000000,1.000000,1.000000,1.000000,0.000000,0.000000,0.000000,-4.187843,65.922890
48.639977,3.000000,-485.385376,-3.723671,717.177030,20.251661,56.204956,253.050385,252.274979,263.073500,7.108400,0.378858,8.858838,-4.900579,-2.073790,-0.677340,14.634967,0.084799,0.000853,-0.000000,0.250000,0.250001,2.001338,102530.015625,1.134282,0.000000,0.000000,1.000000,1.000000,1.000000,1.000000,0.000000,0.000000,0.000000,-4.135708,65.043541
48.696582,3.000000,-477.738037,-3.741446,716.901980,19.963209,55.301361,252.700912,251.974945,262.761350,7.220228,0.379867,8.945349,-4.835983,-2.048907,-0.678145,14.433168,0.075554,0.000881,0.000001,0.250000,0.250001,1.950256,102530.015625,1.152118,0.000000,0.000000,1.000000,1.000000,1.000000,1.000000,0.000000,0.000000,0.000000,-4.070999,64.139946
48.750562,3.000000,-470.468964,-3.758303,716.643380,19.708509,54.453415,252.363953,251.686264,262.461421,7.323798,0.380743,9.021519,-4.766636,-2.021857,-0.678920,14.241408,0.067444,0.000936,0.000009,0.250000,0.250001,1.889554,102530.015625,1.165064,0.000000,0.000000,1.000000,1.000000,1.000000,1.000000,0.000000,0.000000,0.000000,-4.001702,63.265289
48.804374,3.000000,-463.201782,-3.775119,716.389539,19.467360,53.617611,252.024551,251.394012,262.158289,7.423549,0.381557,9.091381,-4.691109,-1.992145,-0.679705,14.049750,0.059909,0.000964,0.000018,0.250000,0.250001,1.821043,102530.015625,1.176101,0.000000,0.000000,1.000000,1.000000,1.000000,1.000000,0.000000,0.000000,0.000000,-3.926659,62.429482
48.857642,3.000000,-456.012024,-3.791716,716.142439,19.230177,52.803432,251.685318,251.101746,261.855394,7.518477,0.382313,9.154544,-4.611153,-1.960481,-0.680491,13.860186,0.053029,0.000987,0.000026,0.250000,0.250001,1.746935,102530.015625,1.185454,0.000000,0.000000,1.000000,1.000000,1.000000,1.000000,0.000000,0.000000,0.000000,-3.847372,61.615307
48.910028,3.000000,-448.945282,-3.807993,715.903719,18.987928,52.016354,251.348801,250.811737,261.555138,7.607849,0.383018,9.210881,-4.528254,-1.927471,-0.681272,13.673910,0.046814,0.001010,0.000034,0.250000,0.250001,1.669316,102530.015625,1.193098,0.000000,0.000000,1.000000,1.000000,1.000000,1.000000,0.000000,0.000000,0.000000,-3.765316,60.864201
48.964106,3.000000,-441.752289,-3.824523,715.661960,18.740614,51.229332,250.998703,250.514572,261.247586,7.695713,0.383708,9.263110,-4.440280,-1.892275,-0.682074,13.484353,0.041270,0.001033,0.000042,0.250000,0.250001,1.585063,102530.015625,1.199312,0.000000,0.000000,1.000000,1.000000,1.000000,1.000000,0.000000,0.000000,0.000000,-3.677181,60.077179
49.019421,3.000000,-434.291077,-3.841627,715.419750,18.486280,50.428654,250.638077,250.204163,260.926509,7.780797,0.384375,9.310465,-4.346003,-1.854404,-0.682913,13.287774,0.035903,0.001060,0.000050,0.250000,0.250001,1.496542,102530.015625,1.204554,0.000000,0.000000,1.000000,1.000000,1.000000,1.000000,0.000000,0.000000,0.000000,-3.584214,59.276501
49.074933,3.000000,-426.861420,-3.858618,715.181975,18.243910,49.647724,250.274078,249.893127,260.604898,7.861216,0.385010,9.351997,-4.249701,-1.815577,-0.683756,13.092072,0.031212,0.001091,0.000059,0.250000,0.250001,1.406313,102530.015625,1.208094,0.000000,0.000000,1.000000,1.000000,1.000000,1.000000,0.000000,0.000000,0.000000,-3.488732,58.495571
49.131349,3.000000,-419.319733,-3.875820,714.945871,18.012098,48.872135,249.902298,249.575806,260.276761,7.937799,0.385624,9.388330,-4.150264,-1.775356,-0.684618,12.893466,0.027022,0.001121,0.000067,0.250000,0.250001,1.314255,102530.015625,1.210772,0.000000,0.000000,1.000000,1.000000,1.000000,1.000000,0.000000,0.000000,0.000000,-3.390195,57.665730
49.184726,3.000000,-412.165436,-3.892098,714.727679,17.802626,48.152557,249.549530,249.273499,259.964167,8.005485,0.386179,9.417473,-4.054873,-1.736660,-0.685441,12.705101,0.023510,0.001153,0.000075,0.250000,0.250001,1.227400,102530.015625,1.212028,0.000000,0.000000,1.000000,1.000000,1.000000,1.000000,0.000000,0.000000,0.000000,-3.296111,56.946152
49.239037,3.000000,-404.888580,-3.908614,714.510893,17.584181,47.437000,249.189819,248.965134,259.645285,8.069627,0.386718,9.442213,-3.957439,-1.697035,-0.686283,12.513547,0.020407,0.001185,0.000083,0.250000,0.250001,1.140266,102530.015625,1.212277,0.000000,0.000000,1.000000,1.000000,1.000000,1.000000,0.000000,0.000000,0.000000,-3.200159,56.230595
49.294008,3.000000,-397.610016,-3.925093,714.296837,17.379835,46.737816,248.825348,248.655930,259.325483,8.129777,0.387243,9.462490,-3.860046,-1.657335,-0.687129,12.321987,0.017962,0.001219,0.000090,0.250000,0.250001,1.053920,102530.015625,1.211455,0.000000,0.000000,1.000000,1.000000,1.000000,1.000000,0.000000,0.000000,0.000000,-3.103295,55.531410
49.349557,3.000000,-390.209534,-3.941806,714.085980,17.166090,46.043865,248.457108,248.341171,258.999749,8.185808,0.387751,9.478454,-3.761614,-1.617126,-0.687993,12.127254,0.015806,0.001253,0.000098,0.250000,0.250001,0.969173,102530.015625,1.210012,0.000000,0.000000,1.000000,1.000000,1.000000,1.000000,0.000000,0.000000,0.000000,-3.006168,54.868530
49.405212,3.000000,-382.789551,-3.958520,713.880160,16.954908,45.365124,248.088577,248.025253,258.672769,8.237311,0.388244,9.490211,-3.663920,-1.577138,-0.688862,11.932045,0.014040,0.001291,0.000106,0.250000,0.250001,0.887236,102530.015625,1.207820,0.000000,0.000000,1.000000,1.000000,1.000000,1.000000,0.000000,0.000000,0.000000,-2.910019,54.189789
49.461729,3.000000,-375.414612,-3.975089,713.676649,16.740431,44.707230,247.715347,247.711212,258.347599,8.285049,0.388732,9.498157,-3.568178,-1.537878,-0.689729,11.738056,0.013071,0.001325,0.000113,0.250000,0.250001,0.807467,102530.015625,1.204732,0.000000,0.000000,1.000000,1.000000,1.000000,1.000000,0.000000,0.000000,0.000000,-2.813952,53.531895
49.516796,3.000000,-368.026703,-3.991644,713.483582,16.566175,44.064651,247.352829,247.396744,258.021865,8.327332,0.389195,9.502395,-3.474022,-1.499205,-0.690600,11.543758,0.011927,0.001365,0.000120,0.250000,0.250001,0.733463,102530.015625,1.200850,0.000000,0.000000,1.000000,1.000000,1.000000,1.000000,0.000000,0.000000,0.000000,-2.722267,52.863575
49.570670,3.000000,-360.812592,-4.007769,713.299580,16.388807,43.452785,246.999725,247.089996,257.703902,8.364866,0.389636,9.503512,-3.384089,-1.462213,-0.691452,11.354062,0.011176,0.001401,0.000127,0.250000,0.250001,0.664800,102530.015625,1.196873,0.000000,0.000000,1.000000,1.000000,1.000000,1.000000,0.000000,0.000000,0.000000,-2.634651,52.251709
49.623559,3.000000,-353.808014,-4.023387,713.123524,16.206373,42.873119,246.654861,246.792450,257.395431,8.398224,0.390065,9.501996,-3.298882,-1.427119,-0.692281,11.169904,0.010920,0.001438,0.000134,0.250000,0.250001,0.601193,102530.015625,1.192367,0.000000,0.000000,1.000000,1.000000,1.000000,1.000000,0.000000,0.000000,0.000000,-2.550876,51.672043
49.677113,3.000000,-346.821320,-4.038929,712.949757,16.022352,42.308754,246.307632,246.496246,257.088146,8.428688,0.390494,9.498123,-3.216187,-1.393022,-0.693108,10.986242,0.011161,0.001475,0.000140,0.250000,0.250001,0.540867,102530.015625,1.187549,0.000000,0.000000,1.000000,1.000000,1.000000,1.000000,0.000000,0.000000,0.000000,-2.468502,51.107677
49.731388,3.000000,-339.641327,-4.054862,712.778134,15.838331,41.742771,245.957947,246.192444,256.772882,8.456392,0.390922,9.492104,-3.133777,-1.359007,-0.693959,10.797526,0.011365,0.001516,0.000147,0.250000,0.250001,0.484091,102530.015625,1.182373,0.000000,0.000000,1.000000,1.000000,1.000000,1.000000,0.000000,0.000000,0.000000,-2.387711,50.586521
49.785594,3.000000,-332.479889,-4.070715,712.611082,15.684889,41.191936,245.611282,245.890121,256.458983,8.481108,0.391351,9.484285,-3.054311,-1.326178,-0.694808,10.609324,0.011790,0.001555,0.000153,0.250000,0.250001,0.431718,102530.015625,1.176793,0.000000,0.000000,1.000000,1.000000,1.000000,1.000000,0.000000,0.000000,0.000000,-2.309864,50.035683
49.840193,3.000000,-325.304718,-4.086559,712.447056,15.535963,40.653278,245.264801,245.588074,256.145172,8.503261,0.391783,9.474892,-2.977596,-1.294464,-0.695659,10.420785,0.012486,0.001597,0.000159,0.250000,0.250001,0.383372,102530.015625,1.171017,0.000000,0.000000,1.000000,1.000000,1.000000,1.000000,0.000000,0.000000,0.000000,-2.234464,49.497028
49.894323,3.000000,-318.215698,-4.102174,712.288471,15.380873,40.133617,244.924164,245.290405,255.835841,8.522744,0.392215,9.464348,-2.904737,-1.264326,-0.696500,10.234534,0.013375,0.001616,0.000164,0.250000,0.250001,0.339803,102530.015625,1.165137,0.000000,0.000000,1.000000,1.000000,1.000000,1.000000,0.000000,0.000000,0.000000,-2.162764,48.977367
49.948514,3.000000,-311.050446,-4.117920,712.133558,15.210585,39.620522,244.586090,244.990356,255.523810,8.540030,0.392750,9.452920,-2.834277,-1.235173,-0.697351,10.046303,0.014181,0.001484,0.000147,0.250000,0.250001,0.301374,102530.015625,1.158821,0.000000,0.000000,1.000000,1.000000,1.000000,1.000000,0.000000,0.000000,0.000000,-2.094253,48.515160
50.003994,3.000000,-303.808105,-4.133796,711.978765,15.047987,39.113747,244.243011,244.687592,255.208813,8.555747,0.393409,9.440715,-2.766506,-1.207135,-0.698211,9.856070,0.015167,0.001461,0.000129,0.250000,0.250001,0.268113,102530.015625,1.152189,0.000000,0.000000,1.000000,1.000000,1.000000,1.000000,0.000000,0.000000,0.000000,-2.027670,48.008389
50.058934,3.000000,-296.655975,-4.149436,711.829074,14.887220,38.624390,243.906616,244.389114,254.898147,8.569657,0.394097,9.428383,-2.702879,-1.180817,-0.699062,9.668227,0.016147,0.001473,0.000112,0.250000,0.250001,0.240637,102530.015625,1.146098,0.000000,0.000000,1.000000,1.000000,1.000000,1.000000,0.000000,0.000000,0.000000,-1.965120,47.519028
50.112878,3.000000,-289.539612,-4.164960,711.685403,14.772108,38.147888,243.579529,244.092682,254.589438,8.581984,0.394782,9.416278,-2.642732,-1.155947,-0.699910,9.481344,0.016922,0.001494,0.000096,0.250000,0.250001,0.218397,102530.015625,1.140159,0.000000,0.000000,1.000000,1.000000,1.000000,1.000000,0.000000,0.000000,0.000000,-1.906906,47.042530
50.167109,3.000000,-282.438904,-4.180412,711.544100,14.625257,37.682270,243.253738,243.797302,254.281738,8.593287,0.395481,9.404302,-2.585759,-1.132401,-0.700757,9.294892,0.017774,0.001516,0.000081,0.250000,0.250001,0.200295,102530.015625,1.134505,0.000000,0.000000,1.000000,1.000000,1.000000,1.000000,0.000000,0.000000,0.000000,-1.851449,46.473495
50.219256,3.000000,-276.226288,-4.193901,711.411053,14.475904,37.282547,242.943161,243.539276,254.012864,8.603332,0.396162,9.393078,-2.538225,-1.112766,-0.701498,9.131775,0.019451,0.001531,0.000068,0.250000,0.250001,0.186454,102530.015625,1.129647,0.000000,0.000000,1.000000,1.000000,1.000000,1.000000,0.000000,0.000000,0.000000,-1.800796,46.073772
50.273419,3.000000,-268.554779,-4.210517,711.275621,14.351393,36.798374,242.623810,243.221115,253.681227,8.613105,0.396874,9.381877,-2.482381,-1.089712,-0.702415,8.930373,0.019275,0.001560,0.000056,0.250000,0.250001,0.175393,102530.015625,1.124485,0.000000,0.000000,1.000000,1.000000,1.000000,1.000000,0.000000,0.000000,0.000000,-1.750857,45.589600
50.328922,3.000000,-261.400421,-4.225974,711.139629,14.225233,36.355698,242.299652,242.924866,253.372341,8.622570,0.397607,9.370959,-2.432981,-1.069334,-0.703272,8.742566,0.020171,0.001583,0.000043,0.250000,0.250001,0.166862,102530.015625,1.119481,0.000000,0.000000,1.000000,1.000000,1.000000,1.000000,0.000000,0.000000,0.000000,-1.702337,45.189465
50.384217,3.000000,-254.190445,-4.241510,711.006805,14.080214,35.917805,241.979736,242.626831,253.061437,8.631613,0.398352,9.360765,-2.385716,-1.049852,-0.704136,8.553317,0.020899,0.001603,0.000032,0.250000,0.250001,0.161065,102530.015625,1.115032,0.000000,0.000000,1.000000,1.000000,1.000000,1.000000,0.000000,0.000000,0.000000,-1.656540,44.751575
50.439324,3.000000,-247.003067,-4.256958,710.876940,13.956068,35.489090,241.663712,242.330185,252.751957,8.640373,0.399100,9.351336,-2.340919,-1.031404,-0.704998,8.364677,0.021562,0.001622,0.000021,0.250000,0.250001,0.157555,102530.015625,1.110705,0.000000,0.000000,1.000000,1.000000,1.000000,1.000000,0.000000,0.000000,0.000000,-1.613247,44.322857
50.492831,3.000000,-240.075577,-4.271811,710.753119,13.840528,35.082874,241.359558,242.044632,252.453956,8.648750,0.399831,9.342948,-2.299835,-1.014503,-0.705830,8.182874,0.022225,0.001640,0.000012,0.250000,0.250001,0.155939,102530.015625,1.106761,0.000000,0.000000,1.000000,1.000000,1.000000,1.000000,0.000000,0.000000,0.000000,-1.573340,43.916645
50.546061,3.000000,-233.164154,-4.286592,710.632054,13.708570,34.684124,241.059387,241.760132,252.156993,8.657044,0.400561,9.335395,-2.260797,-0.998460,-0.706661,8.001507,0.022813,0.001659,0.000003,0.250000,0.250001,0.155900,102530.015625,1.103100,0.000000,0.000000,1.000000,1.000000,1.000000,1.000000,0.000000,0.000000,0.000000,-1.535614,43.494335
50.598877,3.000000,-226.324875,-4.301184,710.513916,13.570509,34.295639,240.763794,241.478882,251.863441,8.665309,0.401287,9.328679,-2.223917,-0.983320,-0.707484,7.822046,0.023354,0.001678,-0.000006,0.250000,0.250001,0.157149,102530.015625,1.099808,0.000000,0.000000,1.000000,1.000000,1.000000,1.000000,0.000000,0.000000,0.000000,-1.499949,43.105850
50.651683,3.000000,-219.510864,-4.315686,710.397689,13.455885,33.914356,240.470398,241.199081,251.571283,8.673667,0.402016,9.322758,-2.188799,-0.968919,-0.708306,7.643261,0.023860,0.001697,-0.000013,0.250000,0.250001,0.159446,102530.015625,1.096593,0.000000,0.000000,1.000000,1.000000,1.000000,1.000000,0.000000,0.000000,0.000000,-1.465955,42.724571
50.704427,3.000000,-212.682953,-4.330182,710.283397,13.357130,33.537807,240.179398,240.918716,251.278502,8.682172,0.402745,9.317671,-2.155172,-0.955148,-0.709131,7.464124,0.024244,0.001719,-0.000021,0.250000,0.250001,0.163065,102530.015625,1.093590,0.000000,0.000000,1.000000,1.000000,1.000000,1.000000,0.000000,0.000000,0.000000,-1.433589,42.348022
50.756785,3.000000,-205.888641,-4.344569,710.171639,13.251478,33.168343,239.892334,240.639938,250.987293,8.690820,0.403467,9.313435,-2.123158,-0.942053,-0.709954,7.285880,0.024572,0.001739,-0.000029,0.250000,0.250001,0.167275,102530.015625,1.090849,0.000000,0.000000,1.000000,1.000000,1.000000,1.000000,0.000000,0.000000,0.000000,-1.402910,41.975456
50.811164,3.000000,-198.900864,-4.359328,710.057282,13.142714,32.793568,239.595978,240.353378,250.688016,8.700053,0.404219,9.309902,-2.091652,-0.929185,-0.710801,7.102573,0.024930,0.001758,-0.000036,0.250000,0.250001,0.172098,102530.015625,1.088092,0.000000,0.000000,1.000000,1.000000,1.000000,1.000000,0.000000,0.000000,0.000000,-1.372499,41.600677
50.865230,3.000000,-191.993668,-4.373880,709.945239,12.970045,32.428070,239.302963,240.070465,250.392507,8.709502,0.404970,9.307187,-2.061760,-0.916988,-0.711640,6.921391,0.025262,0.001776,-0.000043,0.250000,0.250001,0.177183,102530.015625,1.085921,0.000000,0.000000,1.000000,1.000000,1.000000,1.000000,0.000000,0.000000,0.000000,-1.343527,41.235184
50.919718,3.000000,-185.013199,-4.388547,709.833928,12.798292,32.063519,239.009216,239.784805,250.094090,8.719307,0.405726,9.305190,-2.032614,-0.905106,-0.712489,6.738299,0.025501,0.001793,-0.000050,0.250000,0.250001,0.182469,102530.015625,1.083931,0.000000,0.000000,1.000000,1.000000,1.000000,1.000000,0.000000,0.000000,0.000000,-1.315422,40.870628
50.973955,3.000000,-178.012451,-4.403218,709.724677,12.634047,31.702604,238.718201,239.498550,249.794992,8.729356,0.406477,9.303899,-2.004344,-0.893588,-0.713342,6.554686,0.025629,0.001810,-0.000056,0.250000,0.250001,0.187717,102530.015625,1.082036,0.000000,0.000000,1.000000,1.000000,1.000000,1.000000,0.000000,0.000000,0.000000,-1.288426,40.259212
51.028184,3.000000,-171.069382,-4.417730,709.616932,12.458570,31.349159,238.428528,239.214935,249.498652,8.739678,0.407223,9.303256,-1.977199,-0.882535,-0.714189,6.372596,0.025736,0.001829,-0.000062,0.250000,0.250001,0.192799,102530.015625,1.080468,0.000000,0.000000,1.000000,1.000000,1.000000,1.000000,0.000000,0.000000,0.000000,-1.262336,39.905769
51.081656,3.000000,-164.249725,-4.431946,709.512107,12.293165,31.006222,238.144135,238.936600,249.207799,8.750119,0.407955,9.303207,-1.951284,-0.871986,-0.715023,6.193752,0.025795,0.001846,-0.000067,0.250000,0.250001,0.197537,102530.015625,1.079017,0.000000,0.000000,1.000000,1.000000,1.000000,1.000000,0.000000,0.000000,0.000000,-1.237385,39.562832
51.134609,3.000000,-157.449905,-4.446084,709.409644,12.122389,30.668335,237.863541,238.659195,248.917984,8.760700,0.408677,9.303688,-1.926133,-0.861750,-0.715855,6.015438,0.025773,0.001864,-0.000072,0.250000,0.250001,0.201898,102530.015625,1.077671,0.000000,0.000000,1.000000,1.000000,1.000000,1.000000,0.000000,0.000000,0.000000,-1.213386,39.224941
51.189879,3.000000,-150.408539,-4.460683,709.304090,11.963331,30.322603,237.571579,238.372238,248.618084,8.771980,0.409426,9.304718,-1.900766,-0.851428,-0.716719,5.830799,0.025730,0.001883,-0.000077,0.250000,0.250001,0.206061,102530.015625,1.076269,0.000000,0.000000,1.000000,1.000000,1.000000,1.000000,0.000000,0.000000,0.000000,-1.189043,38.111542
51.240166,3.000000,-144.012863,-4.473907,709.209290,11.825819,30.012259,237.305008,238.111710,248.345799,8.782443,0.410103,9.306115,-1.878390,-0.842329,-0.717504,5.663099,0.025053,0.001901,-0.000081,0.250000,0.250001,0.209566,102530.015625,1.075913,0.000000,0.000000,1.000000,1.000000,1.000000,1.000000,0.000000,0.000000,0.000000,-1.167525,37.801201
51.293184,3.000000,-137.185745,-4.487988,709.110516,11.677504,29.684530,237.026794,237.833740,248.055332,8.793604,0.410809,9.307782,-1.854607,-0.832639,-0.718345,5.484095,0.024991,0.001918,-0.000085,0.250000,0.250001,0.211417,102530.015625,1.074543,0.000000,0.000000,1.000000,1.000000,1.000000,1.000000,0.000000,0.000000,0.000000,-1.145032,37.473469
51.346610,3.000000,-130.418640,-4.501906,709.012220,11.522963,29.363373,236.747101,237.558334,247.767548,8.804945,0.411521,9.309843,-1.831697,-0.823310,-0.719179,5.306672,0.024967,0.001934,-0.000089,0.250000,0.250001,0.213084,102530.015625,1.073248,0.000000,0.000000,1.000000,1.000000,1.000000,1.000000,0.000000,0.000000,0.000000,-1.123052,36.480484
51.400094,3.000000,-123.601822,-4.515888,708.915028,11.346449,29.043470,236.467743,237.281128,247.477852,8.816380,0.412226,9.312220,-1.809191,-0.814147,-0.720021,5.127954,0.024882,0.001954,-0.000093,0.250000,0.250001,0.214547,102530.015625,1.072226,0.000000,0.000000,1.000000,1.000000,1.000000,1.000000,0.000000,0.000000,0.000000,-1.101626,36.160580
51.453806,3.000000,-116.794365,-4.529811,708.818612,11.204054,28.727543,236.187668,237.004486,247.188734,8.827932,0.412929,9.314905,-1.787230,-0.805206,-0.720863,4.949488,0.024780,0.001973,-0.000096,0.250000,0.250001,0.215736,102530.015625,1.071035,0.000000,0.000000,1.000000,1.000000,1.000000,1.000000,0.000000,0.000000,0.000000,-1.080659,35.844654
51.509091,3.000000,-109.832077,-4.544009,708.720586,11.046583,28.407995,235.899887,236.721725,246.893225,8.839883,0.413646,9.317979,-1.765349,-0.796302,-0.721725,4.766971,0.024677,0.001993,-0.000100,0.250000,0.250001,0.216664,102530.015625,1.069926,0.000000,0.000000,1.000000,1.000000,1.000000,1.000000,0.000000,0.000000,0.000000,-1.059683,35.525105
51.565424,3.000000,-102.784531,-4.558339,708.621934,10.882582,28.088110,235.607117,236.436020,246.594616,8.852090,0.414374,9.321384,-1.743760,-0.787517,-0.722599,4.582227,0.024638,0.002006,-0.000102,0.250000,0.250001,0.216749,102530.015625,1.068763,0.000000,0.000000,1.000000,1.000000,1.000000,1.000000,0.000000,0.000000,0.000000,-1.038903,34.485130
51.620584,3.000000,-95.724121,-4.572651,708.526507,10.744093,27.771154,235.320999,236.150024,246.295710,8.864038,0.415077,9.324964,-1.722707,-0.778954,-0.723476,4.397152,0.024509,0.002026,-0.000105,0.250000,0.250001,0.216655,102530.015625,1.067575,0.000000,0.000000,1.000000,1.000000,1.000000,1.000000,0.000000,0.000000,0.000000,-1.019156,34.168175
51.675416,3.000000,-88.760826,-4.586724,708.432764,10.562086,27.461905,235.036972,235.868118,246.001075,8.875911,0.415771,9.328734,-1.702478,-0.770731,-0.724343,4.214630,0.024385,0.002049,-0.000107,0.250000,0.250001,0.216406,102530.015625,1.066721,0.000000,0.000000,1.000000,1.000000,1.000000,1.000000,0.000000,0.000000,0.000000,-1.000056,33.858925
51.729762,3.000000,-81.896957,-4.600554,708.340916,10.425184,27.160221,234.755875,235.590454,245.710860,8.887654,0.416450,9.332625,-1.682943,-0.762788,-0.725198,4.034720,0.024238,0.002069,-0.000109,0.250000,0.250001,0.215954,102530.015625,1.065744,0.000000,0.000000,1.000000,1.000000,1.000000,1.000000,0.000000,0.000000,0.000000,-0.981557,33.557243
51.782773,3.000000,-75.142258,-4.614122,708.252337,10.310682,26.866373,234.482025,235.317398,245.425435,8.899078,0.417109,9.336611,-1.664225,-0.755182,-0.726041,3.857678,0.024076,0.002087,-0.000111,0.250000,0.250001,0.215290,102530.015625,1.064634,0.000000,0.000000,1.000000,1.000000,1.000000,1.000000,0.000000,0.000000,0.000000,-0.964041,32.530212
51.837583,3.000000,-68.321770,-4.627783,708.161763,10.229750,26.572601,234.199173,235.041763,245.137340,8.910853,0.417781,9.340991,-1.645969,-0.747776,-0.726894,3.678917,0.024006,0.002107,-0.000113,0.250000,0.250001,0.214442,102530.015625,1.063173,0.000000,0.000000,1.000000,1.000000,1.000000,1.000000,0.000000,0.000000,0.000000,-0.946627,32.236443
51.891897,3.000000,-61.496708,-4.641410,708.072979,10.150099,26.281467,233.919235,234.766113,244.849231,8.922472,0.418441,9.345615,-1.628443,-0.740686,-0.727750,3.500042,0.023963,0.002125,-0.000115,0.250000,0.250001,0.213540,102530.015625,1.061701,0.000000,0.000000,1.000000,1.000000,1.000000,1.000000,0.000000,0.000000,0.000000,-0.930141,31.945309
51.946076,3.000000,-54.671631,-4.654995,707.985339,10.065504,25.993042,233.640320,234.490662,244.561285,8.934015,0.419099,9.350501,-1.611643,-0.733908,-0.728606,3.321173,0.023951,0.002143,-0.000118,0.250000,0.250001,0.212690,102530.015625,1.060278,0.000000,0.000000,1.000000,1.000000,1.000000,1.000000,0.000000,0.000000,0.000000,-0.914434,31.656885
52.000183,3.000000,-47.849438,-4.668533,707.898695,9.970045,25.707327,233.362000,234.215424,244.273591,8.945500,0.419746,9.355655,-1.595577,-0.727448,-0.729464,3.142384,0.023968,0.002161,-0.000119,0.250000,0.250001,0.211958,102530.015625,1.058929,0.000000,0.000000,1.000000,1.000000,1.000000,1.000000,0.000000,0.000000,0.000000,-0.899480,31.239876
52.054971,3.000000,-41.000443,-4.682081,707.811816,9.903456,25.422970,233.080383,233.939255,243.984903,8.957094,0.420397,9.361161,-1.580162,-0.721274,-0.730327,2.962897,0.024023,0.002178,-0.000121,0.250000,0.250001,0.211379,102530.015625,1.057380,0.000000,0.000000,1.000000,1.000000,1.000000,1.000000,0.000000,0.000000,0.000000,-0.885086,30.955519
52.109308,3.000000,-34.213223,-4.695466,707.726461,9.805983,25.143499,232.801315,233.665726,243.698944,8.968563,0.421036,9.366937,-1.565665,-0.715495,-0.731184,2.785035,0.024116,0.002194,-0.000123,0.250000,0.250001,0.211012,102530.015625,1.056022,0.000000,0.000000,1.000000,1.000000,1.000000,1.000000,0.000000,0.000000,0.000000,-0.871596,30.676046
52.163452,3.000000,-27.392460,-4.708873,707.642170,9.713087,24.864855,232.523590,233.391022,243.411739,8.979982,0.421670,9.372967,-1.551738,-0.709968,-0.732047,2.606298,0.024193,0.002211,-0.000125,0.250000,0.250001,0.210888,102530.015625,1.054760,0.000000,0.000000,1.000000,1.000000,1.000000,1.000000,0.000000,0.000000,0.000000,-0.858799,30.427685
52.217265,3.000000,-20.761515,-4.721865,707.559112,9.645033,24.595982,232.247757,233.124130,243.132691,8.991330,0.422291,9.379257,-1.538853,-0.704881,-0.732887,2.432539,0.024310,0.002226,-0.000127,0.250000,0.250001,0.210968,102530.015625,1.053363,0.000000,0.000000,1.000000,1.000000,1.000000,1.000000,0.000000,0.000000,0.000000,-0.846768,30.158812
52.272345,3.000000,-13.845243,-4.735372,707.474800,9.563063,24.317533,231.965652,232.845856,242.841794,9.002954,0.422920,9.386046,-1.526170,-0.699910,-0.733765,2.251308,0.024434,0.002243,-0.000129,0.250000,0.250001,0.211304,102530.015625,1.051969,0.000000,0.000000,1.000000,1.000000,1.000000,1.000000,0.000000,0.000000,0.000000,-0.835222,29.880363
52.325416,3.000000,-7.181743,-4.748343,707.394195,9.472853,24.051067,231.694031,232.577942,242.561678,9.014179,0.423519,9.392886,-1.514586,-0.695400,-0.734612,2.076705,0.024559,0.002262,-0.000131,0.250000,0.250001,0.211875,102530.015625,1.050808,0.000000,0.000000,1.000000,1.000000,1.000000,1.000000,0.000000,0.000000,0.000000,-0.824721,29.613899
52.380664,3.000000,-0.357229,-4.761583,707.310912,9.391127,23.779902,231.411484,232.303741,242.274948,9.025904,0.424133,9.400311,-1.503306,-0.691038,-0.735482,1.897887,0.024691,0.002280,-0.000132,0.250000,0.250001,0.212706,102530.015625,1.049588,0.000000,0.000000,1.000000,1.000000,1.000000,1.000000,0.000000,0.000000,0.000000,-0.814392,29.288584
52.436001,3.000000,6.533775,-4.774909,707.228100,9.304152,23.507767,231.128586,232.026962,241.985593,9.037699,0.424739,9.408088,-1.492555,-0.686917,-0.736361,1.717331,0.024825,0.002297,-0.000134,0.250000,0.250001,0.213746,102530.015625,1.048420,0.000000,0.000000,1.000000,1.000000,1.000000,1.000000,0.000000,0.000000,0.000000,-0.804694,29.016451
52.489679,3.000000,13.243039,-4.787839,707.148317,9.230665,23.244324,230.854446,231.757706,241.704039,9.049201,0.425323,9.415943,-1.482654,-0.683155,-0.737219,1.541540,0.024951,0.002314,-0.000136,0.250000,0.250001,0.214937,102530.015625,1.047281,0.000000,0.000000,1.000000,1.000000,1.000000,1.000000,0.000000,0.000000,0.000000,-0.795857,28.753008
52.544854,3.000000,20.046150,-4.800907,707.066838,9.149488,22.978622,230.572769,231.484756,241.418628,9.061092,0.425913,9.424368,-1.473228,-0.679615,-0.738090,1.363294,0.025099,0.002331,-0.000137,0.250000,0.250001,0.216339,102530.015625,1.046143,0.000000,0.000000,1.000000,1.000000,1.000000,1.000000,0.000000,0.000000,0.000000,-0.787402,28.487307
52.599043,3.000000,26.777462,-4.813793,706.987305,9.052443,22.717037,230.296387,231.214844,241.136362,9.072858,0.426487,9.432946,-1.464405,-0.676336,-0.738954,1.186933,0.025230,0.002350,-0.000139,0.250000,0.250001,0.217885,102530.015625,1.045279,0.000000,0.000000,1.000000,1.000000,1.000000,1.000000,0.000000,0.000000,0.000000,-0.779590,28.314104
52.653448,3.000000,33.531078,-4.826678,706.907919,8.973402,22.455822,230.018997,230.944122,240.853295,9.084752,0.427053,9.441844,-1.455995,-0.673242,-0.739822,1.009991,0.025347,0.002367,-0.000140,0.250000,0.250001,0.219524,102530.015625,1.044332,0.000000,0.000000,1.000000,1.000000,1.000000,1.000000,0.000000,0.000000,0.000000,-0.772201,28.052889
52.707397,3.000000,40.208328,-4.839374,706.829632,8.895460,22.198696,229.744049,230.676636,240.573580,9.096638,0.427607,9.450973,-1.448155,-0.670396,-0.740682,0.835052,0.025465,0.002386,-0.000142,0.250000,0.250001,0.221210,102530.015625,1.043430,0.000000,0.000000,1.000000,1.000000,1.000000,1.000000,0.000000,0.000000,0.000000,-0.765354,27.795763
52.760255,3.000000,46.713711,-4.851701,706.753321,8.832167,21.949200,229.474854,230.416092,240.301116,9.108373,0.428142,9.460211,-1.440960,-0.667822,-0.741522,0.664620,0.025582,0.002404,-0.000143,0.250000,0.250001,0.222918,102530.015625,1.042462,0.000000,0.000000,1.000000,1.000000,1.000000,1.000000,0.000000,0.000000,0.000000,-0.759102,27.546267
52.814188,3.000000,53.369987,-4.864273,706.675835,8.766798,21.694870,229.200272,230.149673,240.022499,9.120442,0.428683,9.469953,-1.434083,-0.665406,-0.742383,0.490237,0.025716,0.002421,-0.000145,0.250000,0.250001,0.224728,102530.015625,1.041524,0.000000,0.000000,1.000000,1.000000,1.000000,1.000000,0.000000,0.000000,0.000000,-0.753213,27.216896
52.869546,3.000000,60.184982,-4.877099,706.596669,8.684401,21.435390,228.918549,229.876953,239.737281,9.132933,0.429228,9.480267,-1.427517,-0.663148,-0.743266,0.311698,0.025858,0.002440,-0.000146,0.250000,0.250001,0.226666,102530.015625,1.040724,0.000000,0.000000,1.000000,1.000000,1.000000,1.000000,0.000000,0.000000,0.000000,-0.747638,26.957417
52.922176,3.000000,66.677956,-4.889277,706.521728,8.616224,21.188961,228.650848,229.617249,239.465678,9.144912,0.429740,9.490351,-1.421641,-0.661167,-0.744109,0.141599,0.025985,0.002458,-0.000148,0.250000,0.250001,0.228581,102530.015625,1.039911,0.000000,0.000000,1.000000,1.000000,1.000000,1.000000,0.000000,0.000000,0.000000,-0.742726,26.710987
52.974854,3.000000,73.127586,-4.901333,706.447014,8.531324,20.944874,228.382950,229.359436,239.196062,9.157000,0.430246,9.500702,-1.416161,-0.659361,-0.744947,-0.027362,0.026101,0.002476,-0.000149,0.250000,0.250001,0.230545,102530.015625,1.039300,0.000000,0.000000,1.000000,1.000000,1.000000,1.000000,0.000000,0.000000,0.000000,-0.738159,26.497442
53.029317,3.000000,79.792999,-4.913748,706.370064,8.447035,20.693302,228.106064,229.093079,238.917474,9.169610,0.430762,9.511646,-1.410785,-0.657625,-0.745816,-0.201974,0.026199,0.002494,-0.000150,0.250000,0.250001,0.232577,102530.015625,1.038708,0.000000,0.000000,1.000000,1.000000,1.000000,1.000000,0.000000,0.000000,0.000000,-0.733729,26.245871
53.084258,3.000000,86.537285,-4.926264,706.292723,8.379835,20.439404,227.826797,228.823654,238.635712,9.182442,0.431276,9.522958,-1.405682,-0.656020,-0.746696,-0.378649,0.026298,0.002513,-0.000152,0.250000,0.250001,0.234602,102530.015625,1.037986,0.000000,0.000000,1.000000,1.000000,1.000000,1.000000,0.000000,0.000000,0.000000,-0.729611,25.991970
53.139022,3.000000,93.249748,-4.938677,706.215898,8.297560,20.187288,227.548599,228.555573,238.355359,9.195341,0.431778,9.534492,-1.400945,-0.654578,-0.747575,-0.554489,0.026397,0.002530,-0.000153,0.250000,0.250001,0.236606,102530.015625,1.037416,0.000000,0.000000,1.000000,1.000000,1.000000,1.000000,0.000000,0.000000,0.000000,-0.725840,25.739855
53.193038,3.000000,99.883789,-4.950901,706.140367,8.193495,19.938644,227.274323,228.290756,238.078387,9.208176,0.432265,9.546067,-1.396470,-0.653246,-0.748444,-0.728271,0.026469,0.002550,-0.000154,0.250000,0.250001,0.238543,102530.015625,1.037140,0.000000,0.000000,1.000000,1.000000,1.000000,1.000000,0.000000,0.000000,0.000000,-0.722312,25.471298
53.247273,3.000000,106.511459,-4.963069,706.064768,8.099745,19.690741,226.998993,228.026291,237.801786,9.221161,0.432745,9.557839,-1.392118,-0.651968,-0.749315,-0.901885,0.026499,0.002568,-0.000155,0.250000,0.250001,0.240373,102530.015625,1.036850,0.000000,0.000000,1.000000,1.000000,1.000000,1.000000,0.000000,0.000000,0.000000,-0.718891,25.223392
53.301439,3.000000,113.091423,-4.975105,705.989497,8.000257,19.445093,226.724106,227.763885,237.527306,9.234221,0.433211,9.569735,-1.387900,-0.650744,-0.750180,-1.074247,0.026493,0.002590,-0.000157,0.250000,0.250001,0.242035,102530.015625,1.036652,0.000000,0.000000,1.000000,1.000000,1.000000,1.000000,0.000000,0.000000,0.000000,-0.715576,24.977745
53.357607,3.000000,119.866394,-4.987452,705.911685,7.876295,19.192648,226.439163,227.493713,237.244773,9.247857,0.433686,9.582165,-1.383584,-0.649493,-0.751074,-1.251715,0.026439,0.002613,-0.000158,0.250000,0.250001,0.243515,102530.015625,1.036739,0.000000,0.000000,1.000000,1.000000,1.000000,1.000000,0.000000,0.000000,0.000000,-0.712150,24.725302
53.412834,3.000000,126.663849,-4.999792,705.835419,7.754224,18.939867,226.159027,227.222794,236.961454,9.261337,0.434143,9.594399,-1.379144,-0.648183,-0.751972,-1.429770,0.026347,0.002637,-0.000159,0.250000,0.250001,0.244650,102530.015625,1.036919,0.000000,0.000000,1.000000,1.000000,1.000000,1.000000,0.000000,0.000000,0.000000,-0.708667,24.128378
53.468222,3.000000,133.390228,-5.011956,705.759178,7.648939,18.690247,225.878235,226.954788,236.681175,9.274906,0.434587,9.606667,-1.374629,-0.646826,-0.752862,-1.605960,0.026195,0.002662,-0.000160,0.250000,0.250001,0.245387,102530.015625,1.037010,0.000000,0.000000,1.000000,1.000000,1.000000,1.000000,0.000000,0.000000,0.000000,-0.705064,23.878757
53.523523,3.000000,140.103195,-5.024049,705.683309,7.533948,18.441654,225.598007,226.687439,236.401563,9.288478,0.435020,9.618903,-1.370061,-0.645439,-0.753752,-1.781798,0.026023,0.002688,-0.000161,0.250000,0.250001,0.245693,102530.015625,1.037144,0.000000,0.000000,1.000000,1.000000,1.000000,1.000000,0.000000,0.000000,0.000000,-0.701405,23.630165
53.579340,3.000000,146.910309,-5.036264,705.606992,7.430921,18.190134,225.315262,226.416336,236.118111,9.302186,0.435450,9.631211,-1.365320,-0.643978,-0.754657,-1.960100,0.025831,0.002710,-0.000161,0.250000,0.250001,0.245549,102530.015625,1.037262,0.000000,0.000000,1.000000,1.000000,1.000000,1.000000,0.000000,0.000000,0.000000,-0.697609,23.378645
53.634988,3.000000,153.627151,-5.048270,705.531172,7.313428,17.942520,225.033554,226.148987,235.838484,9.315826,0.435867,9.643408,-1.360542,-0.642486,-0.755552,-2.136036,0.025614,0.002733,-0.000162,0.250000,0.250001,0.244963,102530.015625,1.037482,0.000000,0.000000,1.000000,1.000000,1.000000,1.000000,0.000000,0.000000,0.000000,-0.693722,22.668003
53.690931,3.000000,160.279205,-5.060114,705.455226,7.181165,17.697880,224.750519,225.884384,235.561765,9.329494,0.436276,9.655512,-1.355608,-0.640907,-0.756439,-2.310273,0.025343,0.002755,-0.000163,0.250000,0.250001,0.243908,102530.015625,1.037907,0.000000,0.000000,1.000000,1.000000,1.000000,1.000000,0.000000,0.000000,0.000000,-0.689594,22.423361
53.746873,3.000000,167.172211,-5.072338,705.379571,7.064771,17.445040,224.467682,225.610214,235.275109,9.343085,0.436671,9.667430,-1.350245,-0.639150,-0.757361,-2.490820,0.025068,0.002782,-0.000164,0.250000,0.250001,0.242331,102530.015625,1.038191,0.000000,0.000000,1.000000,1.000000,1.000000,1.000000,0.000000,0.000000,0.000000,-0.685236,22.170523
53.796939,3.000000,173.232086,-5.083042,705.312119,6.959486,17.223349,224.214600,225.369293,235.023200,9.355165,0.437016,9.677926,-1.345361,-0.637521,-0.758173,-2.649543,0.024779,0.002803,-0.000164,0.250000,0.250001,0.240481,102530.015625,1.038531,0.000000,0.000000,1.000000,1.000000,1.000000,1.000000,0.000000,0.000000,0.000000,-0.681168,21.465231
53.851146,3.000000,179.598907,-5.094246,705.239368,6.872266,16.991055,223.940704,225.116272,234.758627,9.368127,0.437375,9.689113,-1.340093,-0.635740,-0.759027,-2.816304,0.024464,0.002827,-0.000165,0.250000,0.250001,0.237994,102530.015625,1.038540,0.000000,0.000000,1.000000,1.000000,1.000000,1.000000,0.000000,0.000000,0.000000,-0.676648,21.232937
53.903384,3.000000,186.053452,-5.105560,705.169537,6.781080,16.756224,223.676971,224.859848,234.490509,9.380478,0.437713,9.699761,-1.334757,-0.633933,-0.759895,-2.985363,0.024226,0.002847,-0.000165,0.250000,0.250001,0.235230,102530.015625,1.038454,0.000000,0.000000,1.000000,1.000000,1.000000,1.000000,0.000000,0.000000,0.000000,-0.672312,20.998106
53.959445,3.000000,192.758286,-5.117265,705.094900,6.647474,16.512999,223.394409,224.593613,234.212128,9.393561,0.438063,9.710939,-1.329095,-0.631995,-0.760798,-3.160975,0.023938,0.002872,-0.000166,0.250000,0.250001,0.231946,102530.015625,1.038882,0.000000,0.000000,1.000000,1.000000,1.000000,1.000000,0.000000,0.000000,0.000000,-0.667507,20.754881
54.014468,3.000000,199.420303,-5.128848,705.021963,6.549390,16.272085,223.117386,224.329178,233.935661,9.406214,0.438393,9.721633,-1.323267,-0.629967,-0.761697,-3.335464,0.023640,0.002896,-0.000166,0.250000,0.250001,0.228359,102530.015625,1.038952,0.000000,0.000000,1.000000,1.000000,1.000000,1.000000,0.000000,0.000000,0.000000,-0.662615,20.107826
54.066950,3.000000,205.707397,-5.139734,704.952693,6.460584,16.045446,222.853210,224.079758,233.674869,9.418088,0.438697,9.731629,-1.317740,-0.628036,-0.762547,-3.500132,0.023373,0.002919,-0.000166,0.250000,0.250001,0.224630,102530.015625,1.038877,0.000000,0.000000,1.000000,1.000000,1.000000,1.000000,0.000000,0.000000,0.000000,-0.657939,19.881187
54.121338,3.000000,212.240158,-5.151000,704.881214,6.341566,15.810683,222.580002,223.820709,233.404022,9.430182,0.439001,9.741745,-1.311957,-0.626006,-0.763432,-3.671233,0.023108,0.002943,-0.000166,0.250000,0.250001,0.220532,102530.015625,1.039137,0.000000,0.000000,1.000000,1.000000,1.000000,1.000000,0.000000,0.000000,0.000000,-0.653036,19.646423
54.176211,3.000000,218.822220,-5.162305,704.809421,6.234144,15.574933,222.304642,223.559845,233.131306,9.442148,0.439294,9.751639,-1.305972,-0.623879,-0.764324,-3.843625,0.022820,0.002972,-0.000167,0.250000,0.250001,0.216138,102530.015625,1.039235,0.000000,0.000000,1.000000,1.000000,1.000000,1.000000,0.000000,0.000000,0.000000,-0.647945,19.410673
54.232863,3.000000,225.555984,-5.173820,704.735649,6.111341,15.334589,222.020737,223.293152,232.852481,9.454242,0.439582,9.761535,-1.299734,-0.621642,-0.765240,-4.019989,0.022515,0.002999,-0.000167,0.250000,0.250001,0.211331,102530.015625,1.039457,0.000000,0.000000,1.000000,1.000000,1.000000,1.000000,0.000000,0.000000,0.000000,-0.642573,18.761997
54.283520,3.000000,231.639587,-5.184182,704.669990,6.002943,15.118204,221.767105,223.052353,232.600721,9.464820,0.439829,9.770061,-1.293933,-0.619538,-0.766068,-4.179323,0.022228,0.003025,-0.000167,0.250000,0.250001,0.206794,102530.015625,1.039728,0.000000,0.000000,1.000000,1.000000,1.000000,1.000000,0.000000,0.000000,0.000000,-0.637601,18.545612
54.338465,3.000000,238.214874,-5.195334,704.599106,5.909315,14.885165,221.492538,222.792221,232.328791,9.476033,0.440086,9.779103,-1.287643,-0.617248,-0.764449,-4.351533,0.023926,0.003052,-0.000167,0.250000,0.250001,0.202344,102530.015625,1.037940,0.000000,0.000000,1.000000,1.000000,1.000000,1.000000,0.000000,0.000000,0.000000,-0.632332,18.312572
54.391161,3.000000,244.486816,-5.205929,704.531392,5.819593,14.663541,221.229706,222.544495,232.069750,9.486698,0.440319,9.788599,-1.283403,-0.615902,-0.760441,-4.515798,0.027199,0.003078,-0.000167,0.250000,0.250001,0.203764,102530.015625,1.034022,0.000000,0.000000,1.000000,1.000000,1.000000,1.000000,0.000000,0.000000,0.000000,-0.629194,18.090948
54.445912,3.000000,250.965317,-5.216827,704.461208,5.705701,14.434954,220.956940,222.288971,231.802536,9.498034,0.440550,9.799548,-1.280822,-0.615372,-0.756299,-4.685472,0.030123,0.003107,-0.000167,0.250000,0.250001,0.210935,102530.015625,1.031214,0.000000,0.000000,1.000000,1.000000,1.000000,1.000000,0.000000,0.000000,0.000000,-0.627669,17.366190
54.500548,3.000000,257.538849,-5.227839,704.391265,5.596387,14.203096,220.685211,222.030090,231.531808,9.509871,0.440771,9.811585,-1.279486,-0.615449,-0.752086,-4.857634,0.032686,0.003137,-0.000167,0.250000,0.250001,0.222537,102530.015625,1.029195,0.000000,0.000000,1.000000,1.000000,1.000000,1.000000,0.000000,0.000000,0.000000,-0.627358,17.134333
54.554708,3.000000,263.966827,-5.238560,704.321973,5.466749,13.976277,220.416290,221.777283,231.267368,9.522330,0.440975,9.824575,-1.278957,-0.615898,-0.747954,-5.025982,0.034710,0.003168,-0.000168,0.250000,0.250001,0.237251,102530.015625,1.028386,0.000000,0.000000,1.000000,1.000000,1.000000,1.000000,0.000000,0.000000,0.000000,-0.627749,16.907513
54.609329,3.000000,270.386292,-5.249222,704.252106,5.376417,13.749577,220.145493,221.524933,231.003477,9.535764,0.441166,9.838731,-1.278811,-0.616532,-0.743814,-5.194108,0.036289,0.003198,-0.000168,0.250000,0.250001,0.254202,102530.015625,1.027606,0.000000,0.000000,1.000000,1.000000,1.000000,1.000000,0.000000,0.000000,0.000000,-0.628527,16.221745
54.663708,3.000000,276.870697,-5.259946,704.182549,5.270765,13.520343,219.876221,221.270218,230.737064,9.550102,0.441345,9.853839,-1.278835,-0.617255,-0.739616,-5.363932,0.037615,0.003229,-0.000168,0.250000,0.250001,0.272314,102530.015625,1.027725,0.000000,0.000000,1.000000,1.000000,1.000000,1.000000,0.000000,0.000000,0.000000,-0.629410,15.992512
54.718362,3.000000,283.352722,-5.270619,704.112643,5.188367,13.290958,219.605927,221.015717,230.470904,9.565519,0.441514,9.869961,-1.278716,-0.617910,-0.735404,-5.533694,0.038592,0.003259,-0.000168,0.250000,0.250001,0.291024,102530.015625,1.027962,0.000000,0.000000,1.000000,1.000000,1.000000,1.000000,0.000000,0.000000,0.000000,-0.630145,15.763127
54.774622,3.000000,289.986237,-5.281495,704.040697,5.118604,13.056000,219.327881,220.755371,230.198589,9.582460,0.441674,9.887531,-1.278409,-0.618493,-0.731079,-5.707422,0.039313,0.003286,-0.000168,0.250000,0.250001,0.310182,102530.015625,1.028370,0.000000,0.000000,1.000000,1.000000,1.000000,1.000000,0.000000,0.000000,0.000000,-0.630705,15.528170
54.830580,3.000000,296.555634,-5.292216,703.969165,5.040967,12.823149,219.051514,220.497482,229.928899,9.600372,0.441826,9.905892,-1.277772,-0.618909,-0.726782,-5.879471,0.039782,0.003310,-0.000168,0.250000,0.250001,0.328750,102530.015625,1.029235,0.000000,0.000000,1.000000,1.000000,1.000000,1.000000,0.000000,0.000000,0.000000,-0.630893,15.098838
54.885734,3.000000,303.155853,-5.302939,703.898716,4.958936,12.589123,218.779358,220.238419,229.657978,9.619008,0.441961,9.924672,-1.276532,-0.619038,-0.722453,-6.052325,0.040148,0.003342,-0.000168,0.250000,0.250001,0.346161,102530.015625,1.030476,0.000000,0.000000,1.000000,1.000000,1.000000,1.000000,0.000000,0.000000,0.000000,-0.630462,14.864812
54.941299,3.000000,309.605438,-5.313371,703.827836,4.887281,12.360479,218.505280,219.985229,229.393196,9.638727,0.442089,9.944202,-1.274641,-0.618835,-0.718214,-6.221234,0.040140,0.003367,-0.000167,0.250000,0.250001,0.362520,102530.015625,1.031734,0.000000,0.000000,1.000000,1.000000,1.000000,1.000000,0.000000,0.000000,0.000000,-0.629340,14.636168
54.997154,3.000000,316.206757,-5.324000,703.756722,4.821973,12.126631,218.229904,219.725983,229.122098,9.659417,0.442201,9.964314,-1.271925,-0.618247,-0.713869,-6.394116,0.040090,0.003395,-0.000167,0.250000,0.250001,0.377475,102530.015625,1.033236,0.000000,0.000000,1.000000,1.000000,1.000000,1.000000,0.000000,0.000000,0.000000,-0.627411,14.402321
55.053538,3.000000,322.748474,-5.334486,703.685118,4.759168,11.895212,217.951950,219.468964,228.853386,9.681108,0.442304,9.985028,-1.268437,-0.617275,-0.709560,-6.565437,0.039807,0.003420,-0.000167,0.250000,0.250001,0.390951,102530.015625,1.034678,0.000000,0.000000,1.000000,1.000000,1.000000,1.000000,0.000000,0.000000,0.000000,-0.624664,14.124246
55.108204,3.000000,329.281555,-5.344910,703.615916,4.683607,11.664562,217.682465,219.212158,228.584883,9.702810,0.442394,10.005354,-1.264079,-0.615877,-0.705258,-6.736531,0.039583,0.003448,-0.000166,0.250000,0.250001,0.402357,102530.015625,1.036422,0.000000,0.000000,1.000000,1.000000,1.000000,1.000000,0.000000,0.000000,0.000000,-0.621120,13.893596
55.162049,3.000000,335.584320,-5.354920,703.548015,4.630872,11.442642,217.416962,218.964310,228.325782,9.724751,0.442469,10.025508,-1.258974,-0.614086,-0.701111,-6.901592,0.039148,0.003475,-0.000165,0.250000,0.250001,0.411942,102530.015625,1.037872,0.000000,0.000000,1.000000,1.000000,1.000000,1.000000,0.000000,0.000000,0.000000,-0.616755,13.671676
55.229723,3.000000,341.919281,-5.364937,703.463121,4.537916,11.220333,217.081833,218.714981,228.065197,9.752994,0.442549,10.050885,-1.252984,-0.611863,-0.696950,-7.067496,0.037362,0.003498,-0.000164,0.250000,0.250001,0.421636,102530.015625,1.040014,0.000000,0.000000,1.000000,1.000000,1.000000,1.000000,0.000000,0.000000,0.000000,-0.610015,13.497712
55.284058,3.000000,349.916870,-5.377516,703.395384,4.461317,10.941063,216.813873,218.400085,227.736067,9.776034,0.442594,10.070865,-1.243636,-0.608176,-0.691716,-7.276941,0.037414,0.003538,-0.000164,0.250000,0.250001,0.426290,102530.015625,1.042826,0.000000,0.000000,1.000000,1.000000,1.000000,1.000000,0.000000,0.000000,0.000000,-0.603060,13.218442
55.335124,3.000000,355.919830,-5.386911,703.332131,4.403944,10.732661,216.562042,218.163574,227.488890,9.797887,0.442626,10.089447,-1.235545,-0.604876,-0.687805,-7.434149,0.036811,0.003564,-0.000163,0.250000,0.250001,0.429339,102530.015625,1.044193,0.000000,0.000000,1.000000,1.000000,1.000000,1.000000,0.000000,0.000000,0.000000,-0.595733,13.010040
55.390062,3.000000,362.260406,-5.396789,703.264570,4.339674,10.513860,216.290878,217.913559,227.227653,9.821523,0.442645,10.109153,-1.226188,-0.600986,-0.683694,-7.600199,0.036073,0.003594,-0.000162,0.250000,0.250001,0.431001,102530.015625,1.045786,0.000000,0.000000,1.000000,1.000000,1.000000,1.000000,0.000000,0.000000,0.000000,-0.587028,12.791239
55.443667,3.000000,368.546143,-5.406535,703.199178,4.267530,10.298432,216.026291,217.665619,226.968567,9.844631,0.442654,10.128002,-1.216054,-0.596699,-0.679644,-7.764811,0.035377,0.003621,-0.000160,0.250000,0.250001,0.431121,102530.015625,1.047455,0.000000,0.000000,1.000000,1.000000,1.000000,1.000000,0.000000,0.000000,0.000000,-0.577681,12.574311
55.498773,3.000000,374.985687,-5.416473,703.132554,4.197584,10.079439,215.754181,217.412506,226.704112,9.868325,0.442653,10.146824,-1.204668,-0.591802,-0.675520,-7.933451,0.034781,0.003621,-0.000154,0.250000,0.250001,0.428009,102530.015625,1.048304,0.000000,0.000000,1.000000,1.000000,1.000000,1.000000,0.000000,0.000000,0.000000,-0.567100,12.355318
55.548962,3.000000,380.697266,-5.425245,703.072438,4.142347,9.886765,215.506241,217.190109,226.471735,9.889654,0.442673,10.163486,-1.194098,-0.587212,-0.671883,-8.083027,0.034379,0.003620,-0.000141,0.250000,0.250001,0.422483,102530.015625,1.049017,0.000000,0.000000,1.000000,1.000000,1.000000,1.000000,0.000000,0.000000,0.000000,-0.557021,12.162644
55.603525,3.000000,387.149139,-5.435106,703.007710,4.077039,9.670961,215.236832,216.938751,226.209178,9.912519,0.442690,10.181076,-1.181760,-0.581820,-0.667807,-8.251989,0.034035,0.003648,-0.000127,0.250000,0.250001,0.416166,102530.015625,1.049846,0.000000,0.000000,1.000000,1.000000,1.000000,1.000000,0.000000,0.000000,0.000000,-0.545681,11.946840
55.660343,3.000000,393.674744,-5.445027,702.941029,4.013013,9.454768,214.956284,216.684448,225.943537,9.935949,0.442688,10.198770,-1.168789,-0.576110,-0.663722,-8.422881,0.033559,0.003681,-0.000113,0.250000,0.250001,0.409191,102530.015625,1.050555,0.000000,0.000000,1.000000,1.000000,1.000000,1.000000,0.000000,0.000000,0.000000,-0.533400,11.698518
55.711061,3.000000,399.589783,-5.453976,702.882150,3.952772,9.260685,214.705917,216.453873,225.702677,9.956521,0.442670,10.214025,-1.156654,-0.570737,-0.660053,-8.577784,0.033160,0.003716,-0.000101,0.250000,0.250001,0.402601,102530.015625,1.051311,0.000000,0.000000,1.000000,1.000000,1.000000,1.000000,0.000000,0.000000,0.000000,-0.522065,11.504434
55.763398,3.000000,405.646851,-5.463094,702.822044,3.908338,9.063861,214.447678,216.217667,225.455974,9.977388,0.442637,10.229260,-1.143919,-0.565072,-0.656332,-8.736405,0.032733,0.003752,-0.000090,0.250000,0.250001,0.395461,102530.015625,1.051653,0.000000,0.000000,1.000000,1.000000,1.000000,1.000000,0.000000,0.000000,0.000000,-0.510101,11.307611
55.819838,3.000000,412.110931,-5.472775,702.757982,3.830701,8.855996,214.169556,215.965530,225.192631,9.999467,0.442587,10.245092,-1.130026,-0.558862,-0.652401,-8.905685,0.032249,0.003790,-0.000078,0.250000,0.250001,0.387468,102530.015625,1.052490,0.000000,0.000000,1.000000,1.000000,1.000000,1.000000,0.000000,0.000000,0.000000,-0.496875,11.099746
55.870367,3.000000,418.022125,-5.481583,702.701317,3.762952,8.667968,213.920822,215.734940,224.951786,10.018840,0.442525,10.258644,-1.116866,-0.552945,-0.648845,-9.060487,0.031817,0.003829,-0.000067,0.250000,0.250001,0.379961,102530.015625,1.053258,0.000000,0.000000,1.000000,1.000000,1.000000,1.000000,0.000000,0.000000,0.000000,-0.484594,10.926575
55.926158,3.000000,424.508453,-5.491199,702.639529,3.701490,8.463991,213.646545,215.481857,224.687480,10.039781,0.442444,10.272937,-1.101974,-0.546215,-0.644987,-9.230349,0.031287,0.003871,-0.000056,0.250000,0.250001,0.371323,102530.015625,1.053794,0.000000,0.000000,1.000000,1.000000,1.000000,1.000000,0.000000,0.000000,0.000000,-0.470626,10.722599
55.980216,3.000000,430.709320,-5.500343,702.580454,3.657545,8.271345,213.381302,215.239868,224.434771,10.059603,0.442352,10.286246,-1.087574,-0.539685,-0.641345,-9.392735,0.030788,0.003907,-0.000046,0.250000,0.250001,0.362639,102530.015625,1.053839,0.000000,0.000000,1.000000,1.000000,1.000000,1.000000,0.000000,0.000000,0.000000,-0.456976,10.529952
56.034548,3.000000,436.976501,-5.509538,702.521868,3.608961,8.078996,213.115112,214.995239,224.179318,10.079046,0.442246,10.299127,-1.072993,-0.533056,-0.637708,-9.556856,0.030360,0.003944,-0.000036,0.250000,0.250001,0.353703,102530.015625,1.053841,0.000000,0.000000,1.000000,1.000000,1.000000,1.000000,0.000000,0.000000,0.000000,-0.443249,10.349404
56.089617,3.000000,443.322693,-5.518800,702.463296,3.563673,7.886650,212.845764,214.747513,223.920617,10.098256,0.442129,10.311656,-1.058189,-0.526309,-0.634073,-9.723047,0.029966,0.003984,-0.000027,0.250000,0.250001,0.344537,102530.015625,1.053732,0.000000,0.000000,1.000000,1.000000,1.000000,1.000000,0.000000,0.000000,0.000000,-0.429318,10.157058
56.145678,3.000000,449.743683,-5.528121,702.404505,3.497144,7.694530,212.572052,214.496841,223.658891,10.117292,0.442001,10.323868,-1.043194,-0.519459,-0.630443,-9.891197,0.029590,0.004027,-0.000018,0.250000,0.250001,0.335173,102530.015625,1.053936,0.000000,0.000000,1.000000,1.000000,1.000000,1.000000,0.000000,0.000000,0.000000,-0.415115,9.964938
56.200312,3.000000,455.988159,-5.537139,702.348027,3.433485,7.510121,212.305908,214.253113,223.404387,10.135337,0.441863,10.335145,-1.028407,-0.512680,-0.626959,-10.054724,0.029195,0.004072,-0.000009,0.250000,0.250001,0.326013,102530.015625,1.054269,0.000000,0.000000,1.000000,1.000000,1.000000,1.000000,0.000000,0.000000,0.000000,-0.401073,9.780529
56.255379,3.000000,462.302917,-5.546210,702.291928,3.360242,7.326114,212.038177,214.006683,223.147080,10.153017,0.441714,10.345928,-1.013322,-0.505742,-0.623485,-10.220090,0.028799,0.004118,-0.000000,0.250000,0.250001,0.316703,102530.015625,1.054639,0.000000,0.000000,1.000000,1.000000,1.000000,1.000000,0.000000,0.000000,0.000000,-0.386802,9.627034
56.310764,3.000000,468.674011,-5.555314,702.236354,3.277479,7.143037,211.769562,213.758102,222.887534,10.170278,0.441550,10.356049,-0.997728,-0.498540,-0.620030,-10.386932,0.028339,0.004170,0.000008,0.250000,0.250001,0.307192,102530.015625,1.055338,0.000000,0.000000,1.000000,1.000000,1.000000,1.000000,0.000000,0.000000,0.000000,-0.372070,9.443957
56.366433,3.000000,475.031982,-5.564350,702.181380,3.181776,6.963002,211.500259,213.510101,222.628596,10.187087,0.441370,10.365394,-0.981641,-0.491072,-0.616635,-10.553430,0.027772,0.004224,0.000016,0.250000,0.250001,0.297330,102530.015625,1.056451,0.000000,0.000000,1.000000,1.000000,1.000000,1.000000,0.000000,0.000000,0.000000,-0.356725,9.263922
56.421552,3.000000,481.348633,-5.573279,702.127857,3.084791,6.786892,211.234314,213.263840,222.371527,10.203173,0.441171,10.373717,-0.964943,-0.483277,-0.613317,-10.718845,0.027089,0.004282,0.000024,0.250000,0.250001,0.287068,102530.015625,1.057705,0.000000,0.000000,1.000000,1.000000,1.000000,1.000000,0.000000,0.000000,0.000000,-0.340824,9.087812
56.477234,3.000000,487.654266,-5.582145,702.074747,2.979322,6.613973,210.966385,213.018112,222.115036,10.218833,0.440952,10.381109,-0.947471,-0.475075,-0.610062,-10.883972,0.026267,0.004345,0.000032,0.250000,0.250001,0.276001,102530.015625,1.059248,0.000000,0.000000,1.000000,1.000000,1.000000,1.000000,0.000000,0.000000,0.000000,-0.323948,8.501830
56.533302,3.000000,494.072113,-5.591120,702.022294,2.897108,6.441107,210.697433,212.768173,221.854111,10.233954,0.440710,10.387454,-0.928776,-0.466249,-0.606814,-11.052037,0.025320,0.004408,0.000040,0.250000,0.250001,0.263947,102530.015625,1.060331,0.000000,0.000000,1.000000,1.000000,1.000000,1.000000,0.000000,0.000000,0.000000,-0.306094,8.328964
56.588023,3.000000,500.329132,-5.599822,701.972121,2.828687,6.275731,210.435822,212.524567,221.599859,10.248038,0.440454,10.392785,-0.910156,-0.457427,-0.603711,-11.215891,0.024421,0.004467,0.000047,0.250000,0.250001,0.251325,102530.015625,1.060844,0.000000,0.000000,1.000000,1.000000,1.000000,1.000000,0.000000,0.000000,0.000000,-0.288340,8.163589
56.644240,3.000000,506.703796,-5.608640,701.921651,2.727674,6.110535,210.167953,212.276520,221.340965,10.261763,0.440177,10.397224,-0.890680,-0.448162,-0.600619,-11.382824,0.023481,0.004532,0.000055,0.250000,0.250001,0.237560,102530.015625,1.062199,0.000000,0.000000,1.000000,1.000000,1.000000,1.000000,0.000000,0.000000,0.000000,-0.269558,7.543080
56.700553,3.000000,513.095642,-5.617432,701.872223,2.646558,5.948361,209.900589,212.028000,221.081597,10.274702,0.439880,10.400473,-0.870369,-0.438456,-0.597589,-11.550208,0.022455,0.004598,0.000062,0.250000,0.250001,0.222868,102530.015625,1.063017,0.000000,0.000000,1.000000,1.000000,1.000000,1.000000,0.000000,0.000000,0.000000,-0.250012,7.380907
56.755044,3.000000,519.291077,-5.625908,701.825500,2.570814,5.794593,209.642899,211.787247,220.830356,10.286418,0.439579,10.402579,-0.850229,-0.428798,-0.594725,-11.712447,0.021468,0.004661,0.000069,0.250000,0.250001,0.207814,102530.015625,1.063624,0.000000,0.000000,1.000000,1.000000,1.000000,1.000000,0.000000,0.000000,0.000000,-0.230685,7.227139
56.808472,3.000000,525.367371,-5.634177,701.780760,2.503187,5.647128,209.391190,211.551315,220.584143,10.297090,0.439274,10.403713,-0.830240,-0.419185,-0.591986,-11.871567,0.020547,0.004721,0.000075,0.250000,0.250001,0.192369,102530.015625,1.063836,0.000000,0.000000,1.000000,1.000000,1.000000,1.000000,0.000000,0.000000,0.000000,-0.211547,7.079674
56.862122,3.000000,531.435059,-5.642390,701.736914,2.414320,5.503225,209.139511,211.315857,220.338478,10.306957,0.438955,10.403776,-0.809904,-0.409374,-0.589322,-12.030461,0.019620,0.004787,0.000082,0.250000,0.250001,0.176260,102530.015625,1.064789,0.000000,0.000000,1.000000,1.000000,1.000000,1.000000,0.000000,0.000000,0.000000,-0.191921,6.541203
56.915343,3.000000,537.452393,-5.650493,701.694511,2.347852,5.363910,208.890884,211.082626,220.095112,10.315875,0.438626,10.402829,-0.789426,-0.399465,-0.586752,-12.188036,0.018710,0.004849,0.000088,0.250000,0.250001,0.159694,102530.015625,1.064872,0.000000,0.000000,1.000000,1.000000,1.000000,1.000000,0.000000,0.000000,0.000000,-0.172222,6.401888
56.969171,3.000000,543.497803,-5.658590,701.652742,2.254774,5.227394,208.640488,210.848480,219.850811,10.323983,0.438283,10.400758,-0.768535,-0.389326,-0.584243,-12.346347,0.017795,0.004916,0.000094,0.250000,0.250001,0.142414,102530.015625,1.065706,0.000000,0.000000,1.000000,1.000000,1.000000,1.000000,0.000000,0.000000,0.000000,-0.151947,6.265372
57.025600,3.000000,549.863525,-5.667070,701.610190,2.170789,5.087484,208.379120,210.602264,219.593905,10.331461,0.437904,10.397293,-0.746006,-0.378355,-0.581683,-12.513044,0.016773,0.004991,0.000101,0.250000,0.250001,0.123683,102530.015625,1.066297,0.000000,0.000000,1.000000,1.000000,1.000000,1.000000,0.000000,0.000000,0.000000,-0.130200,6.125462
57.081557,3.000000,556.173645,-5.675429,701.569257,2.105543,4.952756,208.121323,210.358490,219.339535,10.337816,0.437512,10.392713,-0.723476,-0.367354,-0.579231,-12.678287,0.015799,0.005058,0.000107,0.250000,0.250001,0.104526,102530.015625,1.066015,0.000000,0.000000,1.000000,1.000000,1.000000,1.000000,0.000000,0.000000,0.000000,-0.108521,5.543126
57.136894,3.000000,562.344604,-5.683560,701.530013,2.032667,4.824820,207.867722,210.120361,219.091082,10.343037,0.437112,10.387129,-0.701502,-0.356601,-0.576916,-12.839884,0.014945,0.005126,0.000113,0.250000,0.250001,0.085193,102530.015625,1.065892,0.000000,0.000000,1.000000,1.000000,1.000000,1.000000,0.000000,0.000000,0.000000,-0.087156,5.415189
57.191474,3.000000,568.550354,-5.691692,701.492510,1.953626,4.699986,207.618958,209.881195,218.841576,10.347129,0.436707,10.380503,-0.679317,-0.345718,-0.574670,-13.002393,0.014087,0.005195,0.000119,0.250000,0.250001,0.065838,102530.015625,1.065985,0.000000,0.000000,1.000000,1.000000,1.000000,1.000000,0.000000,0.000000,0.000000,-0.066008,5.290355
57.246681,3.000000,574.747803,-5.699769,701.455797,1.867078,4.579172,207.368698,209.642700,218.592797,10.350186,0.436279,10.372660,-0.657079,-0.334781,-0.572511,-13.164683,0.013262,0.005272,0.000125,0.250000,0.250001,0.046005,102530.015625,1.066242,0.000000,0.000000,1.000000,1.000000,1.000000,1.000000,0.000000,0.000000,0.000000,-0.044544,5.169541
57.301385,3.000000,580.886108,-5.707726,701.420634,1.806165,4.463338,207.122101,209.406891,218.346805,10.352127,0.435839,10.363749,-0.634922,-0.323857,-0.570456,-13.325425,0.012442,0.005349,0.000130,0.250000,0.250001,0.026102,102530.015625,1.065585,0.000000,0.000000,1.000000,1.000000,1.000000,1.000000,0.000000,0.000000,0.000000,-0.023227,4.597617
57.356679,3.000000,587.083557,-5.715716,701.386312,1.744825,4.350238,206.874359,209.169189,218.098827,10.352978,0.435381,10.353781,-0.612862,-0.312960,-0.568465,-13.487716,0.011718,0.005421,0.000136,0.250000,0.250001,0.005916,102530.015625,1.064694,0.000000,0.000000,1.000000,1.000000,1.000000,1.000000,0.000000,0.000000,0.000000,-0.002026,4.484517
57.413897,3.000000,593.412903,-5.723833,701.352058,1.676832,4.238651,206.619507,208.926834,217.845984,10.352688,0.434903,10.342620,-0.590965,-0.302129,-0.566517,-13.653461,0.011162,0.005492,0.000141,0.250000,0.250001,-0.014777,102530.015625,1.063575,0.000000,0.000000,1.000000,1.000000,1.000000,1.000000,0.000000,0.000000,0.000000,0.019226,4.372930
57.470914,3.000000,599.797729,-5.731975,701.319172,1.605909,4.130015,206.367294,208.682831,217.591421,10.351232,0.434418,10.330450,-0.569160,-0.291322,-0.564638,-13.820657,0.010611,0.005572,0.000146,0.250000,0.250001,-0.035129,102530.015625,1.062825,0.000000,0.000000,1.000000,1.000000,1.000000,1.000000,0.000000,0.000000,0.000000,0.040128,3.920979
57.527083,3.000000,606.124573,-5.739998,701.287972,1.527418,4.026206,206.120438,208.441513,217.339691,10.348674,0.433934,10.317525,-0.547950,-0.280791,-0.562861,-13.986336,0.010108,0.005651,0.000151,0.250000,0.250001,-0.054867,102530.015625,1.062154,0.000000,0.000000,1.000000,1.000000,1.000000,1.000000,0.000000,0.000000,0.000000,0.060301,3.817170
57.581757,3.000000,612.246277,-5.747720,701.258724,1.460889,3.929343,205.881943,208.208557,217.096680,10.345125,0.433448,10.304059,-0.527781,-0.270758,-0.561220,-14.146642,0.009668,0.005729,0.000155,0.250000,0.250001,-0.073773,102530.015625,1.061262,0.000000,0.000000,1.000000,1.000000,1.000000,1.000000,0.000000,0.000000,0.000000,0.079557,3.720307
57.635822,3.000000,618.249695,-5.755252,701.230867,1.403333,3.837713,205.647629,207.980576,216.858861,10.340614,0.432959,10.289959,-0.508419,-0.261111,-0.559685,-14.303851,0.009296,0.005808,0.000160,0.250000,0.250001,-0.092106,102530.015625,1.059954,0.000000,0.000000,1.000000,1.000000,1.000000,1.000000,0.000000,0.000000,0.000000,0.098131,3.628677
57.690228,3.000000,624.299622,-5.762804,701.203867,1.349439,3.748647,205.413391,207.751312,216.619677,10.335087,0.432460,10.275167,-0.489655,-0.251753,-0.558210,-14.462277,0.009035,0.005881,0.000164,0.250000,0.250001,-0.110026,102530.015625,1.058299,0.000000,0.000000,1.000000,1.000000,1.000000,1.000000,0.000000,0.000000,0.000000,0.116031,3.030294
57.744594,3.000000,630.365356,-5.770336,701.177876,1.309034,3.662507,205.180893,207.521927,216.380389,10.328608,0.431961,10.259913,-0.471753,-0.242816,-0.556801,-14.621119,0.008902,0.005949,0.000168,0.250000,0.250001,-0.127214,102530.015625,1.055897,0.000000,0.000000,1.000000,1.000000,1.000000,1.000000,0.000000,0.000000,0.000000,0.132943,2.944155
57.798760,3.000000,636.393616,-5.777784,701.152891,1.301282,3.579824,204.950989,207.294449,216.143074,10.321254,0.431470,10.244681,-0.455543,-0.234731,-0.555465,-14.778977,0.009052,0.006001,0.000171,0.250000,0.250001,-0.143215,102530.015625,1.051659,0.000000,0.000000,1.000000,1.000000,1.000000,1.000000,0.000000,0.000000,0.000000,0.148078,2.861472
57.851446,3.000000,642.246094,-5.784977,701.129359,1.275098,3.502020,204.728867,207.074066,215.913144,10.313315,0.431014,10.230060,-0.441772,-0.227877,-0.554222,-14.932233,0.009528,0.006047,0.000173,0.250000,0.250001,-0.157215,102530.015625,1.048254,0.000000,0.000000,1.000000,1.000000,1.000000,1.000000,0.000000,0.000000,0.000000,0.160870,2.783668
57.904567,3.000000,648.090210,-5.792126,701.106293,1.285413,3.426424,204.506439,206.854477,215.684045,10.304612,0.430576,10.215830,-0.430216,-0.222152,-0.553027,-15.085270,0.010341,0.006080,0.000175,0.250000,0.250001,-0.169319,102530.015625,1.042687,0.000000,0.000000,1.000000,1.000000,1.000000,1.000000,0.000000,0.000000,0.000000,0.171392,2.579643
57.957431,3.000000,654.000305,-5.799319,701.083856,1.270093,3.351655,204.286591,206.632889,215.452810,10.295388,0.430176,10.202458,-0.421254,-0.217758,-0.551854,-15.240034,0.011546,0.006111,0.000177,0.250000,0.250001,-0.178831,102530.015625,1.038164,0.000000,0.000000,1.000000,1.000000,1.000000,1.000000,0.000000,0.000000,0.000000,0.179227,2.504875
58.010345,3.000000,659.834351,-5.806386,701.061781,1.282789,3.279077,204.068039,206.414642,215.225075,10.285728,0.429798,10.189988,-0.414931,-0.214716,-0.550722,-15.392807,0.013026,0.006142,0.000178,0.250000,0.250001,-0.185527,102530.015625,1.032323,0.000000,0.000000,1.000000,1.000000,1.000000,1.000000,0.000000,0.000000,0.000000,0.184458,2.432297
58.063315,3.000000,665.700256,-5.813457,701.039917,1.280591,3.206846,203.850571,206.194412,214.995204,10.275826,0.429437,10.178774,-0.411520,-0.213179,-0.549600,-15.546413,0.014636,0.006225,0.000168,0.250000,0.250001,-0.187107,102530.015625,1.027706,0.000000,0.000000,1.000000,1.000000,1.000000,1.000000,0.000000,0.000000,0.000000,0.186786,2.360066
58.117692,3.000000,671.639526,-5.820587,701.017568,1.270460,3.134001,203.628693,205.970184,214.761181,10.265716,0.429057,10.168606,-0.410565,-0.212916,-0.548473,-15.701941,0.016312,0.006289,0.000148,0.250000,0.250001,-0.184444,102530.015625,1.023136,0.000000,0.000000,1.000000,1.000000,1.000000,1.000000,0.000000,0.000000,0.000000,0.186687,2.499473
58.172372,3.000000,677.685913,-5.827813,700.995065,1.254591,3.059719,203.406845,205.742432,214.523495,10.255777,0.428687,10.159767,-0.411872,-0.213831,-0.547318,-15.860275,0.018181,0.006335,0.000130,0.250000,0.250001,-0.179093,102530.015625,1.019132,0.000000,0.000000,1.000000,1.000000,1.000000,1.000000,0.000000,0.000000,0.000000,0.184355,2.425190
58.226057,3.000000,683.623596,-5.834879,700.972823,1.251783,2.986263,203.190186,205.519348,214.290614,10.246381,0.428358,10.152669,-0.415447,-0.215921,-0.546168,-16.015760,0.020161,0.006364,0.000112,0.250000,0.250001,-0.171161,102530.015625,1.014360,0.000000,0.000000,1.000000,1.000000,1.000000,1.000000,0.000000,0.000000,0.000000,0.179730,2.351734
58.279862,3.000000,689.533752,-5.841884,700.950262,1.233228,2.912243,202.974045,205.297821,214.059349,10.237464,0.428059,10.147093,-0.421096,-0.219093,-0.544998,-16.170527,0.022201,0.006398,0.000095,0.250000,0.250001,-0.160599,102530.015625,1.010871,0.000000,0.000000,1.000000,1.000000,1.000000,1.000000,0.000000,0.000000,0.000000,0.173108,2.481409
58.334169,3.000000,695.473511,-5.848895,700.927111,1.227918,2.836596,202.756775,205.075638,213.827432,10.229115,0.427782,10.143236,-0.428845,-0.223367,-0.543788,-16.326067,0.024315,0.006425,0.000078,0.250000,0.250001,-0.147369,102530.015625,1.006677,0.000000,0.000000,1.000000,1.000000,1.000000,1.000000,0.000000,0.000000,0.000000,0.164295,2.405761
58.387948,3.000000,701.417419,-5.855881,700.903694,1.218091,2.759254,202.542480,204.853821,213.595797,10.221627,0.427536,10.141257,-0.438686,-0.228741,-0.542534,-16.481716,0.026558,0.006453,0.000062,0.250000,0.250001,-0.131758,102530.015625,1.003075,0.000000,0.000000,1.000000,1.000000,1.000000,1.000000,0.000000,0.000000,0.000000,0.153548,2.328419
58.441275,3.000000,707.262634,-5.862724,700.879892,1.217664,2.681260,202.330612,204.636154,213.368522,10.215098,0.427318,10.141153,-0.450191,-0.234989,-0.541252,-16.634781,0.028759,0.006479,0.000047,0.250000,0.250001,-0.113920,102530.015625,0.999286,0.000000,0.000000,1.000000,1.000000,1.000000,1.000000,0.000000,0.000000,0.000000,0.141070,2.250425
58.495242,3.000000,713.135620,-5.869571,700.855104,1.230970,2.600609,202.116653,204.417877,213.140564,10.209530,0.427129,10.143269,-0.463932,-0.242421,-0.539905,-16.788572,0.031068,0.006492,0.000032,0.250000,0.250001,-0.093470,102530.015625,0.994939,0.000000,0.000000,1.000000,1.000000,1.000000,1.000000,0.000000,0.000000,0.000000,0.126214,2.376789
58.549110,3.000000,719.026855,-5.876411,700.829545,1.217359,2.517022,201.903488,204.199310,212.912281,10.205139,0.426973,10.147535,-0.479691,-0.250924,-0.538485,-16.942842,0.033480,0.006507,0.000018,0.250000,0.250001,-0.070696,102530.015625,0.992109,0.000000,0.000000,1.000000,1.000000,1.000000,1.000000,0.000000,0.000000,0.000000,0.109524,2.293202
58.602648,3.000000,724.895447,-5.883198,700.803258,1.191846,2.430809,201.691910,203.982056,212.685346,10.202047,0.426833,10.153625,-0.496548,-0.260019,-0.536996,-17.096519,0.035766,0.006541,0.000005,0.250000,0.250001,-0.046083,102530.015625,0.990264,0.000000,0.000000,1.000000,1.000000,1.000000,1.000000,0.000000,0.000000,0.000000,0.091872,2.206988
58.655611,3.000000,730.654846,-5.889832,700.776335,1.190992,2.343164,201.482819,203.769196,212.462965,10.200331,0.426705,10.161551,-0.514098,-0.269491,-0.535459,-17.247337,0.037839,0.006568,-0.000007,0.250000,0.250001,-0.020122,102530.015625,0.987891,0.000000,0.000000,1.000000,1.000000,1.000000,1.000000,0.000000,0.000000,0.000000,0.073384,2.119344
58.709266,3.000000,736.525024,-5.896565,700.748061,1.193189,2.250517,201.271057,203.552536,212.236580,10.200037,0.426589,10.171774,-0.533381,-0.279897,-0.533808,-17.401054,0.040024,0.006585,-0.000019,0.250000,0.250001,0.007663,102530.015625,0.985318,0.000000,0.000000,1.000000,1.000000,1.000000,1.000000,0.000000,0.000000,0.000000,0.053262,2.217841
58.763398,3.000000,742.432312,-5.903313,700.718455,1.160108,2.153676,201.057266,203.337265,212.011648,10.201207,0.426523,10.183990,-0.553716,-0.290876,-0.532049,-17.555744,0.042456,0.006543,-0.000014,0.250000,0.250001,0.033960,102530.015625,0.983845,0.000000,0.000000,1.000000,1.000000,1.000000,1.000000,0.000000,0.000000,0.000000,0.032178,2.121000
58.818102,3.000000,748.360168,-5.910053,700.687403,1.137891,2.052743,200.841080,203.122208,211.786879,10.203871,0.426493,10.198089,-0.574613,-0.302174,-0.530188,-17.710972,0.044616,0.006563,-0.000006,0.250000,0.250001,0.061906,102530.015625,0.982813,0.000000,0.000000,1.000000,1.000000,1.000000,1.000000,0.000000,0.000000,0.000000,0.010398,2.020067
58.873293,3.000000,754.376526,-5.916862,700.654903,1.088636,1.946381,200.622604,202.904205,211.559011,10.208142,0.426457,10.213918,-0.595960,-0.313737,-0.528200,-17.868519,0.046584,0.006609,0.000001,0.250000,0.250001,0.091163,102530.015625,0.983512,0.000000,0.000000,1.000000,1.000000,1.000000,1.000000,0.000000,0.000000,0.000000,-0.011573,1.913705
58.923351,3.000000,759.772278,-5.922941,700.624427,1.033521,1.847669,200.424164,202.708908,211.354915,10.213420,0.426404,10.229313,-0.614481,-0.323799,-0.526332,-18.009813,0.047889,0.006668,0.000009,0.250000,0.250001,0.117930,102530.015625,0.985366,0.000000,0.000000,1.000000,1.000000,1.000000,1.000000,0.000000,0.000000,0.000000,-0.030764,1.982702
58.978652,3.000000,765.792480,-5.929694,700.589723,0.950635,1.734012,200.204605,202.491348,211.127462,10.220800,0.426306,10.247089,-0.633756,-0.334315,-0.524159,-18.167459,0.048930,0.006752,0.000017,0.250000,0.250001,0.147004,102530.015625,0.989209,0.000000,0.000000,1.000000,1.000000,1.000000,1.000000,0.000000,0.000000,0.000000,-0.050435,1.869046
59.034056,3.000000,771.779785,-5.936377,700.553973,0.862318,1.617630,199.984161,202.275223,210.901610,10.229765,0.426150,10.265176,-0.650541,-0.343537,-0.521912,-18.324244,0.049246,0.006853,0.000025,0.250000,0.250001,0.174511,102530.015625,0.993985,0.000000,0.000000,1.000000,1.000000,1.000000,1.000000,0.000000,0.000000,0.000000,-0.067660,1.752664
59.088002,3.000000,777.637756,-5.942884,700.518357,0.821241,1.500965,199.769028,202.063995,210.680786,10.239887,0.425939,10.283031,-0.664653,-0.351357,-0.519640,-18.477642,0.049102,0.006943,0.000033,0.250000,0.250001,0.199007,102530.015625,0.997049,0.000000,0.000000,1.000000,1.000000,1.000000,1.000000,0.000000,0.000000,0.000000,-0.082221,1.257590
59.142654,3.000000,783.588806,-5.949462,700.481565,0.754957,1.379955,199.550537,201.849472,210.456640,10.251418,0.425682,10.301342,-0.677053,-0.358293,-0.517267,-18.633476,0.048690,0.007027,0.000041,0.250000,0.250001,0.221132,102530.015625,1.001739,0.000000,0.000000,1.000000,1.000000,1.000000,1.000000,0.000000,0.000000,0.000000,-0.094944,1.136580
59.196590,3.000000,789.395630,-5.955851,700.444690,0.682264,1.259869,199.334366,201.640320,210.238041,10.263896,0.425376,10.319077,-0.686493,-0.363667,-0.514897,-18.785536,0.047760,0.007128,0.000050,0.250000,0.250001,0.239794,102530.015625,1.007065,0.000000,0.000000,1.000000,1.000000,1.000000,1.000000,0.000000,0.000000,0.000000,-0.104776,1.016495
59.249768,3.000000,795.101929,-5.962097,700.407939,0.603590,1.140412,199.120422,201.434830,210.023372,10.277082,0.425020,10.335717,-0.692606,-0.367280,-0.512528,-18.934961,0.046220,0.007239,0.000058,0.250000,0.250001,0.254326,102530.015625,1.013447,0.000000,0.000000,1.000000,1.000000,1.000000,1.000000,0.000000,0.000000,0.000000,-0.111184,0.897038
59.304301,3.000000,800.974304,-5.968495,700.370037,0.535413,1.016592,198.900818,201.223450,209.802562,10.291272,0.424589,10.351684,-0.695536,-0.369222,-0.510064,-19.088736,0.044389,0.007351,0.000067,0.250000,0.250001,0.264806,102530.015625,1.019417,0.000000,0.000000,1.000000,1.000000,1.000000,1.000000,0.000000,0.000000,0.000000,-0.114415,0.388657
59.358332,4.000000,806.845398,-5.974860,700.332523,0.454664,0.892481,198.682770,201.012177,209.581887,10.305673,0.422812,10.353375,-0.694994,-0.369322,-0.507586,-19.242477,-0.347710,-0.000839,0.081073,1.000000,0.250001,0.240901,102530.015625,1.837244,1.000000,0.000000,1.000000,1.000000,1.000000,1.000000,1.000000,0.000000,0.000000,-0.090371,0.264545
59.412481,4.000000,812.656860,-5.981298,700.310307,0.407911,0.000000,198.463470,200.292236,208.834926,10.300596,0.345831,10.078467,-0.219912,-0.117282,-0.487648,-19.394657,0.091337,0.021070,0.067952,1.000000,0.327228,-0.340302,102530.015625,1.941633,1.000000,0.000000,1.000000,1.000000,1.000000,1.000000,1.000000,0.000000,0.000000,0.416035,0.180712
59.466198,4.000000,818.386292,-5.988128,700.309508,0.405164,0.000000,198.244308,199.934631,208.462417,10.281637,0.360322,9.939178,0.046021,0.024587,-0.488520,-19.544689,0.085312,-0.080108,0.073270,1.000000,0.395979,-0.291255,102530.015625,1.276977,1.000000,0.000000,1.000000,1.000000,1.000000,1.000000,1.000000,0.000000,0.000000,0.640603,0.172512
59.520331,4.000000,824.218018,-5.995477,700.312556,0.392530,0.000000,198.022324,199.711136,208.229462,10.269363,0.376694,9.936636,0.047234,0.025264,-0.489066,-19.697399,0.064393,-0.012559,0.070014,1.000000,0.458157,-0.175569,102530.015625,0.991578,1.000000,0.000000,1.000000,1.000000,1.000000,1.000000,1.000000,0.000000,0.000000,0.621747,0.000000
59.575087,4.000000,829.977661,-6.003036,700.314757,0.385755,0.000000,197.797272,199.488068,207.996878,10.262288,0.362531,9.933022,0.038955,0.020859,-0.489613,-19.848223,0.047515,-0.003780,0.064398,1.000000,0.514546,-0.091539,102530.015625,1.021402,1.000000,0.000000,1.000000,1.000000,1.000000,1.000000,1.000000,0.000000,0.000000,0.614685,0.000000
59.630017,4.000000,835.892334,-6.011080,700.316917,0.400403,0.000000,197.571198,199.255402,207.754312,10.259055,0.347492,9.929361,0.039989,0.021437,-0.490185,-20.003105,0.033784,-0.002650,0.058966,1.000000,0.565217,-0.032369,102530.015625,1.021044,1.000000,0.000000,1.000000,1.000000,1.000000,1.000000,1.000000,0.000000,0.000000,0.614886,0.000000
59.683663,4.000000,841.614502,-6.019105,700.319104,0.393201,0.000000,197.350159,199.027451,207.516641,10.258447,0.332573,9.926196,0.042958,0.023056,-0.490746,-20.152946,0.022871,-0.003551,0.054074,1.000000,0.609592,0.006386,102530.015625,1.050961,1.000000,0.000000,1.000000,1.000000,1.000000,1.000000,1.000000,0.000000,0.000000,0.619061,0.000000
59.738867,4.000000,847.493469,-6.027572,700.321994,0.383985,0.000000,197.122543,198.789932,207.269048,10.259544,0.320309,9.919150,0.058077,0.031207,-0.491332,-20.306894,0.013611,-0.004740,0.049511,1.000000,0.650536,0.031226,102530.015625,1.052442,1.000000,0.000000,1.000000,1.000000,1.000000,1.000000,1.000000,0.000000,0.000000,0.633591,0.000000
59.790347,4.000000,852.987976,-6.035668,700.325343,0.394971,0.000000,196.910019,198.565765,207.035307,10.261465,0.309482,9.916774,0.067749,0.036445,-0.491887,-20.450773,0.006590,-0.002569,0.045819,1.000000,0.684851,0.042829,102530.015625,1.028516,1.000000,0.000000,1.000000,1.000000,1.000000,1.000000,1.000000,0.000000,0.000000,0.640972,0.000000
59.844487,4.000000,858.689453,-6.044230,700.328816,0.403944,0.000000,196.686646,198.331375,206.790947,10.263857,0.295493,9.923570,0.060949,0.032826,-0.492468,-20.600073,0.000561,-0.000456,0.042394,1.000000,0.717297,0.046383,102530.015625,1.013371,1.000000,0.000000,1.000000,1.000000,1.000000,1.000000,1.000000,0.000000,0.000000,0.632142,0.000000
59.898766,4.000000,864.477051,-6.053074,700.332094,0.401258,0.000000,196.462494,198.090317,206.539676,10.266323,0.284343,9.925027,0.062149,0.033513,-0.493067,-20.751627,-0.004826,-0.003817,0.039087,1.000000,0.746473,0.045969,102530.015625,1.024067,1.000000,0.000000,1.000000,1.000000,1.000000,1.000000,1.000000,0.000000,0.000000,0.633353,0.000000
59.951754,4.000000,870.106323,-6.061806,700.335363,0.401136,0.000000,196.243393,197.853134,206.292395,10.268623,0.276629,9.928061,0.061359,0.033127,-0.493658,-20.899036,-0.009607,-0.006219,0.036094,1.000000,0.772047,0.042769,102530.015625,1.017636,1.000000,0.000000,1.000000,1.000000,1.000000,1.000000,1.000000,0.000000,0.000000,0.631337,0.000000
60.019449,4.000000,875.771118,-6.070707,700.339423,0.397169,0.000000,195.961700,197.611572,206.040590,10.271237,0.268031,9.929768,0.060505,0.032706,-0.494262,-21.047375,-0.015369,-0.007394,0.032695,1.000000,0.801062,0.037223,102530.015625,1.034615,1.000000,0.000000,1.000000,1.000000,1.000000,1.000000,1.000000,0.000000,0.000000,0.632168,0.000000
60.073011,4.000000,882.954346,-6.082135,700.342703,0.402601,0.000000,195.739334,197.301178,205.716948,10.273003,0.263433,9.932579,0.061000,0.033025,-0.495039,-21.235476,-0.019559,-0.009145,0.030252,1.000000,0.821335,0.031144,102530.015625,1.023054,1.000000,0.000000,1.000000,1.000000,1.000000,1.000000,1.000000,0.000000,0.000000,0.629557,0.000000
60.127104,4.000000,888.611511,-6.091224,700.345853,0.415357,0.000000,195.514145,197.053802,205.459062,10.274421,0.259708,9.936752,0.056828,0.030805,-0.495660,-21.383614,-0.023446,-0.008134,0.028101,1.000000,0.839715,0.023963,102530.015625,1.012468,1.000000,0.000000,1.000000,1.000000,1.000000,1.000000,1.000000,0.000000,0.000000,0.623788,0.000000
60.182844,4.000000,894.506409,-6.100765,700.348674,0.419813,0.000000,195.281189,196.793213,205.187400,10.275452,0.254208,9.942748,0.047768,0.025928,-0.496317,-21.537979,-0.027099,-0.006116,0.026269,1.000000,0.856679,0.015695,102530.015625,1.014352,1.000000,0.000000,1.000000,1.000000,1.000000,1.000000,1.000000,0.000000,0.000000,0.613921,0.000000
60.236895,4.000000,900.198853,-6.110034,700.350970,0.433973,0.936566,195.054489,196.538605,204.921937,10.276010,0.248930,9.947852,0.039782,0.021621,-0.520223,-21.687040,-0.030418,-0.006191,0.024613,1.000000,0.871412,0.007736,102530.015625,1.010501,0.000000,0.000000,1.000000,1.000000,1.000000,1.000000,1.000000,0.000000,0.000000,0.604857,0.000000
60.292198,4.000000,906.020874,-6.119559,700.352778,0.434766,0.942736,194.821365,196.275360,204.647530,10.276137,0.243414,9.953745,0.029323,0.015958,-0.521074,-21.839497,-0.033708,-0.005859,0.023126,1.000000,0.884920,-0.000418,102530.015625,1.010859,0.000000,0.000000,1.000000,1.000000,1.000000,1.000000,1.000000,0.000000,0.000000,0.593549,0.000000
60.347314,4.000000,911.793213,-6.129035,700.354138,0.422620,0.000000,194.587952,196.011154,204.372057,10.275827,0.240092,9.955930,0.023768,0.012953,-0.498297,-21.990652,-0.036522,-0.010710,0.021495,1.000000,0.896971,-0.007835,102530.015625,1.028253,1.000000,0.000000,1.000000,1.000000,1.000000,1.000000,1.000000,0.000000,0.000000,0.588267,0.000000
60.402740,4.000000,917.582947,-6.138558,700.355472,0.433057,0.000000,194.351959,195.742996,204.092445,10.275149,0.242665,9.954867,0.024780,0.013523,-0.498979,-22.142262,-0.039305,-0.016478,0.019649,1.000000,0.907817,-0.013834,102530.015625,1.027065,1.000000,0.000000,1.000000,1.000000,1.000000,1.000000,1.000000,0.000000,0.000000,0.588297,0.000000
60.457637,4.000000,923.351440,-6.148048,700.356680,0.439344,0.000000,194.117004,195.473068,203.811054,10.274151,0.246892,9.956950,0.019960,0.010907,-0.499668,-22.293316,-0.041780,-0.015451,0.018193,1.000000,0.917434,-0.019730,102530.015625,1.017666,1.000000,0.000000,1.000000,1.000000,1.000000,1.000000,1.000000,0.000000,0.000000,0.581991,0.000000
60.513260,4.000000,929.154541,-6.157589,700.357544,0.421033,0.000000,193.877502,195.198593,203.524887,10.272819,0.248526,9.957634,0.014994,0.008205,-0.500371,-22.445276,-0.044026,-0.011416,0.017131,1.000000,0.926155,-0.025157,102530.015625,1.041262,1.000000,0.000000,1.000000,1.000000,1.000000,1.000000,1.000000,0.000000,0.000000,0.577616,0.000000
60.569387,4.000000,935.032837,-6.167222,700.358561,0.428724,0.000000,193.634354,194.917191,203.231454,10.271214,0.246685,9.953975,0.019799,0.010850,-0.501093,-22.599205,-0.046193,-0.010964,0.016229,1.000000,0.934022,-0.029451,102530.015625,1.027372,1.000000,0.000000,1.000000,1.000000,1.000000,1.000000,1.000000,0.000000,0.000000,0.580637,0.000000
60.624764,4.000000,940.811340,-6.176654,700.359396,0.429517,0.000000,193.393051,194.638367,202.940764,10.269379,0.247168,9.956741,0.012211,0.006701,-0.501811,-22.750523,-0.047923,-0.013321,0.015224,1.000000,0.940962,-0.033909,102530.015625,1.020331,1.000000,0.000000,1.000000,1.000000,1.000000,1.000000,1.000000,0.000000,0.000000,0.571545,0.000000
60.677949,4.000000,946.375305,-6.185693,700.359905,0.423170,0.000000,193.159973,194.367340,202.658186,10.267425,0.247458,9.955378,0.010307,0.005665,-0.502510,-22.896219,-0.049500,-0.010140,0.014628,1.000000,0.946938,-0.036500,102530.015625,1.033320,1.000000,0.000000,1.000000,1.000000,1.000000,1.000000,1.000000,0.000000,0.000000,0.569790,0.000000
60.731092,4.000000,951.893982,-6.194601,700.360288,0.427930,0.000000,192.925705,194.096527,202.375831,10.265350,0.246027,9.957172,0.004582,0.002522,-0.503211,-23.040731,-0.050728,-0.011270,0.014019,1.000000,0.952306,-0.039036,102530.015625,1.019258,1.000000,0.000000,1.000000,1.000000,1.000000,1.000000,1.000000,0.000000,0.000000,0.562067,0.000000
60.784770,4.000000,957.475891,-6.203551,700.360374,0.424207,0.000000,192.687531,193.820618,202.088137,10.263152,0.248331,9.956771,0.000868,0.000478,-0.503928,-23.186901,-0.051874,-0.017852,0.013041,1.000000,0.957176,-0.039836,102530.015625,1.031903,1.000000,0.000000,1.000000,1.000000,1.000000,1.000000,1.000000,0.000000,0.000000,0.558137,0.000000
60.838425,4.000000,963.045227,-6.212399,700.360505,0.415601,0.000000,192.447968,193.543320,201.799005,10.260975,0.254300,9.951901,0.004836,0.002669,-0.504650,-23.332739,-0.053014,-0.018300,0.012228,1.000000,0.961548,-0.038678,102530.015625,1.047658,1.000000,0.000000,1.000000,1.000000,1.000000,1.000000,1.000000,0.000000,0.000000,0.562381,0.000000
60.891910,4.000000,968.595215,-6.221112,700.361001,0.423963,0.000000,192.207672,193.265244,201.509101,10.258890,0.259217,9.946253,0.012081,0.006677,-0.505376,-23.478071,-0.054000,-0.016603,0.011655,1.000000,0.965461,-0.036868,102530.015625,1.036933,1.000000,0.000000,1.000000,1.000000,1.000000,1.000000,1.000000,0.000000,0.000000,0.568175,0.000000
60.946481,4.000000,974.165894,-6.229749,700.361489,0.438306,0.000000,191.960968,192.985428,201.217343,10.256836,0.262239,9.948816,0.005662,0.003134,-0.506109,-23.623945,-0.054804,-0.015718,0.011217,1.000000,0.969044,-0.036011,102530.015625,1.015472,1.000000,0.000000,1.000000,1.000000,1.000000,1.000000,1.000000,0.000000,0.000000,0.559144,0.000000
60.996854,4.000000,979.378235,-6.237738,700.361353,0.443861,0.000000,191.731766,192.722824,200.943515,10.254980,0.264670,9.955205,-0.007488,-0.004150,-0.506798,-23.760435,-0.055479,-0.015773,0.010854,1.000000,0.972021,-0.035237,102530.015625,0.993015,0.000000,0.000000,1.000000,1.000000,1.000000,1.000000,1.000000,0.000000,0.000000,0.543645,0.000000
61.052278,4.000000,985.097412,-6.246404,700.360320,0.435987,0.000000,191.478043,192.433609,200.641955,10.253007,0.268588,9.959126,-0.020936,-0.011621,-0.507560,-23.910198,-0.056453,-0.018213,0.010342,1.000000,0.974966,-0.032943,102530.015625,1.037183,1.000000,0.000000,1.000000,1.000000,1.000000,1.000000,1.000000,0.000000,0.000000,0.532367,0.000000
61.106588,4.000000,990.697571,-6.254751,700.359227,0.429090,0.000000,191.227844,192.148270,200.344443,10.251256,0.273970,9.956441,-0.019455,-0.010815,-0.508314,-24.056843,-0.057667,-0.020486,0.009795,1.000000,0.977551,-0.029107,102530.015625,1.045941,1.000000,0.000000,1.000000,1.000000,1.000000,1.000000,1.000000,0.000000,0.000000,0.533428,0.000000
61.161196,4.000000,996.367126,-6.263005,700.359896,0.428724,0.000000,190.974731,191.853729,200.037321,10.249874,0.258205,9.903840,0.056857,0.031656,-0.509094,-24.205307,-0.060849,0.051379,0.013572,1.000000,0.979881,-0.016094,102530.015625,1.289701,1.000000,0.000000,1.000000,1.000000,1.000000,1.000000,1.000000,0.000000,0.000000,0.624507,0.074579
61.215172,4.000000,1001.857544,-6.270607,700.369576,0.405897,0.000000,190.723648,191.558945,199.729414,10.249775,0.208799,9.784160,0.260421,0.145217,-0.509879,-24.349079,-0.068076,0.018016,0.014095,1.000000,0.981946,0.010959,102530.015625,1.423291,1.000000,0.000000,1.000000,1.000000,1.000000,1.000000,1.000000,0.000000,0.000000,0.837410,0.101385
61.269607,4.000000,1007.439087,-6.277848,700.390152,0.395643,0.000000,190.470642,191.259491,199.416285,10.250669,0.196203,9.698031,0.428468,0.239298,-0.510679,-24.495237,-0.073866,-0.003812,0.013422,1.000000,0.983815,0.020355,102530.015625,1.239316,1.000000,0.000000,1.000000,1.000000,1.000000,1.000000,1.000000,0.000000,0.000000,0.991783,0.165358
61.323027,4.000000,1012.913147,-6.284598,700.416082,0.405408,0.000000,190.223129,190.968140,199.112026,10.251689,0.196164,9.659020,0.507931,0.284111,-0.511460,-24.638580,-0.078215,-0.011866,0.012793,1.000000,0.985460,0.018226,102530.015625,1.118610,1.000000,0.000000,1.000000,1.000000,1.000000,1.000000,1.000000,0.000000,0.000000,1.061880,0.000000
61.377002,4.000000,1018.425232,-6.291150,700.444856,0.409559,0.000000,189.973831,190.675308,198.806595,10.252429,0.199540,9.640233,0.544291,0.304916,-0.512245,-24.782921,-0.081763,-0.012758,0.012373,1.000000,0.986953,0.010905,102530.015625,1.089967,1.000000,0.000000,1.000000,1.000000,1.000000,1.000000,1.000000,0.000000,0.000000,1.095207,0.000000
61.428042,4.000000,1023.563293,-6.297063,700.473575,0.403883,0.000000,189.738358,190.402176,198.521792,10.252699,0.202140,9.625675,0.571110,0.320399,-0.512980,-24.917465,-0.084568,-0.012171,0.012108,1.000000,0.988223,0.001550,102530.015625,1.070526,1.000000,0.000000,1.000000,1.000000,1.000000,1.000000,1.000000,0.000000,0.000000,1.120139,0.039642
61.481306,4.000000,1029.108276,-6.303245,700.504523,0.387830,0.000000,189.492889,190.108047,198.215264,10.252388,0.203255,9.617094,0.585793,0.329144,-0.513773,-25.062666,-0.086750,-0.010647,0.012000,1.000000,0.989417,-0.011079,102530.015625,1.068365,1.000000,0.000000,1.000000,1.000000,1.000000,1.000000,1.000000,0.000000,0.000000,1.133240,0.143083
61.533436,4.000000,1034.356689,-6.308908,700.535582,0.387769,0.000000,189.252563,189.829742,197.925182,10.251408,0.205308,9.607943,0.600611,0.337965,-0.514526,-25.200102,-0.088456,-0.011240,0.011774,1.000000,0.990468,-0.024262,102530.015625,1.050758,1.000000,0.000000,1.000000,1.000000,1.000000,1.000000,1.000000,0.000000,0.000000,1.146177,0.000000
61.585731,4.000000,1039.656494,-6.314441,700.567222,0.383497,0.000000,189.010834,189.549149,197.632816,10.249690,0.203737,9.601609,0.608014,0.342637,-0.515288,-25.338882,-0.089637,-0.004930,0.012060,1.000000,0.991418,-0.038625,102530.015625,1.048798,1.000000,0.000000,1.000000,1.000000,1.000000,1.000000,1.000000,0.000000,0.000000,1.152707,0.011751
61.641587,4.000000,1045.290894,-6.320123,700.601227,0.396497,0.000000,188.752289,189.251511,197.322758,10.247000,0.199625,9.600079,0.607770,0.343037,-0.516097,-25.486423,-0.090289,-0.006725,0.012133,1.000000,0.992328,-0.055135,102530.015625,1.011384,1.000000,0.000000,1.000000,1.000000,1.000000,1.000000,1.000000,0.000000,0.000000,1.148844,0.122717
61.697296,4.000000,1050.960938,-6.325664,700.634410,0.417676,0.000000,188.493622,188.953217,197.012299,10.243373,0.198838,9.608297,0.588020,0.332413,-0.516910,-25.634899,-0.090263,-0.010330,0.011979,1.000000,0.993140,-0.072324,102530.015625,0.983423,1.000000,0.000000,1.000000,1.000000,1.000000,1.000000,1.000000,0.000000,0.000000,1.126151,0.232565
61.749666,4.000000,1056.302734,-6.330737,700.664518,0.419630,0.000000,188.249512,188.672623,196.720230,10.239136,0.198943,9.611989,0.570510,0.322994,-0.517678,-25.774780,-0.090044,-0.008239,0.012040,1.000000,0.993824,-0.086557,102530.015625,1.024611,1.000000,0.000000,1.000000,1.000000,1.000000,1.000000,1.000000,0.000000,0.000000,1.110557,0.000000
61.803093,4.000000,1061.665405,-6.335647,700.694900,0.405897,0.000000,187.999252,188.390671,196.426530,10.234113,0.197239,9.607061,0.568724,0.322464,-0.518452,-25.915207,-0.089823,-0.007504,0.012124,1.000000,0.994452,-0.098933,102530.015625,1.037140,1.000000,0.000000,1.000000,1.000000,1.000000,1.000000,1.000000,0.000000,0.000000,1.108750,0.051211
61.858215,4.000000,1067.166504,-6.340461,700.726328,0.398023,0.000000,187.739807,188.101685,196.125474,10.228279,0.194297,9.598564,0.572117,0.324886,-0.519248,-26.059259,-0.089526,-0.004708,0.012358,1.000000,0.995033,-0.110407,102530.015625,1.042791,1.000000,0.000000,1.000000,1.000000,1.000000,1.000000,1.000000,0.000000,0.000000,1.111732,0.153080
61.913573,4.000000,1072.751465,-6.345106,700.758033,0.400892,0.000000,187.478058,187.808960,195.820547,10.221799,0.188005,9.592163,0.572087,0.325374,-0.520056,-26.205507,-0.089045,-0.002344,0.012745,1.000000,0.995555,-0.121444,102530.015625,1.031663,1.000000,0.000000,1.000000,1.000000,1.000000,1.000000,1.000000,0.000000,0.000000,1.109824,0.257222
61.970077,4.000000,1078.456909,-6.349598,700.790406,0.399061,0.000000,187.209732,187.510391,195.509480,10.214604,0.183810,9.583502,0.573700,0.326811,-0.520884,-26.354910,-0.088552,-0.007788,0.012668,1.000000,0.996032,-0.131166,102530.015625,1.032432,1.000000,0.000000,1.000000,1.000000,1.000000,1.000000,1.000000,0.000000,0.000000,1.110625,0.000000
62.024572,4.000000,1083.944458,-6.353674,700.821440,0.402357,0.000000,186.950043,187.224213,195.211464,10.207161,0.186048,9.580941,0.566065,0.322954,-0.521679,-26.498606,-0.087890,-0.014349,0.012234,1.000000,0.996443,-0.140116,102530.015625,1.007955,1.000000,0.000000,1.000000,1.000000,1.000000,1.000000,1.000000,0.000000,0.000000,1.100466,0.009326
62.079984,4.000000,1089.504272,-6.357570,700.852405,0.389173,0.000000,186.684906,186.934921,194.910200,10.199129,0.191511,9.576023,0.557559,0.318593,-0.522485,-26.644196,-0.087227,-0.015160,0.011906,1.000000,0.996817,-0.147460,102530.015625,1.046447,1.000000,0.000000,1.000000,1.000000,1.000000,1.000000,1.000000,0.000000,0.000000,1.093459,0.111053
62.135877,4.000000,1095.048096,-6.361167,700.883905,0.374341,0.000000,186.416473,186.646194,194.609322,10.190697,0.195769,9.561166,0.567355,0.324691,-0.523293,-26.789366,-0.086826,-0.012547,0.011791,1.000000,0.997155,-0.152553,102530.015625,1.055315,1.000000,0.000000,1.000000,1.000000,1.000000,1.000000,1.000000,0.000000,0.000000,1.103100,0.000000
62.189515,4.000000,1100.435791,-6.364355,700.914646,0.388807,0.000000,186.158325,186.366135,194.317505,10.182349,0.197788,9.548882,0.574800,0.329446,-0.524078,-26.930447,-0.086430,-0.010094,0.011801,1.000000,0.997445,-0.157121,102530.015625,1.037002,1.000000,0.000000,1.000000,1.000000,1.000000,1.000000,1.000000,0.000000,0.000000,1.108394,0.015964
62.243939,4.000000,1105.879761,-6.367305,700.945129,0.429639,2.872747,185.895767,186.085648,194.025703,10.173559,0.197160,9.563313,0.541657,0.310918,-0.600230,-27.073004,-0.085456,-0.012007,0.011794,1.000000,0.997710,-0.165020,102530.015625,0.913296,0.000000,0.000000,1.000000,1.000000,1.000000,1.000000,1.000000,0.000000,0.000000,1.066335,0.116932
62.298233,4.000000,1111.291260,-6.370104,700.972218,0.486890,2.962909,185.633041,185.809219,193.738380,10.164330,0.202452,9.591606,0.476095,0.273690,-0.603489,-27.214708,-0.084161,-0.018356,0.011335,1.000000,0.997946,-0.172623,102530.015625,0.908171,0.000000,0.000000,1.000000,1.000000,1.000000,1.000000,1.000000,0.000000,0.000000,0.999651,0.207094
62.353157,4.000000,1116.665405,-6.372765,700.995914,0.510511,3.040751,185.366302,185.535599,193.453859,10.154646,0.211455,9.621305,0.408597,0.235233,-0.606424,-27.355436,-0.082639,-0.021522,0.010853,1.000000,0.998160,-0.178043,102530.015625,0.905013,0.000000,0.000000,1.000000,1.000000,1.000000,1.000000,1.000000,0.000000,0.000000,0.929978,0.037772
62.406657,4.000000,1122.000000,-6.375284,701.015328,0.545240,3.106132,185.105377,185.264923,193.172305,10.144975,0.221718,9.650959,0.340079,0.196073,-0.609031,-27.495127,-0.080939,-0.023194,0.010399,1.000000,0.998348,-0.181433,102530.015625,0.901525,0.000000,0.000000,1.000000,1.000000,1.000000,1.000000,1.000000,0.000000,0.000000,0.860677,0.103153
62.460855,4.000000,1127.428345,-6.377711,701.031206,0.578138,3.160144,184.839691,184.990402,192.886657,10.135053,0.232714,9.682072,0.268369,0.154958,-0.611358,-27.637274,-0.079069,-0.024262,0.009960,1.000000,0.998518,-0.182829,102530.015625,0.898186,0.000000,0.000000,1.000000,1.000000,1.000000,1.000000,1.000000,0.000000,1.000000,0.788627,0.157165
62.514246,4.000000,1132.717285,-6.379938,701.043034,0.604444,3.200289,184.576630,184.723831,192.609137,10.125253,0.243737,9.713652,0.196880,0.113843,-0.613300,-27.775770,-0.078428,-0.025029,0.009555,1.000000,0.998669,-0.182583,102530.015625,0.895911,0.000000,0.000000,1.000000,1.000000,1.000000,1.000000,1.000000,0.000000,1.000000,0.716207,0.197311
62.569269,4.000000,1138.124756,-6.382061,701.051116,0.635877,3.228044,184.302795,184.451920,192.325922,10.115176,0.255117,9.746699,0.122971,0.071211,-0.614937,-27.917370,-0.080235,-0.025701,0.009162,1.000000,0.998808,-0.182343,102530.015625,0.895175,0.000000,0.000000,1.000000,1.000000,1.000000,1.000000,1.000000,0.000000,1.000000,0.640970,0.370165
62.621083,4.000000,1143.229736,-6.383921,701.055053,0.654615,3.242291,184.044540,184.195526,192.058753,10.105657,0.265792,9.777876,0.053065,0.030772,-0.616170,-28.051048,-0.083869,-0.026294,0.008816,1.000000,0.998926,-0.183781,102530.015625,0.895941,0.000000,0.000000,1.000000,1.000000,1.000000,1.000000,1.000000,0.000000,1.000000,0.570179,0.384412
62.676915,4.000000,1148.700562,-6.385747,701.055275,0.659742,3.244494,183.764969,183.920898,191.772453,10.095218,0.277225,9.810758,-0.020965,-0.012176,-0.617149,-28.194307,-0.089586,-0.026912,0.008467,1.000000,0.999040,-0.188686,102530.015625,0.898621,0.000000,0.000000,1.000000,1.000000,1.000000,1.000000,1.000000,0.000000,1.000000,0.495032,0.386615
62.733594,4.000000,1154.271606,-6.387422,701.051310,0.676099,3.233001,183.479507,183.641220,191.480710,10.084206,0.288754,9.842875,-0.094786,-0.055132,-0.617783,-28.340191,-0.097028,-0.027541,0.008133,1.000000,0.999143,-0.198375,102530.015625,0.901428,0.000000,0.000000,1.000000,1.000000,1.000000,1.000000,1.000000,0.000000,1.000000,0.420433,0.375122
62.786291,4.000000,1159.442261,-6.388800,701.043916,0.666883,3.210129,183.212555,183.381409,191.209581,10.073330,0.299406,9.871112,-0.161636,-0.094148,-0.618050,-28.475588,-0.105196,-0.028127,0.007840,1.000000,0.999229,-0.212433,102530.015625,0.905856,0.000000,0.000000,1.000000,1.000000,1.000000,1.000000,1.000000,0.000000,1.000000,0.352975,0.565609
62.841168,4.000000,1164.870605,-6.390057,701.032567,0.678907,3.173892,182.933487,183.108307,190.924438,10.061050,0.310432,9.898350,-0.229548,-0.133905,-0.618007,-28.617735,-0.114721,-0.028740,0.007553,1.000000,0.999309,-0.232920,102530.015625,0.909613,0.000000,0.000000,1.000000,1.000000,1.000000,1.000000,1.000000,0.000000,1.000000,0.285008,0.529373
62.895967,4.000000,1170.240601,-6.391102,701.017622,0.685255,3.126009,182.653534,182.837631,190.641757,10.047482,0.321385,9.923128,-0.294731,-0.172183,-0.617645,-28.758354,-0.125091,-0.029363,0.007279,1.000000,0.999381,-0.259528,102530.015625,0.913680,0.000000,0.000000,1.000000,1.000000,1.000000,1.000000,1.000000,0.000000,1.000000,0.219248,0.481489
62.951114,4.000000,1175.634399,-6.391945,700.999060,0.686170,3.066201,182.370667,182.565323,190.357251,10.032166,0.332356,9.945117,-0.357926,-0.209414,-0.616969,-28.899595,-0.136170,-0.029986,0.007017,1.000000,0.999446,-0.292773,102530.015625,0.918012,0.000000,0.000000,1.000000,1.000000,1.000000,1.000000,1.000000,0.000000,1.000000,0.155462,0.593481
63.001378,4.000000,1180.532715,-6.392524,700.979172,0.675550,3.002014,182.111908,182.317566,190.098313,10.016452,0.342311,9.962293,-0.413365,-0.242180,-0.616091,-29.027863,-0.146665,-0.030547,0.006789,1.000000,0.999499,-0.328733,102530.015625,0.922333,0.000000,0.000000,1.000000,1.000000,1.000000,1.000000,1.000000,0.000000,1.000000,0.099386,0.529295
63.057033,4.000000,1185.921875,-6.392949,700.953988,0.657423,2.920937,181.824738,182.044479,189.812873,9.996761,0.353267,9.977593,-0.471874,-0.276873,-0.614843,-29.168983,-0.158507,-0.031143,0.006547,1.000000,0.999552,-0.374908,102530.015625,0.927138,0.000000,0.000000,1.000000,1.000000,1.000000,1.000000,1.000000,0.000000,1.000000,0.039906,0.448217
63.111896,4.000000,1191.313477,-6.393144,700.926046,0.640394,2.829251,181.541000,181.770966,189.526810,9.974658,0.363982,9.988625,-0.527941,-0.310238,-0.613309,-29.310167,-0.170232,-0.031708,0.006320,1.000000,0.999599,-0.426711,102530.015625,0.931367,0.000000,0.000000,1.000000,1.000000,1.000000,1.000000,1.000000,0.000000,1.000000,-0.016237,0.356532
63.166786,4.000000,1196.674561,-6.393103,700.895120,0.633375,2.727981,181.256744,181.498520,189.241904,9.949520,0.374600,9.995513,-0.581611,-0.342290,-0.611508,-29.450552,-0.181843,-0.032258,0.006106,1.000000,0.999641,-0.484370,102530.015625,0.934557,0.000000,0.000000,1.000000,1.000000,1.000000,1.000000,1.000000,0.000000,1.000000,-0.070332,0.450726
63.220699,4.000000,1201.895020,-6.392830,700.861948,0.617078,2.619958,180.977402,181.233017,188.964147,9.921598,0.384923,9.998227,-0.632388,-0.372720,-0.609497,-29.587255,-0.192965,-0.032786,0.005907,1.000000,0.999678,-0.546206,102530.015625,0.937487,0.000000,0.000000,1.000000,1.000000,1.000000,1.000000,1.000000,0.000000,1.000000,-0.121913,0.342704
63.275366,4.000000,1207.160889,-6.392315,700.825561,0.612501,2.501810,180.694107,180.965057,188.683779,9.889736,0.395268,9.996731,-0.682268,-0.402714,-0.607216,-29.725147,-0.203778,-0.033298,0.005715,1.000000,0.999711,-0.613694,102530.015625,0.939047,0.000000,0.000000,1.000000,1.000000,1.000000,1.000000,1.000000,0.000000,1.000000,-0.172879,0.224556
63.329822,4.000000,1212.493042,-6.391541,700.786626,0.572156,2.372940,180.412201,180.693756,188.399837,9.854200,0.405434,9.990746,-0.731608,-0.432488,-0.604649,-29.864775,-0.213883,-0.033761,0.005537,1.000000,0.999741,-0.685276,102530.015625,0.942069,0.000000,0.000000,1.000000,1.000000,1.000000,1.000000,1.000000,0.000000,1.000000,-0.222321,0.095686
63.385214,4.000000,1217.804565,-6.390510,700.744348,0.539381,2.235549,180.125946,180.423737,188.117200,9.813933,0.415580,9.979878,-0.779486,-0.461482,-0.601840,-30.003860,-0.223286,-0.034176,0.005372,1.000000,0.999768,-0.761984,102530.015625,0.943641,0.000000,0.000000,1.000000,1.000000,1.000000,1.000000,1.000000,0.000000,1.000000,-0.271352,0.151643
63.440104,4.000000,1223.150879,-6.389203,700.699846,0.496290,2.088308,179.843063,180.152374,187.833080,9.769749,0.425411,9.964451,-0.826942,-0.490317,-0.598760,-30.143860,-0.231557,-0.034535,0.005222,1.000000,0.999793,-0.841139,102530.015625,0.944900,0.000000,0.000000,1.000000,1.000000,1.000000,1.000000,1.000000,0.000000,1.000000,-0.319160,0.004401
63.491336,4.000000,1228.001587,-6.387675,700.658969,0.423780,0.000000,179.579880,179.896439,187.567335,9.724751,0.391010,9.816784,-0.731246,-0.434192,-0.542938,-30.270880,-0.241610,0.109302,0.012791,1.000000,0.999813,-0.899243,102530.015625,2.410291,1.000000,0.000000,1.000000,1.000000,1.000000,1.000000,1.000000,0.000000,1.000000,-0.146571,0.000000
63.546859,4.000000,1233.410889,-6.384175,700.640600,0.384840,0.000000,179.297760,179.577896,187.240177,9.673877,0.311394,9.428240,-0.143863,-0.085572,-0.543886,-30.412527,-0.259454,0.041100,0.013250,1.000000,0.999833,-0.937293,102530.015625,1.804425,1.000000,0.000000,1.000000,1.000000,1.000000,1.000000,1.000000,0.000000,1.000000,0.419402,0.000000
63.597294,4.000000,1238.228271,-6.379344,700.644616,0.370801,0.000000,179.046829,179.307648,186.958341,9.624932,0.274772,9.202120,0.172453,0.102733,-0.544706,-30.538675,-0.272453,0.017479,0.013690,1.000000,0.999849,-1.001225,102530.015625,1.494453,1.000000,0.000000,1.000000,1.000000,1.000000,1.000000,1.000000,0.000000,1.000000,0.715274,0.000000
63.651103,4.000000,1243.402832,-6.372928,700.661237,0.366651,0.000000,178.786163,179.025589,186.663276,9.568637,0.252499,9.037748,0.367352,0.219182,-0.545567,-30.674175,-0.283560,0.004485,0.013920,1.000000,0.999864,-1.086943,102530.015625,1.296208,1.000000,0.000000,1.000000,1.000000,1.000000,1.000000,1.000000,0.000000,1.000000,0.894745,0.000000
63.706138,4.000000,1248.635864,-6.365502,700.685995,0.351697,0.000000,178.527176,178.744461,186.369324,9.505981,0.240763,8.907407,0.486298,0.290609,-0.546428,-30.811209,-0.292100,-0.005339,0.013804,1.000000,0.999878,-1.184173,102530.015625,1.192425,1.000000,0.000000,1.000000,1.000000,1.000000,1.000000,1.000000,0.000000,1.000000,1.006302,0.000000
63.760999,4.000000,1253.937256,-6.357216,700.715345,0.344068,0.000000,178.276260,178.462662,186.075045,9.438034,0.235023,8.801681,0.555273,0.332352,-0.547292,-30.950029,-0.297561,-0.008077,0.013719,1.000000,0.999891,-1.286355,102530.015625,1.106427,1.000000,0.000000,1.000000,1.000000,1.000000,1.000000,1.000000,0.000000,1.000000,1.067708,0.000000
63.816890,4.000000,1259.265381,-6.348272,700.747505,0.353162,0.000000,178.027527,178.182465,185.782828,9.362969,0.232453,8.711619,0.583081,0.349544,-0.548153,-31.089552,-0.299804,-0.011970,0.013464,1.000000,0.999903,-1.392156,102530.015625,1.051273,1.000000,0.000000,1.000000,1.000000,1.000000,1.000000,1.000000,0.000000,1.000000,1.090989,0.000000
63.871191,4.000000,1264.435425,-6.339087,700.779469,0.346387,0.000000,177.791946,177.912750,185.501792,9.284429,0.230670,8.628363,0.591274,0.354992,-0.548983,-31.224934,-0.298802,-0.010371,0.013412,1.000000,0.999913,-1.493046,102530.015625,1.035649,1.000000,0.000000,1.000000,1.000000,1.000000,1.000000,1.000000,0.000000,1.000000,1.097160,0.000000
63.925201,4.000000,1269.574951,-6.329481,700.811460,0.354200,0.000000,177.562912,177.646683,185.224628,9.200987,0.228078,8.544247,0.592335,0.356162,-0.549805,-31.359518,-0.294710,-0.009101,0.013391,1.000000,0.999922,-1.589120,102530.015625,1.024393,1.000000,0.000000,1.000000,1.000000,1.000000,1.000000,1.000000,0.000000,1.000000,1.096591,0.000000
63.979792,4.000000,1274.773682,-6.319285,700.843532,0.363050,0.000000,177.336182,177.380127,184.947033,9.111542,0.222537,8.460495,0.583952,0.351648,-0.550630,-31.495651,-0.287535,-0.005290,0.013613,1.000000,0.999930,-1.680195,102530.015625,0.992825,1.000000,0.000000,1.000000,1.000000,1.000000,1.000000,1.000000,0.000000,1.000000,1.085392,0.000000
64.035725,4.000000,1280.092773,-6.308362,700.875464,0.365247,0.000000,177.108353,177.110260,184.666176,9.014966,0.215173,8.375038,0.564549,0.340481,-0.551467,-31.634937,-0.279244,-0.003836,0.014205,1.000000,0.999937,-1.765529,102530.015625,0.993978,1.000000,0.000000,1.000000,1.000000,1.000000,1.000000,1.000000,0.000000,1.000000,1.065170,0.000000
64.089593,4.000000,1285.200928,-6.297370,700.905217,0.361280,0.000000,176.892914,176.853516,184.398963,8.917689,0.208337,8.288180,0.546262,0.329930,-0.552266,-31.768700,-0.271153,-0.004086,0.014684,1.000000,0.999944,-1.839611,102530.015625,0.996817,1.000000,0.000000,1.000000,1.000000,1.000000,1.000000,1.000000,0.000000,1.000000,1.046245,0.000000
64.143242,4.000000,1290.270752,-6.285946,700.933984,0.365797,0.000000,176.681763,176.600998,184.136035,8.817070,0.200299,8.195587,0.531756,0.321628,-0.553055,-31.901457,-0.263155,-0.002530,0.015239,1.000000,0.999949,-1.905444,102530.015625,1.001857,1.000000,0.000000,1.000000,1.000000,1.000000,1.000000,1.000000,0.000000,1.000000,1.031316,0.030628
64.197449,4.000000,1295.347290,-6.273958,700.962377,0.361097,0.000000,176.471786,176.350266,183.874962,8.712041,0.194522,8.096900,0.520351,0.315176,-0.553840,-32.034389,-0.255240,-0.006915,0.015422,1.000000,0.999954,-1.964243,102530.015625,1.007391,1.000000,0.000000,1.000000,1.000000,1.000000,1.000000,1.000000,0.000000,1.000000,1.019250,0.000000
64.251316,4.000000,1300.490601,-6.261210,700.990172,0.350477,0.000000,176.266357,176.098267,183.612524,8.604728,0.191418,7.991887,0.515184,0.312493,-0.554631,-32.169075,-0.247660,-0.007681,0.015556,1.000000,0.999959,-2.015146,102530.015625,1.014325,1.000000,0.000000,1.000000,1.000000,1.000000,1.000000,1.000000,0.000000,1.000000,1.013948,0.000000
64.305542,4.000000,1305.572510,-6.247984,701.017818,0.356946,0.000000,176.062653,175.851685,183.355751,8.494128,0.188754,7.886024,0.507153,0.308052,-0.555408,-32.302147,-0.240308,-0.007542,0.015678,1.000000,0.999963,-2.059643,102530.015625,1.007540,1.000000,0.000000,1.000000,1.000000,1.000000,1.000000,1.000000,0.000000,1.000000,1.004660,0.000000
64.359582,4.000000,1310.659180,-6.234111,701.044769,0.362684,0.000000,175.862579,175.606552,183.100520,8.381727,0.185134,7.782169,0.493398,0.300115,-0.556182,-32.435349,-0.233489,-0.005634,0.015903,1.000000,0.999967,-2.096454,102530.015625,0.993669,1.000000,0.000000,1.000000,1.000000,1.000000,1.000000,1.000000,0.000000,1.000000,0.989130,0.021217
64.415242,4.000000,1315.868286,-6.219239,701.071623,0.358900,0.000000,175.659607,175.355850,182.839521,8.264075,0.179268,7.673519,0.477307,0.290742,-0.556976,-32.571751,-0.234762,-0.002686,0.016258,1.000000,0.999971,-2.127657,102530.015625,1.004104,1.000000,0.000000,1.000000,1.000000,1.000000,1.000000,1.000000,0.000000,1.000000,0.972803,0.000000
64.470024,4.000000,1321.008911,-6.203879,701.097422,0.362379,0.000000,175.462753,175.096680,182.569594,8.146770,0.170929,7.560133,0.468814,0.285991,-0.557800,-32.706364,-0.252680,-0.000245,0.016766,1.000000,0.999973,-2.152060,102530.015625,1.026055,1.000000,0.000000,1.000000,1.000000,1.000000,1.000000,1.000000,0.000000,1.000000,0.964747,0.000000
64.523778,4.000000,1326.074707,-6.188045,701.122734,0.349134,0.000000,175.272171,174.816986,182.278088,8.030514,0.165155,7.439857,0.473518,0.289323,-0.558692,-32.839016,-0.282076,-0.005790,0.016993,1.000000,0.999976,-2.171273,102530.015625,1.045726,1.000000,0.000000,1.000000,1.000000,1.000000,1.000000,1.000000,0.000000,1.000000,0.969642,0.000000
64.578114,4.000000,1331.125488,-6.171544,701.148845,0.341505,0.000000,175.081665,174.505768,181.953719,7.912076,0.163314,7.312270,0.485918,0.297428,-0.559687,-32.971275,-0.319515,-0.008608,0.017264,1.000000,0.999979,-2.186113,102530.015625,1.077249,1.000000,0.000000,1.000000,1.000000,1.000000,1.000000,1.000000,0.000000,1.000000,0.982764,0.000000
64.633633,4.000000,1336.322754,-6.153800,701.176676,0.334058,0.000000,174.888565,174.146805,181.579400,7.790381,0.162646,7.176491,0.509014,0.312208,-0.560841,-33.107372,-0.361579,-0.007564,0.017767,1.000000,0.999981,-2.196007,102530.015625,1.064577,1.000000,0.000000,1.000000,1.000000,1.000000,1.000000,1.000000,0.000000,1.000000,1.003637,0.000000
64.688339,4.000000,1341.426514,-6.135658,701.204982,0.329053,0.000000,174.698868,173.756104,181.172144,7.670088,0.158946,7.048079,0.521908,0.320835,-0.562102,-33.241020,-0.402441,-0.003515,0.018653,1.000000,0.999983,-2.200314,102530.015625,1.056691,1.000000,0.000000,1.000000,1.000000,1.000000,1.000000,1.000000,0.000000,1.000000,1.014480,0.000000
64.741112,4.000000,1346.332153,-6.117600,701.232704,0.330213,0.000000,174.515259,173.347702,180.746453,7.553976,0.154600,6.927714,0.527438,0.324998,-0.563426,-33.369476,-0.437254,-0.006136,0.019455,1.000000,0.999985,-2.198999,102530.015625,1.063042,1.000000,0.000000,1.000000,1.000000,1.000000,1.000000,1.000000,0.000000,1.000000,1.018873,0.000000
64.792257,4.000000,1351.031494,-6.099751,701.259918,0.332838,0.000000,174.335464,172.931320,180.312443,7.441663,0.154464,6.810478,0.534640,0.330229,-0.564782,-33.492535,-0.462960,-0.010503,0.020037,1.000000,0.999986,-2.192721,102530.015625,1.057575,1.000000,0.000000,1.000000,1.000000,1.000000,1.000000,1.000000,0.000000,1.000000,1.024338,0.000000
64.847594,4.000000,1356.173096,-6.079724,701.287361,0.343458,3.949806,174.137711,172.462112,179.824094,7.320685,0.187434,6.741740,0.468857,0.290384,-0.678115,-33.627171,-0.477946,-0.062810,0.017860,1.000000,0.999988,-2.178186,102530.015625,0.771205,0.000000,0.000000,1.000000,1.000000,1.000000,1.000000,1.000000,0.000000,1.000000,0.937858,0.000000
64.900348,4.000000,1361.065674,-6.060466,701.307053,0.365980,4.017004,173.944595,172.016327,179.360690,7.206300,0.226988,6.716972,0.323528,0.200894,-0.681774,-33.755287,-0.479527,-0.052956,0.017219,1.000000,0.999989,-2.159795,102530.015625,0.768328,0.000000,0.000000,1.000000,1.000000,1.000000,1.000000,1.000000,0.000000,1.000000,0.791912,0.000000
64.954241,4.000000,1365.975098,-6.041036,701.319256,0.389905,0.000000,173.741089,171.571106,178.897360,7.090367,0.257903,6.692929,0.176396,0.109817,-0.569249,-33.883846,-0.478623,-0.044234,0.016865,1.000000,0.999990,-2.143521,102530.015625,0.781269,1.000000,0.000000,1.000000,1.000000,1.000000,1.000000,1.000000,0.000000,1.000000,0.642874,0.000000
65.009937,4.000000,1371.078979,-6.020669,701.324097,0.405225,0.000000,173.522934,171.109497,178.416367,6.971394,0.275021,6.652920,0.045006,0.028094,-0.570783,-34.017494,-0.475851,-0.027307,0.017274,1.000000,0.999991,-2.129575,102530.015625,0.854829,1.000000,0.000000,1.000000,1.000000,1.000000,1.000000,1.000000,0.000000,1.000000,0.515005,0.000000
65.067840,4.000000,1376.283569,-5.999562,701.323134,0.395643,0.000000,173.286896,170.639313,177.926105,6.848501,0.281182,6.581082,-0.041975,-0.026274,-0.572356,-34.153782,-0.472339,-0.019894,0.017947,1.000000,0.999992,-2.115762,102530.015625,0.948612,1.000000,0.000000,1.000000,1.000000,1.000000,1.000000,1.000000,0.000000,1.000000,0.432125,0.000000
65.120342,4.000000,1381.153931,-5.979321,701.319446,0.386243,0.000000,173.064468,170.199661,177.467610,6.737758,0.281760,6.490830,-0.079846,-0.050110,-0.573835,-34.281319,-0.469075,-0.016229,0.018650,1.000000,0.999992,-2.103453,102530.015625,1.011457,1.000000,0.000000,1.000000,1.000000,1.000000,1.000000,1.000000,0.000000,1.000000,0.398365,0.000000
65.171106,4.000000,1385.729126,-5.959763,701.314838,0.386671,0.000000,172.842010,169.787735,177.038004,6.631301,0.280496,6.394475,-0.095506,-0.060082,-0.575227,-34.401123,-0.466193,-0.014296,0.019310,1.000000,0.999993,-2.091207,102530.015625,1.007052,1.000000,0.000000,1.000000,1.000000,1.000000,1.000000,1.000000,0.000000,1.000000,0.381279,0.000000
65.222700,4.000000,1390.439331,-5.939048,701.309216,0.386732,0.000000,172.608566,169.365723,176.597913,6.523762,0.277460,6.299269,-0.114993,-0.072522,-0.576660,-34.524464,-0.463622,-0.012102,0.019989,1.000000,0.999994,-2.078163,102530.015625,1.008920,1.000000,0.000000,1.000000,1.000000,1.000000,1.000000,1.000000,0.000000,1.000000,0.360689,0.000000
65.273549,4.000000,1395.018311,-5.918341,701.302783,0.393384,0.000000,172.371445,168.957214,176.171837,6.418442,0.271634,6.203804,-0.131200,-0.082943,-0.578055,-34.644371,-0.461374,-0.007323,0.020783,1.000000,0.999995,-2.065077,102530.015625,1.021208,1.000000,0.000000,1.000000,1.000000,1.000000,1.000000,1.000000,0.000000,1.000000,0.344083,0.000000
65.330172,4.000000,1400.190063,-5.894245,701.295080,0.375440,0.000000,172.099731,168.497299,175.692208,6.301939,0.263806,6.089611,-0.136551,-0.086562,-0.579633,-34.779797,-0.459150,-0.008996,0.021473,1.000000,0.999996,-2.050884,102530.015625,1.048046,1.000000,0.000000,1.000000,1.000000,1.000000,1.000000,1.000000,0.000000,1.000000,0.339327,0.000000
65.380292,4.000000,1404.698120,-5.872583,701.288419,0.374158,0.000000,171.852539,168.097549,175.275342,6.199481,0.259375,5.983171,-0.130515,-0.082932,-0.581011,-34.897846,-0.457576,-0.011329,0.021883,1.000000,0.999996,-2.038299,102530.015625,1.054654,1.000000,0.000000,1.000000,1.000000,1.000000,1.000000,1.000000,0.000000,1.000000,0.344656,0.000000
65.436929,4.000000,1409.812744,-5.847230,701.281403,0.352308,0.000000,171.566345,167.644882,174.803321,6.084483,0.254929,5.860343,-0.119096,-0.075881,-0.582580,-35.031776,-0.456355,-0.009133,0.022358,1.000000,0.999996,-2.023695,102530.015625,1.071278,1.000000,0.000000,1.000000,1.000000,1.000000,1.000000,1.000000,0.000000,1.000000,0.355880,0.000000
65.491468,4.000000,1414.652100,-5.822448,701.275481,0.342054,0.000000,171.284058,167.218033,174.358248,5.974504,0.248810,5.740763,-0.103380,-0.066035,-0.584067,-35.158497,-0.455554,-0.008462,0.023143,1.000000,0.999996,-2.010422,102530.015625,1.061681,1.000000,0.000000,1.000000,1.000000,1.000000,1.000000,1.000000,0.000000,1.000000,0.369827,0.000000
65.544226,4.000000,1419.204956,-5.798411,701.270266,0.341932,0.000000,171.005447,166.818481,173.941604,5.868801,0.243336,5.633133,-0.097998,-0.062747,-0.585466,-35.277718,-0.455200,-0.008911,0.023821,1.000000,0.999997,-1.997616,102530.015625,1.032596,1.000000,0.000000,1.000000,1.000000,1.000000,1.000000,1.000000,0.000000,1.000000,0.371769,0.000000
65.598657,4.000000,1424.284668,-5.770805,701.264782,0.339918,0.000000,170.712769,166.374939,173.479060,5.760444,0.238718,5.527725,-0.101939,-0.065445,-0.587027,-35.410736,-0.455077,-0.012111,0.024290,1.000000,0.999997,-1.984858,102530.015625,1.024991,1.000000,0.000000,1.000000,1.000000,1.000000,1.000000,1.000000,0.000000,1.000000,0.366102,0.000000
65.654278,4.000000,1429.223145,-5.743177,701.258982,0.340650,0.000000,170.408356,165.945465,173.031198,5.650410,0.239979,5.419106,-0.104444,-0.067227,-0.588546,-35.540054,-0.455071,-0.017188,0.024399,1.000000,0.999997,-1.972826,102530.015625,1.034148,1.000000,0.000000,1.000000,1.000000,1.000000,1.000000,1.000000,0.000000,1.000000,0.362913,0.000000
65.704789,4.000000,1433.624756,-5.717885,701.253642,0.338087,0.000000,170.127594,165.564102,172.633507,5.551038,0.242825,5.321415,-0.106374,-0.068627,-0.589902,-35.655315,-0.455171,-0.018465,0.024427,1.000000,0.999997,-1.962763,102530.015625,1.029702,1.000000,0.000000,1.000000,1.000000,1.000000,1.000000,1.000000,0.000000,1.000000,0.359440,0.000000
65.760949,4.000000,1438.659546,-5.688179,701.247618,0.331556,0.000000,169.810944,165.129410,172.180202,5.441115,0.245635,5.212295,-0.107319,-0.069419,-0.591455,-35.787155,-0.455316,-0.017175,0.024451,1.000000,0.999997,-1.952873,102530.015625,1.030239,1.000000,0.000000,1.000000,1.000000,1.000000,1.000000,1.000000,0.000000,1.000000,0.357244,0.000000
65.817452,4.000000,1443.669067,-5.657802,701.241503,0.326734,0.000000,169.487946,164.698608,171.730931,5.331041,0.245411,5.102856,-0.108230,-0.070191,-0.593002,-35.918335,-0.455467,-0.013052,0.024603,1.000000,0.999997,-1.944351,102530.015625,1.032652,1.000000,0.000000,1.000000,1.000000,1.000000,1.000000,1.000000,0.000000,1.000000,0.355267,0.000000
65.874233,4.000000,1448.617798,-5.626989,701.235385,0.316358,0.000000,169.159241,164.274506,171.288690,5.220862,0.243042,4.990894,-0.106285,-0.069108,-0.594533,-36.047920,-0.455553,-0.012051,0.024736,1.000000,0.999997,-1.937505,102530.015625,1.048310,1.000000,0.000000,1.000000,1.000000,1.000000,1.000000,1.000000,0.000000,1.000000,0.356980,0.000000
65.929353,4.000000,1453.497803,-5.595803,701.229905,0.309461,0.000000,168.836639,163.857422,170.853775,5.114215,0.240181,4.876856,-0.095015,-0.061937,-0.596046,-36.175709,-0.455545,-0.010577,0.024834,1.000000,0.999997,-1.932808,102530.015625,1.052534,1.000000,0.000000,1.000000,1.000000,1.000000,1.000000,1.000000,0.000000,1.000000,0.367307,0.000000
65.985081,4.000000,1458.394043,-5.563709,701.224945,0.305555,0.000000,168.507309,163.440628,170.419157,5.006629,0.234798,4.764423,-0.086284,-0.056389,-0.597566,-36.303921,-0.455634,-0.007582,0.025002,1.000000,0.999997,-1.928939,102530.015625,1.035272,1.000000,0.000000,1.000000,1.000000,1.000000,1.000000,1.000000,0.000000,1.000000,0.373649,0.000000
66.035762,4.000000,1462.764038,-5.534400,701.220681,0.302625,0.000000,168.205154,163.070084,170.032781,4.908954,0.229239,4.664671,-0.082778,-0.054221,-0.598924,-36.418354,-0.455743,-0.007574,0.025091,1.000000,0.999997,-1.926173,102530.015625,1.032537,1.000000,0.000000,1.000000,1.000000,1.000000,1.000000,1.000000,0.000000,1.000000,0.375829,0.000000
66.090689,4.000000,1467.627441,-5.501054,701.216344,0.289991,0.000000,167.875305,162.659027,169.604140,4.803213,0.224852,4.553403,-0.075068,-0.049295,-0.600438,-36.545708,-0.455713,-0.010592,0.025010,1.000000,0.999997,-1.924807,102530.015625,1.045498,1.000000,0.000000,1.000000,1.000000,1.000000,1.000000,1.000000,0.000000,1.000000,0.383188,0.000000
66.142931,4.000000,1472.200928,-5.468992,701.212562,0.289503,0.000000,167.559616,162.274048,169.202711,4.702693,0.222728,4.451579,-0.071796,-0.047258,-0.601862,-36.665470,-0.455761,-0.011711,0.024831,1.000000,0.999997,-1.923840,102530.015625,1.029995,1.000000,0.000000,1.000000,1.000000,1.000000,1.000000,1.000000,0.000000,1.000000,0.384183,0.000000
66.198899,4.000000,1477.009033,-5.434564,701.208620,0.277967,0.000000,167.219116,161.870819,168.782241,4.595026,0.221959,4.342083,-0.068999,-0.045530,-0.603361,-36.791374,-0.455680,-0.013316,0.024545,1.000000,0.999997,-1.924020,102530.015625,1.031922,1.000000,0.000000,1.000000,1.000000,1.000000,1.000000,1.000000,0.000000,1.000000,0.385919,0.000000
66.254533,4.000000,1481.823242,-5.399350,701.204903,0.276075,0.000000,166.878784,161.468475,168.362676,4.487955,0.220228,4.232552,-0.065109,-0.043070,-0.604865,-36.917439,-0.455444,-0.009471,0.024339,1.000000,0.999997,-1.925486,102530.015625,1.032401,1.000000,0.000000,1.000000,1.000000,1.000000,1.000000,1.000000,0.000000,1.000000,0.388596,0.000000
66.310598,4.000000,1486.648804,-5.363314,701.201394,0.267530,0.000000,166.534149,161.066620,167.943659,4.379933,0.215327,4.121754,-0.060804,-0.040323,-0.606374,-37.043800,-0.455036,-0.006194,0.024225,1.000000,0.999997,-1.928217,102530.015625,1.031966,1.000000,0.000000,1.000000,1.000000,1.000000,1.000000,1.000000,0.000000,1.000000,0.391693,0.000000
66.366194,4.000000,1491.421143,-5.326962,701.197979,0.265394,0.000000,166.190979,160.670929,167.531034,4.272653,0.208404,4.016216,-0.062500,-0.041550,-0.607867,-37.168766,-0.454604,-0.005296,0.024126,1.000000,0.999997,-1.931179,102530.015625,1.021095,1.000000,0.000000,1.000000,1.000000,1.000000,1.000000,1.000000,0.000000,1.000000,0.387971,0.000000
66.422925,4.000000,1496.326416,-5.288875,701.194343,0.264356,0.000000,165.839432,160.265747,167.108502,4.162982,0.201962,3.908048,-0.064778,-0.043173,-0.609404,-37.297218,-0.453934,-0.006291,0.023940,1.000000,0.999997,-1.935270,102530.015625,1.022301,1.000000,0.000000,1.000000,1.000000,1.000000,1.000000,1.000000,0.000000,1.000000,0.384618,0.000000
66.479476,4.000000,1501.142944,-5.250772,701.190623,0.258741,0.000000,165.487915,159.869308,166.695106,4.053398,0.197071,3.798838,-0.065728,-0.043915,-0.610915,-37.423344,-0.453017,-0.008590,0.023657,1.000000,0.999997,-1.940480,102530.015625,1.030214,1.000000,0.000000,1.000000,1.000000,1.000000,1.000000,1.000000,0.000000,1.000000,0.382996,0.000000
66.533467,4.000000,1505.831421,-5.213003,701.187251,0.249403,0.000000,165.151550,159.484528,166.293885,3.948455,0.195267,3.690170,-0.060083,-0.040240,-0.612389,-37.546112,-0.451860,-0.011312,0.023247,1.000000,0.999997,-1.946859,102530.015625,1.031240,1.000000,0.000000,1.000000,1.000000,1.000000,1.000000,1.000000,0.000000,1.000000,0.387579,0.000000
66.586313,4.000000,1510.339355,-5.176052,701.184246,0.247388,0.000000,164.821594,159.115875,165.909468,3.845392,0.195209,3.583568,-0.054540,-0.036613,-0.613808,-37.664158,-0.450615,-0.011474,0.022813,1.000000,0.999997,-1.953623,102530.015625,1.029578,1.000000,0.000000,1.000000,1.000000,1.000000,1.000000,1.000000,0.000000,1.000000,0.391903,0.000000
66.642170,4.000000,1515.014404,-5.137078,701.181183,0.246229,0.000000,164.472122,158.735229,165.512548,3.736074,0.193867,3.476357,-0.056114,-0.037759,-0.615280,-37.786579,-0.449338,-0.009078,0.022415,1.000000,0.999997,-1.960253,102530.015625,1.008509,1.000000,0.000000,1.000000,1.000000,1.000000,1.000000,1.000000,0.000000,1.000000,0.387757,0.000000
66.692718,4.000000,1519.307007,-5.100732,701.178110,0.249036,0.000000,164.155426,158.387207,165.149634,3.636832,0.191391,3.381827,-0.062809,-0.042358,-0.616632,-37.898983,-0.448054,-0.010067,0.022053,1.000000,0.999997,-1.966346,102530.015625,1.006449,1.000000,0.000000,1.000000,1.000000,1.000000,1.000000,1.000000,0.000000,1.000000,0.379854,0.000000
66.749118,4.000000,1524.113892,-5.059406,701.174191,0.252149,0.000000,163.801773,157.999023,164.744810,3.525734,0.191660,3.277784,-0.073077,-0.049403,-0.618147,-38.024857,-0.446446,-0.013226,0.021501,1.000000,0.999997,-1.973258,102530.015625,1.008140,1.000000,0.000000,1.000000,1.000000,1.000000,1.000000,1.000000,0.000000,1.000000,0.368452,0.000000
66.805433,4.000000,1528.867920,-5.017864,701.169996,0.233533,0.000000,163.446426,157.616013,164.345429,3.414343,0.193661,3.166644,-0.074016,-0.050160,-0.619649,-38.149345,-0.444337,-0.012675,0.020927,1.000000,0.999997,-1.982127,102530.015625,1.017107,1.000000,0.000000,1.000000,1.000000,1.000000,1.000000,1.000000,0.000000,1.000000,0.367156,0.000000
66.859326,4.000000,1533.401611,-4.977615,701.168401,0.224866,0.000000,163.108368,157.246246,163.959928,3.306833,0.157587,2.993902,0.009301,0.006318,-0.621106,-38.268066,-0.439315,0.071640,0.022078,1.000000,0.999997,-2.007711,102530.015625,1.197461,1.000000,0.000000,1.000000,1.000000,1.000000,1.000000,1.000000,0.000000,1.000000,0.461925,0.000000
66.911945,4.000000,1537.833740,-4.937634,701.174223,0.208814,0.000000,162.778061,156.880325,163.578106,3.200211,0.104477,2.773964,0.169024,0.115082,-0.622556,-38.384125,-0.433039,0.029773,0.023387,1.000000,0.999997,-2.043695,102530.015625,1.289853,1.000000,0.000000,1.000000,1.000000,1.000000,1.000000,1.000000,0.000000,1.000000,0.626730,0.000000
66.967140,4.000000,1542.467651,-4.895160,701.188191,0.190320,0.000000,162.432175,156.501053,163.182076,3.086499,0.084121,2.582158,0.290969,0.198590,-0.624066,-38.505466,-0.428620,0.009685,0.023503,1.000000,0.999997,-2.073242,102530.015625,1.171311,1.000000,0.000000,1.000000,1.000000,1.000000,1.000000,1.000000,0.000000,1.000000,0.739404,0.000000
67.023101,4.000000,1547.134888,-4.851740,701.207145,0.184217,0.000000,162.081985,156.123123,162.787603,2.969832,0.074029,2.420506,0.360246,0.246467,-0.625578,-38.627682,-0.425975,0.002878,0.023205,1.000000,0.999997,-2.094202,102530.015625,1.107825,1.000000,0.000000,1.000000,1.000000,1.000000,1.000000,1.000000,0.000000,1.000000,0.803241,0.000000
67.075763,4.000000,1551.570190,-4.809937,701.227500,0.178724,0.000000,161.752975,155.766449,162.415539,2.859107,0.070052,2.285957,0.397348,0.272474,-0.627011,-38.743828,-0.424229,-0.002000,0.022682,1.000000,0.999997,-2.109478,102530.015625,1.066131,1.000000,0.000000,1.000000,1.000000,1.000000,1.000000,1.000000,0.000000,1.000000,0.836108,0.000000
67.132288,4.000000,1556.244263,-4.765347,701.250955,0.160535,0.000000,161.400131,155.392334,162.025353,2.739410,0.067233,2.146800,0.424751,0.291965,-0.628521,-38.866222,-0.422277,0.001220,0.022089,1.000000,0.999997,-2.125011,102530.015625,1.061916,1.000000,0.000000,1.000000,1.000000,1.000000,1.000000,1.000000,0.000000,1.000000,0.862349,0.000000
67.186692,4.000000,1560.771973,-4.721654,701.274681,0.174390,0.000000,161.061005,155.031601,161.649255,2.623418,0.063258,2.022762,0.439128,0.302550,-0.629983,-38.984783,-0.420557,-0.002437,0.021534,1.000000,0.999997,-2.137577,102530.015625,1.006858,1.000000,0.000000,1.000000,1.000000,1.000000,1.000000,1.000000,0.000000,1.000000,0.871984,0.000000
67.240926,4.000000,1565.305786,-4.677443,701.298198,0.190687,0.000000,160.723358,154.672607,161.275204,2.507223,0.065812,1.913783,0.429606,0.296677,-0.631445,-39.103504,-0.419077,-0.009610,0.020733,1.000000,0.999997,-2.146588,102530.015625,0.978290,1.000000,0.000000,1.000000,1.000000,1.000000,1.000000,1.000000,0.000000,1.000000,0.859544,0.000000
67.296759,4.000000,1569.865967,-4.632549,701.321316,0.186964,0.000000,160.375580,154.083237,160.661079,2.378377,0.070339,1.801971,0.404752,0.280582,-0.633858,-39.222919,-0.355379,-0.006660,0.020565,1.000000,0.999997,-2.482489,102530.015625,0.974237,1.000000,0.000000,1.000000,1.000000,1.000000,1.000000,1.000000,0.415690,1.000000,0.831492,0.000000
67.352635,4.000000,1574.480225,-4.586720,701.342923,0.173780,0.000000,160.024887,153.415329,159.965060,2.229420,0.067665,1.670422,0.377888,0.263099,-0.636616,-39.343746,-0.284512,0.002203,0.020705,1.000000,0.999997,-2.820367,102530.015625,0.972573,1.000000,0.000000,1.000000,1.000000,1.000000,1.000000,1.000000,0.419601,1.000000,0.802882,0.000000
67.405574,4.000000,1578.830688,-4.543133,701.361960,0.163038,0.000000,159.687744,152.786972,159.310241,2.072216,0.061333,1.531705,0.350227,0.244843,-0.639232,-39.457668,-0.220121,0.003868,0.020943,1.000000,0.999997,-3.094209,102530.015625,0.966307,1.000000,0.000000,1.000000,1.000000,1.000000,1.000000,1.000000,0.423307,1.000000,0.773123,0.000000
67.462391,4.000000,1583.415161,-4.496789,701.380708,0.165967,0.000000,159.318207,152.125366,158.620763,1.888825,0.054225,1.369610,0.319255,0.224161,-0.642011,-39.577717,-0.154861,0.002788,0.021186,1.000000,0.999997,-3.337486,102530.015625,0.959036,1.000000,0.000000,1.000000,1.000000,1.000000,1.000000,1.000000,0.427284,1.000000,0.739370,0.000000
67.518460,4.000000,1587.998291,-4.450018,701.397215,0.163587,0.000000,158.944443,151.463318,157.930854,1.695868,0.050593,1.204098,0.280287,0.197660,-0.644815,-39.697731,-0.095396,-0.000724,0.021251,1.000000,0.999997,-3.525104,102530.015625,0.935949,1.000000,0.000000,1.000000,1.000000,1.000000,1.000000,1.000000,0.431209,1.000000,0.697243,0.000000
67.570447,4.000000,1592.235474,-4.406379,701.410332,0.158216,0.000000,158.588882,150.846542,157.288092,1.508816,0.048334,1.044969,0.238688,0.169012,-0.647450,-39.808685,-0.044470,-0.000555,0.021248,1.000000,0.999997,-3.657263,102530.015625,0.948207,1.000000,0.000000,1.000000,1.000000,1.000000,1.000000,1.000000,0.434848,1.000000,0.654986,0.000000
67.626550,4.000000,1596.750244,-4.359438,701.422531,0.142469,0.000000,158.194290,150.182617,156.596063,1.300242,0.045166,0.856227,0.208031,0.147955,-0.650311,-39.926907,0.007482,0.001746,0.021233,1.000000,0.999997,-3.767145,102530.015625,0.973004,1.000000,0.000000,1.000000,1.000000,1.000000,1.000000,1.000000,0.438775,1.000000,0.624199,0.000000
67.681568,4.000000,1601.159668,-4.313138,701.433414,0.115858,0.000000,157.795868,149.527405,155.913021,1.090213,0.040107,0.653690,0.194702,0.139082,-0.653159,-40.042374,0.057965,0.003977,0.021359,1.000000,0.999997,-3.859172,102530.015625,1.001449,1.000000,0.000000,1.000000,1.000000,1.000000,1.000000,1.000000,0.442627,1.000000,0.610955,0.000000
67.736213,4.000000,1605.523560,-4.266873,701.444098,0.092298,0.000000,157.388657,148.879944,155.237958,0.877285,0.033967,0.436810,0.197823,0.141926,-0.655999,-40.156647,0.105189,0.004384,0.023028,1.000000,0.999997,-3.924171,102530.015625,1.021932,1.000000,0.000000,1.000000,1.000000,1.000000,1.000000,1.000000,0.446452,1.000000,0.613779,0.000000
67.791143,4.000000,1609.897339,-4.220069,701.455249,0.089918,0.000000,156.967407,148.243149,154.574003,0.660814,0.030439,0.214645,0.205512,0.148076,-0.658817,-40.271175,0.146518,0.000490,0.027790,1.000000,0.999997,-3.948967,102530.015625,1.010422,1.000000,0.000000,1.000000,1.000000,1.000000,1.000000,1.000000,0.450297,1.000000,0.619039,0.000000
67.845128,4.000000,1614.194092,-4.173698,701.466502,0.072462,0.000000,156.542007,147.634354,153.939294,0.447881,0.029232,-0.003053,0.211039,0.152685,-0.661533,-40.383690,0.180724,-0.001444,0.035818,1.000000,0.999997,-3.935124,102530.015625,1.013362,1.000000,0.000000,1.000000,1.000000,1.000000,1.000000,1.000000,0.454076,1.000000,0.623088,0.000000
67.898319,4.000000,1618.367065,-4.128340,701.477856,0.059461,0.000000,156.112076,147.057877,153.338234,0.239682,0.029782,-0.214214,0.214511,0.155805,-0.664126,-40.492966,0.209016,-0.002698,0.046443,1.000000,0.999997,-3.891976,102530.015625,1.009307,1.000000,0.000000,1.000000,1.000000,1.000000,1.000000,1.000000,0.457799,1.000000,0.624718,0.000000
67.952459,4.000000,1622.618896,-4.081871,701.489679,0.048658,0.000000,155.663971,146.481979,152.737768,0.030737,0.029570,-0.428558,0.220784,0.160992,-0.666737,-40.604301,0.233702,-0.000958,0.059201,1.000000,0.999997,-3.828127,102530.015625,1.011704,1.000000,0.000000,1.000000,1.000000,1.000000,1.000000,1.000000,0.461589,1.000000,0.629665,0.000000
68.005276,4.000000,1626.779785,-4.036237,701.501585,0.034681,0.000000,155.217300,145.926636,152.158761,-0.169365,0.027108,-0.634920,0.228290,0.167099,-0.669274,-40.713261,0.254539,0.003454,0.072928,1.000000,0.999997,-3.752301,102530.015625,1.014375,1.000000,0.000000,1.000000,1.000000,1.000000,1.000000,1.000000,0.465286,1.000000,0.635827,0.000000
68.059291,4.000000,1630.974243,-3.990190,701.514279,0.025831,0.000000,154.751328,145.373260,151.581771,-0.369588,0.021323,-0.843958,0.239273,0.175804,-0.671821,-40.823093,0.273087,0.006123,0.087639,1.000000,0.999997,-3.665268,102530.015625,1.013441,1.000000,0.000000,1.000000,1.000000,1.000000,1.000000,1.000000,0.469067,1.000000,0.645374,0.000000
68.112451,4.000000,1635.123779,-3.944710,701.527271,0.025220,0.000000,154.284546,144.839188,151.024951,-0.561588,0.013601,-1.040810,0.246135,0.181513,-0.674298,-40.931755,0.286559,0.009274,0.100544,1.000000,0.999997,-3.560191,102530.015625,0.994850,1.000000,0.000000,1.000000,1.000000,1.000000,1.000000,1.000000,0.472788,1.000000,0.649577,0.000000
68.168017,4.000000,1639.385986,-3.898203,701.541041,0.017469,0.000000,153.788528,144.317062,150.480558,-0.755406,0.004455,-1.237668,0.249280,0.184497,-0.676737,-41.043365,0.293415,0.009543,0.110196,1.000000,0.999997,-3.420236,102530.015625,0.994094,1.000000,0.000000,1.000000,1.000000,1.000000,1.000000,1.000000,0.476678,1.000000,0.651314,0.000000
68.221537,4.000000,1643.523193,-3.853371,701.554450,0.006666,0.000000,153.304367,143.839935,149.983163,-0.933916,-0.003197,-1.418925,0.251812,0.186989,-0.678981,-41.151699,0.292525,0.008589,0.114981,1.000000,0.999997,-3.256299,102530.015625,0.998758,1.000000,0.000000,1.000000,1.000000,1.000000,1.000000,1.000000,0.480424,1.000000,0.652873,0.000000
68.275790,4.000000,1647.688232,-3.808640,701.568428,-0.007372,0.000000,152.808014,143.389343,149.513337,-1.105251,-0.011110,-1.600122,0.262558,0.195582,-0.681114,-41.260765,0.285039,0.011408,0.115565,1.000000,0.999997,-3.068987,102530.015625,1.024103,1.000000,0.000000,1.000000,1.000000,1.000000,1.000000,1.000000,0.484222,1.000000,0.664072,0.000000
68.331957,4.000000,1652.005737,-3.762789,701.583939,-0.019152,0.000000,152.289658,142.945099,149.050081,-1.271608,-0.020294,-1.782982,0.283968,0.212187,-0.683231,-41.373825,0.272444,0.009465,0.113053,1.000000,0.999997,-2.866853,102530.015625,1.019766,1.000000,0.000000,1.000000,1.000000,1.000000,1.000000,1.000000,0.488154,1.000000,0.684113,0.000000
68.386468,4.000000,1656.151611,-3.719324,701.599966,-0.020068,0.000000,151.783890,142.527145,148.614247,-1.422345,-0.024426,-1.945402,0.299178,0.224208,-0.685234,-41.482388,0.264769,0.004642,0.109250,1.000000,0.999997,-2.677571,102530.015625,1.012450,1.000000,0.000000,1.000000,1.000000,1.000000,1.000000,1.000000,0.491970,1.000000,0.697697,0.000000
68.440525,4.000000,1660.308228,-3.676339,701.616584,-0.022936,0.000000,151.280731,142.103607,148.172673,-1.562111,-0.023801,-2.095032,0.311838,0.234392,-0.687276,-41.591232,0.266822,-0.001259,0.105145,1.000000,0.999997,-2.507192,102530.015625,1.004808,1.000000,0.000000,1.000000,1.000000,1.000000,1.000000,1.000000,0.495753,1.000000,0.708763,0.000000
68.494087,4.000000,1664.355591,-3.635085,701.633541,-0.032641,0.000000,150.781479,141.678223,147.729171,-1.692141,-0.019450,-2.230607,0.318703,0.240271,-0.689339,-41.697216,0.271007,-0.003768,0.101205,1.000000,0.999997,-2.361771,102530.015625,0.996120,1.000000,0.000000,1.000000,1.000000,1.000000,1.000000,1.000000,0.499503,1.000000,0.713977,0.000000
68.546045,4.000000,1668.316772,-3.595311,701.650323,-0.039355,0.000000,150.297165,141.240295,147.272559,-1.811721,-0.014689,-2.356814,0.326077,0.246593,-0.691477,-41.800941,0.279563,-0.002799,0.097846,1.000000,0.999997,-2.254011,102530.015625,1.000861,1.000000,0.000000,1.000000,1.000000,1.000000,1.000000,1.000000,0.503140,1.000000,0.720526,0.000000
68.599062,4.000000,1672.291626,-3.556036,701.667880,-0.049548,0.000000,149.803009,140.768585,146.780770,-1.929125,-0.012562,-2.480119,0.333338,0.252928,-0.693793,-41.905029,0.295119,0.001319,0.095352,1.000000,0.999997,-2.187151,102530.015625,0.988154,1.000000,0.000000,1.000000,1.000000,1.000000,1.000000,1.000000,0.506851,1.000000,0.725849,0.000000
68.653966,4.000000,1676.389160,-3.516262,701.686286,-0.048083,0.000000,149.291061,140.228973,146.218224,-2.048726,-0.012995,-2.602409,0.336196,0.256078,-0.696462,-42.012325,0.322866,0.002824,0.094653,1.000000,0.999997,-2.182831,102530.015625,0.972926,1.000000,0.000000,1.000000,1.000000,1.000000,1.000000,1.000000,0.510694,1.000000,0.726533,0.000000
68.708507,4.000000,1680.511841,-3.477019,701.704478,-0.040087,0.000000,148.781754,139.603424,145.566104,-2.169852,-0.015921,-2.720567,0.331798,0.253860,-0.699582,-42.120281,0.367658,0.007080,0.095701,1.000000,0.999997,-2.266754,102530.015625,0.954242,1.000000,0.000000,1.000000,1.000000,1.000000,1.000000,1.000000,0.514512,1.000000,0.719402,0.000000
68.763973,4.000000,1684.600708,-3.438914,701.722629,-0.051745,0.000000,148.261490,138.918976,144.852586,-2.299098,-0.022496,-2.857032,0.324176,0.249251,-0.703027,-42.227352,0.403669,0.009810,0.090715,1.000000,0.999997,-2.285067,102530.015625,1.363955,1.000000,1.000000,1.000000,1.000000,1.000000,1.000000,1.000000,0.518395,1.000000,0.725131,0.000000
68.820201,4.000000,1688.803833,-3.400628,701.745911,-0.050646,0.000000,147.729263,138.038452,143.933326,-2.390391,-0.027095,-3.041685,0.449839,0.348076,-0.707517,-42.337418,0.224130,0.003400,0.083868,1.000000,0.999997,-1.175905,102530.015625,1.066591,1.000000,1.000000,1.000000,1.000000,1.000000,1.000000,1.000000,0.522331,1.000000,0.841242,0.000000
68.873568,4.000000,1692.683960,-3.366019,701.769454,-0.047839,0.000000,147.217484,137.385284,143.252628,-2.452710,-0.023948,-3.077750,0.426293,0.331425,-0.710879,-42.439022,0.246529,-0.005013,0.078643,1.000000,0.999997,-1.235384,102530.015625,0.895268,1.000000,1.000000,1.000000,1.000000,1.000000,1.000000,1.000000,0.526067,1.000000,0.803458,0.000000
68.926278,4.000000,1696.658203,-3.331285,701.790927,-0.065173,0.000000,146.704987,136.710739,142.549698,-2.520498,-0.014792,-3.131242,0.401507,0.313694,-0.714384,-42.543091,0.276817,-0.009989,0.073772,1.000000,0.999997,-1.324796,102530.015625,0.949736,1.000000,1.000000,1.000000,1.000000,1.000000,1.000000,1.000000,0.529756,1.000000,0.781306,0.000000
68.977153,4.000000,1700.284668,-3.300228,701.811091,-0.070727,0.000000,146.203033,136.097733,141.910688,-2.590124,-0.005060,-3.194990,0.393080,0.308494,-0.717600,-42.638054,0.312677,-0.011236,0.067554,1.000000,0.999997,-1.438166,102530.015625,0.940827,1.000000,0.000000,1.000000,1.000000,1.000000,1.000000,1.000000,0.533317,1.000000,0.770217,0.000000
69.028525,4.000000,1703.985107,-3.269157,701.831267,-0.081896,0.000000,145.689285,135.479706,141.266354,-2.665783,0.005645,-3.278952,0.397674,0.313523,-0.720873,-42.734951,0.330992,-0.012177,0.058508,1.000000,0.999997,-1.442000,102530.015625,0.993167,1.000000,1.000000,1.000000,1.000000,1.000000,1.000000,1.000000,0.536914,1.000000,0.777185,0.000000
69.078591,4.000000,1707.671509,-3.238806,701.851534,-0.085803,0.000000,145.182037,134.871033,140.631688,-2.735710,0.014757,-3.356650,0.407184,0.322469,-0.724126,-42.831482,0.332365,-0.009979,0.050260,1.000000,0.999997,-1.359877,102530.015625,0.974550,1.000000,1.000000,1.000000,1.000000,1.000000,1.000000,1.000000,0.540418,1.000000,0.783543,0.000000
69.133105,4.000000,1711.580933,-3.207195,701.871240,-0.063586,0.000000,144.622711,134.245682,139.980502,-2.805171,0.063093,-3.359844,0.331814,0.264003,-0.727494,-42.933857,0.316118,-0.091884,0.046060,1.000000,0.999997,-1.179832,102530.015625,0.835450,1.000000,1.000000,1.000000,1.000000,1.000000,1.000000,1.000000,0.544234,1.000000,0.696546,0.000000
69.183842,4.000000,1715.230957,-3.178001,701.884345,-0.030016,0.000000,144.095840,133.682220,139.393962,-2.857922,0.128766,-3.312215,0.212445,0.169740,-0.730555,-43.029434,0.278241,-0.063866,0.041964,1.000000,0.999997,-0.900168,102530.015625,0.720624,1.000000,1.000000,1.000000,1.000000,1.000000,1.000000,1.000000,0.547786,1.000000,0.567909,0.000000
69.238450,4.000000,1719.133179,-3.147083,701.891766,-0.008898,0.000000,143.523483,133.097473,138.784731,-2.897233,0.166330,-3.267931,0.101521,0.081470,-0.733762,-43.131618,0.227826,-0.040588,0.041033,1.000000,0.999997,-0.568056,102530.015625,0.805737,1.000000,1.000000,1.000000,1.000000,1.000000,1.000000,1.000000,0.551608,1.000000,0.461226,0.000000
69.300229,4.000000,1723.020020,-3.116663,701.894836,-0.011340,0.000000,142.869446,132.531601,138.194809,-2.921832,0.188031,-3.238241,0.033847,0.027278,-0.736893,-43.233398,0.177621,-0.023461,0.044970,1.000000,0.999997,-0.259350,102530.015625,0.888295,1.000000,1.000000,1.000000,1.000000,1.000000,1.000000,1.000000,0.555933,1.000000,0.391677,0.000000
69.351675,4.000000,1727.109009,-3.085149,701.895310,-0.019396,0.000000,142.322159,131.939514,137.577436,-2.929787,0.193805,-3.229396,0.003523,0.002852,-0.740200,-43.340473,0.145701,-0.013481,0.051492,1.000000,0.999997,-0.077290,102530.015625,0.945655,1.000000,1.000000,1.000000,1.000000,1.000000,1.000000,1.000000,0.559534,1.000000,0.369362,0.000000
69.404422,4.000000,1730.837036,-3.056919,701.895185,-0.026354,0.000000,141.758789,131.403137,137.018153,-2.931133,0.191926,-3.225427,-0.004063,-0.003303,-0.743221,-43.438095,0.129665,-0.005607,0.059885,1.000000,0.999997,0.004509,102530.015625,0.958954,1.000000,1.000000,1.000000,1.000000,1.000000,1.000000,1.000000,0.563226,1.000000,0.361331,0.000000
69.456290,4.000000,1734.468994,-3.029940,701.894843,-0.030138,0.000000,141.203369,130.884644,136.477513,-2.930089,0.186283,-3.221660,-0.007441,-0.006072,-0.746165,-43.533199,0.124053,-0.004133,0.067694,1.000000,0.999997,0.023547,102530.015625,0.960448,1.000000,1.000000,1.000000,1.000000,1.000000,1.000000,1.000000,0.566857,1.000000,0.356573,0.000000
69.507236,4.000000,1738.029297,-3.004032,701.894287,-0.030077,0.000000,140.657135,130.381577,135.952933,-2.929354,0.182444,-3.216890,-0.012420,-0.010174,-0.749044,-43.626431,0.125009,-0.006443,0.073328,1.000000,0.999997,0.006015,102530.015625,0.962697,1.000000,1.000000,1.000000,1.000000,1.000000,1.000000,1.000000,0.570423,1.000000,0.350276,0.000000
69.558543,4.000000,1741.633667,-2.978374,701.893627,-0.033495,0.000000,140.106812,129.877151,135.426945,-2.929019,0.178297,-3.218359,-0.011731,-0.009647,-0.751952,-43.720814,0.122321,-0.004849,0.075601,1.000000,0.999997,0.008455,102530.015625,0.982930,1.000000,1.000000,1.000000,1.000000,1.000000,1.000000,1.000000,0.574015,1.000000,0.351121,0.000000
69.610659,4.000000,1745.194336,-2.953618,701.893313,-0.043932,0.000000,139.548050,129.382355,134.910997,-2.927903,0.175315,-3.224844,-0.002934,-0.002423,-0.754828,-43.814053,0.115560,-0.007481,0.073878,1.000000,0.999997,0.030627,102530.015625,0.986897,1.000000,1.000000,1.000000,1.000000,1.000000,1.000000,1.000000,0.577663,1.000000,0.358958,0.000000
69.661354,4.000000,1748.799194,-2.929161,701.893517,-0.039721,0.000000,139.005432,128.881332,134.388568,-2.925957,0.176182,-3.231424,0.007769,0.006439,-0.757762,-43.908451,0.109324,-0.014091,0.067898,1.000000,0.999997,0.047402,102530.015625,0.982267,1.000000,1.000000,1.000000,1.000000,1.000000,1.000000,1.000000,0.581212,1.000000,0.367875,0.000000
69.716432,4.000000,1752.554199,-2.904308,701.893972,-0.033190,0.000000,138.417450,128.359543,133.844502,-2.923166,0.181503,-3.226410,0.007018,0.005840,-0.760842,-44.006779,0.105259,-0.017175,0.055515,1.000000,0.999997,0.048214,102530.015625,0.953467,1.000000,1.000000,1.000000,1.000000,1.000000,1.000000,1.000000,0.585067,1.000000,0.363680,0.000000
69.773171,4.000000,1756.445679,-2.879176,701.893976,-0.017931,0.000000,137.813431,127.808655,133.270077,-2.920943,0.189252,-3.214660,-0.004060,-0.003393,-0.764121,-44.108681,0.105548,-0.021013,0.036134,1.000000,0.999997,0.024964,102530.015625,0.949558,1.000000,1.000000,1.000000,1.000000,1.000000,1.000000,1.000000,0.589039,1.000000,0.350706,0.000000
69.827216,4.000000,1760.165161,-2.855680,701.893427,-0.021044,0.000000,137.240295,127.267624,132.705916,-2.920235,0.198793,-3.207886,-0.012363,-0.010375,-0.767369,-44.206078,0.105155,-0.023250,0.012196,1.000000,0.999997,0.008841,102530.015625,0.965081,1.000000,1.000000,1.000000,1.000000,1.000000,1.000000,1.000000,0.592822,1.000000,0.342011,0.000000
69.882316,4.000000,1763.873535,-2.832675,701.892726,-0.033495,0.000000,136.657867,126.732468,132.147879,-2.920176,0.211540,-3.208094,-0.012487,-0.010524,-0.770609,-44.303185,0.104807,-0.030004,-0.012515,1.000000,0.999997,-0.007268,102530.015625,0.972592,1.000000,1.000000,1.000000,1.000000,1.000000,1.000000,1.000000,0.596679,1.000000,0.340894,0.000000
69.937469,4.000000,1767.638306,-2.809628,701.892168,-0.045641,0.000000,136.076996,126.187431,131.579550,-2.921224,0.227893,-3.214112,-0.007814,-0.006614,-0.773937,-44.401768,0.105556,-0.032456,-0.036045,1.000000,0.999997,-0.028354,102530.015625,0.992681,1.000000,1.000000,1.000000,1.000000,1.000000,1.000000,1.000000,0.600540,1.000000,0.345345,0.000000
69.993749,4.000000,1771.407593,-2.786733,701.892258,-0.043261,0.000000,135.486389,125.632820,131.001255,-2.923720,0.244604,-3.227904,0.006217,0.005286,-0.777353,-44.500473,0.108498,-0.032971,-0.057822,1.000000,0.999997,-0.060768,102530.015625,0.979248,1.000000,1.000000,1.000000,1.000000,1.000000,1.000000,1.000000,0.604479,1.000000,0.357163,0.000000
70.047618,4.000000,1775.057373,-2.764616,701.892752,-0.035571,0.000000,134.923172,125.082993,130.427929,-2.927631,0.257793,-3.234852,0.010553,0.009011,-0.780770,-44.596043,0.107992,-0.029362,-0.075826,1.000000,0.999997,-0.071688,102530.015625,0.971025,1.000000,1.000000,1.000000,1.000000,1.000000,1.000000,1.000000,0.608250,1.000000,0.359266,0.000000
70.104220,4.000000,1778.783203,-2.741978,701.893391,-0.033434,0.000000,134.333069,124.503235,129.823399,-2.932086,0.267644,-3.240443,0.011853,0.010168,-0.784405,-44.693607,0.107696,-0.027087,-0.090865,1.000000,0.999997,-0.084390,102530.015625,0.970759,1.000000,1.000000,1.000000,1.000000,1.000000,1.000000,1.000000,0.612212,1.000000,0.359025,0.000000
70.160104,4.000000,1782.568481,-2.718803,701.894147,-0.027087,0.000000,133.751892,123.886116,129.179910,-2.937137,0.278027,-3.247912,0.014941,0.012882,-0.788312,-44.792728,0.107052,-0.032413,-0.100316,1.000000,0.999997,-0.094337,102530.015625,0.968491,1.000000,1.000000,1.000000,1.000000,1.000000,1.000000,1.000000,0.616124,1.000000,0.360219,0.000000
70.215112,4.000000,1786.184692,-2.696379,701.894960,-0.023058,0.000000,133.180725,123.259132,128.526143,-2.943794,0.293782,-3.252971,0.013924,0.012066,-0.792321,-44.887424,0.114799,-0.038397,-0.103084,1.000000,0.999997,-0.148095,102530.015625,0.956447,1.000000,1.000000,1.000000,1.000000,1.000000,1.000000,1.000000,0.619975,1.000000,0.356679,0.000000
70.270958,4.000000,1789.867920,-2.673144,701.895697,-0.025378,0.000000,132.600739,122.569801,127.807360,-2.954356,0.311447,-3.263521,0.013575,0.011830,-0.796776,-44.983871,0.127265,-0.038202,-0.098190,1.000000,0.999997,-0.221680,102530.015625,0.961225,1.000000,1.000000,1.000000,1.000000,1.000000,1.000000,1.000000,0.623884,1.000000,0.354824,0.000000
70.321044,4.000000,1793.139160,-2.652115,701.896425,-0.029894,0.000000,132.078613,121.942909,127.153682,-2.966686,0.325785,-3.277616,0.015506,0.013582,-0.800872,-45.069534,0.133156,-0.038984,-0.092776,1.000000,0.999997,-0.253493,102530.015625,0.964769,1.000000,1.000000,1.000000,1.000000,1.000000,1.000000,1.000000,0.627390,1.000000,0.355158,0.000000
70.374419,4.000000,1796.606812,-2.629380,701.897475,-0.032519,0.000000,131.520691,121.273865,126.456048,-2.980835,0.342530,-3.298271,0.022700,0.019993,-0.805290,-45.160336,0.136224,-0.040067,-0.087298,1.000000,0.999997,-0.268142,102530.015625,0.967957,1.000000,1.000000,1.000000,1.000000,1.000000,1.000000,1.000000,0.631126,1.000000,0.360729,0.000000
70.429788,4.000000,1800.215088,-2.605191,701.898826,-0.039416,0.000000,130.939346,120.573334,125.725593,-2.995901,0.354101,-3.315362,0.025402,0.022503,-0.809968,-45.254822,0.136969,-0.029463,-0.082339,1.000000,0.999997,-0.269472,102530.015625,0.963795,1.000000,1.000000,1.000000,1.000000,1.000000,1.000000,1.000000,0.635002,1.000000,0.361075,0.000000
70.486134,4.000000,1803.749756,-2.580960,701.900357,-0.034716,0.000000,130.343750,119.882622,125.005342,-3.010958,0.353966,-3.332668,0.028262,0.025180,-0.814634,-45.347382,0.135034,-0.016715,-0.077770,1.000000,0.999997,-0.256464,102530.015625,0.958817,1.000000,1.000000,1.000000,1.000000,1.000000,1.000000,1.000000,0.638946,1.000000,0.361574,0.000000
70.541342,4.000000,1807.330933,-2.555873,701.901919,-0.026904,0.000000,129.755249,119.178513,124.271165,-3.024794,0.345976,-3.345929,0.028135,0.025215,-0.819446,-45.441158,0.133146,-0.011173,-0.073533,1.000000,0.999997,-0.245349,102530.015625,0.950972,1.000000,1.000000,1.000000,1.000000,1.000000,1.000000,1.000000,0.642811,1.000000,0.358902,0.000000
70.591780,4.000000,1810.575928,-2.532670,701.903200,-0.018786,0.000000,129.214050,118.536598,123.601842,-3.037229,0.335821,-3.354408,0.024212,0.021817,-0.823883,-45.526131,0.132415,-0.008295,-0.069964,1.000000,0.999997,-0.240842,102530.015625,0.941882,1.000000,1.000000,1.000000,1.000000,1.000000,1.000000,1.000000,0.646341,1.000000,0.352639,0.000000
70.647412,4.000000,1814.059448,-2.507251,701.904277,-0.019640,0.000000,128.612640,117.843254,122.878884,-3.050577,0.321479,-3.362506,0.017911,0.016234,-0.828730,-45.617352,0.131472,-0.002821,-0.066430,1.000000,0.999997,-0.235275,102530.015625,0.950326,1.000000,1.000000,1.000000,1.000000,1.000000,1.000000,1.000000,0.650236,1.000000,0.344785,0.000000
70.704096,4.000000,1817.623657,-2.480683,701.905233,-0.019030,0.000000,127.994545,117.128723,122.133814,-3.063747,0.303417,-3.377100,0.018058,0.016467,-0.833784,-45.710682,0.129635,0.000374,-0.063093,1.000000,0.999997,-0.225224,102530.015625,0.970171,1.000000,1.000000,1.000000,1.000000,1.000000,1.000000,1.000000,0.654203,1.000000,0.344246,0.000000
70.760079,4.000000,1821.144897,-2.453864,701.906444,-0.019030,0.000000,127.378998,116.417732,121.392460,-3.076051,0.286344,-3.393786,0.023369,0.021440,-0.838876,-45.802887,0.125628,-0.000805,-0.060002,1.000000,0.999997,-0.204626,102530.015625,0.963007,1.000000,1.000000,1.000000,1.000000,1.000000,1.000000,1.000000,0.658122,1.000000,0.346924,0.000000
70.815334,4.000000,1824.580566,-2.427130,701.907823,-0.022631,0.000000,126.766373,115.719589,120.664482,-3.086661,0.270433,-3.406715,0.025891,0.023897,-0.843936,-45.892857,0.121431,0.001016,-0.057325,1.000000,0.999997,-0.185831,102530.015625,0.960916,1.000000,1.000000,1.000000,1.000000,1.000000,1.000000,1.000000,0.661990,1.000000,0.347329,0.000000
70.872574,4.000000,1828.023193,-2.399770,701.909329,-0.015063,0.000000,126.126282,115.015358,119.930164,-3.097429,0.252098,-3.416799,0.026012,0.024157,-0.849103,-45.983002,0.120515,0.003269,-0.054828,1.000000,0.999997,-0.185869,102530.015625,0.946696,1.000000,1.000000,1.000000,1.000000,1.000000,1.000000,1.000000,0.665997,1.000000,0.344384,0.000000
70.926803,4.000000,1831.443970,-2.372018,701.910515,-0.011401,0.000000,125.515297,114.310997,119.195721,-3.107349,0.235452,-3.421528,0.020130,0.018809,-0.854334,-46.072578,0.118620,0.002720,-0.052667,1.000000,0.999997,-0.180391,102530.015625,0.948989,1.000000,1.000000,1.000000,1.000000,1.000000,1.000000,1.000000,0.669793,1.000000,0.336738,0.000000
70.983342,4.000000,1834.887939,-2.343494,701.911523,-0.007739,0.000000,124.873192,113.596695,118.450888,-3.117576,0.221354,-3.430171,0.017527,0.016480,-0.859705,-46.162762,0.117102,-0.001162,-0.050532,1.000000,0.999997,-0.177088,102530.015625,0.962002,1.000000,1.000000,1.000000,1.000000,1.000000,1.000000,1.000000,0.673751,1.000000,0.332905,0.000000
71.037524,4.000000,1838.171875,-2.315729,701.912529,-0.008044,0.000000,124.253494,112.910614,117.735509,-3.126856,0.211559,-3.440218,0.018846,0.017827,-0.864928,-46.248756,0.114376,-0.004791,-0.048689,1.000000,0.999997,-0.167826,102530.015625,0.952588,1.000000,1.000000,1.000000,1.000000,1.000000,1.000000,1.000000,0.677543,1.000000,0.331674,0.000000
71.091269,4.000000,1841.433105,-2.287593,701.913524,-0.020312,0.000000,123.634621,112.224594,117.020181,-3.135948,0.205381,-3.450932,0.019658,0.018709,-0.870214,-46.334156,0.113234,-0.006496,-0.047076,1.000000,0.999997,-0.167497,102530.015625,0.966592,1.000000,1.000000,1.000000,1.000000,1.000000,1.000000,1.000000,0.681306,1.000000,0.331353,0.000000
71.145917,4.000000,1844.692017,-2.258902,701.914769,-0.013293,0.000000,123.001099,111.537643,116.303860,-3.144835,0.200017,-3.464174,0.024305,0.023275,-0.875573,-46.419491,0.110587,-0.005781,-0.046492,1.000000,0.999997,-0.159832,102530.015625,0.963344,1.000000,1.000000,1.000000,1.000000,1.000000,1.000000,1.000000,0.685131,1.000000,0.333843,0.000000
71.200241,4.000000,1847.923584,-2.229884,701.916205,-0.013232,0.000000,122.367447,110.869415,115.607093,-3.153200,0.191821,-3.475108,0.027416,0.026412,-0.880849,-46.504112,0.107309,-0.002044,-0.049401,1.000000,0.999997,-0.149690,102530.015625,0.956872,1.000000,1.000000,1.000000,1.000000,1.000000,1.000000,1.000000,0.688934,1.000000,0.334487,0.000000
71.254183,4.000000,1851.109497,-2.200723,701.917653,-0.007861,0.000000,121.734863,110.236359,114.946987,-3.160984,0.183813,-3.481211,0.026193,0.025379,-0.885907,-46.587540,0.103471,-0.004608,-0.057277,1.000000,0.999997,-0.137320,102530.015625,0.949791,1.000000,1.000000,1.000000,1.000000,1.000000,1.000000,1.000000,0.692710,1.000000,0.330827,0.000000
71.308984,4.000000,1854.343628,-2.170541,701.918821,-0.006579,0.000000,121.089348,109.627510,114.312143,-3.167143,0.180593,-3.479305,0.018400,0.017927,-0.890826,-46.672230,0.091684,-0.011504,-0.070276,1.000000,0.999997,-0.083670,102530.015625,0.943717,1.000000,1.000000,1.000000,1.000000,1.000000,1.000000,1.000000,0.696546,1.000000,0.320744,0.000000
71.361258,4.000000,1857.375977,-2.141661,701.919401,-0.007067,0.000000,120.471558,109.087654,113.749228,-3.169864,0.183353,-3.471820,0.007967,0.007800,-0.895234,-46.751633,0.078024,-0.017699,-0.085735,1.000000,0.999997,-0.023950,102530.015625,0.946853,1.000000,1.000000,1.000000,1.000000,1.000000,1.000000,1.000000,0.700205,1.000000,0.308768,0.000000
71.411580,4.000000,1860.307739,-2.113151,701.919513,-0.005969,0.000000,119.876625,108.590027,113.230336,-3.169449,0.189085,-3.464388,0.000286,0.000282,-0.899336,-46.828403,0.063275,-0.019578,-0.101352,1.000000,0.999997,0.037587,102530.015625,0.958837,1.000000,1.000000,1.000000,1.000000,1.000000,1.000000,1.000000,0.703727,1.000000,0.300283,0.000000
71.461677,4.000000,1863.244629,-2.083951,701.919480,-0.010241,0.000000,119.284943,108.115456,112.735484,-3.166042,0.194409,-3.461535,-0.000154,-0.000152,-0.903283,-46.905308,0.048050,-0.018920,-0.115972,1.000000,0.999997,0.096648,102530.015625,0.978115,1.000000,1.000000,1.000000,1.000000,1.000000,1.000000,1.000000,0.707234,1.000000,0.299605,0.000000
71.515457,4.000000,1866.334839,-2.052478,701.919724,-0.008715,0.000000,118.651878,107.644112,112.243998,-3.159004,0.198631,-3.461867,0.007321,0.007264,-0.907237,-46.986229,0.029718,-0.017390,-0.129401,1.000000,0.999997,0.164543,102530.015625,0.979936,1.000000,1.000000,1.000000,1.000000,1.000000,1.000000,1.000000,0.710999,1.000000,0.305784,0.000000
71.571257,4.000000,1869.527710,-2.019098,701.920900,0.000074,0.000000,117.998322,107.186043,111.766335,-3.141209,0.201824,-3.475915,0.036237,0.036109,-0.911114,-47.069836,-0.049901,-0.018125,-0.139000,1.000000,0.999997,0.551328,102530.015625,1.022123,1.000000,1.000000,1.000000,1.000000,1.000000,1.000000,1.000000,0.714905,1.000000,0.336489,0.000000
71.627055,4.000000,1872.751465,-1.984498,701.923483,0.000440,0.000000,117.349808,106.747162,111.308707,-3.101419,0.206018,-3.442776,0.047546,0.047573,-0.914859,-47.154255,-0.115473,-0.018681,-0.145881,1.000000,0.999997,0.818948,102530.015625,0.960914,1.000000,1.000000,1.000000,1.000000,1.000000,1.000000,1.000000,0.718811,1.000000,0.341851,0.000000
71.682195,4.000000,1875.888428,-1.949898,701.925771,0.004285,0.000000,116.715370,106.342308,110.886568,-3.053082,0.210148,-3.384587,0.038119,0.038286,-0.918342,-47.236397,-0.153545,-0.018903,-0.150334,1.000000,0.999997,0.918569,102530.015625,0.959126,1.000000,1.000000,1.000000,1.000000,1.000000,1.000000,1.000000,0.722670,1.000000,0.330828,0.000000
71.738158,4.000000,1879.056885,-1.913938,701.927565,0.004102,0.000000,116.079391,105.951202,110.478771,-3.000591,0.214006,-3.322505,0.028778,0.029011,-0.921731,-47.319366,-0.180642,-0.017899,-0.152471,1.000000,0.999997,0.949053,102530.015625,0.958655,1.000000,1.000000,1.000000,1.000000,1.000000,1.000000,1.000000,0.726588,1.000000,0.320176,0.000000
71.788172,4.000000,1881.894775,-1.880813,701.928800,0.001173,0.000000,115.518776,105.612320,110.125415,-2.953356,0.214712,-3.271698,0.024084,0.024357,-0.924688,-47.393681,-0.199243,-0.013348,-0.152676,1.000000,0.999997,0.943912,102530.015625,0.977743,1.000000,1.000000,1.000000,1.000000,1.000000,1.000000,1.000000,0.730089,1.000000,0.315674,0.000000
71.838324,4.000000,1884.724243,-1.846888,701.930095,-0.008471,0.000000,114.964905,105.283600,109.782656,-2.905779,0.212940,-3.228695,0.027574,0.027973,-0.927574,-47.467773,-0.222409,-0.012266,-0.151252,1.000000,0.999997,0.962233,102530.015625,0.995448,1.000000,1.000000,1.000000,1.000000,1.000000,1.000000,1.000000,0.733599,1.000000,0.319232,0.000000
71.894732,4.000000,1887.886230,-1.807880,701.932976,-0.012255,0.000000,114.352722,104.919525,109.402947,-2.851866,0.195574,-3.236033,0.078182,0.079591,-0.930793,-47.550571,-0.238638,0.035121,-0.149997,1.000000,0.999997,0.924676,102530.015625,1.126070,1.000000,1.000000,1.000000,1.000000,1.000000,1.000000,1.000000,0.737548,1.000000,0.378207,0.000000
71.946221,4.000000,1890.779175,-1.771227,701.939205,-0.017260,0.000000,113.804062,104.582108,109.050911,-2.807947,0.135821,-3.257900,0.135517,0.138404,-0.933797,-47.626328,-0.233499,0.063782,-0.147978,1.000000,0.999997,0.783050,102530.015625,1.219249,1.000000,1.000000,1.000000,1.000000,1.000000,1.000000,1.000000,0.741152,1.000000,0.441084,0.000000
71.996944,4.000000,1893.604004,-1.734636,701.949411,-0.012682,0.000000,113.273476,104.244102,108.697949,-2.774238,0.092287,-3.307902,0.225746,0.231303,-0.936829,-47.700298,-0.211508,0.030642,-0.143902,1.000000,0.999997,0.561294,102530.015625,1.088047,1.000000,1.000000,1.000000,1.000000,1.000000,1.000000,1.000000,0.744703,1.000000,0.521088,0.000000
72.053197,4.000000,1896.755493,-1.692775,701.963905,-0.010790,0.000000,112.696411,103.861855,108.299049,-2.749625,0.066804,-3.326353,0.270961,0.278652,-0.940279,-47.782822,-0.187995,0.014291,-0.140132,1.000000,0.999997,0.341146,102530.015625,1.032644,1.000000,1.000000,1.000000,1.000000,1.000000,1.000000,1.000000,0.748641,1.000000,0.560907,0.000000
72.109591,4.000000,1899.885742,-1.650054,701.980026,-0.000475,0.000000,112.129517,103.473351,107.893825,-2.735465,0.053540,-3.332035,0.291788,0.301197,-0.943810,-47.864792,-0.171778,0.005562,-0.136745,1.000000,0.999997,0.179008,102530.015625,0.994929,1.000000,1.000000,1.000000,1.000000,1.000000,1.000000,1.000000,0.752588,1.000000,0.577944,0.000000
72.165788,4.000000,1902.982788,-1.606643,701.996704,-0.007189,0.000000,111.575897,103.076569,107.480073,-2.728956,0.046957,-3.334889,0.299694,0.310549,-0.947442,-47.945889,-0.163135,0.000671,-0.133835,1.000000,0.999997,0.072090,102530.015625,0.997081,1.000000,1.000000,1.000000,1.000000,1.000000,1.000000,1.000000,0.756522,1.000000,0.584708,0.000000
72.217595,4.000000,1905.787598,-1.566330,702.012636,-0.017626,0.000000,111.074890,102.702179,107.089619,-2.727264,0.042857,-3.347840,0.311843,0.324316,-0.950896,-48.019337,-0.159188,0.002000,-0.131689,1.000000,0.999997,0.003240,102530.015625,1.006119,1.000000,1.000000,1.000000,1.000000,1.000000,1.000000,1.000000,0.760148,1.000000,0.596582,0.000000
72.271427,4.000000,1908.827759,-1.521559,702.029971,-0.018237,0.000000,110.563690,102.277069,106.646251,-2.729059,0.037538,-3.365598,0.327064,0.341560,-0.954849,-48.098946,-0.153973,0.001704,-0.129865,1.000000,0.999997,-0.068293,102530.015625,0.992976,1.000000,1.000000,1.000000,1.000000,1.000000,1.000000,1.000000,0.763917,1.000000,0.609417,0.000000
72.324995,4.000000,1911.713379,-1.478036,702.047809,-0.012621,0.000000,110.063332,101.858528,106.209801,-2.734396,0.035463,-3.382364,0.336719,0.353087,-0.958772,-48.174507,-0.150883,-0.003498,-0.128514,1.000000,0.999997,-0.121535,102530.015625,0.988573,1.000000,1.000000,1.000000,1.000000,1.000000,1.000000,1.000000,0.767666,1.000000,0.617755,0.000000
72.381188,4.000000,1914.782593,-1.430630,702.066321,-0.006335,0.000000,109.546303,101.391037,105.722638,-2.747849,0.038425,-3.369937,0.317084,0.334030,-0.963189,-48.254879,-0.098601,-0.007908,-0.127975,1.000000,0.999997,-0.435445,102530.015625,0.897154,1.000000,0.000000,1.000000,1.000000,1.000000,1.000000,1.000000,0.771600,1.000000,0.590379,0.000000
72.437054,4.000000,1917.803101,-1.382843,702.082585,-0.007922,0.000000,109.039345,100.904083,105.215359,-2.786102,0.042807,-3.370590,0.278772,0.295087,-0.967832,-48.333973,-0.010657,-0.007722,-0.129505,1.000000,0.999997,-0.902861,102530.015625,0.920416,1.000000,1.000000,1.000000,1.000000,1.000000,1.000000,1.000000,0.775511,1.000000,0.552045,0.000000
72.487537,4.000000,1920.485352,-1.339441,702.096046,-0.003222,0.000000,108.586182,100.442635,104.734410,-2.840149,0.044777,-3.412123,0.263150,0.279830,-0.972275,-48.404209,0.050223,-0.004383,-0.133908,1.000000,0.999997,-1.185906,102530.015625,0.956349,1.000000,1.000000,1.000000,1.000000,1.000000,1.000000,1.000000,0.779044,1.000000,0.537709,0.000000
72.544281,4.000000,1923.571045,-1.288389,702.110860,-0.008959,0.000000,108.081161,99.868698,104.136005,-2.912356,0.044273,-3.485831,0.261701,0.279889,-0.977861,-48.485012,0.091319,-0.003250,-0.143461,1.000000,0.999997,-1.329976,102530.015625,0.972584,1.000000,1.000000,1.000000,1.000000,1.000000,1.000000,1.000000,0.783016,1.000000,0.536047,0.000000
72.600896,4.000000,1926.581787,-1.237420,702.125891,-0.015490,0.000000,107.579971,99.258530,103.499768,-2.990553,0.044556,-3.573417,0.268347,0.288760,-0.983871,-48.563850,0.126441,-0.004749,-0.159494,1.000000,0.999997,-1.428506,102530.015625,0.977591,1.000000,1.000000,1.000000,1.000000,1.000000,1.000000,1.000000,0.786979,1.000000,0.541455,0.000000
72.651776,4.000000,1929.281860,-1.190714,702.139824,-0.013598,0.000000,107.130058,98.686783,102.903565,-3.065303,0.044834,-3.658628,0.276807,0.299590,-0.989571,-48.634556,0.155988,-0.004535,-0.175296,1.000000,0.999997,-1.496705,102530.015625,0.972448,1.000000,1.000000,1.000000,1.000000,1.000000,1.000000,1.000000,0.790541,1.000000,0.548001,0.000000
72.702308,4.000000,1931.908081,-1.144353,702.153957,-0.019518,0.000000,106.682381,98.124886,102.317655,-3.142012,0.044823,-3.741246,0.281057,0.305932,-0.995236,-48.703323,0.181012,-0.004533,-0.190276,1.000000,0.999997,-1.534575,102530.015625,0.966940,1.000000,1.000000,1.000000,1.000000,1.000000,1.000000,1.000000,0.794078,1.000000,0.550263,0.000000
72.754726,4.000000,1934.658691,-1.094815,702.167269,-0.006335,0.000000,106.215706,97.552246,101.721178,-3.221682,0.029020,-3.719960,0.218267,0.238978,-1.001071,-48.775352,0.183739,0.029606,-0.203179,1.000000,0.999997,-1.441563,102530.015625,0.563229,1.000000,1.000000,1.000000,1.000000,1.000000,1.000000,1.000000,0.797748,1.000000,0.454948,0.000000
72.810927,4.000000,1937.619629,-1.040665,702.172766,-0.000475,0.000000,105.712959,97.043480,101.191549,-3.291325,0.008986,-3.624129,0.049553,0.054539,-1.006309,-48.852886,0.131550,0.011836,-0.202874,1.000000,0.999997,-1.049482,102530.015625,0.775002,1.000000,1.000000,1.000000,1.000000,1.000000,1.000000,1.000000,0.800000,1.000000,0.302222,0.000000
72.867596,4.000000,1940.545654,-0.986243,702.172163,0.012037,0.000000,105.203781,96.504173,100.629204,-3.339434,-0.001249,-3.581651,-0.037570,-0.041581,-1.011932,-48.929508,0.079600,0.006663,-0.207846,1.000000,0.999997,-0.686068,102530.015625,0.853190,1.000000,1.000000,1.000000,1.000000,1.000000,1.000000,1.000000,0.800000,1.000000,0.218681,0.000000
72.922266,4.000000,1943.404907,-0.932040,702.168364,0.010755,0.000000,104.710770,95.952904,100.054246,-3.369281,-0.009462,-3.566612,-0.082306,-0.091618,-1.017745,-49.004379,0.043660,0.007066,-0.216874,1.000000,0.999997,-0.438283,102530.015625,0.913641,1.000000,1.000000,1.000000,1.000000,1.000000,1.000000,1.000000,0.800000,1.000000,0.177096,0.000000
72.984001,4.000000,1946.241699,-0.877138,702.162313,0.021070,0.000000,104.150887,95.398369,99.475914,-3.390040,-0.017825,-3.562188,-0.103437,-0.115809,-1.023661,-49.078663,0.017572,0.005175,-0.229937,1.000000,0.999997,-0.259897,102530.015625,0.931914,1.000000,1.000000,1.000000,1.000000,1.000000,1.000000,1.000000,0.800000,1.000000,0.153434,0.000000
73.037189,4.000000,1949.230957,-0.817957,702.156122,0.025037,0.000000,103.666626,94.812233,98.864599,-3.401022,-0.023254,-3.553316,-0.121919,-0.137345,-1.029989,-49.156940,0.003384,0.004206,-0.240737,1.000000,0.999997,-0.163960,102530.015625,0.931769,1.000000,1.000000,1.000000,1.000000,1.000000,1.000000,1.000000,0.800000,1.000000,0.134926,0.000000
73.089275,4.000000,1951.887085,-0.764170,702.149250,0.032972,0.000000,103.190971,94.304733,98.335297,-3.407240,-0.027345,-3.542560,-0.136621,-0.154736,-1.035532,-49.226494,-0.010151,0.003085,-0.251185,1.000000,0.999997,-0.079859,102530.015625,0.939145,1.000000,1.000000,1.000000,1.000000,1.000000,1.000000,1.000000,0.800000,1.000000,0.119203,0.000000
73.145958,4.000000,1954.718750,-0.705490,702.140942,0.044569,0.000000,102.670959,93.793121,97.801693,-3.409192,-0.032394,-3.525046,-0.152184,-0.173302,-1.041181,-49.300644,-0.024175,0.005477,-0.260514,1.000000,0.999997,-0.000860,102530.015625,0.932890,1.000000,1.000000,1.000000,1.000000,1.000000,1.000000,1.000000,0.800000,1.000000,0.101428,0.000000
73.200494,4.000000,1957.462769,-0.647231,702.132003,0.026685,0.000000,102.169350,93.336555,97.325468,-3.407596,-0.040128,-3.503034,-0.169587,-0.194066,-1.046274,-49.372498,-0.034293,0.009615,-0.265223,1.000000,0.999997,0.050363,102530.015625,0.941469,1.000000,1.000000,1.000000,1.000000,1.000000,1.000000,1.000000,0.800000,1.000000,0.083047,0.000000
73.256965,4.000000,1960.272705,-0.586056,702.122096,0.014905,0.000000,101.649277,92.912750,96.883464,-3.403287,-0.052962,-3.493341,-0.175739,-0.202023,-1.051047,-49.446079,-0.045557,0.016996,-0.264965,1.000000,0.999997,0.102744,102530.015625,0.979087,1.000000,1.000000,1.000000,1.000000,1.000000,1.000000,1.000000,0.800000,1.000000,0.077884,0.000000
73.313096,4.000000,1963.063232,-0.523697,702.112427,0.008008,0.000000,101.133118,92.534042,96.488561,-3.395787,-0.070251,-3.493321,-0.169259,-0.195370,-1.055347,-49.519150,-0.058405,0.020824,-0.259936,1.000000,0.999997,0.156745,102530.015625,0.991822,1.000000,1.000000,1.000000,1.000000,1.000000,1.000000,1.000000,0.800000,1.000000,0.083905,0.000000
73.366056,4.000000,1965.644653,-0.464523,702.103717,0.003858,0.000000,100.647873,92.209213,96.149858,-3.386713,-0.086982,-3.491736,-0.162135,-0.187806,-1.059064,-49.586750,-0.065980,0.021063,-0.252087,1.000000,0.999997,0.177183,102530.015625,0.990626,1.000000,1.000000,1.000000,1.000000,1.000000,1.000000,1.000000,0.800000,1.000000,0.089929,0.000000
73.416638,4.000000,1968.159546,-0.405462,702.095720,0.004285,0.000000,100.187599,91.898560,95.825934,-3.377928,-0.101231,-3.488402,-0.156209,-0.181554,-1.062643,-49.652603,-0.067827,0.018508,-0.242026,1.000000,0.999997,0.165139,102530.015625,0.981736,1.000000,1.000000,1.000000,1.000000,1.000000,1.000000,1.000000,0.800000,1.000000,0.094199,0.000000
73.471632,4.000000,1970.861206,-0.340443,702.087189,0.003187,0.000000,99.691719,91.556229,95.468930,-3.369400,-0.112084,-3.480992,-0.154381,-0.180100,-1.066616,-49.723347,-0.068793,0.014360,-0.227647,1.000000,0.999997,0.146808,102530.015625,0.978138,1.000000,1.000000,1.000000,1.000000,1.000000,1.000000,1.000000,0.800000,1.000000,0.094722,0.000000
73.527770,4.000000,1973.609863,-0.272616,702.078599,0.006422,0.000000,99.190887,91.180656,95.077267,-3.361526,-0.119430,-3.475010,-0.152009,-0.178064,-1.071009,-49.795326,-0.070010,0.012529,-0.208021,1.000000,0.999997,0.129708,102530.015625,0.976336,1.000000,1.000000,1.000000,1.000000,1.000000,1.000000,1.000000,0.800000,1.000000,0.095896,0.000000
73.584267,4.000000,1976.327148,-0.203944,702.070024,0.021863,0.000000,98.692642,90.759026,94.637599,-3.354875,-0.126531,-3.466584,-0.152109,-0.179009,-1.075983,-49.866478,-0.068920,0.014791,-0.180326,1.000000,0.999997,0.100803,102530.015625,0.964510,1.000000,1.000000,1.000000,1.000000,1.000000,1.000000,1.000000,0.800000,1.000000,0.093899,0.000000
73.640495,4.000000,1979.086426,-0.132649,702.061431,0.026075,0.000000,98.202103,90.251457,94.108296,-3.351110,-0.134645,-3.462460,-0.152116,-0.180024,-1.082034,-49.938732,-0.060708,0.017391,-0.142139,1.000000,0.999997,0.036644,102530.015625,0.971514,1.000000,1.000000,1.000000,1.000000,1.000000,1.000000,1.000000,0.800000,1.000000,0.093048,0.000000
73.695621,4.000000,1981.754028,-0.062320,702.053157,0.023511,0.000000,97.725266,89.736526,93.571341,-3.350198,-0.145854,-3.463906,-0.148974,-0.177317,-1.088241,-50.008587,-0.057045,0.023646,-0.105103,1.000000,0.999997,0.001873,102530.015625,0.968919,1.000000,1.000000,1.000000,1.000000,1.000000,1.000000,1.000000,0.800000,1.000000,0.094478,0.000000
73.750438,4.000000,1984.363403,0.007694,702.045037,0.023817,0.000000,97.253937,89.227974,93.041008,-3.351180,-0.160903,-3.465142,-0.147733,-0.176842,-1.094443,-50.076916,-0.052514,0.028490,-0.070422,1.000000,0.999997,-0.035202,102530.015625,0.967977,1.000000,1.000000,1.000000,1.000000,1.000000,1.000000,1.000000,0.800000,1.000000,0.094133,0.000000
73.804451,4.000000,1986.939697,0.077873,702.037104,0.025709,0.000000,96.791313,88.720329,92.511645,-3.354334,-0.177576,-3.469159,-0.146176,-0.175979,-1.100704,-50.144379,-0.046751,0.031005,-0.038353,1.000000,0.999997,-0.075794,102530.015625,0.969061,1.000000,1.000000,1.000000,1.000000,1.000000,1.000000,1.000000,0.800000,1.000000,0.094315,0.000000
73.859583,4.000000,1989.555786,0.150075,702.029126,0.025098,0.000000,96.320030,88.197716,91.966667,-3.359054,-0.194523,-3.476132,-0.143520,-0.173806,-1.107225,-50.212883,-0.046391,0.031018,-0.008349,1.000000,0.999997,-0.084628,102530.015625,0.971358,1.000000,1.000000,1.000000,1.000000,1.000000,1.000000,1.000000,0.800000,1.000000,0.095656,0.000000
73.915420,4.000000,1992.169556,0.223017,702.021198,0.015882,0.000000,95.842941,87.664627,91.410773,-3.363999,-0.210526,-3.482087,-0.141363,-0.172235,-1.113957,-50.281326,-0.046202,0.032640,0.018850,1.000000,0.999997,-0.092987,102530.015625,0.966707,1.000000,1.000000,1.000000,1.000000,1.000000,1.000000,1.000000,0.800000,1.000000,0.095978,0.000000
73.970614,4.000000,1994.763672,0.296039,702.013573,0.004224,0.000000,95.370926,87.119537,90.842385,-3.370373,-0.227411,-3.496563,-0.134948,-0.165447,-1.120925,-50.349258,-0.040300,0.035215,0.042344,1.000000,0.999997,-0.131018,102530.015625,0.984791,1.000000,1.000000,1.000000,1.000000,1.000000,1.000000,1.000000,0.800000,1.000000,0.102091,0.000000
74.024596,4.000000,1997.258667,0.366707,702.006729,0.001295,0.000000,94.908218,86.576546,90.276221,-3.378422,-0.242227,-3.519823,-0.122095,-0.150628,-1.127953,-50.414589,-0.036640,0.030748,0.061347,1.000000,0.999997,-0.154558,102530.015625,0.990630,1.000000,1.000000,1.000000,1.000000,1.000000,1.000000,1.000000,0.800000,1.000000,0.113906,0.000000
74.078335,4.000000,1999.736328,0.437179,702.000723,-0.000353,0.000000,94.445808,86.013184,89.688835,-3.387352,-0.250869,-3.546485,-0.106408,-0.132136,-1.135338,-50.479469,-0.034064,0.025855,0.075295,1.000000,0.999997,-0.171927,102530.015625,0.980977,1.000000,1.000000,1.000000,1.000000,1.000000,1.000000,1.000000,0.800000,1.000000,0.127599,0.000000
74.133262,4.000000,2002.273193,0.509511,701.995273,0.005567,0.000000,93.970398,85.403168,89.052776,-3.398328,-0.255508,-3.569407,-0.095350,-0.119250,-1.143445,-50.545898,-0.026155,0.021704,0.083603,1.000000,0.999997,-0.216933,102530.015625,0.971247,1.000000,1.000000,1.000000,1.000000,1.000000,1.000000,1.000000,0.800000,1.000000,0.136426,0.000000
74.184910,4.000000,2004.634399,0.576871,701.990535,0.014722,0.000000,93.520226,84.797340,88.421062,-3.411060,-0.255118,-3.587045,-0.089937,-0.113283,-1.151612,-50.607731,-0.016580,0.014542,0.083544,1.000000,0.999997,-0.267536,102530.015625,0.958483,1.000000,1.000000,1.000000,1.000000,1.000000,1.000000,1.000000,0.800000,1.000000,0.139522,0.000000
74.237444,4.000000,2006.982666,0.643805,701.985888,0.021070,0.000000,93.058006,84.176483,87.773658,-3.425336,-0.248192,-3.607981,-0.085763,-0.108823,-1.160104,-50.669224,-0.025376,0.007777,0.077738,1.000000,0.999997,-0.214028,102530.015625,0.985243,1.000000,1.000000,1.000000,1.000000,1.000000,1.000000,1.000000,0.800000,1.000000,0.143900,0.000000
74.304604,4.000000,2009.416870,0.713101,701.980586,0.016737,0.000000,92.457008,83.544533,87.114716,-3.432377,-0.233362,-3.621662,-0.077618,-0.099233,-1.168876,-50.732964,-0.062390,0.001680,0.068414,1.000000,0.999997,-0.023143,102530.015625,0.955523,1.000000,1.000000,1.000000,1.000000,1.000000,1.000000,1.000000,0.800000,1.000000,0.147917,0.000000
74.359766,4.000000,2012.434326,0.798714,701.976219,0.027296,0.000000,91.958748,82.772530,86.309687,-3.430846,-0.218020,-3.615128,-0.080292,-0.103609,-1.179776,-50.811977,-0.082735,-0.001585,0.062381,1.000000,0.999997,0.065031,102530.015625,0.951562,1.000000,1.000000,1.000000,1.000000,1.000000,1.000000,1.000000,0.800000,1.000000,0.143030,0.000000
74.415934,4.000000,2014.916992,0.868780,701.971547,0.031324,0.000000,91.444733,82.124275,85.633697,-3.425573,-0.201051,-3.602073,-0.084817,-0.110312,-1.189086,-50.876991,-0.098581,-0.002736,0.054901,1.000000,0.999997,0.121428,102530.015625,0.940647,1.000000,1.000000,1.000000,1.000000,1.000000,1.000000,1.000000,0.800000,1.000000,0.136005,0.000000
74.471353,4.000000,2017.361450,0.937325,701.966525,0.023695,0.000000,90.931030,81.488907,84.971121,-3.417711,-0.185274,-3.583924,-0.092777,-0.121605,-1.198356,-50.941002,-0.111798,-0.003156,0.048422,1.000000,0.999997,0.159318,102530.015625,0.952298,1.000000,1.000000,1.000000,1.000000,1.000000,1.000000,1.000000,0.800000,1.000000,0.127157,0.000000
74.527824,4.000000,2019.804321,1.005277,701.961204,0.022108,0.000000,90.400848,80.842552,84.297104,-3.408674,-0.168524,-3.572042,-0.094664,-0.125071,-1.207934,-51.004971,-0.119811,-0.006107,0.043101,1.000000,0.999997,0.165758,102530.015625,0.960354,1.000000,1.000000,1.000000,1.000000,1.000000,1.000000,1.000000,0.800000,1.000000,0.124010,0.000000
74.581958,4.000000,2022.143677,1.069760,701.956506,0.020948,0.000000,89.886429,80.206406,83.633831,-3.400050,-0.146385,-3.592372,-0.076182,-0.101451,-1.217511,-51.066227,-0.122090,-0.023174,0.041560,1.000000,0.999997,0.140970,102530.015625,1.014675,1.000000,1.000000,1.000000,1.000000,1.000000,1.000000,1.000000,0.800000,1.000000,0.144729,0.000000
74.634700,4.000000,2024.318726,1.129207,701.953341,0.026746,0.000000,89.378746,79.593124,82.994398,-3.394639,-0.108504,-3.612969,-0.054260,-0.072814,-1.226889,-51.123184,-0.116281,-0.040092,0.041934,1.000000,0.999997,0.074525,102530.015625,0.978666,1.000000,1.000000,1.000000,1.000000,1.000000,1.000000,1.000000,0.800000,1.000000,0.162856,0.000000
74.691483,4.000000,2026.786621,1.196100,701.950670,0.029310,0.000000,88.825661,78.914734,82.287019,-3.391936,-0.056574,-3.622834,-0.043753,-0.059219,-1.237432,-51.187805,-0.114771,-0.053840,0.044277,1.000000,0.999997,0.033319,102530.015625,0.970236,1.000000,1.000000,1.000000,1.000000,1.000000,1.000000,1.000000,0.800000,1.000000,0.170626,0.000000
74.743531,4.000000,2028.945435,1.254130,701.948542,0.023084,0.000000,88.312500,78.345695,81.693664,-3.390507,-0.001398,-3.625734,-0.039884,-0.054375,-1.246417,-51.244339,-0.119155,-0.063630,0.050780,1.000000,0.999997,0.029305,102530.015625,0.964220,1.000000,1.000000,1.000000,1.000000,1.000000,1.000000,1.000000,0.800000,1.000000,0.172356,0.000000
74.798879,4.000000,2031.308350,1.317105,701.946356,0.019605,0.000000,87.761375,77.758362,81.081215,-3.387586,0.061142,-3.623193,-0.039337,-0.054034,-1.255829,-51.306213,-0.133558,-0.070089,0.062454,1.000000,0.999997,0.076602,102530.015625,0.963021,1.000000,1.000000,1.000000,1.000000,1.000000,1.000000,1.000000,0.800000,1.000000,0.171112,0.000000
74.851184,4.000000,2033.452881,1.373726,701.944395,0.014478,0.000000,87.235733,77.252464,80.553714,-3.381985,0.121355,-3.631620,-0.033534,-0.046364,-1.264050,-51.362370,-0.149058,-0.067149,0.078857,1.000000,0.999997,0.126738,102530.015625,1.022310,1.000000,1.000000,1.000000,1.000000,1.000000,1.000000,1.000000,0.800000,1.000000,0.179834,0.000000
74.908495,4.000000,2035.801880,1.435067,701.943408,0.013563,0.000000,86.656113,76.715515,79.993838,-3.374039,0.169831,-3.650743,-0.011379,-0.015843,-1.272894,-51.423882,-0.158628,-0.048721,0.098818,1.000000,0.999997,0.137252,102530.015625,0.984122,1.000000,1.000000,1.000000,1.000000,1.000000,1.000000,1.000000,0.800000,1.000000,0.197725,0.000000
74.961317,4.000000,2037.943848,1.490216,701.943095,0.019361,0.000000,86.119240,76.232567,79.490251,-3.366926,0.201730,-3.653497,-0.003875,-0.005430,-1.280956,-51.479969,-0.162458,-0.040859,0.116778,1.000000,0.999997,0.119478,102530.015625,0.974257,1.000000,1.000000,1.000000,1.000000,1.000000,1.000000,1.000000,0.800000,1.000000,0.203276,0.000000
75.017530,4.000000,2040.278809,1.549329,701.943048,0.018384,0.000000,85.546707,75.697899,78.932734,-3.361018,0.228018,-3.654487,0.000901,0.001271,-1.290000,-51.541111,-0.162857,-0.035445,0.133106,1.000000,0.999997,0.082897,102530.015625,0.972073,1.000000,1.000000,1.000000,1.000000,1.000000,1.000000,1.000000,0.800000,1.000000,0.206535,0.000000
75.073798,4.000000,2042.552002,1.605740,701.943240,0.020154,0.000000,84.972878,75.157265,78.368987,-3.357212,0.251539,-3.656167,0.004822,0.006853,-1.299277,-51.600639,-0.162461,-0.036407,0.145442,1.000000,0.999997,0.045434,102530.015625,0.964861,1.000000,1.000000,1.000000,1.000000,1.000000,1.000000,1.000000,0.800000,1.000000,0.208683,0.000000
75.128473,4.000000,2044.743286,1.658971,701.943546,0.026807,0.000000,84.415199,74.609245,77.797566,-3.354840,0.275899,-3.667318,0.009119,0.013055,-1.308817,-51.658020,-0.180019,-0.040041,0.150485,1.000000,0.999997,0.110814,102530.015625,1.032336,1.000000,1.000000,1.000000,1.000000,1.000000,1.000000,1.000000,0.800000,1.000000,0.216337,0.000000
75.183691,4.000000,2046.947388,1.711362,701.944995,0.029981,0.000000,83.851807,74.021233,77.184405,-3.340417,0.301488,-3.680457,0.031718,0.045768,-1.319210,-51.715736,-0.232090,-0.042028,0.144253,1.000000,0.999997,0.346137,102530.015625,0.972535,1.000000,1.000000,1.000000,1.000000,1.000000,1.000000,1.000000,0.800000,1.000000,0.233433,0.000000
75.239761,4.000000,2049.141357,1.762306,701.946933,0.031995,0.000000,83.279243,73.406670,76.543578,-3.317764,0.326286,-3.662922,0.035371,0.051466,-1.330251,-51.773186,-0.259980,-0.041356,0.133004,1.000000,0.999997,0.431979,102530.015625,0.961364,1.000000,1.000000,1.000000,1.000000,1.000000,1.000000,1.000000,0.800000,1.000000,0.234731,0.000000
75.294416,4.000000,2051.286377,1.810842,701.948880,0.029493,0.000000,82.720474,72.811134,75.922594,-3.292499,0.347391,-3.639222,0.035781,0.052489,-1.341127,-51.829357,-0.280640,-0.039085,0.119107,1.000000,0.999997,0.473210,102530.015625,0.963476,1.000000,1.000000,1.000000,1.000000,1.000000,1.000000,1.000000,0.800000,1.000000,0.233687,0.000000
75.349174,4.000000,2053.417725,1.857704,701.950839,0.025587,0.000000,82.159775,72.238327,75.325324,-3.265492,0.366999,-3.611748,0.035317,0.052219,-1.351757,-51.885166,-0.299483,-0.041203,0.101824,1.000000,0.999997,0.500489,102530.015625,0.959237,1.000000,1.000000,1.000000,1.000000,1.000000,1.000000,1.000000,0.800000,1.000000,0.231368,0.000000
75.404316,4.000000,2055.540283,1.902961,701.952682,0.026624,0.000000,81.594406,71.688690,74.752212,-3.236611,0.388645,-3.579435,0.032489,0.048406,-1.362117,-51.940746,-0.320348,-0.045992,0.083107,1.000000,0.999997,0.534660,102530.015625,0.960168,1.000000,1.000000,1.000000,1.000000,1.000000,1.000000,1.000000,0.800000,1.000000,0.227139,0.000000
75.458905,4.000000,2057.623047,1.945975,701.954376,0.031263,0.000000,81.034416,71.144867,74.185144,-3.206480,0.412300,-3.547184,0.030505,0.045798,-1.372525,-51.995289,-0.338503,-0.048834,0.065956,1.000000,0.999997,0.551069,102530.015625,0.959642,1.000000,1.000000,1.000000,1.000000,1.000000,1.000000,1.000000,0.800000,1.000000,0.223836,0.000000
75.513125,4.000000,2059.671143,1.986904,701.955948,0.033765,0.000000,80.478172,70.587944,73.604431,-3.176883,0.435542,-3.515123,0.028274,0.042782,-1.383350,-52.048920,-0.349026,-0.049356,0.053385,1.000000,0.999997,0.525398,102530.015625,0.961050,1.000000,1.000000,1.000000,1.000000,1.000000,1.000000,1.000000,0.800000,1.000000,0.220309,0.000000
75.567262,4.000000,2061.718506,2.026462,701.957520,0.032606,0.000000,79.922707,69.992264,72.983299,-3.149948,0.457389,-3.492464,0.030106,0.045942,-1.395118,-52.102531,-0.352924,-0.049569,0.046829,1.000000,0.999997,0.466847,102530.015625,0.966710,1.000000,1.000000,1.000000,1.000000,1.000000,1.000000,1.000000,0.800000,1.000000,0.221144,0.000000
75.622698,4.000000,2063.777100,2.064830,701.959783,0.037549,0.000000,79.353447,69.377342,72.342057,-3.125016,0.472473,-3.517005,0.055871,0.086016,-1.407480,-52.156437,-0.357332,-0.025881,0.039742,1.000000,0.999997,0.413047,102530.015625,1.051039,1.000000,1.000000,1.000000,1.000000,1.000000,1.000000,1.000000,0.800000,1.000000,0.251258,0.000000
75.678172,4.000000,2065.821777,2.101306,701.964346,0.027174,0.000000,78.782875,68.747162,71.684812,-3.104738,0.456243,-3.551684,0.093542,0.145332,-1.420379,-52.209980,-0.353338,0.003294,0.030559,1.000000,0.999997,0.320045,102530.015625,1.009554,1.000000,1.000000,1.000000,1.000000,1.000000,1.000000,1.000000,0.800000,1.000000,0.284517,0.000000
75.733125,4.000000,2067.840576,2.135569,701.970692,0.019117,0.000000,78.216301,68.119308,71.029874,-3.089190,0.427877,-3.609720,0.134764,0.211307,-1.433470,-52.262844,-0.348074,-0.005149,0.024219,1.000000,0.999997,0.228030,102530.015625,1.079083,1.000000,1.000000,1.000000,1.000000,1.000000,1.000000,1.000000,0.800000,1.000000,0.329077,0.000000
75.789134,4.000000,2069.875732,2.168299,701.980261,0.018873,0.000000,77.636742,67.434906,70.315815,-3.081417,0.421361,-3.679555,0.186491,0.295383,-1.448021,-52.316135,-0.327587,-0.024364,0.024430,1.000000,0.999997,0.064075,102530.015625,1.019209,1.000000,1.000000,1.000000,1.000000,1.000000,1.000000,1.000000,0.800000,1.000000,0.374860,0.000000
75.844508,4.000000,2071.846191,2.198482,701.991567,0.022901,0.000000,77.061096,66.789978,69.643080,-3.080842,0.425709,-3.719324,0.211725,0.338590,-1.462003,-52.367733,-0.317280,-0.032109,0.022505,1.000000,0.999997,-0.030571,102530.015625,0.991211,1.000000,1.000000,1.000000,1.000000,1.000000,1.000000,1.000000,0.800000,1.000000,0.396519,0.000000
75.899088,4.000000,2073.804932,2.227146,702.003551,0.024244,0.000000,76.490807,66.163368,68.989595,-3.084036,0.435432,-3.740655,0.222514,0.359214,-1.475845,-52.419025,-0.313076,-0.037826,0.020898,1.000000,0.999997,-0.084233,102530.015625,0.970185,1.000000,1.000000,1.000000,1.000000,1.000000,1.000000,1.000000,0.800000,1.000000,0.404084,0.000000
75.953809,4.000000,2075.729736,2.254102,702.015784,0.021863,0.000000,75.916199,65.556000,68.356287,-3.089528,0.447096,-3.750010,0.223520,0.364179,-1.489512,-52.469429,-0.311883,-0.037439,0.018491,1.000000,0.999997,-0.117151,102530.015625,0.958989,1.000000,1.000000,1.000000,1.000000,1.000000,1.000000,1.000000,0.800000,1.000000,0.402758,0.000000
76.008675,4.000000,2077.653564,2.279877,702.027962,0.024183,0.000000,75.337357,64.953171,67.727747,-3.096010,0.456139,-3.756648,0.221393,0.364062,-1.496553,-52.519806,-0.315234,-0.034762,0.015031,1.000000,0.999997,-0.123057,102530.015625,0.960083,1.000000,1.000000,1.000000,1.000000,1.000000,1.000000,1.000000,0.800000,1.000000,0.399183,0.000000
76.063790,4.000000,2079.551025,2.304162,702.040085,0.030836,0.000000,74.753464,64.353928,67.102944,-3.102570,0.463099,-3.761231,0.218787,0.363126,-1.496553,-52.569492,-0.320170,-0.034039,0.012079,1.000000,0.999997,-0.120013,102530.015625,0.951392,1.000000,1.000000,1.000000,1.000000,1.000000,1.000000,1.000000,0.800000,1.000000,0.394351,0.000000
76.119733,4.000000,2081.476318,2.327664,702.052023,0.033826,0.000000,74.158653,63.750549,66.473914,-3.108879,0.469788,-3.756734,0.210445,0.352587,-1.496553,-52.619907,-0.325942,-0.034078,0.008995,1.000000,0.999997,-0.113124,102530.015625,0.949009,1.000000,1.000000,1.000000,1.000000,1.000000,1.000000,1.000000,0.800000,1.000000,0.384275,0.000000
76.174708,4.000000,2083.343994,2.349396,702.063328,0.029981,0.000000,73.572495,63.157818,65.855956,-3.115270,0.474409,-3.755504,0.203586,0.344295,-1.496553,-52.668816,-0.328299,-0.031166,0.004912,1.000000,0.999997,-0.124227,102530.015625,0.954334,1.000000,1.000000,1.000000,1.000000,1.000000,1.000000,1.000000,0.800000,1.000000,0.376254,0.000000
76.230096,4.000000,2085.192139,2.369863,702.074484,0.030653,0.000000,72.980469,62.562489,65.235238,-3.122383,0.477353,-3.763069,0.201123,0.343367,-1.496553,-52.717209,-0.330032,-0.030765,0.001462,1.000000,0.999997,-0.137614,102530.015625,0.964548,1.000000,1.000000,1.000000,1.000000,1.000000,1.000000,1.000000,0.800000,1.000000,0.373006,0.000000
76.286418,4.000000,2087.071533,2.389626,702.085865,0.025159,0.000000,72.377151,61.947010,64.593447,-3.130437,0.479664,-3.778412,0.203038,0.350080,-1.496553,-52.766422,-0.331820,-0.030153,-0.002344,1.000000,0.999997,-0.149430,102530.015625,0.969329,1.000000,1.000000,1.000000,1.000000,1.000000,1.000000,1.000000,0.800000,1.000000,0.373644,0.000000
76.338174,4.000000,2088.753662,2.406430,702.096491,0.026441,0.000000,71.821533,61.391464,64.014129,-3.138138,0.481548,-3.794571,0.206293,0.358912,-1.496553,-52.810471,-0.334919,-0.029878,-0.005969,1.000000,0.999997,-0.151480,102530.015625,0.964264,1.000000,1.000000,1.000000,1.000000,1.000000,1.000000,1.000000,0.800000,1.000000,0.375159,0.000000
76.393793,4.000000,2090.597656,2.423918,702.107974,0.027174,0.000000,71.223831,60.783607,63.380324,-3.145857,0.481617,-3.805345,0.206489,0.362845,-1.496553,-52.858757,-0.342404,-0.026576,-0.009852,1.000000,0.999997,-0.131387,102530.015625,0.959248,1.000000,1.000000,1.000000,1.000000,1.000000,1.000000,1.000000,0.800000,1.000000,0.373324,0.000000
76.449980,4.000000,2092.421387,2.440267,702.119481,0.027784,0.000000,70.619194,60.179249,62.750182,-3.152714,0.478353,-3.810345,0.203759,0.361643,-1.496553,-52.906513,-0.348834,-0.023798,-0.013651,1.000000,0.999997,-0.118797,102530.015625,0.954674,1.000000,1.000000,1.000000,1.000000,1.000000,1.000000,1.000000,0.800000,1.000000,0.368682,0.000000
76.500363,4.000000,2094.038330,2.453989,702.129636,0.031690,0.000000,70.076424,59.644699,62.192843,-3.158003,0.474696,-3.813676,0.200728,0.359456,-1.496553,-52.948856,-0.356770,-0.023553,-0.016127,1.000000,0.999997,-0.096816,102530.015625,0.956385,1.000000,1.000000,1.000000,1.000000,1.000000,1.000000,1.000000,0.800000,1.000000,0.364398,0.000000
76.557173,4.000000,2095.841309,2.468455,702.140891,0.035047,0.000000,69.464127,59.041447,61.563880,-3.162871,0.469141,-3.815104,0.196969,0.356328,-1.496553,-52.996067,-0.365559,-0.020465,-0.019080,1.000000,0.999997,-0.074681,102530.015625,0.955671,1.000000,1.000000,1.000000,1.000000,1.000000,1.000000,1.000000,0.800000,1.000000,0.358915,0.000000
76.612218,4.000000,2097.577637,2.481569,702.151547,0.034070,0.000000,68.870865,58.458973,60.956588,-3.166047,0.461338,-3.812088,0.191883,0.350586,-1.496553,-53.041534,-0.376227,-0.017474,-0.021483,1.000000,0.999997,-0.043863,102530.015625,0.952720,1.000000,1.000000,1.000000,1.000000,1.000000,1.000000,1.000000,0.800000,1.000000,0.352098,0.000000
76.666848,4.000000,2099.281982,2.493679,702.161825,0.035963,0.000000,68.282166,57.882397,60.355439,-3.168037,0.451143,-3.807535,0.186416,0.343990,-1.496553,-53.086166,-0.383491,-0.014392,-0.024090,1.000000,0.999997,-0.033670,102530.015625,0.952737,1.000000,1.000000,1.000000,1.000000,1.000000,1.000000,1.000000,0.800000,1.000000,0.345182,0.000000
76.721533,4.000000,2100.971680,2.504946,702.171780,0.041395,0.000000,67.693077,57.313538,59.762373,-3.169574,0.439745,-3.795979,0.178966,0.333521,-1.496553,-53.130413,-0.056801,-0.013526,-0.025544,1.000000,0.999997,-0.027706,102530.015625,0.933854,1.000000,1.000000,1.000000,1.000000,1.000000,1.000000,0.000000,0.800000,1.000000,0.334898,0.000000
76.776753,4.000000,2102.640381,2.515382,702.181088,0.046705,0.000000,67.098679,56.769524,59.195287,-3.170677,0.428307,-3.772690,0.163869,0.308311,-1.496553,-53.174107,-0.065345,-0.012636,-0.026793,1.000000,0.999997,-0.012239,102530.015625,0.943643,1.000000,1.000000,1.000000,1.000000,1.000000,1.000000,0.000000,0.800000,1.000000,0.318827,0.000000
76.833865,4.000000,2104.355957,2.525414,702.190037,0.048658,0.000000,66.484818,56.202839,58.604497,-3.170495,0.415746,-3.756958,0.153612,0.291928,-1.496553,-53.219032,-0.076879,-0.011170,-0.028251,1.000000,0.999997,0.016409,102530.015625,0.951513,1.000000,1.000000,1.000000,1.000000,1.000000,1.000000,0.000000,0.800000,1.000000,0.307532,0.000000
76.889820,4.000000,2106.048828,2.534641,702.198441,0.050245,0.000000,65.884789,55.632118,58.009448,-3.168961,0.401682,-3.751028,0.149187,0.286427,-1.496553,-53.263359,-0.086540,-0.006706,-0.029908,1.000000,0.999997,0.032987,102530.015625,0.957897,1.000000,1.000000,1.000000,1.000000,1.000000,1.000000,0.000000,0.800000,1.000000,0.302229,0.000000
76.946219,4.000000,2107.706543,2.543030,702.206755,0.047620,0.000000,65.281410,55.059200,57.412070,-3.167021,0.383171,-3.748155,0.146897,0.284964,-1.496553,-53.306770,-0.093654,-0.000643,-0.032032,1.000000,0.999997,0.034408,102530.015625,0.962462,1.000000,1.000000,1.000000,1.000000,1.000000,1.000000,0.000000,0.800000,1.000000,0.298692,0.000000
77.003207,4.000000,2109.344971,2.550676,702.215176,0.042066,0.000000,64.672577,54.484905,56.813220,-3.164958,0.359235,-3.754704,0.148941,0.291975,-1.496553,-53.349674,-0.101555,0.005409,-0.033447,1.000000,0.999997,0.039536,102530.015625,0.974024,1.000000,1.000000,1.000000,1.000000,1.000000,1.000000,0.000000,0.800000,1.000000,0.299988,0.000000
77.060751,4.000000,2111.036133,2.557887,702.223983,0.040540,0.000000,64.059471,53.879517,56.181910,-3.162936,0.334435,-3.768626,0.155339,0.307938,-1.496553,-53.393959,-0.106491,0.004745,-0.033507,1.000000,0.999997,0.027910,102530.015625,0.973039,1.000000,1.000000,1.000000,1.000000,1.000000,1.000000,0.000000,0.800000,1.000000,0.304801,0.000000
77.117761,4.000000,2112.687012,2.564308,702.233016,0.039930,0.000000,63.454105,53.277504,55.554126,-3.162078,0.313334,-3.780325,0.160068,0.320899,-1.496553,-53.437187,-0.108942,0.000928,-0.032207,1.000000,0.999997,0.004794,102530.015625,0.971229,1.000000,1.000000,1.000000,1.000000,1.000000,1.000000,0.000000,0.800000,1.000000,0.307731,0.000000
77.173146,4.000000,2114.269531,2.569955,702.242002,0.038709,0.000000,62.867298,52.694786,54.946475,-3.162405,0.298513,-3.790730,0.163346,0.331092,-1.496553,-53.478626,-0.111264,-0.004279,-0.030565,1.000000,0.999997,-0.015967,102530.015625,0.972032,1.000000,1.000000,1.000000,1.000000,1.000000,1.000000,0.000000,0.800000,1.000000,0.309389,0.000000
77.228921,4.000000,2115.828125,2.575107,702.251219,0.034742,0.000000,62.277344,52.115868,54.342794,-3.163797,0.287885,-3.799643,0.165739,0.339673,-1.496553,-53.519440,-0.113954,-0.006731,-0.029273,1.000000,0.999997,-0.033045,102530.015625,0.963455,1.000000,1.000000,1.000000,1.000000,1.000000,1.000000,0.000000,0.800000,1.000000,0.309674,0.000000
77.284245,4.000000,2117.366455,2.579839,702.260370,0.030714,0.000000,61.693127,51.540543,53.742899,-3.165958,0.278341,-3.804559,0.165289,0.342532,-1.496553,-53.559723,-0.117702,-0.005495,-0.028723,1.000000,0.999997,-0.042584,102530.015625,0.962196,1.000000,1.000000,1.000000,1.000000,1.000000,1.000000,0.000000,0.800000,1.000000,0.307606,0.000000
77.340174,4.000000,2118.900879,2.584225,702.269564,0.036390,0.000000,61.103355,50.961578,53.139207,-3.168274,0.266791,-3.806955,0.163810,0.343325,-1.496553,-53.599903,-0.123597,-0.002135,-0.028581,1.000000,0.999997,-0.040248,102530.015625,0.956413,1.000000,1.000000,1.000000,1.000000,1.000000,1.000000,0.000000,0.800000,1.000000,0.304202,0.000000
77.396284,4.000000,2120.412842,2.588211,702.278593,0.036268,0.000000,60.512527,50.389500,52.542733,-3.170237,0.253084,-3.803051,0.159352,0.337773,-1.496553,-53.639496,-0.131072,0.000505,-0.028609,1.000000,0.999997,-0.029810,102530.015625,0.955814,1.000000,1.000000,1.000000,1.000000,1.000000,1.000000,0.000000,0.800000,1.000000,0.298027,0.000000
77.451200,4.000000,2121.895264,2.591793,702.287213,0.041028,0.000000,59.935226,49.826054,51.955247,-3.171344,0.238990,-3.802104,0.156260,0.334964,-1.496553,-53.678314,-0.139846,0.000949,-0.028278,1.000000,0.999997,-0.012883,102530.015625,0.961742,1.000000,1.000000,1.000000,1.000000,1.000000,1.000000,0.000000,0.800000,1.000000,0.293779,0.000000
77.507027,4.000000,2123.374512,2.595055,702.295812,0.038587,0.000000,59.349239,49.263531,51.368729,-3.171745,0.225508,-3.796788,0.152457,0.330542,-1.496553,-53.717049,-0.147152,0.000642,-0.027794,1.000000,0.999997,-0.005870,102530.015625,0.952196,1.000000,1.000000,1.000000,1.000000,1.000000,1.000000,0.000000,0.800000,1.000000,0.287833,0.000000
77.561728,4.000000,2124.799561,2.597921,702.303910,0.036939,0.000000,58.776173,48.717827,50.799785,-3.172069,0.213485,-3.787241,0.146086,0.320278,-1.496553,-53.754368,-0.153497,-0.000004,-0.027429,1.000000,0.999997,-0.003622,102530.015625,0.956214,1.000000,1.000000,1.000000,1.000000,1.000000,1.000000,0.000000,0.800000,1.000000,0.280150,0.000000
77.616906,4.000000,2126.238525,2.600559,702.311861,0.037855,0.000000,58.199196,48.162636,50.220893,-3.172027,0.202203,-3.787335,0.143772,0.318837,-1.496553,-53.792046,-0.160754,0.000410,-0.027115,1.000000,0.999997,0.002761,102530.015625,0.966184,1.000000,1.000000,1.000000,1.000000,1.000000,1.000000,0.000000,0.800000,1.000000,0.277039,0.000000
77.674635,4.000000,2127.687256,2.602961,702.320179,0.037611,0.000000,57.596672,47.606506,49.640989,-3.171583,0.189780,-3.791821,0.144307,0.323763,-1.496553,-53.829983,-0.169318,0.002505,-0.026494,1.000000,0.999997,0.014118,102530.015625,0.966710,1.000000,1.000000,1.000000,1.000000,1.000000,1.000000,0.000000,0.800000,1.000000,0.275986,0.000000
77.731288,4.000000,2129.147461,2.605123,702.328301,0.034070,0.000000,57.006989,47.074013,49.085762,-3.169945,0.176813,-3.788605,0.142485,0.323292,-1.496553,-53.868221,-0.182626,0.003037,-0.024383,1.000000,0.999997,0.050333,102530.015625,0.963814,1.000000,1.000000,1.000000,1.000000,1.000000,1.000000,0.000000,0.800000,1.000000,0.272300,0.000000
77.781568,4.000000,2130.399658,2.606779,702.335352,0.033399,0.000000,56.485329,46.669090,48.663576,-3.165547,0.166608,-3.778194,0.139000,0.318120,-1.496553,-53.901009,-0.202791,0.001157,-0.022984,1.000000,0.999997,0.123601,102530.015625,0.963041,1.000000,1.000000,1.000000,1.000000,1.000000,1.000000,0.000000,0.800000,1.000000,0.267371,0.000000
77.837321,4.000000,2131.807129,2.608447,702.342882,0.034254,0.000000,55.910004,46.290749,48.269133,-3.155312,0.158402,-3.756571,0.133026,0.306936,-1.496553,-53.937866,-0.232942,-0.002525,-0.023517,1.000000,0.999997,0.238505,102530.015625,0.966259,1.000000,1.000000,1.000000,1.000000,1.000000,1.000000,0.000000,0.800000,1.000000,0.260363,0.000000
77.893953,4.000000,2133.190918,2.609928,702.350111,0.033887,0.000000,55.330612,45.988651,47.954217,-3.138345,0.154491,-3.720961,0.124495,0.289137,-1.496553,-53.974102,-0.264614,-0.006731,-0.025565,1.000000,0.999997,0.349153,102530.015625,0.965417,1.000000,1.000000,1.000000,1.000000,1.000000,1.000000,0.000000,0.800000,1.000000,0.250660,0.000000
77.948639,4.000000,2134.540771,2.611259,702.356599,0.032728,0.000000,54.778210,45.730167,47.684772,-3.116861,0.153472,-3.680973,0.115787,0.270435,-1.496553,-54.009449,-0.291162,-0.008751,-0.027515,1.000000,0.999997,0.424165,102530.015625,0.967877,1.000000,1.000000,1.000000,1.000000,1.000000,1.000000,0.000000,0.800000,1.000000,0.241360,0.000000
78.003548,4.000000,2135.878662,2.612484,702.362654,0.033399,0.000000,54.232338,45.492790,47.437331,-3.092272,0.153286,-3.639823,0.107744,0.252960,-1.496553,-54.044483,-0.312677,-0.008223,-0.028833,1.000000,0.999997,0.465020,102530.015625,0.975324,1.000000,1.000000,1.000000,1.000000,1.000000,1.000000,0.000000,0.800000,1.000000,0.233063,0.000000
78.053742,4.000000,2137.104248,2.613521,702.367947,0.030164,0.000000,53.742355,45.279785,47.215262,-3.068288,0.151379,-3.610522,0.104682,0.246929,-1.496553,-54.076576,-0.329574,-0.004943,-0.029306,1.000000,0.999997,0.483726,102530.015625,0.979185,1.000000,1.000000,1.000000,1.000000,1.000000,1.000000,0.000000,0.800000,1.000000,0.229725,0.000000
78.110736,4.000000,2138.475098,2.614557,702.373843,0.026624,0.000000,53.197903,45.039856,46.965092,-3.040764,0.145979,-3.581255,0.103113,0.244523,-1.496553,-54.112473,-0.343965,-0.001785,-0.028764,1.000000,0.999997,0.477073,102530.015625,0.983279,1.000000,1.000000,1.000000,1.000000,1.000000,1.000000,0.000000,0.800000,1.000000,0.227768,0.000000
78.164830,4.000000,2139.784912,2.615403,702.379401,0.025648,0.000000,52.693886,44.807281,46.722586,-3.015773,0.140214,-3.557153,0.102769,0.244971,-1.496553,-54.146770,-0.352606,-0.002518,-0.027011,1.000000,0.999997,0.444144,102530.015625,0.986518,1.000000,1.000000,1.000000,1.000000,1.000000,1.000000,0.000000,0.800000,1.000000,0.226973,0.000000
78.218484,4.000000,2141.071533,2.616102,702.384981,0.021680,0.000000,52.206573,44.575115,46.480491,-2.993333,0.135200,-3.541739,0.104953,0.251481,-1.496553,-54.180462,-0.357154,-0.002408,-0.024117,1.000000,0.999997,0.392585,102530.015625,0.989258,1.000000,1.000000,1.000000,1.000000,1.000000,1.000000,0.000000,0.800000,1.000000,0.228728,0.000000
78.271799,4.000000,2142.331055,2.616669,702.390633,0.020643,0.000000,51.735062,44.343170,46.238620,-2.974065,0.131213,-3.526659,0.106400,0.256281,-1.496553,-54.213444,-0.359159,-0.004426,-0.019892,1.000000,0.999997,0.332097,102530.015625,0.984900,1.000000,1.000000,1.000000,1.000000,1.000000,1.000000,0.000000,0.800000,1.000000,0.229261,0.000000
78.326023,4.000000,2143.611572,2.617143,702.396467,0.023450,0.000000,51.267811,44.096684,45.981583,-2.958134,0.129649,-3.519346,0.108698,0.263280,-1.496553,-54.246975,-0.357616,-0.006753,-0.014229,1.000000,0.999997,0.256620,102530.015625,0.993489,1.000000,1.000000,1.000000,1.000000,1.000000,1.000000,0.000000,0.800000,1.000000,0.231523,0.000000
78.381438,4.000000,2144.919678,2.617540,702.402684,0.022596,0.000000,50.804253,43.825630,45.698902,-2.946428,0.129728,-3.521615,0.113949,0.277707,-1.496553,-54.281231,-0.353799,-0.007623,-0.007346,1.000000,0.999997,0.174603,102530.015625,0.989772,1.000000,1.000000,1.000000,1.000000,1.000000,1.000000,0.000000,0.800000,1.000000,0.235822,0.000000
78.436936,4.000000,2146.223877,2.617851,702.409116,0.021497,0.000000,50.352905,43.545475,45.406744,-2.938458,0.129540,-3.521826,0.116779,0.286434,-1.496553,-54.315380,-0.353480,-0.006200,-0.000988,1.000000,0.999997,0.118160,102530.015625,0.986075,1.000000,1.000000,1.000000,1.000000,1.000000,1.000000,0.000000,0.800000,1.000000,0.237643,0.000000
78.491545,4.000000,2147.494873,2.618055,702.415573,0.021314,0.000000,49.920807,43.263359,45.112558,-2.933208,0.127830,-3.524373,0.119115,0.294069,-1.496553,-54.348663,-0.354961,-0.004515,0.003327,1.000000,0.999997,0.076904,102530.015625,0.986648,1.000000,1.000000,1.000000,1.000000,1.000000,1.000000,0.000000,0.800000,1.000000,0.239251,0.000000
78.545269,4.000000,2148.730713,2.618130,702.422047,0.020216,0.000000,49.506645,42.981777,44.818928,-2.930047,0.125670,-3.528445,0.121361,0.301577,-1.496553,-54.381027,-0.356892,-0.005139,0.004639,1.000000,0.999997,0.042319,102530.015625,0.983830,1.000000,1.000000,1.000000,1.000000,1.000000,1.000000,0.000000,0.800000,1.000000,0.240586,0.000000
78.600866,4.000000,2150.002441,2.618071,702.428808,0.018690,0.000000,49.088547,42.680782,44.505069,-2.928901,0.125946,-3.529936,0.121737,0.304644,-1.496553,-54.414326,-0.357032,-0.009228,0.002106,1.000000,0.999997,-0.000134,102530.015625,0.980483,1.000000,1.000000,1.000000,1.000000,1.000000,1.000000,0.000000,0.800000,1.000000,0.239935,0.000000
78.654673,4.000000,2151.239746,2.617891,702.434835,0.014173,0.000000,48.693443,42.373093,44.184407,-2.935476,0.129448,-3.488675,0.103427,0.260703,-1.496553,-54.446728,-0.314512,-0.012664,-0.004514,1.000000,0.999997,-0.264397,102530.015625,0.957076,1.000000,1.000000,1.000000,1.000000,1.000000,1.000000,0.000000,0.800000,1.000000,0.219247,0.000000
78.709900,4.000000,2152.470947,2.617596,702.440382,0.010999,0.000000,48.296616,42.044964,43.842282,-2.955836,0.135556,-3.511686,0.101252,0.257211,-1.496553,-54.478966,-0.283084,-0.015161,-0.017618,1.000000,0.999997,-0.443729,102530.015625,0.991137,1.000000,1.000000,1.000000,1.000000,1.000000,1.000000,0.000000,0.800000,1.000000,0.218548,0.000000
78.764935,4.000000,2153.705078,2.617198,702.446267,0.006361,0.000000,47.908920,41.682331,43.464071,-2.983671,0.142903,-3.567043,0.110464,0.283056,-1.496553,-54.511284,-0.261523,-0.017379,-0.038137,1.000000,0.999997,-0.554452,102530.015625,0.997270,1.000000,1.000000,1.000000,1.000000,1.000000,1.000000,0.000000,0.800000,1.000000,0.227365,0.000000
78.819162,4.000000,2154.924072,2.616703,702.452648,0.006788,0.000000,47.533192,41.279243,43.043634,-3.016106,0.151869,-3.631291,0.121657,0.314782,-1.496553,-54.543205,-0.244522,-0.020410,-0.066326,1.000000,0.999997,-0.630431,102530.015625,0.998404,1.000000,1.000000,1.000000,1.000000,1.000000,1.000000,0.000000,0.800000,1.000000,0.237459,0.000000
78.873765,4.000000,2156.119629,2.616124,702.459739,0.002515,0.000000,47.159550,40.873085,42.619979,-3.051614,0.162105,-3.702388,0.134168,0.350603,-1.496553,-54.574512,-0.234168,-0.022184,-0.095049,1.000000,0.999997,-0.663475,102530.015625,0.994544,1.000000,1.000000,1.000000,1.000000,1.000000,1.000000,0.000000,0.800000,1.000000,0.248728,0.000000
78.924136,4.000000,2157.215088,2.615519,702.466807,0.001112,0.000000,46.817768,40.493782,42.224342,-3.085661,0.171487,-3.762482,0.143166,0.377621,-1.496553,-54.603195,-0.226098,-0.022329,-0.118444,1.000000,0.999997,-0.682558,102530.015625,0.988502,1.000000,1.000000,1.000000,1.000000,1.000000,1.000000,0.000000,0.800000,1.000000,0.256304,0.000000
78.976165,4.000000,2158.329346,2.614840,702.474475,0.000623,0.000000,46.466648,40.095825,41.809300,-3.121557,0.180361,-3.817414,0.149232,0.397526,-1.496553,-54.632374,-0.218464,-0.021985,-0.137790,1.000000,0.999997,-0.696155,102530.015625,0.980896,1.000000,1.000000,1.000000,1.000000,1.000000,1.000000,0.000000,0.800000,1.000000,0.260906,0.000000
79.029515,4.000000,2159.475830,2.614094,702.482530,0.004591,0.000000,46.107811,39.657852,41.352573,-3.159570,0.187382,-3.862914,0.151181,0.407165,-1.496553,-54.662395,-0.206956,-0.019185,-0.150568,1.000000,0.999997,-0.727369,102530.015625,0.967578,1.000000,1.000000,1.000000,1.000000,1.000000,1.000000,0.000000,0.800000,1.000000,0.260862,0.000000
79.085010,4.000000,2160.646240,2.613297,702.490886,0.008924,0.000000,45.734898,39.161148,40.834645,-3.201693,0.190777,-3.909209,0.150619,0.410798,-1.496553,-54.693043,-0.189278,-0.014888,-0.154168,1.000000,0.999997,-0.785839,102530.015625,0.967351,1.000000,1.000000,1.000000,1.000000,1.000000,1.000000,0.000000,0.800000,1.000000,0.259115,0.000000
79.137836,4.000000,2161.752686,2.612518,702.498854,0.013685,0.000000,45.378735,38.639915,40.291124,-3.244922,0.189939,-3.957863,0.150870,0.417033,-1.496553,-54.722019,-0.172200,-0.009690,-0.144159,1.000000,0.999997,-0.836232,102530.015625,0.962227,1.000000,1.000000,1.000000,1.000000,1.000000,1.000000,0.000000,0.800000,1.000000,0.257664,0.000000
79.194275,4.000000,2162.875732,2.611687,702.507286,0.020765,0.000000,44.995052,38.120945,39.749990,-3.291995,0.184935,-4.002990,0.148579,0.416291,-1.496553,-54.751427,-0.166256,-0.005791,-0.123610,1.000000,0.999997,-0.818891,102530.015625,0.957521,1.000000,1.000000,1.000000,1.000000,1.000000,1.000000,0.000000,0.800000,1.000000,0.253449,0.000000
79.253417,4.000000,2164.053467,2.610690,702.515771,0.028455,0.000000,44.588417,37.603424,39.210451,-3.338526,0.177196,-4.029103,0.140462,0.398964,-1.496553,-54.782265,-0.169319,-0.002479,-0.095720,1.000000,0.999997,-0.752558,102530.015625,0.949388,1.000000,1.000000,1.000000,1.000000,1.000000,1.000000,0.000000,0.800000,1.000000,0.242825,0.000000
79.304614,4.000000,2165.053711,2.609783,702.522600,0.029737,0.000000,44.232349,37.181683,38.770816,-3.375127,0.168430,-4.042239,0.130923,0.376087,-1.496553,-54.808456,-0.176214,0.000802,-0.068929,1.000000,0.999997,-0.676869,102530.015625,0.951259,1.000000,1.000000,1.000000,1.000000,1.000000,1.000000,0.000000,0.800000,1.000000,0.231909,0.000000
79.359894,4.000000,2166.225098,2.608756,702.529386,0.030591,0.000000,43.843971,36.706436,38.275393,-3.410113,0.157232,-4.046845,0.118480,0.344749,-1.496553,-54.839130,-0.185391,0.003698,-0.039464,1.000000,0.999997,-0.592347,102530.015625,0.947445,1.000000,1.000000,1.000000,1.000000,1.000000,1.000000,0.000000,0.800000,1.000000,0.218706,0.000000
79.414476,4.000000,2167.279541,2.607965,702.535449,0.031446,0.000000,43.456562,36.289783,37.841056,-3.440030,0.144022,-4.048142,0.107379,0.316036,-1.496553,-54.866745,-0.194760,0.008179,-0.012862,1.000000,0.999997,-0.514294,102530.015625,0.949680,1.000000,1.000000,1.000000,1.000000,1.000000,1.000000,0.000000,0.800000,1.000000,0.206455,0.000000
79.468632,4.000000,2168.335205,2.607366,702.540936,0.031812,0.000000,43.068722,35.864017,37.397180,-3.466279,0.128239,-4.053441,0.098572,0.293559,-1.496553,-54.894386,-0.199910,0.011342,0.009068,1.000000,0.999997,-0.465013,102530.015625,0.955779,1.000000,1.000000,1.000000,1.000000,1.000000,1.000000,0.000000,0.800000,1.000000,0.196984,0.000000
79.522496,4.000000,2169.363281,2.606997,702.546015,0.034986,0.000000,42.679825,35.426563,36.941080,-3.490701,0.112483,-4.063437,0.092307,0.278297,-1.496553,-54.921307,-0.199492,0.011401,0.025245,1.000000,0.999997,-0.448931,102530.015625,0.959106,1.000000,1.000000,1.000000,1.000000,1.000000,1.000000,0.000000,0.800000,1.000000,0.189758,0.000000
79.577903,4.000000,2170.395508,2.606867,702.550997,0.037611,0.000000,42.276508,34.956787,36.451252,-3.515696,0.097510,-4.084490,0.089240,0.272663,-1.496553,-54.948338,-0.194416,0.011213,0.033994,1.000000,0.999997,-0.457663,102530.015625,0.965149,1.000000,1.000000,1.000000,1.000000,1.000000,1.000000,0.000000,0.800000,1.000000,0.185869,0.000000
79.632996,4.000000,2171.424805,2.606952,702.555232,0.039686,0.000000,41.872131,34.466370,35.940053,-3.540667,0.073847,-4.027564,0.065071,0.201647,-1.496553,-54.975292,-0.193836,0.035051,0.027371,1.000000,0.999997,-0.439113,102530.015625,0.912820,1.000000,1.000000,1.000000,1.000000,1.000000,1.000000,0.000000,0.800000,1.000000,0.156863,0.000000
79.687888,4.000000,2172.434814,2.606998,702.557229,0.042066,0.000000,41.465675,33.973942,35.426778,-3.562998,0.044188,-3.899872,0.018084,0.056852,-1.496553,-55.001740,-0.203023,0.021600,0.020464,1.000000,0.999997,-0.362434,102530.015625,0.887910,1.000000,1.000000,1.000000,1.000000,1.000000,1.000000,0.000000,0.800000,1.000000,0.106986,0.000000
79.738029,4.000000,2173.331543,2.606992,702.557079,0.042371,0.000000,41.091175,33.523952,34.957557,-3.579116,0.031237,-3.830173,-0.011216,-0.035734,-1.496553,-55.025223,-0.211558,0.008773,0.015911,1.000000,0.999997,-0.290987,102530.015625,0.923580,1.000000,1.000000,1.000000,1.000000,1.000000,1.000000,0.000000,0.800000,1.000000,0.078655,0.000000
79.792368,4.000000,2174.308105,2.607020,702.555838,0.039136,0.000000,40.681915,33.006184,34.417606,-3.593527,0.026580,-3.795018,-0.027701,-0.089640,-1.496553,-55.050793,-0.215286,0.001807,0.009942,1.000000,0.999997,-0.245688,102530.015625,0.940659,1.000000,1.000000,1.000000,1.000000,1.000000,1.000000,0.000000,0.800000,1.000000,0.062151,0.000000
79.846891,4.000000,2175.253906,2.607086,702.553985,0.035230,0.000000,40.267197,32.486225,33.875382,-3.606213,0.025412,-3.778513,-0.036625,-0.120413,-1.496553,-55.075562,-0.215757,-0.000408,0.003835,1.000000,0.999997,-0.220040,102530.015625,0.949584,1.000000,1.000000,1.000000,1.000000,1.000000,1.000000,0.000000,0.800000,1.000000,0.052297,0.000000
79.901534,4.000000,2176.204834,2.607141,702.551771,0.034986,0.000000,39.847130,31.948750,33.314887,-3.617799,0.026083,-3.769683,-0.042294,-0.141393,-1.496553,-55.100460,-0.214449,-0.002365,-0.000893,1.000000,0.999997,-0.205906,102530.015625,0.949771,1.000000,1.000000,1.000000,1.000000,1.000000,1.000000,0.000000,0.800000,1.000000,0.045340,0.000000
79.956844,4.000000,2177.140869,2.607141,702.549283,0.031873,0.000000,39.417057,31.410355,32.753447,-3.628758,0.028498,-3.768316,-0.045746,-0.155553,-1.496553,-55.124973,-0.213102,-0.004614,-0.003817,1.000000,0.999997,-0.193230,102530.015625,0.958582,1.000000,1.000000,1.000000,1.000000,1.000000,1.000000,0.000000,0.800000,1.000000,0.040955,0.000000
80.012657,4.000000,2178.064697,2.607064,702.546740,0.029371,0.000000,38.977890,30.865164,32.184940,-3.639405,0.032410,-3.780932,-0.044919,-0.155438,-1.496553,-55.149162,-0.210909,-0.006151,-0.006302,1.000000,0.999997,-0.186782,102530.015625,0.966727,1.000000,1.000000,1.000000,1.000000,1.000000,1.000000,0.000000,0.800000,1.000000,0.040804,0.000000
80.068190,4.000000,2178.975098,2.606897,702.544388,0.031141,0.000000,38.535622,30.314400,31.610638,-3.649404,0.037917,-3.803371,-0.040832,-0.143863,-1.496553,-55.173004,-0.210988,-0.008748,-0.007280,1.000000,0.999997,-0.170719,102530.015625,0.970510,1.000000,1.000000,1.000000,1.000000,1.000000,1.000000,0.000000,0.800000,1.000000,0.043599,0.000000
80.124661,4.000000,2179.883545,2.606645,702.542249,0.035230,0.000000,38.080265,29.758877,31.031377,-3.658340,0.045335,-3.823391,-0.036585,-0.131307,-1.496553,-55.196793,-0.213681,-0.010435,-0.008039,1.000000,0.999997,-0.144171,102530.015625,0.963235,1.000000,1.000000,1.000000,1.000000,1.000000,1.000000,0.000000,0.800000,1.000000,0.045877,0.000000
80.180755,4.000000,2180.770264,2.606320,702.540197,0.036939,0.000000,37.622448,29.211756,30.460850,-3.665529,0.052996,-3.824858,-0.036982,-0.135216,-1.496553,-55.220009,-0.217559,-0.010755,-0.008468,1.000000,0.999997,-0.115300,102530.015625,0.955641,1.000000,1.000000,1.000000,1.000000,1.000000,1.000000,0.000000,0.800000,1.000000,0.043473,0.000000
80.230879,4.000000,2181.538330,2.605965,702.538272,0.038587,0.000000,37.208740,28.730547,29.959052,-3.670643,0.059618,-3.820359,-0.038927,-0.144713,-1.496553,-55.240124,-0.220930,-0.010488,-0.008629,1.000000,0.999997,-0.092477,102530.015625,0.955994,1.000000,1.000000,1.000000,1.000000,1.000000,1.000000,0.000000,0.800000,1.000000,0.040165,0.000000
80.286516,4.000000,2182.396240,2.605471,702.536011,0.038160,0.000000,36.744762,28.182432,29.387479,-3.675019,0.065927,-3.812157,-0.041540,-0.157431,-1.496553,-55.262589,-0.224802,-0.009726,-0.008712,1.000000,0.999997,-0.068662,102530.015625,0.955405,1.000000,1.000000,1.000000,1.000000,1.000000,1.000000,0.000000,0.800000,1.000000,0.036094,0.000000
80.342786,4.000000,2183.232178,2.604872,702.533604,0.037000,0.000000,36.270439,27.636337,28.818021,-3.678303,0.070927,-3.806659,-0.043199,-0.166953,-1.496553,-55.284477,-0.227900,-0.008189,-0.008742,1.000000,0.999997,-0.051093,102530.015625,0.959839,1.000000,1.000000,1.000000,1.000000,1.000000,1.000000,0.000000,0.800000,1.000000,0.033125,0.000000
80.397824,4.000000,2184.040039,2.604157,702.531201,0.037427,0.000000,35.801918,27.101730,28.260540,-3.680727,0.074366,-3.803075,-0.043890,-0.172970,-1.496553,-55.305634,-0.230304,-0.007132,-0.008597,1.000000,0.999997,-0.039053,102530.015625,0.958999,1.000000,1.000000,1.000000,1.000000,1.000000,1.000000,0.000000,0.800000,1.000000,0.030964,0.000000
80.449259,4.000000,2184.727051,2.603430,702.528920,0.035779,0.000000,35.359745,26.637501,27.776451,-3.682426,0.076769,-3.798915,-0.044473,-0.178319,-1.496553,-55.323624,-0.232809,-0.006649,-0.008380,1.000000,0.999997,-0.027656,102530.015625,0.959647,1.000000,1.000000,1.000000,1.000000,1.000000,1.000000,0.000000,0.800000,1.000000,0.028937,0.000000
80.503790,4.000000,2185.551758,2.602404,702.526437,0.034681,0.000000,34.887367,26.072941,27.187731,-3.683745,0.079184,-3.789858,-0.046128,-0.188961,-1.496553,-55.345219,-0.234886,-0.007096,-0.007495,1.000000,0.999997,-0.019733,102530.015625,0.958474,1.000000,1.000000,1.000000,1.000000,1.000000,1.000000,0.000000,0.800000,1.000000,0.025838,0.000000
80.559982,4.000000,2186.324463,2.601309,702.523837,0.032362,0.000000,34.396484,25.537224,26.629103,-3.684535,0.082044,-3.788549,-0.045967,-0.192251,-1.496553,-55.365452,-0.237949,-0.007499,-0.005398,1.000000,0.999997,-0.007615,102530.015625,0.963616,1.000000,1.000000,1.000000,1.000000,1.000000,1.000000,0.000000,0.800000,1.000000,0.024803,0.000000
80.613458,4.000000,2187.049805,2.600191,702.521430,0.031385,0.000000,33.925999,25.037365,26.107875,-3.684118,0.084640,-3.791676,-0.044364,-0.189252,-1.496553,-55.384445,-0.245154,-0.007156,-0.002030,1.000000,0.999997,0.024938,102530.015625,0.966359,1.000000,1.000000,1.000000,1.000000,1.000000,1.000000,0.000000,0.800000,1.000000,0.025149,0.000000
80.667637,4.000000,2187.767822,2.599022,702.519077,0.029920,0.000000,33.446247,24.555325,25.605222,-3.681527,0.086634,-3.790989,-0.042984,-0.186964,-1.496553,-55.403248,-0.255177,-0.006219,0.004190,1.000000,0.999997,0.068356,102530.015625,0.966476,1.000000,1.000000,1.000000,1.000000,1.000000,1.000000,0.000000,0.800000,1.000000,0.025100,0.000000
80.723745,4.000000,2188.504150,2.597797,702.516675,0.030164,0.000000,32.947155,24.081701,25.111340,-3.676265,0.087563,-3.779583,-0.043148,-0.191368,-1.496553,-55.422531,-0.267084,-0.004593,0.013421,1.000000,0.999997,0.116652,102530.015625,0.963017,1.000000,1.000000,1.000000,1.000000,1.000000,1.000000,0.000000,0.800000,1.000000,0.023237,0.000000
80.776094,4.000000,2189.169678,2.596706,702.514332,0.030714,0.000000,32.479824,23.673977,24.686155,-3.668899,0.086632,-3.757272,-0.045626,-0.205846,-1.496553,-55.439957,-0.278766,-0.001883,0.024026,1.000000,0.999997,0.160761,102530.015625,0.962796,1.000000,1.000000,1.000000,1.000000,1.000000,1.000000,0.000000,0.800000,1.000000,0.019532,0.000000
80.832182,4.000000,2189.861816,2.595613,702.511643,0.029920,0.000000,31.978321,23.264643,24.259288,-3.658525,0.083241,-3.726046,-0.049195,-0.225854,-1.496553,-55.458080,-0.291357,0.001063,0.035633,1.000000,0.999997,0.204630,102530.015625,0.962622,1.000000,1.000000,1.000000,1.000000,1.000000,1.000000,0.000000,0.800000,1.000000,0.014652,0.000000
80.887625,4.000000,2190.555908,2.594573,702.508774,0.028455,0.000000,31.483137,22.861563,23.838934,-3.645972,0.077516,-3.692190,-0.053014,-0.247678,-1.496553,-55.476257,-0.302991,0.004294,0.045414,1.000000,0.999997,0.240174,102530.015625,0.964085,1.000000,1.000000,1.000000,1.000000,1.000000,1.000000,0.000000,0.800000,1.000000,0.009846,0.000000
80.948514,4.000000,2191.241211,2.593582,702.505417,0.029859,0.000000,30.940615,22.454670,23.414608,-3.630726,0.068504,-3.657563,-0.055981,-0.266276,-1.496553,-55.494202,-0.311618,0.007162,0.052450,1.000000,0.999997,0.254143,102530.015625,0.965664,1.000000,1.000000,1.000000,1.000000,1.000000,1.000000,0.000000,0.800000,1.000000,0.005594,0.000000
81.004458,4.000000,2191.956787,2.592542,702.502233,0.030958,0.000000,30.445078,22.001554,22.942100,-3.616950,0.059073,-3.636236,-0.056948,-0.276457,-1.496553,-55.512939,-0.313816,0.008192,0.054361,1.000000,0.999997,0.235582,102530.015625,0.968298,1.000000,1.000000,1.000000,1.000000,1.000000,1.000000,0.000000,0.800000,1.000000,0.003935,0.000000
81.058977,4.000000,2192.591553,2.591573,702.499136,0.031141,0.000000,29.964849,21.564785,22.486647,-3.605138,0.049867,-3.621117,-0.056598,-0.280324,-1.496553,-55.529560,-0.311396,0.008367,0.050895,1.000000,0.999997,0.194348,102530.015625,0.968296,1.000000,1.000000,1.000000,1.000000,1.000000,1.000000,0.000000,0.800000,1.000000,0.003191,0.000000
81.115970,4.000000,2193.236816,2.590485,702.496006,0.033460,0.000000,29.465340,21.065882,21.966427,-3.596173,0.041016,-3.623268,-0.053567,-0.271595,-1.496553,-55.546459,-0.302425,0.007307,0.040348,1.000000,0.999997,0.120293,102530.015625,0.971623,1.000000,1.000000,1.000000,1.000000,1.000000,1.000000,0.000000,0.800000,1.000000,0.005305,0.000000
81.170913,4.000000,2193.855957,2.589266,702.493269,0.034254,0.000000,28.985863,20.520124,21.397377,-3.592287,0.034659,-3.645127,-0.047503,-0.247252,-1.496553,-55.562672,-0.289698,0.004325,0.024244,1.000000,0.999997,0.032515,102530.015625,0.973201,1.000000,1.000000,1.000000,1.000000,1.000000,1.000000,0.000000,0.800000,1.000000,0.010101,0.000000
81.225241,4.000000,2194.444580,2.587853,702.490938,0.037366,0.000000,28.512642,19.976479,20.830533,-3.592074,0.030725,-3.675649,-0.040467,-0.216365,-1.496553,-55.578087,-0.283392,0.002049,0.011967,1.000000,0.999997,-0.015679,102530.015625,0.971823,1.000000,1.000000,1.000000,1.000000,1.000000,1.000000,0.000000,0.800000,1.000000,0.015566,0.000000
81.278631,4.000000,2195.007568,2.586199,702.488953,0.039625,0.000000,28.047600,19.445686,20.277068,-3.593606,0.028790,-3.694706,-0.035810,-0.196692,-1.496553,-55.592827,-0.281513,0.000148,0.004275,1.000000,0.999997,-0.038063,102530.015625,0.965614,1.000000,1.000000,1.000000,1.000000,1.000000,1.000000,0.000000,0.800000,1.000000,0.018334,0.000000
81.333762,4.000000,2195.569092,2.584227,702.487042,0.041273,0.000000,27.566540,18.902472,19.710636,-3.596063,0.028129,-3.700415,-0.034147,-0.192944,-1.496553,-55.607533,-0.282080,-0.001281,-0.000576,1.000000,0.999997,-0.046426,102530.015625,0.963474,1.000000,1.000000,1.000000,1.000000,1.000000,1.000000,0.000000,0.800000,1.000000,0.018393,0.000000
81.387134,4.000000,2196.104248,2.582057,702.485283,0.044752,0.000000,27.099712,18.373779,19.159345,-3.598356,0.028578,-3.708833,-0.032195,-0.184463,-1.496553,-55.621544,-0.285542,-0.002259,-0.004137,1.000000,0.999997,-0.038768,102530.015625,0.963955,1.000000,1.000000,1.000000,1.000000,1.000000,1.000000,0.000000,0.800000,1.000000,0.018932,0.000000
81.440576,4.000000,2196.624023,2.579693,702.483603,0.045606,0.000000,26.630695,17.853857,18.617190,-3.600039,0.029491,-3.710206,-0.031174,-0.178615,-1.496553,-55.635155,-0.290553,-0.002696,-0.007408,1.000000,0.999997,-0.024132,102530.015625,0.961849,1.000000,1.000000,1.000000,1.000000,1.000000,1.000000,0.000000,0.800000,1.000000,0.018348,0.000000
81.494505,4.000000,2197.129883,2.577155,702.481912,0.047681,0.000000,26.155613,17.342768,18.084244,-3.600863,0.030664,-3.702384,-0.031577,-0.180920,-1.496553,-55.648403,-0.296076,-0.002945,-0.010858,1.000000,0.999997,-0.008251,102530.015625,0.961327,1.000000,1.000000,1.000000,1.000000,1.000000,1.000000,0.000000,0.800000,1.000000,0.016423,0.000000
81.548057,4.000000,2197.618408,2.574481,702.480197,0.048841,0.000000,25.682119,16.842678,17.562757,-3.600862,0.031756,-3.692719,-0.032215,-0.184576,-1.496553,-55.661194,-0.301561,-0.003103,-0.014826,1.000000,0.999997,0.006447,102530.015625,0.961670,1.000000,1.000000,1.000000,1.000000,1.000000,1.000000,0.000000,0.800000,1.000000,0.014432,0.000000
81.601884,4.000000,2198.096924,2.571644,702.478448,0.047437,0.000000,25.204529,16.350674,17.049710,-3.599934,0.033113,-3.683269,-0.032607,-0.186825,-1.496553,-55.673725,-0.308424,-0.003639,-0.018656,1.000000,0.999997,0.027335,102530.015625,0.963672,1.000000,1.000000,1.000000,1.000000,1.000000,1.000000,0.000000,0.800000,1.000000,0.012713,0.000000
81.655778,4.000000,2198.560791,2.568690,702.476676,0.044935,0.000000,24.724895,15.870216,16.548700,-3.597953,0.034728,-3.672548,-0.032989,-0.189011,-1.496553,-55.685871,-0.314974,-0.003977,-0.022821,1.000000,0.999997,0.044780,102530.015625,0.965018,1.000000,1.000000,1.000000,1.000000,1.000000,1.000000,0.000000,0.800000,1.000000,0.011048,0.000000
81.708632,4.000000,2199.003906,2.565679,702.474929,0.042799,0.000000,24.253466,15.409065,16.067820,-3.595115,0.036309,-3.662647,-0.033044,-0.189328,-1.496553,-55.697475,-0.321629,-0.004119,-0.027066,1.000000,0.999997,0.061641,102530.015625,0.964484,1.000000,1.000000,1.000000,1.000000,1.000000,1.000000,0.000000,0.800000,1.000000,0.009714,0.000000
81.762246,4.000000,2199.439941,2.562531,702.473141,0.040540,0.000000,23.774450,14.951942,15.591146,-3.591342,0.037888,-3.647804,-0.033570,-0.192342,-1.496553,-55.708893,-0.328526,-0.004218,-0.031341,1.000000,0.999997,0.078017,102530.015625,0.965259,1.000000,1.000000,1.000000,1.000000,1.000000,1.000000,0.000000,0.800000,1.000000,0.007885,0.000000
81.815197,4.000000,2199.856934,2.559349,702.471349,0.037183,0.000000,23.301039,14.511525,15.131890,-3.586715,0.039284,-3.633844,-0.033914,-0.194313,-1.496553,-55.719814,-0.335719,-0.004026,-0.035504,1.000000,0.999997,0.094827,102530.015625,0.966440,1.000000,1.000000,1.000000,1.000000,1.000000,1.000000,0.000000,0.800000,1.000000,0.006392,0.000000
81.868684,4.000000,2200.263916,2.556072,702.469542,0.036939,0.000000,22.822887,14.075822,14.677550,-3.581281,0.040309,-3.624493,-0.033549,-0.192221,-1.496553,-55.730469,-0.342153,-0.003675,-0.039437,1.000000,0.999997,0.105704,102530.015625,0.969054,1.000000,1.000000,1.000000,1.000000,1.000000,1.000000,0.000000,0.800000,1.000000,0.005688,0.000000
81.922308,4.000000,2200.663086,2.552691,702.467783,0.036085,0.000000,22.344019,13.631241,14.213967,-3.575595,0.040537,-3.620543,-0.032346,-0.185329,-1.496553,-55.740921,-0.346648,-0.002388,-0.040890,1.000000,0.999997,0.104804,102530.015625,0.969085,1.000000,1.000000,1.000000,1.000000,1.000000,1.000000,0.000000,0.800000,1.000000,0.005731,0.000000
81.976084,4.000000,2201.049805,2.549256,702.466099,0.034742,0.000000,21.864578,13.172193,13.735296,-3.570384,0.039204,-3.620993,-0.030668,-0.175713,-1.496553,-55.751049,-0.348009,-0.000144,-0.038430,1.000000,0.999997,0.086577,102530.015625,0.969396,1.000000,1.000000,1.000000,1.000000,1.000000,1.000000,0.000000,0.800000,1.000000,0.006234,0.000000
82.030065,4.000000,2201.420898,2.545826,702.464551,0.033826,0.000000,21.384140,12.685132,13.227431,-3.566896,0.035730,-3.638948,-0.027328,-0.156577,-1.496553,-55.760765,-0.344438,0.002743,-0.031801,1.000000,0.999997,0.042850,102530.015625,0.971108,1.000000,1.000000,1.000000,1.000000,1.000000,1.000000,0.000000,0.800000,1.000000,0.008531,0.000000
82.081641,4.000000,2201.761963,2.542583,702.463319,0.033033,0.000000,20.925329,12.181967,12.702784,-3.566186,0.030073,-3.677247,-0.022038,-0.126269,-1.496553,-55.769699,-0.338645,0.005904,-0.022040,1.000000,0.999997,-0.009297,102530.015625,0.972693,1.000000,1.000000,1.000000,1.000000,1.000000,1.000000,0.000000,0.800000,1.000000,0.012609,0.000000
82.136917,4.000000,2202.116455,2.539184,702.462321,0.032667,0.000000,20.433796,11.632157,12.129496,-3.567634,0.022054,-3.723286,-0.016081,-0.092135,-1.496553,-55.778980,-0.336992,0.008217,-0.014989,1.000000,0.999997,-0.037964,102530.015625,0.970089,1.000000,1.000000,1.000000,1.000000,1.000000,1.000000,0.000000,0.800000,1.000000,0.016865,0.000000
82.192346,4.000000,2202.454102,2.535963,702.461609,0.033094,0.000000,19.940250,11.082037,11.555873,-3.570309,0.012952,-3.765646,-0.011137,-0.063808,-1.496553,-55.787823,-0.336985,0.009505,-0.011406,1.000000,0.999997,-0.055588,102530.015625,0.969126,1.000000,1.000000,1.000000,1.000000,1.000000,1.000000,0.000000,0.800000,1.000000,0.020155,0.000000
82.246007,4.000000,2202.762939,2.533046,702.461134,0.033887,0.000000,19.461535,10.565690,11.017458,-3.573266,0.003720,-3.793214,-0.007912,-0.045334,-1.496553,-55.795910,-0.341086,0.010599,-0.006871,1.000000,0.999997,-0.049151,102530.015625,0.965534,1.000000,1.000000,1.000000,1.000000,1.000000,1.000000,0.000000,0.800000,1.000000,0.021628,0.000000
82.300136,4.000000,2203.062256,2.530271,702.460726,0.035108,0.000000,18.977448,10.075318,10.506118,-3.575041,-0.006258,-3.790193,-0.007634,-0.043741,-1.496553,-55.803745,-0.350649,0.012291,-0.000224,1.000000,0.999997,-0.014594,102530.015625,0.962992,1.000000,1.000000,1.000000,1.000000,1.000000,1.000000,0.000000,0.800000,1.000000,0.020176,0.000000
82.352162,4.000000,2203.335693,2.527803,702.460260,0.035474,0.000000,18.510796,9.633414,10.045310,-3.574658,-0.016582,-3.758974,-0.009807,-0.056188,-1.496553,-55.810905,-0.362203,0.013634,0.007396,1.000000,0.999997,0.028088,102530.015625,0.961394,1.000000,1.000000,1.000000,1.000000,1.000000,1.000000,0.000000,0.800000,1.000000,0.016523,0.000000
82.407955,4.000000,2203.614258,2.525394,702.459575,0.035657,0.000000,18.010368,9.184628,9.577315,-3.571814,-0.027973,-3.704109,-0.013630,-0.078095,-1.496553,-55.818203,-0.374362,0.014472,0.014144,1.000000,0.999997,0.068447,102530.015625,0.959990,1.000000,1.000000,1.000000,1.000000,1.000000,1.000000,0.000000,0.800000,1.000000,0.011298,0.000000
82.461153,4.000000,2203.873047,2.523269,702.458712,0.035779,0.000000,17.533537,8.748490,9.122503,-3.567566,-0.038310,-3.646731,-0.017473,-0.100111,-1.496553,-55.824978,-0.382094,0.014035,0.016618,1.000000,0.999997,0.084278,102530.015625,0.961682,1.000000,1.000000,1.000000,1.000000,1.000000,1.000000,0.000000,0.800000,1.000000,0.006437,0.000000
82.515855,4.000000,2204.119629,2.521344,702.457682,0.034986,0.000000,17.043770,8.287992,8.642298,-3.563226,-0.047471,-3.610778,-0.019244,-0.110259,-1.496553,-55.831436,-0.384273,0.012474,0.014703,1.000000,0.999997,0.069802,102530.015625,0.963737,1.000000,1.000000,1.000000,1.000000,1.000000,1.000000,0.000000,0.800000,1.000000,0.003656,0.000000
82.571373,4.000000,2204.359131,2.519553,702.456636,0.034070,0.000000,16.547409,7.769949,8.102104,-3.560652,-0.054341,-3.609609,-0.018280,-0.104738,-1.496553,-55.837708,-0.379258,0.009570,0.006562,1.000000,0.999997,0.018312,102530.015625,0.965458,1.000000,1.000000,1.000000,1.000000,1.000000,1.000000,0.000000,0.800000,1.000000,0.003525,0.000000
82.624454,4.000000,2204.573242,2.517977,702.455781,0.033826,0.000000,16.073317,7.239741,7.549248,-3.561123,-0.058121,-3.646009,-0.014788,-0.084729,-1.496553,-55.843315,-0.374287,0.006876,-0.001366,1.000000,0.999997,-0.027780,102530.015625,0.969266,1.000000,1.000000,1.000000,1.000000,1.000000,1.000000,0.000000,0.800000,1.000000,0.005699,0.000000
82.678545,4.000000,2204.772705,2.516503,702.455125,0.034620,0.000000,15.589954,6.709294,6.996145,-3.563538,-0.060068,-3.697995,-0.010689,-0.061241,-1.496553,-55.848537,-0.372303,0.005262,-0.006204,1.000000,0.999997,-0.055730,102530.015625,0.968927,1.000000,1.000000,1.000000,1.000000,1.000000,1.000000,0.000000,0.800000,1.000000,0.008354,0.000000
82.733306,4.000000,2204.961182,2.515089,702.454680,0.035291,0.000000,15.099803,6.168108,6.431835,-3.567042,-0.061031,-3.750699,-0.006907,-0.039573,-1.496553,-55.853474,-0.373367,0.004581,-0.009152,1.000000,0.999997,-0.065815,102530.015625,0.966821,1.000000,1.000000,1.000000,1.000000,1.000000,1.000000,0.000000,0.800000,1.000000,0.010486,0.000000
82.787683,4.000000,2205.133789,2.513759,702.454397,0.036207,0.000000,14.612016,5.639166,5.880283,-3.570571,-0.061555,-3.787542,-0.004424,-0.025345,-1.496553,-55.857990,-0.377061,0.004243,-0.012249,1.000000,0.999997,-0.061007,102530.015625,0.965143,1.000000,1.000000,1.000000,1.000000,1.000000,1.000000,0.000000,0.800000,1.000000,0.011325,0.000000
82.842177,4.000000,2205.290527,2.512497,702.454193,0.036939,0.000000,14.121920,5.134693,5.354242,-3.573367,-0.061853,-3.796590,-0.003545,-0.020312,-1.496553,-55.862095,-0.384025,0.003918,-0.016800,1.000000,0.999997,-0.039298,102530.015625,0.963833,1.000000,1.000000,1.000000,1.000000,1.000000,1.000000,0.000000,0.800000,1.000000,0.010604,0.000000
82.893572,4.000000,2205.417725,2.511406,702.453991,0.037305,0.000000,13.658396,4.709206,4.910558,-3.574599,-0.062010,-3.771960,-0.004171,-0.023896,-1.496553,-55.865429,-0.392394,0.003889,-0.020781,1.000000,0.999997,-0.011228,102530.015625,0.963541,1.000000,1.000000,1.000000,1.000000,1.000000,1.000000,0.000000,0.800000,1.000000,0.008543,0.000000
82.949337,4.000000,2205.555664,2.510125,702.453711,0.037488,0.000000,13.155016,4.206178,4.386016,-3.574669,-0.062480,-3.730670,-0.005399,-0.030931,-1.496553,-55.869038,-0.399603,0.004515,-0.022930,1.000000,0.999997,0.006665,102530.015625,0.963719,1.000000,1.000000,1.000000,1.000000,1.000000,1.000000,0.000000,0.800000,1.000000,0.006043,0.000000
83.004695,4.000000,2205.672119,2.508941,702.453382,0.037611,0.000000,12.655034,3.727295,3.886651,-3.574111,-0.063785,-3.692553,-0.006143,-0.035195,-1.496553,-55.872089,-0.404467,0.005667,-0.022989,1.000000,0.999997,0.010706,102530.015625,0.964646,1.000000,1.000000,1.000000,1.000000,1.000000,1.000000,0.000000,0.800000,1.000000,0.004049,0.000000
83.058061,4.000000,2205.773682,2.507807,702.453052,0.037672,0.000000,12.173090,3.240262,3.378790,-3.573751,-0.066127,-3.671008,-0.006096,-0.034929,-1.496553,-55.874748,-0.406633,0.007129,-0.020817,1.000000,0.999997,0.001214,102530.015625,0.965528,1.000000,1.000000,1.000000,1.000000,1.000000,1.000000,0.000000,0.800000,1.000000,0.002888,0.000000
83.111627,4.000000,2205.858398,2.506766,702.452759,0.037366,0.000000,11.689359,2.748100,2.865588,-3.574315,-0.069619,-3.684591,-0.005004,-0.028671,-1.496553,-55.876968,-0.405708,0.008635,-0.017651,1.000000,0.999997,-0.023962,102530.015625,0.965389,1.000000,1.000000,1.000000,1.000000,1.000000,1.000000,0.000000,0.800000,1.000000,0.002759,0.000000
83.168085,4.000000,2205.931152,2.505774,702.452570,0.037183,0.000000,11.179133,2.208831,2.303273,-3.576800,-0.074419,-3.782493,-0.002356,-0.013498,-1.496553,-55.878872,-0.402752,0.010033,-0.014322,1.000000,0.999997,-0.058487,102530.015625,0.968437,1.000000,1.000000,1.000000,1.000000,1.000000,1.000000,0.000000,0.800000,1.000000,0.004091,0.000000
83.222630,4.000000,2205.988281,2.504895,702.452523,0.037122,0.000000,10.685408,1.742903,1.817427,-3.578350,-0.079355,-3.572294,-0.000699,-0.004008,-1.496553,-55.880367,-0.432453,0.011004,-0.012211,1.000000,0.999997,0.087345,102530.015625,1.034878,1.000000,1.000000,1.000000,1.000000,1.000000,1.000000,0.000000,0.800000,1.000000,0.003891,0.000000
83.276520,4.000000,2206.033447,2.504102,702.452307,0.036817,0.000000,10.197960,1.364284,1.422581,-3.574461,-0.083999,-2.384003,-0.005348,-0.030640,-1.496553,-55.881550,-0.436324,0.009607,-0.014695,1.000000,0.999997,0.081092,102530.015625,0.966415,1.000000,1.000000,1.000000,1.000000,1.000000,1.000000,0.000000,0.800000,1.000000,-0.002148,0.000000
83.329485,4.000000,2206.065918,2.503381,702.451913,0.036390,0.000000,9.720218,0.962308,1.003325,-3.569673,-0.087685,-1.385518,-0.008328,-0.047718,-1.496553,-55.882401,-0.444382,0.009289,-0.016092,1.000000,0.999997,0.098277,102530.015625,0.968582,1.000000,1.000000,1.000000,1.000000,1.000000,1.000000,0.000000,0.800000,1.000000,-0.006063,0.000000
